from,relation,to
entity:artifact:1:ld1-1643381040022-1643381041048-0,accessionNumber,saam_1952.13.56
entity:artifact:1:ld1-1643381040022-1643381041076-1,accessionNumber,saam_1966.111.19
entity:artifact:1:ld1-1643381040022-1643381042241-1,accessionNumber,saam_1929.6.10
entity:artifact:1:ld1-1643381040022-1643381046516-1,accessionNumber,saam_1983.90.64
entity:artifact:1:ld1-1643381040022-1643381046517-0,accessionNumber,saam_1983.90.63
entity:artifact:1:ld1-1643381040022-1643381049778-0,accessionNumber,saam_1974.85.49
entity:artifact:1:ld1-1643381040022-1643381049778-1,accessionNumber,saam_1974.85.66
entity:artifact:1:ld1-1643381040022-1643381049779-0,accessionNumber,saam_1974.85.45
entity:artifact:1:ld1-1643381040022-1643381049779-1,accessionNumber,saam_1974.85.46
entity:artifact:1:ld1-1643381040022-1643381049780-0,accessionNumber,saam_1974.85.55
entity:artifact:1:ld1-1643381040022-1643381049785-0,accessionNumber,saam_1974.85.64
entity:artifact:1:ld1-1643381040022-1643381051352-0,accessionNumber,saam_1985.66.153_283
entity:artifact:1:ld1-1643381040022-1643381053046-1,accessionNumber,saam_1971.439.38
entity:artifact:1:ld1-1643381040022-1643381054060-0,accessionNumber,saam_1929.6.103
entity:artifact:1:ld1-1643381040022-1643381054509-0,accessionNumber,saam_1985.66.165_718
entity:artifact:1:ld1-1643381040022-1643381055993-0,accessionNumber,saam_1978.108.10
entity:artifact:1:ld1-1643381040022-1643381057843-0,accessionNumber,saam_1973.130.186
entity:artifact:1:ld1-1643381040022-1643381057909-1,accessionNumber,saam_1972.153
entity:artifact:1:ld1-1643381040022-1643381058884-1,accessionNumber,saam_1929.8.559.1
entity:artifact:1:ld1-1643381040022-1643381058893-0,accessionNumber,saam_1935.8.11
entity:artifact:1:ld1-1643381040022-1643381058911-1,accessionNumber,saam_1939.4.216
entity:artifact:1:ld1-1643381040022-1643381058913-0,accessionNumber,saam_1939.4.219
entity:artifact:1:ld1-1643381040022-1643381058914-1,accessionNumber,saam_1939.4.1006
entity:artifact:1:ld1-1643381040022-1643381058918-1,accessionNumber,saam_1939.4.1013
entity:artifact:1:ld1-1643381040022-1643381058919-0,accessionNumber,saam_1939.4.1015
entity:artifact:1:ld1-1643381040022-1643381058925-0,accessionNumber,saam_1939.4.1026
entity:artifact:1:ld1-1643381040022-1643381058946-1,accessionNumber,saam_1956.6.33
entity:artifact:1:ld1-1643381040022-1643381059066-0,accessionNumber,saam_1959.16.3
entity:artifact:1:ld1-1643381040022-1643381059156-0,accessionNumber,saam_1929.8.311
entity:artifact:1:ld1-1643381040022-1643381060180-0,accessionNumber,saam_1992.13.56
entity:artifact:1:ld1-1643381040022-1643381060244-1,accessionNumber,saam_1992.66.22
entity:artifact:1:ld1-1643381040022-1643381060334-0,accessionNumber,saam_1992.13.8
entity:artifact:1:ld1-1643381040022-1643381062968-0,accessionNumber,saam_1996.63.94
entity:artifact:1:ld1-1643381040022-1643381064179-0,accessionNumber,saam_2000.11
entity:artifact:1:ld1-1643381040022-1643381066704-1,accessionNumber,saam_1918.5.27B
entity:artifact:1:ld1-1643381040022-1643381066706-1,accessionNumber,saam_1918.5.31
entity:artifact:1:ld1-1643381040022-1643381066708-0,accessionNumber,saam_1918.5.36
entity:artifact:1:ld1-1643381040022-1643381066734-0,accessionNumber,saam_1918.5.87
entity:artifact:1:ld1-1643381040022-1643381066735-0,accessionNumber,saam_1918.5.89
entity:artifact:1:ld1-1643390182193-1643390182369-0,accessionNumber,fsg_F1893.32
entity:artifact:1:ld1-1643390182193-1643390182438-0,accessionNumber,fsg_F1894.17
entity:artifact:1:ld1-1643390182193-1643390182789-0,accessionNumber,fsg_F1897.53
entity:artifact:1:ld1-1643390182193-1643390182964-0,accessionNumber,fsg_F1898.22
entity:artifact:1:ld1-1643390182193-1643390183003-0,accessionNumber,fsg_F1898.40
entity:artifact:1:ld1-1643390182193-1643390183661-0,accessionNumber,fsg_F1900.10
entity:artifact:1:ld1-1643390182193-1643390183697-0,accessionNumber,fsg_F1900.45
entity:artifact:1:ld1-1643390182193-1643390183796-0,accessionNumber,fsg_F1901.20
entity:artifact:1:ld1-1643390182193-1643390183796-1,accessionNumber,fsg_F1901.21
entity:artifact:1:ld1-1643390182193-1643390183898-0,accessionNumber,fsg_F1901.123
entity:artifact:1:ld1-1643390182193-1643390184155-0,accessionNumber,fsg_F1902.199
entity:artifact:1:ld1-1643390182193-1643390184156-0,accessionNumber,fsg_F1902.200
entity:artifact:1:ld1-1643390182193-1643390184157-0,accessionNumber,fsg_F1902.201a-b
entity:artifact:1:ld1-1643390182193-1643390184158-0,accessionNumber,fsg_F1902.202
entity:artifact:1:ld1-1643390182193-1643390184159-0,accessionNumber,fsg_F1902.203
entity:artifact:1:ld1-1643390182193-1643390184220-1,accessionNumber,fsg_F1902.260
entity:artifact:1:ld1-1643390182193-1643390184307-0,accessionNumber,fsg_F1903.75
entity:artifact:1:ld1-1643390182193-1643390184337-0,accessionNumber,fsg_F1903.107
entity:artifact:1:ld1-1643390182193-1643390184342-0,accessionNumber,fsg_F1903.112
entity:artifact:1:ld1-1643390182193-1643390184345-0,accessionNumber,fsg_F1903.114
entity:artifact:1:ld1-1643390182193-1643390184347-0,accessionNumber,fsg_F1903.116
entity:artifact:1:ld1-1643390182193-1643390184613-0,accessionNumber,fsg_F1904.42a-b
entity:artifact:1:ld1-1643390182193-1643390184722-0,accessionNumber,fsg_F1904.192
entity:artifact:1:ld1-1643390182193-1643390184723-0,accessionNumber,fsg_F1904.193
entity:artifact:1:ld1-1643390182193-1643390184728-0,accessionNumber,fsg_F1904.200
entity:artifact:1:ld1-1643390182193-1643390184737-0,accessionNumber,fsg_F1904.213
entity:artifact:1:ld1-1643390182193-1643390184810-0,accessionNumber,fsg_F1904.320
entity:artifact:1:ld1-1643390182193-1643390184821-0,accessionNumber,fsg_F1904.332
entity:artifact:1:ld1-1643390182193-1643390184828-0,accessionNumber,fsg_F1904.341
entity:artifact:1:ld1-1643390182193-1643390184854-0,accessionNumber,fsg_F1904.373
entity:artifact:1:ld1-1643390182193-1643390184879-0,accessionNumber,fsg_F1904.396
entity:artifact:1:ld1-1643390182193-1643390185005-0,accessionNumber,fsg_F1905.82
entity:artifact:1:ld1-1643390182193-1643390185006-0,accessionNumber,fsg_F1905.83a-b
entity:artifact:1:ld1-1643390182193-1643390185007-0,accessionNumber,fsg_F1905.84
entity:artifact:1:ld1-1643390182193-1643390185009-0,accessionNumber,fsg_F1905.87
entity:artifact:1:ld1-1643390182193-1643390185010-0,accessionNumber,fsg_F1905.88
entity:artifact:1:ld1-1643390182193-1643390185011-0,accessionNumber,fsg_F1905.89
entity:artifact:1:ld1-1643390182193-1643390185115-1,accessionNumber,fsg_F1905.220
entity:artifact:1:ld1-1643390182193-1643390185147-1,accessionNumber,fsg_F1905.264
entity:artifact:1:ld1-1643390182193-1643390185158-0,accessionNumber,fsg_F1905.278
entity:artifact:1:ld1-1643390182193-1643390185171-0,accessionNumber,fsg_F1905.293
entity:artifact:1:ld1-1643390182193-1643390185212-0,accessionNumber,fsg_F1906.7
entity:artifact:1:ld1-1643390182193-1643390185213-0,accessionNumber,fsg_F1906.8
entity:artifact:1:ld1-1643390182193-1643390185233-0,accessionNumber,fsg_F1906.35
entity:artifact:1:ld1-1643390182193-1643390185239-0,accessionNumber,fsg_F1906.42a-l
entity:artifact:1:ld1-1643390182193-1643390185379-0,accessionNumber,fsg_F1906.242a-b
entity:artifact:1:ld1-1643390182193-1643390185380-0,accessionNumber,fsg_F1906.243
entity:artifact:1:ld1-1643390182193-1643390185381-0,accessionNumber,fsg_F1906.244
entity:artifact:1:ld1-1643390182193-1643390185382-0,accessionNumber,fsg_F1906.245
entity:artifact:1:ld1-1643390182193-1643390185382-1,accessionNumber,fsg_F1906.246a-b
entity:artifact:1:ld1-1643390182193-1643390185383-0,accessionNumber,fsg_F1906.247
entity:artifact:1:ld1-1643390182193-1643390185394-1,accessionNumber,fsg_F1906.261
entity:artifact:1:ld1-1643390182193-1643390185400-0,accessionNumber,fsg_F1906.270
entity:artifact:1:ld1-1643390182193-1643390185439-0,accessionNumber,fsg_F1906.299
entity:artifact:1:ld1-1643390182193-1643390185475-0,accessionNumber,fsg_F1907.33
entity:artifact:1:ld1-1643390182193-1643390185476-0,accessionNumber,fsg_F1907.34
entity:artifact:1:ld1-1643390182193-1643390185477-0,accessionNumber,fsg_F1907.36a-b
entity:artifact:1:ld1-1643390182193-1643390185478-0,accessionNumber,fsg_F1907.37
entity:artifact:1:ld1-1643390182193-1643390185489-0,accessionNumber,fsg_F1907.52.1
entity:artifact:1:ld1-1643390182193-1643390185490-0,accessionNumber,fsg_F1907.52.2
entity:artifact:1:ld1-1643390182193-1643390185502-0,accessionNumber,fsg_F1907.68a-d
entity:artifact:1:ld1-1643390182193-1643390185503-0,accessionNumber,fsg_F1907.69
entity:artifact:1:ld1-1643390182193-1643390185504-0,accessionNumber,fsg_F1907.70
entity:artifact:1:ld1-1643390182193-1643390185557-0,accessionNumber,fsg_F1907.139
entity:artifact:1:ld1-1643390182193-1643390185559-0,accessionNumber,fsg_F1907.141
entity:artifact:1:ld1-1643390182193-1643390185559-1,accessionNumber,fsg_F1907.142
entity:artifact:1:ld1-1643390182193-1643390185560-0,accessionNumber,fsg_F1907.143
entity:artifact:1:ld1-1643390182193-1643390185859-1,accessionNumber,fsg_F1907.515
entity:artifact:1:ld1-1643390182193-1643390185861-1,accessionNumber,fsg_F1907.518
entity:artifact:1:ld1-1643390182193-1643390185863-0,accessionNumber,fsg_F1907.520
entity:artifact:1:ld1-1643390182193-1643390185954-0,accessionNumber,fsg_F1907.640a-c
entity:artifact:1:ld1-1643390182193-1643390185955-0,accessionNumber,fsg_F1907.641
entity:artifact:1:ld1-1643390182193-1643390185990-0,accessionNumber,fsg_F1907.693
entity:artifact:1:ld1-1643390182193-1643390185990-1,accessionNumber,fsg_F1907.694
entity:artifact:1:ld1-1643390182193-1643390185991-0,accessionNumber,fsg_F1907.695
entity:artifact:1:ld1-1643390182193-1643390186230-0,accessionNumber,fsg_F1908.170
entity:artifact:1:ld1-1643390182193-1643390186421-0,accessionNumber,fsg_F1909.77
entity:artifact:1:ld1-1643390182193-1643390186422-0,accessionNumber,fsg_F1909.78
entity:artifact:1:ld1-1643390182193-1643390186427-0,accessionNumber,fsg_F1909.82
entity:artifact:1:ld1-1643390182193-1643390186428-0,accessionNumber,fsg_F1909.83
entity:artifact:1:ld1-1643390182193-1643390186429-0,accessionNumber,fsg_F1909.85
entity:artifact:1:ld1-1643390182193-1643390186431-0,accessionNumber,fsg_F1909.87
entity:artifact:1:ld1-1643390182193-1643390186434-0,accessionNumber,fsg_F1909.91
entity:artifact:1:ld1-1643390182193-1643390186435-0,accessionNumber,fsg_F1909.93
entity:artifact:1:ld1-1643390182193-1643390186436-0,accessionNumber,fsg_F1909.94
entity:artifact:1:ld1-1643390182193-1643390186438-0,accessionNumber,fsg_F1909.96
entity:artifact:1:ld1-1643390182193-1643390186440-0,accessionNumber,fsg_F1909.99
entity:artifact:1:ld1-1643390182193-1643390186482-0,accessionNumber,fsg_F1909.156
entity:artifact:1:ld1-1643390182193-1643390186483-0,accessionNumber,fsg_F1909.157
entity:artifact:1:ld1-1643390182193-1643390186484-0,accessionNumber,fsg_F1909.158
entity:artifact:1:ld1-1643390182193-1643390186488-0,accessionNumber,fsg_F1909.162
entity:artifact:1:ld1-1643390182193-1643390186489-0,accessionNumber,fsg_F1909.163
entity:artifact:1:ld1-1643390182193-1643390186490-0,accessionNumber,fsg_F1909.164
entity:artifact:1:ld1-1643390182193-1643390186493-0,accessionNumber,fsg_F1909.168
entity:artifact:1:ld1-1643390182193-1643390186494-0,accessionNumber,fsg_F1909.169
entity:artifact:1:ld1-1643390182193-1643390186495-1,accessionNumber,fsg_F1909.171
entity:artifact:1:ld1-1643390182193-1643390186496-0,accessionNumber,fsg_F1909.172
entity:artifact:1:ld1-1643390182193-1643390186498-0,accessionNumber,fsg_F1909.174
entity:artifact:1:ld1-1643390182193-1643390186502-0,accessionNumber,fsg_F1909.178
entity:artifact:1:ld1-1643390182193-1643390186507-0,accessionNumber,fsg_F1909.184
entity:artifact:1:ld1-1643390182193-1643390186509-0,accessionNumber,fsg_F1909.187
entity:artifact:1:ld1-1643390182193-1643390186510-0,accessionNumber,fsg_F1909.188
entity:artifact:1:ld1-1643390182193-1643390186513-0,accessionNumber,fsg_F1909.192
entity:artifact:1:ld1-1643390182193-1643390186515-0,accessionNumber,fsg_F1909.195
entity:artifact:1:ld1-1643390182193-1643390186517-0,accessionNumber,fsg_F1909.197
entity:artifact:1:ld1-1643390182193-1643390186518-0,accessionNumber,fsg_F1909.198
entity:artifact:1:ld1-1643390182193-1643390186519-0,accessionNumber,fsg_F1909.199
entity:artifact:1:ld1-1643390182193-1643390186521-1,accessionNumber,fsg_F1909.202
entity:artifact:1:ld1-1643390182193-1643390186522-0,accessionNumber,fsg_F1909.203
entity:artifact:1:ld1-1643390182193-1643390186523-0,accessionNumber,fsg_F1909.204
entity:artifact:1:ld1-1643390182193-1643390186525-0,accessionNumber,fsg_F1909.206
entity:artifact:1:ld1-1643390182193-1643390186526-0,accessionNumber,fsg_F1909.207
entity:artifact:1:ld1-1643390182193-1643390186527-0,accessionNumber,fsg_F1909.208
entity:artifact:1:ld1-1643390182193-1643390186528-0,accessionNumber,fsg_F1909.209
entity:artifact:1:ld1-1643390182193-1643390186529-0,accessionNumber,fsg_F1909.210
entity:artifact:1:ld1-1643390182193-1643390186534-0,accessionNumber,fsg_F1909.215
entity:artifact:1:ld1-1643390182193-1643390186536-0,accessionNumber,fsg_F1909.218
entity:artifact:1:ld1-1643390182193-1643390186539-0,accessionNumber,fsg_F1909.221
entity:artifact:1:ld1-1643390182193-1643390186541-0,accessionNumber,fsg_F1909.223
entity:artifact:1:ld1-1643390182193-1643390186542-0,accessionNumber,fsg_F1909.224
entity:artifact:1:ld1-1643390182193-1643390186544-0,accessionNumber,fsg_F1909.226
entity:artifact:1:ld1-1643390182193-1643390186545-1,accessionNumber,fsg_F1909.228
entity:artifact:1:ld1-1643390182193-1643390186547-0,accessionNumber,fsg_F1909.230
entity:artifact:1:ld1-1643390182193-1643390186548-0,accessionNumber,fsg_F1909.231
entity:artifact:1:ld1-1643390182193-1643390186550-0,accessionNumber,fsg_F1909.233
entity:artifact:1:ld1-1643390182193-1643390186551-0,accessionNumber,fsg_F1909.235
entity:artifact:1:ld1-1643390182193-1643390186552-0,accessionNumber,fsg_F1909.236
entity:artifact:1:ld1-1643390182193-1643390186553-0,accessionNumber,fsg_F1909.237
entity:artifact:1:ld1-1643390182193-1643390186554-0,accessionNumber,fsg_F1909.238
entity:artifact:1:ld1-1643390182193-1643390186555-0,accessionNumber,fsg_F1909.239
entity:artifact:1:ld1-1643390182193-1643390186556-0,accessionNumber,fsg_F1909.240
entity:artifact:1:ld1-1643390182193-1643390186558-1,accessionNumber,fsg_F1909.243a
entity:artifact:1:ld1-1643390182193-1643390186560-0,accessionNumber,fsg_F1909.243c
entity:artifact:1:ld1-1643390182193-1643390186561-0,accessionNumber,fsg_F1909.243d
entity:artifact:1:ld1-1643390182193-1643390186562-0,accessionNumber,fsg_F1909.243f
entity:artifact:1:ld1-1643390182193-1643390186563-0,accessionNumber,fsg_F1909.243g
entity:artifact:1:ld1-1643390182193-1643390186564-1,accessionNumber,fsg_F1909.243i
entity:artifact:1:ld1-1643390182193-1643390186566-0,accessionNumber,fsg_F1909.244a
entity:artifact:1:ld1-1643390182193-1643390186566-1,accessionNumber,fsg_F1909.244b
entity:artifact:1:ld1-1643390182193-1643390186568-0,accessionNumber,fsg_F1909.244d
entity:artifact:1:ld1-1643390182193-1643390186569-0,accessionNumber,fsg_F1909.244e
entity:artifact:1:ld1-1643390182193-1643390186576-0,accessionNumber,fsg_F1909.245a
entity:artifact:1:ld1-1643390182193-1643390186576-1,accessionNumber,fsg_F1909.245b
entity:artifact:1:ld1-1643390182193-1643390186578-0,accessionNumber,fsg_F1909.245c
entity:artifact:1:ld1-1643390182193-1643390186579-0,accessionNumber,fsg_F1909.245d
entity:artifact:1:ld1-1643390182193-1643390186579-1,accessionNumber,fsg_F1909.245e
entity:artifact:1:ld1-1643390182193-1643390186581-0,accessionNumber,fsg_F1909.245g
entity:artifact:1:ld1-1643390182193-1643390186583-0,accessionNumber,fsg_F1909.245i
entity:artifact:1:ld1-1643390182193-1643390186584-0,accessionNumber,fsg_F1909.245j
entity:artifact:1:ld1-1643390182193-1643390186584-1,accessionNumber,fsg_F1909.245k
entity:artifact:1:ld1-1643390182193-1643390186585-0,accessionNumber,fsg_F1909.245L
entity:artifact:1:ld1-1643390182193-1643390186586-0,accessionNumber,fsg_F1909.245m
entity:artifact:1:ld1-1643390182193-1643390186587-0,accessionNumber,fsg_F1909.245o
entity:artifact:1:ld1-1643390182193-1643390186589-0,accessionNumber,fsg_F1909.245q
entity:artifact:1:ld1-1643390182193-1643390186590-0,accessionNumber,fsg_F1909.245s
entity:artifact:1:ld1-1643390182193-1643390186592-0,accessionNumber,fsg_F1909.245u
entity:artifact:1:ld1-1643390182193-1643390186593-0,accessionNumber,fsg_F1909.245v
entity:artifact:1:ld1-1643390182193-1643390186594-0,accessionNumber,fsg_F1909.246b
entity:artifact:1:ld1-1643390182193-1643390186597-1,accessionNumber,fsg_F1909.246f
entity:artifact:1:ld1-1643390182193-1643390186598-0,accessionNumber,fsg_F1909.246g
entity:artifact:1:ld1-1643390182193-1643390186599-1,accessionNumber,fsg_F1909.246i
entity:artifact:1:ld1-1643390182193-1643390186600-0,accessionNumber,fsg_F1909.246j
entity:artifact:1:ld1-1643390182193-1643390186606-1,accessionNumber,fsg_F1909.248a
entity:artifact:1:ld1-1643390182193-1643390186607-0,accessionNumber,fsg_F1909.248b
entity:artifact:1:ld1-1643390182193-1643390186608-0,accessionNumber,fsg_F1909.248c
entity:artifact:1:ld1-1643390182193-1643390186608-1,accessionNumber,fsg_F1909.248d
entity:artifact:1:ld1-1643390182193-1643390186609-0,accessionNumber,fsg_F1909.248e
entity:artifact:1:ld1-1643390182193-1643390186610-0,accessionNumber,fsg_F1909.248f
entity:artifact:1:ld1-1643390182193-1643390186611-0,accessionNumber,fsg_F1909.248g
entity:artifact:1:ld1-1643390182193-1643390186615-1,accessionNumber,fsg_F1909.249a
entity:artifact:1:ld1-1643390182193-1643390186616-0,accessionNumber,fsg_F1909.249b
entity:artifact:1:ld1-1643390182193-1643390186617-0,accessionNumber,fsg_F1909.249c
entity:artifact:1:ld1-1643390182193-1643390186618-0,accessionNumber,fsg_F1909.249d
entity:artifact:1:ld1-1643390182193-1643390186619-0,accessionNumber,fsg_F1909.249e
entity:artifact:1:ld1-1643390182193-1643390186620-0,accessionNumber,fsg_F1909.249f
entity:artifact:1:ld1-1643390182193-1643390186621-0,accessionNumber,fsg_F1909.249g
entity:artifact:1:ld1-1643390182193-1643390186621-1,accessionNumber,fsg_F1909.249h
entity:artifact:1:ld1-1643390182193-1643390186622-0,accessionNumber,fsg_F1909.250a
entity:artifact:1:ld1-1643390182193-1643390186623-0,accessionNumber,fsg_F1909.250b
entity:artifact:1:ld1-1643390182193-1643390186628-0,accessionNumber,fsg_F1909.251b
entity:artifact:1:ld1-1643390182193-1643390186632-0,accessionNumber,fsg_F1909.251f
entity:artifact:1:ld1-1643390182193-1643390186635-0,accessionNumber,fsg_F1909.251i
entity:artifact:1:ld1-1643390182193-1643390186638-0,accessionNumber,fsg_F1909.251L
entity:artifact:1:ld1-1643390182193-1643390186640-0,accessionNumber,fsg_F1909.251n
entity:artifact:1:ld1-1643390182193-1643390186641-0,accessionNumber,fsg_F1909.251o
entity:artifact:1:ld1-1643390182193-1643390186642-0,accessionNumber,fsg_F1909.251p
entity:artifact:1:ld1-1643390182193-1643390186645-0,accessionNumber,fsg_F1909.252a-x
entity:artifact:1:ld1-1643390182193-1643390186650-1,accessionNumber,fsg_F1909.258a-b
entity:artifact:1:ld1-1643390182193-1643390186651-0,accessionNumber,fsg_F1909.259a-b
entity:artifact:1:ld1-1643390182193-1643390186654-0,accessionNumber,fsg_F1909.262
entity:artifact:1:ld1-1643390182193-1643390186655-0,accessionNumber,fsg_F1909.263
entity:artifact:1:ld1-1643390182193-1643390186656-0,accessionNumber,fsg_F1909.264
entity:artifact:1:ld1-1643390182193-1643390186657-0,accessionNumber,fsg_F1909.265
entity:artifact:1:ld1-1643390182193-1643390186658-0,accessionNumber,fsg_F1909.266
entity:artifact:1:ld1-1643390182193-1643390186659-0,accessionNumber,fsg_F1909.267
entity:artifact:1:ld1-1643390182193-1643390186660-0,accessionNumber,fsg_F1909.268
entity:artifact:1:ld1-1643390182193-1643390186661-0,accessionNumber,fsg_F1909.269
entity:artifact:1:ld1-1643390182193-1643390186666-1,accessionNumber,fsg_F1909.275
entity:artifact:1:ld1-1643390182193-1643390186667-0,accessionNumber,fsg_F1909.276a-b
entity:artifact:1:ld1-1643390182193-1643390186668-1,accessionNumber,fsg_F1909.278
entity:artifact:1:ld1-1643390182193-1643390186670-0,accessionNumber,fsg_F1909.280
entity:artifact:1:ld1-1643390182193-1643390186671-0,accessionNumber,fsg_F1909.282
entity:artifact:1:ld1-1643390182193-1643390186672-1,accessionNumber,fsg_F1909.284
entity:artifact:1:ld1-1643390182193-1643390186673-0,accessionNumber,fsg_F1909.285
entity:artifact:1:ld1-1643390182193-1643390186675-0,accessionNumber,fsg_F1909.287
entity:artifact:1:ld1-1643390182193-1643390186676-0,accessionNumber,fsg_F1909.288
entity:artifact:1:ld1-1643390182193-1643390186677-0,accessionNumber,fsg_F1909.289
entity:artifact:1:ld1-1643390182193-1643390186677-1,accessionNumber,fsg_F1909.290
entity:artifact:1:ld1-1643390182193-1643390186680-0,accessionNumber,fsg_F1909.293a-b
entity:artifact:1:ld1-1643390182193-1643390186681-0,accessionNumber,fsg_F1909.294
entity:artifact:1:ld1-1643390182193-1643390186681-1,accessionNumber,fsg_F1909.295
entity:artifact:1:ld1-1643390182193-1643390186684-1,accessionNumber,fsg_F1909.299
entity:artifact:1:ld1-1643390182193-1643390186705-0,accessionNumber,fsg_F1909.326
entity:artifact:1:ld1-1643390182193-1643390186706-0,accessionNumber,fsg_F1909.327
entity:artifact:1:ld1-1643390182193-1643390186708-0,accessionNumber,fsg_F1909.330
entity:artifact:1:ld1-1643390182193-1643390186711-0,accessionNumber,fsg_F1909.334
entity:artifact:1:ld1-1643390182193-1643390186711-1,accessionNumber,fsg_F1909.335a-b
entity:artifact:1:ld1-1643390182193-1643390186712-0,accessionNumber,fsg_F1909.336
entity:artifact:1:ld1-1643390182193-1643390186715-0,accessionNumber,fsg_F1909.340a-b
entity:artifact:1:ld1-1643390182193-1643390186715-1,accessionNumber,fsg_F1909.341a-b
entity:artifact:1:ld1-1643390182193-1643390186723-0,accessionNumber,fsg_F1909.352
entity:artifact:1:ld1-1643390182193-1643390186746-1,accessionNumber,fsg_F1909.378a-h
entity:artifact:1:ld1-1643390182193-1643390186747-0,accessionNumber,fsg_F1909.379
entity:artifact:1:ld1-1643390182193-1643390186748-0,accessionNumber,fsg_F1909.380
entity:artifact:1:ld1-1643390182193-1643390186760-1,accessionNumber,fsg_F1909.396
entity:artifact:1:ld1-1643390182193-1643390186761-0,accessionNumber,fsg_F1909.397
entity:artifact:1:ld1-1643390182193-1643390186763-0,accessionNumber,fsg_F1909.398b
entity:artifact:1:ld1-1643390182193-1643390186763-1,accessionNumber,fsg_F1909.399
entity:artifact:1:ld1-1643390182193-1643390187678-0,accessionNumber,fsg_F1910.2
entity:artifact:1:ld1-1643390182193-1643390187681-0,accessionNumber,fsg_F1910.6
entity:artifact:1:ld1-1643390182193-1643390187686-0,accessionNumber,fsg_F1910.12
entity:artifact:1:ld1-1643390182193-1643390187686-1,accessionNumber,fsg_F1910.13
entity:artifact:1:ld1-1643390182193-1643390187687-0,accessionNumber,fsg_F1910.14
entity:artifact:1:ld1-1643390182193-1643390187688-0,accessionNumber,fsg_F1910.15
entity:artifact:1:ld1-1643390182193-1643390187734-0,accessionNumber,fsg_F1911.25
entity:artifact:1:ld1-1643390182193-1643390187735-0,accessionNumber,fsg_F1911.26
entity:artifact:1:ld1-1643390182193-1643390187736-0,accessionNumber,fsg_F1911.27
entity:artifact:1:ld1-1643390182193-1643390187737-0,accessionNumber,fsg_F1911.28
entity:artifact:1:ld1-1643390182193-1643390187740-0,accessionNumber,fsg_F1911.32a-b
entity:artifact:1:ld1-1643390182193-1643390187741-0,accessionNumber,fsg_F1911.34
entity:artifact:1:ld1-1643390182193-1643390187742-0,accessionNumber,fsg_F1911.35
entity:artifact:1:ld1-1643390182193-1643390187742-1,accessionNumber,fsg_F1911.36a-b
entity:artifact:1:ld1-1643390182193-1643390187743-0,accessionNumber,fsg_F1911.37a-b
entity:artifact:1:ld1-1643390182193-1643390187744-0,accessionNumber,fsg_F1911.38
entity:artifact:1:ld1-1643390182193-1643390187745-1,accessionNumber,fsg_F1911.40
entity:artifact:1:ld1-1643390182193-1643390187747-0,accessionNumber,fsg_F1911.42
entity:artifact:1:ld1-1643390182193-1643390187747-1,accessionNumber,fsg_F1911.43
entity:artifact:1:ld1-1643390182193-1643390187748-0,accessionNumber,fsg_F1911.44
entity:artifact:1:ld1-1643390182193-1643390187749-0,accessionNumber,fsg_F1911.45a-b
entity:artifact:1:ld1-1643390182193-1643390187749-1,accessionNumber,fsg_F1911.46a-b
entity:artifact:1:ld1-1643390182193-1643390187750-0,accessionNumber,fsg_F1911.47a-b
entity:artifact:1:ld1-1643390182193-1643390187753-0,accessionNumber,fsg_F1911.51
entity:artifact:1:ld1-1643390182193-1643390187753-1,accessionNumber,fsg_F1911.52
entity:artifact:1:ld1-1643390182193-1643390187754-0,accessionNumber,fsg_F1911.53
entity:artifact:1:ld1-1643390182193-1643390187755-0,accessionNumber,fsg_F1911.54a-b
entity:artifact:1:ld1-1643390182193-1643390187757-0,accessionNumber,fsg_F1911.57
entity:artifact:1:ld1-1643390182193-1643390187757-1,accessionNumber,fsg_F1911.58a-b
entity:artifact:1:ld1-1643390182193-1643390187758-0,accessionNumber,fsg_F1911.59a-b
entity:artifact:1:ld1-1643390182193-1643390187759-0,accessionNumber,fsg_F1911.60
entity:artifact:1:ld1-1643390182193-1643390187760-0,accessionNumber,fsg_F1911.61
entity:artifact:1:ld1-1643390182193-1643390187760-1,accessionNumber,fsg_F1911.62
entity:artifact:1:ld1-1643390182193-1643390187761-0,accessionNumber,fsg_F1911.63
entity:artifact:1:ld1-1643390182193-1643390187762-0,accessionNumber,fsg_F1911.64
entity:artifact:1:ld1-1643390182193-1643390187763-0,accessionNumber,fsg_F1911.65
entity:artifact:1:ld1-1643390182193-1643390187764-1,accessionNumber,fsg_F1911.67
entity:artifact:1:ld1-1643390182193-1643390187765-0,accessionNumber,fsg_F1911.68
entity:artifact:1:ld1-1643390182193-1643390187768-0,accessionNumber,fsg_F1911.71
entity:artifact:1:ld1-1643390182193-1643390187771-0,accessionNumber,fsg_F1911.75
entity:artifact:1:ld1-1643390182193-1643390187772-1,accessionNumber,fsg_F1911.77a-c
entity:artifact:1:ld1-1643390182193-1643390187773-0,accessionNumber,fsg_F1911.78a-b
entity:artifact:1:ld1-1643390182193-1643390187774-0,accessionNumber,fsg_F1911.79a-b
entity:artifact:1:ld1-1643390182193-1643390187778-0,accessionNumber,fsg_F1911.85
entity:artifact:1:ld1-1643390182193-1643390187778-1,accessionNumber,fsg_F1911.86
entity:artifact:1:ld1-1643390182193-1643390187779-0,accessionNumber,fsg_F1911.87
entity:artifact:1:ld1-1643390182193-1643390187780-0,accessionNumber,fsg_F1911.88
entity:artifact:1:ld1-1643390182193-1643390187780-1,accessionNumber,fsg_F1911.89
entity:artifact:1:ld1-1643390182193-1643390187781-0,accessionNumber,fsg_F1911.90
entity:artifact:1:ld1-1643390182193-1643390187782-0,accessionNumber,fsg_F1911.91
entity:artifact:1:ld1-1643390182193-1643390187782-1,accessionNumber,fsg_F1911.92
entity:artifact:1:ld1-1643390182193-1643390187783-0,accessionNumber,fsg_F1911.93
entity:artifact:1:ld1-1643390182193-1643390187784-0,accessionNumber,fsg_F1911.94
entity:artifact:1:ld1-1643390182193-1643390187784-1,accessionNumber,fsg_F1911.95
entity:artifact:1:ld1-1643390182193-1643390187785-0,accessionNumber,fsg_F1911.96
entity:artifact:1:ld1-1643390182193-1643390187786-0,accessionNumber,fsg_F1911.97
entity:artifact:1:ld1-1643390182193-1643390187786-1,accessionNumber,fsg_F1911.98
entity:artifact:1:ld1-1643390182193-1643390187788-0,accessionNumber,fsg_F1911.100
entity:artifact:1:ld1-1643390182193-1643390187789-0,accessionNumber,fsg_F1911.102
entity:artifact:1:ld1-1643390182193-1643390187790-0,accessionNumber,fsg_F1911.103
entity:artifact:1:ld1-1643390182193-1643390187790-1,accessionNumber,fsg_F1911.104
entity:artifact:1:ld1-1643390182193-1643390187791-0,accessionNumber,fsg_F1911.105
entity:artifact:1:ld1-1643390182193-1643390187793-0,accessionNumber,fsg_F1911.108
entity:artifact:1:ld1-1643390182193-1643390187797-0,accessionNumber,fsg_F1911.114
entity:artifact:1:ld1-1643390182193-1643390187798-0,accessionNumber,fsg_F1911.115
entity:artifact:1:ld1-1643390182193-1643390187800-0,accessionNumber,fsg_F1911.118
entity:artifact:1:ld1-1643390182193-1643390187801-0,accessionNumber,fsg_F1911.119
entity:artifact:1:ld1-1643390182193-1643390187801-1,accessionNumber,fsg_F1911.120
entity:artifact:1:ld1-1643390182193-1643390187802-0,accessionNumber,fsg_F1911.121a-b
entity:artifact:1:ld1-1643390182193-1643390187803-0,accessionNumber,fsg_F1911.122
entity:artifact:1:ld1-1643390182193-1643390187804-0,accessionNumber,fsg_F1911.123a-b
entity:artifact:1:ld1-1643390182193-1643390187805-0,accessionNumber,fsg_F1911.124
entity:artifact:1:ld1-1643390182193-1643390187805-1,accessionNumber,fsg_F1911.125
entity:artifact:1:ld1-1643390182193-1643390187806-0,accessionNumber,fsg_F1911.126
entity:artifact:1:ld1-1643390182193-1643390187807-0,accessionNumber,fsg_F1911.127
entity:artifact:1:ld1-1643390182193-1643390187808-0,accessionNumber,fsg_F1911.128
entity:artifact:1:ld1-1643390182193-1643390187809-0,accessionNumber,fsg_F1911.129
entity:artifact:1:ld1-1643390182193-1643390187810-0,accessionNumber,fsg_F1911.130
entity:artifact:1:ld1-1643390182193-1643390187810-1,accessionNumber,fsg_F1911.131
entity:artifact:1:ld1-1643390182193-1643390187811-0,accessionNumber,fsg_F1911.132
entity:artifact:1:ld1-1643390182193-1643390187812-0,accessionNumber,fsg_F1911.133
entity:artifact:1:ld1-1643390182193-1643390187815-0,accessionNumber,fsg_F1911.137
entity:artifact:1:ld1-1643390182193-1643390187816-1,accessionNumber,fsg_F1911.139
entity:artifact:1:ld1-1643390182193-1643390187817-0,accessionNumber,fsg_F1911.140
entity:artifact:1:ld1-1643390182193-1643390187818-0,accessionNumber,fsg_F1911.141
entity:artifact:1:ld1-1643390182193-1643390187821-0,accessionNumber,fsg_F1911.145a-c
entity:artifact:1:ld1-1643390182193-1643390187821-1,accessionNumber,fsg_F1911.146a-b
entity:artifact:1:ld1-1643390182193-1643390187828-0,accessionNumber,fsg_F1911.153a-j
entity:artifact:1:ld1-1643390182193-1643390187832-0,accessionNumber,fsg_F1911.155a
entity:artifact:1:ld1-1643390182193-1643390187833-0,accessionNumber,fsg_F1911.155c
entity:artifact:1:ld1-1643390182193-1643390187834-0,accessionNumber,fsg_F1911.155d
entity:artifact:1:ld1-1643390182193-1643390187835-0,accessionNumber,fsg_F1911.155e
entity:artifact:1:ld1-1643390182193-1643390187835-1,accessionNumber,fsg_F1911.155f
entity:artifact:1:ld1-1643390182193-1643390187836-0,accessionNumber,fsg_F1911.155g
entity:artifact:1:ld1-1643390182193-1643390187837-0,accessionNumber,fsg_F1911.155h
entity:artifact:1:ld1-1643390182193-1643390187859-0,accessionNumber,fsg_F1911.157a-h
entity:artifact:1:ld1-1643390182193-1643390187870-0,accessionNumber,fsg_F1911.161a
entity:artifact:1:ld1-1643390182193-1643390187871-0,accessionNumber,fsg_F1911.161b
entity:artifact:1:ld1-1643390182193-1643390187873-0,accessionNumber,fsg_F1911.161d
entity:artifact:1:ld1-1643390182193-1643390187874-1,accessionNumber,fsg_F1911.161f
entity:artifact:1:ld1-1643390182193-1643390187875-0,accessionNumber,fsg_F1911.161g
entity:artifact:1:ld1-1643390182193-1643390187876-0,accessionNumber,fsg_F1911.161h
entity:artifact:1:ld1-1643390182193-1643390187880-0,accessionNumber,fsg_F1911.162c.1-2
entity:artifact:1:ld1-1643390182193-1643390187880-1,accessionNumber,fsg_F1911.162d
entity:artifact:1:ld1-1643390182193-1643390187881-0,accessionNumber,fsg_F1911.162e.1-2
entity:artifact:1:ld1-1643390182193-1643390187882-0,accessionNumber,fsg_F1911.162f.1-2
entity:artifact:1:ld1-1643390182193-1643390187883-0,accessionNumber,fsg_F1911.162g
entity:artifact:1:ld1-1643390182193-1643390187884-0,accessionNumber,fsg_F1911.162h.1-2
entity:artifact:1:ld1-1643390182193-1643390187885-0,accessionNumber,fsg_F1911.162i
entity:artifact:1:ld1-1643390182193-1643390187886-0,accessionNumber,fsg_F1911.162j.1-2
entity:artifact:1:ld1-1643390182193-1643390187906-0,accessionNumber,fsg_F1911.165a-j
entity:artifact:1:ld1-1643390182193-1643390187914-0,accessionNumber,fsg_F1911.166j
entity:artifact:1:ld1-1643390182193-1643390187914-1,accessionNumber,fsg_F1911.166k
entity:artifact:1:ld1-1643390182193-1643390187921-1,accessionNumber,fsg_F1911.167g
entity:artifact:1:ld1-1643390182193-1643390187924-0,accessionNumber,fsg_F1911.167j
entity:artifact:1:ld1-1643390182193-1643390187928-1,accessionNumber,fsg_F1911.167p
entity:artifact:1:ld1-1643390182193-1643390187935-0,accessionNumber,fsg_F1911.172
entity:artifact:1:ld1-1643390182193-1643390187938-0,accessionNumber,fsg_F1911.175
entity:artifact:1:ld1-1643390182193-1643390187939-0,accessionNumber,fsg_F1911.176
entity:artifact:1:ld1-1643390182193-1643390187942-0,accessionNumber,fsg_F1911.179
entity:artifact:1:ld1-1643390182193-1643390187944-0,accessionNumber,fsg_F1911.181
entity:artifact:1:ld1-1643390182193-1643390187946-0,accessionNumber,fsg_F1911.183
entity:artifact:1:ld1-1643390182193-1643390187951-0,accessionNumber,fsg_F1911.188
entity:artifact:1:ld1-1643390182193-1643390187951-1,accessionNumber,fsg_F1911.189
entity:artifact:1:ld1-1643390182193-1643390187952-0,accessionNumber,fsg_F1911.190
entity:artifact:1:ld1-1643390182193-1643390187953-0,accessionNumber,fsg_F1911.191
entity:artifact:1:ld1-1643390182193-1643390187954-0,accessionNumber,fsg_F1911.192
entity:artifact:1:ld1-1643390182193-1643390187956-0,accessionNumber,fsg_F1911.194
entity:artifact:1:ld1-1643390182193-1643390187957-0,accessionNumber,fsg_F1911.195
entity:artifact:1:ld1-1643390182193-1643390187959-0,accessionNumber,fsg_F1911.197
entity:artifact:1:ld1-1643390182193-1643390187960-0,accessionNumber,fsg_F1911.198
entity:artifact:1:ld1-1643390182193-1643390187961-0,accessionNumber,fsg_F1911.199
entity:artifact:1:ld1-1643390182193-1643390187962-0,accessionNumber,fsg_F1911.200
entity:artifact:1:ld1-1643390182193-1643390187965-0,accessionNumber,fsg_F1911.202
entity:artifact:1:ld1-1643390182193-1643390187965-1,accessionNumber,fsg_F1911.203
entity:artifact:1:ld1-1643390182193-1643390187966-0,accessionNumber,fsg_F1911.204
entity:artifact:1:ld1-1643390182193-1643390187967-0,accessionNumber,fsg_F1911.205
entity:artifact:1:ld1-1643390182193-1643390187973-0,accessionNumber,fsg_F1911.210
entity:artifact:1:ld1-1643390182193-1643390187974-0,accessionNumber,fsg_F1911.212
entity:artifact:1:ld1-1643390182193-1643390187975-0,accessionNumber,fsg_F1911.213
entity:artifact:1:ld1-1643390182193-1643390187976-0,accessionNumber,fsg_F1911.214
entity:artifact:1:ld1-1643390182193-1643390187979-0,accessionNumber,fsg_F1911.217
entity:artifact:1:ld1-1643390182193-1643390187981-0,accessionNumber,fsg_F1911.219
entity:artifact:1:ld1-1643390182193-1643390187982-0,accessionNumber,fsg_F1911.220
entity:artifact:1:ld1-1643390182193-1643390187983-0,accessionNumber,fsg_F1911.221
entity:artifact:1:ld1-1643390182193-1643390187984-0,accessionNumber,fsg_F1911.222
entity:artifact:1:ld1-1643390182193-1643390187987-0,accessionNumber,fsg_F1911.225
entity:artifact:1:ld1-1643390182193-1643390187988-0,accessionNumber,fsg_F1911.226
entity:artifact:1:ld1-1643390182193-1643390187989-0,accessionNumber,fsg_F1911.227
entity:artifact:1:ld1-1643390182193-1643390187990-0,accessionNumber,fsg_F1911.228
entity:artifact:1:ld1-1643390182193-1643390187994-0,accessionNumber,fsg_F1911.231
entity:artifact:1:ld1-1643390182193-1643390187994-1,accessionNumber,fsg_F1911.232
entity:artifact:1:ld1-1643390182193-1643390187995-0,accessionNumber,fsg_F1911.233
entity:artifact:1:ld1-1643390182193-1643390187997-1,accessionNumber,fsg_F1911.236
entity:artifact:1:ld1-1643390182193-1643390188000-0,accessionNumber,fsg_F1911.240
entity:artifact:1:ld1-1643390182193-1643390188002-1,accessionNumber,fsg_F1911.244
entity:artifact:1:ld1-1643390182193-1643390188005-0,accessionNumber,fsg_F1911.247
entity:artifact:1:ld1-1643390182193-1643390188006-0,accessionNumber,fsg_F1911.249
entity:artifact:1:ld1-1643390182193-1643390188007-0,accessionNumber,fsg_F1911.250
entity:artifact:1:ld1-1643390182193-1643390188007-1,accessionNumber,fsg_F1911.251
entity:artifact:1:ld1-1643390182193-1643390188008-0,accessionNumber,fsg_F1911.252
entity:artifact:1:ld1-1643390182193-1643390188010-0,accessionNumber,fsg_F1911.253
entity:artifact:1:ld1-1643390182193-1643390188011-0,accessionNumber,fsg_F1911.254
entity:artifact:1:ld1-1643390182193-1643390188011-1,accessionNumber,fsg_F1911.255
entity:artifact:1:ld1-1643390182193-1643390188012-0,accessionNumber,fsg_F1911.256
entity:artifact:1:ld1-1643390182193-1643390188014-0,accessionNumber,fsg_F1911.257
entity:artifact:1:ld1-1643390182193-1643390188014-1,accessionNumber,fsg_F1911.258
entity:artifact:1:ld1-1643390182193-1643390188015-0,accessionNumber,fsg_F1911.259
entity:artifact:1:ld1-1643390182193-1643390188016-0,accessionNumber,fsg_F1911.260
entity:artifact:1:ld1-1643390182193-1643390188017-0,accessionNumber,fsg_F1911.261
entity:artifact:1:ld1-1643390182193-1643390188018-0,accessionNumber,fsg_F1911.263
entity:artifact:1:ld1-1643390182193-1643390188020-1,accessionNumber,fsg_F1911.266
entity:artifact:1:ld1-1643390182193-1643390188021-0,accessionNumber,fsg_F1911.267
entity:artifact:1:ld1-1643390182193-1643390188023-0,accessionNumber,fsg_F1911.269
entity:artifact:1:ld1-1643390182193-1643390188024-1,accessionNumber,fsg_F1911.271
entity:artifact:1:ld1-1643390182193-1643390188025-0,accessionNumber,fsg_F1911.272
entity:artifact:1:ld1-1643390182193-1643390188029-0,accessionNumber,fsg_F1911.277
entity:artifact:1:ld1-1643390182193-1643390188030-0,accessionNumber,fsg_F1911.278
entity:artifact:1:ld1-1643390182193-1643390188030-1,accessionNumber,fsg_F1911.279
entity:artifact:1:ld1-1643390182193-1643390188031-0,accessionNumber,fsg_F1911.280
entity:artifact:1:ld1-1643390182193-1643390188032-0,accessionNumber,fsg_F1911.281
entity:artifact:1:ld1-1643390182193-1643390188033-0,accessionNumber,fsg_F1911.282
entity:artifact:1:ld1-1643390182193-1643390188034-0,accessionNumber,fsg_F1911.283
entity:artifact:1:ld1-1643390182193-1643390188035-0,accessionNumber,fsg_F1911.284
entity:artifact:1:ld1-1643390182193-1643390188036-0,accessionNumber,fsg_F1911.285
entity:artifact:1:ld1-1643390182193-1643390188039-1,accessionNumber,fsg_F1911.290
entity:artifact:1:ld1-1643390182193-1643390188040-0,accessionNumber,fsg_F1911.291
entity:artifact:1:ld1-1643390182193-1643390188041-0,accessionNumber,fsg_F1911.292
entity:artifact:1:ld1-1643390182193-1643390188043-1,accessionNumber,fsg_F1911.295
entity:artifact:1:ld1-1643390182193-1643390188051-0,accessionNumber,fsg_F1911.303
entity:artifact:1:ld1-1643390182193-1643390188053-0,accessionNumber,fsg_F1911.305
entity:artifact:1:ld1-1643390182193-1643390188054-0,accessionNumber,fsg_F1911.306
entity:artifact:1:ld1-1643390182193-1643390188056-0,accessionNumber,fsg_F1911.309
entity:artifact:1:ld1-1643390182193-1643390188062-0,accessionNumber,fsg_F1911.313a-c
entity:artifact:1:ld1-1643390182193-1643390188063-0,accessionNumber,fsg_F1911.314
entity:artifact:1:ld1-1643390182193-1643390188063-1,accessionNumber,fsg_F1911.315
entity:artifact:1:ld1-1643390182193-1643390188204-0,accessionNumber,fsg_F1911.408
entity:artifact:1:ld1-1643390182193-1643390188209-0,accessionNumber,fsg_F1911.411
entity:artifact:1:ld1-1643390182193-1643390188211-0,accessionNumber,fsg_F1911.412
entity:artifact:1:ld1-1643390182193-1643390188223-0,accessionNumber,fsg_F1911.418
entity:artifact:1:ld1-1643390182193-1643390188247-0,accessionNumber,fsg_F1911.430
entity:artifact:1:ld1-1643390182193-1643390188253-0,accessionNumber,fsg_F1911.433
entity:artifact:1:ld1-1643390182193-1643390188273-0,accessionNumber,fsg_F1911.444
entity:artifact:1:ld1-1643390182193-1643390188279-0,accessionNumber,fsg_F1911.447
entity:artifact:1:ld1-1643390182193-1643390188295-0,accessionNumber,fsg_F1911.456
entity:artifact:1:ld1-1643390182193-1643390188301-0,accessionNumber,fsg_F1911.459
entity:artifact:1:ld1-1643390182193-1643390188328-0,accessionNumber,fsg_F1911.476
entity:artifact:1:ld1-1643390182193-1643390188330-0,accessionNumber,fsg_F1911.477
entity:artifact:1:ld1-1643390182193-1643390188334-0,accessionNumber,fsg_F1911.480
entity:artifact:1:ld1-1643390182193-1643390188338-0,accessionNumber,fsg_F1911.482
entity:artifact:1:ld1-1643390182193-1643390188339-0,accessionNumber,fsg_F1911.483
entity:artifact:1:ld1-1643390182193-1643390188342-0,accessionNumber,fsg_F1911.485
entity:artifact:1:ld1-1643390182193-1643390188344-0,accessionNumber,fsg_F1911.486
entity:artifact:1:ld1-1643390182193-1643390188346-0,accessionNumber,fsg_F1911.487
entity:artifact:1:ld1-1643390182193-1643390188349-0,accessionNumber,fsg_F1911.489
entity:artifact:1:ld1-1643390182193-1643390188351-0,accessionNumber,fsg_F1911.490
entity:artifact:1:ld1-1643390182193-1643390188354-0,accessionNumber,fsg_F1911.492
entity:artifact:1:ld1-1643390182193-1643390188358-0,accessionNumber,fsg_F1911.495
entity:artifact:1:ld1-1643390182193-1643390188365-0,accessionNumber,fsg_F1911.499a-b
entity:artifact:1:ld1-1643390182193-1643390188369-0,accessionNumber,fsg_F1911.501a-m
entity:artifact:1:ld1-1643390182193-1643390188371-0,accessionNumber,fsg_F1911.502a
entity:artifact:1:ld1-1643390182193-1643390188372-0,accessionNumber,fsg_F1911.502b
entity:artifact:1:ld1-1643390182193-1643390188374-0,accessionNumber,fsg_F1911.502c
entity:artifact:1:ld1-1643390182193-1643390188376-0,accessionNumber,fsg_F1911.502d
entity:artifact:1:ld1-1643390182193-1643390188377-0,accessionNumber,fsg_F1911.502e
entity:artifact:1:ld1-1643390182193-1643390188379-0,accessionNumber,fsg_F1911.502f
entity:artifact:1:ld1-1643390182193-1643390188380-0,accessionNumber,fsg_F1911.502g
entity:artifact:1:ld1-1643390182193-1643390188382-0,accessionNumber,fsg_F1911.502h
entity:artifact:1:ld1-1643390182193-1643390188400-0,accessionNumber,fsg_F1911.513
entity:artifact:1:ld1-1643390182193-1643390188405-0,accessionNumber,fsg_F1911.516
entity:artifact:1:ld1-1643390182193-1643390188410-0,accessionNumber,fsg_F1911.519
entity:artifact:1:ld1-1643390182193-1643390188417-0,accessionNumber,fsg_F1911.523
entity:artifact:1:ld1-1643390182193-1643390188419-0,accessionNumber,fsg_F1911.524
entity:artifact:1:ld1-1643390182193-1643390188420-0,accessionNumber,fsg_F1911.525
entity:artifact:1:ld1-1643390182193-1643390188422-0,accessionNumber,fsg_F1911.526
entity:artifact:1:ld1-1643390182193-1643390188423-0,accessionNumber,fsg_F1911.527
entity:artifact:1:ld1-1643390182193-1643390188430-0,accessionNumber,fsg_F1911.532
entity:artifact:1:ld1-1643390182193-1643390188434-0,accessionNumber,fsg_F1911.534
entity:artifact:1:ld1-1643390182193-1643390188435-0,accessionNumber,fsg_F1911.535a-d
entity:artifact:1:ld1-1643390182193-1643390188437-0,accessionNumber,fsg_F1911.536
entity:artifact:1:ld1-1643390182193-1643390188443-0,accessionNumber,fsg_F1911.540
entity:artifact:1:ld1-1643390182193-1643390188455-0,accessionNumber,fsg_F1911.549
entity:artifact:1:ld1-1643390182193-1643390188514-0,accessionNumber,fsg_F1911.592
entity:artifact:1:ld1-1643390182193-1643390188516-0,accessionNumber,fsg_F1911.593
entity:artifact:1:ld1-1643390182193-1643390188523-0,accessionNumber,fsg_F1911.597a-b
entity:artifact:1:ld1-1643390182193-1643390188555-0,accessionNumber,fsg_F1911.618
entity:artifact:1:ld1-1643390182193-1643390188556-0,accessionNumber,fsg_F1911.619
entity:artifact:1:ld1-1643390182193-1643390188558-0,accessionNumber,fsg_F1911.620
entity:artifact:1:ld1-1643390182193-1643390188559-0,accessionNumber,fsg_F1911.621
entity:artifact:1:ld1-1643390182193-1643390188561-0,accessionNumber,fsg_F1911.622
entity:artifact:1:ld1-1643390182193-1643390188562-0,accessionNumber,fsg_F1911.623
entity:artifact:1:ld1-1643390182193-1643390188564-0,accessionNumber,fsg_F1911.624
entity:artifact:1:ld1-1643390182193-1643390188565-0,accessionNumber,fsg_F1911.625
entity:artifact:1:ld1-1643390182193-1643390188567-0,accessionNumber,fsg_F1911.626
entity:artifact:1:ld1-1643390182193-1643390188568-0,accessionNumber,fsg_F1911.627
entity:artifact:1:ld1-1643390182193-1643390188570-0,accessionNumber,fsg_F1911.628
entity:artifact:1:ld1-1643390182193-1643390188571-0,accessionNumber,fsg_F1911.629
entity:artifact:1:ld1-1643390182193-1643390188573-0,accessionNumber,fsg_F1911.630a-d
entity:artifact:1:ld1-1643390182193-1643390188574-0,accessionNumber,fsg_F1911.631
entity:artifact:1:ld1-1643390182193-1643390188576-0,accessionNumber,fsg_F1911.632
entity:artifact:1:ld1-1643390182193-1643390188578-0,accessionNumber,fsg_F1911.633
entity:artifact:1:ld1-1643390182193-1643390188579-0,accessionNumber,fsg_F1911.634
entity:artifact:1:ld1-1643390182193-1643390188584-1,accessionNumber,fsg_F1912.4
entity:artifact:1:ld1-1643390182193-1643390188602-0,accessionNumber,fsg_F1912.28
entity:artifact:1:ld1-1643390182193-1643390188603-0,accessionNumber,fsg_F1912.29
entity:artifact:1:ld1-1643390182193-1643390188612-0,accessionNumber,fsg_F1912.40
entity:artifact:1:ld1-1643390182193-1643390188614-0,accessionNumber,fsg_F1912.43
entity:artifact:1:ld1-1643390182193-1643390188615-0,accessionNumber,fsg_F1912.44
entity:artifact:1:ld1-1643390182193-1643390188642-0,accessionNumber,fsg_F1912.76
entity:artifact:1:ld1-1643390182193-1643390188646-0,accessionNumber,fsg_F1912.80
entity:artifact:1:ld1-1643390182193-1643390188647-0,accessionNumber,fsg_F1912.81
entity:artifact:1:ld1-1643390182193-1643390188653-0,accessionNumber,fsg_F1912.82
entity:artifact:1:ld1-1643390182193-1643390188657-0,accessionNumber,fsg_F1912.86
entity:artifact:1:ld1-1643390182193-1643390188658-0,accessionNumber,fsg_F1912.87
entity:artifact:1:ld1-1643390182193-1643390188659-0,accessionNumber,fsg_F1912.88
entity:artifact:1:ld1-1643390182193-1643390188668-0,accessionNumber,fsg_F1912.98
entity:artifact:1:ld1-1643390182193-1643390188676-0,accessionNumber,fsg_F1913.1
entity:artifact:1:ld1-1643390182193-1643390188682-0,accessionNumber,fsg_F1913.9a-b
entity:artifact:1:ld1-1643390182193-1643390188685-0,accessionNumber,fsg_F1913.14a-b
entity:artifact:1:ld1-1643390182193-1643390188688-0,accessionNumber,fsg_F1913.17
entity:artifact:1:ld1-1643390182193-1643390188691-0,accessionNumber,fsg_F1913.21
entity:artifact:1:ld1-1643390182193-1643390188693-0,accessionNumber,fsg_F1913.24
entity:artifact:1:ld1-1643390182193-1643390188698-0,accessionNumber,fsg_F1913.30a-b
entity:artifact:1:ld1-1643390182193-1643390188703-1,accessionNumber,fsg_F1913.36
entity:artifact:1:ld1-1643390182193-1643390188708-0,accessionNumber,fsg_F1913.41a-b
entity:artifact:1:ld1-1643390182193-1643390188708-1,accessionNumber,fsg_F1913.42a-e
entity:artifact:1:ld1-1643390182193-1643390188709-0,accessionNumber,fsg_F1913.43a-g
entity:artifact:1:ld1-1643390182193-1643390188710-0,accessionNumber,fsg_F1913.44a-c
entity:artifact:1:ld1-1643390182193-1643390188720-1,accessionNumber,fsg_F1913.62
entity:artifact:1:ld1-1643390182193-1643390188722-0,accessionNumber,fsg_F1913.64
entity:artifact:1:ld1-1643390182193-1643390188722-1,accessionNumber,fsg_F1913.65
entity:artifact:1:ld1-1643390182193-1643390188724-0,accessionNumber,fsg_F1913.67
entity:artifact:1:ld1-1643390182193-1643390188725-1,accessionNumber,fsg_F1913.69a-c
entity:artifact:1:ld1-1643390182193-1643390188727-0,accessionNumber,fsg_F1913.71
entity:artifact:1:ld1-1643390182193-1643390188728-0,accessionNumber,fsg_F1913.72
entity:artifact:1:ld1-1643390182193-1643390188728-1,accessionNumber,fsg_F1913.73
entity:artifact:1:ld1-1643390182193-1643390188729-0,accessionNumber,fsg_F1913.74
entity:artifact:1:ld1-1643390182193-1643390188730-0,accessionNumber,fsg_F1913.75
entity:artifact:1:ld1-1643390182193-1643390188731-0,accessionNumber,fsg_F1913.76
entity:artifact:1:ld1-1643390182193-1643390188739-0,accessionNumber,fsg_F1913.87
entity:artifact:1:ld1-1643390182193-1643390188741-0,accessionNumber,fsg_F1913.89
entity:artifact:1:ld1-1643390182193-1643390188741-1,accessionNumber,fsg_F1913.90
entity:artifact:1:ld1-1643390182193-1643390188745-0,accessionNumber,fsg_F1913.94
entity:artifact:1:ld1-1643390182193-1643390188746-0,accessionNumber,fsg_F1913.96
entity:artifact:1:ld1-1643390182193-1643390188747-0,accessionNumber,fsg_F1913.97
entity:artifact:1:ld1-1643390182193-1643390188748-0,accessionNumber,fsg_F1913.98
entity:artifact:1:ld1-1643390182193-1643390188748-1,accessionNumber,fsg_F1913.99
entity:artifact:1:ld1-1643390182193-1643390188749-0,accessionNumber,fsg_F1913.100
entity:artifact:1:ld1-1643390182193-1643390188750-0,accessionNumber,fsg_F1913.101
entity:artifact:1:ld1-1643390182193-1643390188751-0,accessionNumber,fsg_F1913.102
entity:artifact:1:ld1-1643390182193-1643390188751-1,accessionNumber,fsg_F1913.103
entity:artifact:1:ld1-1643390182193-1643390188752-0,accessionNumber,fsg_F1913.104
entity:artifact:1:ld1-1643390182193-1643390188755-0,accessionNumber,fsg_F1913.108
entity:artifact:1:ld1-1643390182193-1643390188757-0,accessionNumber,fsg_F1913.111
entity:artifact:1:ld1-1643390182193-1643390188758-0,accessionNumber,fsg_F1913.112
entity:artifact:1:ld1-1643390182193-1643390188759-0,accessionNumber,fsg_F1913.114
entity:artifact:1:ld1-1643390182193-1643390188761-0,accessionNumber,fsg_F1913.117
entity:artifact:1:ld1-1643390182193-1643390188764-0,accessionNumber,fsg_F1913.121
entity:artifact:1:ld1-1643390182193-1643390188766-0,accessionNumber,fsg_F1913.124
entity:artifact:1:ld1-1643390182193-1643390188767-0,accessionNumber,fsg_F1913.125
entity:artifact:1:ld1-1643390182193-1643390188768-0,accessionNumber,fsg_F1913.127
entity:artifact:1:ld1-1643390182193-1643390188769-0,accessionNumber,fsg_F1913.128
entity:artifact:1:ld1-1643390182193-1643390188770-0,accessionNumber,fsg_F1913.130
entity:artifact:1:ld1-1643390182193-1643390188771-1,accessionNumber,fsg_F1913.132
entity:artifact:1:ld1-1643390182193-1643390188772-0,accessionNumber,fsg_F1913.133
entity:artifact:1:ld1-1643390182193-1643390188773-0,accessionNumber,fsg_F1913.134
entity:artifact:1:ld1-1643390182193-1643390188774-0,accessionNumber,fsg_F1913.135
entity:artifact:1:ld1-1643390182193-1643390188776-0,accessionNumber,fsg_F1913.137
entity:artifact:1:ld1-1643390182193-1643390188778-1,accessionNumber,fsg_F1913.140
entity:artifact:1:ld1-1643390182193-1643390188787-0,accessionNumber,fsg_F1913.152
entity:artifact:1:ld1-1643390182193-1643390188788-0,accessionNumber,fsg_F1913.153
entity:artifact:1:ld1-1643390182193-1643390188789-0,accessionNumber,fsg_F1913.154
entity:artifact:1:ld1-1643390182193-1643390188789-1,accessionNumber,fsg_F1913.155
entity:artifact:1:ld1-1643390182193-1643390188790-0,accessionNumber,fsg_F1913.156
entity:artifact:1:ld1-1643390182193-1643390188820-0,accessionNumber,fsg_F1913.188
entity:artifact:1:ld1-1643390182193-1643390188827-0,accessionNumber,fsg_F1913.196
entity:artifact:1:ld1-1643390182193-1643390188828-0,accessionNumber,fsg_F1913.197
entity:artifact:1:ld1-1643390182193-1643390188833-0,accessionNumber,fsg_F1914.3
entity:artifact:1:ld1-1643390182193-1643390188834-0,accessionNumber,fsg_F1914.4
entity:artifact:1:ld1-1643390182193-1643390188835-0,accessionNumber,fsg_F1914.5
entity:artifact:1:ld1-1643390182193-1643390188836-0,accessionNumber,fsg_F1914.6
entity:artifact:1:ld1-1643390182193-1643390188850-0,accessionNumber,fsg_F1914.21a-h
entity:artifact:1:ld1-1643390182193-1643390188862-0,accessionNumber,fsg_F1914.34
entity:artifact:1:ld1-1643390182193-1643390188863-0,accessionNumber,fsg_F1914.35
entity:artifact:1:ld1-1643390182193-1643390188864-0,accessionNumber,fsg_F1914.36
entity:artifact:1:ld1-1643390182193-1643390188873-0,accessionNumber,fsg_F1914.49
entity:artifact:1:ld1-1643390182193-1643390188877-1,accessionNumber,fsg_F1914.55
entity:artifact:1:ld1-1643390182193-1643390188879-0,accessionNumber,fsg_F1914.57
entity:artifact:1:ld1-1643390182193-1643390188891-0,accessionNumber,fsg_F1914.60
entity:artifact:1:ld1-1643390182193-1643390188892-0,accessionNumber,fsg_F1914.61
entity:artifact:1:ld1-1643390182193-1643390188893-0,accessionNumber,fsg_F1914.62
entity:artifact:1:ld1-1643390182193-1643390188903-0,accessionNumber,fsg_F1914.76
entity:artifact:1:ld1-1643390182193-1643390188903-1,accessionNumber,fsg_F1914.77
entity:artifact:1:ld1-1643390182193-1643390188906-0,accessionNumber,fsg_F1914.81
entity:artifact:1:ld1-1643390182193-1643390188907-0,accessionNumber,fsg_F1914.82
entity:artifact:1:ld1-1643390182193-1643390188908-0,accessionNumber,fsg_F1914.83
entity:artifact:1:ld1-1643390182193-1643390188910-0,accessionNumber,fsg_F1914.86a-b
entity:artifact:1:ld1-1643390182193-1643390188920-0,accessionNumber,fsg_F1914.100
entity:artifact:1:ld1-1643390182193-1643390188921-0,accessionNumber,fsg_F1914.101
entity:artifact:1:ld1-1643390182193-1643390188921-1,accessionNumber,fsg_F1914.102
entity:artifact:1:ld1-1643390182193-1643390188922-0,accessionNumber,fsg_F1914.103
entity:artifact:1:ld1-1643390182193-1643390188923-0,accessionNumber,fsg_F1914.104
entity:artifact:1:ld1-1643390182193-1643390188926-0,accessionNumber,fsg_F1914.108
entity:artifact:1:ld1-1643390182193-1643390188926-1,accessionNumber,fsg_F1914.109
entity:artifact:1:ld1-1643390182193-1643390188956-0,accessionNumber,fsg_F1914.147a
entity:artifact:1:ld1-1643390182193-1643390188957-0,accessionNumber,fsg_F1914.147b
entity:artifact:1:ld1-1643390182193-1643390188959-0,accessionNumber,fsg_F1915.1
entity:artifact:1:ld1-1643390182193-1643390188960-0,accessionNumber,fsg_F1915.2
entity:artifact:1:ld1-1643390182193-1643390188962-1,accessionNumber,fsg_F1915.5
entity:artifact:1:ld1-1643390182193-1643390188963-0,accessionNumber,fsg_F1915.6
entity:artifact:1:ld1-1643390182193-1643390188964-0,accessionNumber,fsg_F1915.7
entity:artifact:1:ld1-1643390182193-1643390188965-0,accessionNumber,fsg_F1915.8
entity:artifact:1:ld1-1643390182193-1643390188966-0,accessionNumber,fsg_F1915.9
entity:artifact:1:ld1-1643390182193-1643390188967-0,accessionNumber,fsg_F1915.10
entity:artifact:1:ld1-1643390182193-1643390188968-0,accessionNumber,fsg_F1915.11
entity:artifact:1:ld1-1643390182193-1643390188970-0,accessionNumber,fsg_F1915.13
entity:artifact:1:ld1-1643390182193-1643390188988-0,accessionNumber,fsg_F1915.29
entity:artifact:1:ld1-1643390182193-1643390188989-0,accessionNumber,fsg_F1915.30
entity:artifact:1:ld1-1643390182193-1643390188990-0,accessionNumber,fsg_F1915.31
entity:artifact:1:ld1-1643390182193-1643390188992-1,accessionNumber,fsg_F1915.34
entity:artifact:1:ld1-1643390182193-1643390189005-0,accessionNumber,fsg_F1915.38
entity:artifact:1:ld1-1643390182193-1643390189006-0,accessionNumber,fsg_F1915.40
entity:artifact:1:ld1-1643390182193-1643390189007-0,accessionNumber,fsg_F1915.41
entity:artifact:1:ld1-1643390182193-1643390189008-0,accessionNumber,fsg_F1915.43
entity:artifact:1:ld1-1643390182193-1643390189009-0,accessionNumber,fsg_F1915.44a-b
entity:artifact:1:ld1-1643390182193-1643390189009-1,accessionNumber,fsg_F1915.45a-b
entity:artifact:1:ld1-1643390182193-1643390189014-0,accessionNumber,fsg_F1915.51
entity:artifact:1:ld1-1643390182193-1643390189020-0,accessionNumber,fsg_F1915.59
entity:artifact:1:ld1-1643390182193-1643390189020-1,accessionNumber,fsg_F1915.60a-d
entity:artifact:1:ld1-1643390182193-1643390189027-0,accessionNumber,fsg_F1915.73
entity:artifact:1:ld1-1643390182193-1643390189028-0,accessionNumber,fsg_F1915.74
entity:artifact:1:ld1-1643390182193-1643390189030-1,accessionNumber,fsg_F1915.78a-b
entity:artifact:1:ld1-1643390182193-1643390189031-0,accessionNumber,fsg_F1915.79
entity:artifact:1:ld1-1643390182193-1643390189032-0,accessionNumber,fsg_F1915.80
entity:artifact:1:ld1-1643390182193-1643390189032-1,accessionNumber,fsg_F1915.81
entity:artifact:1:ld1-1643390182193-1643390189033-0,accessionNumber,fsg_F1915.82
entity:artifact:1:ld1-1643390182193-1643390189034-0,accessionNumber,fsg_F1915.83
entity:artifact:1:ld1-1643390182193-1643390189041-0,accessionNumber,fsg_F1915.94
entity:artifact:1:ld1-1643390182193-1643390189042-0,accessionNumber,fsg_F1915.95
entity:artifact:1:ld1-1643390182193-1643390189047-1,accessionNumber,fsg_F1915.102
entity:artifact:1:ld1-1643390182193-1643390189049-0,accessionNumber,fsg_F1915.103a-b
entity:artifact:1:ld1-1643390182193-1643390189050-0,accessionNumber,fsg_F1915.104
entity:artifact:1:ld1-1643390182193-1643390189052-0,accessionNumber,fsg_F1915.106a-f
entity:artifact:1:ld1-1643390182193-1643390189053-0,accessionNumber,fsg_F1915.107
entity:artifact:1:ld1-1643390182193-1643390189054-0,accessionNumber,fsg_F1915.108
entity:artifact:1:ld1-1643390182193-1643390189054-1,accessionNumber,fsg_F1915.109
entity:artifact:1:ld1-1643390182193-1643390189055-0,accessionNumber,fsg_F1915.110
entity:artifact:1:ld1-1643390182193-1643390189060-0,accessionNumber,fsg_F1915.117
entity:artifact:1:ld1-1643390182193-1643390189061-1,accessionNumber,fsg_F1915.119
entity:artifact:1:ld1-1643390182193-1643390189062-0,accessionNumber,fsg_F1915.120
entity:artifact:1:ld1-1643390182193-1643390189078-1,accessionNumber,fsg_F1915.137
entity:artifact:1:ld1-1643390182193-1643390189080-0,accessionNumber,fsg_F1915.140
entity:artifact:1:ld1-1643390182193-1643390189081-0,accessionNumber,fsg_F1915.141
entity:artifact:1:ld1-1643390182193-1643390189083-0,accessionNumber,fsg_F1915.143
entity:artifact:1:ld1-1643390182193-1643390189084-0,accessionNumber,fsg_F1915.144
entity:artifact:1:ld1-1643390182193-1643390189085-1,accessionNumber,fsg_F1915.146
entity:artifact:1:ld1-1643390182193-1643390189086-0,accessionNumber,fsg_F1915.147
entity:artifact:1:ld1-1643390182193-1643390189088-0,accessionNumber,fsg_F1915.149
entity:artifact:1:ld1-1643390182193-1643390189089-0,accessionNumber,fsg_F1915.150
entity:artifact:1:ld1-1643390182193-1643390189090-0,accessionNumber,fsg_F1915.151
entity:artifact:1:ld1-1643390182193-1643390189090-1,accessionNumber,fsg_F1915.152
entity:artifact:1:ld1-1643390182193-1643390189091-0,accessionNumber,fsg_F1915.153
entity:artifact:1:ld1-1643390182193-1643390189094-0,accessionNumber,fsg_F1915.156
entity:artifact:1:ld1-1643390182193-1643390189095-0,accessionNumber,fsg_F1915.157
entity:artifact:1:ld1-1643390182193-1643390189096-0,accessionNumber,fsg_F1915.158
entity:artifact:1:ld1-1643390182193-1643390189097-0,accessionNumber,fsg_F1915.159
entity:artifact:1:ld1-1643390182193-1643390189097-1,accessionNumber,fsg_F1915.160
entity:artifact:1:ld1-1643390182193-1643390189098-0,accessionNumber,fsg_F1915.161
entity:artifact:1:ld1-1643390182193-1643390189105-0,accessionNumber,fsg_F1915.169
entity:artifact:1:ld1-1643390182193-1643390189107-0,accessionNumber,fsg_F1915.172
entity:artifact:1:ld1-1643390182193-1643390189110-0,accessionNumber,fsg_F1915.176
entity:artifact:1:ld1-1643390182193-1643390189111-0,accessionNumber,fsg_F1915.177
entity:artifact:1:ld1-1643390182193-1643390189112-0,accessionNumber,fsg_F1915.178
entity:artifact:1:ld1-1643390182193-1643390189115-0,accessionNumber,fsg_F1915.182
entity:artifact:1:ld1-1643390182193-1643390189117-0,accessionNumber,fsg_F1915.184
entity:artifact:1:ld1-1643390182193-1643390189125-1,accessionNumber,fsg_F1915.195a-c
entity:artifact:1:ld1-1643390182193-1643390189126-0,accessionNumber,fsg_F1915.196
entity:artifact:1:ld1-1643390182193-1643390189130-0,accessionNumber,fsg_F1915.200
entity:artifact:1:ld1-1643390182193-1643390189130-1,accessionNumber,fsg_F1915.201
entity:artifact:1:ld1-1643390182193-1643390189131-0,accessionNumber,fsg_F1915.202
entity:artifact:1:ld1-1643390182193-1643390189134-0,accessionNumber,fsg_F1915.205
entity:artifact:1:ld1-1643390182193-1643390189135-1,accessionNumber,fsg_F1915.207
entity:artifact:1:ld1-1643390182193-1643390189139-0,accessionNumber,fsg_F1915.211
entity:artifact:1:ld1-1643390182193-1643390189140-1,accessionNumber,fsg_F1915.213
entity:artifact:1:ld1-1643390182193-1643390189141-0,accessionNumber,fsg_F1915.214
entity:artifact:1:ld1-1643390182193-1643390189142-0,accessionNumber,fsg_F1915.215
entity:artifact:1:ld1-1643390182193-1643390189146-0,accessionNumber,fsg_F1915.219
entity:artifact:1:ld1-1643390182193-1643390189147-0,accessionNumber,fsg_F1915.220
entity:artifact:1:ld1-1643390182193-1643390189147-1,accessionNumber,fsg_F1915.221
entity:artifact:1:ld1-1643390182193-1643390189148-0,accessionNumber,fsg_F1915.222
entity:artifact:1:ld1-1643390182193-1643390189149-0,accessionNumber,fsg_F1915.223
entity:artifact:1:ld1-1643390182193-1643390189154-0,accessionNumber,fsg_F1915.229
entity:artifact:1:ld1-1643390182193-1643390189155-0,accessionNumber,fsg_F1915.230
entity:artifact:1:ld1-1643390182193-1643390189156-0,accessionNumber,fsg_F1915.231
entity:artifact:1:ld1-1643390182193-1643390189157-0,accessionNumber,fsg_F1915.232
entity:artifact:1:ld1-1643390182193-1643390189158-0,accessionNumber,fsg_F1915.233
entity:artifact:1:ld1-1643390182193-1643390189158-1,accessionNumber,fsg_F1915.234
entity:artifact:1:ld1-1643390182193-1643390189160-0,accessionNumber,fsg_F1915.236
entity:artifact:1:ld1-1643390182193-1643390189167-0,accessionNumber,fsg_F1915.246
entity:artifact:1:ld1-1643390182193-1643390189168-0,accessionNumber,fsg_F1915.248
entity:artifact:1:ld1-1643390182193-1643390189199-1,accessionNumber,fsg_F1915.296
entity:artifact:1:ld1-1643390182193-1643390189216-0,accessionNumber,fsg_F1915.319
entity:artifact:1:ld1-1643390182193-1643390189221-0,accessionNumber,fsg_F1915.327
entity:artifact:1:ld1-1643390182193-1643390189222-0,accessionNumber,fsg_F1915.328
entity:artifact:1:ld1-1643390182193-1643390189223-0,accessionNumber,fsg_F1915.329
entity:artifact:1:ld1-1643390182193-1643390189224-0,accessionNumber,fsg_F1915.330
entity:artifact:1:ld1-1643390182193-1643390189224-1,accessionNumber,fsg_F1915.331
entity:artifact:1:ld1-1643390182193-1643390189225-0,accessionNumber,fsg_F1915.332
entity:artifact:1:ld1-1643390182193-1643390189226-0,accessionNumber,fsg_F1915.333
entity:artifact:1:ld1-1643390182193-1643390189229-0,accessionNumber,fsg_F1915.336
entity:artifact:1:ld1-1643390182193-1643390189233-0,accessionNumber,fsg_F1915.340
entity:artifact:1:ld1-1643390182193-1643390189233-1,accessionNumber,fsg_F1916.1
entity:artifact:1:ld1-1643390182193-1643390189238-0,accessionNumber,fsg_F1916.6
entity:artifact:1:ld1-1643390182193-1643390189239-0,accessionNumber,fsg_F1916.7
entity:artifact:1:ld1-1643390182193-1643390189240-0,accessionNumber,fsg_F1916.8
entity:artifact:1:ld1-1643390182193-1643390189240-1,accessionNumber,fsg_F1916.9
entity:artifact:1:ld1-1643390182193-1643390189241-0,accessionNumber,fsg_F1916.10
entity:artifact:1:ld1-1643390182193-1643390189242-0,accessionNumber,fsg_F1916.11
entity:artifact:1:ld1-1643390182193-1643390189243-0,accessionNumber,fsg_F1916.12
entity:artifact:1:ld1-1643390182193-1643390189244-0,accessionNumber,fsg_F1916.14
entity:artifact:1:ld1-1643390182193-1643390189246-1,accessionNumber,fsg_F1916.18
entity:artifact:1:ld1-1643390182193-1643390189248-0,accessionNumber,fsg_F1916.20
entity:artifact:1:ld1-1643390182193-1643390189248-1,accessionNumber,fsg_F1916.21
entity:artifact:1:ld1-1643390182193-1643390189251-0,accessionNumber,fsg_F1916.25
entity:artifact:1:ld1-1643390182193-1643390189252-0,accessionNumber,fsg_F1916.26
entity:artifact:1:ld1-1643390182193-1643390189252-1,accessionNumber,fsg_F1916.27
entity:artifact:1:ld1-1643390182193-1643390189253-0,accessionNumber,fsg_F1916.28
entity:artifact:1:ld1-1643390182193-1643390189254-1,accessionNumber,fsg_F1916.30
entity:artifact:1:ld1-1643390182193-1643390189256-1,accessionNumber,fsg_F1916.33
entity:artifact:1:ld1-1643390182193-1643390189257-0,accessionNumber,fsg_F1916.34
entity:artifact:1:ld1-1643390182193-1643390189258-0,accessionNumber,fsg_F1916.35
entity:artifact:1:ld1-1643390182193-1643390189261-0,accessionNumber,fsg_F1916.39
entity:artifact:1:ld1-1643390182193-1643390189261-1,accessionNumber,fsg_F1916.40
entity:artifact:1:ld1-1643390182193-1643390189263-0,accessionNumber,fsg_F1916.42
entity:artifact:1:ld1-1643390182193-1643390189266-0,accessionNumber,fsg_F1916.45
entity:artifact:1:ld1-1643390182193-1643390189267-0,accessionNumber,fsg_F1916.46
entity:artifact:1:ld1-1643390182193-1643390189268-0,accessionNumber,fsg_F1916.48
entity:artifact:1:ld1-1643390182193-1643390189269-0,accessionNumber,fsg_F1916.49
entity:artifact:1:ld1-1643390182193-1643390189269-1,accessionNumber,fsg_F1916.50
entity:artifact:1:ld1-1643390182193-1643390189271-0,accessionNumber,fsg_F1916.52
entity:artifact:1:ld1-1643390182193-1643390189271-1,accessionNumber,fsg_F1916.53
entity:artifact:1:ld1-1643390182193-1643390189273-0,accessionNumber,fsg_F1916.55
entity:artifact:1:ld1-1643390182193-1643390189274-0,accessionNumber,fsg_F1916.57
entity:artifact:1:ld1-1643390182193-1643390189275-0,accessionNumber,fsg_F1916.58
entity:artifact:1:ld1-1643390182193-1643390189275-1,accessionNumber,fsg_F1916.59
entity:artifact:1:ld1-1643390182193-1643390189276-0,accessionNumber,fsg_F1916.60
entity:artifact:1:ld1-1643390182193-1643390189277-0,accessionNumber,fsg_F1916.61
entity:artifact:1:ld1-1643390182193-1643390189278-0,accessionNumber,fsg_F1916.62
entity:artifact:1:ld1-1643390182193-1643390189279-0,accessionNumber,fsg_F1916.64
entity:artifact:1:ld1-1643390182193-1643390189280-0,accessionNumber,fsg_F1916.65
entity:artifact:1:ld1-1643390182193-1643390189281-0,accessionNumber,fsg_F1916.66
entity:artifact:1:ld1-1643390182193-1643390189282-0,accessionNumber,fsg_F1916.68
entity:artifact:1:ld1-1643390182193-1643390189283-1,accessionNumber,fsg_F1916.70
entity:artifact:1:ld1-1643390182193-1643390189284-0,accessionNumber,fsg_F1916.71
entity:artifact:1:ld1-1643390182193-1643390189286-0,accessionNumber,fsg_F1916.73
entity:artifact:1:ld1-1643390182193-1643390189287-0,accessionNumber,fsg_F1916.74
entity:artifact:1:ld1-1643390182193-1643390189290-0,accessionNumber,fsg_F1916.75
entity:artifact:1:ld1-1643390182193-1643390189292-0,accessionNumber,fsg_F1916.78
entity:artifact:1:ld1-1643390182193-1643390189293-0,accessionNumber,fsg_F1916.79
entity:artifact:1:ld1-1643390182193-1643390189295-0,accessionNumber,fsg_F1916.82
entity:artifact:1:ld1-1643390182193-1643390189296-1,accessionNumber,fsg_F1916.84
entity:artifact:1:ld1-1643390182193-1643390189297-0,accessionNumber,fsg_F1916.85
entity:artifact:1:ld1-1643390182193-1643390189299-1,accessionNumber,fsg_F1916.88
entity:artifact:1:ld1-1643390182193-1643390189301-1,accessionNumber,fsg_F1916.91
entity:artifact:1:ld1-1643390182193-1643390189302-0,accessionNumber,fsg_F1916.92
entity:artifact:1:ld1-1643390182193-1643390189303-0,accessionNumber,fsg_F1916.93
entity:artifact:1:ld1-1643390182193-1643390189305-0,accessionNumber,fsg_F1916.96
entity:artifact:1:ld1-1643390182193-1643390189306-0,accessionNumber,fsg_F1916.97
entity:artifact:1:ld1-1643390182193-1643390189306-1,accessionNumber,fsg_F1916.98
entity:artifact:1:ld1-1643390182193-1643390189308-0,accessionNumber,fsg_F1916.100
entity:artifact:1:ld1-1643390182193-1643390189310-0,accessionNumber,fsg_F1916.103
entity:artifact:1:ld1-1643390182193-1643390189312-0,accessionNumber,fsg_F1916.105
entity:artifact:1:ld1-1643390182193-1643390189313-0,accessionNumber,fsg_F1916.106
entity:artifact:1:ld1-1643390182193-1643390189314-0,accessionNumber,fsg_F1916.107
entity:artifact:1:ld1-1643390182193-1643390189315-0,accessionNumber,fsg_F1916.108
entity:artifact:1:ld1-1643390182193-1643390189316-0,accessionNumber,fsg_F1916.109
entity:artifact:1:ld1-1643390182193-1643390189317-0,accessionNumber,fsg_F1916.110
entity:artifact:1:ld1-1643390182193-1643390189318-0,accessionNumber,fsg_F1916.111
entity:artifact:1:ld1-1643390182193-1643390189320-0,accessionNumber,fsg_F1916.114
entity:artifact:1:ld1-1643390182193-1643390189322-0,accessionNumber,fsg_F1916.117
entity:artifact:1:ld1-1643390182193-1643390189323-0,accessionNumber,fsg_F1916.118
entity:artifact:1:ld1-1643390182193-1643390189331-0,accessionNumber,fsg_F1916.129
entity:artifact:1:ld1-1643390182193-1643390189335-1,accessionNumber,fsg_F1916.134
entity:artifact:1:ld1-1643390182193-1643390189338-0,accessionNumber,fsg_F1916.137
entity:artifact:1:ld1-1643390182193-1643390189339-0,accessionNumber,fsg_F1916.139
entity:artifact:1:ld1-1643390182193-1643390189340-0,accessionNumber,fsg_F1916.140
entity:artifact:1:ld1-1643390182193-1643390189341-0,accessionNumber,fsg_F1916.141
entity:artifact:1:ld1-1643390182193-1643390189341-1,accessionNumber,fsg_F1916.142
entity:artifact:1:ld1-1643390182193-1643390189342-0,accessionNumber,fsg_F1916.143
entity:artifact:1:ld1-1643390182193-1643390189343-0,accessionNumber,fsg_F1916.144
entity:artifact:1:ld1-1643390182193-1643390189344-0,accessionNumber,fsg_F1916.145
entity:artifact:1:ld1-1643390182193-1643390189345-0,accessionNumber,fsg_F1916.146
entity:artifact:1:ld1-1643390182193-1643390189346-0,accessionNumber,fsg_F1916.147
entity:artifact:1:ld1-1643390182193-1643390189346-1,accessionNumber,fsg_F1916.148
entity:artifact:1:ld1-1643390182193-1643390189348-0,accessionNumber,fsg_F1916.149
entity:artifact:1:ld1-1643390182193-1643390189349-0,accessionNumber,fsg_F1916.150
entity:artifact:1:ld1-1643390182193-1643390189349-1,accessionNumber,fsg_F1916.151
entity:artifact:1:ld1-1643390182193-1643390189351-0,accessionNumber,fsg_F1916.153
entity:artifact:1:ld1-1643390182193-1643390189351-1,accessionNumber,fsg_F1916.154
entity:artifact:1:ld1-1643390182193-1643390189352-0,accessionNumber,fsg_F1916.155
entity:artifact:1:ld1-1643390182193-1643390189353-0,accessionNumber,fsg_F1916.156
entity:artifact:1:ld1-1643390182193-1643390189354-0,accessionNumber,fsg_F1916.157
entity:artifact:1:ld1-1643390182193-1643390189356-0,accessionNumber,fsg_F1916.160
entity:artifact:1:ld1-1643390182193-1643390189357-0,accessionNumber,fsg_F1916.161
entity:artifact:1:ld1-1643390182193-1643390189357-1,accessionNumber,fsg_F1916.162
entity:artifact:1:ld1-1643390182193-1643390189358-0,accessionNumber,fsg_F1916.163
entity:artifact:1:ld1-1643390182193-1643390189359-0,accessionNumber,fsg_F1916.164
entity:artifact:1:ld1-1643390182193-1643390189360-0,accessionNumber,fsg_F1916.165
entity:artifact:1:ld1-1643390182193-1643390189361-0,accessionNumber,fsg_F1916.166
entity:artifact:1:ld1-1643390182193-1643390189361-1,accessionNumber,fsg_F1916.167
entity:artifact:1:ld1-1643390182193-1643390189362-0,accessionNumber,fsg_F1916.168
entity:artifact:1:ld1-1643390182193-1643390189363-0,accessionNumber,fsg_F1916.169
entity:artifact:1:ld1-1643390182193-1643390189364-1,accessionNumber,fsg_F1916.171a-b
entity:artifact:1:ld1-1643390182193-1643390189366-1,accessionNumber,fsg_F1916.173
entity:artifact:1:ld1-1643390182193-1643390189369-0,accessionNumber,fsg_F1916.177
entity:artifact:1:ld1-1643390182193-1643390189370-0,accessionNumber,fsg_F1916.178
entity:artifact:1:ld1-1643390182193-1643390189375-0,accessionNumber,fsg_F1916.185
entity:artifact:1:ld1-1643390182193-1643390189376-0,accessionNumber,fsg_F1916.186
entity:artifact:1:ld1-1643390182193-1643390189377-1,accessionNumber,fsg_F1916.188
entity:artifact:1:ld1-1643390182193-1643390189379-0,accessionNumber,fsg_F1916.190
entity:artifact:1:ld1-1643390182193-1643390189380-0,accessionNumber,fsg_F1916.191
entity:artifact:1:ld1-1643390182193-1643390189382-1,accessionNumber,fsg_F1916.195
entity:artifact:1:ld1-1643390182193-1643390189386-0,accessionNumber,fsg_F1916.200a-b
entity:artifact:1:ld1-1643390182193-1643390189387-0,accessionNumber,fsg_F1916.201
entity:artifact:1:ld1-1643390182193-1643390189388-0,accessionNumber,fsg_F1916.203
entity:artifact:1:ld1-1643390182193-1643390189389-0,accessionNumber,fsg_F1916.204
entity:artifact:1:ld1-1643390182193-1643390189390-1,accessionNumber,fsg_F1916.206
entity:artifact:1:ld1-1643390182193-1643390189391-0,accessionNumber,fsg_F1916.207
entity:artifact:1:ld1-1643390182193-1643390189392-0,accessionNumber,fsg_F1916.208
entity:artifact:1:ld1-1643390182193-1643390189393-0,accessionNumber,fsg_F1916.210
entity:artifact:1:ld1-1643390182193-1643390189394-0,accessionNumber,fsg_F1916.211
entity:artifact:1:ld1-1643390182193-1643390189395-0,accessionNumber,fsg_F1916.212a-b
entity:artifact:1:ld1-1643390182193-1643390189395-1,accessionNumber,fsg_F1916.213a-b
entity:artifact:1:ld1-1643390182193-1643390189397-0,accessionNumber,fsg_F1916.215
entity:artifact:1:ld1-1643390182193-1643390189398-0,accessionNumber,fsg_F1916.216
entity:artifact:1:ld1-1643390182193-1643390189400-1,accessionNumber,fsg_F1916.220
entity:artifact:1:ld1-1643390182193-1643390189404-0,accessionNumber,fsg_F1916.224
entity:artifact:1:ld1-1643390182193-1643390189410-0,accessionNumber,fsg_F1916.231
entity:artifact:1:ld1-1643390182193-1643390189411-1,accessionNumber,fsg_F1916.233
entity:artifact:1:ld1-1643390182193-1643390189413-0,accessionNumber,fsg_F1916.235
entity:artifact:1:ld1-1643390182193-1643390189414-0,accessionNumber,fsg_F1916.237
entity:artifact:1:ld1-1643390182193-1643390189416-0,accessionNumber,fsg_F1916.239
entity:artifact:1:ld1-1643390182193-1643390189416-1,accessionNumber,fsg_F1916.240
entity:artifact:1:ld1-1643390182193-1643390189419-0,accessionNumber,fsg_F1916.244
entity:artifact:1:ld1-1643390182193-1643390189422-0,accessionNumber,fsg_F1916.248a-b
entity:artifact:1:ld1-1643390182193-1643390189425-0,accessionNumber,fsg_F1916.251
entity:artifact:1:ld1-1643390182193-1643390189427-0,accessionNumber,fsg_F1916.254
entity:artifact:1:ld1-1643390182193-1643390189428-0,accessionNumber,fsg_F1916.255a-d
entity:artifact:1:ld1-1643390182193-1643390189429-0,accessionNumber,fsg_F1916.256a-c
entity:artifact:1:ld1-1643390182193-1643390189429-1,accessionNumber,fsg_F1916.257a-c
entity:artifact:1:ld1-1643390182193-1643390189433-1,accessionNumber,fsg_F1916.262
entity:artifact:1:ld1-1643390182193-1643390189435-0,accessionNumber,fsg_F1916.264a-b
entity:artifact:1:ld1-1643390182193-1643390189437-0,accessionNumber,fsg_F1916.266
entity:artifact:1:ld1-1643390182193-1643390189438-0,accessionNumber,fsg_F1916.267
entity:artifact:1:ld1-1643390182193-1643390189439-0,accessionNumber,fsg_F1916.268
entity:artifact:1:ld1-1643390182193-1643390189440-0,accessionNumber,fsg_F1916.269a-c
entity:artifact:1:ld1-1643390182193-1643390189440-1,accessionNumber,fsg_F1916.270a-b
entity:artifact:1:ld1-1643390182193-1643390189441-0,accessionNumber,fsg_F1916.271
entity:artifact:1:ld1-1643390182193-1643390189442-0,accessionNumber,fsg_F1916.272
entity:artifact:1:ld1-1643390182193-1643390189443-0,accessionNumber,fsg_F1916.273
entity:artifact:1:ld1-1643390182193-1643390189443-1,accessionNumber,fsg_F1916.274
entity:artifact:1:ld1-1643390182193-1643390189444-0,accessionNumber,fsg_F1916.275a-c
entity:artifact:1:ld1-1643390182193-1643390189445-0,accessionNumber,fsg_F1916.276
entity:artifact:1:ld1-1643390182193-1643390189445-1,accessionNumber,fsg_F1916.277
entity:artifact:1:ld1-1643390182193-1643390189449-1,accessionNumber,fsg_F1916.284
entity:artifact:1:ld1-1643390182193-1643390189450-0,accessionNumber,fsg_F1916.285
entity:artifact:1:ld1-1643390182193-1643390189451-1,accessionNumber,fsg_F1916.287
entity:artifact:1:ld1-1643390182193-1643390189453-0,accessionNumber,fsg_F1916.289
entity:artifact:1:ld1-1643390182193-1643390189454-0,accessionNumber,fsg_F1916.290
entity:artifact:1:ld1-1643390182193-1643390189460-0,accessionNumber,fsg_F1916.291
entity:artifact:1:ld1-1643390182193-1643390189462-1,accessionNumber,fsg_F1916.295
entity:artifact:1:ld1-1643390182193-1643390189463-0,accessionNumber,fsg_F1916.296
entity:artifact:1:ld1-1643390182193-1643390189464-0,accessionNumber,fsg_F1916.297a-b
entity:artifact:1:ld1-1643390182193-1643390189467-0,accessionNumber,fsg_F1916.302
entity:artifact:1:ld1-1643390182193-1643390189468-0,accessionNumber,fsg_F1916.303
entity:artifact:1:ld1-1643390182193-1643390189470-1,accessionNumber,fsg_F1916.307
entity:artifact:1:ld1-1643390182193-1643390189471-0,accessionNumber,fsg_F1916.308
entity:artifact:1:ld1-1643390182193-1643390189475-1,accessionNumber,fsg_F1916.314
entity:artifact:1:ld1-1643390182193-1643390189477-0,accessionNumber,fsg_F1916.316
entity:artifact:1:ld1-1643390182193-1643390189477-1,accessionNumber,fsg_F1916.317
entity:artifact:1:ld1-1643390182193-1643390189478-0,accessionNumber,fsg_F1916.318
entity:artifact:1:ld1-1643390182193-1643390189481-1,accessionNumber,fsg_F1916.323
entity:artifact:1:ld1-1643390182193-1643390189485-0,accessionNumber,fsg_F1916.328
entity:artifact:1:ld1-1643390182193-1643390189486-1,accessionNumber,fsg_F1916.330
entity:artifact:1:ld1-1643390182193-1643390189487-0,accessionNumber,fsg_F1916.331
entity:artifact:1:ld1-1643390182193-1643390189488-0,accessionNumber,fsg_F1916.332
entity:artifact:1:ld1-1643390182193-1643390189488-1,accessionNumber,fsg_F1916.333
entity:artifact:1:ld1-1643390182193-1643390189497-0,accessionNumber,fsg_F1916.345
entity:artifact:1:ld1-1643390182193-1643390189498-0,accessionNumber,fsg_F1916.346a-b
entity:artifact:1:ld1-1643390182193-1643390189499-0,accessionNumber,fsg_F1916.347
entity:artifact:1:ld1-1643390182193-1643390189500-0,accessionNumber,fsg_F1916.348
entity:artifact:1:ld1-1643390182193-1643390189500-1,accessionNumber,fsg_F1916.349
entity:artifact:1:ld1-1643390182193-1643390189501-0,accessionNumber,fsg_F1916.350
entity:artifact:1:ld1-1643390182193-1643390189502-0,accessionNumber,fsg_F1916.351
entity:artifact:1:ld1-1643390182193-1643390189502-1,accessionNumber,fsg_F1916.352
entity:artifact:1:ld1-1643390182193-1643390189505-0,accessionNumber,fsg_F1916.356
entity:artifact:1:ld1-1643390182193-1643390189506-0,accessionNumber,fsg_F1916.357
entity:artifact:1:ld1-1643390182193-1643390189510-0,accessionNumber,fsg_F1916.361
entity:artifact:1:ld1-1643390182193-1643390189514-0,accessionNumber,fsg_F1916.365
entity:artifact:1:ld1-1643390182193-1643390189517-0,accessionNumber,fsg_F1916.368
entity:artifact:1:ld1-1643390182193-1643390189518-0,accessionNumber,fsg_F1916.369
entity:artifact:1:ld1-1643390182193-1643390189523-0,accessionNumber,fsg_F1916.375
entity:artifact:1:ld1-1643390182193-1643390189525-0,accessionNumber,fsg_F1916.378
entity:artifact:1:ld1-1643390182193-1643390189526-0,accessionNumber,fsg_F1916.379
entity:artifact:1:ld1-1643390182193-1643390189526-1,accessionNumber,fsg_F1916.380
entity:artifact:1:ld1-1643390182193-1643390189527-0,accessionNumber,fsg_F1916.381
entity:artifact:1:ld1-1643390182193-1643390189529-1,accessionNumber,fsg_F1916.384
entity:artifact:1:ld1-1643390182193-1643390189532-0,accessionNumber,fsg_F1916.387
entity:artifact:1:ld1-1643390182193-1643390189533-1,accessionNumber,fsg_F1916.389
entity:artifact:1:ld1-1643390182193-1643390189537-0,accessionNumber,fsg_F1916.393
entity:artifact:1:ld1-1643390182193-1643390189545-0,accessionNumber,fsg_F1916.403
entity:artifact:1:ld1-1643390182193-1643390189546-0,accessionNumber,fsg_F1916.404
entity:artifact:1:ld1-1643390182193-1643390189546-1,accessionNumber,fsg_F1916.405
entity:artifact:1:ld1-1643390182193-1643390189548-0,accessionNumber,fsg_F1916.407
entity:artifact:1:ld1-1643390182193-1643390189549-0,accessionNumber,fsg_F1916.408
entity:artifact:1:ld1-1643390182193-1643390189550-0,accessionNumber,fsg_F1916.409
entity:artifact:1:ld1-1643390182193-1643390189551-0,accessionNumber,fsg_F1916.410
entity:artifact:1:ld1-1643390182193-1643390189552-0,accessionNumber,fsg_F1916.411
entity:artifact:1:ld1-1643390182193-1643390189555-0,accessionNumber,fsg_F1916.413
entity:artifact:1:ld1-1643390182193-1643390189555-1,accessionNumber,fsg_F1916.414a-b
entity:artifact:1:ld1-1643390182193-1643390189557-0,accessionNumber,fsg_F1916.416
entity:artifact:1:ld1-1643390182193-1643390189557-1,accessionNumber,fsg_F1916.417
entity:artifact:1:ld1-1643390182193-1643390189572-1,accessionNumber,fsg_F1916.437
entity:artifact:1:ld1-1643390182193-1643390189575-0,accessionNumber,fsg_F1916.440
entity:artifact:1:ld1-1643390182193-1643390189576-0,accessionNumber,fsg_F1916.441
entity:artifact:1:ld1-1643390182193-1643390189577-0,accessionNumber,fsg_F1916.442
entity:artifact:1:ld1-1643390182193-1643390189578-0,accessionNumber,fsg_F1916.443
entity:artifact:1:ld1-1643390182193-1643390189579-0,accessionNumber,fsg_F1916.444
entity:artifact:1:ld1-1643390182193-1643390189580-0,accessionNumber,fsg_F1916.446
entity:artifact:1:ld1-1643390182193-1643390189581-0,accessionNumber,fsg_F1916.447
entity:artifact:1:ld1-1643390182193-1643390189582-0,accessionNumber,fsg_F1916.448
entity:artifact:1:ld1-1643390182193-1643390189583-0,accessionNumber,fsg_F1916.449
entity:artifact:1:ld1-1643390182193-1643390189583-1,accessionNumber,fsg_F1916.450
entity:artifact:1:ld1-1643390182193-1643390189584-0,accessionNumber,fsg_F1916.451
entity:artifact:1:ld1-1643390182193-1643390189585-0,accessionNumber,fsg_F1916.452
entity:artifact:1:ld1-1643390182193-1643390189585-1,accessionNumber,fsg_F1916.453
entity:artifact:1:ld1-1643390182193-1643390189586-0,accessionNumber,fsg_F1916.454
entity:artifact:1:ld1-1643390182193-1643390189587-0,accessionNumber,fsg_F1916.455
entity:artifact:1:ld1-1643390182193-1643390189588-0,accessionNumber,fsg_F1916.456a-b
entity:artifact:1:ld1-1643390182193-1643390189589-0,accessionNumber,fsg_F1916.457
entity:artifact:1:ld1-1643390182193-1643390189590-0,accessionNumber,fsg_F1916.458
entity:artifact:1:ld1-1643390182193-1643390189591-0,accessionNumber,fsg_F1916.459
entity:artifact:1:ld1-1643390182193-1643390189593-1,accessionNumber,fsg_F1916.462
entity:artifact:1:ld1-1643390182193-1643390189594-0,accessionNumber,fsg_F1916.463a-b
entity:artifact:1:ld1-1643390182193-1643390189601-0,accessionNumber,fsg_F1916.469a-b
entity:artifact:1:ld1-1643390182193-1643390189602-0,accessionNumber,fsg_F1916.470
entity:artifact:1:ld1-1643390182193-1643390189602-1,accessionNumber,fsg_F1916.471
entity:artifact:1:ld1-1643390182193-1643390189603-0,accessionNumber,fsg_F1916.472
entity:artifact:1:ld1-1643390182193-1643390189604-0,accessionNumber,fsg_F1916.473
entity:artifact:1:ld1-1643390182193-1643390189605-0,accessionNumber,fsg_F1916.474
entity:artifact:1:ld1-1643390182193-1643390189609-0,accessionNumber,fsg_F1916.480
entity:artifact:1:ld1-1643390182193-1643390189610-0,accessionNumber,fsg_F1916.481a-d
entity:artifact:1:ld1-1643390182193-1643390189610-1,accessionNumber,fsg_F1916.482a-c
entity:artifact:1:ld1-1643390182193-1643390189611-0,accessionNumber,fsg_F1916.483
entity:artifact:1:ld1-1643390182193-1643390189612-0,accessionNumber,fsg_F1916.484a-b
entity:artifact:1:ld1-1643390182193-1643390189613-0,accessionNumber,fsg_F1916.485
entity:artifact:1:ld1-1643390182193-1643390189613-1,accessionNumber,fsg_F1916.486
entity:artifact:1:ld1-1643390182193-1643390189614-0,accessionNumber,fsg_F1916.487a-b
entity:artifact:1:ld1-1643390182193-1643390189615-0,accessionNumber,fsg_F1916.488a-b
entity:artifact:1:ld1-1643390182193-1643390189616-0,accessionNumber,fsg_F1916.490
entity:artifact:1:ld1-1643390182193-1643390189617-0,accessionNumber,fsg_F1916.491
entity:artifact:1:ld1-1643390182193-1643390189618-0,accessionNumber,fsg_F1916.492a-b
entity:artifact:1:ld1-1643390182193-1643390189619-0,accessionNumber,fsg_F1916.493
entity:artifact:1:ld1-1643390182193-1643390189619-1,accessionNumber,fsg_F1916.494
entity:artifact:1:ld1-1643390182193-1643390189620-0,accessionNumber,fsg_F1916.495
entity:artifact:1:ld1-1643390182193-1643390189621-0,accessionNumber,fsg_F1916.496
entity:artifact:1:ld1-1643390182193-1643390189622-1,accessionNumber,fsg_F1916.498
entity:artifact:1:ld1-1643390182193-1643390189623-0,accessionNumber,fsg_F1916.499
entity:artifact:1:ld1-1643390182193-1643390189624-0,accessionNumber,fsg_F1916.500
entity:artifact:1:ld1-1643390182193-1643390189625-0,accessionNumber,fsg_F1916.501
entity:artifact:1:ld1-1643390182193-1643390189626-0,accessionNumber,fsg_F1916.502
entity:artifact:1:ld1-1643390182193-1643390189626-1,accessionNumber,fsg_F1916.503
entity:artifact:1:ld1-1643390182193-1643390189627-0,accessionNumber,fsg_F1916.504
entity:artifact:1:ld1-1643390182193-1643390189628-0,accessionNumber,fsg_F1916.505
entity:artifact:1:ld1-1643390182193-1643390189629-0,accessionNumber,fsg_F1916.506
entity:artifact:1:ld1-1643390182193-1643390189630-0,accessionNumber,fsg_F1916.507
entity:artifact:1:ld1-1643390182193-1643390189630-1,accessionNumber,fsg_F1916.508
entity:artifact:1:ld1-1643390182193-1643390189631-0,accessionNumber,fsg_F1916.509
entity:artifact:1:ld1-1643390182193-1643390189632-0,accessionNumber,fsg_F1916.510
entity:artifact:1:ld1-1643390182193-1643390189633-0,accessionNumber,fsg_F1916.511
entity:artifact:1:ld1-1643390182193-1643390189634-0,accessionNumber,fsg_F1916.512
entity:artifact:1:ld1-1643390182193-1643390189634-1,accessionNumber,fsg_F1916.513
entity:artifact:1:ld1-1643390182193-1643390189635-0,accessionNumber,fsg_F1916.514
entity:artifact:1:ld1-1643390182193-1643390189659-0,accessionNumber,fsg_F1916.542
entity:artifact:1:ld1-1643390182193-1643390189661-0,accessionNumber,fsg_F1916.545
entity:artifact:1:ld1-1643390182193-1643390189663-0,accessionNumber,fsg_F1916.548
entity:artifact:1:ld1-1643390182193-1643390189664-0,accessionNumber,fsg_F1916.549
entity:artifact:1:ld1-1643390182193-1643390189665-0,accessionNumber,fsg_F1916.550
entity:artifact:1:ld1-1643390182193-1643390189666-0,accessionNumber,fsg_F1916.551
entity:artifact:1:ld1-1643390182193-1643390189667-0,accessionNumber,fsg_F1916.553
entity:artifact:1:ld1-1643390182193-1643390189668-0,accessionNumber,fsg_F1916.554
entity:artifact:1:ld1-1643390182193-1643390189679-0,accessionNumber,fsg_F1916.563
entity:artifact:1:ld1-1643390182193-1643390189681-0,accessionNumber,fsg_F1916.565
entity:artifact:1:ld1-1643390182193-1643390189681-1,accessionNumber,fsg_F1916.566
entity:artifact:1:ld1-1643390182193-1643390189682-0,accessionNumber,fsg_F1916.567
entity:artifact:1:ld1-1643390182193-1643390189684-1,accessionNumber,fsg_F1916.570
entity:artifact:1:ld1-1643390182193-1643390189685-0,accessionNumber,fsg_F1916.571a
entity:artifact:1:ld1-1643390182193-1643390189690-0,accessionNumber,fsg_F1916.571g
entity:artifact:1:ld1-1643390182193-1643390189699-0,accessionNumber,fsg_F1916.580
entity:artifact:1:ld1-1643390182193-1643390189700-0,accessionNumber,fsg_F1916.581
entity:artifact:1:ld1-1643390182193-1643390189701-0,accessionNumber,fsg_F1916.583
entity:artifact:1:ld1-1643390182193-1643390189702-0,accessionNumber,fsg_F1916.584
entity:artifact:1:ld1-1643390182193-1643390189703-0,accessionNumber,fsg_F1916.585
entity:artifact:1:ld1-1643390182193-1643390189703-1,accessionNumber,fsg_F1916.586
entity:artifact:1:ld1-1643390182193-1643390189704-0,accessionNumber,fsg_F1916.587
entity:artifact:1:ld1-1643390182193-1643390189705-1,accessionNumber,fsg_F1916.589
entity:artifact:1:ld1-1643390182193-1643390189706-0,accessionNumber,fsg_F1916.590
entity:artifact:1:ld1-1643390182193-1643390189707-0,accessionNumber,fsg_F1916.591
entity:artifact:1:ld1-1643390182193-1643390189708-0,accessionNumber,fsg_F1916.592
entity:artifact:1:ld1-1643390182193-1643390189709-0,accessionNumber,fsg_F1916.594
entity:artifact:1:ld1-1643390182193-1643390189710-0,accessionNumber,fsg_F1916.595
entity:artifact:1:ld1-1643390182193-1643390189717-0,accessionNumber,fsg_F1916.604
entity:artifact:1:ld1-1643390182193-1643390189731-0,accessionNumber,fsg_F1916.621a-c
entity:artifact:1:ld1-1643390182193-1643390189736-0,accessionNumber,fsg_F1916.627
entity:artifact:1:ld1-1643390182193-1643390189737-0,accessionNumber,fsg_F1916.628
entity:artifact:1:ld1-1643390182193-1643390189739-0,accessionNumber,fsg_F1916.630a-b
entity:artifact:1:ld1-1643390182193-1643390189746-0,accessionNumber,fsg_F1916.637
entity:artifact:1:ld1-1643390182193-1643390189816-0,accessionNumber,fsg_F1916.703
entity:artifact:1:ld1-1643390182193-1643390189817-0,accessionNumber,fsg_F1916.705
entity:artifact:1:ld1-1643390182193-1643390189819-0,accessionNumber,fsg_F1916.707
entity:artifact:1:ld1-1643390182193-1643390189819-1,accessionNumber,fsg_F1916.708
entity:artifact:1:ld1-1643390182193-1643390189820-0,accessionNumber,fsg_F1916.709
entity:artifact:1:ld1-1643390182193-1643390189821-0,accessionNumber,fsg_F1916.710
entity:artifact:1:ld1-1643390182193-1643390189822-0,accessionNumber,fsg_F1916.711
entity:artifact:1:ld1-1643390182193-1643390189824-0,accessionNumber,fsg_F1916.713
entity:artifact:1:ld1-1643390182193-1643390189829-0,accessionNumber,fsg_F1916.719a-b
entity:artifact:1:ld1-1643390182193-1643390189829-1,accessionNumber,fsg_F1916.720a-b
entity:artifact:1:ld1-1643390182193-1643390189830-0,accessionNumber,fsg_F1916.721a-b
entity:artifact:1:ld1-1643390182193-1643390189831-0,accessionNumber,fsg_F1916.722a-b
entity:artifact:1:ld1-1643390182193-1643390189832-0,accessionNumber,fsg_F1916.723a-b
entity:artifact:1:ld1-1643390182193-1643390189833-0,accessionNumber,fsg_F1916.724
entity:artifact:1:ld1-1643390182193-1643390189857-0,accessionNumber,fsg_F1916.756
entity:artifact:1:ld1-1643390182193-1643390189859-0,accessionNumber,fsg_F1916.758
entity:artifact:1:ld1-1643390182193-1643390189859-1,accessionNumber,fsg_F1916.759
entity:artifact:1:ld1-1643390182193-1643390189860-0,accessionNumber,fsg_F1916.760
entity:artifact:1:ld1-1643390182193-1643390189861-0,accessionNumber,fsg_F1916.761
entity:artifact:1:ld1-1643390182193-1643390189862-0,accessionNumber,fsg_F1916.762
entity:artifact:1:ld1-1643390182193-1643390189866-0,accessionNumber,fsg_F1916.766
entity:artifact:1:ld1-1643390182193-1643390189883-0,accessionNumber,fsg_F1917.18
entity:artifact:1:ld1-1643390182193-1643390189884-0,accessionNumber,fsg_F1917.19
entity:artifact:1:ld1-1643390182193-1643390189886-0,accessionNumber,fsg_F1917.21
entity:artifact:1:ld1-1643390182193-1643390189888-0,accessionNumber,fsg_F1917.23
entity:artifact:1:ld1-1643390182193-1643390189888-1,accessionNumber,fsg_F1917.24
entity:artifact:1:ld1-1643390182193-1643390189889-0,accessionNumber,fsg_F1917.25
entity:artifact:1:ld1-1643390182193-1643390189894-0,accessionNumber,fsg_F1917.30
entity:artifact:1:ld1-1643390182193-1643390189895-0,accessionNumber,fsg_F1917.31
entity:artifact:1:ld1-1643390182193-1643390189897-0,accessionNumber,fsg_F1917.33
entity:artifact:1:ld1-1643390182193-1643390189898-0,accessionNumber,fsg_F1917.34
entity:artifact:1:ld1-1643390182193-1643390189900-0,accessionNumber,fsg_F1917.36
entity:artifact:1:ld1-1643390182193-1643390189901-0,accessionNumber,fsg_F1917.37
entity:artifact:1:ld1-1643390182193-1643390189901-1,accessionNumber,fsg_F1917.38
entity:artifact:1:ld1-1643390182193-1643390189902-0,accessionNumber,fsg_F1917.39
entity:artifact:1:ld1-1643390182193-1643390189903-0,accessionNumber,fsg_F1917.40
entity:artifact:1:ld1-1643390182193-1643390189904-0,accessionNumber,fsg_F1917.41
entity:artifact:1:ld1-1643390182193-1643390189905-0,accessionNumber,fsg_F1917.42
entity:artifact:1:ld1-1643390182193-1643390189906-0,accessionNumber,fsg_F1917.43
entity:artifact:1:ld1-1643390182193-1643390189908-0,accessionNumber,fsg_F1917.45
entity:artifact:1:ld1-1643390182193-1643390189913-0,accessionNumber,fsg_F1917.50
entity:artifact:1:ld1-1643390182193-1643390189914-0,accessionNumber,fsg_F1917.51
entity:artifact:1:ld1-1643390182193-1643390189915-0,accessionNumber,fsg_F1917.52
entity:artifact:1:ld1-1643390182193-1643390189919-0,accessionNumber,fsg_F1917.58a-d
entity:artifact:1:ld1-1643390182193-1643390189920-0,accessionNumber,fsg_F1917.59
entity:artifact:1:ld1-1643390182193-1643390189922-1,accessionNumber,fsg_F1917.63
entity:artifact:1:ld1-1643390182193-1643390189923-0,accessionNumber,fsg_F1917.64
entity:artifact:1:ld1-1643390182193-1643390189924-0,accessionNumber,fsg_F1917.65a-d
entity:artifact:1:ld1-1643390182193-1643390189925-0,accessionNumber,fsg_F1917.66
entity:artifact:1:ld1-1643390182193-1643390189925-1,accessionNumber,fsg_F1917.67
entity:artifact:1:ld1-1643390182193-1643390189927-0,accessionNumber,fsg_F1917.69
entity:artifact:1:ld1-1643390182193-1643390189931-0,accessionNumber,fsg_F1917.74
entity:artifact:1:ld1-1643390182193-1643390189931-1,accessionNumber,fsg_F1917.75
entity:artifact:1:ld1-1643390182193-1643390189933-1,accessionNumber,fsg_F1917.78
entity:artifact:1:ld1-1643390182193-1643390189934-0,accessionNumber,fsg_F1917.79
entity:artifact:1:ld1-1643390182193-1643390189936-0,accessionNumber,fsg_F1917.81
entity:artifact:1:ld1-1643390182193-1643390189937-0,accessionNumber,fsg_F1917.82
entity:artifact:1:ld1-1643390182193-1643390189937-1,accessionNumber,fsg_F1917.83
entity:artifact:1:ld1-1643390182193-1643390189938-0,accessionNumber,fsg_F1917.84
entity:artifact:1:ld1-1643390182193-1643390189939-0,accessionNumber,fsg_F1917.85
entity:artifact:1:ld1-1643390182193-1643390189941-0,accessionNumber,fsg_F1917.87
entity:artifact:1:ld1-1643390182193-1643390189942-0,accessionNumber,fsg_F1917.88
entity:artifact:1:ld1-1643390182193-1643390189949-0,accessionNumber,fsg_F1917.95
entity:artifact:1:ld1-1643390182193-1643390189950-0,accessionNumber,fsg_F1917.96
entity:artifact:1:ld1-1643390182193-1643390189952-0,accessionNumber,fsg_F1917.98
entity:artifact:1:ld1-1643390182193-1643390189954-0,accessionNumber,fsg_F1917.100
entity:artifact:1:ld1-1643390182193-1643390189956-0,accessionNumber,fsg_F1917.102
entity:artifact:1:ld1-1643390182193-1643390189956-1,accessionNumber,fsg_F1917.103
entity:artifact:1:ld1-1643390182193-1643390189957-0,accessionNumber,fsg_F1917.104
entity:artifact:1:ld1-1643390182193-1643390189958-0,accessionNumber,fsg_F1917.105
entity:artifact:1:ld1-1643390182193-1643390189959-0,accessionNumber,fsg_F1917.106
entity:artifact:1:ld1-1643390182193-1643390189961-0,accessionNumber,fsg_F1917.109
entity:artifact:1:ld1-1643390182193-1643390189962-0,accessionNumber,fsg_F1917.110
entity:artifact:1:ld1-1643390182193-1643390189963-0,accessionNumber,fsg_F1917.112
entity:artifact:1:ld1-1643390182193-1643390189964-0,accessionNumber,fsg_F1917.113
entity:artifact:1:ld1-1643390182193-1643390189965-1,accessionNumber,fsg_F1917.115
entity:artifact:1:ld1-1643390182193-1643390189967-0,accessionNumber,fsg_F1917.117
entity:artifact:1:ld1-1643390182193-1643390189968-0,accessionNumber,fsg_F1917.118
entity:artifact:1:ld1-1643390182193-1643390189969-0,accessionNumber,fsg_F1917.119
entity:artifact:1:ld1-1643390182193-1643390189969-1,accessionNumber,fsg_F1917.120
entity:artifact:1:ld1-1643390182193-1643390189971-0,accessionNumber,fsg_F1917.122
entity:artifact:1:ld1-1643390182193-1643390189972-1,accessionNumber,fsg_F1917.124
entity:artifact:1:ld1-1643390182193-1643390189973-0,accessionNumber,fsg_F1917.125
entity:artifact:1:ld1-1643390182193-1643390189975-0,accessionNumber,fsg_F1917.128
entity:artifact:1:ld1-1643390182193-1643390189976-0,accessionNumber,fsg_F1917.129
entity:artifact:1:ld1-1643390182193-1643390189979-0,accessionNumber,fsg_F1917.132.1-56
entity:artifact:1:ld1-1643390182193-1643390189980-0,accessionNumber,fsg_F1917.133
entity:artifact:1:ld1-1643390182193-1643390189982-0,accessionNumber,fsg_F1917.135
entity:artifact:1:ld1-1643390182193-1643390189998-0,accessionNumber,fsg_F1917.157
entity:artifact:1:ld1-1643390182193-1643390190000-0,accessionNumber,fsg_F1917.160
entity:artifact:1:ld1-1643390182193-1643390190004-0,accessionNumber,fsg_F1917.165
entity:artifact:1:ld1-1643390182193-1643390190004-1,accessionNumber,fsg_F1917.166
entity:artifact:1:ld1-1643390182193-1643390190005-0,accessionNumber,fsg_F1917.167
entity:artifact:1:ld1-1643390182193-1643390190006-0,accessionNumber,fsg_F1917.168
entity:artifact:1:ld1-1643390182193-1643390190007-0,accessionNumber,fsg_F1917.169a-b
entity:artifact:1:ld1-1643390182193-1643390190015-0,accessionNumber,fsg_F1917.184
entity:artifact:1:ld1-1643390182193-1643390190017-0,accessionNumber,fsg_F1917.186
entity:artifact:1:ld1-1643390182193-1643390190018-0,accessionNumber,fsg_F1917.187
entity:artifact:1:ld1-1643390182193-1643390190020-0,accessionNumber,fsg_F1917.190
entity:artifact:1:ld1-1643390182193-1643390190020-1,accessionNumber,fsg_F1917.191
entity:artifact:1:ld1-1643390182193-1643390190022-0,accessionNumber,fsg_F1917.193a-b
entity:artifact:1:ld1-1643390182193-1643390190025-0,accessionNumber,fsg_F1917.197
entity:artifact:1:ld1-1643390182193-1643390190026-0,accessionNumber,fsg_F1917.198
entity:artifact:1:ld1-1643390182193-1643390190027-1,accessionNumber,fsg_F1917.200
entity:artifact:1:ld1-1643390182193-1643390190029-0,accessionNumber,fsg_F1917.202
entity:artifact:1:ld1-1643390182193-1643390190032-0,accessionNumber,fsg_F1917.206
entity:artifact:1:ld1-1643390182193-1643390190033-0,accessionNumber,fsg_F1917.207
entity:artifact:1:ld1-1643390182193-1643390190040-1,accessionNumber,fsg_F1917.216
entity:artifact:1:ld1-1643390182193-1643390190058-0,accessionNumber,fsg_F1917.237
entity:artifact:1:ld1-1643390182193-1643390190060-0,accessionNumber,fsg_F1917.239a-b
entity:artifact:1:ld1-1643390182193-1643390190061-0,accessionNumber,fsg_F1917.240
entity:artifact:1:ld1-1643390182193-1643390190062-0,accessionNumber,fsg_F1917.241
entity:artifact:1:ld1-1643390182193-1643390190071-1,accessionNumber,fsg_F1917.254
entity:artifact:1:ld1-1643390182193-1643390190072-0,accessionNumber,fsg_F1917.255
entity:artifact:1:ld1-1643390182193-1643390190074-0,accessionNumber,fsg_F1917.257
entity:artifact:1:ld1-1643390182193-1643390190075-0,accessionNumber,fsg_F1917.258
entity:artifact:1:ld1-1643390182193-1643390190077-0,accessionNumber,fsg_F1917.260
entity:artifact:1:ld1-1643390182193-1643390190078-0,accessionNumber,fsg_F1917.262
entity:artifact:1:ld1-1643390182193-1643390190079-1,accessionNumber,fsg_F1917.264
entity:artifact:1:ld1-1643390182193-1643390190080-0,accessionNumber,fsg_F1917.265
entity:artifact:1:ld1-1643390182193-1643390190081-0,accessionNumber,fsg_F1917.266
entity:artifact:1:ld1-1643390182193-1643390190082-0,accessionNumber,fsg_F1917.267
entity:artifact:1:ld1-1643390182193-1643390190083-0,accessionNumber,fsg_F1917.268
entity:artifact:1:ld1-1643390182193-1643390190084-0,accessionNumber,fsg_F1917.269a-b
entity:artifact:1:ld1-1643390182193-1643390190085-0,accessionNumber,fsg_F1917.270
entity:artifact:1:ld1-1643390182193-1643390190086-0,accessionNumber,fsg_F1917.271
entity:artifact:1:ld1-1643390182193-1643390190087-0,accessionNumber,fsg_F1917.272
entity:artifact:1:ld1-1643390182193-1643390190088-0,accessionNumber,fsg_F1917.274
entity:artifact:1:ld1-1643390182193-1643390190089-0,accessionNumber,fsg_F1917.275
entity:artifact:1:ld1-1643390182193-1643390190090-0,accessionNumber,fsg_F1917.276
entity:artifact:1:ld1-1643390182193-1643390190091-0,accessionNumber,fsg_F1917.277
entity:artifact:1:ld1-1643390182193-1643390190156-0,accessionNumber,fsg_F1917.318
entity:artifact:1:ld1-1643390182193-1643390190164-0,accessionNumber,fsg_F1917.323
entity:artifact:1:ld1-1643390182193-1643390190165-0,accessionNumber,fsg_F1917.324
entity:artifact:1:ld1-1643390182193-1643390190178-0,accessionNumber,fsg_F1917.332
entity:artifact:1:ld1-1643390182193-1643390190180-0,accessionNumber,fsg_F1917.333
entity:artifact:1:ld1-1643390182193-1643390190183-0,accessionNumber,fsg_F1917.335
entity:artifact:1:ld1-1643390182193-1643390190184-0,accessionNumber,fsg_F1917.336
entity:artifact:1:ld1-1643390182193-1643390190186-0,accessionNumber,fsg_F1917.337
entity:artifact:1:ld1-1643390182193-1643390190187-0,accessionNumber,fsg_F1917.338
entity:artifact:1:ld1-1643390182193-1643390190192-0,accessionNumber,fsg_F1917.341
entity:artifact:1:ld1-1643390182193-1643390190193-0,accessionNumber,fsg_F1917.342
entity:artifact:1:ld1-1643390182193-1643390190195-0,accessionNumber,fsg_F1917.343
entity:artifact:1:ld1-1643390182193-1643390190197-0,accessionNumber,fsg_F1917.344
entity:artifact:1:ld1-1643390182193-1643390190198-0,accessionNumber,fsg_F1917.345
entity:artifact:1:ld1-1643390182193-1643390190200-0,accessionNumber,fsg_F1917.346
entity:artifact:1:ld1-1643390182193-1643390190202-0,accessionNumber,fsg_F1917.347
entity:artifact:1:ld1-1643390182193-1643390190204-0,accessionNumber,fsg_F1917.348
entity:artifact:1:ld1-1643390182193-1643390190206-0,accessionNumber,fsg_F1917.349
entity:artifact:1:ld1-1643390182193-1643390190207-0,accessionNumber,fsg_F1917.350
entity:artifact:1:ld1-1643390182193-1643390190209-0,accessionNumber,fsg_F1917.351
entity:artifact:1:ld1-1643390182193-1643390190211-0,accessionNumber,fsg_F1917.352
entity:artifact:1:ld1-1643390182193-1643390190212-0,accessionNumber,fsg_F1917.353
entity:artifact:1:ld1-1643390182193-1643390190214-0,accessionNumber,fsg_F1917.354
entity:artifact:1:ld1-1643390182193-1643390190216-0,accessionNumber,fsg_F1917.355
entity:artifact:1:ld1-1643390182193-1643390190218-0,accessionNumber,fsg_F1917.356
entity:artifact:1:ld1-1643390182193-1643390190219-0,accessionNumber,fsg_F1917.357
entity:artifact:1:ld1-1643390182193-1643390190221-0,accessionNumber,fsg_F1917.358
entity:artifact:1:ld1-1643390182193-1643390190224-0,accessionNumber,fsg_F1917.360
entity:artifact:1:ld1-1643390182193-1643390190226-0,accessionNumber,fsg_F1917.361
entity:artifact:1:ld1-1643390182193-1643390190232-0,accessionNumber,fsg_F1917.365
entity:artifact:1:ld1-1643390182193-1643390190233-0,accessionNumber,fsg_F1917.366
entity:artifact:1:ld1-1643390182193-1643390190235-0,accessionNumber,fsg_F1917.367
entity:artifact:1:ld1-1643390182193-1643390190237-0,accessionNumber,fsg_F1917.368
entity:artifact:1:ld1-1643390182193-1643390190241-0,accessionNumber,fsg_F1917.371
entity:artifact:1:ld1-1643390182193-1643390190243-0,accessionNumber,fsg_F1917.372
entity:artifact:1:ld1-1643390182193-1643390190248-0,accessionNumber,fsg_F1917.375
entity:artifact:1:ld1-1643390182193-1643390190250-0,accessionNumber,fsg_F1917.376
entity:artifact:1:ld1-1643390182193-1643390190253-0,accessionNumber,fsg_F1917.378a
entity:artifact:1:ld1-1643390182193-1643390190254-0,accessionNumber,fsg_F1917.378b
entity:artifact:1:ld1-1643390182193-1643390190256-0,accessionNumber,fsg_F1917.378c
entity:artifact:1:ld1-1643390182193-1643390190258-0,accessionNumber,fsg_F1917.378d
entity:artifact:1:ld1-1643390182193-1643390190259-0,accessionNumber,fsg_F1917.379
entity:artifact:1:ld1-1643390182193-1643390190261-0,accessionNumber,fsg_F1917.380
entity:artifact:1:ld1-1643390182193-1643390190264-0,accessionNumber,fsg_F1917.382
entity:artifact:1:ld1-1643390182193-1643390190266-0,accessionNumber,fsg_F1917.383
entity:artifact:1:ld1-1643390182193-1643390190268-0,accessionNumber,fsg_F1917.384
entity:artifact:1:ld1-1643390182193-1643390190270-0,accessionNumber,fsg_F1917.385
entity:artifact:1:ld1-1643390182193-1643390190272-0,accessionNumber,fsg_F1917.386
entity:artifact:1:ld1-1643390182193-1643390190274-0,accessionNumber,fsg_F1917.387
entity:artifact:1:ld1-1643390182193-1643390190275-0,accessionNumber,fsg_F1917.388
entity:artifact:1:ld1-1643390182193-1643390190277-0,accessionNumber,fsg_F1917.389
entity:artifact:1:ld1-1643390182193-1643390190279-0,accessionNumber,fsg_F1917.390
entity:artifact:1:ld1-1643390182193-1643390190280-0,accessionNumber,fsg_F1917.391
entity:artifact:1:ld1-1643390182193-1643390190282-0,accessionNumber,fsg_F1917.392
entity:artifact:1:ld1-1643390182193-1643390190285-0,accessionNumber,fsg_F1917.394
entity:artifact:1:ld1-1643390182193-1643390190286-0,accessionNumber,fsg_F1917.395
entity:artifact:1:ld1-1643390182193-1643390190308-0,accessionNumber,fsg_F1917.406
entity:artifact:1:ld1-1643390182193-1643390190311-0,accessionNumber,fsg_F1917.408
entity:artifact:1:ld1-1643390182193-1643390190315-0,accessionNumber,fsg_F1917.411
entity:artifact:1:ld1-1643390182193-1643390190340-0,accessionNumber,fsg_F1917.427
entity:artifact:1:ld1-1643390182193-1643390190363-0,accessionNumber,fsg_F1917.443
entity:artifact:1:ld1-1643390182193-1643390190365-0,accessionNumber,fsg_F1917.444
entity:artifact:1:ld1-1643390182193-1643390190366-0,accessionNumber,fsg_F1917.445
entity:artifact:1:ld1-1643390182193-1643390190410-0,accessionNumber,fsg_F1917.473
entity:artifact:1:ld1-1643390182193-1643390190412-0,accessionNumber,fsg_F1917.474
entity:artifact:1:ld1-1643390182193-1643390190474-0,accessionNumber,fsg_F1917.513
entity:artifact:1:ld1-1643390182193-1643390190548-0,accessionNumber,fsg_F1917.558
entity:artifact:1:ld1-1643390182193-1643390190682-0,accessionNumber,fsg_F1917.651
entity:artifact:1:ld1-1643390182193-1643390190683-0,accessionNumber,fsg_F1918.1.1
entity:artifact:1:ld1-1643390182193-1643390190687-0,accessionNumber,fsg_F1918.2
entity:artifact:1:ld1-1643390182193-1643390190688-0,accessionNumber,fsg_F1918.3
entity:artifact:1:ld1-1643390182193-1643390190694-0,accessionNumber,fsg_F1918.7
entity:artifact:1:ld1-1643390182193-1643390190695-0,accessionNumber,fsg_F1918.8
entity:artifact:1:ld1-1643390182193-1643390190696-0,accessionNumber,fsg_F1918.9
entity:artifact:1:ld1-1643390182193-1643390190698-0,accessionNumber,fsg_F1918.10
entity:artifact:1:ld1-1643390182193-1643390190701-0,accessionNumber,fsg_F1918.12
entity:artifact:1:ld1-1643390182193-1643390190705-0,accessionNumber,fsg_F1918.14
entity:artifact:1:ld1-1643390182193-1643390190708-0,accessionNumber,fsg_F1918.16
entity:artifact:1:ld1-1643390182193-1643390190713-0,accessionNumber,fsg_F1918.20
entity:artifact:1:ld1-1643390182193-1643390190714-0,accessionNumber,fsg_F1918.21
entity:artifact:1:ld1-1643390182193-1643390190716-0,accessionNumber,fsg_F1918.22
entity:artifact:1:ld1-1643390182193-1643390190717-0,accessionNumber,fsg_F1918.23
entity:artifact:1:ld1-1643390182193-1643390190718-0,accessionNumber,fsg_F1918.24
entity:artifact:1:ld1-1643390182193-1643390190720-0,accessionNumber,fsg_F1918.25
entity:artifact:1:ld1-1643390182193-1643390190721-0,accessionNumber,fsg_F1918.26
entity:artifact:1:ld1-1643390182193-1643390190723-0,accessionNumber,fsg_F1918.27
entity:artifact:1:ld1-1643390182193-1643390190724-0,accessionNumber,fsg_F1918.28
entity:artifact:1:ld1-1643390182193-1643390190726-0,accessionNumber,fsg_F1918.29
entity:artifact:1:ld1-1643390182193-1643390190727-0,accessionNumber,fsg_F1918.30
entity:artifact:1:ld1-1643390182193-1643390190731-0,accessionNumber,fsg_F1918.33
entity:artifact:1:ld1-1643390182193-1643390190732-0,accessionNumber,fsg_F1918.34
entity:artifact:1:ld1-1643390182193-1643390190734-0,accessionNumber,fsg_F1918.35
entity:artifact:1:ld1-1643390182193-1643390190736-0,accessionNumber,fsg_F1918.37
entity:artifact:1:ld1-1643390182193-1643390190738-0,accessionNumber,fsg_F1918.38
entity:artifact:1:ld1-1643390182193-1643390190740-0,accessionNumber,fsg_F1918.40
entity:artifact:1:ld1-1643390182193-1643390190747-0,accessionNumber,fsg_F1918.45
entity:artifact:1:ld1-1643390182193-1643390190749-0,accessionNumber,fsg_F1918.46
entity:artifact:1:ld1-1643390182193-1643390190751-0,accessionNumber,fsg_F1918.47a-b
entity:artifact:1:ld1-1643390182193-1643390190752-0,accessionNumber,fsg_F1918.48a-h
entity:artifact:1:ld1-1643390182193-1643390190754-0,accessionNumber,fsg_F1918.49a-e
entity:artifact:1:ld1-1643390182193-1643390190755-0,accessionNumber,fsg_F1918.50
entity:artifact:1:ld1-1643390182193-1643390190758-0,accessionNumber,fsg_F1918.52
entity:artifact:1:ld1-1643390182193-1643390190972-0,accessionNumber,fsg_F1918.142
entity:artifact:1:ld1-1643390182193-1643390190973-0,accessionNumber,fsg_F1918.143
entity:artifact:1:ld1-1643390182193-1643390190975-0,accessionNumber,fsg_F1918.144
entity:artifact:1:ld1-1643390182193-1643390190981-0,accessionNumber,fsg_F1918.148a-d
entity:artifact:1:ld1-1643390182193-1643390190984-0,accessionNumber,fsg_F1918.151
entity:artifact:1:ld1-1643390182193-1643390190987-0,accessionNumber,fsg_F1918.153
entity:artifact:1:ld1-1643390182193-1643390190999-0,accessionNumber,fsg_F1918.160
entity:artifact:1:ld1-1643390182193-1643390191009-0,accessionNumber,fsg_F1918.174
entity:artifact:1:ld1-1643390182193-1643390191011-0,accessionNumber,fsg_F1918.175
entity:artifact:1:ld1-1643390182193-1643390191020-0,accessionNumber,fsg_F1919.4
entity:artifact:1:ld1-1643390182193-1643390191021-0,accessionNumber,fsg_F1919.5a-d
entity:artifact:1:ld1-1643390182193-1643390191025-0,accessionNumber,fsg_F1919.8
entity:artifact:1:ld1-1643390182193-1643390191027-0,accessionNumber,fsg_F1919.10
entity:artifact:1:ld1-1643390182193-1643390191038-0,accessionNumber,fsg_F1919.17a-b
entity:artifact:1:ld1-1643390182193-1643390191040-0,accessionNumber,fsg_F1919.18
entity:artifact:1:ld1-1643390182193-1643390191041-0,accessionNumber,fsg_F1919.19
entity:artifact:1:ld1-1643390182193-1643390191043-0,accessionNumber,fsg_F1919.20
entity:artifact:1:ld1-1643390182193-1643390191044-0,accessionNumber,fsg_F1919.21
entity:artifact:1:ld1-1643390182193-1643390191047-0,accessionNumber,fsg_F1919.23
entity:artifact:1:ld1-1643390182193-1643390191049-0,accessionNumber,fsg_F1919.24
entity:artifact:1:ld1-1643390182193-1643390191050-0,accessionNumber,fsg_F1919.25
entity:artifact:1:ld1-1643390182193-1643390191053-0,accessionNumber,fsg_F1919.27
entity:artifact:1:ld1-1643390182193-1643390191055-0,accessionNumber,fsg_F1919.28
entity:artifact:1:ld1-1643390182193-1643390191056-0,accessionNumber,fsg_F1919.29
entity:artifact:1:ld1-1643390182193-1643390191058-0,accessionNumber,fsg_F1919.30
entity:artifact:1:ld1-1643390182193-1643390191059-0,accessionNumber,fsg_F1919.31
entity:artifact:1:ld1-1643390182193-1643390191061-0,accessionNumber,fsg_F1919.32
entity:artifact:1:ld1-1643390182193-1643390191062-0,accessionNumber,fsg_F1919.33
entity:artifact:1:ld1-1643390182193-1643390191064-0,accessionNumber,fsg_F1919.34
entity:artifact:1:ld1-1643390182193-1643390191066-0,accessionNumber,fsg_F1919.36
entity:artifact:1:ld1-1643390182193-1643390191069-0,accessionNumber,fsg_F1919.38
entity:artifact:1:ld1-1643390182193-1643390191071-0,accessionNumber,fsg_F1919.39
entity:artifact:1:ld1-1643390182193-1643390191072-0,accessionNumber,fsg_F1919.40
entity:artifact:1:ld1-1643390182193-1643390191074-0,accessionNumber,fsg_F1919.41
entity:artifact:1:ld1-1643390182193-1643390191075-0,accessionNumber,fsg_F1919.42
entity:artifact:1:ld1-1643390182193-1643390191080-0,accessionNumber,fsg_F1919.45
entity:artifact:1:ld1-1643390182193-1643390191082-0,accessionNumber,fsg_F1919.46
entity:artifact:1:ld1-1643390182193-1643390191082-1,accessionNumber,fsg_F1919.47
entity:artifact:1:ld1-1643390182193-1643390191083-0,accessionNumber,fsg_F1919.48
entity:artifact:1:ld1-1643390182193-1643390191084-0,accessionNumber,fsg_F1919.49
entity:artifact:1:ld1-1643390182193-1643390191085-0,accessionNumber,fsg_F1919.50
entity:artifact:1:ld1-1643390182193-1643390191086-0,accessionNumber,fsg_F1919.51
entity:artifact:1:ld1-1643390182193-1643390191087-1,accessionNumber,fsg_F1919.53
entity:artifact:1:ld1-1643390182193-1643390191088-0,accessionNumber,fsg_F1919.54
entity:artifact:1:ld1-1643390182193-1643390191090-1,accessionNumber,fsg_F1919.58a-c
entity:artifact:1:ld1-1643390182193-1643390191091-0,accessionNumber,fsg_F1919.59
entity:artifact:1:ld1-1643390182193-1643390191092-0,accessionNumber,fsg_F1919.60
entity:artifact:1:ld1-1643390182193-1643390191093-0,accessionNumber,fsg_F1919.61
entity:artifact:1:ld1-1643390182193-1643390191094-1,accessionNumber,fsg_F1919.63
entity:artifact:1:ld1-1643390182193-1643390191095-0,accessionNumber,fsg_F1919.64
entity:artifact:1:ld1-1643390182193-1643390191096-0,accessionNumber,fsg_F1919.65a-f
entity:artifact:1:ld1-1643390182193-1643390191097-0,accessionNumber,fsg_F1919.66
entity:artifact:1:ld1-1643390182193-1643390191097-1,accessionNumber,fsg_F1919.67
entity:artifact:1:ld1-1643390182193-1643390191098-0,accessionNumber,fsg_F1919.68
entity:artifact:1:ld1-1643390182193-1643390191099-0,accessionNumber,fsg_F1919.69a-c
entity:artifact:1:ld1-1643390182193-1643390191104-1,accessionNumber,fsg_F1919.77
entity:artifact:1:ld1-1643390182193-1643390191105-0,accessionNumber,fsg_F1919.78
entity:artifact:1:ld1-1643390182193-1643390191106-0,accessionNumber,fsg_F1919.79
entity:artifact:1:ld1-1643390182193-1643390191106-1,accessionNumber,fsg_F1919.80
entity:artifact:1:ld1-1643390182193-1643390191107-0,accessionNumber,fsg_F1919.81a-b
entity:artifact:1:ld1-1643390182193-1643390191110-0,accessionNumber,fsg_F1919.85
entity:artifact:1:ld1-1643390182193-1643390191116-0,accessionNumber,fsg_F1919.93
entity:artifact:1:ld1-1643390182193-1643390191125-1,accessionNumber,fsg_F1919.106
entity:artifact:1:ld1-1643390182193-1643390191126-0,accessionNumber,fsg_F1919.107
entity:artifact:1:ld1-1643390182193-1643390191127-1,accessionNumber,fsg_F1919.109
entity:artifact:1:ld1-1643390182193-1643390191128-0,accessionNumber,fsg_F1919.110
entity:artifact:1:ld1-1643390182193-1643390191129-0,accessionNumber,fsg_F1919.111
entity:artifact:1:ld1-1643390182193-1643390191129-1,accessionNumber,fsg_F1919.112
entity:artifact:1:ld1-1643390182193-1643390191130-0,accessionNumber,fsg_F1919.113
entity:artifact:1:ld1-1643390182193-1643390191132-0,accessionNumber,fsg_F1919.115
entity:artifact:1:ld1-1643390182193-1643390191132-1,accessionNumber,fsg_F1919.116
entity:artifact:1:ld1-1643390182193-1643390191133-0,accessionNumber,fsg_F1919.117
entity:artifact:1:ld1-1643390182193-1643390191134-0,accessionNumber,fsg_F1919.118
entity:artifact:1:ld1-1643390182193-1643390191136-0,accessionNumber,fsg_F1919.121
entity:artifact:1:ld1-1643390182193-1643390191137-0,accessionNumber,fsg_F1919.122
entity:artifact:1:ld1-1643390182193-1643390191140-1,accessionNumber,fsg_F1919.127a-b
entity:artifact:1:ld1-1643390182193-1643390191141-0,accessionNumber,fsg_F1919.128
entity:artifact:1:ld1-1643390182193-1643390191142-0,accessionNumber,fsg_F1919.129
entity:artifact:1:ld1-1643390182193-1643390191143-1,accessionNumber,fsg_F1919.131
entity:artifact:1:ld1-1643390182193-1643390191144-0,accessionNumber,fsg_F1919.132
entity:artifact:1:ld1-1643390182193-1643390191145-0,accessionNumber,fsg_F1919.133
entity:artifact:1:ld1-1643390182193-1643390191146-0,accessionNumber,fsg_F1919.134
entity:artifact:1:ld1-1643390182193-1643390191146-1,accessionNumber,fsg_F1919.135
entity:artifact:1:ld1-1643390182193-1643390191147-0,accessionNumber,fsg_F1919.136
entity:artifact:1:ld1-1643390182193-1643390191148-0,accessionNumber,fsg_F1919.137
entity:artifact:1:ld1-1643390182193-1643390191149-0,accessionNumber,fsg_F1919.138
entity:artifact:1:ld1-1643390182193-1643390191149-1,accessionNumber,fsg_F1919.139
entity:artifact:1:ld1-1643390182193-1643390191150-0,accessionNumber,fsg_F1919.140
entity:artifact:1:ld1-1643390182193-1643390191151-0,accessionNumber,fsg_F1919.141
entity:artifact:1:ld1-1643390182193-1643390191152-1,accessionNumber,fsg_F1919.143
entity:artifact:1:ld1-1643390182193-1643390191153-0,accessionNumber,fsg_F1919.144
entity:artifact:1:ld1-1643390182193-1643390191154-0,accessionNumber,fsg_F1919.145
entity:artifact:1:ld1-1643390182193-1643390191155-1,accessionNumber,fsg_F1919.147
entity:artifact:1:ld1-1643390182193-1643390191157-0,accessionNumber,fsg_F1919.149
entity:artifact:1:ld1-1643390182193-1643390191158-0,accessionNumber,fsg_F1919.150
entity:artifact:1:ld1-1643390182193-1643390191158-1,accessionNumber,fsg_F1919.151
entity:artifact:1:ld1-1643390182193-1643390191159-0,accessionNumber,fsg_F1919.152
entity:artifact:1:ld1-1643390182193-1643390191160-0,accessionNumber,fsg_F1919.153
entity:artifact:1:ld1-1643390182193-1643390191161-0,accessionNumber,fsg_F1919.154
entity:artifact:1:ld1-1643390182193-1643390191161-1,accessionNumber,fsg_F1919.155
entity:artifact:1:ld1-1643390182193-1643390191162-0,accessionNumber,fsg_F1919.156
entity:artifact:1:ld1-1643390182193-1643390191163-0,accessionNumber,fsg_F1919.157
entity:artifact:1:ld1-1643390182193-1643390191165-0,accessionNumber,fsg_F1919.160
entity:artifact:1:ld1-1643390182193-1643390191167-0,accessionNumber,fsg_F1919.162
entity:artifact:1:ld1-1643390182193-1643390191168-0,accessionNumber,fsg_F1919.164
entity:artifact:1:ld1-1643390182193-1643390191169-0,accessionNumber,fsg_F1919.165
entity:artifact:1:ld1-1643390182193-1643390191169-1,accessionNumber,fsg_F1919.166
entity:artifact:1:ld1-1643390182193-1643390191171-0,accessionNumber,fsg_F1919.168
entity:artifact:1:ld1-1643390182193-1643390191171-1,accessionNumber,fsg_F1919.169
entity:artifact:1:ld1-1643390182193-1643390191172-0,accessionNumber,fsg_F1919.170
entity:artifact:1:ld1-1643390182193-1643390191173-0,accessionNumber,fsg_F1919.171
entity:artifact:1:ld1-1643390182193-1643390191176-0,accessionNumber,fsg_F1919.173
entity:artifact:1:ld1-1643390182193-1643390191176-1,accessionNumber,fsg_F1919.174
entity:artifact:1:ld1-1643390182193-1643390191177-0,accessionNumber,fsg_F1919.175
entity:artifact:1:ld1-1643390182193-1643390191179-1,accessionNumber,fsg_F1919.178
entity:artifact:1:ld1-1643390182193-1643390191181-0,accessionNumber,fsg_F1919.180
entity:artifact:1:ld1-1643390182193-1643390191184-0,accessionNumber,fsg_F1919.184
entity:artifact:1:ld1-1643390182193-1643390191185-0,accessionNumber,fsg_F1919.185a-b
entity:artifact:1:ld1-1643390182193-1643390191186-0,accessionNumber,fsg_F1921.1
entity:artifact:1:ld1-1643390182193-1643390191187-0,accessionNumber,fsg_F1921.2
entity:artifact:1:ld1-1643390182193-1643390191197-0,accessionNumber,fsg_F1923.14
entity:artifact:1:ld1-1643390182193-1643390191198-0,accessionNumber,fsg_F1923.15
entity:artifact:1:ld1-1643390182193-1643390191198-1,accessionNumber,fsg_F1923.16
entity:artifact:1:ld1-1643390182193-1643390191199-0,accessionNumber,fsg_F1923.17a-b
entity:artifact:1:ld1-1643390182193-1643390191200-0,accessionNumber,fsg_F1923.18
entity:artifact:1:ld1-1643390182193-1643390191200-1,accessionNumber,fsg_F1923.19
entity:artifact:1:ld1-1643390182193-1643390191201-0,accessionNumber,fsg_F1923.20a-c
entity:artifact:1:ld1-1643390182193-1643390191201-1,accessionNumber,fsg_F1923.21
entity:artifact:1:ld1-1643390182193-1643390191202-0,accessionNumber,fsg_F1923.22
entity:artifact:1:ld1-1643390182193-1643390191203-0,accessionNumber,fsg_F1923.23
entity:artifact:1:ld1-1643390182193-1643390191203-1,accessionNumber,fsg_F1923.24
entity:artifact:1:ld1-1643390182193-1643390191204-0,accessionNumber,fsg_F1924.1
entity:artifact:1:ld1-1643390182193-1643390191210-0,accessionNumber,fsg_F1924.11a-c
entity:artifact:1:ld1-1643390182193-1643390191210-1,accessionNumber,fsg_F1924.12a-b
entity:artifact:1:ld1-1643390182193-1643390191211-0,accessionNumber,fsg_F1924.13a-b
entity:artifact:1:ld1-1643390182193-1643390191212-0,accessionNumber,fsg_F1924.14a-b
entity:artifact:1:ld1-1643390182193-1643390191212-1,accessionNumber,fsg_F1924.15a-f
entity:artifact:1:ld1-1643390182193-1643390191214-0,accessionNumber,fsg_F1925.2
entity:artifact:1:ld1-1643390182193-1643390191214-1,accessionNumber,fsg_F1925.3
entity:artifact:1:ld1-1643390182193-1643390191220-1,accessionNumber,fsg_F1925.13
entity:artifact:1:ld1-1643390182193-1643390191221-0,accessionNumber,fsg_F1926.1
entity:artifact:1:ld1-1643390182193-1643390191235-0,accessionNumber,fsg_F1929.4
entity:artifact:1:ld1-1643390182193-1643390191242-0,accessionNumber,fsg_F1929.15
entity:artifact:1:ld1-1643390182193-1643390191244-0,accessionNumber,fsg_F1929.18
entity:artifact:1:ld1-1643390182193-1643390191245-0,accessionNumber,fsg_F1929.19
entity:artifact:1:ld1-1643390182193-1643390191292-1,accessionNumber,fsg_F1930.26a-b
entity:artifact:1:ld1-1643390182193-1643390191294-0,accessionNumber,fsg_F1930.28
entity:artifact:1:ld1-1643390182193-1643390191294-1,accessionNumber,fsg_F1930.29
entity:artifact:1:ld1-1643390182193-1643390191295-0,accessionNumber,fsg_F1930.30
entity:artifact:1:ld1-1643390182193-1643390191296-0,accessionNumber,fsg_F1930.31
entity:artifact:1:ld1-1643390182193-1643390191296-1,accessionNumber,fsg_F1930.32
entity:artifact:1:ld1-1643390182193-1643390191297-0,accessionNumber,fsg_F1930.33
entity:artifact:1:ld1-1643390182193-1643390191298-0,accessionNumber,fsg_F1930.34
entity:artifact:1:ld1-1643390182193-1643390191300-0,accessionNumber,fsg_F1930.37
entity:artifact:1:ld1-1643390182193-1643390191301-0,accessionNumber,fsg_F1930.39a-b
entity:artifact:1:ld1-1643390182193-1643390191304-0,accessionNumber,fsg_F1930.43
entity:artifact:1:ld1-1643390182193-1643390191308-0,accessionNumber,fsg_F1930.50a-b
entity:artifact:1:ld1-1643390182193-1643390191308-1,accessionNumber,fsg_F1930.51
entity:artifact:1:ld1-1643390182193-1643390191310-0,accessionNumber,fsg_F1930.53a-b
entity:artifact:1:ld1-1643390182193-1643390191329-0,accessionNumber,fsg_F1930.80
entity:artifact:1:ld1-1643390182193-1643390191340-0,accessionNumber,fsg_F1930.96
entity:artifact:1:ld1-1643390182193-1643390191341-0,accessionNumber,fsg_F1930.97
entity:artifact:1:ld1-1643390182193-1643390191342-0,accessionNumber,fsg_F1930.98
entity:artifact:1:ld1-1643390182193-1643390191342-1,accessionNumber,fsg_F1930.99
entity:artifact:1:ld1-1643390182193-1643390191343-0,accessionNumber,fsg_F1931.1
entity:artifact:1:ld1-1643390182193-1643390191346-0,accessionNumber,fsg_F1931.3
entity:artifact:1:ld1-1643390182193-1643390191349-0,accessionNumber,fsg_F1931.8
entity:artifact:1:ld1-1643390182193-1643390191350-1,accessionNumber,fsg_F1931.10
entity:artifact:1:ld1-1643390182193-1643390191354-0,accessionNumber,fsg_F1931.15
entity:artifact:1:ld1-1643390182193-1643390191354-1,accessionNumber,fsg_F1931.16
entity:artifact:1:ld1-1643390182193-1643390191356-1,accessionNumber,fsg_F1931.19
entity:artifact:1:ld1-1643390182193-1643390191377-1,accessionNumber,fsg_F1932.13a-b
entity:artifact:1:ld1-1643390182193-1643390191378-0,accessionNumber,fsg_F1932.14a-c
entity:artifact:1:ld1-1643390182193-1643390191379-0,accessionNumber,fsg_F1932.15a-b
entity:artifact:1:ld1-1643390182193-1643390191379-1,accessionNumber,fsg_F1932.16a-b
entity:artifact:1:ld1-1643390182193-1643390191396-0,accessionNumber,fsg_F1932.38
entity:artifact:1:ld1-1643390182193-1643390191397-0,accessionNumber,fsg_F1932.39
entity:artifact:1:ld1-1643390182193-1643390191397-1,accessionNumber,fsg_F1932.40
entity:artifact:1:ld1-1643390182193-1643390191398-0,accessionNumber,fsg_F1932.41
entity:artifact:1:ld1-1643390182193-1643390191399-0,accessionNumber,fsg_F1932.42
entity:artifact:1:ld1-1643390182193-1643390191399-1,accessionNumber,fsg_F1932.43
entity:artifact:1:ld1-1643390182193-1643390191400-0,accessionNumber,fsg_F1932.44
entity:artifact:1:ld1-1643390182193-1643390191433-0,accessionNumber,fsg_F1933.11
entity:artifact:1:ld1-1643390182193-1643390191471-0,accessionNumber,fsg_F1936.3
entity:artifact:1:ld1-1643390182193-1643390191531-0,accessionNumber,fsg_F1938.20
entity:artifact:1:ld1-1643390182193-1643390191981-1,accessionNumber,fsg_F1948.1
entity:artifact:1:ld1-1643390182193-1643390191999-0,accessionNumber,fsg_F1948.24
entity:artifact:1:ld1-1643390182193-1643390192020-0,accessionNumber,fsg_F1949.24
entity:artifact:1:ld1-1643390182193-1643390192021-0,accessionNumber,fsg_F1949.25
entity:artifact:1:ld1-1643390182193-1643390192028-1,accessionNumber,fsg_F1950.9
entity:artifact:1:ld1-1643390182193-1643390192029-0,accessionNumber,fsg_F1950.10
entity:artifact:1:ld1-1643390182193-1643390192033-1,accessionNumber,fsg_F1950.18
entity:artifact:1:ld1-1643390182193-1643390192060-0,accessionNumber,fsg_F1952.12
entity:artifact:1:ld1-1643390182193-1643390192061-0,accessionNumber,fsg_F1952.13
entity:artifact:1:ld1-1643390182193-1643390192355-0,accessionNumber,fsg_F1961.31a-b
entity:artifact:1:ld1-1643390182193-1643390192357-0,accessionNumber,fsg_F1961.33a-b
entity:artifact:1:ld1-1643390182193-1643390192464-1,accessionNumber,fsg_F1968.17
entity:artifact:1:ld1-1643390182193-1643390192477-0,accessionNumber,fsg_F1968.32a-b
entity:artifact:1:ld1-1643390182193-1643390192478-0,accessionNumber,fsg_F1968.33
entity:artifact:1:ld1-1643390182193-1643390192479-0,accessionNumber,fsg_F1968.34a-b
entity:artifact:1:ld1-1643390182193-1643390192480-0,accessionNumber,fsg_F1968.35a-b
entity:artifact:1:ld1-1643390182193-1643390192482-0,accessionNumber,fsg_F1968.38
entity:artifact:1:ld1-1643390182193-1643390192486-0,accessionNumber,fsg_F1968.45
entity:artifact:1:ld1-1643390182193-1643390192488-1,accessionNumber,fsg_F1968.48
entity:artifact:1:ld1-1643390182193-1643390192492-0,accessionNumber,fsg_F1968.53
entity:artifact:1:ld1-1643390182193-1643390192493-0,accessionNumber,fsg_F1968.54
entity:artifact:1:ld1-1643390182193-1643390192589-0,accessionNumber,fsg_F1974.3
entity:artifact:1:ld1-1643390182193-1643390192894-1,accessionNumber,fsg_F1979.1
entity:artifact:1:ld1-1643390182193-1643390192895-0,accessionNumber,fsg_F1979.2
entity:artifact:1:ld1-1643390182193-1643390192897-0,accessionNumber,fsg_F1979.4
entity:artifact:1:ld1-1643390182193-1643390192897-1,accessionNumber,fsg_F1979.5
entity:artifact:1:ld1-1643390182193-1643390192898-0,accessionNumber,fsg_F1979.6
entity:artifact:1:ld1-1643390182193-1643390192899-0,accessionNumber,fsg_F1979.7
entity:artifact:1:ld1-1643390182193-1643390192899-1,accessionNumber,fsg_F1979.8
entity:artifact:1:ld1-1643390182193-1643390192900-0,accessionNumber,fsg_F1979.9
entity:artifact:1:ld1-1643390182193-1643390192901-0,accessionNumber,fsg_F1979.10
entity:artifact:1:ld1-1643390182193-1643390192902-0,accessionNumber,fsg_F1979.11
entity:artifact:1:ld1-1643390182193-1643390192902-1,accessionNumber,fsg_F1979.12
entity:artifact:1:ld1-1643390182193-1643390192903-0,accessionNumber,fsg_F1979.13
entity:artifact:1:ld1-1643390182193-1643390192904-0,accessionNumber,fsg_F1979.14
entity:artifact:1:ld1-1643390182193-1643390192905-0,accessionNumber,fsg_F1979.15
entity:artifact:1:ld1-1643390182193-1643390192905-1,accessionNumber,fsg_F1979.16
entity:artifact:1:ld1-1643390182193-1643390192906-0,accessionNumber,fsg_F1979.17
entity:artifact:1:ld1-1643390182193-1643390192907-0,accessionNumber,fsg_F1979.18
entity:artifact:1:ld1-1643390182193-1643390192907-1,accessionNumber,fsg_F1979.19
entity:artifact:1:ld1-1643390182193-1643390192908-0,accessionNumber,fsg_F1979.20
entity:artifact:1:ld1-1643390182193-1643390192909-0,accessionNumber,fsg_F1979.21
entity:artifact:1:ld1-1643390182193-1643390192909-1,accessionNumber,fsg_F1979.22
entity:artifact:1:ld1-1643390182193-1643390192910-0,accessionNumber,fsg_F1979.23
entity:artifact:1:ld1-1643390182193-1643390192918-1,accessionNumber,fsg_F1979.36
entity:artifact:1:ld1-1643390182193-1643390193172-0,accessionNumber,fsg_F1980.191a-c
entity:artifact:1:ld1-1643390182193-1643390193173-0,accessionNumber,fsg_F1980.192a-c
entity:artifact:1:ld1-1643390182193-1643390193175-0,accessionNumber,fsg_F1980.193a-b
entity:artifact:1:ld1-1643390182193-1643390193176-0,accessionNumber,fsg_F1980.194a-b
entity:artifact:1:ld1-1643390182193-1643390193582-0,accessionNumber,fsg_F1992.40
entity:artifact:1:ld1-1643390182193-1643390193586-0,accessionNumber,fsg_F1992.45
entity:artifact:1:ld1-1643390182193-1643390193772-0,accessionNumber,fsg_F1996.8
entity:artifact:1:ld1-1643390182193-1643390193859-0,accessionNumber,fsg_F1998.3
entity:artifact:1:ld1-1643390182193-1643390194307-0,accessionNumber,fsg_F2002.3
entity:artifact:1:ld1-1643390182193-1643390194308-0,accessionNumber,fsg_F2002.4
entity:artifact:1:ld1-1643390182193-1643390194486-0,accessionNumber,fsg_F2017.5a-c
entity:artifact:1:ld1-1643390182193-1643390194898-0,accessionNumber,fsg_FSC-B-1
entity:artifact:1:ld1-1643390182193-1643390194898-1,accessionNumber,fsg_FSC-B-2
entity:artifact:1:ld1-1643390182193-1643390195107-0,accessionNumber,fsg_FSC-B-511
entity:artifact:1:ld1-1643390182193-1643390195109-1,accessionNumber,fsg_FSC-B-515
entity:artifact:1:ld1-1643390182193-1643390195110-0,accessionNumber,fsg_FSC-B-516a-f
entity:artifact:1:ld1-1643390182193-1643390195114-1,accessionNumber,fsg_FSC-B-523
entity:artifact:1:ld1-1643390182193-1643390195115-1,accessionNumber,fsg_FSC-B-525
entity:artifact:1:ld1-1643390182193-1643390195116-0,accessionNumber,fsg_FSC-B-526
entity:artifact:1:ld1-1643390182193-1643390195118-1,accessionNumber,fsg_FSC-B-530
entity:artifact:1:ld1-1643390182193-1643390195123-1,accessionNumber,fsg_FSC-B-539
entity:artifact:1:ld1-1643390182193-1643390195165-0,accessionNumber,fsg_FSC-B-604
entity:artifact:1:ld1-1643390182193-1643390195165-1,accessionNumber,fsg_FSC-B-605
entity:artifact:1:ld1-1643390182193-1643390195166-0,accessionNumber,fsg_FSC-B-607
entity:artifact:1:ld1-1643390182193-1643390195167-0,accessionNumber,fsg_FSC-B-608
entity:artifact:1:ld1-1643390182193-1643390195202-1,accessionNumber,fsg_FSC-G-48a-b
entity:artifact:1:ld1-1643390182193-1643390195204-1,accessionNumber,fsg_FSC-G-52
entity:artifact:1:ld1-1643390182193-1643390196306-0,accessionNumber,fsg_FSC-L-26
entity:artifact:1:ld1-1643390182193-1643390196364-0,accessionNumber,fsg_FSC-M-72
entity:artifact:1:ld1-1643390182193-1643390196412-1,accessionNumber,fsg_FSC-O-11a-h
entity:artifact:1:ld1-1643390182193-1643390196419-0,accessionNumber,fsg_FSC-O-26
entity:artifact:1:ld1-1643390182193-1643390196420-0,accessionNumber,fsg_FSC-O-27
entity:artifact:1:ld1-1643390182193-1643390196420-1,accessionNumber,fsg_FSC-O-28
entity:artifact:1:ld1-1643390182193-1643390196421-0,accessionNumber,fsg_FSC-O-29
entity:artifact:1:ld1-1643390182193-1643390196421-1,accessionNumber,fsg_FSC-O-30
entity:artifact:1:ld1-1643390182193-1643390196422-0,accessionNumber,fsg_FSC-O-32
entity:artifact:1:ld1-1643390182193-1643390196422-1,accessionNumber,fsg_FSC-O-33
entity:artifact:1:ld1-1643390182193-1643390196423-0,accessionNumber,fsg_FSC-O-34
entity:artifact:1:ld1-1643390182193-1643390196424-0,accessionNumber,fsg_FSC-O-35
entity:artifact:1:ld1-1643390182193-1643390196424-1,accessionNumber,fsg_FSC-O-36
entity:artifact:1:ld1-1643390182193-1643390196425-0,accessionNumber,fsg_FSC-O-37
entity:artifact:1:ld1-1643390182193-1643390196425-1,accessionNumber,fsg_FSC-O-38
entity:artifact:1:ld1-1643390182193-1643390196426-0,accessionNumber,fsg_FSC-O-39
entity:artifact:1:ld1-1643390182193-1643390196426-1,accessionNumber,fsg_FSC-O-40
entity:artifact:1:ld1-1643390182193-1643390196427-0,accessionNumber,fsg_FSC-O-41
entity:artifact:1:ld1-1643390182193-1643390199601-0,accessionNumber,fsg_FSC-P-4127a-i
entity:artifact:1:ld1-1643390182193-1643390199654-0,accessionNumber,fsg_FSC-P-4208
entity:artifact:1:ld1-1643390182193-1643390199654-1,accessionNumber,fsg_FSC-P-4209
entity:artifact:1:ld1-1643390182193-1643390199655-0,accessionNumber,fsg_FSC-P-4210
entity:artifact:1:ld1-1643390182193-1643390201839-1,accessionNumber,fsg_FSC-PA-197
entity:artifact:1:ld1-1643390182193-1643390201840-0,accessionNumber,fsg_FSC-PA-198
entity:artifact:1:ld1-1643390182193-1643390202065-1,accessionNumber,fsg_FSC-S-23
entity:artifact:1:ld1-1643390182193-1643390202105-0,accessionNumber,fsg_FSC-S-99
entity:artifact:1:ld1-1643390182193-1643390202126-0,accessionNumber,fsg_FSC-T-5
entity:artifact:1:ld1-1643390182193-1643390202127-1,accessionNumber,fsg_FSC-T-7
entity:artifact:1:ld1-1643390182193-1643390202182-1,accessionNumber,fsg_FSC-W-22
entity:artifact:1:ld1-1643390182193-1643390202183-0,accessionNumber,fsg_FSC-W-23
entity:artifact:1:ld1-1643390182193-1643390202184-0,accessionNumber,fsg_FSC-W-24
entity:artifact:1:ld1-1643390182193-1643390202184-1,accessionNumber,fsg_FSC-W-25
entity:artifact:1:ld1-1643390182193-1643390202185-0,accessionNumber,fsg_FSC-W-26
entity:artifact:1:ld1-1643390182193-1643390202185-1,accessionNumber,fsg_FSC-W-27
entity:artifact:1:ld1-1643390182193-1643390202202-0,accessionNumber,fsg_FSC-X-22a-d
entity:artifact:1:ld1-1643390182193-1643390202870-0,accessionNumber,fsg_S1987.15
entity:artifact:1:ld1-1643390182193-1643390203101-0,accessionNumber,fsg_S1987.282
entity:artifact:1:ld1-1643390182193-1643390203114-0,accessionNumber,fsg_S1987.303
entity:artifact:1:ld1-1643390182193-1643390203129-0,accessionNumber,fsg_S1987.329
entity:artifact:1:ld1-1643390182193-1643390203302-0,accessionNumber,fsg_S1987.559
entity:artifact:1:ld1-1643390182193-1643390203443-0,accessionNumber,fsg_S1987.705
entity:artifact:1:ld1-1643398738600-1643398745136-0,accessionNumber,nmaahc_2011.45.93.1
entity:artifact:1:ld1-1643398738600-1643398745137-0,accessionNumber,nmaahc_2011.45.93.2
entity:artifact:1:ld1-1643398738600-1643398745138-0,accessionNumber,nmaahc_2011.45.93.3
entity:artifact:1:ld1-1643398738600-1643398745213-0,accessionNumber,nmaahc_2011.57.29.2
entity:artifact:1:ld1-1643398738600-1643398747015-1,accessionNumber,nmaahc_2013.118.139.2
entity:artifact:1:ld1-1643398738600-1643398748738-1,accessionNumber,nmaahc_2014.174.12
entity:artifact:1:ld1-1643398853934-1643398856584-1,accessionNumber,nmah_308262
entity:artifact:1:ld1-1643398853934-1643398856618-2,accessionNumber,nmah_315021
entity:artifact:1:ld1-1643398853934-1643398856657-1,accessionNumber,nmah_316307
entity:artifact:1:ld1-1643398853934-1643398856788-1,accessionNumber,nmah_308253
entity:artifact:1:ld1-1643398853934-1643398861803-0,accessionNumber,nmah_308087
entity:artifact:1:ld1-1643398853934-1643398865285-0,accessionNumber,nmah_324566
entity:artifact:1:ld1-1643398853934-1643398865570-0,accessionNumber,nmah_324812
entity:artifact:1:ld1-1643398912743-1643398954325-0,accessionNumber,nmah_1841182
entity:artifact:1:ld1-1643398912743-1643398954326-0,accessionNumber,nmah_1841187
entity:artifact:1:ld1-1643398986850-1643399010506-0,accessionNumber,nmah_1119960
entity:artifact:1:ld1-1643398986850-1643399010507-0,accessionNumber,nmah_1119964
entity:artifact:1:ld1-1643399134763-1643399191104-0,accessionNumber,nmah_1406975
entity:artifact:1:ld1-1643399134763-1643399191104-1,accessionNumber,nmah_1406976
entity:artifact:1:ld1-1643399207586-1643399235010-1,accessionNumber,nmah_1272598
entity:artifact:1:ld1-1643399486815-1643399489990-1,accessionNumber,nmah_624005
entity:artifact:1:ld1-1643399486815-1643399489992-0,accessionNumber,nmah_624000
entity:artifact:1:ld1-1643399486815-1643399489995-0,accessionNumber,nmah_624014
entity:artifact:1:ld1-1643399486815-1643399489996-0,accessionNumber,nmah_623997
entity:artifact:1:ld1-1643399486815-1643399489997-0,accessionNumber,nmah_624009
entity:artifact:1:ld1-1643399486815-1643399489998-0,accessionNumber,nmah_623996
entity:artifact:1:ld1-1643399486815-1643399489999-0,accessionNumber,nmah_624007
entity:artifact:1:ld1-1643399486815-1643399490000-0,accessionNumber,nmah_623999
entity:artifact:1:ld1-1643399486815-1643399490001-0,accessionNumber,nmah_624001
entity:artifact:1:ld1-1643399486815-1643399490002-0,accessionNumber,nmah_624003
entity:artifact:1:ld1-1643399486815-1643399490003-0,accessionNumber,nmah_624011
entity:artifact:1:ld1-1643399486815-1643399490004-0,accessionNumber,nmah_624017
entity:artifact:1:ld1-1643399486815-1643399490005-0,accessionNumber,nmah_624015
entity:artifact:1:ld1-1643399486815-1643399490006-0,accessionNumber,nmah_624010
entity:artifact:1:ld1-1643399486815-1643399490007-0,accessionNumber,nmah_624002
entity:artifact:1:ld1-1643399486815-1643399490008-0,accessionNumber,nmah_624029
entity:artifact:1:ld1-1643399486815-1643399490009-0,accessionNumber,nmah_624033
entity:artifact:1:ld1-1643399486815-1643399490010-0,accessionNumber,nmah_623994
entity:artifact:1:ld1-1643399486815-1643399490011-0,accessionNumber,nmah_624004
entity:artifact:1:ld1-1643399486815-1643399490012-0,accessionNumber,nmah_624012
entity:artifact:1:ld1-1643399486815-1643399490013-0,accessionNumber,nmah_623961
entity:artifact:1:ld1-1643399486815-1643399490014-0,accessionNumber,nmah_623965
entity:artifact:1:ld1-1643399486815-1643399490015-0,accessionNumber,nmah_623964
entity:artifact:1:ld1-1643399486815-1643399490016-0,accessionNumber,nmah_624030
entity:artifact:1:ld1-1643399486815-1643399490017-0,accessionNumber,nmah_624024
entity:artifact:1:ld1-1643399486815-1643399490019-0,accessionNumber,nmah_624028
entity:artifact:1:ld1-1643399486815-1643399490020-0,accessionNumber,nmah_624027
entity:artifact:1:ld1-1643399486815-1643399490021-0,accessionNumber,nmah_624204
entity:artifact:1:ld1-1643399486815-1643399490022-0,accessionNumber,nmah_623955
entity:artifact:1:ld1-1643399486815-1643399490023-0,accessionNumber,nmah_624022
entity:artifact:1:ld1-1643399486815-1643399490024-0,accessionNumber,nmah_624025
entity:artifact:1:ld1-1643399486815-1643399490025-0,accessionNumber,nmah_623995
entity:artifact:1:ld1-1643399486815-1643399490026-1,accessionNumber,nmah_624019
entity:artifact:1:ld1-1643399486815-1643399490027-0,accessionNumber,nmah_624023
entity:artifact:1:ld1-1643399486815-1643399490028-0,accessionNumber,nmah_623962
entity:artifact:1:ld1-1643399486815-1643399490029-0,accessionNumber,nmah_623963
entity:artifact:1:ld1-1643399486815-1643399490030-0,accessionNumber,nmah_624013
entity:artifact:1:ld1-1643399486815-1643399490031-0,accessionNumber,nmah_624006
entity:artifact:1:ld1-1643399486815-1643399490032-0,accessionNumber,nmah_624008
entity:artifact:1:ld1-1643399486815-1643399490033-0,accessionNumber,nmah_624031
entity:artifact:1:ld1-1643399486815-1643399490034-0,accessionNumber,nmah_623998
entity:artifact:1:ld1-1643399486815-1643399490035-0,accessionNumber,nmah_624021
entity:artifact:1:ld1-1643399486815-1643399490036-0,accessionNumber,nmah_624032
entity:artifact:1:ld1-1643399486815-1643399490037-0,accessionNumber,nmah_624209
entity:artifact:1:ld1-1643399486815-1643399490038-0,accessionNumber,nmah_624020
entity:artifact:1:ld1-1643399486815-1643399490039-0,accessionNumber,nmah_624207
entity:artifact:1:ld1-1643399486815-1643399490040-0,accessionNumber,nmah_624026
entity:artifact:1:ld1-1643399486815-1643399490041-0,accessionNumber,nmah_624016
entity:artifact:1:ld1-1643399486815-1643399490042-0,accessionNumber,nmah_624206
entity:artifact:1:ld1-1643399486815-1643399490042-1,accessionNumber,nmah_624208
entity:artifact:1:ld1-1643399549356-1643399580630-0,accessionNumber,nmah_594615
entity:artifact:1:ld1-1643399549356-1643399581024-0,accessionNumber,nmah_582084
entity:artifact:1:ld1-1643399549356-1643399581036-0,accessionNumber,nmah_596854
entity:artifact:1:ld1-1643399549356-1643399581037-0,accessionNumber,nmah_596853
entity:artifact:1:ld1-1643399549356-1643399584799-0,accessionNumber,nmah_587576
entity:artifact:1:ld1-1643399549356-1643399589214-1,accessionNumber,nmah_597152
entity:artifact:1:ld1-1643399549356-1643399589215-0,accessionNumber,nmah_597151
entity:artifact:1:ld1-1643399549356-1643399589216-1,accessionNumber,nmah_597153
entity:artifact:1:ld1-1643399549356-1643399589217-0,accessionNumber,nmah_1695164
entity:artifact:1:ld1-1643399549356-1643399589218-0,accessionNumber,nmah_1695222
entity:artifact:1:ld1-1643399549356-1643399589218-1,accessionNumber,nmah_1695166
entity:artifact:1:ld1-1643399549356-1643399589219-0,accessionNumber,nmah_1695167
entity:artifact:1:ld1-1643399549356-1643399589219-1,accessionNumber,nmah_1695221
entity:artifact:1:ld1-1643399549356-1643399589220-0,accessionNumber,nmah_597154
entity:artifact:1:ld1-1643399549356-1643399589221-0,accessionNumber,nmah_1695177
entity:artifact:1:ld1-1643399549356-1643399589222-0,accessionNumber,nmah_1695231
entity:artifact:1:ld1-1643399549356-1643399589222-1,accessionNumber,nmah_1695179
entity:artifact:1:ld1-1643399549356-1643399589223-0,accessionNumber,nmah_597150
entity:artifact:1:ld1-1643399549356-1643399589225-0,accessionNumber,nmah_597149
entity:artifact:1:ld1-1643399549356-1643399589228-0,accessionNumber,nmah_597155
entity:artifact:1:ld1-1643399549356-1643399589675-0,accessionNumber,nmah_581444
entity:artifact:1:ld1-1643399549356-1643399589675-1,accessionNumber,nmah_588110
entity:artifact:1:ld1-1643399549356-1643399589676-0,accessionNumber,nmah_581465
entity:artifact:1:ld1-1643399549356-1643399589678-0,accessionNumber,nmah_581466
entity:artifact:1:ld1-1643399549356-1643399589678-1,accessionNumber,nmah_581456
entity:artifact:1:ld1-1643399549356-1643399589679-0,accessionNumber,nmah_581457
entity:artifact:1:ld1-1643399549356-1643399589679-1,accessionNumber,nmah_581458
entity:artifact:1:ld1-1643399549356-1643399589680-0,accessionNumber,nmah_581460
entity:artifact:1:ld1-1643399549356-1643399589681-0,accessionNumber,nmah_581461
entity:artifact:1:ld1-1643399549356-1643399589681-1,accessionNumber,nmah_581463
entity:artifact:1:ld1-1643399549356-1643399589682-0,accessionNumber,nmah_581462
entity:artifact:1:ld1-1643399549356-1643399589683-0,accessionNumber,nmah_581445
entity:artifact:1:ld1-1643399549356-1643399589683-1,accessionNumber,nmah_581446
entity:artifact:1:ld1-1643399549356-1643399589684-0,accessionNumber,nmah_581447
entity:artifact:1:ld1-1643399549356-1643399589685-0,accessionNumber,nmah_581448
entity:artifact:1:ld1-1643399549356-1643399589685-1,accessionNumber,nmah_581449
entity:artifact:1:ld1-1643399549356-1643399589686-0,accessionNumber,nmah_581450
entity:artifact:1:ld1-1643399549356-1643399589686-1,accessionNumber,nmah_581451
entity:artifact:1:ld1-1643399549356-1643399589687-0,accessionNumber,nmah_581452
entity:artifact:1:ld1-1643399549356-1643399589688-0,accessionNumber,nmah_581453
entity:artifact:1:ld1-1643399549356-1643399589688-1,accessionNumber,nmah_581454
entity:artifact:1:ld1-1643399549356-1643399589689-0,accessionNumber,nmah_581455
entity:artifact:1:ld1-1643399549356-1643399589689-1,accessionNumber,nmah_581436
entity:artifact:1:ld1-1643399549356-1643399589690-0,accessionNumber,nmah_581435
entity:artifact:1:ld1-1643399549356-1643399589690-1,accessionNumber,nmah_581432
entity:artifact:1:ld1-1643399549356-1643399589691-0,accessionNumber,nmah_581434
entity:artifact:1:ld1-1643399549356-1643399589692-0,accessionNumber,nmah_581433
entity:artifact:1:ld1-1643399549356-1643399589692-1,accessionNumber,nmah_581443
entity:artifact:1:ld1-1643399549356-1643399589693-0,accessionNumber,nmah_581437
entity:artifact:1:ld1-1643399549356-1643399589693-1,accessionNumber,nmah_581438
entity:artifact:1:ld1-1643399549356-1643399589694-0,accessionNumber,nmah_581439
entity:artifact:1:ld1-1643399549356-1643399589694-1,accessionNumber,nmah_581440
entity:artifact:1:ld1-1643399549356-1643399589695-0,accessionNumber,nmah_581441
entity:artifact:1:ld1-1643399549356-1643399589696-0,accessionNumber,nmah_581442
entity:artifact:1:ld1-1643399549356-1643399589697-0,accessionNumber,nmah_581459
entity:artifact:1:ld1-1643399549356-1643399589697-1,accessionNumber,nmah_581464
entity:artifact:1:ld1-1643399549356-1643399592321-1,accessionNumber,nmah_579600
entity:artifact:1:ld1-1643399549356-1643399604876-0,accessionNumber,nmah_1391360
entity:artifact:1:ld1-1643399549356-1643399605133-0,accessionNumber,nmah_1391364
entity:artifact:1:ld1-1643399549356-1643399605133-1,accessionNumber,nmah_2008843
entity:artifact:1:ld1-1643399549356-1643399605219-0,accessionNumber,nmah_1189403
entity:artifact:1:ld1-1643399625297-1643399665684-1,accessionNumber,nmah_1882281
entity:artifact:1:ld1-1643399625297-1643399665685-0,accessionNumber,nmah_1882282
entity:artifact:1:ld1-1643399625297-1643399665685-1,accessionNumber,nmah_1882283
entity:artifact:1:ld1-1643399625297-1643399665686-0,accessionNumber,nmah_1882284
entity:artifact:1:ld1-1643399625297-1643399665686-1,accessionNumber,nmah_1882285
entity:artifact:1:ld1-1643399625297-1643399670079-1,accessionNumber,nmah_515408
entity:artifact:1:ld1-1643399625297-1643399670080-1,accessionNumber,nmah_514872
entity:artifact:1:ld1-1643399625297-1643399670189-0,accessionNumber,nmah_515028
entity:artifact:1:ld1-1643399625297-1643399670666-0,accessionNumber,nmah_523986
entity:artifact:1:ld1-1643399625297-1643399677835-0,accessionNumber,nmah_527230
entity:artifact:1:ld1-1643399887910-1643399887993-1,accessionNumber,chndm_1896-10-3
entity:artifact:1:ld1-1643399887910-1643399887994-0,accessionNumber,chndm_1896-10-5
entity:artifact:1:ld1-1643399887910-1643399888016-1,accessionNumber,chndm_1896-17-12
entity:artifact:1:ld1-1643399887910-1643399888017-0,accessionNumber,chndm_1896-17-15
entity:artifact:1:ld1-1643399887910-1643399888017-1,accessionNumber,chndm_1896-17-18-a_b
entity:artifact:1:ld1-1643399887910-1643399888029-1,accessionNumber,chndm_1896-17-47
entity:artifact:1:ld1-1643399887910-1643399888064-1,accessionNumber,chndm_1896-20-4
entity:artifact:1:ld1-1643399887910-1643399888078-0,accessionNumber,chndm_1896-27-22
entity:artifact:1:ld1-1643399887910-1643399888095-0,accessionNumber,chndm_1896-29-21
entity:artifact:1:ld1-1643399887910-1643399888348-2,accessionNumber,chndm_1896-4-4
entity:artifact:1:ld1-1643399887910-1643399888555-1,accessionNumber,chndm_1898-6-2
entity:artifact:1:ld1-1643399887910-1643399888614-2,accessionNumber,chndm_1899-11-10
entity:artifact:1:ld1-1643399887910-1643399890353-1,accessionNumber,chndm_1901-5-2
entity:artifact:1:ld1-1643399887910-1643399890463-1,accessionNumber,chndm_1902-1-282-a_g
entity:artifact:1:ld1-1643399887910-1643399890528-1,accessionNumber,chndm_1902-1-405
entity:artifact:1:ld1-1643399887910-1643399890536-1,accessionNumber,chndm_1902-1-416-a_c
entity:artifact:1:ld1-1643399887910-1643399890538-0,accessionNumber,chndm_1902-1-419
entity:artifact:1:ld1-1643399887910-1643399890545-0,accessionNumber,chndm_1902-1-432
entity:artifact:1:ld1-1643399887910-1643399890545-1,accessionNumber,chndm_1902-1-433
entity:artifact:1:ld1-1643399887910-1643399890546-0,accessionNumber,chndm_1902-1-434-a_b
entity:artifact:1:ld1-1643399887910-1643399890547-1,accessionNumber,chndm_1902-1-437
entity:artifact:1:ld1-1643399887910-1643399890556-0,accessionNumber,chndm_1902-1-454
entity:artifact:1:ld1-1643399887910-1643399890581-1,accessionNumber,chndm_1902-1-504
entity:artifact:1:ld1-1643399887910-1643399890582-0,accessionNumber,chndm_1902-1-505-a_e
entity:artifact:1:ld1-1643399887910-1643399890582-1,accessionNumber,chndm_1902-1-506-a
entity:artifact:1:ld1-1643399887910-1643399890583-0,accessionNumber,chndm_1902-1-506-b
entity:artifact:1:ld1-1643399887910-1643399890584-1,accessionNumber,chndm_1902-1-509
entity:artifact:1:ld1-1643399887910-1643399890585-1,accessionNumber,chndm_1902-1-510
entity:artifact:1:ld1-1643399887910-1643399890614-1,accessionNumber,chndm_1902-1-571
entity:artifact:1:ld1-1643399887910-1643399890766-1,accessionNumber,chndm_1902-1-875
entity:artifact:1:ld1-1643399887910-1643399890785-0,accessionNumber,chndm_1902-1-914
entity:artifact:1:ld1-1643399887910-1643399890808-1,accessionNumber,chndm_1902-1-963-a
entity:artifact:1:ld1-1643399887910-1643399890809-0,accessionNumber,chndm_1902-1-963-b
entity:artifact:1:ld1-1643399887910-1643399890809-1,accessionNumber,chndm_1902-1-963-c
entity:artifact:1:ld1-1643399887910-1643399890810-0,accessionNumber,chndm_1902-1-963-d
entity:artifact:1:ld1-1643399887910-1643399890810-1,accessionNumber,chndm_1902-1-963-e
entity:artifact:1:ld1-1643399887910-1643399890868-1,accessionNumber,chndm_1903-1-18
entity:artifact:1:ld1-1643399887910-1643399891576-2,accessionNumber,chndm_1906-21-13
entity:artifact:1:ld1-1643399887910-1643399891577-0,accessionNumber,chndm_1906-21-14-a
entity:artifact:1:ld1-1643399887910-1643399891577-1,accessionNumber,chndm_1906-21-16-a_b
entity:artifact:1:ld1-1643399887910-1643399891590-0,accessionNumber,chndm_1906-21-20
entity:artifact:1:ld1-1643399887910-1643399891600-0,accessionNumber,chndm_1906-21-22
entity:artifact:1:ld1-1643399887910-1643399891605-1,accessionNumber,chndm_1906-21-23
entity:artifact:1:ld1-1643399887910-1643399891610-1,accessionNumber,chndm_1906-21-24-a_b
entity:artifact:1:ld1-1643399887910-1643399891618-1,accessionNumber,chndm_1906-21-28
entity:artifact:1:ld1-1643399887910-1643399891619-0,accessionNumber,chndm_1906-21-29
entity:artifact:1:ld1-1643399887910-1643399891620-0,accessionNumber,chndm_1906-21-30
entity:artifact:1:ld1-1643399887910-1643399891620-1,accessionNumber,chndm_1906-21-33
entity:artifact:1:ld1-1643399887910-1643399891621-0,accessionNumber,chndm_1906-21-34-b
entity:artifact:1:ld1-1643399887910-1643399891621-1,accessionNumber,chndm_1906-21-37-a_c
entity:artifact:1:ld1-1643399887910-1643399891622-0,accessionNumber,chndm_1906-21-39-a_g
entity:artifact:1:ld1-1643399887910-1643399891623-0,accessionNumber,chndm_1906-21-42-a_c
entity:artifact:1:ld1-1643399887910-1643399891623-1,accessionNumber,chndm_1906-21-43
entity:artifact:1:ld1-1643399887910-1643399891624-0,accessionNumber,chndm_1906-21-44-b
entity:artifact:1:ld1-1643399887910-1643399892133-1,accessionNumber,chndm_1908-6-1
entity:artifact:1:ld1-1643399887910-1643399892221-1,accessionNumber,chndm_1909-19-3
entity:artifact:1:ld1-1643399887910-1643399892439-1,accessionNumber,chndm_1909-28-1-a_c
entity:artifact:1:ld1-1643399887910-1643399892475-0,accessionNumber,chndm_1910-28-10
entity:artifact:1:ld1-1643399887910-1643399892475-1,accessionNumber,chndm_1910-28-11
entity:artifact:1:ld1-1643399887910-1643399892476-0,accessionNumber,chndm_1910-28-14
entity:artifact:1:ld1-1643399887910-1643399892476-1,accessionNumber,chndm_1910-28-15
entity:artifact:1:ld1-1643399887910-1643399892477-0,accessionNumber,chndm_1910-28-16
entity:artifact:1:ld1-1643399887910-1643399892477-1,accessionNumber,chndm_1910-28-17
entity:artifact:1:ld1-1643399887910-1643399892477-2,accessionNumber,chndm_1910-28-18
entity:artifact:1:ld1-1643399887910-1643399892478-1,accessionNumber,chndm_1910-28-6
entity:artifact:1:ld1-1643399887910-1643399892479-0,accessionNumber,chndm_1910-28-7
entity:artifact:1:ld1-1643399887910-1643399892479-1,accessionNumber,chndm_1910-28-8
entity:artifact:1:ld1-1643399887910-1643399892480-0,accessionNumber,chndm_1910-28-9
entity:artifact:1:ld1-1643399887910-1643399892812-1,accessionNumber,chndm_1911-3-12
entity:artifact:1:ld1-1643399887910-1643399892840-1,accessionNumber,chndm_1911-7-6
entity:artifact:1:ld1-1643399887910-1643399892842-1,accessionNumber,chndm_1912-10-1
entity:artifact:1:ld1-1643399887910-1643399892844-0,accessionNumber,chndm_1912-10-2
entity:artifact:1:ld1-1643399887910-1643399892845-0,accessionNumber,chndm_1912-10-4
entity:artifact:1:ld1-1643399887910-1643399892846-1,accessionNumber,chndm_1912-10-7
entity:artifact:1:ld1-1643399887910-1643399892984-1,accessionNumber,chndm_1912-12-49
entity:artifact:1:ld1-1643399887910-1643399892985-1,accessionNumber,chndm_1912-12-50
entity:artifact:1:ld1-1643399887910-1643399893503-0,accessionNumber,chndm_1914-5-2
entity:artifact:1:ld1-1643399887910-1643399893572-1,accessionNumber,chndm_1916-26-1-a_jj
entity:artifact:1:ld1-1643399887910-1643399893576-0,accessionNumber,chndm_1916-29-115
entity:artifact:1:ld1-1643399887910-1643399893590-0,accessionNumber,chndm_1916-33-101
entity:artifact:1:ld1-1643399887910-1643399893748-0,accessionNumber,chndm_1917-2-5-a_b
entity:artifact:1:ld1-1643399887910-1643399895416-0,accessionNumber,chndm_1920-19-29-a_b
entity:artifact:1:ld1-1643399887910-1643399895493-0,accessionNumber,chndm_1920-36-204
entity:artifact:1:ld1-1643399887910-1643399895494-0,accessionNumber,chndm_1920-36-205
entity:artifact:1:ld1-1643399887910-1643399895494-1,accessionNumber,chndm_1920-36-206
entity:artifact:1:ld1-1643399887910-1643399895495-0,accessionNumber,chndm_1920-36-207
entity:artifact:1:ld1-1643399887910-1643399895495-1,accessionNumber,chndm_1920-36-208
entity:artifact:1:ld1-1643399887910-1643399895495-2,accessionNumber,chndm_1920-36-209
entity:artifact:1:ld1-1643399887910-1643399895532-0,accessionNumber,chndm_1920-36-276
entity:artifact:1:ld1-1643399887910-1643399895818-0,accessionNumber,chndm_1921-22-256
entity:artifact:1:ld1-1643399887910-1643399895967-0,accessionNumber,chndm_1921-41-26
entity:artifact:1:ld1-1643399887910-1643399898198-0,accessionNumber,chndm_1921-6-326-21
entity:artifact:1:ld1-1643399887910-1643399898959-1,accessionNumber,chndm_1921-6-389-80
entity:artifact:1:ld1-1643399887910-1643399900899-1,accessionNumber,chndm_1921-6-68-1
entity:artifact:1:ld1-1643399887910-1643399900899-2,accessionNumber,chndm_1921-6-68-2
entity:artifact:1:ld1-1643399887910-1643399900901-1,accessionNumber,chndm_1921-6-72
entity:artifact:1:ld1-1643399887910-1643399900964-1,accessionNumber,chndm_1923-24-1
entity:artifact:1:ld1-1643399887910-1643399900965-1,accessionNumber,chndm_1923-24-3
entity:artifact:1:ld1-1643399887910-1643399901005-1,accessionNumber,chndm_1923-46-227
entity:artifact:1:ld1-1643399887910-1643399901036-1,accessionNumber,chndm_1923-51-6-a_b
entity:artifact:1:ld1-1643399887910-1643399901037-0,accessionNumber,chndm_1923-51-8
entity:artifact:1:ld1-1643399887910-1643399901037-1,accessionNumber,chndm_1923-51-9
entity:artifact:1:ld1-1643399887910-1643399901128-1,accessionNumber,chndm_1924-1-4-a
entity:artifact:1:ld1-1643399887910-1643399901356-1,accessionNumber,chndm_1924-9-2
entity:artifact:1:ld1-1643399887910-1643399901449-0,accessionNumber,chndm_1925-1-65
entity:artifact:1:ld1-1643399887910-1643399901821-1,accessionNumber,chndm_1926-22-113
entity:artifact:1:ld1-1643399887910-1643399901822-0,accessionNumber,chndm_1926-22-114
entity:artifact:1:ld1-1643399887910-1643399901822-1,accessionNumber,chndm_1926-22-118-a
entity:artifact:1:ld1-1643399887910-1643399901823-0,accessionNumber,chndm_1926-22-118-b
entity:artifact:1:ld1-1643399887910-1643399901830-0,accessionNumber,chndm_1926-22-142-a_b
entity:artifact:1:ld1-1643399887910-1643399901830-1,accessionNumber,chndm_1926-22-143-a_b
entity:artifact:1:ld1-1643399887910-1643399901831-0,accessionNumber,chndm_1926-22-144-a_b
entity:artifact:1:ld1-1643399887910-1643399901831-1,accessionNumber,chndm_1926-22-145
entity:artifact:1:ld1-1643399887910-1643399901831-2,accessionNumber,chndm_1926-22-146-a_b
entity:artifact:1:ld1-1643399887910-1643399901832-0,accessionNumber,chndm_1926-22-147-a_b
entity:artifact:1:ld1-1643399887910-1643399901832-1,accessionNumber,chndm_1926-22-148-a_b
entity:artifact:1:ld1-1643399887910-1643399901833-0,accessionNumber,chndm_1926-22-149-a_b
entity:artifact:1:ld1-1643399887910-1643399901834-0,accessionNumber,chndm_1926-22-150-a_b
entity:artifact:1:ld1-1643399887910-1643399901834-1,accessionNumber,chndm_1926-22-151-a_b
entity:artifact:1:ld1-1643399887910-1643399901835-0,accessionNumber,chndm_1926-22-152-a_b
entity:artifact:1:ld1-1643399887910-1643399901835-1,accessionNumber,chndm_1926-22-153-a_b
entity:artifact:1:ld1-1643399887910-1643399901836-0,accessionNumber,chndm_1926-22-154-a_b
entity:artifact:1:ld1-1643399887910-1643399901836-1,accessionNumber,chndm_1926-22-155-a_b
entity:artifact:1:ld1-1643399887910-1643399901836-2,accessionNumber,chndm_1926-22-156-a_b
entity:artifact:1:ld1-1643399887910-1643399901837-0,accessionNumber,chndm_1926-22-157-a_b
entity:artifact:1:ld1-1643399887910-1643399901837-1,accessionNumber,chndm_1926-22-158-a_b
entity:artifact:1:ld1-1643399887910-1643399901838-0,accessionNumber,chndm_1926-22-159-a_b
entity:artifact:1:ld1-1643399887910-1643399901842-1,accessionNumber,chndm_1926-22-172
entity:artifact:1:ld1-1643399887910-1643399901844-1,accessionNumber,chndm_1926-22-181-a_b
entity:artifact:1:ld1-1643399887910-1643399901844-2,accessionNumber,chndm_1926-22-181-c_d
entity:artifact:1:ld1-1643399887910-1643399901846-0,accessionNumber,chndm_1926-22-184
entity:artifact:1:ld1-1643399887910-1643399901930-0,accessionNumber,chndm_1926-37-243
entity:artifact:1:ld1-1643399887910-1643399901941-0,accessionNumber,chndm_1926-37-54
entity:artifact:1:ld1-1643399887910-1643399902225-1,accessionNumber,chndm_1927-5-22
entity:artifact:1:ld1-1643399887910-1643399902226-2,accessionNumber,chndm_1927-5-26-a_f
entity:artifact:1:ld1-1643399887910-1643399902227-0,accessionNumber,chndm_1927-5-27-a_d
entity:artifact:1:ld1-1643399887910-1643399902229-0,accessionNumber,chndm_1927-5-32
entity:artifact:1:ld1-1643399887910-1643399902229-1,accessionNumber,chndm_1927-5-33
entity:artifact:1:ld1-1643399887910-1643399902230-0,accessionNumber,chndm_1927-5-34
entity:artifact:1:ld1-1643399887910-1643399902231-0,accessionNumber,chndm_1927-5-40
entity:artifact:1:ld1-1643399887910-1643399902232-1,accessionNumber,chndm_1927-5-43
entity:artifact:1:ld1-1643399887910-1643399902233-0,accessionNumber,chndm_1927-5-45
entity:artifact:1:ld1-1643399887910-1643399902235-0,accessionNumber,chndm_1927-5-54
entity:artifact:1:ld1-1643399887910-1643399902348-1,accessionNumber,chndm_1928-2-8
entity:artifact:1:ld1-1643399887910-1643399902353-0,accessionNumber,chndm_1928-2-9
entity:artifact:1:ld1-1643399887910-1643399902498-0,accessionNumber,chndm_1931-25-10-a_b
entity:artifact:1:ld1-1643399887910-1643399902498-1,accessionNumber,chndm_1931-25-11-a_f
entity:artifact:1:ld1-1643399887910-1643399902499-0,accessionNumber,chndm_1931-25-13-a_d
entity:artifact:1:ld1-1643399887910-1643399902499-1,accessionNumber,chndm_1931-25-15-a_c
entity:artifact:1:ld1-1643399887910-1643399902500-0,accessionNumber,chndm_1931-25-16
entity:artifact:1:ld1-1643399887910-1643399902500-1,accessionNumber,chndm_1931-25-18
entity:artifact:1:ld1-1643399887910-1643399902554-0,accessionNumber,chndm_1931-4-63
entity:artifact:1:ld1-1643399887910-1643399902558-1,accessionNumber,chndm_1931-4-79
entity:artifact:1:ld1-1643399887910-1643399902559-1,accessionNumber,chndm_1931-4-81
entity:artifact:1:ld1-1643399887910-1643399902560-0,accessionNumber,chndm_1931-4-82-a
entity:artifact:1:ld1-1643399887910-1643399902567-1,accessionNumber,chndm_1931-40-15
entity:artifact:1:ld1-1643399887910-1643399902570-0,accessionNumber,chndm_1931-40-2
entity:artifact:1:ld1-1643399887910-1643399902579-0,accessionNumber,chndm_1931-40-48-a_b
entity:artifact:1:ld1-1643399887910-1643399902579-1,accessionNumber,chndm_1931-40-49-a_b
entity:artifact:1:ld1-1643399887910-1643399902870-0,accessionNumber,chndm_1931-59-236-a
entity:artifact:1:ld1-1643399887910-1643399903326-0,accessionNumber,chndm_1931-64-48-a_b
entity:artifact:1:ld1-1643399887910-1643399903326-1,accessionNumber,chndm_1931-64-49-a_b
entity:artifact:1:ld1-1643399887910-1643399903607-2,accessionNumber,chndm_1931-72-6
entity:artifact:1:ld1-1643399887910-1643399904592-0,accessionNumber,chndm_1931-94-56
entity:artifact:1:ld1-1643399887910-1643399905135-0,accessionNumber,chndm_1935-2-4
entity:artifact:1:ld1-1643399887910-1643399905797-1,accessionNumber,chndm_1936-9-1
entity:artifact:1:ld1-1643399887910-1643399905834-0,accessionNumber,chndm_1937-18-12
entity:artifact:1:ld1-1643399887910-1643399905836-1,accessionNumber,chndm_1937-18-17
entity:artifact:1:ld1-1643399887910-1643399905893-0,accessionNumber,chndm_1937-35-12-a_b
entity:artifact:1:ld1-1643399887910-1643399906894-0,accessionNumber,chndm_1938-57-1629
entity:artifact:1:ld1-1643399887910-1643399906895-0,accessionNumber,chndm_1938-57-1630
entity:artifact:1:ld1-1643399887910-1643399906895-1,accessionNumber,chndm_1938-57-1631
entity:artifact:1:ld1-1643399887910-1643399906896-0,accessionNumber,chndm_1938-57-1632
entity:artifact:1:ld1-1643399887910-1643399906966-0,accessionNumber,chndm_1938-57-354-a_c
entity:artifact:1:ld1-1643399887910-1643399907072-1,accessionNumber,chndm_1938-57-806
entity:artifact:1:ld1-1643399887910-1643399912627-0,accessionNumber,chndm_1939-37-17
entity:artifact:1:ld1-1643399887910-1643399912627-1,accessionNumber,chndm_1939-37-18
entity:artifact:1:ld1-1643399887910-1643399912631-1,accessionNumber,chndm_1939-37-4
entity:artifact:1:ld1-1643399887910-1643399912632-0,accessionNumber,chndm_1939-37-5
entity:artifact:1:ld1-1643399887910-1643399912632-1,accessionNumber,chndm_1939-37-6
entity:artifact:1:ld1-1643399887910-1643399912724-1,accessionNumber,chndm_1939-60-2
entity:artifact:1:ld1-1643399887910-1643399912790-0,accessionNumber,chndm_1939-64-5
entity:artifact:1:ld1-1643399887910-1643399912856-1,accessionNumber,chndm_1939-71-1-a_c
entity:artifact:1:ld1-1643399887910-1643399913258-1,accessionNumber,chndm_1940-119-1
entity:artifact:1:ld1-1643399887910-1643399913259-0,accessionNumber,chndm_1940-119-2
entity:artifact:1:ld1-1643399887910-1643399913260-0,accessionNumber,chndm_1940-119-3
entity:artifact:1:ld1-1643399887910-1643399913261-0,accessionNumber,chndm_1940-119-5
entity:artifact:1:ld1-1643399887910-1643399913396-0,accessionNumber,chndm_1940-4-10
entity:artifact:1:ld1-1643399887910-1643399913397-1,accessionNumber,chndm_1940-4-12
entity:artifact:1:ld1-1643399887910-1643399913401-0,accessionNumber,chndm_1940-4-2
entity:artifact:1:ld1-1643399887910-1643399913405-1,accessionNumber,chndm_1940-4-28
entity:artifact:1:ld1-1643399887910-1643399913408-0,accessionNumber,chndm_1940-4-6
entity:artifact:1:ld1-1643399887910-1643399913409-0,accessionNumber,chndm_1940-4-9
entity:artifact:1:ld1-1643399887910-1643399913918-1,accessionNumber,chndm_1940-93-63-a
entity:artifact:1:ld1-1643399887910-1643399913919-0,accessionNumber,chndm_1940-93-63-b
entity:artifact:1:ld1-1643399887910-1643399914139-1,accessionNumber,chndm_1941-31-295
entity:artifact:1:ld1-1643399887910-1643399914140-0,accessionNumber,chndm_1941-31-296
entity:artifact:1:ld1-1643399887910-1643399914150-0,accessionNumber,chndm_1941-31-31
entity:artifact:1:ld1-1643399887910-1643399914167-1,accessionNumber,chndm_1941-31-40
entity:artifact:1:ld1-1643399887910-1643399914168-0,accessionNumber,chndm_1941-31-41-a_b
entity:artifact:1:ld1-1643399887910-1643399914168-1,accessionNumber,chndm_1941-31-42
entity:artifact:1:ld1-1643399887910-1643399914169-0,accessionNumber,chndm_1941-31-43-a_b
entity:artifact:1:ld1-1643399887910-1643399914170-0,accessionNumber,chndm_1941-31-44
entity:artifact:1:ld1-1643399887910-1643399914170-1,accessionNumber,chndm_1941-31-45-a_b
entity:artifact:1:ld1-1643399887910-1643399914172-0,accessionNumber,chndm_1941-31-48
entity:artifact:1:ld1-1643399887910-1643399914172-1,accessionNumber,chndm_1941-31-49-a_b
entity:artifact:1:ld1-1643399887910-1643399914173-0,accessionNumber,chndm_1941-31-50
entity:artifact:1:ld1-1643399887910-1643399914173-1,accessionNumber,chndm_1941-31-51-a_b
entity:artifact:1:ld1-1643399887910-1643399914174-0,accessionNumber,chndm_1941-31-52
entity:artifact:1:ld1-1643399887910-1643399914175-0,accessionNumber,chndm_1941-31-53
entity:artifact:1:ld1-1643399887910-1643399914175-1,accessionNumber,chndm_1941-31-54-a_b
entity:artifact:1:ld1-1643399887910-1643399914176-0,accessionNumber,chndm_1941-31-55
entity:artifact:1:ld1-1643399887910-1643399914176-1,accessionNumber,chndm_1941-31-56-a_b
entity:artifact:1:ld1-1643399887910-1643399914221-0,accessionNumber,chndm_1941-46-3
entity:artifact:1:ld1-1643399887910-1643399914321-0,accessionNumber,chndm_1941-67-1
entity:artifact:1:ld1-1643399887910-1643399914568-0,accessionNumber,chndm_1941-88-28
entity:artifact:1:ld1-1643399887910-1643399914568-1,accessionNumber,chndm_1941-88-29
entity:artifact:1:ld1-1643399887910-1643399914569-1,accessionNumber,chndm_1941-88-30
entity:artifact:1:ld1-1643399887910-1643399914711-0,accessionNumber,chndm_1942-30-4
entity:artifact:1:ld1-1643399887910-1643399915439-0,accessionNumber,chndm_1942-7-9-a
entity:artifact:1:ld1-1643399887910-1643399915439-1,accessionNumber,chndm_1942-7-9-b
entity:artifact:1:ld1-1643399887910-1643399915801-0,accessionNumber,chndm_1943-43-95
entity:artifact:1:ld1-1643399887910-1643399915851-0,accessionNumber,chndm_1943-5-3-a_b
entity:artifact:1:ld1-1643399887910-1643399916079-1,accessionNumber,chndm_1943-54-6-a
entity:artifact:1:ld1-1643399887910-1643399916080-0,accessionNumber,chndm_1943-54-6-b
entity:artifact:1:ld1-1643399887910-1643399916126-1,accessionNumber,chndm_1944-18-1
entity:artifact:1:ld1-1643399887910-1643399916186-0,accessionNumber,chndm_1944-33-1
entity:artifact:1:ld1-1643399887910-1643399916186-1,accessionNumber,chndm_1944-33-2-a_b
entity:artifact:1:ld1-1643399887910-1643399916188-2,accessionNumber,chndm_1944-33-7-a
entity:artifact:1:ld1-1643399887910-1643399916189-0,accessionNumber,chndm_1944-33-7-b
entity:artifact:1:ld1-1643399887910-1643399916189-1,accessionNumber,chndm_1944-33-8-a
entity:artifact:1:ld1-1643399887910-1643399916190-0,accessionNumber,chndm_1944-33-8-b
entity:artifact:1:ld1-1643399887910-1643399916217-0,accessionNumber,chndm_1944-44-5-a
entity:artifact:1:ld1-1643399887910-1643399916217-1,accessionNumber,chndm_1944-44-5-b
entity:artifact:1:ld1-1643399887910-1643399916227-2,accessionNumber,chndm_1944-53-1-c
entity:artifact:1:ld1-1643399887910-1643399916228-0,accessionNumber,chndm_1944-53-1-d
entity:artifact:1:ld1-1643399887910-1643399916353-2,accessionNumber,chndm_1944-91-9
entity:artifact:1:ld1-1643399887910-1643399916833-0,accessionNumber,chndm_1945-27-5-a
entity:artifact:1:ld1-1643399887910-1643399916865-0,accessionNumber,chndm_1945-39-8
entity:artifact:1:ld1-1643399887910-1643399916899-0,accessionNumber,chndm_1945-54-30-a
entity:artifact:1:ld1-1643399887910-1643399918322-0,accessionNumber,chndm_1946-68-4
entity:artifact:1:ld1-1643399887910-1643399919346-0,accessionNumber,chndm_1948-40-29
entity:artifact:1:ld1-1643399887910-1643399919355-1,accessionNumber,chndm_1948-40-42
entity:artifact:1:ld1-1643399887910-1643399919359-1,accessionNumber,chndm_1948-40-5
entity:artifact:1:ld1-1643399887910-1643399919361-1,accessionNumber,chndm_1948-40-52
entity:artifact:1:ld1-1643399887910-1643399919376-0,accessionNumber,chndm_1948-40-75
entity:artifact:1:ld1-1643399887910-1643399919378-0,accessionNumber,chndm_1948-40-79
entity:artifact:1:ld1-1643399887910-1643399919379-1,accessionNumber,chndm_1948-40-81
entity:artifact:1:ld1-1643399887910-1643399919380-0,accessionNumber,chndm_1948-40-82
entity:artifact:1:ld1-1643399887910-1643399919380-1,accessionNumber,chndm_1948-40-83
entity:artifact:1:ld1-1643399887910-1643399919381-0,accessionNumber,chndm_1948-40-84
entity:artifact:1:ld1-1643399887910-1643399919381-1,accessionNumber,chndm_1948-40-85
entity:artifact:1:ld1-1643399887910-1643399919382-1,accessionNumber,chndm_1948-40-87
entity:artifact:1:ld1-1643399887910-1643399919383-0,accessionNumber,chndm_1948-40-88
entity:artifact:1:ld1-1643399887910-1643399919913-0,accessionNumber,chndm_1949-148-2
entity:artifact:1:ld1-1643399887910-1643399920351-2,accessionNumber,chndm_1949-24-1
entity:artifact:1:ld1-1643399887910-1643399920418-1,accessionNumber,chndm_1949-39-1
entity:artifact:1:ld1-1643399887910-1643399920423-0,accessionNumber,chndm_1949-40-1
entity:artifact:1:ld1-1643399887910-1643399920423-1,accessionNumber,chndm_1949-41-1
entity:artifact:1:ld1-1643399887910-1643399920424-0,accessionNumber,chndm_1949-41-2
entity:artifact:1:ld1-1643399887910-1643399920596-1,accessionNumber,chndm_1949-92-1
entity:artifact:1:ld1-1643399887910-1643399920597-0,accessionNumber,chndm_1949-92-10
entity:artifact:1:ld1-1643399887910-1643399920597-1,accessionNumber,chndm_1949-92-11
entity:artifact:1:ld1-1643399887910-1643399920597-2,accessionNumber,chndm_1949-92-12-a_b
entity:artifact:1:ld1-1643399887910-1643399920598-0,accessionNumber,chndm_1949-92-13
entity:artifact:1:ld1-1643399887910-1643399920598-1,accessionNumber,chndm_1949-92-14
entity:artifact:1:ld1-1643399887910-1643399920599-0,accessionNumber,chndm_1949-92-15
entity:artifact:1:ld1-1643399887910-1643399920599-1,accessionNumber,chndm_1949-92-2
entity:artifact:1:ld1-1643399887910-1643399920600-0,accessionNumber,chndm_1949-92-3
entity:artifact:1:ld1-1643399887910-1643399920600-1,accessionNumber,chndm_1949-92-4
entity:artifact:1:ld1-1643399887910-1643399920601-0,accessionNumber,chndm_1949-92-5
entity:artifact:1:ld1-1643399887910-1643399920601-1,accessionNumber,chndm_1949-92-6
entity:artifact:1:ld1-1643399887910-1643399920601-2,accessionNumber,chndm_1949-92-7
entity:artifact:1:ld1-1643399887910-1643399920602-0,accessionNumber,chndm_1949-92-8
entity:artifact:1:ld1-1643399887910-1643399920602-1,accessionNumber,chndm_1949-92-9
entity:artifact:1:ld1-1643399887910-1643399920828-1,accessionNumber,chndm_1950-21-1
entity:artifact:1:ld1-1643399887910-1643399921342-0,accessionNumber,chndm_1950-89-1
entity:artifact:1:ld1-1643399887910-1643399921539-1,accessionNumber,chndm_1951-111-38-a
entity:artifact:1:ld1-1643399887910-1643399921662-0,accessionNumber,chndm_1951-128-1-46
entity:artifact:1:ld1-1643399887910-1643399922086-1,accessionNumber,chndm_1951-32-1
entity:artifact:1:ld1-1643399887910-1643399922213-0,accessionNumber,chndm_1951-67-2
entity:artifact:1:ld1-1643399887910-1643399922925-0,accessionNumber,chndm_1952-161-208-a
entity:artifact:1:ld1-1643399887910-1643399922935-0,accessionNumber,chndm_1952-161-219
entity:artifact:1:ld1-1643399887910-1643399922941-0,accessionNumber,chndm_1952-161-225-a
entity:artifact:1:ld1-1643399887910-1643399922942-0,accessionNumber,chndm_1952-161-225-b
entity:artifact:1:ld1-1643399887910-1643399922944-1,accessionNumber,chndm_1952-161-228
entity:artifact:1:ld1-1643399887910-1643399922945-0,accessionNumber,chndm_1952-161-229
entity:artifact:1:ld1-1643399887910-1643399923680-1,accessionNumber,chndm_1953-143-4
entity:artifact:1:ld1-1643399887910-1643399923684-0,accessionNumber,chndm_1953-143-5
entity:artifact:1:ld1-1643399887910-1643399923781-1,accessionNumber,chndm_1953-162-70
entity:artifact:1:ld1-1643399887910-1643399923785-1,accessionNumber,chndm_1953-162-78-a_b
entity:artifact:1:ld1-1643399887910-1643399924134-1,accessionNumber,chndm_1953-189-1
entity:artifact:1:ld1-1643399887910-1643399924235-1,accessionNumber,chndm_1953-3-1
entity:artifact:1:ld1-1643399887910-1643399924251-0,accessionNumber,chndm_1953-31-32
entity:artifact:1:ld1-1643399887910-1643399924253-1,accessionNumber,chndm_1953-31-4
entity:artifact:1:ld1-1643399887910-1643399924255-1,accessionNumber,chndm_1953-31-8
entity:artifact:1:ld1-1643399887910-1643399924299-0,accessionNumber,chndm_1953-48-30
entity:artifact:1:ld1-1643399887910-1643399924371-1,accessionNumber,chndm_1953-68-1
entity:artifact:1:ld1-1643399887910-1643399924371-2,accessionNumber,chndm_1953-68-2
entity:artifact:1:ld1-1643399887910-1643399924622-1,accessionNumber,chndm_1954-136-2
entity:artifact:1:ld1-1643399887910-1643399924869-1,accessionNumber,chndm_1954-168-1
entity:artifact:1:ld1-1643399887910-1643399924870-0,accessionNumber,chndm_1954-168-2
entity:artifact:1:ld1-1643399887910-1643399924870-1,accessionNumber,chndm_1954-168-3
entity:artifact:1:ld1-1643399887910-1643399925655-0,accessionNumber,chndm_1955-67-2
entity:artifact:1:ld1-1643399887910-1643399925655-1,accessionNumber,chndm_1955-67-3
entity:artifact:1:ld1-1643399887910-1643399925656-0,accessionNumber,chndm_1955-67-5-a
entity:artifact:1:ld1-1643399887910-1643399925656-1,accessionNumber,chndm_1955-67-5-b
entity:artifact:1:ld1-1643399887910-1643399927091-2,accessionNumber,chndm_1956-185-1
entity:artifact:1:ld1-1643399887910-1643399927092-0,accessionNumber,chndm_1956-185-2
entity:artifact:1:ld1-1643399887910-1643399927132-0,accessionNumber,chndm_1956-195-1-d
entity:artifact:1:ld1-1643399887910-1643399927132-1,accessionNumber,chndm_1956-195-1-e
entity:artifact:1:ld1-1643399887910-1643399927527-1,accessionNumber,chndm_1956-55-1-a_b
entity:artifact:1:ld1-1643399887910-1643399927528-1,accessionNumber,chndm_1956-55-6-a_b
entity:artifact:1:ld1-1643399887910-1643399927530-0,accessionNumber,chndm_1956-58-1
entity:artifact:1:ld1-1643399887910-1643399927530-1,accessionNumber,chndm_1956-58-10
entity:artifact:1:ld1-1643399887910-1643399927530-2,accessionNumber,chndm_1956-58-11
entity:artifact:1:ld1-1643399887910-1643399927531-0,accessionNumber,chndm_1956-58-12
entity:artifact:1:ld1-1643399887910-1643399927531-1,accessionNumber,chndm_1956-58-13
entity:artifact:1:ld1-1643399887910-1643399927531-2,accessionNumber,chndm_1956-58-14
entity:artifact:1:ld1-1643399887910-1643399927532-0,accessionNumber,chndm_1956-58-15-a_b
entity:artifact:1:ld1-1643399887910-1643399927532-1,accessionNumber,chndm_1956-58-16
entity:artifact:1:ld1-1643399887910-1643399927533-0,accessionNumber,chndm_1956-58-17
entity:artifact:1:ld1-1643399887910-1643399927533-1,accessionNumber,chndm_1956-58-18
entity:artifact:1:ld1-1643399887910-1643399927533-2,accessionNumber,chndm_1956-58-19
entity:artifact:1:ld1-1643399887910-1643399927534-0,accessionNumber,chndm_1956-58-2
entity:artifact:1:ld1-1643399887910-1643399927534-1,accessionNumber,chndm_1956-58-20
entity:artifact:1:ld1-1643399887910-1643399927535-0,accessionNumber,chndm_1956-58-21
entity:artifact:1:ld1-1643399887910-1643399927535-1,accessionNumber,chndm_1956-58-22
entity:artifact:1:ld1-1643399887910-1643399927535-2,accessionNumber,chndm_1956-58-23
entity:artifact:1:ld1-1643399887910-1643399927536-0,accessionNumber,chndm_1956-58-24
entity:artifact:1:ld1-1643399887910-1643399927536-1,accessionNumber,chndm_1956-58-25
entity:artifact:1:ld1-1643399887910-1643399927536-2,accessionNumber,chndm_1956-58-26-a_c
entity:artifact:1:ld1-1643399887910-1643399927537-0,accessionNumber,chndm_1956-58-27-a_b
entity:artifact:1:ld1-1643399887910-1643399927537-1,accessionNumber,chndm_1956-58-28-a_c
entity:artifact:1:ld1-1643399887910-1643399927538-0,accessionNumber,chndm_1956-58-3
entity:artifact:1:ld1-1643399887910-1643399927538-1,accessionNumber,chndm_1956-58-4
entity:artifact:1:ld1-1643399887910-1643399927538-2,accessionNumber,chndm_1956-58-5
entity:artifact:1:ld1-1643399887910-1643399927539-0,accessionNumber,chndm_1956-58-6
entity:artifact:1:ld1-1643399887910-1643399927539-1,accessionNumber,chndm_1956-58-7
entity:artifact:1:ld1-1643399887910-1643399927540-0,accessionNumber,chndm_1956-58-8
entity:artifact:1:ld1-1643399887910-1643399927540-1,accessionNumber,chndm_1956-58-9
entity:artifact:1:ld1-1643399887910-1643399928545-1,accessionNumber,chndm_1957-165-12
entity:artifact:1:ld1-1643399887910-1643399928734-0,accessionNumber,chndm_1957-180-78
entity:artifact:1:ld1-1643399887910-1643399928736-0,accessionNumber,chndm_1957-180-81
entity:artifact:1:ld1-1643399887910-1643399928741-0,accessionNumber,chndm_1957-180-92
entity:artifact:1:ld1-1643399887910-1643399928741-1,accessionNumber,chndm_1957-180-93
entity:artifact:1:ld1-1643399887910-1643399929083-0,accessionNumber,chndm_1957-48-1
entity:artifact:1:ld1-1643399887910-1643399929091-1,accessionNumber,chndm_1957-52-1
entity:artifact:1:ld1-1643399887910-1643399929128-1,accessionNumber,chndm_1957-58-60
entity:artifact:1:ld1-1643399887910-1643399929194-0,accessionNumber,chndm_1957-92-1
entity:artifact:1:ld1-1643399887910-1643399929194-1,accessionNumber,chndm_1957-92-10
entity:artifact:1:ld1-1643399887910-1643399929206-1,accessionNumber,chndm_1957-92-6
entity:artifact:1:ld1-1643399887910-1643399929207-0,accessionNumber,chndm_1957-92-7
entity:artifact:1:ld1-1643399887910-1643399929207-1,accessionNumber,chndm_1957-92-8
entity:artifact:1:ld1-1643399887910-1643399929394-0,accessionNumber,chndm_1958-140-1
entity:artifact:1:ld1-1643399887910-1643399929397-1,accessionNumber,chndm_1958-140-2-A_B
entity:artifact:1:ld1-1643399887910-1643399929782-0,accessionNumber,chndm_1958-69-1
entity:artifact:1:ld1-1643399887910-1643399930131-0,accessionNumber,chndm_1959-129-1
entity:artifact:1:ld1-1643399887910-1643399930448-0,accessionNumber,chndm_1959-49-197
entity:artifact:1:ld1-1643399887910-1643399930601-1,accessionNumber,chndm_1959-64-2
entity:artifact:1:ld1-1643399887910-1643399930788-0,accessionNumber,chndm_1959-66-73
entity:artifact:1:ld1-1643399887910-1643399931031-1,accessionNumber,chndm_1959-72-5
entity:artifact:1:ld1-1643399887910-1643399931341-0,accessionNumber,chndm_1959-9-1-a_b
entity:artifact:1:ld1-1643399887910-1643399931434-0,accessionNumber,chndm_1960-1-68
entity:artifact:1:ld1-1643399887910-1643399931450-0,accessionNumber,chndm_1960-1-88
entity:artifact:1:ld1-1643399887910-1643399931527-0,accessionNumber,chndm_1960-118-1
entity:artifact:1:ld1-1643399887910-1643399931528-0,accessionNumber,chndm_1960-118-2
entity:artifact:1:ld1-1643399887910-1643399931528-1,accessionNumber,chndm_1960-118-3
entity:artifact:1:ld1-1643399887910-1643399931709-0,accessionNumber,chndm_1960-150-2
entity:artifact:1:ld1-1643399887910-1643399932216-0,accessionNumber,chndm_1960-221-3
entity:artifact:1:ld1-1643399887910-1643399932219-0,accessionNumber,chndm_1960-225-1
entity:artifact:1:ld1-1643399887910-1643399932271-0,accessionNumber,chndm_1960-233-3-a_h
entity:artifact:1:ld1-1643399887910-1643399932525-0,accessionNumber,chndm_1960-32-1
entity:artifact:1:ld1-1643399887910-1643399932526-0,accessionNumber,chndm_1960-32-2
entity:artifact:1:ld1-1643399887910-1643399932661-1,accessionNumber,chndm_1960-79-17
entity:artifact:1:ld1-1643399887910-1643399932867-0,accessionNumber,chndm_1960-83-3
entity:artifact:1:ld1-1643399887910-1643399933195-1,accessionNumber,chndm_1961-105-136
entity:artifact:1:ld1-1643399887910-1643399933882-0,accessionNumber,chndm_1961-163-1
entity:artifact:1:ld1-1643399887910-1643399934430-0,accessionNumber,chndm_1961-99-1
entity:artifact:1:ld1-1643399887910-1643399934431-0,accessionNumber,chndm_1961-99-2
entity:artifact:1:ld1-1643399887910-1643399935114-0,accessionNumber,chndm_1962-191-15
entity:artifact:1:ld1-1643399887910-1643399935121-0,accessionNumber,chndm_1962-191-22
entity:artifact:1:ld1-1643399887910-1643399935127-0,accessionNumber,chndm_1962-191-6
entity:artifact:1:ld1-1643399887910-1643399935550-0,accessionNumber,chndm_1962-233-15-a_b
entity:artifact:1:ld1-1643399887910-1643399935914-0,accessionNumber,chndm_1962-54-50
entity:artifact:1:ld1-1643399887910-1643399935994-0,accessionNumber,chndm_1962-56-188-a_b
entity:artifact:1:ld1-1643399887910-1643399935997-0,accessionNumber,chndm_1962-56-192-a_b
entity:artifact:1:ld1-1643399887910-1643399936071-1,accessionNumber,chndm_1962-58-33
entity:artifact:1:ld1-1643399887910-1643399936098-1,accessionNumber,chndm_1962-60-1-a_b
entity:artifact:1:ld1-1643399887910-1643399936100-0,accessionNumber,chndm_1962-60-3-a_b
entity:artifact:1:ld1-1643399887910-1643399936110-1,accessionNumber,chndm_1962-64-1
entity:artifact:1:ld1-1643399887910-1643399936143-0,accessionNumber,chndm_1962-75-1
entity:artifact:1:ld1-1643399887910-1643399936145-1,accessionNumber,chndm_1962-79-1
entity:artifact:1:ld1-1643399887910-1643399937246-0,accessionNumber,chndm_1963-49-3-a_b
entity:artifact:1:ld1-1643399887910-1643399937271-1,accessionNumber,chndm_1963-6-1
entity:artifact:1:ld1-1643399887910-1643399937978-0,accessionNumber,chndm_1965-60-2
entity:artifact:1:ld1-1643399887910-1643399937979-0,accessionNumber,chndm_1965-60-3
entity:artifact:1:ld1-1643399887910-1643399937979-1,accessionNumber,chndm_1965-60-4
entity:artifact:1:ld1-1643399887910-1643399937980-0,accessionNumber,chndm_1965-60-5
entity:artifact:1:ld1-1643399887910-1643399938062-0,accessionNumber,chndm_1966-3-2
entity:artifact:1:ld1-1643399887910-1643399938261-1,accessionNumber,chndm_1966-66-1
entity:artifact:1:ld1-1643399887910-1643399939178-0,accessionNumber,chndm_1967-48-118-a_b
entity:artifact:1:ld1-1643399887910-1643399939823-0,accessionNumber,chndm_1968-100-1
entity:artifact:1:ld1-1643399887910-1643399940613-0,accessionNumber,chndm_1968-128-1-a_b
entity:artifact:1:ld1-1643399887910-1643399940614-0,accessionNumber,chndm_1968-13-4-a
entity:artifact:1:ld1-1643399887910-1643399940614-1,accessionNumber,chndm_1968-13-4-b
entity:artifact:1:ld1-1643399887910-1643399940615-0,accessionNumber,chndm_1968-13-4-c
entity:artifact:1:ld1-1643399887910-1643399940615-1,accessionNumber,chndm_1968-13-4-d
entity:artifact:1:ld1-1643399887910-1643399940616-0,accessionNumber,chndm_1968-13-4-e
entity:artifact:1:ld1-1643399887910-1643399940616-1,accessionNumber,chndm_1968-13-4-f
entity:artifact:1:ld1-1643399887910-1643399940617-0,accessionNumber,chndm_1968-13-4-g
entity:artifact:1:ld1-1643399887910-1643399940731-0,accessionNumber,chndm_1968-135-77
entity:artifact:1:ld1-1643399887910-1643399940733-0,accessionNumber,chndm_1968-135-8
entity:artifact:1:ld1-1643399887910-1643399940785-0,accessionNumber,chndm_1968-151-2-a_b
entity:artifact:1:ld1-1643399887910-1643399940788-0,accessionNumber,chndm_1968-155-12-a_b
entity:artifact:1:ld1-1643399887910-1643399940788-1,accessionNumber,chndm_1968-155-13-a_b
entity:artifact:1:ld1-1643399887910-1643399940789-0,accessionNumber,chndm_1968-155-14-a_b
entity:artifact:1:ld1-1643399887910-1643399940794-0,accessionNumber,chndm_1968-155-3-a_b
entity:artifact:1:ld1-1643399887910-1643399940795-0,accessionNumber,chndm_1968-155-4-a_b
entity:artifact:1:ld1-1643399887910-1643399940846-0,accessionNumber,chndm_1968-160-1-a_g
entity:artifact:1:ld1-1643399887910-1643399941129-0,accessionNumber,chndm_1968-58-1-a_k
entity:artifact:1:ld1-1643399887910-1643399941479-0,accessionNumber,chndm_1969-12-10-a_b
entity:artifact:1:ld1-1643399887910-1643399941727-1,accessionNumber,chndm_1969-19-3-a_i
entity:artifact:1:ld1-1643399887910-1643399941747-0,accessionNumber,chndm_1969-32-1-a_b
entity:artifact:1:ld1-1643399887910-1643399942115-0,accessionNumber,chndm_1970-26-27
entity:artifact:1:ld1-1643399887910-1643399942269-1,accessionNumber,chndm_1970-58-15
entity:artifact:1:ld1-1643399887910-1643399942278-0,accessionNumber,chndm_1970-58-8
entity:artifact:1:ld1-1643399887910-1643399942279-0,accessionNumber,chndm_1970-59-1-a_b
entity:artifact:1:ld1-1643399887910-1643399942556-1,accessionNumber,chndm_1971-50-14
entity:artifact:1:ld1-1643399887910-1643399942560-1,accessionNumber,chndm_1971-50-149
entity:artifact:1:ld1-1643399887910-1643399942561-1,accessionNumber,chndm_1971-50-150
entity:artifact:1:ld1-1643399887910-1643399942561-2,accessionNumber,chndm_1971-50-151
entity:artifact:1:ld1-1643399887910-1643399942562-0,accessionNumber,chndm_1971-50-152
entity:artifact:1:ld1-1643399887910-1643399942836-1,accessionNumber,chndm_1971-64-10
entity:artifact:1:ld1-1643399887910-1643399942836-2,accessionNumber,chndm_1971-64-11
entity:artifact:1:ld1-1643399887910-1643399942890-2,accessionNumber,chndm_1971-85-1-a_x
entity:artifact:1:ld1-1643399887910-1643399944219-0,accessionNumber,chndm_1974-1-6
entity:artifact:1:ld1-1643399887910-1643399944233-0,accessionNumber,chndm_1974-100-2
entity:artifact:1:ld1-1643399887910-1643399944247-1,accessionNumber,chndm_1974-101-20-a_b
entity:artifact:1:ld1-1643399887910-1643399944250-0,accessionNumber,chndm_1974-101-26
entity:artifact:1:ld1-1643399887910-1643399944252-2,accessionNumber,chndm_1974-101-32
entity:artifact:1:ld1-1643399887910-1643399944692-1,accessionNumber,chndm_1974-99-1
entity:artifact:1:ld1-1643399887910-1643399945400-0,accessionNumber,chndm_1975-52-3
entity:artifact:1:ld1-1643399887910-1643399947060-0,accessionNumber,chndm_1976-83-1
entity:artifact:1:ld1-1643399887910-1643399947370-1,accessionNumber,chndm_1977-40-8-a_b
entity:artifact:1:ld1-1643399887910-1643399947371-0,accessionNumber,chndm_1977-40-9-a_b
entity:artifact:1:ld1-1643399887910-1643399947381-1,accessionNumber,chndm_1977-48-12-a
entity:artifact:1:ld1-1643399887910-1643399947382-0,accessionNumber,chndm_1977-48-13
entity:artifact:1:ld1-1643399887910-1643399947383-0,accessionNumber,chndm_1977-48-14
entity:artifact:1:ld1-1643399887910-1643399947383-1,accessionNumber,chndm_1977-48-15
entity:artifact:1:ld1-1643399887910-1643399947388-0,accessionNumber,chndm_1977-48-9
entity:artifact:1:ld1-1643399887910-1643399948007-0,accessionNumber,chndm_1978-146-56
entity:artifact:1:ld1-1643399887910-1643399948132-0,accessionNumber,chndm_1978-146-851
entity:artifact:1:ld1-1643399887910-1643399954421-1,accessionNumber,chndm_1980-9-1-a_b
entity:artifact:1:ld1-1643399887910-1643399954424-0,accessionNumber,chndm_1980-9-3-a_b
entity:artifact:1:ld1-1643399887910-1643399954425-0,accessionNumber,chndm_1980-9-5-a_b
entity:artifact:1:ld1-1643399887910-1643399954426-0,accessionNumber,chndm_1980-9-9-a_b
entity:artifact:1:ld1-1643399887910-1643399954511-0,accessionNumber,chndm_1981-13-35
entity:artifact:1:ld1-1643399887910-1643399954520-0,accessionNumber,chndm_1981-15-1
entity:artifact:1:ld1-1643399887910-1643399955055-0,accessionNumber,chndm_1981-28-475-a_d
entity:artifact:1:ld1-1643399887910-1643399955623-2,accessionNumber,chndm_1981-58-2-a_b
entity:artifact:1:ld1-1643399887910-1643399955624-0,accessionNumber,chndm_1981-58-3-a_b
entity:artifact:1:ld1-1643399887910-1643399955624-1,accessionNumber,chndm_1981-58-4-a_b
entity:artifact:1:ld1-1643399887910-1643399955625-0,accessionNumber,chndm_1981-58-5-a
entity:artifact:1:ld1-1643399887910-1643399955625-2,accessionNumber,chndm_1981-58-6
entity:artifact:1:ld1-1643399887910-1643399956790-0,accessionNumber,chndm_1983-82-1
entity:artifact:1:ld1-1643399887910-1643399957123-0,accessionNumber,chndm_1984-132-12-a_b
entity:artifact:1:ld1-1643399887910-1643399957123-1,accessionNumber,chndm_1984-132-13-a_b
entity:artifact:1:ld1-1643399887910-1643399957232-0,accessionNumber,chndm_1984-75-1
entity:artifact:1:ld1-1643399887910-1643399957232-1,accessionNumber,chndm_1984-75-2
entity:artifact:1:ld1-1643399887910-1643399957652-0,accessionNumber,chndm_1985-103-216
entity:artifact:1:ld1-1643399887910-1643399957653-0,accessionNumber,chndm_1985-103-217
entity:artifact:1:ld1-1643399887910-1643399957658-0,accessionNumber,chndm_1985-103-225
entity:artifact:1:ld1-1643399887910-1643399959049-1,accessionNumber,chndm_1986-61-2
entity:artifact:1:ld1-1643399887910-1643399959119-0,accessionNumber,chndm_1986-62-1
entity:artifact:1:ld1-1643399887910-1643399959139-1,accessionNumber,chndm_1986-75-1
entity:artifact:1:ld1-1643399887910-1643399959144-0,accessionNumber,chndm_1986-81-1
entity:artifact:1:ld1-1643399887910-1643399959430-1,accessionNumber,chndm_1987-7-1
entity:artifact:1:ld1-1643399887910-1643399965117-1,accessionNumber,chndm_1992-5-13
entity:artifact:1:ld1-1643399887910-1643399965118-0,accessionNumber,chndm_1992-5-14
entity:artifact:1:ld1-1643399887910-1643399965119-1,accessionNumber,chndm_1992-5-17
entity:artifact:1:ld1-1643399887910-1643399965120-0,accessionNumber,chndm_1992-5-18-a_b
entity:artifact:1:ld1-1643399887910-1643399965122-1,accessionNumber,chndm_1992-5-22
entity:artifact:1:ld1-1643399887910-1643399965123-1,accessionNumber,chndm_1992-5-24-a_b
entity:artifact:1:ld1-1643399887910-1643399965150-0,accessionNumber,chndm_1992-5-9
entity:artifact:1:ld1-1643399887910-1643399968459-1,accessionNumber,chndm_1996-109-1
entity:artifact:1:ld1-1643399887910-1643399969605-1,accessionNumber,chndm_a-t-243
entity:artifact:1:ld1-1643399887910-1643399969606-0,accessionNumber,chndm_a-t-244
entity:artifact:1:ld1-1643399887910-1643399969607-1,accessionNumber,chndm_a-t-266
entity:artifact:1:ld1-1643399887910-1643399969618-0,accessionNumber,chndm_a-t-779-a_c
entity:artifact:1:ld1-1643399887910-1643399969900-0,accessionNumber,chndm_1952-161-214
entity:artifact:1:ld1-1643399887910-1643399970944-0,accessionNumber,chndm_1995-50-298
entity:artifact:1:ld1-1643399887910-1643399970945-0,accessionNumber,chndm_1995-50-299-a_b
entity:artifact:1:ld1-1643399887910-1643399972372-0,accessionNumber,chndm_1931-4-38-a_d
entity:artifact:1:ld1-1643399887910-1643399973001-0,accessionNumber,chndm_2000-69-96
entity:artifact:1:ld1-1643399887910-1643399973091-0,accessionNumber,chndm_2000-69-199
entity:artifact:1:ld1-1643399887910-1643399973091-1,accessionNumber,chndm_2000-69-200
entity:artifact:1:ld1-1643399887910-1643399973093-0,accessionNumber,chndm_2000-69-202
entity:artifact:1:ld1-1643399887910-1643399973093-1,accessionNumber,chndm_2000-69-203
entity:artifact:1:ld1-1643399887910-1643399973094-0,accessionNumber,chndm_2000-69-204
entity:artifact:1:ld1-1643399887910-1643399973105-0,accessionNumber,chndm_2000-69-221
entity:artifact:1:ld1-1643399887910-1643399973109-1,accessionNumber,chndm_2000-69-228
entity:artifact:1:ld1-1643399887910-1643399973112-1,accessionNumber,chndm_2000-69-233
entity:artifact:1:ld1-1643399887910-1643399973842-0,accessionNumber,chndm_1944-53-1-g_l
entity:artifact:1:ld1-1643399887910-1643399974641-0,accessionNumber,chndm_1931-4-57-e
entity:artifact:1:ld1-1643399887910-1643399975197-0,accessionNumber,chndm_1938-57-1269-b
entity:artifact:1:ld1-1643399887910-1643399975518-0,accessionNumber,chndm_2005-2-1
entity:artifact:1:ld1-1643399887910-1643399976105-1,accessionNumber,chndm_2007-27-27
entity:artifact:1:ld1-1643399887910-1643399976117-1,accessionNumber,chndm_2007-27-48
entity:artifact:1:ld1-1643399887910-1643399976254-0,accessionNumber,chndm_1938-57-640-a
entity:artifact:1:ld1-1643399887910-1643399976254-1,accessionNumber,chndm_1938-57-640-b
entity:artifact:1:ld1-1643399887910-1643399982872-0,accessionNumber,chndm_2013-10-1
entity:artifact:1:ld1-1643399887910-1643399983519-1,accessionNumber,chndm_1921-6-246
entity:artifact:1:ld1-1643399887910-1643399988613-0,accessionNumber,chndm_2020-4-1
entity:artifact:1:ld1-1663835936863-1663836005503-0,accessionNumber,nmah_2017945
entity:artifact:1:ld1-1695458679732-1695458683281-0,accessionNumber,nmaahc_2011.12.40.1.1-.12
entity:artifact:1:ld1-1695458679732-1695458683282-0,accessionNumber,nmaahc_2011.12.40.2.1-.8
entity:artifact:1:ld1-1695458679732-1695458683283-0,accessionNumber,nmaahc_2011.12.40.3.1-.6
entity:artifact:1:ld1-1695458679732-1695458683284-0,accessionNumber,nmaahc_2011.12.40.4.1-.11
entity:artifact:1:ld1-1695458679732-1695458683284-1,accessionNumber,nmaahc_2011.12.40.5.1-.12
entity:artifact:1:ld1-1695458679732-1695458683285-0,accessionNumber,nmaahc_2011.12.40.6.1-.9
entity:artifact:1:ld1-1695458679732-1695458683286-0,accessionNumber,nmaahc_2011.12.40.7.1-.12
entity:artifact:1:ld1-1724158174280-1724158185030-1,accessionNumber,fsg_FSC-B-509a-e
entity:artifact:1:ld1-1724158174280-1724158185034-1,accessionNumber,fsg_FSC-B-517a-h
entity:artifact:1:ld1-1733913842397-1733913845809-0,accessionNumber,nmaahc_2007.3.603.1-.3
entity:artifact:1:ld1-1733913842397-1733913845810-0,accessionNumber,nmaahc_2007.3.604.1-.3
entity:artifact:1:ld1-1756975001566-1756975004506-1,accessionNumber,nmaahc_2007.3.769
entity:artifact:1:ld1-1759311857404-1759311860069-0,accessionNumber,nmaahc_2007.3.743ab
entity:artifact:2:100098,accessionNumber,2003.104
entity:artifact:2:100099,accessionNumber,2003.107
entity:artifact:2:100180,accessionNumber,2003.106.A-B
entity:artifact:2:100181,accessionNumber,2003.108
entity:artifact:2:101448,accessionNumber,2002.92
entity:artifact:2:101449,accessionNumber,2002.141
entity:artifact:2:101784,accessionNumber,2003.102
entity:artifact:2:101785,accessionNumber,2003.103
entity:artifact:2:101796,accessionNumber,2003.101
entity:artifact:2:101906,accessionNumber,652.1934.1
entity:artifact:2:101922,accessionNumber,652.1934.8
entity:artifact:2:101923,accessionNumber,652.1934.7
entity:artifact:2:101938,accessionNumber,652.1934.3
entity:artifact:2:101939,accessionNumber,652.1934.9
entity:artifact:2:101940,accessionNumber,652.1934.11
entity:artifact:2:101941,accessionNumber,652.1934.5
entity:artifact:2:101946,accessionNumber,652.1934.2
entity:artifact:2:101947,accessionNumber,652.1934.6
entity:artifact:2:101948,accessionNumber,652.1934.4
entity:artifact:2:10916,accessionNumber,1984.544.1
entity:artifact:2:10917,accessionNumber,1984.544.3
entity:artifact:2:10918,accessionNumber,1984.544.4
entity:artifact:2:10919,accessionNumber,1984.289.1
entity:artifact:2:10955,accessionNumber,1984.544.2
entity:artifact:2:10956,accessionNumber,1984.289.2
entity:artifact:2:10957,accessionNumber,1984.289.3
entity:artifact:2:117343,accessionNumber,2003.170
entity:artifact:2:117351,accessionNumber,2004.113
entity:artifact:2:12532,accessionNumber,1984.289.2.2
entity:artifact:2:12533,accessionNumber,1984.289.2.3
entity:artifact:2:12534,accessionNumber,1984.289.3.2
entity:artifact:2:12653,accessionNumber,1984.289
entity:artifact:2:12851,accessionNumber,1984.289.3.4
entity:artifact:2:12867,accessionNumber,1984.289.1.2
entity:artifact:2:12895,accessionNumber,1984.289.2.4
entity:artifact:2:141460,accessionNumber,2003.181.1
entity:artifact:2:141848,accessionNumber,2003.176
entity:artifact:2:141855,accessionNumber,2002.51.A-B
entity:artifact:2:141949,accessionNumber,2003.181.2
entity:artifact:2:142045,accessionNumber,2002.69.8
entity:artifact:2:142050,accessionNumber,2003.175.1
entity:artifact:2:142051,accessionNumber,2003.175.2
entity:artifact:2:142052,accessionNumber,2003.177
entity:artifact:2:142053,accessionNumber,2003.178
entity:artifact:2:142054,accessionNumber,2003.180.1
entity:artifact:2:142055,accessionNumber,2003.180.2
entity:artifact:2:142056,accessionNumber,2006.170.244.A-B
entity:artifact:2:142066,accessionNumber,2003.174.E
entity:artifact:2:142067,accessionNumber,2003.179
entity:artifact:2:1429,accessionNumber,2006.13
entity:artifact:2:1430,accessionNumber,2003.207
entity:artifact:2:143022,accessionNumber,M25274
entity:artifact:2:143056,accessionNumber,2002.67
entity:artifact:2:143057,accessionNumber,2002.93
entity:artifact:2:143089,accessionNumber,2002.68
entity:artifact:2:143090,accessionNumber,2006.170.267
entity:artifact:2:143091,accessionNumber,2006.170.210
entity:artifact:2:1432,accessionNumber,2003.214
entity:artifact:2:143354,accessionNumber,2006.170.268.A-B
entity:artifact:2:143355,accessionNumber,2002.69.7
entity:artifact:2:145348,accessionNumber,2003.219.1
entity:artifact:2:145349,accessionNumber,2003.219.2
entity:artifact:2:145350,accessionNumber,2003.221
entity:artifact:2:145359,accessionNumber,2002.69.5
entity:artifact:2:145437,accessionNumber,2002.69.6
entity:artifact:2:146193,accessionNumber,2002.69.1
entity:artifact:2:146194,accessionNumber,2002.69.3
entity:artifact:2:146195,accessionNumber,2002.69.4
entity:artifact:2:146262,accessionNumber,2003.199.2
entity:artifact:2:146263,accessionNumber,2003.201
entity:artifact:2:146264,accessionNumber,2003.204.3
entity:artifact:2:146265,accessionNumber,2003.207.1
entity:artifact:2:146266,accessionNumber,2003.207.2
entity:artifact:2:146267,accessionNumber,2003.210
entity:artifact:2:146268,accessionNumber,2003.214.2
entity:artifact:2:146269,accessionNumber,2003.218.2
entity:artifact:2:146431,accessionNumber,2003.171.1
entity:artifact:2:146432,accessionNumber,2003.173.1
entity:artifact:2:146433,accessionNumber,2002.42
entity:artifact:2:146434,accessionNumber,2006.170.214
entity:artifact:2:146482,accessionNumber,2003.189.1
entity:artifact:2:146484,accessionNumber,2006.170.288.A-B
entity:artifact:2:146486,accessionNumber,2003.204.4
entity:artifact:2:146487,accessionNumber,2003.211
entity:artifact:2:146488,accessionNumber,2003.212
entity:artifact:2:146489,accessionNumber,2003.214.1
entity:artifact:2:146490,accessionNumber,2003.217
entity:artifact:2:146491,accessionNumber,2003.218.1
entity:artifact:2:146492,accessionNumber,2003.222
entity:artifact:2:146523,accessionNumber,2003.190.1
entity:artifact:2:146524,accessionNumber,2003.193.1
entity:artifact:2:146525,accessionNumber,2003.195
entity:artifact:2:146526,accessionNumber,2003.197.2
entity:artifact:2:146527,accessionNumber,2003.199.1
entity:artifact:2:146528,accessionNumber,2003.200
entity:artifact:2:146529,accessionNumber,2003.204.1
entity:artifact:2:146554,accessionNumber,2006.170.2
entity:artifact:2:146559,accessionNumber,2003.193.2
entity:artifact:2:146561,accessionNumber,2003.196
entity:artifact:2:146562,accessionNumber,2003.197.1
entity:artifact:2:146563,accessionNumber,2003.190.2
entity:artifact:2:146564,accessionNumber,2003.198
entity:artifact:2:146565,accessionNumber,2003.204.2
entity:artifact:2:146566,accessionNumber,2003.206
entity:artifact:2:146567,accessionNumber,2003.208
entity:artifact:2:146568,accessionNumber,2003.209.1
entity:artifact:2:146569,accessionNumber,2003.213.A-D
entity:artifact:2:146570,accessionNumber,2003.215
entity:artifact:2:146571,accessionNumber,2003.220
entity:artifact:2:146575,accessionNumber,2002.69.2
entity:artifact:2:146576,accessionNumber,2003.174.C
entity:artifact:2:146577,accessionNumber,2003.174.D
entity:artifact:2:146578,accessionNumber,2002.43.1
entity:artifact:2:146579,accessionNumber,2002.43.2
entity:artifact:2:146580,accessionNumber,2002.52
entity:artifact:2:146583,accessionNumber,2003.189.2
entity:artifact:2:146585,accessionNumber,2003.202
entity:artifact:2:146626,accessionNumber,2003.203
entity:artifact:2:146627,accessionNumber,2003.205
entity:artifact:2:146628,accessionNumber,2003.209.2
entity:artifact:2:146629,accessionNumber,2003.216
entity:artifact:2:146693,accessionNumber,2002.7
entity:artifact:2:146694,accessionNumber,2006.170.239
entity:artifact:2:146709,accessionNumber,2003.171.2.B
entity:artifact:2:146710,accessionNumber,2003.173.2
entity:artifact:2:146711,accessionNumber,2003.183
entity:artifact:2:146712,accessionNumber,2003.194
entity:artifact:2:146713,accessionNumber,2003.187.2
entity:artifact:2:146748,accessionNumber,2003.171.2.A
entity:artifact:2:146749,accessionNumber,2003.174.A
entity:artifact:2:146750,accessionNumber,2003.182
entity:artifact:2:146751,accessionNumber,2003.184
entity:artifact:2:146752,accessionNumber,2003.185
entity:artifact:2:146753,accessionNumber,2003.186
entity:artifact:2:146754,accessionNumber,2003.188
entity:artifact:2:146755,accessionNumber,2003.191
entity:artifact:2:146756,accessionNumber,2003.192
entity:artifact:2:146757,accessionNumber,2003.187.1
entity:artifact:2:146758,accessionNumber,2002.57
entity:artifact:2:146759,accessionNumber,2002.44
entity:artifact:2:146760,accessionNumber,2006.170.281.A-B
entity:artifact:2:146761,accessionNumber,2006.170.6
entity:artifact:2:146771,accessionNumber,2003.172
entity:artifact:2:146772,accessionNumber,2003.174.B
entity:artifact:2:147176,accessionNumber,2002.8
entity:artifact:2:147177,accessionNumber,2006.170.94
entity:artifact:2:147219,accessionNumber,2006.170.262
entity:artifact:2:147220,accessionNumber,2006.170.11
entity:artifact:2:147441,accessionNumber,2002.6
entity:artifact:2:147442,accessionNumber,2006.170.67
entity:artifact:2:148273,accessionNumber,2006.170.21
entity:artifact:2:148274,accessionNumber,2006.170.64
entity:artifact:2:148464,accessionNumber,2006.170.10
entity:artifact:2:148465,accessionNumber,2006.170.15
entity:artifact:2:148466,accessionNumber,2006.170.52
entity:artifact:2:148467,accessionNumber,2006.170.105
entity:artifact:2:148468,accessionNumber,2006.170.77
entity:artifact:2:148469,accessionNumber,2006.169.1
entity:artifact:2:148472,accessionNumber,2006.170.250.A-B
entity:artifact:2:148478,accessionNumber,2006.170.145
entity:artifact:2:148479,accessionNumber,2006.170.17
entity:artifact:2:148480,accessionNumber,2006.170.14
entity:artifact:2:148553,accessionNumber,2006.170.20
entity:artifact:2:148554,accessionNumber,2006.170.18
entity:artifact:2:148555,accessionNumber,2006.170.16
entity:artifact:2:148556,accessionNumber,2006.170.7
entity:artifact:2:148608,accessionNumber,2006.170.68
entity:artifact:2:148609,accessionNumber,2006.170.26
entity:artifact:2:149462,accessionNumber,2006.170.62
entity:artifact:2:149463,accessionNumber,2006.170.147
entity:artifact:2:149464,accessionNumber,2001.220
entity:artifact:2:149507,accessionNumber,2006.170.114
entity:artifact:2:149508,accessionNumber,2006.170.115
entity:artifact:2:149509,accessionNumber,2006.170.116
entity:artifact:2:149540,accessionNumber,2001.218
entity:artifact:2:149541,accessionNumber,2006.170.47
entity:artifact:2:149542,accessionNumber,2006.170.56
entity:artifact:2:149543,accessionNumber,2006.170.25
entity:artifact:2:149544,accessionNumber,2001.219
entity:artifact:2:149545,accessionNumber,2006.170.88
entity:artifact:2:149547,accessionNumber,2006.170.78.A-B
entity:artifact:2:149551,accessionNumber,2006.170.48
entity:artifact:2:149552,accessionNumber,2006.170.45
entity:artifact:2:149553,accessionNumber,2006.170.46
entity:artifact:2:149554,accessionNumber,2001.221.A-B
entity:artifact:2:149555,accessionNumber,2001.222
entity:artifact:2:149556,accessionNumber,2001.223
entity:artifact:2:149557,accessionNumber,2006.170.98
entity:artifact:2:149558,accessionNumber,2006.170.89
entity:artifact:2:160276,accessionNumber,2006.253
entity:artifact:2:16235,accessionNumber,1984.289.3.3
entity:artifact:2:16377,accessionNumber,1984.289.1.3
entity:artifact:2:16400,accessionNumber,1984.289.1.5
entity:artifact:2:164893,accessionNumber,2006.170.280
entity:artifact:2:164894,accessionNumber,2006.170.202.A-B
entity:artifact:2:16492,accessionNumber,1984.289.1.4
entity:artifact:2:165054,accessionNumber,2006.170.254
entity:artifact:2:165055,accessionNumber,2006.170.36
entity:artifact:2:165056,accessionNumber,2001.144.A-B
entity:artifact:2:165242,accessionNumber,2001.124
entity:artifact:2:165247,accessionNumber,2002.91
entity:artifact:2:16635,accessionNumber,1935.36.126.5
entity:artifact:2:16636,accessionNumber,1935.36.126.6
entity:artifact:2:16637,accessionNumber,1935.36.126.7
entity:artifact:2:16643,accessionNumber,1935.36.126.14
entity:artifact:2:16700,accessionNumber,1935.36.126.20
entity:artifact:2:167086,accessionNumber,2006.170.140.A-B
entity:artifact:2:167160,accessionNumber,2001.47
entity:artifact:2:167598,accessionNumber,2001.120
entity:artifact:2:167599,accessionNumber,2006.170.182.A-B
entity:artifact:2:167600,accessionNumber,2000.27.3
entity:artifact:2:167601,accessionNumber,2000.27.4
entity:artifact:2:167602,accessionNumber,2000.27.6
entity:artifact:2:167603,accessionNumber,2006.170.228
entity:artifact:2:167756,accessionNumber,2001.119
entity:artifact:2:167758,accessionNumber,2000.27.2
entity:artifact:2:167759,accessionNumber,2000.27.5
entity:artifact:2:167760,accessionNumber,2001.70
entity:artifact:2:16827,accessionNumber,1935.36.126.3
entity:artifact:2:16829,accessionNumber,1935.36.126.8
entity:artifact:2:16891,accessionNumber,1935.36.126.1
entity:artifact:2:169022,accessionNumber,2000.27.1
entity:artifact:2:169023,accessionNumber,2001.69
entity:artifact:2:169025,accessionNumber,2006.170.240
entity:artifact:2:16917,accessionNumber,1935.36.126.12
entity:artifact:2:16918,accessionNumber,1935.36.126.15
entity:artifact:2:16925,accessionNumber,1935.36.126.2
entity:artifact:2:16926,accessionNumber,1935.36.126.9
entity:artifact:2:16932,accessionNumber,1935.36.126.13
entity:artifact:2:169456,accessionNumber,2000.27.7
entity:artifact:2:169457,accessionNumber,2000.27.8
entity:artifact:2:169458,accessionNumber,2006.170.253
entity:artifact:2:169493,accessionNumber,2001.121
entity:artifact:2:169494,accessionNumber,2006.170.290
entity:artifact:2:169509,accessionNumber,2001.122
entity:artifact:2:16956,accessionNumber,1935.36.126.10
entity:artifact:2:16957,accessionNumber,1935.36.126.11
entity:artifact:2:170143,accessionNumber,2001.123
entity:artifact:2:173145,accessionNumber,2006.170.247
entity:artifact:2:173146,accessionNumber,2006.170.34
entity:artifact:2:173147,accessionNumber,2006.170.71
entity:artifact:2:173148,accessionNumber,2006.170.194.A-B
entity:artifact:2:173149,accessionNumber,2006.170.197.A-B
entity:artifact:2:173150,accessionNumber,2006.170.198.A-B
entity:artifact:2:173592,accessionNumber,2006.170.201.A-B
entity:artifact:2:173593,accessionNumber,2006.170.152
entity:artifact:2:173612,accessionNumber,2006.170.30
entity:artifact:2:173613,accessionNumber,2006.170.192
entity:artifact:2:173614,accessionNumber,2006.170.193
entity:artifact:2:173615,accessionNumber,2006.170.199.A-B
entity:artifact:2:173616,accessionNumber,2006.170.13
entity:artifact:2:173621,accessionNumber,2006.170.28.A-B
entity:artifact:2:173622,accessionNumber,2006.170.151
entity:artifact:2:173623,accessionNumber,2006.170.243
entity:artifact:2:173788,accessionNumber,1940.283.7
entity:artifact:2:173791,accessionNumber,1940.283.2
entity:artifact:2:173817,accessionNumber,1940.283.3
entity:artifact:2:173818,accessionNumber,1940.283.4
entity:artifact:2:173820,accessionNumber,1940.283.10
entity:artifact:2:173849,accessionNumber,1940.283.8
entity:artifact:2:173850,accessionNumber,1940.283.9
entity:artifact:2:174153,accessionNumber,1940.283.5
entity:artifact:2:174154,accessionNumber,1940.283.6
entity:artifact:2:174173,accessionNumber,2006.170.215
entity:artifact:2:174174,accessionNumber,2006.170.251
entity:artifact:2:174175,accessionNumber,2006.170.69
entity:artifact:2:174176,accessionNumber,2006.170.195.A-B
entity:artifact:2:174177,accessionNumber,2006.170.196.A-B
entity:artifact:2:174249,accessionNumber,2006.170.117
entity:artifact:2:174250,accessionNumber,2006.170.83
entity:artifact:2:174251,accessionNumber,2006.170.81
entity:artifact:2:174253,accessionNumber,2001.13
entity:artifact:2:174254,accessionNumber,2001.43
entity:artifact:2:174432,accessionNumber,2006.170.23
entity:artifact:2:174433,accessionNumber,2001.46
entity:artifact:2:174435,accessionNumber,2001.40
entity:artifact:2:174440,accessionNumber,2000.360.10
entity:artifact:2:174441,accessionNumber,2000.360.11
entity:artifact:2:174444,accessionNumber,2001.45
entity:artifact:2:174445,accessionNumber,2006.170.24
entity:artifact:2:174446,accessionNumber,2001.42
entity:artifact:2:174780,accessionNumber,2000.341
entity:artifact:2:174782,accessionNumber,2000.351
entity:artifact:2:174783,accessionNumber,2000.360.12
entity:artifact:2:174784,accessionNumber,2006.170.76
entity:artifact:2:174785,accessionNumber,2006.170.90
entity:artifact:2:174786,accessionNumber,2006.170.224
entity:artifact:2:174787,accessionNumber,2006.170.84
entity:artifact:2:174788,accessionNumber,2006.170.73
entity:artifact:2:174841,accessionNumber,2000.344
entity:artifact:2:174843,accessionNumber,2006.170.148
entity:artifact:2:174844,accessionNumber,2000.360.8
entity:artifact:2:174845,accessionNumber,2000.360.9
entity:artifact:2:174846,accessionNumber,2000.360.13
entity:artifact:2:174848,accessionNumber,2006.170.207
entity:artifact:2:174849,accessionNumber,2006.170.225.1
entity:artifact:2:174850,accessionNumber,2006.170.225.2
entity:artifact:2:174902,accessionNumber,2001.41
entity:artifact:2:174903,accessionNumber,2001.44
entity:artifact:2:174965,accessionNumber,2000.262.16
entity:artifact:2:174966,accessionNumber,2006.170.261
entity:artifact:2:174967,accessionNumber,2006.170.260
entity:artifact:2:174968,accessionNumber,2000.343
entity:artifact:2:174969,accessionNumber,2000.325.A-B
entity:artifact:2:175140,accessionNumber,2000.262.17
entity:artifact:2:175141,accessionNumber,2000.262.18
entity:artifact:2:175142,accessionNumber,2000.342
entity:artifact:2:175143,accessionNumber,2006.170.235
entity:artifact:2:175364,accessionNumber,2000.352
entity:artifact:2:175365,accessionNumber,2001.12
entity:artifact:2:175366,accessionNumber,2006.170.223
entity:artifact:2:175367,accessionNumber,2000.324
entity:artifact:2:175369,accessionNumber,2000.337
entity:artifact:2:175370,accessionNumber,2000.338
entity:artifact:2:175371,accessionNumber,2000.339
entity:artifact:2:175372,accessionNumber,2000.340
entity:artifact:2:175400,accessionNumber,2000.262.11
entity:artifact:2:175403,accessionNumber,2000.336
entity:artifact:2:175805,accessionNumber,2000.262.4
entity:artifact:2:175806,accessionNumber,2000.262.6
entity:artifact:2:175807,accessionNumber,2000.262.9
entity:artifact:2:175808,accessionNumber,2000.262.13
entity:artifact:2:175809,accessionNumber,2000.262.14
entity:artifact:2:176272,accessionNumber,2006.170.233.A-B
entity:artifact:2:176273,accessionNumber,2006.170.249.A-B
entity:artifact:2:176274,accessionNumber,2006.170.32
entity:artifact:2:176275,accessionNumber,2000.360.1
entity:artifact:2:176276,accessionNumber,2000.360.2
entity:artifact:2:176277,accessionNumber,2000.360.6
entity:artifact:2:176278,accessionNumber,2000.360.7
entity:artifact:2:176279,accessionNumber,2000.262.7
entity:artifact:2:176359,accessionNumber,2000.258
entity:artifact:2:176360,accessionNumber,2006.170.181
entity:artifact:2:176362,accessionNumber,2004.126
entity:artifact:2:176363,accessionNumber,2000.261
entity:artifact:2:176365,accessionNumber,2006.170.169
entity:artifact:2:176366,accessionNumber,2006.170.165
entity:artifact:2:176367,accessionNumber,2000.262.2
entity:artifact:2:176368,accessionNumber,2000.262.5
entity:artifact:2:176369,accessionNumber,2000.262.10
entity:artifact:2:176655,accessionNumber,2006.170.275.A-C
entity:artifact:2:176656,accessionNumber,2004.125
entity:artifact:2:176657,accessionNumber,2004.124
entity:artifact:2:176658,accessionNumber,2000.259
entity:artifact:2:176659,accessionNumber,2006.170.121
entity:artifact:2:176660,accessionNumber,2000.360.3
entity:artifact:2:176661,accessionNumber,2000.360.4
entity:artifact:2:176662,accessionNumber,2000.262.8
entity:artifact:2:176663,accessionNumber,2000.262.12
entity:artifact:2:176664,accessionNumber,2000.262.15
entity:artifact:2:176893,accessionNumber,2006.170.123
entity:artifact:2:176894,accessionNumber,2006.170.33
entity:artifact:2:176895,accessionNumber,2006.170.12
entity:artifact:2:176896,accessionNumber,2006.170.96
entity:artifact:2:176897,accessionNumber,2006.170.232
entity:artifact:2:176898,accessionNumber,2000.255
entity:artifact:2:176899,accessionNumber,2000.291
entity:artifact:2:176900,accessionNumber,2000.360.5
entity:artifact:2:176901,accessionNumber,2000.262.1
entity:artifact:2:176902,accessionNumber,2000.262.3
entity:artifact:2:176954,accessionNumber,2006.170.41
entity:artifact:2:176955,accessionNumber,2006.170.155
entity:artifact:2:176956,accessionNumber,2006.170.80
entity:artifact:2:176957,accessionNumber,2006.170.108
entity:artifact:2:176958,accessionNumber,2000.233
entity:artifact:2:176960,accessionNumber,2000.256
entity:artifact:2:176962,accessionNumber,2006.170.229.A-B
entity:artifact:2:176963,accessionNumber,2000.257
entity:artifact:2:176964,accessionNumber,2000.234
entity:artifact:2:176965,accessionNumber,2006.170.106
entity:artifact:2:176966,accessionNumber,2006.170.110
entity:artifact:2:176967,accessionNumber,2006.170.175.A-B
entity:artifact:2:176968,accessionNumber,2006.170.31
entity:artifact:2:176969,accessionNumber,2006.170.127
entity:artifact:2:176970,accessionNumber,2006.170.259
entity:artifact:2:176971,accessionNumber,2006.170.270.A-B
entity:artifact:2:176972,accessionNumber,2000.260
entity:artifact:2:176993,accessionNumber,1999.334.47.3
entity:artifact:2:176994,accessionNumber,2006.170.58
entity:artifact:2:176995,accessionNumber,2006.170.167.A-B
entity:artifact:2:176996,accessionNumber,2006.170.166
entity:artifact:2:176997,accessionNumber,2006.170.291.A-B
entity:artifact:2:177002,accessionNumber,2004.123
entity:artifact:2:178067,accessionNumber,1970.122.1
entity:artifact:2:178068,accessionNumber,1969.156.1
entity:artifact:2:178612,accessionNumber,1999.334.53
entity:artifact:2:178613,accessionNumber,1999.334.52
entity:artifact:2:178614,accessionNumber,2006.170.70
entity:artifact:2:178615,accessionNumber,2006.170.109
entity:artifact:2:178616,accessionNumber,2006.170.144.A-B
entity:artifact:2:178617,accessionNumber,2006.170.138.A-B
entity:artifact:2:178618,accessionNumber,2006.170.177
entity:artifact:2:179575,accessionNumber,1999.334.42
entity:artifact:2:179580,accessionNumber,1999.334.46.1
entity:artifact:2:179581,accessionNumber,1999.334.46.2
entity:artifact:2:179582,accessionNumber,1999.334.47.1
entity:artifact:2:179583,accessionNumber,1999.334.49
entity:artifact:2:179584,accessionNumber,1999.334.47.6
entity:artifact:2:179585,accessionNumber,1999.334.47.5
entity:artifact:2:179586,accessionNumber,1999.334.43
entity:artifact:2:179597,accessionNumber,1999.334.48
entity:artifact:2:179605,accessionNumber,1999.334.47.2
entity:artifact:2:179606,accessionNumber,1999.334.51
entity:artifact:2:179607,accessionNumber,1999.334.50
entity:artifact:2:179608,accessionNumber,1999.334.47.4
entity:artifact:2:180588,accessionNumber,1999.334.23
entity:artifact:2:180589,accessionNumber,1999.334.25
entity:artifact:2:180590,accessionNumber,1999.334.26
entity:artifact:2:180591,accessionNumber,1999.334.27
entity:artifact:2:180592,accessionNumber,1999.334.29
entity:artifact:2:180593,accessionNumber,1999.334.38.A-B
entity:artifact:2:180594,accessionNumber,1999.334.44.1
entity:artifact:2:180595,accessionNumber,1999.334.44.2
entity:artifact:2:180730,accessionNumber,1999.334.30
entity:artifact:2:180731,accessionNumber,1999.334.33
entity:artifact:2:180732,accessionNumber,1999.334.37
entity:artifact:2:180733,accessionNumber,1999.334.39
entity:artifact:2:180734,accessionNumber,1999.334.41
entity:artifact:2:180735,accessionNumber,1999.334.45.A-B
entity:artifact:2:181756,accessionNumber,1986.528.477
entity:artifact:2:182174,accessionNumber,2006.170.161.A-B
entity:artifact:2:182232,accessionNumber,1999.334.20
entity:artifact:2:182233,accessionNumber,1999.334.21
entity:artifact:2:182234,accessionNumber,1999.334.22
entity:artifact:2:182235,accessionNumber,1999.334.34
entity:artifact:2:182236,accessionNumber,1999.334.36
entity:artifact:2:182237,accessionNumber,2000.29
entity:artifact:2:182242,accessionNumber,1999.334.24
entity:artifact:2:182243,accessionNumber,1999.334.28
entity:artifact:2:182244,accessionNumber,1999.334.31
entity:artifact:2:182245,accessionNumber,1999.334.32
entity:artifact:2:182246,accessionNumber,1999.334.35
entity:artifact:2:182247,accessionNumber,1999.334.40
entity:artifact:2:182443,accessionNumber,2006.170.220
entity:artifact:2:182444,accessionNumber,2006.170.60
entity:artifact:2:182445,accessionNumber,2006.170.112
entity:artifact:2:182446,accessionNumber,2006.170.137
entity:artifact:2:182448,accessionNumber,2000.26
entity:artifact:2:182449,accessionNumber,2006.170.74
entity:artifact:2:182450,accessionNumber,1999.230.6
entity:artifact:2:182452,accessionNumber,2006.170.104
entity:artifact:2:182453,accessionNumber,2006.170.61
entity:artifact:2:182454,accessionNumber,2006.170.86
entity:artifact:2:182455,accessionNumber,1999.230.9
entity:artifact:2:182456,accessionNumber,2006.170.63.A-B
entity:artifact:2:182460,accessionNumber,2006.170.85
entity:artifact:2:182461,accessionNumber,2006.170.256
entity:artifact:2:182462,accessionNumber,2006.170.246.A-B
entity:artifact:2:182487,accessionNumber,2006.170.72
entity:artifact:2:182488,accessionNumber,2006.170.22
entity:artifact:2:182489,accessionNumber,2006.170.141
entity:artifact:2:182490,accessionNumber,2000.178
entity:artifact:2:182491,accessionNumber,2000.2.A-B
entity:artifact:2:182492,accessionNumber,2006.170.120
entity:artifact:2:182524,accessionNumber,2006.170.279
entity:artifact:2:182526,accessionNumber,2006.170.255
entity:artifact:2:182527,accessionNumber,2006.170.257.A-B
entity:artifact:2:182528,accessionNumber,2006.170.258.A-B
entity:artifact:2:182529,accessionNumber,2006.170.236.A-B
entity:artifact:2:182530,accessionNumber,2006.170.218.A-B
entity:artifact:2:182595,accessionNumber,2006.170.38
entity:artifact:2:182596,accessionNumber,2006.170.40
entity:artifact:2:182605,accessionNumber,2006.170.57
entity:artifact:2:182606,accessionNumber,2006.170.107
entity:artifact:2:182607,accessionNumber,2006.170.143.A-B
entity:artifact:2:182655,accessionNumber,2006.170.221
entity:artifact:2:18384,accessionNumber,2003.180
entity:artifact:2:18385,accessionNumber,2003.181
entity:artifact:2:18386,accessionNumber,2003.171
entity:artifact:2:18387,accessionNumber,2003.190
entity:artifact:2:184431,accessionNumber,1974.27.266
entity:artifact:2:185032,accessionNumber,2006.170.242.2
entity:artifact:2:185033,accessionNumber,2006.170.242.3
entity:artifact:2:185034,accessionNumber,1999.230.10
entity:artifact:2:185035,accessionNumber,1999.230.8
entity:artifact:2:185127,accessionNumber,2006.170.150
entity:artifact:2:185128,accessionNumber,2000.28.A-B
entity:artifact:2:185129,accessionNumber,2006.170.82
entity:artifact:2:185449,accessionNumber,2006.170.242.1
entity:artifact:2:185450,accessionNumber,1999.230.7
entity:artifact:2:185451,accessionNumber,2006.170.205.A-B
entity:artifact:2:185452,accessionNumber,2006.170.200
entity:artifact:2:185453,accessionNumber,2006.170.79
entity:artifact:2:185759,accessionNumber,2006.170.245
entity:artifact:2:185760,accessionNumber,2006.170.242.4
entity:artifact:2:185761,accessionNumber,2006.170.242.5
entity:artifact:2:185762,accessionNumber,1999.235
entity:artifact:2:185763,accessionNumber,2006.170.37
entity:artifact:2:185764,accessionNumber,2006.170.39
entity:artifact:2:186302,accessionNumber,1977.12
entity:artifact:2:186658,accessionNumber,2006.170.160.A-B
entity:artifact:2:186659,accessionNumber,2006.170.227
entity:artifact:2:186742,accessionNumber,1986.686
entity:artifact:2:186744,accessionNumber,2000.16
entity:artifact:2:186745,accessionNumber,2006.170.242.6
entity:artifact:2:186746,accessionNumber,2006.170.204.A-B
entity:artifact:2:186747,accessionNumber,2006.170.206.A-B
entity:artifact:2:186931,accessionNumber,2006.170.284.A-B
entity:artifact:2:186932,accessionNumber,1999.218
entity:artifact:2:186933,accessionNumber,1999.222
entity:artifact:2:186934,accessionNumber,2016.224
entity:artifact:2:186935,accessionNumber,2001.118
entity:artifact:2:187002,accessionNumber,1999.230.4
entity:artifact:2:187003,accessionNumber,1999.230.5
entity:artifact:2:187004,accessionNumber,2006.170.263.A-B
entity:artifact:2:187005,accessionNumber,2016.223
entity:artifact:2:187274,accessionNumber,1999.220
entity:artifact:2:187275,accessionNumber,1999.217.A-B
entity:artifact:2:18758,accessionNumber,2003.173
entity:artifact:2:18759,accessionNumber,2003.189
entity:artifact:2:187802,accessionNumber,2006.170.216
entity:artifact:2:188082,accessionNumber,2006.170.208
entity:artifact:2:188083,accessionNumber,2006.170.209
entity:artifact:2:188084,accessionNumber,2006.170.272
entity:artifact:2:188085,accessionNumber,1999.230.3
entity:artifact:2:188153,accessionNumber,1999.234
entity:artifact:2:188154,accessionNumber,2006.170.154.A-B
entity:artifact:2:188155,accessionNumber,1999.230.2
entity:artifact:2:188156,accessionNumber,1999.219
entity:artifact:2:188157,accessionNumber,1999.221
entity:artifact:2:188169,accessionNumber,2006.170.271
entity:artifact:2:188475,accessionNumber,1944.48.B
entity:artifact:2:18856,accessionNumber,1943.50.180.B
entity:artifact:2:18857,accessionNumber,2003.187
entity:artifact:2:188954,accessionNumber,2006.170.231
entity:artifact:2:189064,accessionNumber,1999.211.A-B
entity:artifact:2:189065,accessionNumber,1999.213.A-B
entity:artifact:2:189066,accessionNumber,1999.209.A-B
entity:artifact:2:189067,accessionNumber,2006.170.49
entity:artifact:2:189098,accessionNumber,1999.230.1
entity:artifact:2:189099,accessionNumber,1999.187.A-B
entity:artifact:2:189158,accessionNumber,2006.170.269
entity:artifact:2:189159,accessionNumber,2006.170.252.A-B
entity:artifact:2:189160,accessionNumber,1999.214
entity:artifact:2:189161,accessionNumber,2006.170.29
entity:artifact:2:189162,accessionNumber,2006.170.187
entity:artifact:2:189163,accessionNumber,2006.170.189
entity:artifact:2:189165,accessionNumber,1999.207.A-B
entity:artifact:2:189200,accessionNumber,2006.170.170.A-B
entity:artifact:2:189201,accessionNumber,1999.215
entity:artifact:2:189202,accessionNumber,1999.216
entity:artifact:2:189203,accessionNumber,1999.212.A-B
entity:artifact:2:189204,accessionNumber,2006.170.188
entity:artifact:2:189205,accessionNumber,2006.170.75
entity:artifact:2:189219,accessionNumber,1982.60
entity:artifact:2:189235,accessionNumber,2006.170.217
entity:artifact:2:189432,accessionNumber,1999.210.A-B
entity:artifact:2:189465,accessionNumber,1984.381
entity:artifact:2:189565,accessionNumber,2006.170.97
entity:artifact:2:189739,accessionNumber,2006.170.168.A-B
entity:artifact:2:189837,accessionNumber,1985.918
entity:artifact:2:189839,accessionNumber,1985.911
entity:artifact:2:189840,accessionNumber,1985.919
entity:artifact:2:189841,accessionNumber,1985.920
entity:artifact:2:189843,accessionNumber,1985.929
entity:artifact:2:189844,accessionNumber,1985.933
entity:artifact:2:18988,accessionNumber,1933.179.B
entity:artifact:2:190122,accessionNumber,1985.916
entity:artifact:2:190123,accessionNumber,1985.915
entity:artifact:2:190125,accessionNumber,1985.909
entity:artifact:2:190136,accessionNumber,1985.828
entity:artifact:2:190137,accessionNumber,1985.912
entity:artifact:2:190138,accessionNumber,1985.864
entity:artifact:2:190139,accessionNumber,1985.921
entity:artifact:2:190142,accessionNumber,1985.910
entity:artifact:2:190144,accessionNumber,1985.907
entity:artifact:2:190145,accessionNumber,1985.905
entity:artifact:2:190147,accessionNumber,1985.928
entity:artifact:2:190148,accessionNumber,1985.941.2
entity:artifact:2:190156,accessionNumber,1999.198.8
entity:artifact:2:190157,accessionNumber,1999.198.5
entity:artifact:2:190158,accessionNumber,1999.198.3
entity:artifact:2:190159,accessionNumber,2006.170.278
entity:artifact:2:190160,accessionNumber,2006.170.277.A-B
entity:artifact:2:190161,accessionNumber,2006.170.131
entity:artifact:2:190162,accessionNumber,2006.170.132
entity:artifact:2:190163,accessionNumber,2006.170.176
entity:artifact:2:190164,accessionNumber,2006.170.289
entity:artifact:2:190165,accessionNumber,2006.170.35
entity:artifact:2:190167,accessionNumber,1985.932
entity:artifact:2:190168,accessionNumber,1985.924
entity:artifact:2:190169,accessionNumber,1985.917
entity:artifact:2:190170,accessionNumber,1985.904
entity:artifact:2:190184,accessionNumber,1985.922
entity:artifact:2:190185,accessionNumber,1985.931
entity:artifact:2:190201,accessionNumber,1999.198.13
entity:artifact:2:190202,accessionNumber,1999.198.12
entity:artifact:2:190203,accessionNumber,1999.198.11
entity:artifact:2:190209,accessionNumber,2006.170.276.A-B
entity:artifact:2:190213,accessionNumber,1999.198.10
entity:artifact:2:190214,accessionNumber,1999.198.6
entity:artifact:2:190215,accessionNumber,1999.198.2
entity:artifact:2:190216,accessionNumber,1999.198.4
entity:artifact:2:190217,accessionNumber,2006.170.162
entity:artifact:2:190218,accessionNumber,2006.170.287
entity:artifact:2:190471,accessionNumber,2006.170.163
entity:artifact:2:190472,accessionNumber,2006.170.128
entity:artifact:2:190506,accessionNumber,1999.198.9
entity:artifact:2:190507,accessionNumber,1999.198.7
entity:artifact:2:190809,accessionNumber,2006.170.4
entity:artifact:2:190810,accessionNumber,1999.208.A-B
entity:artifact:2:190811,accessionNumber,2006.170.91
entity:artifact:2:190813,accessionNumber,1999.198.19
entity:artifact:2:190814,accessionNumber,1999.198.17
entity:artifact:2:190815,accessionNumber,1999.198.14
entity:artifact:2:190816,accessionNumber,1999.198.18
entity:artifact:2:190850,accessionNumber,2006.170.179
entity:artifact:2:190851,accessionNumber,2006.170.248.A-B
entity:artifact:2:190853,accessionNumber,1999.110
entity:artifact:2:190854,accessionNumber,2006.170.158
entity:artifact:2:190916,accessionNumber,1999.198.16
entity:artifact:2:190917,accessionNumber,1999.198.15
entity:artifact:2:190928,accessionNumber,2006.170.153
entity:artifact:2:190929,accessionNumber,2006.170.102
entity:artifact:2:190930,accessionNumber,1999.109
entity:artifact:2:190996,accessionNumber,2006.170.213
entity:artifact:2:190997,accessionNumber,2006.170.185
entity:artifact:2:190998,accessionNumber,2006.170.186
entity:artifact:2:191000,accessionNumber,2006.170.55
entity:artifact:2:191001,accessionNumber,2006.170.42
entity:artifact:2:191002,accessionNumber,1999.186
entity:artifact:2:191003,accessionNumber,2006.170.238
entity:artifact:2:191004,accessionNumber,2006.170.237
entity:artifact:2:191006,accessionNumber,1999.198.1
entity:artifact:2:191054,accessionNumber,2006.170.212
entity:artifact:2:191055,accessionNumber,2006.170.53
entity:artifact:2:191056,accessionNumber,2006.170.171.A-B
entity:artifact:2:191057,accessionNumber,2006.170.172.A-B
entity:artifact:2:191059,accessionNumber,1999.198.20
entity:artifact:2:191323,accessionNumber,2006.170.273
entity:artifact:2:191325,accessionNumber,1999.64
entity:artifact:2:191326,accessionNumber,2006.170.93
entity:artifact:2:191328,accessionNumber,2006.170.286
entity:artifact:2:191329,accessionNumber,2006.170.133
entity:artifact:2:192051,accessionNumber,2006.170.274
entity:artifact:2:192060,accessionNumber,2006.170.241.2
entity:artifact:2:192061,accessionNumber,2006.170.211
entity:artifact:2:192062,accessionNumber,2006.170.51
entity:artifact:2:192063,accessionNumber,2006.170.5
entity:artifact:2:192138,accessionNumber,2006.170.44
entity:artifact:2:192140,accessionNumber,2006.170.92
entity:artifact:2:192166,accessionNumber,2006.170.191
entity:artifact:2:19252,accessionNumber,1943.50.180.C
entity:artifact:2:19253,accessionNumber,1943.50.180.D
entity:artifact:2:19254,accessionNumber,1943.50.180.E
entity:artifact:2:19255,accessionNumber,2003.175
entity:artifact:2:19256,accessionNumber,2003.174
entity:artifact:2:19277,accessionNumber,2006.170.234.A-B
entity:artifact:2:192947,accessionNumber,2006.170.183
entity:artifact:2:192948,accessionNumber,2006.170.50
entity:artifact:2:192949,accessionNumber,2006.170.156
entity:artifact:2:193284,accessionNumber,1943.50.533
entity:artifact:2:193287,accessionNumber,2006.170.99
entity:artifact:2:193288,accessionNumber,2006.170.266
entity:artifact:2:193289,accessionNumber,2006.170.241.1
entity:artifact:2:193290,accessionNumber,2006.170.230
entity:artifact:2:193291,accessionNumber,2006.170.222
entity:artifact:2:193292,accessionNumber,2006.170.100
entity:artifact:2:194025,accessionNumber,1959.14
entity:artifact:2:195548,accessionNumber,1997.127
entity:artifact:2:195600,accessionNumber,1996.109.A-B
entity:artifact:2:195610,accessionNumber,2006.170.178.A-B
entity:artifact:2:195611,accessionNumber,2006.170.190
entity:artifact:2:196417,accessionNumber,2006.170.1
entity:artifact:2:196420,accessionNumber,1998.108
entity:artifact:2:19684,accessionNumber,1970.122.6
entity:artifact:2:19685,accessionNumber,1970.122.7
entity:artifact:2:196983,accessionNumber,2000.243.A-B
entity:artifact:2:196985,accessionNumber,1998.107
entity:artifact:2:196994,accessionNumber,2006.170.180
entity:artifact:2:196995,accessionNumber,2006.170.122
entity:artifact:2:196996,accessionNumber,2006.170.95
entity:artifact:2:196997,accessionNumber,2006.170.264
entity:artifact:2:196998,accessionNumber,2006.170.111
entity:artifact:2:197026,accessionNumber,2006.170.59
entity:artifact:2:197027,accessionNumber,2006.170.135
entity:artifact:2:197028,accessionNumber,2006.170.265
entity:artifact:2:197049,accessionNumber,2006.170.149
entity:artifact:2:197050,accessionNumber,2006.170.283
entity:artifact:2:197051,accessionNumber,1998.102
entity:artifact:2:197058,accessionNumber,2006.170.103
entity:artifact:2:197060,accessionNumber,1998.103
entity:artifact:2:197474,accessionNumber,1998.12
entity:artifact:2:197514,accessionNumber,1950.125.47.G
entity:artifact:2:197515,accessionNumber,1950.125.47.K
entity:artifact:2:197658,accessionNumber,1996.309
entity:artifact:2:197660,accessionNumber,2002.264
entity:artifact:2:197661,accessionNumber,2006.170.43
entity:artifact:2:197665,accessionNumber,1998.11
entity:artifact:2:197666,accessionNumber,2006.170.136
entity:artifact:2:197972,accessionNumber,1996.145
entity:artifact:2:197974,accessionNumber,1997.90
entity:artifact:2:198016,accessionNumber,1996.304
entity:artifact:2:198019,accessionNumber,2006.170.164.A-B
entity:artifact:2:198020,accessionNumber,1996.143
entity:artifact:2:198022,accessionNumber,1998.4
entity:artifact:2:198023,accessionNumber,2006.170.142
entity:artifact:2:198095,accessionNumber,1995.821
entity:artifact:2:198096,accessionNumber,1995.835
entity:artifact:2:198104,accessionNumber,1996.148
entity:artifact:2:198105,accessionNumber,1996.305
entity:artifact:2:198106,accessionNumber,1996.307
entity:artifact:2:198241,accessionNumber,1995.836.2
entity:artifact:2:198244,accessionNumber,1996.8
entity:artifact:2:198246,accessionNumber,1996.149
entity:artifact:2:198247,accessionNumber,1996.306
entity:artifact:2:198359,accessionNumber,1985.940
entity:artifact:2:198361,accessionNumber,1945.20
entity:artifact:2:198461,accessionNumber,1985.939
entity:artifact:2:198462,accessionNumber,1945.19
entity:artifact:2:198532,accessionNumber,1950.125.47.J
entity:artifact:2:198568,accessionNumber,1995.836.1
entity:artifact:2:198858,accessionNumber,1950.125.47.E
entity:artifact:2:198876,accessionNumber,1943.50.161
entity:artifact:2:198961,accessionNumber,1943.55.3.C
entity:artifact:2:198963,accessionNumber,1943.50.357
entity:artifact:2:198964,accessionNumber,1943.50.73
entity:artifact:2:198965,accessionNumber,1943.50.138
entity:artifact:2:198966,accessionNumber,1943.50.162
entity:artifact:2:198967,accessionNumber,1943.50.332
entity:artifact:2:198984,accessionNumber,1956.122.8
entity:artifact:2:198988,accessionNumber,1943.55.3.D
entity:artifact:2:198990,accessionNumber,1943.50.339.A
entity:artifact:2:198991,accessionNumber,1943.50.585
entity:artifact:2:198992,accessionNumber,1919.210.B
entity:artifact:2:199013,accessionNumber,1943.55.3.B
entity:artifact:2:199014,accessionNumber,1943.50.526
entity:artifact:2:199017,accessionNumber,1943.50.141
entity:artifact:2:199178,accessionNumber,1943.50.9
entity:artifact:2:199179,accessionNumber,1956.122.5
entity:artifact:2:199183,accessionNumber,1943.50.301
entity:artifact:2:199184,accessionNumber,1943.50.173
entity:artifact:2:199187,accessionNumber,1943.50.158
entity:artifact:2:199188,accessionNumber,1943.50.159
entity:artifact:2:199189,accessionNumber,1943.50.160
entity:artifact:2:199379,accessionNumber,1950.125.15.C
entity:artifact:2:199427,accessionNumber,1985.906
entity:artifact:2:199428,accessionNumber,1917.175.11
entity:artifact:2:199429,accessionNumber,1979.441
entity:artifact:2:199432,accessionNumber,1979.454
entity:artifact:2:199433,accessionNumber,1979.453
entity:artifact:2:199592,accessionNumber,1943.50.462
entity:artifact:2:199593,accessionNumber,1943.52.104
entity:artifact:2:199594,accessionNumber,1956.122.3
entity:artifact:2:199595,accessionNumber,1956.122.4
entity:artifact:2:199607,accessionNumber,1956.122
entity:artifact:2:199626,accessionNumber,1942.185.74
entity:artifact:2:199628,accessionNumber,1943.50.112
entity:artifact:2:199629,accessionNumber,1943.50.352
entity:artifact:2:199631,accessionNumber,1956.122.2
entity:artifact:2:199633,accessionNumber,1979.442
entity:artifact:2:199634,accessionNumber,1979.443
entity:artifact:2:199635,accessionNumber,1943.50.64
entity:artifact:2:199636,accessionNumber,1956.122.9
entity:artifact:2:199646,accessionNumber,1979.438.1
entity:artifact:2:199647,accessionNumber,1979.440
entity:artifact:2:199648,accessionNumber,1942.185.133.C
entity:artifact:2:199685,accessionNumber,1994.176
entity:artifact:2:199690,accessionNumber,1943.50.123
entity:artifact:2:199691,accessionNumber,1979.450
entity:artifact:2:199692,accessionNumber,1979.444
entity:artifact:2:199693,accessionNumber,1954.120
entity:artifact:2:199694,accessionNumber,1956.122.6
entity:artifact:2:199695,accessionNumber,1956.122.7
entity:artifact:2:199710,accessionNumber,1979.457
entity:artifact:2:199712,accessionNumber,1917.175.8
entity:artifact:2:199713,accessionNumber,1950.83.32
entity:artifact:2:199714,accessionNumber,1979.438.2
entity:artifact:2:199715,accessionNumber,1979.439
entity:artifact:2:199716,accessionNumber,1945.18.10
entity:artifact:2:199721,accessionNumber,1979.445.A-B
entity:artifact:2:199722,accessionNumber,1979.446
entity:artifact:2:199724,accessionNumber,1979.451
entity:artifact:2:199751,accessionNumber,1950.125.11.B
entity:artifact:2:199752,accessionNumber,1950.125.14.B
entity:artifact:2:199753,accessionNumber,1950.125.15.B
entity:artifact:2:199754,accessionNumber,1950.125.16.B
entity:artifact:2:199755,accessionNumber,1950.125.18.B
entity:artifact:2:199756,accessionNumber,1950.125.19.B
entity:artifact:2:199757,accessionNumber,1950.125.53.B
entity:artifact:2:199805,accessionNumber,1994.13
entity:artifact:2:200087,accessionNumber,1951.14
entity:artifact:2:200100,accessionNumber,1989.13
entity:artifact:2:200101,accessionNumber,1990.23
entity:artifact:2:200241,accessionNumber,1953.77
entity:artifact:2:200245,accessionNumber,1950.83.67
entity:artifact:2:200286,accessionNumber,1993.226
entity:artifact:2:200497,accessionNumber,1944.57.18
entity:artifact:2:200542,accessionNumber,1996.308.B
entity:artifact:2:200547,accessionNumber,1997.123
entity:artifact:2:200583,accessionNumber,1995.20.2
entity:artifact:2:200584,accessionNumber,1995.25
entity:artifact:2:200715,accessionNumber,1986.375
entity:artifact:2:200716,accessionNumber,1986.376
entity:artifact:2:200718,accessionNumber,1989.26
entity:artifact:2:200719,accessionNumber,1992.88
entity:artifact:2:200760,accessionNumber,1986.649
entity:artifact:2:200761,accessionNumber,1987.16
entity:artifact:2:200763,accessionNumber,1990.22.A-B
entity:artifact:2:200764,accessionNumber,1990.85
entity:artifact:2:200817,accessionNumber,1986.393
entity:artifact:2:200818,accessionNumber,1989.76
entity:artifact:2:200821,accessionNumber,1990.93
entity:artifact:2:200837,accessionNumber,1987.127
entity:artifact:2:200838,accessionNumber,1987.129
entity:artifact:2:200839,accessionNumber,1987.138
entity:artifact:2:200840,accessionNumber,1987.139
entity:artifact:2:200855,accessionNumber,1992.339
entity:artifact:2:200856,accessionNumber,1993.206
entity:artifact:2:200867,accessionNumber,1992.73
entity:artifact:2:200868,accessionNumber,1992.294
entity:artifact:2:200900,accessionNumber,1994.50
entity:artifact:2:200901,accessionNumber,1994.125
entity:artifact:2:200907,accessionNumber,1996.88
entity:artifact:2:200939,accessionNumber,1984.361
entity:artifact:2:200940,accessionNumber,1984.362
entity:artifact:2:200941,accessionNumber,1992.337
entity:artifact:2:200942,accessionNumber,1993.72
entity:artifact:2:200949,accessionNumber,1995.7
entity:artifact:2:200950,accessionNumber,1995.20.1
entity:artifact:2:200957,accessionNumber,1987.136
entity:artifact:2:200958,accessionNumber,1987.137
entity:artifact:2:200978,accessionNumber,1992.74
entity:artifact:2:200980,accessionNumber,1992.338
entity:artifact:2:200981,accessionNumber,1993.73
entity:artifact:2:201011,accessionNumber,1995.3
entity:artifact:2:201013,accessionNumber,1995.58.A-B
entity:artifact:2:201014,accessionNumber,1995.59
entity:artifact:2:201038,accessionNumber,1992.87
entity:artifact:2:201063,accessionNumber,1984.572
entity:artifact:2:201064,accessionNumber,1984.215.A
entity:artifact:2:201065,accessionNumber,1984.215.B
entity:artifact:2:201066,accessionNumber,1984.216.A
entity:artifact:2:201067,accessionNumber,1984.216.B
entity:artifact:2:201068,accessionNumber,1984.216.C
entity:artifact:2:201069,accessionNumber,1984.216.D
entity:artifact:2:201086,accessionNumber,1984.381.4
entity:artifact:2:201090,accessionNumber,1985.99
entity:artifact:2:201091,accessionNumber,1985.100
entity:artifact:2:201099,accessionNumber,1984.830
entity:artifact:2:201116,accessionNumber,1984.256
entity:artifact:2:201141,accessionNumber,1984.381.2
entity:artifact:2:201146,accessionNumber,1984.772
entity:artifact:2:201147,accessionNumber,1985.98
entity:artifact:2:201158,accessionNumber,1984.773
entity:artifact:2:201173,accessionNumber,1984.381.5
entity:artifact:2:201174,accessionNumber,1984.381.7
entity:artifact:2:201175,accessionNumber,1984.381.10
entity:artifact:2:201176,accessionNumber,1984.381.11
entity:artifact:2:201210,accessionNumber,1984.297.1
entity:artifact:2:201240,accessionNumber,1987.128
entity:artifact:2:201242,accessionNumber,1986.512
entity:artifact:2:201243,accessionNumber,1986.512.1
entity:artifact:2:201244,accessionNumber,1986.512.2
entity:artifact:2:201247,accessionNumber,1986.648
entity:artifact:2:201257,accessionNumber,1984.119
entity:artifact:2:201258,accessionNumber,1984.121
entity:artifact:2:201259,accessionNumber,1984.122
entity:artifact:2:201260,accessionNumber,1984.127
entity:artifact:2:201261,accessionNumber,1984.131
entity:artifact:2:201269,accessionNumber,1984.287.2
entity:artifact:2:201270,accessionNumber,1984.287.3
entity:artifact:2:201271,accessionNumber,1984.287.14
entity:artifact:2:201272,accessionNumber,1984.287.15
entity:artifact:2:201273,accessionNumber,1984.287.16
entity:artifact:2:201274,accessionNumber,1984.288.2
entity:artifact:2:201275,accessionNumber,1984.288.3
entity:artifact:2:201276,accessionNumber,1984.289.1.1
entity:artifact:2:201277,accessionNumber,1984.289.3.1
entity:artifact:2:201282,accessionNumber,1984.388.4
entity:artifact:2:201283,accessionNumber,1984.388.5
entity:artifact:2:201285,accessionNumber,1984.394
entity:artifact:2:201286,accessionNumber,1984.395
entity:artifact:2:201288,accessionNumber,1984.289.2.1
entity:artifact:2:201303,accessionNumber,1984.544
entity:artifact:2:201311,accessionNumber,1984.621
entity:artifact:2:201318,accessionNumber,1984.215.C
entity:artifact:2:201320,accessionNumber,1984.221
entity:artifact:2:201327,accessionNumber,1984.83
entity:artifact:2:201328,accessionNumber,1984.86
entity:artifact:2:201329,accessionNumber,1984.90
entity:artifact:2:201330,accessionNumber,1984.111
entity:artifact:2:201331,accessionNumber,1984.112
entity:artifact:2:201332,accessionNumber,1984.114
entity:artifact:2:201333,accessionNumber,1984.115
entity:artifact:2:201350,accessionNumber,1984.388.2
entity:artifact:2:201351,accessionNumber,1984.388.3
entity:artifact:2:201352,accessionNumber,1984.388.6
entity:artifact:2:201355,accessionNumber,1984.393.A-B
entity:artifact:2:201357,accessionNumber,1984.287.1
entity:artifact:2:201358,accessionNumber,1984.287.6
entity:artifact:2:201359,accessionNumber,1984.287.7
entity:artifact:2:201360,accessionNumber,1984.287.10
entity:artifact:2:201361,accessionNumber,1984.287.11
entity:artifact:2:201362,accessionNumber,1984.287.12
entity:artifact:2:201363,accessionNumber,1984.287.13
entity:artifact:2:201370,accessionNumber,1984.124
entity:artifact:2:201391,accessionNumber,1986.512.3
entity:artifact:2:201392,accessionNumber,1986.512.4
entity:artifact:2:201402,accessionNumber,1984.288.1
entity:artifact:2:201403,accessionNumber,1984.288.4
entity:artifact:2:201404,accessionNumber,1984.288.5
entity:artifact:2:201412,accessionNumber,1984.774
entity:artifact:2:201447,accessionNumber,1984.381.3
entity:artifact:2:201448,accessionNumber,1984.381.6
entity:artifact:2:201449,accessionNumber,1984.381.8
entity:artifact:2:201450,accessionNumber,1984.381.9
entity:artifact:2:201455,accessionNumber,1984.71
entity:artifact:2:201456,accessionNumber,1984.72
entity:artifact:2:201457,accessionNumber,1984.74
entity:artifact:2:201458,accessionNumber,1984.75
entity:artifact:2:201459,accessionNumber,1984.81
entity:artifact:2:201460,accessionNumber,1984.82
entity:artifact:2:201463,accessionNumber,1984.158
entity:artifact:2:201464,accessionNumber,1984.164
entity:artifact:2:201465,accessionNumber,1984.172
entity:artifact:2:201466,accessionNumber,1984.177
entity:artifact:2:201469,accessionNumber,1991.235
entity:artifact:2:201470,accessionNumber,1991.257
entity:artifact:2:201471,accessionNumber,1991.260
entity:artifact:2:201472,accessionNumber,1991.264
entity:artifact:2:201473,accessionNumber,1991.269
entity:artifact:2:201474,accessionNumber,1991.273
entity:artifact:2:201475,accessionNumber,1991.274
entity:artifact:2:201478,accessionNumber,1984.188
entity:artifact:2:201479,accessionNumber,1984.190
entity:artifact:2:201480,accessionNumber,1984.85
entity:artifact:2:201481,accessionNumber,1984.89
entity:artifact:2:201482,accessionNumber,1984.91
entity:artifact:2:201483,accessionNumber,1984.97
entity:artifact:2:201484,accessionNumber,1984.99
entity:artifact:2:201486,accessionNumber,1984.101
entity:artifact:2:201487,accessionNumber,1984.110
entity:artifact:2:201491,accessionNumber,1984.258
entity:artifact:2:201494,accessionNumber,1984.276
entity:artifact:2:201495,accessionNumber,1984.280
entity:artifact:2:201502,accessionNumber,1984.379
entity:artifact:2:201507,accessionNumber,1984.39.A-B
entity:artifact:2:201508,accessionNumber,1984.143
entity:artifact:2:201518,accessionNumber,1984.152
entity:artifact:2:201519,accessionNumber,1984.374
entity:artifact:2:201528,accessionNumber,1981.54
entity:artifact:2:201529,accessionNumber,1984.153
entity:artifact:2:201530,accessionNumber,1984.159
entity:artifact:2:201531,accessionNumber,1984.160
entity:artifact:2:201532,accessionNumber,1984.161
entity:artifact:2:201533,accessionNumber,1984.376
entity:artifact:2:201536,accessionNumber,1984.87
entity:artifact:2:201537,accessionNumber,1984.88
entity:artifact:2:201539,accessionNumber,1984.102
entity:artifact:2:201540,accessionNumber,1984.103
entity:artifact:2:201541,accessionNumber,1984.104
entity:artifact:2:201542,accessionNumber,1984.106
entity:artifact:2:201543,accessionNumber,1984.107
entity:artifact:2:201544,accessionNumber,1984.109
entity:artifact:2:201546,accessionNumber,1984.117
entity:artifact:2:201550,accessionNumber,1984.38.A-B
entity:artifact:2:201551,accessionNumber,1984.146
entity:artifact:2:201552,accessionNumber,1984.150
entity:artifact:2:201553,accessionNumber,1984.377
entity:artifact:2:201554,accessionNumber,1984.381.1
entity:artifact:2:201558,accessionNumber,1984.93
entity:artifact:2:201559,accessionNumber,1984.94
entity:artifact:2:201560,accessionNumber,1984.96
entity:artifact:2:201561,accessionNumber,1984.98
entity:artifact:2:201562,accessionNumber,1984.105
entity:artifact:2:201563,accessionNumber,1984.108
entity:artifact:2:201564,accessionNumber,1984.113
entity:artifact:2:201565,accessionNumber,1984.116
entity:artifact:2:201571,accessionNumber,1984.373
entity:artifact:2:201591,accessionNumber,1984.120
entity:artifact:2:201592,accessionNumber,1984.123
entity:artifact:2:201593,accessionNumber,1984.126
entity:artifact:2:201594,accessionNumber,1984.128
entity:artifact:2:201595,accessionNumber,1984.130
entity:artifact:2:201610,accessionNumber,1984.387
entity:artifact:2:201611,accessionNumber,1984.388.1
entity:artifact:2:201613,accessionNumber,1984.287.4
entity:artifact:2:201614,accessionNumber,1984.287.5
entity:artifact:2:201615,accessionNumber,1984.287.8
entity:artifact:2:201616,accessionNumber,1984.287.9
entity:artifact:2:201636,accessionNumber,1984.118
entity:artifact:2:201637,accessionNumber,1984.125
entity:artifact:2:201644,accessionNumber,1984.163
entity:artifact:2:201645,accessionNumber,1984.179
entity:artifact:2:201646,accessionNumber,1984.181
entity:artifact:2:201647,accessionNumber,1984.182
entity:artifact:2:201648,accessionNumber,1984.184
entity:artifact:2:201649,accessionNumber,1984.189
entity:artifact:2:201650,accessionNumber,1984.92
entity:artifact:2:201657,accessionNumber,1984.45
entity:artifact:2:201659,accessionNumber,1984.132
entity:artifact:2:201660,accessionNumber,1984.136
entity:artifact:2:201661,accessionNumber,1984.145
entity:artifact:2:201664,accessionNumber,1984.44
entity:artifact:2:201665,accessionNumber,1984.133
entity:artifact:2:201666,accessionNumber,1984.135
entity:artifact:2:201667,accessionNumber,1984.141
entity:artifact:2:201668,accessionNumber,1984.144
entity:artifact:2:201669,accessionNumber,1984.147
entity:artifact:2:201670,accessionNumber,1984.155
entity:artifact:2:201671,accessionNumber,1984.49
entity:artifact:2:201672,accessionNumber,1984.53
entity:artifact:2:201673,accessionNumber,1984.55
entity:artifact:2:201677,accessionNumber,1997.125
entity:artifact:2:201678,accessionNumber,1993.239
entity:artifact:2:201680,accessionNumber,1993.219
entity:artifact:2:201681,accessionNumber,1991.97
entity:artifact:2:201682,accessionNumber,1991.98
entity:artifact:2:201685,accessionNumber,1991.213
entity:artifact:2:201686,accessionNumber,1981.106
entity:artifact:2:201687,accessionNumber,1981.206
entity:artifact:2:201688,accessionNumber,1980.92.14
entity:artifact:2:201689,accessionNumber,1980.92.15
entity:artifact:2:201690,accessionNumber,1980.92.16
entity:artifact:2:201692,accessionNumber,1980.105
entity:artifact:2:201693,accessionNumber,1983.44.A-B
entity:artifact:2:201694,accessionNumber,1983.46
entity:artifact:2:201695,accessionNumber,1983.50
entity:artifact:2:201698,accessionNumber,1984.282
entity:artifact:2:201699,accessionNumber,1984.283.A-B
entity:artifact:2:201704,accessionNumber,1984.375
entity:artifact:2:201705,accessionNumber,1984.378
entity:artifact:2:201706,accessionNumber,1984.380
entity:artifact:2:201714,accessionNumber,1984.69
entity:artifact:2:201715,accessionNumber,1984.70
entity:artifact:2:201716,accessionNumber,1984.73
entity:artifact:2:201717,accessionNumber,1984.80
entity:artifact:2:201719,accessionNumber,1984.165
entity:artifact:2:201720,accessionNumber,1984.166
entity:artifact:2:201721,accessionNumber,1984.168
entity:artifact:2:201722,accessionNumber,1984.170
entity:artifact:2:201723,accessionNumber,1984.171
entity:artifact:2:201724,accessionNumber,1984.173
entity:artifact:2:201725,accessionNumber,1984.187
entity:artifact:2:201726,accessionNumber,1984.84
entity:artifact:2:201737,accessionNumber,1984.281
entity:artifact:2:201742,accessionNumber,1983.76.B
entity:artifact:2:201743,accessionNumber,1983.79
entity:artifact:2:201744,accessionNumber,1983.149
entity:artifact:2:201751,accessionNumber,1984.261
entity:artifact:2:201753,accessionNumber,1984.279
entity:artifact:2:201757,accessionNumber,1984.162
entity:artifact:2:201758,accessionNumber,1984.167
entity:artifact:2:201759,accessionNumber,1984.169
entity:artifact:2:201760,accessionNumber,1984.174
entity:artifact:2:201761,accessionNumber,1984.175
entity:artifact:2:201762,accessionNumber,1984.176
entity:artifact:2:201763,accessionNumber,1984.178
entity:artifact:2:201764,accessionNumber,1984.180
entity:artifact:2:201765,accessionNumber,1984.183
entity:artifact:2:201766,accessionNumber,1984.185
entity:artifact:2:201767,accessionNumber,1984.186
entity:artifact:2:201768,accessionNumber,1984.191.1
entity:artifact:2:201774,accessionNumber,1997.124
entity:artifact:2:201778,accessionNumber,1997.126
entity:artifact:2:201779,accessionNumber,1991.96
entity:artifact:2:201780,accessionNumber,1991.253
entity:artifact:2:201781,accessionNumber,1991.254
entity:artifact:2:201782,accessionNumber,1991.262
entity:artifact:2:201783,accessionNumber,1991.263
entity:artifact:2:201784,accessionNumber,1991.265
entity:artifact:2:201785,accessionNumber,1991.267.A-B
entity:artifact:2:201786,accessionNumber,1991.268
entity:artifact:2:201787,accessionNumber,1991.272
entity:artifact:2:201792,accessionNumber,1991.93
entity:artifact:2:201793,accessionNumber,1991.188
entity:artifact:2:201794,accessionNumber,1991.226
entity:artifact:2:201795,accessionNumber,1991.227
entity:artifact:2:201796,accessionNumber,1991.256
entity:artifact:2:201797,accessionNumber,1991.270
entity:artifact:2:201798,accessionNumber,1991.271
entity:artifact:2:201801,accessionNumber,1991.255
entity:artifact:2:201802,accessionNumber,1991.258.A-B
entity:artifact:2:201803,accessionNumber,1991.259
entity:artifact:2:201804,accessionNumber,1991.261
entity:artifact:2:201805,accessionNumber,1991.266.1
entity:artifact:2:201806,accessionNumber,1991.266.2
entity:artifact:2:201807,accessionNumber,1991.275
entity:artifact:2:201808,accessionNumber,1991.489
entity:artifact:2:201813,accessionNumber,1982.142
entity:artifact:2:201816,accessionNumber,1983.59
entity:artifact:2:201817,accessionNumber,1983.65.A-D
entity:artifact:2:201818,accessionNumber,1983.66
entity:artifact:2:201819,accessionNumber,1983.76.A
entity:artifact:2:201820,accessionNumber,1983.151
entity:artifact:2:201827,accessionNumber,1984.151
entity:artifact:2:201828,accessionNumber,1984.156
entity:artifact:2:201829,accessionNumber,1984.157
entity:artifact:2:201830,accessionNumber,1984.50
entity:artifact:2:201831,accessionNumber,1984.51
entity:artifact:2:201832,accessionNumber,1984.52
entity:artifact:2:201833,accessionNumber,1984.56
entity:artifact:2:201834,accessionNumber,1984.57
entity:artifact:2:201835,accessionNumber,1984.58
entity:artifact:2:201836,accessionNumber,1984.60
entity:artifact:2:201837,accessionNumber,1984.62
entity:artifact:2:201838,accessionNumber,1984.65
entity:artifact:2:201839,accessionNumber,1984.68
entity:artifact:2:201840,accessionNumber,1983.47
entity:artifact:2:201841,accessionNumber,1983.51.2
entity:artifact:2:201842,accessionNumber,1983.52.1
entity:artifact:2:201843,accessionNumber,1983.52.2
entity:artifact:2:201844,accessionNumber,1983.53
entity:artifact:2:201849,accessionNumber,1997.122
entity:artifact:2:201850,accessionNumber,1978.90
entity:artifact:2:201851,accessionNumber,1978.144
entity:artifact:2:201854,accessionNumber,1981.36.1
entity:artifact:2:201884,accessionNumber,1982.21
entity:artifact:2:201885,accessionNumber,1982.22
entity:artifact:2:201904,accessionNumber,1978.100
entity:artifact:2:201905,accessionNumber,1978.138
entity:artifact:2:201927,accessionNumber,1982.60.1
entity:artifact:2:201928,accessionNumber,1982.60.2
entity:artifact:2:201929,accessionNumber,1982.60.3
entity:artifact:2:201930,accessionNumber,1982.60.4
entity:artifact:2:201931,accessionNumber,1982.60.5
entity:artifact:2:201934,accessionNumber,1983.208
entity:artifact:2:201936,accessionNumber,1984.1
entity:artifact:2:201939,accessionNumber,1984.138.A
entity:artifact:2:201940,accessionNumber,1984.138.B
entity:artifact:2:201941,accessionNumber,1984.139
entity:artifact:2:201942,accessionNumber,1984.140
entity:artifact:2:201943,accessionNumber,1984.148
entity:artifact:2:201944,accessionNumber,1984.149
entity:artifact:2:201945,accessionNumber,1984.47
entity:artifact:2:201947,accessionNumber,1984.GNRA.1
entity:artifact:2:201948,accessionNumber,1983.58
entity:artifact:2:201949,accessionNumber,1983.61
entity:artifact:2:201956,accessionNumber,1984.277
entity:artifact:2:201957,accessionNumber,1984.278
entity:artifact:2:201963,accessionNumber,1981.101
entity:artifact:2:201965,accessionNumber,1982.30
entity:artifact:2:201973,accessionNumber,1976.65.1
entity:artifact:2:201974,accessionNumber,1976.65.6
entity:artifact:2:201975,accessionNumber,1977.22
entity:artifact:2:201976,accessionNumber,1979.406
entity:artifact:2:201977,accessionNumber,1980.92.1
entity:artifact:2:201978,accessionNumber,1978.143
entity:artifact:2:201979,accessionNumber,1982.18
entity:artifact:2:201980,accessionNumber,1980.92.13
entity:artifact:2:201983,accessionNumber,1983.49
entity:artifact:2:201993,accessionNumber,1983.202
entity:artifact:2:201998,accessionNumber,1983.62
entity:artifact:2:202004,accessionNumber,1984.43
entity:artifact:2:202005,accessionNumber,1984.46
entity:artifact:2:202008,accessionNumber,1984.134
entity:artifact:2:202009,accessionNumber,1984.137
entity:artifact:2:202010,accessionNumber,1984.142
entity:artifact:2:202011,accessionNumber,1984.154
entity:artifact:2:202012,accessionNumber,1984.54
entity:artifact:2:202013,accessionNumber,1984.76
entity:artifact:2:202014,accessionNumber,1984.77
entity:artifact:2:202015,accessionNumber,1984.78
entity:artifact:2:202016,accessionNumber,1984.79
entity:artifact:2:202022,accessionNumber,1980.92.11
entity:artifact:2:202023,accessionNumber,1978.91
entity:artifact:2:202024,accessionNumber,1978.101
entity:artifact:2:202026,accessionNumber,1981.108
entity:artifact:2:202027,accessionNumber,1983.48
entity:artifact:2:202028,accessionNumber,1983.51.1
entity:artifact:2:202029,accessionNumber,1983.54.2
entity:artifact:2:202036,accessionNumber,1982.60.6
entity:artifact:2:202037,accessionNumber,1982.60.7
entity:artifact:2:202039,accessionNumber,1983.60
entity:artifact:2:202040,accessionNumber,1983.63
entity:artifact:2:202041,accessionNumber,1983.64
entity:artifact:2:202042,accessionNumber,1983.67
entity:artifact:2:202043,accessionNumber,1983.75
entity:artifact:2:202044,accessionNumber,1983.77
entity:artifact:2:202045,accessionNumber,1983.78
entity:artifact:2:202046,accessionNumber,1983.150
entity:artifact:2:202048,accessionNumber,1981.102.A-B
entity:artifact:2:202049,accessionNumber,1981.109
entity:artifact:2:202052,accessionNumber,1982.17
entity:artifact:2:202053,accessionNumber,1982.20
entity:artifact:2:202061,accessionNumber,1984.48
entity:artifact:2:202062,accessionNumber,1984.59
entity:artifact:2:202063,accessionNumber,1984.61
entity:artifact:2:202064,accessionNumber,1984.66
entity:artifact:2:202065,accessionNumber,1984.67
entity:artifact:2:202071,accessionNumber,1975.47
entity:artifact:2:202072,accessionNumber,1977.11
entity:artifact:2:202074,accessionNumber,1978.555
entity:artifact:2:202084,accessionNumber,1978.548
entity:artifact:2:202085,accessionNumber,1978.558
entity:artifact:2:202088,accessionNumber,1977.21
entity:artifact:2:202089,accessionNumber,1977.26
entity:artifact:2:202109,accessionNumber,1967.30
entity:artifact:2:202111,accessionNumber,1943.51.18.A
entity:artifact:2:202114,accessionNumber,1978.526
entity:artifact:2:202115,accessionNumber,1976.33
entity:artifact:2:202116,accessionNumber,1976.65.4
entity:artifact:2:202117,accessionNumber,1976.65.5
entity:artifact:2:202119,accessionNumber,1980.92.10
entity:artifact:2:202120,accessionNumber,1980.92.12
entity:artifact:2:202121,accessionNumber,1968.41
entity:artifact:2:202122,accessionNumber,1965.466
entity:artifact:2:202123,accessionNumber,1964.21.17
entity:artifact:2:202124,accessionNumber,1964.21.20
entity:artifact:2:202125,accessionNumber,1964.21.21
entity:artifact:2:202126,accessionNumber,1964.21.27
entity:artifact:2:202127,accessionNumber,1970.119
entity:artifact:2:202128,accessionNumber,1966.89.1
entity:artifact:2:202130,accessionNumber,1976.65.2
entity:artifact:2:202131,accessionNumber,1976.65.3
entity:artifact:2:202132,accessionNumber,1980.92.2
entity:artifact:2:202133,accessionNumber,1979.448
entity:artifact:2:202134,accessionNumber,1978.66
entity:artifact:2:202136,accessionNumber,1978.92
entity:artifact:2:202180,accessionNumber,1924.64.3
entity:artifact:2:202181,accessionNumber,1978.141
entity:artifact:2:202185,accessionNumber,1981.96
entity:artifact:2:202200,accessionNumber,1982.19
entity:artifact:2:202213,accessionNumber,1978.550
entity:artifact:2:202238,accessionNumber,1977.18
entity:artifact:2:202239,accessionNumber,1977.24
entity:artifact:2:202240,accessionNumber,1977.25
entity:artifact:2:202259,accessionNumber,1980.92.4
entity:artifact:2:202260,accessionNumber,1978.63
entity:artifact:2:202261,accessionNumber,1978.129
entity:artifact:2:202266,accessionNumber,1981.78.5.1
entity:artifact:2:202267,accessionNumber,1981.78.5.2
entity:artifact:2:202281,accessionNumber,1980.92.3
entity:artifact:2:202282,accessionNumber,1980.92.5
entity:artifact:2:202283,accessionNumber,1980.92.6
entity:artifact:2:202284,accessionNumber,1980.92.7
entity:artifact:2:202285,accessionNumber,1980.92.8
entity:artifact:2:202286,accessionNumber,1980.92.9
entity:artifact:2:202287,accessionNumber,1978.88
entity:artifact:2:202288,accessionNumber,1978.89
entity:artifact:2:202366,accessionNumber,1974.24
entity:artifact:2:202370,accessionNumber,1968.40
entity:artifact:2:202371,accessionNumber,1968.72
entity:artifact:2:202373,accessionNumber,1964.21.13
entity:artifact:2:202375,accessionNumber,1964.21.19
entity:artifact:2:202376,accessionNumber,1964.21.22
entity:artifact:2:202377,accessionNumber,1964.21.25
entity:artifact:2:202378,accessionNumber,1964.21.26
entity:artifact:2:202379,accessionNumber,1971.58.1
entity:artifact:2:202380,accessionNumber,1968.28
entity:artifact:2:202382,accessionNumber,1943.50.407.A
entity:artifact:2:202383,accessionNumber,1943.50.413
entity:artifact:2:202384,accessionNumber,1943.50.414.B
entity:artifact:2:202385,accessionNumber,1943.50.418
entity:artifact:2:202388,accessionNumber,1961.112
entity:artifact:2:202389,accessionNumber,1962.11.1
entity:artifact:2:202390,accessionNumber,1962.11.3
entity:artifact:2:202391,accessionNumber,1964.21.9
entity:artifact:2:202392,accessionNumber,1966.89.2
entity:artifact:2:202393,accessionNumber,1966.89.3
entity:artifact:2:202400,accessionNumber,1974.23
entity:artifact:2:202433,accessionNumber,1975.4
entity:artifact:2:202444,accessionNumber,1978.549
entity:artifact:2:202447,accessionNumber,1978.559
entity:artifact:2:202448,accessionNumber,1978.561
entity:artifact:2:202476,accessionNumber,1964.96
entity:artifact:2:202477,accessionNumber,1964.21.1
entity:artifact:2:202478,accessionNumber,1964.21.6
entity:artifact:2:202479,accessionNumber,1965.467
entity:artifact:2:202480,accessionNumber,1964.21.10
entity:artifact:2:202481,accessionNumber,1964.21.11
entity:artifact:2:202483,accessionNumber,1964.21.23
entity:artifact:2:202487,accessionNumber,1975.44
entity:artifact:2:202492,accessionNumber,1977.19
entity:artifact:2:202494,accessionNumber,1977.23
entity:artifact:2:202502,accessionNumber,1979.447
entity:artifact:2:202504,accessionNumber,1968.107
entity:artifact:2:202505,accessionNumber,1968.108
entity:artifact:2:202506,accessionNumber,1965.7.B
entity:artifact:2:202507,accessionNumber,1965.36
entity:artifact:2:202508,accessionNumber,1965.39.1
entity:artifact:2:202509,accessionNumber,1965.39.2
entity:artifact:2:202511,accessionNumber,1965.72
entity:artifact:2:202514,accessionNumber,1965.486
entity:artifact:2:202523,accessionNumber,1970.144
entity:artifact:2:202529,accessionNumber,1967.44
entity:artifact:2:202535,accessionNumber,1972.26.1
entity:artifact:2:202578,accessionNumber,1968.27
entity:artifact:2:202581,accessionNumber,1968.33.1
entity:artifact:2:202582,accessionNumber,1968.33.2
entity:artifact:2:202583,accessionNumber,1968.33.5
entity:artifact:2:202603,accessionNumber,1968.33.1.-8
entity:artifact:2:202604,accessionNumber,1970.15
entity:artifact:2:202606,accessionNumber,1970.18.B
entity:artifact:2:202608,accessionNumber,1970.52
entity:artifact:2:202614,accessionNumber,1972.59
entity:artifact:2:202634,accessionNumber,1974.3
entity:artifact:2:202642,accessionNumber,1972.327
entity:artifact:2:202666,accessionNumber,1972.342
entity:artifact:2:202690,accessionNumber,1967.58
entity:artifact:2:202691,accessionNumber,1967.67
entity:artifact:2:202692,accessionNumber,1968.30
entity:artifact:2:202693,accessionNumber,1968.33.3
entity:artifact:2:202694,accessionNumber,1968.33.4
entity:artifact:2:202700,accessionNumber,1970.14
entity:artifact:2:202701,accessionNumber,1970.16
entity:artifact:2:202703,accessionNumber,1970.57
entity:artifact:2:202712,accessionNumber,1972.58
entity:artifact:2:202713,accessionNumber,1972.63
entity:artifact:2:202734,accessionNumber,1961.76
entity:artifact:2:202745,accessionNumber,1964.20.1
entity:artifact:2:202746,accessionNumber,1964.20.2
entity:artifact:2:202747,accessionNumber,1964.20.3
entity:artifact:2:202748,accessionNumber,1964.20.4
entity:artifact:2:202749,accessionNumber,1964.20.5
entity:artifact:2:202750,accessionNumber,1964.20.8
entity:artifact:2:202752,accessionNumber,1968.37
entity:artifact:2:202753,accessionNumber,1968.52
entity:artifact:2:202754,accessionNumber,1968.73
entity:artifact:2:202758,accessionNumber,1965.39.3
entity:artifact:2:202759,accessionNumber,1943.50.389.B
entity:artifact:2:202760,accessionNumber,1943.50.390
entity:artifact:2:202761,accessionNumber,1943.50.392
entity:artifact:2:202762,accessionNumber,1943.50.395.B
entity:artifact:2:202763,accessionNumber,1943.50.400
entity:artifact:2:202764,accessionNumber,1943.50.407.B
entity:artifact:2:202765,accessionNumber,1943.50.415
entity:artifact:2:202766,accessionNumber,1943.50.417
entity:artifact:2:202767,accessionNumber,1943.50.419
entity:artifact:2:202768,accessionNumber,1964.94
entity:artifact:2:202769,accessionNumber,1964.95
entity:artifact:2:202770,accessionNumber,1943.50.404
entity:artifact:2:202771,accessionNumber,1943.50.408.A
entity:artifact:2:202772,accessionNumber,1943.50.411
entity:artifact:2:202773,accessionNumber,1943.50.412
entity:artifact:2:202774,accessionNumber,1943.50.414.A
entity:artifact:2:202775,accessionNumber,1943.50.416
entity:artifact:2:202776,accessionNumber,1960.169.1
entity:artifact:2:202777,accessionNumber,1964.21.2
entity:artifact:2:202778,accessionNumber,1964.21.3
entity:artifact:2:202779,accessionNumber,1964.21.4
entity:artifact:2:202780,accessionNumber,1964.21.5
entity:artifact:2:202781,accessionNumber,1964.21.7
entity:artifact:2:202782,accessionNumber,1956.98.A-B
entity:artifact:2:202783,accessionNumber,1943.50.402
entity:artifact:2:202784,accessionNumber,1943.50.406.A
entity:artifact:2:202785,accessionNumber,1943.50.406.B
entity:artifact:2:202786,accessionNumber,1943.50.408.B
entity:artifact:2:202787,accessionNumber,1943.50.409.A
entity:artifact:2:202788,accessionNumber,1943.50.409.B
entity:artifact:2:202789,accessionNumber,1943.50.410.A
entity:artifact:2:202790,accessionNumber,1943.50.410.B
entity:artifact:2:202791,accessionNumber,1961.63
entity:artifact:2:202793,accessionNumber,1962.11.2
entity:artifact:2:202794,accessionNumber,1968.33.7
entity:artifact:2:202802,accessionNumber,1964.19
entity:artifact:2:202804,accessionNumber,1968.33.8
entity:artifact:2:202805,accessionNumber,1968.35
entity:artifact:2:202806,accessionNumber,1968.38
entity:artifact:2:202808,accessionNumber,1968.70
entity:artifact:2:202809,accessionNumber,1965.39.4
entity:artifact:2:202829,accessionNumber,1964.20.6
entity:artifact:2:202830,accessionNumber,1964.20.7
entity:artifact:2:202831,accessionNumber,1968.34
entity:artifact:2:202833,accessionNumber,1965.39.5
entity:artifact:2:202837,accessionNumber,1965.487
entity:artifact:2:202842,accessionNumber,1968.33.6
entity:artifact:2:202846,accessionNumber,1964.73
entity:artifact:2:202849,accessionNumber,1964.5
entity:artifact:2:202852,accessionNumber,1964.20.10
entity:artifact:2:202854,accessionNumber,1964.20.12
entity:artifact:2:202871,accessionNumber,1965.7.A
entity:artifact:2:202885,accessionNumber,1965.516.A-B
entity:artifact:2:202887,accessionNumber,1967.29
entity:artifact:2:202913,accessionNumber,1965.493
entity:artifact:2:202918,accessionNumber,1967.1
entity:artifact:2:202919,accessionNumber,1967.2
entity:artifact:2:202920,accessionNumber,1967.31.2
entity:artifact:2:202922,accessionNumber,1971.142
entity:artifact:2:202923,accessionNumber,1971.143
entity:artifact:2:202927,accessionNumber,1967.31.1
entity:artifact:2:202931,accessionNumber,1971.58.2
entity:artifact:2:202936,accessionNumber,1972.4
entity:artifact:2:202938,accessionNumber,1969.82
entity:artifact:2:202947,accessionNumber,1966.26
entity:artifact:2:202952,accessionNumber,1966.81
entity:artifact:2:202955,accessionNumber,1967.41
entity:artifact:2:202958,accessionNumber,1972.26.2
entity:artifact:2:202975,accessionNumber,1967.66
entity:artifact:2:202976,accessionNumber,1967.68
entity:artifact:2:202977,accessionNumber,1968.29
entity:artifact:2:202978,accessionNumber,1968.71
entity:artifact:2:202982,accessionNumber,1960.9
entity:artifact:2:202988,accessionNumber,1962.118
entity:artifact:2:202989,accessionNumber,1962.306
entity:artifact:2:202990,accessionNumber,1963.2
entity:artifact:2:202991,accessionNumber,1963.3
entity:artifact:2:202997,accessionNumber,1960.169.47
entity:artifact:2:202998,accessionNumber,1960.169.50.A
entity:artifact:2:202999,accessionNumber,1960.169.50.B
entity:artifact:2:203000,accessionNumber,1960.169.52
entity:artifact:2:203001,accessionNumber,1960.169.55
entity:artifact:2:203002,accessionNumber,1960.169.57.A
entity:artifact:2:203003,accessionNumber,1960.169.57.B
entity:artifact:2:203004,accessionNumber,1960.171
entity:artifact:2:203005,accessionNumber,1960.232
entity:artifact:2:203006,accessionNumber,1960.233
entity:artifact:2:203012,accessionNumber,1960.113.1
entity:artifact:2:203025,accessionNumber,1961.2
entity:artifact:2:203030,accessionNumber,1962.119
entity:artifact:2:203031,accessionNumber,1963.4
entity:artifact:2:203032,accessionNumber,1963.32
entity:artifact:2:203040,accessionNumber,1960.169.2
entity:artifact:2:203041,accessionNumber,1960.169.4
entity:artifact:2:203042,accessionNumber,1963.59
entity:artifact:2:203046,accessionNumber,1963.75
entity:artifact:2:203047,accessionNumber,1960.113.3.A-B
entity:artifact:2:203056,accessionNumber,1961.60
entity:artifact:2:203079,accessionNumber,1960.113.2.A-B
entity:artifact:2:203086,accessionNumber,1961.48
entity:artifact:2:203087,accessionNumber,1961.58
entity:artifact:2:203124,accessionNumber,1961.70
entity:artifact:2:203125,accessionNumber,1961.71
entity:artifact:2:203126,accessionNumber,1961.72
entity:artifact:2:203127,accessionNumber,1961.74
entity:artifact:2:203128,accessionNumber,1961.75
entity:artifact:2:203150,accessionNumber,1961.65
entity:artifact:2:203170,accessionNumber,1961.69
entity:artifact:2:203174,accessionNumber,1961.113
entity:artifact:2:203175,accessionNumber,1961.133
entity:artifact:2:203187,accessionNumber,1961.77
entity:artifact:2:203189,accessionNumber,1961.127
entity:artifact:2:203191,accessionNumber,1961.157
entity:artifact:2:203221,accessionNumber,1961.68
entity:artifact:2:203222,accessionNumber,1961.73
entity:artifact:2:203223,accessionNumber,1943.50.382
entity:artifact:2:203224,accessionNumber,1943.50.384
entity:artifact:2:203225,accessionNumber,1943.50.385
entity:artifact:2:203226,accessionNumber,1943.50.398
entity:artifact:2:203228,accessionNumber,1959.14.2
entity:artifact:2:203229,accessionNumber,1959.14.3
entity:artifact:2:203230,accessionNumber,1943.50.405
entity:artifact:2:203242,accessionNumber,1950.125.8
entity:artifact:2:203243,accessionNumber,1950.125.51.A-B
entity:artifact:2:203244,accessionNumber,1950.125.26
entity:artifact:2:203245,accessionNumber,1951.109
entity:artifact:2:203246,accessionNumber,1958.8
entity:artifact:2:203247,accessionNumber,1943.50.358
entity:artifact:2:203248,accessionNumber,1943.50.359
entity:artifact:2:203249,accessionNumber,1943.50.361
entity:artifact:2:203250,accessionNumber,1943.50.367
entity:artifact:2:203251,accessionNumber,1943.50.370
entity:artifact:2:203252,accessionNumber,1943.50.375
entity:artifact:2:203253,accessionNumber,1943.50.376
entity:artifact:2:203254,accessionNumber,1951.28
entity:artifact:2:203256,accessionNumber,1952.27
entity:artifact:2:203257,accessionNumber,1952.28
entity:artifact:2:203258,accessionNumber,1956.194.2
entity:artifact:2:203259,accessionNumber,1957.66
entity:artifact:2:203260,accessionNumber,1957.106
entity:artifact:2:203261,accessionNumber,1957.110
entity:artifact:2:203262,accessionNumber,1958.7
entity:artifact:2:203266,accessionNumber,1953.25
entity:artifact:2:203272,accessionNumber,1959.49
entity:artifact:2:203276,accessionNumber,1959.70.2
entity:artifact:2:203277,accessionNumber,1955.86
entity:artifact:2:203279,accessionNumber,1956.4
entity:artifact:2:203280,accessionNumber,1956.73
entity:artifact:2:203281,accessionNumber,1956.85.B
entity:artifact:2:203282,accessionNumber,1956.96
entity:artifact:2:203285,accessionNumber,1943.50.379
entity:artifact:2:203286,accessionNumber,1943.50.387
entity:artifact:2:203287,accessionNumber,1943.50.388
entity:artifact:2:203288,accessionNumber,1943.50.391
entity:artifact:2:203289,accessionNumber,1943.50.395.A
entity:artifact:2:203291,accessionNumber,1959.14.4
entity:artifact:2:203292,accessionNumber,1959.14.5
entity:artifact:2:203293,accessionNumber,1959.14.6
entity:artifact:2:203294,accessionNumber,1943.50.401
entity:artifact:2:203295,accessionNumber,1943.50.403
entity:artifact:2:203301,accessionNumber,1943.50.394.B
entity:artifact:2:203307,accessionNumber,1955.101
entity:artifact:2:203308,accessionNumber,1955.140
entity:artifact:2:203309,accessionNumber,1955.155
entity:artifact:2:203311,accessionNumber,1956.74
entity:artifact:2:203312,accessionNumber,1955.73
entity:artifact:2:203314,accessionNumber,1958.173
entity:artifact:2:203319,accessionNumber,1959.70.1
entity:artifact:2:203323,accessionNumber,1956.78
entity:artifact:2:203329,accessionNumber,1959.73
entity:artifact:2:203330,accessionNumber,1959.77
entity:artifact:2:203350,accessionNumber,1954.118
entity:artifact:2:203352,accessionNumber,1943.50.394.A
entity:artifact:2:203353,accessionNumber,1943.50.396
entity:artifact:2:203359,accessionNumber,1955.141
entity:artifact:2:203361,accessionNumber,1956.83
entity:artifact:2:203362,accessionNumber,1943.50.374
entity:artifact:2:203363,accessionNumber,1943.50.377
entity:artifact:2:203364,accessionNumber,1943.50.378.A
entity:artifact:2:203365,accessionNumber,1943.50.381.A
entity:artifact:2:203366,accessionNumber,1943.50.381.B
entity:artifact:2:203367,accessionNumber,1943.50.383
entity:artifact:2:203368,accessionNumber,1943.50.386
entity:artifact:2:203369,accessionNumber,1943.50.393
entity:artifact:2:203370,accessionNumber,1943.50.397
entity:artifact:2:203371,accessionNumber,1943.50.399
entity:artifact:2:203372,accessionNumber,1959.14.1
entity:artifact:2:203373,accessionNumber,1956.87
entity:artifact:2:203374,accessionNumber,1956.93.A-B
entity:artifact:2:203383,accessionNumber,1959.178
entity:artifact:2:203397,accessionNumber,1960.114
entity:artifact:2:203402,accessionNumber,1963.1
entity:artifact:2:203404,accessionNumber,1956.86.A
entity:artifact:2:203405,accessionNumber,1956.86.B
entity:artifact:2:203406,accessionNumber,1956.90
entity:artifact:2:203419,accessionNumber,1960.8
entity:artifact:2:203438,accessionNumber,1960.169.3
entity:artifact:2:203439,accessionNumber,1960.169.5
entity:artifact:2:203440,accessionNumber,1960.169.45
entity:artifact:2:203467,accessionNumber,1960.169.54
entity:artifact:2:203476,accessionNumber,1950.156
entity:artifact:2:203478,accessionNumber,1951.15
entity:artifact:2:203480,accessionNumber,1951.21
entity:artifact:2:203482,accessionNumber,1949.60
entity:artifact:2:203483,accessionNumber,1950.83.46
entity:artifact:2:203484,accessionNumber,1950.83.95
entity:artifact:2:203485,accessionNumber,1950.125.3
entity:artifact:2:203486,accessionNumber,1947.46
entity:artifact:2:203487,accessionNumber,1950.125.37
entity:artifact:2:203488,accessionNumber,1950.125.38
entity:artifact:2:203489,accessionNumber,1950.125.44
entity:artifact:2:203490,accessionNumber,1950.125.45
entity:artifact:2:203491,accessionNumber,1950.125.56
entity:artifact:2:203492,accessionNumber,1950.125.60
entity:artifact:2:203493,accessionNumber,1950.125.17
entity:artifact:2:203495,accessionNumber,1948.4
entity:artifact:2:203496,accessionNumber,1948.5
entity:artifact:2:203498,accessionNumber,1949.28
entity:artifact:2:203499,accessionNumber,1949.52
entity:artifact:2:203500,accessionNumber,1949.53
entity:artifact:2:203522,accessionNumber,1950.83.1
entity:artifact:2:203523,accessionNumber,1943.53.36
entity:artifact:2:203524,accessionNumber,1943.53.55
entity:artifact:2:203525,accessionNumber,1943.53.62
entity:artifact:2:203526,accessionNumber,1943.53.63
entity:artifact:2:203527,accessionNumber,1943.53.84
entity:artifact:2:203528,accessionNumber,1943.53.85
entity:artifact:2:203529,accessionNumber,1943.1863.C
entity:artifact:2:203530,accessionNumber,1943.54.1
entity:artifact:2:203531,accessionNumber,1944.57.5
entity:artifact:2:203535,accessionNumber,1949.54
entity:artifact:2:203536,accessionNumber,1950.83.6
entity:artifact:2:203537,accessionNumber,1950.83.16
entity:artifact:2:203538,accessionNumber,1950.83.20
entity:artifact:2:203539,accessionNumber,1950.83.22
entity:artifact:2:203540,accessionNumber,1950.83.23
entity:artifact:2:203541,accessionNumber,1950.83.24
entity:artifact:2:203542,accessionNumber,1950.83.25
entity:artifact:2:203543,accessionNumber,1950.83.28
entity:artifact:2:203544,accessionNumber,1950.83.31
entity:artifact:2:203545,accessionNumber,1950.83.33
entity:artifact:2:203546,accessionNumber,1950.83.42
entity:artifact:2:203547,accessionNumber,1950.83.47
entity:artifact:2:203548,accessionNumber,1950.83.64
entity:artifact:2:203549,accessionNumber,1950.83.71
entity:artifact:2:203560,accessionNumber,1950.83.97
entity:artifact:2:203561,accessionNumber,1950.83.115
entity:artifact:2:203562,accessionNumber,1950.83.120
entity:artifact:2:203564,accessionNumber,1950.125.9
entity:artifact:2:203565,accessionNumber,1947.45
entity:artifact:2:203566,accessionNumber,1950.125.36
entity:artifact:2:203567,accessionNumber,1950.125.40
entity:artifact:2:203568,accessionNumber,1950.125.57
entity:artifact:2:203581,accessionNumber,1950.83.103.A-B
entity:artifact:2:203582,accessionNumber,1950.83.111.A-B
entity:artifact:2:203583,accessionNumber,1950.97
entity:artifact:2:203584,accessionNumber,1950.125.10
entity:artifact:2:203585,accessionNumber,1950.125.11.A
entity:artifact:2:203586,accessionNumber,1950.125.42
entity:artifact:2:203587,accessionNumber,1950.125.43
entity:artifact:2:203588,accessionNumber,1950.125.50
entity:artifact:2:203589,accessionNumber,1950.125.59
entity:artifact:2:203591,accessionNumber,1950.125.16.A
entity:artifact:2:203593,accessionNumber,1956.118
entity:artifact:2:203595,accessionNumber,1950.128.A-B
entity:artifact:2:203598,accessionNumber,1949.133
entity:artifact:2:203599,accessionNumber,1950.83.93
entity:artifact:2:203600,accessionNumber,1950.83.112.A-B
entity:artifact:2:203601,accessionNumber,1950.86
entity:artifact:2:203602,accessionNumber,1950.125.2
entity:artifact:2:203603,accessionNumber,1950.125.33
entity:artifact:2:203604,accessionNumber,1950.125.22
entity:artifact:2:203605,accessionNumber,1950.125.24
entity:artifact:2:203606,accessionNumber,1956.116
entity:artifact:2:203607,accessionNumber,1956.122.1
entity:artifact:2:203608,accessionNumber,1943.50.364
entity:artifact:2:203609,accessionNumber,1943.50.365
entity:artifact:2:203610,accessionNumber,1950.125.18.A
entity:artifact:2:203611,accessionNumber,1950.125.19.A
entity:artifact:2:203612,accessionNumber,1950.125.20
entity:artifact:2:203613,accessionNumber,1956.123
entity:artifact:2:203615,accessionNumber,1950.155
entity:artifact:2:203616,accessionNumber,1951.18.1
entity:artifact:2:203619,accessionNumber,1957.63.A
entity:artifact:2:203620,accessionNumber,1957.64
entity:artifact:2:203621,accessionNumber,1957.104
entity:artifact:2:203622,accessionNumber,1957.147
entity:artifact:2:203623,accessionNumber,1952.122
entity:artifact:2:203629,accessionNumber,1952.102
entity:artifact:2:203630,accessionNumber,1956.194.3
entity:artifact:2:203631,accessionNumber,1956.194.4
entity:artifact:2:203632,accessionNumber,1957.107
entity:artifact:2:203633,accessionNumber,1957.167
entity:artifact:2:203634,accessionNumber,1958.6
entity:artifact:2:203638,accessionNumber,1943.50.368
entity:artifact:2:203654,accessionNumber,1950.125.32
entity:artifact:2:203655,accessionNumber,1950.125.34
entity:artifact:2:203656,accessionNumber,1950.125.35
entity:artifact:2:203657,accessionNumber,1950.125.41
entity:artifact:2:203658,accessionNumber,1950.125.58
entity:artifact:2:203659,accessionNumber,1950.125.64.A-B
entity:artifact:2:203660,accessionNumber,1950.125.65
entity:artifact:2:203661,accessionNumber,1950.125.12
entity:artifact:2:203662,accessionNumber,1950.125.27
entity:artifact:2:203663,accessionNumber,1950.125.28
entity:artifact:2:203664,accessionNumber,1950.125.30
entity:artifact:2:203665,accessionNumber,1950.125.31
entity:artifact:2:203666,accessionNumber,1956.102
entity:artifact:2:203667,accessionNumber,1956.106
entity:artifact:2:203669,accessionNumber,1956.194.1
entity:artifact:2:203670,accessionNumber,1951.13
entity:artifact:2:203671,accessionNumber,1951.27
entity:artifact:2:203672,accessionNumber,1950.125.29
entity:artifact:2:203673,accessionNumber,1952.121
entity:artifact:2:203674,accessionNumber,1943.50.360
entity:artifact:2:203675,accessionNumber,1943.50.362
entity:artifact:2:203676,accessionNumber,1943.50.363.A
entity:artifact:2:203677,accessionNumber,1943.50.363.B
entity:artifact:2:203678,accessionNumber,1943.50.366
entity:artifact:2:203679,accessionNumber,1943.50.369
entity:artifact:2:203680,accessionNumber,1943.50.373
entity:artifact:2:203681,accessionNumber,1943.50.378.B
entity:artifact:2:203683,accessionNumber,1943.50.389.A
entity:artifact:2:203684,accessionNumber,1949.59
entity:artifact:2:203685,accessionNumber,1950.125.4
entity:artifact:2:203686,accessionNumber,1950.125.7
entity:artifact:2:203687,accessionNumber,1950.125.47.H
entity:artifact:2:203688,accessionNumber,1950.125.52.A
entity:artifact:2:203689,accessionNumber,1950.125.53.A
entity:artifact:2:203690,accessionNumber,1950.125.61
entity:artifact:2:203691,accessionNumber,1950.125.23
entity:artifact:2:203692,accessionNumber,1952.120
entity:artifact:2:203693,accessionNumber,1956.202
entity:artifact:2:203694,accessionNumber,1957.157
entity:artifact:2:203695,accessionNumber,1943.50.356.A
entity:artifact:2:203696,accessionNumber,1943.50.356.B
entity:artifact:2:203698,accessionNumber,1956.194.5
entity:artifact:2:203699,accessionNumber,1956.194.6
entity:artifact:2:203700,accessionNumber,1956.194.7
entity:artifact:2:203701,accessionNumber,1956.201
entity:artifact:2:203703,accessionNumber,1957.63.B
entity:artifact:2:203704,accessionNumber,1957.108
entity:artifact:2:203705,accessionNumber,1957.109
entity:artifact:2:203707,accessionNumber,1958.1
entity:artifact:2:203714,accessionNumber,1943.50.372
entity:artifact:2:203715,accessionNumber,1954.122
entity:artifact:2:203716,accessionNumber,1943.50.380.A
entity:artifact:2:203717,accessionNumber,1943.50.380.B
entity:artifact:2:203718,accessionNumber,1945.18.13
entity:artifact:2:203719,accessionNumber,1945.32
entity:artifact:2:203721,accessionNumber,1946.17.1
entity:artifact:2:203722,accessionNumber,1946.17.2
entity:artifact:2:203723,accessionNumber,1946.18.9
entity:artifact:2:203728,accessionNumber,1946.18.12
entity:artifact:2:203729,accessionNumber,1946.26
entity:artifact:2:203730,accessionNumber,1946.32
entity:artifact:2:203734,accessionNumber,1949.61.A
entity:artifact:2:203735,accessionNumber,1949.64
entity:artifact:2:203748,accessionNumber,1945.18.8
entity:artifact:2:203749,accessionNumber,1945.18.11
entity:artifact:2:203750,accessionNumber,1945.18.12
entity:artifact:2:203753,accessionNumber,1946.17.3
entity:artifact:2:203754,accessionNumber,1946.17.4
entity:artifact:2:203756,accessionNumber,1949.29
entity:artifact:2:203757,accessionNumber,1946.18.11
entity:artifact:2:203758,accessionNumber,1946.18.13
entity:artifact:2:203759,accessionNumber,1946.18.14
entity:artifact:2:203760,accessionNumber,1946.18.15
entity:artifact:2:203761,accessionNumber,1946.33
entity:artifact:2:203765,accessionNumber,1946.18.10
entity:artifact:2:203780,accessionNumber,1943.53.94
entity:artifact:2:203781,accessionNumber,1943.1863.A
entity:artifact:2:203782,accessionNumber,1943.1863.B
entity:artifact:2:203783,accessionNumber,1943.53.113
entity:artifact:2:203784,accessionNumber,1943.53.116
entity:artifact:2:203785,accessionNumber,1943.55.18
entity:artifact:2:203788,accessionNumber,1944.57.1
entity:artifact:2:203789,accessionNumber,1944.57.13
entity:artifact:2:203790,accessionNumber,1945.28
entity:artifact:2:203791,accessionNumber,1947.93
entity:artifact:2:203792,accessionNumber,1946.34
entity:artifact:2:203799,accessionNumber,1950.83.2
entity:artifact:2:203800,accessionNumber,1950.83.10
entity:artifact:2:203801,accessionNumber,1950.83.19
entity:artifact:2:203802,accessionNumber,1950.83.21
entity:artifact:2:203803,accessionNumber,1950.83.26.A-B
entity:artifact:2:203804,accessionNumber,1950.83.39
entity:artifact:2:203805,accessionNumber,1950.83.41
entity:artifact:2:203806,accessionNumber,1950.83.51
entity:artifact:2:203807,accessionNumber,1950.83.54
entity:artifact:2:203808,accessionNumber,1950.83.55
entity:artifact:2:203809,accessionNumber,1950.83.59
entity:artifact:2:203814,accessionNumber,1950.83.5
entity:artifact:2:203815,accessionNumber,1950.83.7
entity:artifact:2:203816,accessionNumber,1950.83.8
entity:artifact:2:203817,accessionNumber,1950.83.11
entity:artifact:2:203818,accessionNumber,1950.83.12
entity:artifact:2:203819,accessionNumber,1950.83.13
entity:artifact:2:203820,accessionNumber,1950.83.14
entity:artifact:2:203821,accessionNumber,1950.83.17
entity:artifact:2:203822,accessionNumber,1950.83.18
entity:artifact:2:203823,accessionNumber,1950.83.27
entity:artifact:2:203824,accessionNumber,1950.83.30
entity:artifact:2:203825,accessionNumber,1950.83.36
entity:artifact:2:203829,accessionNumber,1950.69
entity:artifact:2:203830,accessionNumber,1950.83.3
entity:artifact:2:203831,accessionNumber,1950.83.4
entity:artifact:2:203832,accessionNumber,1950.83.9
entity:artifact:2:203833,accessionNumber,1950.83.15
entity:artifact:2:203834,accessionNumber,1950.83.29
entity:artifact:2:203835,accessionNumber,1950.83.34
entity:artifact:2:203836,accessionNumber,1950.83.37
entity:artifact:2:203837,accessionNumber,1950.83.40
entity:artifact:2:203838,accessionNumber,1950.83.48
entity:artifact:2:203839,accessionNumber,1950.83.49
entity:artifact:2:203840,accessionNumber,1950.83.58
entity:artifact:2:203841,accessionNumber,1950.83.60
entity:artifact:2:203842,accessionNumber,1950.83.63
entity:artifact:2:203843,accessionNumber,1950.83.75
entity:artifact:2:203844,accessionNumber,1950.83.76
entity:artifact:2:203845,accessionNumber,1950.83.80
entity:artifact:2:203846,accessionNumber,1950.83.87
entity:artifact:2:203847,accessionNumber,1950.83.90
entity:artifact:2:203852,accessionNumber,1947.19.1
entity:artifact:2:203854,accessionNumber,1947.19.3
entity:artifact:2:203856,accessionNumber,1947.19.6
entity:artifact:2:203857,accessionNumber,1947.19.7
entity:artifact:2:203859,accessionNumber,1947.19.9
entity:artifact:2:203861,accessionNumber,1947.43.13
entity:artifact:2:203863,accessionNumber,1943.53.91
entity:artifact:2:203864,accessionNumber,1943.1862.B
entity:artifact:2:203865,accessionNumber,1943.55.3.A
entity:artifact:2:203866,accessionNumber,1944.57.34
entity:artifact:2:203867,accessionNumber,1944.57.37.A-B
entity:artifact:2:203868,accessionNumber,1944.48.A
entity:artifact:2:203870,accessionNumber,1944.57.16.A-B
entity:artifact:2:203872,accessionNumber,1946.2
entity:artifact:2:203873,accessionNumber,1949.58
entity:artifact:2:203875,accessionNumber,1950.83.43
entity:artifact:2:203876,accessionNumber,1950.83.44
entity:artifact:2:203877,accessionNumber,1950.83.45
entity:artifact:2:203878,accessionNumber,1950.83.50
entity:artifact:2:203879,accessionNumber,1950.83.52
entity:artifact:2:203880,accessionNumber,1950.83.53
entity:artifact:2:203881,accessionNumber,1950.83.56
entity:artifact:2:203882,accessionNumber,1950.83.57
entity:artifact:2:203883,accessionNumber,1950.83.62
entity:artifact:2:203884,accessionNumber,1950.83.70
entity:artifact:2:203885,accessionNumber,1950.83.72
entity:artifact:2:203886,accessionNumber,1950.83.74
entity:artifact:2:203887,accessionNumber,1950.83.77
entity:artifact:2:203888,accessionNumber,1950.83.78
entity:artifact:2:203889,accessionNumber,1950.83.83
entity:artifact:2:203890,accessionNumber,1950.83.84.A-B
entity:artifact:2:203892,accessionNumber,1950.83.116
entity:artifact:2:203893,accessionNumber,1950.83.118
entity:artifact:2:203894,accessionNumber,1950.83.119
entity:artifact:2:203895,accessionNumber,1950.125.1
entity:artifact:2:203896,accessionNumber,1950.125.6
entity:artifact:2:203898,accessionNumber,1947.53
entity:artifact:2:203899,accessionNumber,1950.125.39
entity:artifact:2:203900,accessionNumber,1950.125.46
entity:artifact:2:203901,accessionNumber,1950.125.48
entity:artifact:2:203904,accessionNumber,1950.125.55
entity:artifact:2:203905,accessionNumber,1950.125.63
entity:artifact:2:203906,accessionNumber,1950.125.13
entity:artifact:2:203907,accessionNumber,1950.125.14.A
entity:artifact:2:203908,accessionNumber,1950.125.15.A
entity:artifact:2:203909,accessionNumber,1950.125.21
entity:artifact:2:203910,accessionNumber,1950.125.25
entity:artifact:2:203911,accessionNumber,1950.83.61
entity:artifact:2:203912,accessionNumber,1950.83.65
entity:artifact:2:203913,accessionNumber,1950.83.66
entity:artifact:2:203914,accessionNumber,1950.83.68
entity:artifact:2:203915,accessionNumber,1950.83.69
entity:artifact:2:203916,accessionNumber,1950.83.79
entity:artifact:2:203917,accessionNumber,1950.83.81
entity:artifact:2:203918,accessionNumber,1950.83.82
entity:artifact:2:203919,accessionNumber,1950.83.86
entity:artifact:2:203920,accessionNumber,1950.83.89
entity:artifact:2:203921,accessionNumber,1950.83.92
entity:artifact:2:203922,accessionNumber,1950.83.94
entity:artifact:2:203926,accessionNumber,1950.83.98
entity:artifact:2:203927,accessionNumber,1950.83.85
entity:artifact:2:203928,accessionNumber,1950.83.88
entity:artifact:2:203929,accessionNumber,1950.83.91
entity:artifact:2:203934,accessionNumber,1947.43.3
entity:artifact:2:203942,accessionNumber,1950.83.106
entity:artifact:2:203943,accessionNumber,1950.125.5
entity:artifact:2:203944,accessionNumber,1944.57.19
entity:artifact:2:203945,accessionNumber,1944.57.20
entity:artifact:2:203946,accessionNumber,1944.57.2
entity:artifact:2:203947,accessionNumber,1944.57.12
entity:artifact:2:203950,accessionNumber,1948.3
entity:artifact:2:203951,accessionNumber,1948.6
entity:artifact:2:203953,accessionNumber,1950.83.96
entity:artifact:2:203956,accessionNumber,1950.96
entity:artifact:2:203968,accessionNumber,1956.99.A-B
entity:artifact:2:203969,accessionNumber,1956.103
entity:artifact:2:203970,accessionNumber,1956.108
entity:artifact:2:203971,accessionNumber,1956.113
entity:artifact:2:203972,accessionNumber,1956.130
entity:artifact:2:203973,accessionNumber,1950.125.66
entity:artifact:2:203974,accessionNumber,1950.125.67
entity:artifact:2:203975,accessionNumber,1950.125.68
entity:artifact:2:203977,accessionNumber,1950.125.70
entity:artifact:2:203978,accessionNumber,1950.125.71
entity:artifact:2:203979,accessionNumber,1943.52.164
entity:artifact:2:203980,accessionNumber,1943.52.166
entity:artifact:2:203981,accessionNumber,1943.52.168
entity:artifact:2:203982,accessionNumber,1943.52.92
entity:artifact:2:203983,accessionNumber,1943.52.95
entity:artifact:2:203984,accessionNumber,1943.52.98
entity:artifact:2:203985,accessionNumber,1943.52.101
entity:artifact:2:203986,accessionNumber,1943.52.107
entity:artifact:2:203987,accessionNumber,1943.52.108
entity:artifact:2:203988,accessionNumber,1943.52.109.A-B
entity:artifact:2:203989,accessionNumber,1943.52.111
entity:artifact:2:203990,accessionNumber,1943.52.113
entity:artifact:2:203991,accessionNumber,1943.52.114
entity:artifact:2:203992,accessionNumber,1943.52.178
entity:artifact:2:203993,accessionNumber,1943.53.4
entity:artifact:2:203994,accessionNumber,1943.52.118
entity:artifact:2:203995,accessionNumber,1943.52.119
entity:artifact:2:203996,accessionNumber,1943.53.29
entity:artifact:2:203997,accessionNumber,1943.53.30
entity:artifact:2:203998,accessionNumber,1943.53.32
entity:artifact:2:203999,accessionNumber,1943.53.33
entity:artifact:2:204000,accessionNumber,1943.53.35
entity:artifact:2:204001,accessionNumber,1943.53.39
entity:artifact:2:204002,accessionNumber,1943.53.45.A
entity:artifact:2:204003,accessionNumber,1943.53.49
entity:artifact:2:204004,accessionNumber,1943.53.59
entity:artifact:2:204005,accessionNumber,1943.53.76
entity:artifact:2:204006,accessionNumber,1943.53.78
entity:artifact:2:204007,accessionNumber,1943.53.79
entity:artifact:2:204008,accessionNumber,1943.53.81
entity:artifact:2:204009,accessionNumber,1943.55.10
entity:artifact:2:204012,accessionNumber,1943.55.17
entity:artifact:2:204013,accessionNumber,1943.55.19
entity:artifact:2:204014,accessionNumber,1943.55.21
entity:artifact:2:204015,accessionNumber,1943.55.23.A
entity:artifact:2:204016,accessionNumber,1943.55.24
entity:artifact:2:204017,accessionNumber,1943.55.25
entity:artifact:2:204025,accessionNumber,1943.1815.9
entity:artifact:2:204032,accessionNumber,1943.1864.A
entity:artifact:2:204033,accessionNumber,1943.53.112
entity:artifact:2:204034,accessionNumber,1943.53.117
entity:artifact:2:204035,accessionNumber,1943.53.120
entity:artifact:2:204036,accessionNumber,1943.55.9
entity:artifact:2:204037,accessionNumber,1943.55.14
entity:artifact:2:204038,accessionNumber,1943.55.15
entity:artifact:2:204040,accessionNumber,1943.52.128
entity:artifact:2:204041,accessionNumber,1943.53.67
entity:artifact:2:204042,accessionNumber,1943.53.17
entity:artifact:2:204043,accessionNumber,1943.53.24
entity:artifact:2:204044,accessionNumber,1943.53.25
entity:artifact:2:204045,accessionNumber,1943.53.26
entity:artifact:2:204046,accessionNumber,1943.53.27
entity:artifact:2:204047,accessionNumber,1943.53.28
entity:artifact:2:204048,accessionNumber,1943.53.42
entity:artifact:2:204049,accessionNumber,1943.53.43
entity:artifact:2:204050,accessionNumber,1943.53.46
entity:artifact:2:204051,accessionNumber,1943.53.50
entity:artifact:2:204052,accessionNumber,1943.53.51
entity:artifact:2:204066,accessionNumber,1944.57.25.A-B
entity:artifact:2:204067,accessionNumber,1944.57.26
entity:artifact:2:204068,accessionNumber,1944.57.35
entity:artifact:2:204069,accessionNumber,1943.53.54
entity:artifact:2:204070,accessionNumber,1943.53.60
entity:artifact:2:204071,accessionNumber,1943.53.61
entity:artifact:2:204072,accessionNumber,1943.57.14
entity:artifact:2:204073,accessionNumber,1943.53.77
entity:artifact:2:204074,accessionNumber,1943.53.80.A
entity:artifact:2:204075,accessionNumber,1943.53.82
entity:artifact:2:204076,accessionNumber,1943.53.83
entity:artifact:2:204077,accessionNumber,1943.53.88
entity:artifact:2:204078,accessionNumber,1943.53.92
entity:artifact:2:204079,accessionNumber,1943.1862.A
entity:artifact:2:204080,accessionNumber,1944.2
entity:artifact:2:204081,accessionNumber,1943.53.115
entity:artifact:2:204082,accessionNumber,1943.52.76.A
entity:artifact:2:204083,accessionNumber,1943.52.76.B
entity:artifact:2:204084,accessionNumber,1943.52.81
entity:artifact:2:204085,accessionNumber,1943.52.84.C
entity:artifact:2:204086,accessionNumber,1943.52.88.A
entity:artifact:2:204087,accessionNumber,1943.52.88.B
entity:artifact:2:204088,accessionNumber,1943.52.144
entity:artifact:2:204089,accessionNumber,1943.52.151
entity:artifact:2:204090,accessionNumber,1943.52.157
entity:artifact:2:204091,accessionNumber,1943.52.161
entity:artifact:2:204092,accessionNumber,1943.52.169
entity:artifact:2:204093,accessionNumber,1943.52.93
entity:artifact:2:204094,accessionNumber,1943.52.100
entity:artifact:2:204102,accessionNumber,1944.57.17
entity:artifact:2:204103,accessionNumber,1944.57.36
entity:artifact:2:204104,accessionNumber,1944.27
entity:artifact:2:204107,accessionNumber,1944.57.8.A-B
entity:artifact:2:204113,accessionNumber,1943.52.52
entity:artifact:2:204114,accessionNumber,1943.52.69
entity:artifact:2:204115,accessionNumber,1943.52.162
entity:artifact:2:204116,accessionNumber,1943.52.163
entity:artifact:2:204117,accessionNumber,1943.52.165
entity:artifact:2:204118,accessionNumber,1943.52.172
entity:artifact:2:204119,accessionNumber,1943.52.126
entity:artifact:2:204120,accessionNumber,1943.53.37
entity:artifact:2:204121,accessionNumber,1943.53.44
entity:artifact:2:204122,accessionNumber,1943.53.58
entity:artifact:2:204124,accessionNumber,1943.53.95
entity:artifact:2:204125,accessionNumber,1943.53.96
entity:artifact:2:204126,accessionNumber,1943.53.102
entity:artifact:2:204127,accessionNumber,1943.53.103
entity:artifact:2:204130,accessionNumber,1943.52.117
entity:artifact:2:204131,accessionNumber,1943.52.176
entity:artifact:2:204132,accessionNumber,1943.53.10
entity:artifact:2:204133,accessionNumber,1943.53.11
entity:artifact:2:204134,accessionNumber,1943.52.120
entity:artifact:2:204138,accessionNumber,1943.53.16
entity:artifact:2:204139,accessionNumber,1943.53.19
entity:artifact:2:204140,accessionNumber,1943.53.22
entity:artifact:2:204141,accessionNumber,1943.53.23
entity:artifact:2:204142,accessionNumber,1943.53.34
entity:artifact:2:204147,accessionNumber,1944.3
entity:artifact:2:204149,accessionNumber,1943.53.106
entity:artifact:2:204150,accessionNumber,1943.53.109
entity:artifact:2:204151,accessionNumber,1943.53.114
entity:artifact:2:204152,accessionNumber,1943.53.118
entity:artifact:2:204153,accessionNumber,1943.53.119
entity:artifact:2:204154,accessionNumber,1943.55.2.A-B
entity:artifact:2:204155,accessionNumber,1943.55.5
entity:artifact:2:204156,accessionNumber,1943.55.20.A-B
entity:artifact:2:204162,accessionNumber,1944.57.21
entity:artifact:2:204163,accessionNumber,1944.57.27
entity:artifact:2:204164,accessionNumber,1945.6
entity:artifact:2:204167,accessionNumber,1944.57.6
entity:artifact:2:204168,accessionNumber,1944.57.7
entity:artifact:2:204169,accessionNumber,1944.57.11.A-B
entity:artifact:2:204175,accessionNumber,1945.18.3
entity:artifact:2:204176,accessionNumber,1945.18.4
entity:artifact:2:204177,accessionNumber,1945.18.6
entity:artifact:2:204178,accessionNumber,1945.18.9
entity:artifact:2:204181,accessionNumber,1946.18.1
entity:artifact:2:204182,accessionNumber,1946.18.2
entity:artifact:2:204183,accessionNumber,1946.18.3
entity:artifact:2:204184,accessionNumber,1946.18.4
entity:artifact:2:204185,accessionNumber,1946.18.7
entity:artifact:2:204186,accessionNumber,1946.18.8
entity:artifact:2:204196,accessionNumber,1944.43.A
entity:artifact:2:204197,accessionNumber,1944.43.B
entity:artifact:2:204198,accessionNumber,1944.57.4
entity:artifact:2:204199,accessionNumber,1944.57.10
entity:artifact:2:204200,accessionNumber,1944.57.15
entity:artifact:2:204203,accessionNumber,1947.59
entity:artifact:2:204207,accessionNumber,1945.18.5
entity:artifact:2:204208,accessionNumber,1945.18.7
entity:artifact:2:204209,accessionNumber,1946.18.5
entity:artifact:2:204210,accessionNumber,1946.18.6
entity:artifact:2:204211,accessionNumber,1944.57.22
entity:artifact:2:204212,accessionNumber,1944.57.24.A-B
entity:artifact:2:204213,accessionNumber,1944.57.30
entity:artifact:2:204214,accessionNumber,1944.57.31.A-B
entity:artifact:2:204217,accessionNumber,1944.58
entity:artifact:2:204219,accessionNumber,1944.43.C
entity:artifact:2:204220,accessionNumber,1944.43.D
entity:artifact:2:204228,accessionNumber,1945.14
entity:artifact:2:204232,accessionNumber,1943.52.87.D
entity:artifact:2:204233,accessionNumber,1943.52.159
entity:artifact:2:204234,accessionNumber,1943.52.90
entity:artifact:2:204235,accessionNumber,1943.50.605
entity:artifact:2:204236,accessionNumber,1943.50.606.C
entity:artifact:2:204237,accessionNumber,1943.50.606.D
entity:artifact:2:204238,accessionNumber,1943.50.609.A
entity:artifact:2:204239,accessionNumber,1943.50.609.B
entity:artifact:2:204240,accessionNumber,1943.50.610
entity:artifact:2:204242,accessionNumber,1943.52.137
entity:artifact:2:204243,accessionNumber,1943.52.138
entity:artifact:2:204244,accessionNumber,1943.52.71
entity:artifact:2:204245,accessionNumber,1943.52.74.A
entity:artifact:2:204246,accessionNumber,1943.52.74.B
entity:artifact:2:204247,accessionNumber,1943.52.78
entity:artifact:2:204248,accessionNumber,1943.50.492
entity:artifact:2:204249,accessionNumber,1943.50.493
entity:artifact:2:204250,accessionNumber,1943.50.511
entity:artifact:2:204251,accessionNumber,1943.50.645
entity:artifact:2:204252,accessionNumber,1943.52.12
entity:artifact:2:204253,accessionNumber,1943.52.29.A
entity:artifact:2:204254,accessionNumber,1943.52.29.B
entity:artifact:2:204255,accessionNumber,1943.52.32
entity:artifact:2:204258,accessionNumber,1943.52.122
entity:artifact:2:204259,accessionNumber,1943.52.129
entity:artifact:2:204260,accessionNumber,1943.52.131
entity:artifact:2:204261,accessionNumber,1943.53.56
entity:artifact:2:204262,accessionNumber,1943.53.57
entity:artifact:2:204265,accessionNumber,1943.53.86
entity:artifact:2:204266,accessionNumber,1943.50.613
entity:artifact:2:204267,accessionNumber,1943.50.616.A
entity:artifact:2:204268,accessionNumber,1943.50.616.B
entity:artifact:2:204269,accessionNumber,1943.52.133
entity:artifact:2:204270,accessionNumber,1943.52.135
entity:artifact:2:204271,accessionNumber,1943.52.87.C
entity:artifact:2:204272,accessionNumber,1943.52.139
entity:artifact:2:204273,accessionNumber,1943.52.140
entity:artifact:2:204274,accessionNumber,1943.52.146
entity:artifact:2:204275,accessionNumber,1943.52.148
entity:artifact:2:204276,accessionNumber,1943.52.152
entity:artifact:2:204277,accessionNumber,1943.52.156
entity:artifact:2:204278,accessionNumber,1943.52.158
entity:artifact:2:204279,accessionNumber,1943.52.49
entity:artifact:2:204280,accessionNumber,1943.52.51
entity:artifact:2:204281,accessionNumber,1943.52.55.A
entity:artifact:2:204282,accessionNumber,1943.52.61
entity:artifact:2:204283,accessionNumber,1943.52.64
entity:artifact:2:204284,accessionNumber,1962.11.1-3
entity:artifact:2:204285,accessionNumber,1943.50.606.A
entity:artifact:2:204286,accessionNumber,1943.50.606.B
entity:artifact:2:204287,accessionNumber,1943.50.607
entity:artifact:2:204288,accessionNumber,1943.50.614
entity:artifact:2:204289,accessionNumber,1943.52.73
entity:artifact:2:204290,accessionNumber,1943.52.75.A
entity:artifact:2:204292,accessionNumber,1943.50.591.A
entity:artifact:2:204293,accessionNumber,1943.50.592
entity:artifact:2:204294,accessionNumber,1943.50.599
entity:artifact:2:204295,accessionNumber,1943.50.601.A
entity:artifact:2:204296,accessionNumber,1943.52.30.A
entity:artifact:2:204297,accessionNumber,1943.52.30.B
entity:artifact:2:204298,accessionNumber,1943.52.34.A
entity:artifact:2:204299,accessionNumber,1943.52.34.B
entity:artifact:2:204300,accessionNumber,1943.52.35.A
entity:artifact:2:204301,accessionNumber,1943.52.35.B
entity:artifact:2:204302,accessionNumber,1943.52.38.B
entity:artifact:2:204303,accessionNumber,1943.52.89
entity:artifact:2:204304,accessionNumber,1943.52.141
entity:artifact:2:204305,accessionNumber,1943.52.142
entity:artifact:2:204306,accessionNumber,1943.52.143
entity:artifact:2:204307,accessionNumber,1943.52.145
entity:artifact:2:204308,accessionNumber,1943.52.149
entity:artifact:2:204309,accessionNumber,1943.52.150
entity:artifact:2:204310,accessionNumber,1943.52.155
entity:artifact:2:204311,accessionNumber,1943.52.91
entity:artifact:2:204312,accessionNumber,1943.52.96
entity:artifact:2:204313,accessionNumber,1943.52.97
entity:artifact:2:204314,accessionNumber,1943.52.99
entity:artifact:2:204315,accessionNumber,1943.52.105.A
entity:artifact:2:204316,accessionNumber,1943.52.112
entity:artifact:2:204317,accessionNumber,1943.52.173
entity:artifact:2:204319,accessionNumber,1943.53.52
entity:artifact:2:204320,accessionNumber,1943.53.53
entity:artifact:2:204322,accessionNumber,1943.1415
entity:artifact:2:204324,accessionNumber,1943.53.97
entity:artifact:2:204325,accessionNumber,1943.53.98
entity:artifact:2:204326,accessionNumber,1943.53.99
entity:artifact:2:204327,accessionNumber,1943.53.100
entity:artifact:2:204328,accessionNumber,1943.53.101
entity:artifact:2:204343,accessionNumber,1943.52.167
entity:artifact:2:204344,accessionNumber,1943.52.94
entity:artifact:2:204345,accessionNumber,1943.52.102
entity:artifact:2:204346,accessionNumber,1943.52.105.B
entity:artifact:2:204347,accessionNumber,1943.52.115
entity:artifact:2:204348,accessionNumber,1943.52.116
entity:artifact:2:204349,accessionNumber,1943.52.170
entity:artifact:2:204350,accessionNumber,1943.52.179
entity:artifact:2:204351,accessionNumber,1943.52.180
entity:artifact:2:204352,accessionNumber,1943.53.1
entity:artifact:2:204353,accessionNumber,1943.53.2
entity:artifact:2:204354,accessionNumber,1943.53.6
entity:artifact:2:204355,accessionNumber,1943.53.7
entity:artifact:2:204356,accessionNumber,1943.52.106
entity:artifact:2:204357,accessionNumber,1943.52.171
entity:artifact:2:204358,accessionNumber,1943.52.174
entity:artifact:2:204359,accessionNumber,1943.52.175
entity:artifact:2:204360,accessionNumber,1943.52.177
entity:artifact:2:204361,accessionNumber,1943.52.181
entity:artifact:2:204362,accessionNumber,1943.52.182
entity:artifact:2:204363,accessionNumber,1943.53.3
entity:artifact:2:204364,accessionNumber,1943.53.5
entity:artifact:2:204365,accessionNumber,1943.53.8
entity:artifact:2:204366,accessionNumber,1943.52.121.A-B
entity:artifact:2:204367,accessionNumber,1943.52.123
entity:artifact:2:204368,accessionNumber,1943.52.124
entity:artifact:2:204374,accessionNumber,1943.1864.B
entity:artifact:2:204375,accessionNumber,1944.4
entity:artifact:2:204376,accessionNumber,1943.53.110
entity:artifact:2:204377,accessionNumber,1943.55.6
entity:artifact:2:204378,accessionNumber,1943.55.11
entity:artifact:2:204379,accessionNumber,1943.55.12
entity:artifact:2:204380,accessionNumber,1943.55.13
entity:artifact:2:204381,accessionNumber,1943.55.16
entity:artifact:2:204383,accessionNumber,1944.14.A-C
entity:artifact:2:204384,accessionNumber,1944.18.A-B
entity:artifact:2:204385,accessionNumber,1943.55.22
entity:artifact:2:204386,accessionNumber,1943.52.41
entity:artifact:2:204387,accessionNumber,1943.52.53
entity:artifact:2:204388,accessionNumber,1943.52.55.B
entity:artifact:2:204389,accessionNumber,1943.52.60
entity:artifact:2:204390,accessionNumber,1943.52.63
entity:artifact:2:204391,accessionNumber,1943.52.70
entity:artifact:2:204392,accessionNumber,1943.50.604
entity:artifact:2:204393,accessionNumber,1943.52.134
entity:artifact:2:204394,accessionNumber,1943.52.136
entity:artifact:2:204395,accessionNumber,1943.52.75.B
entity:artifact:2:204396,accessionNumber,1943.52.77
entity:artifact:2:204398,accessionNumber,1943.52.80.A
entity:artifact:2:204399,accessionNumber,1943.53.87
entity:artifact:2:204400,accessionNumber,1943.53.89
entity:artifact:2:204401,accessionNumber,1943.53.90
entity:artifact:2:204402,accessionNumber,1943.53.104
entity:artifact:2:204403,accessionNumber,1943.53.105
entity:artifact:2:204407,accessionNumber,1943.1861
entity:artifact:2:204408,accessionNumber,1943.53.107
entity:artifact:2:204409,accessionNumber,1943.53.108
entity:artifact:2:204410,accessionNumber,1943.53.111
entity:artifact:2:204412,accessionNumber,1943.55.1.A-B
entity:artifact:2:204413,accessionNumber,1943.55.4
entity:artifact:2:204414,accessionNumber,1943.55.7
entity:artifact:2:204415,accessionNumber,1943.55.8
entity:artifact:2:204416,accessionNumber,1943.52.127
entity:artifact:2:204417,accessionNumber,1943.53.65
entity:artifact:2:204418,accessionNumber,1943.53.68
entity:artifact:2:204421,accessionNumber,1943.53.74
entity:artifact:2:204422,accessionNumber,1943.53.15
entity:artifact:2:204423,accessionNumber,1943.53.18
entity:artifact:2:204424,accessionNumber,1943.53.31
entity:artifact:2:204425,accessionNumber,1943.53.38
entity:artifact:2:204426,accessionNumber,1943.53.40
entity:artifact:2:204427,accessionNumber,1943.53.41
entity:artifact:2:204428,accessionNumber,1943.53.47
entity:artifact:2:204429,accessionNumber,1943.53.9
entity:artifact:2:204430,accessionNumber,1943.53.12
entity:artifact:2:204431,accessionNumber,1943.53.13
entity:artifact:2:204432,accessionNumber,1943.53.14
entity:artifact:2:204434,accessionNumber,1943.53.64
entity:artifact:2:204435,accessionNumber,1943.53.66
entity:artifact:2:204436,accessionNumber,1943.53.69
entity:artifact:2:204440,accessionNumber,1943.53.20
entity:artifact:2:204441,accessionNumber,1943.53.21
entity:artifact:2:204442,accessionNumber,1943.52.15
entity:artifact:2:204443,accessionNumber,1943.52.16
entity:artifact:2:204444,accessionNumber,1943.52.24.B
entity:artifact:2:204445,accessionNumber,1943.52.25
entity:artifact:2:204447,accessionNumber,1943.52.28.A
entity:artifact:2:204448,accessionNumber,1943.52.28.B
entity:artifact:2:204449,accessionNumber,1943.52.42
entity:artifact:2:204450,accessionNumber,1943.52.62
entity:artifact:2:204451,accessionNumber,1943.52.66
entity:artifact:2:204452,accessionNumber,1943.52.72
entity:artifact:2:204453,accessionNumber,1943.52.84.A
entity:artifact:2:204454,accessionNumber,1943.52.84.B
entity:artifact:2:204455,accessionNumber,1943.52.85.D
entity:artifact:2:204457,accessionNumber,1943.52.130
entity:artifact:2:204458,accessionNumber,1943.53.48
entity:artifact:2:204459,accessionNumber,1943.52.80.B
entity:artifact:2:204460,accessionNumber,1943.52.82
entity:artifact:2:204461,accessionNumber,1943.52.85.A
entity:artifact:2:204462,accessionNumber,1943.52.85.B
entity:artifact:2:204463,accessionNumber,1943.52.147
entity:artifact:2:204464,accessionNumber,1943.52.153
entity:artifact:2:204465,accessionNumber,1943.52.154
entity:artifact:2:204466,accessionNumber,1943.52.160
entity:artifact:2:204467,accessionNumber,1943.50.298
entity:artifact:2:204468,accessionNumber,1943.50.478
entity:artifact:2:204469,accessionNumber,1943.50.630
entity:artifact:2:204470,accessionNumber,1943.50.631
entity:artifact:2:204471,accessionNumber,1943.50.646.A
entity:artifact:2:204473,accessionNumber,1943.52.6
entity:artifact:2:204474,accessionNumber,1943.52.7
entity:artifact:2:204475,accessionNumber,1943.52.14
entity:artifact:2:204476,accessionNumber,1943.52.24.A
entity:artifact:2:204477,accessionNumber,1943.50.598
entity:artifact:2:204478,accessionNumber,1943.52.40.A
entity:artifact:2:204479,accessionNumber,1943.52.40.B
entity:artifact:2:204480,accessionNumber,1943.50.302
entity:artifact:2:204481,accessionNumber,1943.50.305
entity:artifact:2:204482,accessionNumber,1943.50.307
entity:artifact:2:204483,accessionNumber,1943.50.311
entity:artifact:2:204484,accessionNumber,1943.50.312
entity:artifact:2:204485,accessionNumber,1943.50.315
entity:artifact:2:204486,accessionNumber,1943.50.323
entity:artifact:2:204487,accessionNumber,1943.50.334
entity:artifact:2:204488,accessionNumber,1943.50.335
entity:artifact:2:204489,accessionNumber,1943.50.516
entity:artifact:2:204490,accessionNumber,1943.50.525
entity:artifact:2:204491,accessionNumber,1943.50.527
entity:artifact:2:204492,accessionNumber,1940.201
entity:artifact:2:204493,accessionNumber,1940.202
entity:artifact:2:204495,accessionNumber,1943.50.86
entity:artifact:2:204496,accessionNumber,1940.222
entity:artifact:2:204497,accessionNumber,1940.224
entity:artifact:2:204498,accessionNumber,1943.50.434
entity:artifact:2:204499,accessionNumber,1943.50.459
entity:artifact:2:204501,accessionNumber,1943.50.314
entity:artifact:2:204502,accessionNumber,1943.50.625.A
entity:artifact:2:204503,accessionNumber,1943.50.625.B
entity:artifact:2:204504,accessionNumber,1943.50.643
entity:artifact:2:204506,accessionNumber,1943.52.1
entity:artifact:2:204507,accessionNumber,1943.52.3
entity:artifact:2:204508,accessionNumber,1940.205
entity:artifact:2:204509,accessionNumber,1940.206
entity:artifact:2:204510,accessionNumber,1940.215
entity:artifact:2:204511,accessionNumber,1940.216
entity:artifact:2:204512,accessionNumber,1943.50.176
entity:artifact:2:204513,accessionNumber,1943.50.88
entity:artifact:2:204514,accessionNumber,1940.220
entity:artifact:2:204515,accessionNumber,1940.221.A-B
entity:artifact:2:204517,accessionNumber,1940.227
entity:artifact:2:204521,accessionNumber,1943.50.491
entity:artifact:2:204522,accessionNumber,1943.50.642
entity:artifact:2:204523,accessionNumber,1943.50.540
entity:artifact:2:204524,accessionNumber,1943.50.541
entity:artifact:2:204525,accessionNumber,1943.50.503
entity:artifact:2:204526,accessionNumber,1943.50.504
entity:artifact:2:204527,accessionNumber,1943.50.507
entity:artifact:2:204528,accessionNumber,1943.50.510
entity:artifact:2:204529,accessionNumber,1943.50.512
entity:artifact:2:204530,accessionNumber,1943.50.617
entity:artifact:2:204531,accessionNumber,1943.50.619.A
entity:artifact:2:204532,accessionNumber,1943.50.619.B
entity:artifact:2:204533,accessionNumber,1943.50.627
entity:artifact:2:204534,accessionNumber,1943.50.633
entity:artifact:2:204535,accessionNumber,1943.50.640
entity:artifact:2:204536,accessionNumber,1943.50.556
entity:artifact:2:204537,accessionNumber,1943.50.559
entity:artifact:2:204538,accessionNumber,1943.50.561
entity:artifact:2:204539,accessionNumber,1943.50.562
entity:artifact:2:204540,accessionNumber,1943.50.564
entity:artifact:2:204541,accessionNumber,1943.50.568
entity:artifact:2:204542,accessionNumber,1943.50.571
entity:artifact:2:204543,accessionNumber,1943.50.572
entity:artifact:2:204544,accessionNumber,1943.50.573
entity:artifact:2:204545,accessionNumber,1943.50.577
entity:artifact:2:204546,accessionNumber,1943.50.578
entity:artifact:2:204547,accessionNumber,1943.50.626
entity:artifact:2:204548,accessionNumber,1943.50.637
entity:artifact:2:204549,accessionNumber,1943.50.638
entity:artifact:2:204550,accessionNumber,1943.50.647.A-B
entity:artifact:2:204551,accessionNumber,1943.50.554
entity:artifact:2:204552,accessionNumber,1943.50.557
entity:artifact:2:204553,accessionNumber,1943.50.558
entity:artifact:2:204554,accessionNumber,1943.50.565
entity:artifact:2:204555,accessionNumber,1943.50.566
entity:artifact:2:204557,accessionNumber,1943.51.13
entity:artifact:2:204558,accessionNumber,1943.51.14
entity:artifact:2:204559,accessionNumber,1943.51.3
entity:artifact:2:204560,accessionNumber,1943.51.7
entity:artifact:2:204561,accessionNumber,1943.51.8
entity:artifact:2:204562,accessionNumber,1943.51.9
entity:artifact:2:204563,accessionNumber,1943.51.12
entity:artifact:2:204564,accessionNumber,1943.51.22
entity:artifact:2:204565,accessionNumber,1943.52.10
entity:artifact:2:204566,accessionNumber,1943.52.20
entity:artifact:2:204567,accessionNumber,1943.52.23
entity:artifact:2:204568,accessionNumber,1943.50.583
entity:artifact:2:204569,accessionNumber,1943.50.588
entity:artifact:2:204570,accessionNumber,1943.50.591.B
entity:artifact:2:204571,accessionNumber,1943.50.529
entity:artifact:2:204572,accessionNumber,1943.50.475.B
entity:artifact:2:204573,accessionNumber,1943.50.530
entity:artifact:2:204574,accessionNumber,1943.50.536
entity:artifact:2:204575,accessionNumber,1943.50.538
entity:artifact:2:204576,accessionNumber,1943.50.544
entity:artifact:2:204577,accessionNumber,1943.50.552
entity:artifact:2:204578,accessionNumber,1943.50.505
entity:artifact:2:204579,accessionNumber,1943.50.513
entity:artifact:2:204580,accessionNumber,1943.50.628
entity:artifact:2:204581,accessionNumber,1943.50.629
entity:artifact:2:204582,accessionNumber,1943.50.641
entity:artifact:2:204583,accessionNumber,1943.50.563
entity:artifact:2:204584,accessionNumber,1943.50.567
entity:artifact:2:204585,accessionNumber,1943.50.569
entity:artifact:2:204586,accessionNumber,1943.50.575
entity:artifact:2:204587,accessionNumber,1943.51.1
entity:artifact:2:204588,accessionNumber,1943.51.2
entity:artifact:2:204589,accessionNumber,1943.51.4
entity:artifact:2:204590,accessionNumber,1943.51.5
entity:artifact:2:204591,accessionNumber,1943.51.10
entity:artifact:2:204592,accessionNumber,1943.51.15
entity:artifact:2:204593,accessionNumber,1943.51.16
entity:artifact:2:204594,accessionNumber,1943.51.18.B
entity:artifact:2:204595,accessionNumber,1943.51.19
entity:artifact:2:204596,accessionNumber,1943.52.2
entity:artifact:2:204597,accessionNumber,1943.52.9
entity:artifact:2:204598,accessionNumber,1943.52.19
entity:artifact:2:204599,accessionNumber,1943.50.579
entity:artifact:2:204600,accessionNumber,1943.50.580
entity:artifact:2:204602,accessionNumber,1943.50.586
entity:artifact:2:204603,accessionNumber,1943.50.587
entity:artifact:2:204604,accessionNumber,1943.50.589
entity:artifact:2:204605,accessionNumber,1943.50.635
entity:artifact:2:204606,accessionNumber,1943.50.636
entity:artifact:2:204607,accessionNumber,1943.50.639
entity:artifact:2:204608,accessionNumber,1943.50.555
entity:artifact:2:204609,accessionNumber,1943.50.560
entity:artifact:2:204610,accessionNumber,1943.50.570
entity:artifact:2:204611,accessionNumber,1943.50.576
entity:artifact:2:204612,accessionNumber,1943.50.649
entity:artifact:2:204613,accessionNumber,1943.51.6
entity:artifact:2:204614,accessionNumber,1943.51.11
entity:artifact:2:204615,accessionNumber,1943.51.20
entity:artifact:2:204616,accessionNumber,1943.51.17
entity:artifact:2:204617,accessionNumber,1943.51.21
entity:artifact:2:204618,accessionNumber,1943.52.8
entity:artifact:2:204619,accessionNumber,1943.52.18
entity:artifact:2:204620,accessionNumber,1943.52.22
entity:artifact:2:204621,accessionNumber,1943.52.26
entity:artifact:2:204622,accessionNumber,1943.52.27
entity:artifact:2:204623,accessionNumber,1943.52.27.A
entity:artifact:2:204624,accessionNumber,1943.52.27.B
entity:artifact:2:204625,accessionNumber,1943.50.597.A-B
entity:artifact:2:204626,accessionNumber,1943.52.38.A
entity:artifact:2:204627,accessionNumber,1943.52.39.A
entity:artifact:2:204628,accessionNumber,1943.50.593
entity:artifact:2:204630,accessionNumber,1943.50.600
entity:artifact:2:204631,accessionNumber,1943.50.601.B
entity:artifact:2:204632,accessionNumber,1943.50.602.A-C
entity:artifact:2:204633,accessionNumber,1943.52.33.A
entity:artifact:2:204634,accessionNumber,1943.52.33.B
entity:artifact:2:204635,accessionNumber,1943.52.36.A
entity:artifact:2:204636,accessionNumber,1943.52.37.B
entity:artifact:2:204637,accessionNumber,1943.52.43.A
entity:artifact:2:204638,accessionNumber,1943.52.43.C
entity:artifact:2:204639,accessionNumber,1943.52.46
entity:artifact:2:204640,accessionNumber,1943.52.48
entity:artifact:2:204641,accessionNumber,1943.52.11
entity:artifact:2:204642,accessionNumber,1943.52.27.C
entity:artifact:2:204643,accessionNumber,1943.50.582
entity:artifact:2:204644,accessionNumber,1943.50.584
entity:artifact:2:204645,accessionNumber,1943.50.596
entity:artifact:2:204646,accessionNumber,1943.52.27.D
entity:artifact:2:204647,accessionNumber,1943.52.36.B
entity:artifact:2:204648,accessionNumber,1943.52.37.A
entity:artifact:2:204649,accessionNumber,1943.52.39.B
entity:artifact:2:204650,accessionNumber,1943.52.43.B
entity:artifact:2:204651,accessionNumber,1943.52.45
entity:artifact:2:204652,accessionNumber,1943.52.65
entity:artifact:2:204653,accessionNumber,1943.50.603.A-C
entity:artifact:2:204654,accessionNumber,1943.52.44
entity:artifact:2:204655,accessionNumber,1943.52.50
entity:artifact:2:204656,accessionNumber,1943.52.54
entity:artifact:2:204657,accessionNumber,1943.52.56
entity:artifact:2:204658,accessionNumber,1943.52.57
entity:artifact:2:204659,accessionNumber,1943.52.58.A
entity:artifact:2:204660,accessionNumber,1943.52.58.B
entity:artifact:2:204661,accessionNumber,1943.52.59
entity:artifact:2:204662,accessionNumber,1943.52.67
entity:artifact:2:204663,accessionNumber,1943.50.608
entity:artifact:2:204664,accessionNumber,1943.50.611
entity:artifact:2:204665,accessionNumber,1943.50.612
entity:artifact:2:204666,accessionNumber,1943.50.646.B
entity:artifact:2:204668,accessionNumber,1943.52.4.A-B
entity:artifact:2:204669,accessionNumber,1943.52.13
entity:artifact:2:204670,accessionNumber,1943.52.17
entity:artifact:2:204671,accessionNumber,1943.52.21
entity:artifact:2:204673,accessionNumber,1943.52.31.A
entity:artifact:2:204674,accessionNumber,1943.52.31.B
entity:artifact:2:204675,accessionNumber,1943.52.47
entity:artifact:2:204676,accessionNumber,1943.52.68
entity:artifact:2:204677,accessionNumber,1943.52.85.C
entity:artifact:2:204678,accessionNumber,1943.52.86
entity:artifact:2:204679,accessionNumber,1943.52.87.A
entity:artifact:2:204680,accessionNumber,1943.52.87.B
entity:artifact:2:204681,accessionNumber,1943.50.264
entity:artifact:2:204682,accessionNumber,1943.50.267
entity:artifact:2:204683,accessionNumber,1943.50.440
entity:artifact:2:204684,accessionNumber,1943.50.442.A
entity:artifact:2:204685,accessionNumber,1943.50.444.B
entity:artifact:2:204686,accessionNumber,1943.50.445.A
entity:artifact:2:204687,accessionNumber,1943.50.446.B
entity:artifact:2:204688,accessionNumber,1940.196
entity:artifact:2:204689,accessionNumber,1940.200
entity:artifact:2:204690,accessionNumber,1940.207
entity:artifact:2:204691,accessionNumber,1940.208
entity:artifact:2:204692,accessionNumber,1940.211
entity:artifact:2:204693,accessionNumber,1940.213
entity:artifact:2:204694,accessionNumber,1940.217.A-B
entity:artifact:2:204695,accessionNumber,1943.50.197
entity:artifact:2:204696,accessionNumber,1940.223
entity:artifact:2:204697,accessionNumber,1940.226
entity:artifact:2:204702,accessionNumber,1943.50.270
entity:artifact:2:204703,accessionNumber,1943.50.433
entity:artifact:2:204704,accessionNumber,1943.50.435
entity:artifact:2:204705,accessionNumber,1943.50.443.A
entity:artifact:2:204706,accessionNumber,1943.50.446.A
entity:artifact:2:204707,accessionNumber,1943.50.449.A
entity:artifact:2:204708,accessionNumber,1943.50.449.B
entity:artifact:2:204709,accessionNumber,1943.50.274
entity:artifact:2:204710,accessionNumber,1943.50.277
entity:artifact:2:204711,accessionNumber,1943.50.279
entity:artifact:2:204712,accessionNumber,1943.50.282
entity:artifact:2:204713,accessionNumber,1942.185.415
entity:artifact:2:204714,accessionNumber,1940.190
entity:artifact:2:204715,accessionNumber,1940.194
entity:artifact:2:204716,accessionNumber,1940.198
entity:artifact:2:204717,accessionNumber,1940.199
entity:artifact:2:204718,accessionNumber,1940.203
entity:artifact:2:204719,accessionNumber,1940.204
entity:artifact:2:204720,accessionNumber,1940.212
entity:artifact:2:204721,accessionNumber,1943.50.188
entity:artifact:2:204722,accessionNumber,1940.218
entity:artifact:2:204723,accessionNumber,1940.219.A-B
entity:artifact:2:204724,accessionNumber,1940.228.A-B
entity:artifact:2:204725,accessionNumber,1940.229
entity:artifact:2:204726,accessionNumber,1943.50.476
entity:artifact:2:204727,accessionNumber,1943.50.451
entity:artifact:2:204728,accessionNumber,1943.50.275
entity:artifact:2:204729,accessionNumber,1943.50.281
entity:artifact:2:204730,accessionNumber,1943.50.284
entity:artifact:2:204731,accessionNumber,1943.50.285
entity:artifact:2:204732,accessionNumber,1943.50.286
entity:artifact:2:204733,accessionNumber,1943.50.454
entity:artifact:2:204734,accessionNumber,1943.50.456
entity:artifact:2:204735,accessionNumber,1943.50.458
entity:artifact:2:204736,accessionNumber,1943.50.463
entity:artifact:2:204737,accessionNumber,1943.50.465
entity:artifact:2:204738,accessionNumber,1943.50.467.A
entity:artifact:2:204739,accessionNumber,1943.50.283
entity:artifact:2:204740,accessionNumber,1943.50.288
entity:artifact:2:204741,accessionNumber,1943.50.460
entity:artifact:2:204742,accessionNumber,1943.50.461
entity:artifact:2:204743,accessionNumber,1943.50.467.B
entity:artifact:2:204744,accessionNumber,1943.50.467.C
entity:artifact:2:204745,accessionNumber,1943.50.469.A
entity:artifact:2:204746,accessionNumber,1943.50.469.B
entity:artifact:2:204747,accessionNumber,1943.50.308
entity:artifact:2:204748,accessionNumber,1943.50.313
entity:artifact:2:204749,accessionNumber,1943.50.318
entity:artifact:2:204750,accessionNumber,1943.50.326
entity:artifact:2:204751,accessionNumber,1943.50.429
entity:artifact:2:204752,accessionNumber,1943.50.339.E
entity:artifact:2:204753,accessionNumber,1943.50.339.F
entity:artifact:2:204754,accessionNumber,1943.50.339.K
entity:artifact:2:204755,accessionNumber,1943.50.339.L
entity:artifact:2:204756,accessionNumber,1943.50.345.A
entity:artifact:2:204757,accessionNumber,1943.50.347
entity:artifact:2:204758,accessionNumber,1943.50.350
entity:artifact:2:204759,accessionNumber,1943.50.268
entity:artifact:2:204760,accessionNumber,1943.50.269
entity:artifact:2:204761,accessionNumber,1943.50.271
entity:artifact:2:204762,accessionNumber,1943.50.272
entity:artifact:2:204763,accessionNumber,1943.50.436
entity:artifact:2:204764,accessionNumber,1943.50.438
entity:artifact:2:204765,accessionNumber,1943.50.443.B
entity:artifact:2:204766,accessionNumber,1943.50.448
entity:artifact:2:204767,accessionNumber,1943.50.278
entity:artifact:2:204768,accessionNumber,1943.50.287
entity:artifact:2:204769,accessionNumber,1943.50.289
entity:artifact:2:204770,accessionNumber,1943.50.290
entity:artifact:2:204771,accessionNumber,1943.50.291
entity:artifact:2:204772,accessionNumber,1943.50.296
entity:artifact:2:204773,accessionNumber,1943.50.452
entity:artifact:2:204774,accessionNumber,1943.50.453
entity:artifact:2:204775,accessionNumber,1943.50.457
entity:artifact:2:204776,accessionNumber,1943.50.464
entity:artifact:2:204777,accessionNumber,1943.50.466
entity:artifact:2:204778,accessionNumber,1943.50.467.D
entity:artifact:2:204779,accessionNumber,1943.50.467.E
entity:artifact:2:204780,accessionNumber,1943.50.468
entity:artifact:2:204781,accessionNumber,1943.50.470
entity:artifact:2:204782,accessionNumber,1943.50.472
entity:artifact:2:204783,accessionNumber,1943.50.299
entity:artifact:2:204784,accessionNumber,1943.50.300
entity:artifact:2:204785,accessionNumber,1943.50.294
entity:artifact:2:204786,accessionNumber,1943.50.295
entity:artifact:2:204787,accessionNumber,1943.50.297
entity:artifact:2:204788,accessionNumber,1943.50.455
entity:artifact:2:204789,accessionNumber,1943.50.471
entity:artifact:2:204790,accessionNumber,1943.50.303
entity:artifact:2:204791,accessionNumber,1943.50.304
entity:artifact:2:204792,accessionNumber,1943.50.309
entity:artifact:2:204793,accessionNumber,1943.50.310
entity:artifact:2:204794,accessionNumber,1943.50.317
entity:artifact:2:204795,accessionNumber,1943.50.320
entity:artifact:2:204796,accessionNumber,1943.50.330
entity:artifact:2:204797,accessionNumber,1943.50.327
entity:artifact:2:204798,accessionNumber,1943.50.520
entity:artifact:2:204799,accessionNumber,1943.50.523
entity:artifact:2:204800,accessionNumber,1943.50.528
entity:artifact:2:204801,accessionNumber,1943.50.473
entity:artifact:2:204802,accessionNumber,1943.50.477.A
entity:artifact:2:204803,accessionNumber,1943.50.477.B
entity:artifact:2:204804,accessionNumber,1943.50.479
entity:artifact:2:204805,accessionNumber,1943.50.481
entity:artifact:2:204806,accessionNumber,1943.50.483
entity:artifact:2:204807,accessionNumber,1943.50.485
entity:artifact:2:204808,accessionNumber,1943.50.316
entity:artifact:2:204809,accessionNumber,1943.50.319
entity:artifact:2:204810,accessionNumber,1943.50.321
entity:artifact:2:204811,accessionNumber,1943.50.322
entity:artifact:2:204812,accessionNumber,1943.50.324
entity:artifact:2:204813,accessionNumber,1943.50.325
entity:artifact:2:204814,accessionNumber,1943.50.328
entity:artifact:2:204815,accessionNumber,1943.50.329
entity:artifact:2:204816,accessionNumber,1943.50.331
entity:artifact:2:204817,accessionNumber,1943.50.336.B
entity:artifact:2:204818,accessionNumber,1943.50.518
entity:artifact:2:204819,accessionNumber,1943.50.521
entity:artifact:2:204820,accessionNumber,1943.50.489
entity:artifact:2:204821,accessionNumber,1943.50.490
entity:artifact:2:204822,accessionNumber,1943.50.495
entity:artifact:2:204823,accessionNumber,1943.50.531
entity:artifact:2:204824,accessionNumber,1943.50.532
entity:artifact:2:204825,accessionNumber,1943.50.534
entity:artifact:2:204826,accessionNumber,1943.50.535
entity:artifact:2:204827,accessionNumber,1943.50.537
entity:artifact:2:204828,accessionNumber,1943.50.542
entity:artifact:2:204829,accessionNumber,1943.50.545
entity:artifact:2:204830,accessionNumber,1943.50.547
entity:artifact:2:204831,accessionNumber,1943.50.548.A
entity:artifact:2:204832,accessionNumber,1943.50.548.B
entity:artifact:2:204833,accessionNumber,1943.50.550
entity:artifact:2:204834,accessionNumber,1943.50.553
entity:artifact:2:204835,accessionNumber,1943.50.499
entity:artifact:2:204836,accessionNumber,1943.50.501
entity:artifact:2:204837,accessionNumber,1943.50.509
entity:artifact:2:204838,accessionNumber,1943.50.514
entity:artifact:2:204839,accessionNumber,1943.50.618
entity:artifact:2:204840,accessionNumber,1943.50.621.A
entity:artifact:2:204841,accessionNumber,1943.50.622
entity:artifact:2:204842,accessionNumber,1943.50.624
entity:artifact:2:204843,accessionNumber,1943.50.333
entity:artifact:2:204844,accessionNumber,1943.50.336.A
entity:artifact:2:204845,accessionNumber,1943.50.517
entity:artifact:2:204846,accessionNumber,1943.50.519
entity:artifact:2:204847,accessionNumber,1943.50.524
entity:artifact:2:204848,accessionNumber,1943.50.474
entity:artifact:2:204849,accessionNumber,1943.50.475.A
entity:artifact:2:204850,accessionNumber,1943.50.480
entity:artifact:2:204851,accessionNumber,1943.50.484
entity:artifact:2:204852,accessionNumber,1943.50.494
entity:artifact:2:204853,accessionNumber,1943.50.496
entity:artifact:2:204854,accessionNumber,1943.50.539
entity:artifact:2:204855,accessionNumber,1943.50.522
entity:artifact:2:204856,accessionNumber,1943.50.482
entity:artifact:2:204857,accessionNumber,1943.50.486
entity:artifact:2:204858,accessionNumber,1943.50.487
entity:artifact:2:204859,accessionNumber,1943.50.488
entity:artifact:2:204860,accessionNumber,1943.50.497
entity:artifact:2:204861,accessionNumber,1943.50.543
entity:artifact:2:204862,accessionNumber,1943.50.546
entity:artifact:2:204863,accessionNumber,1943.50.549
entity:artifact:2:204864,accessionNumber,1943.50.551
entity:artifact:2:204865,accessionNumber,1943.50.498
entity:artifact:2:204866,accessionNumber,1943.50.500
entity:artifact:2:204867,accessionNumber,1943.50.502
entity:artifact:2:204868,accessionNumber,1943.50.506
entity:artifact:2:204869,accessionNumber,1943.50.508
entity:artifact:2:204870,accessionNumber,1943.50.515
entity:artifact:2:204871,accessionNumber,1943.50.620
entity:artifact:2:204872,accessionNumber,1943.50.621.B
entity:artifact:2:204873,accessionNumber,1943.50.623
entity:artifact:2:204874,accessionNumber,1943.50.632
entity:artifact:2:204875,accessionNumber,1943.50.634.A
entity:artifact:2:204876,accessionNumber,1943.50.634.B
entity:artifact:2:204879,accessionNumber,1943.50.439
entity:artifact:2:204880,accessionNumber,1943.50.273
entity:artifact:2:204881,accessionNumber,1943.50.180.A
entity:artifact:2:204882,accessionNumber,1943.50.190
entity:artifact:2:204883,accessionNumber,1943.50.194
entity:artifact:2:204884,accessionNumber,1943.50.47
entity:artifact:2:204885,accessionNumber,1943.50.146
entity:artifact:2:204886,accessionNumber,1943.50.149
entity:artifact:2:204887,accessionNumber,1943.50.151
entity:artifact:2:204888,accessionNumber,1943.50.155.A
entity:artifact:2:204889,accessionNumber,1943.50.163
entity:artifact:2:204890,accessionNumber,1943.50.172
entity:artifact:2:204891,accessionNumber,1943.50.55
entity:artifact:2:204893,accessionNumber,1943.50.61
entity:artifact:2:204894,accessionNumber,1943.50.70
entity:artifact:2:204895,accessionNumber,1943.50.78
entity:artifact:2:204896,accessionNumber,1943.50.185
entity:artifact:2:204897,accessionNumber,1943.50.187
entity:artifact:2:204898,accessionNumber,1943.50.189
entity:artifact:2:204899,accessionNumber,1943.50.192
entity:artifact:2:204900,accessionNumber,1943.50.198
entity:artifact:2:204901,accessionNumber,1943.50.203
entity:artifact:2:204902,accessionNumber,1943.50.207
entity:artifact:2:204903,accessionNumber,1943.50.208
entity:artifact:2:204904,accessionNumber,1943.50.210
entity:artifact:2:204905,accessionNumber,1943.50.211
entity:artifact:2:204906,accessionNumber,1943.50.212
entity:artifact:2:204907,accessionNumber,1943.50.215
entity:artifact:2:204908,accessionNumber,1943.50.195
entity:artifact:2:204909,accessionNumber,1943.50.196
entity:artifact:2:204910,accessionNumber,1943.50.199
entity:artifact:2:204911,accessionNumber,1943.50.200
entity:artifact:2:204912,accessionNumber,1943.50.202
entity:artifact:2:204913,accessionNumber,1943.50.204
entity:artifact:2:204914,accessionNumber,1943.50.206
entity:artifact:2:204915,accessionNumber,1943.50.209
entity:artifact:2:204916,accessionNumber,1943.50.214
entity:artifact:2:204917,accessionNumber,1943.50.221
entity:artifact:2:204919,accessionNumber,1943.50.80
entity:artifact:2:204920,accessionNumber,1943.50.157.B
entity:artifact:2:204921,accessionNumber,1943.50.165
entity:artifact:2:204922,accessionNumber,1943.50.174
entity:artifact:2:204923,accessionNumber,1943.50.57
entity:artifact:2:204924,accessionNumber,1943.50.59
entity:artifact:2:204925,accessionNumber,1943.50.62
entity:artifact:2:204926,accessionNumber,1943.50.65
entity:artifact:2:204927,accessionNumber,1943.50.72
entity:artifact:2:204928,accessionNumber,1943.50.74
entity:artifact:2:204929,accessionNumber,1943.50.75
entity:artifact:2:204930,accessionNumber,1943.50.76
entity:artifact:2:204931,accessionNumber,1943.50.79
entity:artifact:2:204932,accessionNumber,1940.214
entity:artifact:2:204933,accessionNumber,1943.50.179
entity:artifact:2:204934,accessionNumber,1943.50.181.A
entity:artifact:2:204935,accessionNumber,1943.50.181.B
entity:artifact:2:204936,accessionNumber,1943.50.182
entity:artifact:2:204937,accessionNumber,1943.50.186
entity:artifact:2:204938,accessionNumber,1943.50.201
entity:artifact:2:204939,accessionNumber,1943.50.213
entity:artifact:2:204940,accessionNumber,1943.50.84
entity:artifact:2:204941,accessionNumber,1943.50.87
entity:artifact:2:204942,accessionNumber,1943.50.89
entity:artifact:2:204943,accessionNumber,1943.50.216
entity:artifact:2:204944,accessionNumber,1943.50.217
entity:artifact:2:204945,accessionNumber,1943.50.218
entity:artifact:2:204946,accessionNumber,1943.50.219
entity:artifact:2:204947,accessionNumber,1943.50.220
entity:artifact:2:204948,accessionNumber,1943.50.223
entity:artifact:2:204949,accessionNumber,1943.50.81
entity:artifact:2:204950,accessionNumber,1943.50.83
entity:artifact:2:204951,accessionNumber,1943.50.101
entity:artifact:2:204952,accessionNumber,1943.50.102
entity:artifact:2:204953,accessionNumber,1943.50.224
entity:artifact:2:204955,accessionNumber,1943.50.90
entity:artifact:2:204956,accessionNumber,1943.50.91
entity:artifact:2:204957,accessionNumber,1943.50.103
entity:artifact:2:204958,accessionNumber,1943.50.225
entity:artifact:2:204959,accessionNumber,1943.50.229
entity:artifact:2:204960,accessionNumber,1943.50.232
entity:artifact:2:204961,accessionNumber,1943.50.236
entity:artifact:2:204962,accessionNumber,1943.50.238
entity:artifact:2:204963,accessionNumber,1943.50.239
entity:artifact:2:204964,accessionNumber,1943.50.240
entity:artifact:2:204965,accessionNumber,1943.50.226
entity:artifact:2:204966,accessionNumber,1943.50.241
entity:artifact:2:204967,accessionNumber,1943.50.242
entity:artifact:2:204968,accessionNumber,1943.50.243
entity:artifact:2:204969,accessionNumber,1943.50.245
entity:artifact:2:204970,accessionNumber,1943.50.338.A
entity:artifact:2:204971,accessionNumber,1943.50.338.B
entity:artifact:2:204972,accessionNumber,1943.50.105
entity:artifact:2:204973,accessionNumber,1943.50.106
entity:artifact:2:204974,accessionNumber,1943.50.108
entity:artifact:2:204975,accessionNumber,1943.50.424
entity:artifact:2:204976,accessionNumber,1943.50.427
entity:artifact:2:204977,accessionNumber,1943.50.246
entity:artifact:2:204978,accessionNumber,1943.50.247
entity:artifact:2:204979,accessionNumber,1943.50.337
entity:artifact:2:204980,accessionNumber,1943.50.113
entity:artifact:2:204981,accessionNumber,1943.50.421
entity:artifact:2:204982,accessionNumber,1943.50.422
entity:artifact:2:204983,accessionNumber,1943.50.423
entity:artifact:2:204984,accessionNumber,1943.50.425
entity:artifact:2:204985,accessionNumber,1943.50.432
entity:artifact:2:204986,accessionNumber,1943.50.340
entity:artifact:2:204987,accessionNumber,1943.50.341
entity:artifact:2:204988,accessionNumber,1943.50.92
entity:artifact:2:204989,accessionNumber,1943.50.95
entity:artifact:2:204990,accessionNumber,1943.50.96
entity:artifact:2:204991,accessionNumber,1943.50.100
entity:artifact:2:204992,accessionNumber,1943.50.228
entity:artifact:2:204993,accessionNumber,1943.50.233
entity:artifact:2:204994,accessionNumber,1943.50.235
entity:artifact:2:204995,accessionNumber,1943.50.338.C
entity:artifact:2:204996,accessionNumber,1943.50.107
entity:artifact:2:204997,accessionNumber,1943.50.110
entity:artifact:2:204998,accessionNumber,1943.50.114
entity:artifact:2:204999,accessionNumber,1943.50.431
entity:artifact:2:205000,accessionNumber,1943.50.339.G
entity:artifact:2:205001,accessionNumber,1943.50.339.H
entity:artifact:2:205002,accessionNumber,1943.50.339.I
entity:artifact:2:205003,accessionNumber,1943.50.339.J
entity:artifact:2:205004,accessionNumber,1943.50.342
entity:artifact:2:205005,accessionNumber,1943.50.348
entity:artifact:2:205006,accessionNumber,1943.50.353
entity:artifact:2:205007,accessionNumber,1943.50.354
entity:artifact:2:205008,accessionNumber,1943.50.248
entity:artifact:2:205009,accessionNumber,1943.50.250
entity:artifact:2:205010,accessionNumber,1943.50.343
entity:artifact:2:205011,accessionNumber,1943.50.345.B
entity:artifact:2:205012,accessionNumber,1943.50.346
entity:artifact:2:205013,accessionNumber,1943.50.349
entity:artifact:2:205014,accessionNumber,1943.50.351
entity:artifact:2:205015,accessionNumber,1943.50.355
entity:artifact:2:205016,accessionNumber,1943.50.249
entity:artifact:2:205017,accessionNumber,1943.50.253
entity:artifact:2:205018,accessionNumber,1943.50.257
entity:artifact:2:205019,accessionNumber,1943.50.260
entity:artifact:2:205020,accessionNumber,1943.50.262
entity:artifact:2:205021,accessionNumber,1943.50.265
entity:artifact:2:205022,accessionNumber,1943.50.177
entity:artifact:2:205023,accessionNumber,1943.50.191
entity:artifact:2:205024,accessionNumber,1943.50.193
entity:artifact:2:205025,accessionNumber,1943.50.205
entity:artifact:2:205026,accessionNumber,1943.50.85
entity:artifact:2:205027,accessionNumber,1943.50.93
entity:artifact:2:205028,accessionNumber,1943.50.94
entity:artifact:2:205029,accessionNumber,1943.50.97
entity:artifact:2:205030,accessionNumber,1943.50.98
entity:artifact:2:205031,accessionNumber,1943.50.99
entity:artifact:2:205032,accessionNumber,1943.50.104
entity:artifact:2:205033,accessionNumber,1943.50.227
entity:artifact:2:205034,accessionNumber,1943.50.230
entity:artifact:2:205035,accessionNumber,1943.50.231
entity:artifact:2:205036,accessionNumber,1943.50.234
entity:artifact:2:205037,accessionNumber,1943.50.237
entity:artifact:2:205038,accessionNumber,1943.50.244
entity:artifact:2:205039,accessionNumber,1943.50.339.B
entity:artifact:2:205040,accessionNumber,1943.50.339.C
entity:artifact:2:205041,accessionNumber,1943.50.339.D
entity:artifact:2:205042,accessionNumber,1943.50.109
entity:artifact:2:205044,accessionNumber,1943.50.115
entity:artifact:2:205045,accessionNumber,1943.50.420
entity:artifact:2:205046,accessionNumber,1943.50.426.A
entity:artifact:2:205047,accessionNumber,1943.50.426.B
entity:artifact:2:205048,accessionNumber,1943.50.428
entity:artifact:2:205049,accessionNumber,1943.50.430
entity:artifact:2:205050,accessionNumber,1943.50.344
entity:artifact:2:205051,accessionNumber,1943.50.254
entity:artifact:2:205052,accessionNumber,1943.50.255
entity:artifact:2:205053,accessionNumber,1943.50.256
entity:artifact:2:205054,accessionNumber,1943.50.261
entity:artifact:2:205055,accessionNumber,1943.50.266
entity:artifact:2:205057,accessionNumber,1943.50.441
entity:artifact:2:205058,accessionNumber,1943.50.442.B
entity:artifact:2:205059,accessionNumber,1943.50.444.A
entity:artifact:2:205060,accessionNumber,1943.50.445.B
entity:artifact:2:205061,accessionNumber,1943.50.447
entity:artifact:2:205062,accessionNumber,1943.50.450
entity:artifact:2:205063,accessionNumber,1943.50.276
entity:artifact:2:205064,accessionNumber,1943.50.280
entity:artifact:2:205065,accessionNumber,1943.50.292
entity:artifact:2:205066,accessionNumber,1943.50.293
entity:artifact:2:205067,accessionNumber,1943.50.251
entity:artifact:2:205068,accessionNumber,1943.50.252
entity:artifact:2:205069,accessionNumber,1943.50.258
entity:artifact:2:205070,accessionNumber,1943.50.259
entity:artifact:2:205071,accessionNumber,1943.50.263
entity:artifact:2:205072,accessionNumber,1942.185.437
entity:artifact:2:205073,accessionNumber,1942.185.452
entity:artifact:2:205074,accessionNumber,1940.165.118
entity:artifact:2:205075,accessionNumber,1940.165.119
entity:artifact:2:205076,accessionNumber,1940.176
entity:artifact:2:205077,accessionNumber,1943.50.2
entity:artifact:2:205078,accessionNumber,1942.185.401
entity:artifact:2:205079,accessionNumber,1942.185.411
entity:artifact:2:205080,accessionNumber,1942.185.416
entity:artifact:2:205081,accessionNumber,1942.185.417
entity:artifact:2:205082,accessionNumber,1943.50.15
entity:artifact:2:205083,accessionNumber,1942.139
entity:artifact:2:205085,accessionNumber,1942.185.434
entity:artifact:2:205086,accessionNumber,1942.185.188.A-B
entity:artifact:2:205087,accessionNumber,1942.185.245.B
entity:artifact:2:205088,accessionNumber,1942.185.247.A-B
entity:artifact:2:205090,accessionNumber,1940.165.122
entity:artifact:2:205091,accessionNumber,1940.165.123
entity:artifact:2:205094,accessionNumber,1943.50.1
entity:artifact:2:205095,accessionNumber,1942.185.406
entity:artifact:2:205096,accessionNumber,1942.185.320
entity:artifact:2:205098,accessionNumber,1942.185.333
entity:artifact:2:205099,accessionNumber,1942.185.342
entity:artifact:2:205100,accessionNumber,1942.185.351
entity:artifact:2:205102,accessionNumber,1942.185.359
entity:artifact:2:205105,accessionNumber,1943.27.1
entity:artifact:2:205107,accessionNumber,1943.37.5
entity:artifact:2:205108,accessionNumber,1943.37.16
entity:artifact:2:205109,accessionNumber,1943.37.19
entity:artifact:2:205110,accessionNumber,1943.37.20
entity:artifact:2:205111,accessionNumber,1943.37.21
entity:artifact:2:205112,accessionNumber,1943.37.22
entity:artifact:2:205113,accessionNumber,1943.37.26
entity:artifact:2:205114,accessionNumber,1943.37.30
entity:artifact:2:205115,accessionNumber,1942.185.373.A-B
entity:artifact:2:205120,accessionNumber,1943.27.2
entity:artifact:2:205121,accessionNumber,1943.27.3
entity:artifact:2:205122,accessionNumber,1943.37.1
entity:artifact:2:205123,accessionNumber,1943.37.6
entity:artifact:2:205124,accessionNumber,1943.37.10
entity:artifact:2:205125,accessionNumber,1943.37.12
entity:artifact:2:205126,accessionNumber,1943.37.23
entity:artifact:2:205127,accessionNumber,1943.37.34
entity:artifact:2:205128,accessionNumber,1943.37.35
entity:artifact:2:205129,accessionNumber,1943.37.37
entity:artifact:2:205133,accessionNumber,1942.185.414
entity:artifact:2:205134,accessionNumber,1943.50.116
entity:artifact:2:205135,accessionNumber,1943.50.5
entity:artifact:2:205136,accessionNumber,1943.50.11
entity:artifact:2:205137,accessionNumber,1943.50.27
entity:artifact:2:205138,accessionNumber,1943.50.28
entity:artifact:2:205139,accessionNumber,1943.50.117
entity:artifact:2:205140,accessionNumber,1943.50.118
entity:artifact:2:205141,accessionNumber,1943.50.124
entity:artifact:2:205142,accessionNumber,1943.50.125
entity:artifact:2:205143,accessionNumber,1943.50.132
entity:artifact:2:205144,accessionNumber,1943.50.135
entity:artifact:2:205145,accessionNumber,1943.37.8
entity:artifact:2:205146,accessionNumber,1943.37.27
entity:artifact:2:205147,accessionNumber,1943.37.28
entity:artifact:2:205148,accessionNumber,1943.37.31
entity:artifact:2:205149,accessionNumber,1943.37.32
entity:artifact:2:205150,accessionNumber,1943.37.33
entity:artifact:2:205155,accessionNumber,1943.50.3
entity:artifact:2:205156,accessionNumber,1942.185.387
entity:artifact:2:205157,accessionNumber,1942.185.397
entity:artifact:2:205158,accessionNumber,1942.185.399
entity:artifact:2:205159,accessionNumber,1943.50.168
entity:artifact:2:205160,accessionNumber,1940.192
entity:artifact:2:205161,accessionNumber,1940.197
entity:artifact:2:205162,accessionNumber,1943.50.17
entity:artifact:2:205163,accessionNumber,1943.50.18
entity:artifact:2:205164,accessionNumber,1943.50.24
entity:artifact:2:205165,accessionNumber,1943.50.25
entity:artifact:2:205166,accessionNumber,1943.50.29
entity:artifact:2:205167,accessionNumber,1943.50.120
entity:artifact:2:205168,accessionNumber,1943.50.128
entity:artifact:2:205169,accessionNumber,1943.50.134
entity:artifact:2:205170,accessionNumber,1943.50.136
entity:artifact:2:205171,accessionNumber,1943.50.140
entity:artifact:2:205172,accessionNumber,1943.50.143
entity:artifact:2:205173,accessionNumber,1943.37.36
entity:artifact:2:205182,accessionNumber,1942.185.388
entity:artifact:2:205183,accessionNumber,1942.185.392
entity:artifact:2:205184,accessionNumber,1942.185.393
entity:artifact:2:205185,accessionNumber,1942.185.394
entity:artifact:2:205186,accessionNumber,1942.185.398
entity:artifact:2:205187,accessionNumber,1942.185.405
entity:artifact:2:205188,accessionNumber,1942.185.409
entity:artifact:2:205189,accessionNumber,1942.185.410
entity:artifact:2:205190,accessionNumber,1943.50.7
entity:artifact:2:205191,accessionNumber,1943.50.19
entity:artifact:2:205192,accessionNumber,1943.50.22
entity:artifact:2:205193,accessionNumber,1943.50.23
entity:artifact:2:205194,accessionNumber,1943.50.26
entity:artifact:2:205195,accessionNumber,1943.50.126
entity:artifact:2:205196,accessionNumber,1943.50.130
entity:artifact:2:205197,accessionNumber,1943.50.137
entity:artifact:2:205198,accessionNumber,1943.50.139
entity:artifact:2:205199,accessionNumber,1943.50.144
entity:artifact:2:205200,accessionNumber,1943.50.32
entity:artifact:2:205201,accessionNumber,1943.50.42
entity:artifact:2:205202,accessionNumber,1942.185.357
entity:artifact:2:205203,accessionNumber,1942.185.381
entity:artifact:2:205204,accessionNumber,1942.185.382
entity:artifact:2:205205,accessionNumber,1942.185.386
entity:artifact:2:205211,accessionNumber,1943.37.2
entity:artifact:2:205212,accessionNumber,1943.37.3
entity:artifact:2:205213,accessionNumber,1943.37.9
entity:artifact:2:205214,accessionNumber,1943.37.11
entity:artifact:2:205215,accessionNumber,1943.37.13
entity:artifact:2:205217,accessionNumber,1943.37.15
entity:artifact:2:205218,accessionNumber,1943.37.17
entity:artifact:2:205219,accessionNumber,1943.37.18
entity:artifact:2:205220,accessionNumber,1942.185.412
entity:artifact:2:205221,accessionNumber,1943.50.6
entity:artifact:2:205222,accessionNumber,1943.50.10
entity:artifact:2:205223,accessionNumber,1943.50.14
entity:artifact:2:205224,accessionNumber,1943.50.20
entity:artifact:2:205226,accessionNumber,1943.50.119
entity:artifact:2:205227,accessionNumber,1943.50.121
entity:artifact:2:205228,accessionNumber,1943.50.122
entity:artifact:2:205229,accessionNumber,1943.50.129
entity:artifact:2:205230,accessionNumber,1943.50.131
entity:artifact:2:205231,accessionNumber,1943.50.133
entity:artifact:2:205232,accessionNumber,1943.37.24
entity:artifact:2:205233,accessionNumber,1943.37.25
entity:artifact:2:205234,accessionNumber,1943.37.29
entity:artifact:2:205235,accessionNumber,1943.38
entity:artifact:2:205238,accessionNumber,1942.185.389
entity:artifact:2:205239,accessionNumber,1942.185.390
entity:artifact:2:205240,accessionNumber,1942.185.391
entity:artifact:2:205241,accessionNumber,1942.185.395
entity:artifact:2:205242,accessionNumber,1942.185.396
entity:artifact:2:205243,accessionNumber,1942.185.407
entity:artifact:2:205244,accessionNumber,1942.185.413
entity:artifact:2:205245,accessionNumber,1943.50.127
entity:artifact:2:205246,accessionNumber,1940.191.A-B
entity:artifact:2:205247,accessionNumber,1940.193
entity:artifact:2:205248,accessionNumber,1940.195
entity:artifact:2:205249,accessionNumber,1943.50.30
entity:artifact:2:205250,accessionNumber,1943.50.36
entity:artifact:2:205251,accessionNumber,1943.50.38
entity:artifact:2:205252,accessionNumber,1943.50.39
entity:artifact:2:205253,accessionNumber,1943.50.40
entity:artifact:2:205254,accessionNumber,1943.50.43
entity:artifact:2:205255,accessionNumber,1943.50.51
entity:artifact:2:205256,accessionNumber,1943.50.52
entity:artifact:2:205257,accessionNumber,1943.50.53
entity:artifact:2:205258,accessionNumber,1943.50.150
entity:artifact:2:205259,accessionNumber,1943.50.153
entity:artifact:2:205260,accessionNumber,1943.50.157.A
entity:artifact:2:205261,accessionNumber,1943.50.31
entity:artifact:2:205262,accessionNumber,1943.50.33
entity:artifact:2:205263,accessionNumber,1943.50.41
entity:artifact:2:205264,accessionNumber,1943.50.44
entity:artifact:2:205265,accessionNumber,1943.50.45
entity:artifact:2:205266,accessionNumber,1943.50.46
entity:artifact:2:205267,accessionNumber,1943.50.147
entity:artifact:2:205268,accessionNumber,1943.50.155.B
entity:artifact:2:205269,accessionNumber,1943.50.156
entity:artifact:2:205270,accessionNumber,1943.50.167
entity:artifact:2:205271,accessionNumber,1943.50.170
entity:artifact:2:205272,accessionNumber,1943.50.142
entity:artifact:2:205273,accessionNumber,1943.50.34
entity:artifact:2:205274,accessionNumber,1943.50.35
entity:artifact:2:205275,accessionNumber,1943.50.37
entity:artifact:2:205276,accessionNumber,1943.50.48
entity:artifact:2:205277,accessionNumber,1943.50.49
entity:artifact:2:205278,accessionNumber,1943.50.50
entity:artifact:2:205279,accessionNumber,1943.50.145
entity:artifact:2:205280,accessionNumber,1943.50.148
entity:artifact:2:205281,accessionNumber,1943.50.152
entity:artifact:2:205282,accessionNumber,1943.50.154
entity:artifact:2:205283,accessionNumber,1943.50.171
entity:artifact:2:205284,accessionNumber,1943.50.63
entity:artifact:2:205285,accessionNumber,1943.50.66
entity:artifact:2:205286,accessionNumber,1943.50.67
entity:artifact:2:205287,accessionNumber,1943.50.68
entity:artifact:2:205288,accessionNumber,1943.50.69
entity:artifact:2:205289,accessionNumber,1943.50.77
entity:artifact:2:205290,accessionNumber,1940.209
entity:artifact:2:205291,accessionNumber,1943.50.183.A
entity:artifact:2:205292,accessionNumber,1943.50.183.B
entity:artifact:2:205293,accessionNumber,1943.50.184
entity:artifact:2:205294,accessionNumber,1943.50.164
entity:artifact:2:205295,accessionNumber,1943.50.166
entity:artifact:2:205296,accessionNumber,1943.50.169
entity:artifact:2:205297,accessionNumber,1943.50.54
entity:artifact:2:205298,accessionNumber,1943.50.56
entity:artifact:2:205299,accessionNumber,1943.50.58
entity:artifact:2:205300,accessionNumber,1943.50.71
entity:artifact:2:205301,accessionNumber,1943.50.175
entity:artifact:2:205302,accessionNumber,1943.50.178
entity:artifact:2:205303,accessionNumber,1941.250.A-B
entity:artifact:2:205305,accessionNumber,1941.260
entity:artifact:2:205306,accessionNumber,1941.261
entity:artifact:2:205307,accessionNumber,1941.264
entity:artifact:2:205309,accessionNumber,1941.169
entity:artifact:2:205310,accessionNumber,1941.171
entity:artifact:2:205311,accessionNumber,1941.172
entity:artifact:2:205312,accessionNumber,1941.173
entity:artifact:2:205313,accessionNumber,1941.176
entity:artifact:2:205314,accessionNumber,1942.143.11
entity:artifact:2:205322,accessionNumber,1941.175
entity:artifact:2:205323,accessionNumber,1941.178
entity:artifact:2:205324,accessionNumber,1941.179
entity:artifact:2:205325,accessionNumber,1941.180
entity:artifact:2:205326,accessionNumber,1942.143.5
entity:artifact:2:205327,accessionNumber,1942.143.13
entity:artifact:2:205328,accessionNumber,1942.143.14
entity:artifact:2:205329,accessionNumber,1942.185.52
entity:artifact:2:205330,accessionNumber,1942.185.56.2
entity:artifact:2:205331,accessionNumber,1942.185.57
entity:artifact:2:205332,accessionNumber,1942.185.63
entity:artifact:2:205333,accessionNumber,1942.185.64
entity:artifact:2:205334,accessionNumber,1942.185.76
entity:artifact:2:205336,accessionNumber,1942.185.173.A
entity:artifact:2:205337,accessionNumber,1942.137
entity:artifact:2:205338,accessionNumber,1942.185.427
entity:artifact:2:205339,accessionNumber,1942.185.428
entity:artifact:2:205340,accessionNumber,1942.185.430
entity:artifact:2:205341,accessionNumber,1942.185.12
entity:artifact:2:205342,accessionNumber,1942.185.15
entity:artifact:2:205343,accessionNumber,1942.185.32.1
entity:artifact:2:205344,accessionNumber,1942.185.33
entity:artifact:2:205345,accessionNumber,1942.185.40
entity:artifact:2:205346,accessionNumber,1942.185.41
entity:artifact:2:205347,accessionNumber,1942.185.43
entity:artifact:2:205348,accessionNumber,1942.185.50
entity:artifact:2:205349,accessionNumber,1942.185.59.B
entity:artifact:2:205350,accessionNumber,1942.185.60.A
entity:artifact:2:205351,accessionNumber,1942.185.62
entity:artifact:2:205352,accessionNumber,1942.185.39
entity:artifact:2:205353,accessionNumber,1942.185.46
entity:artifact:2:205354,accessionNumber,1942.185.47
entity:artifact:2:205355,accessionNumber,1942.185.58
entity:artifact:2:205356,accessionNumber,1942.185.61
entity:artifact:2:205357,accessionNumber,1942.185.65
entity:artifact:2:205358,accessionNumber,1942.185.66
entity:artifact:2:205359,accessionNumber,1942.185.69
entity:artifact:2:205360,accessionNumber,1942.185.70
entity:artifact:2:205361,accessionNumber,1942.185.72
entity:artifact:2:205362,accessionNumber,1942.185.80
entity:artifact:2:205363,accessionNumber,1942.185.122
entity:artifact:2:205364,accessionNumber,1942.140
entity:artifact:2:205365,accessionNumber,1942.185.432
entity:artifact:2:205366,accessionNumber,1942.185.178
entity:artifact:2:205367,accessionNumber,1942.185.184
entity:artifact:2:205368,accessionNumber,1942.185.190
entity:artifact:2:205369,accessionNumber,1942.185.191.A-B
entity:artifact:2:205370,accessionNumber,1942.185.222.A-B
entity:artifact:2:205371,accessionNumber,1942.185.245.A
entity:artifact:2:205372,accessionNumber,1942.185.248.A-B
entity:artifact:2:205373,accessionNumber,1942.185.263
entity:artifact:2:205375,accessionNumber,1942.185.445
entity:artifact:2:205376,accessionNumber,1940.165.117
entity:artifact:2:205377,accessionNumber,1942.148
entity:artifact:2:205378,accessionNumber,1942.185.55
entity:artifact:2:205379,accessionNumber,1942.185.81.A-B
entity:artifact:2:205381,accessionNumber,1942.185.124.A
entity:artifact:2:205382,accessionNumber,1942.185.125.A
entity:artifact:2:205383,accessionNumber,1942.185.125.B
entity:artifact:2:205384,accessionNumber,1942.185.133.A-B
entity:artifact:2:205385,accessionNumber,1942.185.146.A-B
entity:artifact:2:205386,accessionNumber,1942.185.163
entity:artifact:2:205387,accessionNumber,1942.185.170.A-B
entity:artifact:2:205388,accessionNumber,1942.185.435
entity:artifact:2:205389,accessionNumber,1942.185.183.A
entity:artifact:2:205390,accessionNumber,1942.185.192.D
entity:artifact:2:205391,accessionNumber,1942.185.192.E
entity:artifact:2:205392,accessionNumber,1942.185.194
entity:artifact:2:205394,accessionNumber,1941.317
entity:artifact:2:205395,accessionNumber,1942.185.73
entity:artifact:2:205396,accessionNumber,1942.185.128.A-B
entity:artifact:2:205399,accessionNumber,1942.185.165
entity:artifact:2:205400,accessionNumber,1942.185.420
entity:artifact:2:205401,accessionNumber,1942.185.422
entity:artifact:2:205402,accessionNumber,1942.185.424
entity:artifact:2:205403,accessionNumber,1942.185.426
entity:artifact:2:205404,accessionNumber,1942.185.429
entity:artifact:2:205405,accessionNumber,1942.185.175
entity:artifact:2:205407,accessionNumber,1942.185.192.A
entity:artifact:2:205408,accessionNumber,1942.185.249
entity:artifact:2:205410,accessionNumber,1942.185.54
entity:artifact:2:205411,accessionNumber,1942.185.77
entity:artifact:2:205412,accessionNumber,1942.185.124.B
entity:artifact:2:205413,accessionNumber,1942.185.147.A
entity:artifact:2:205414,accessionNumber,1942.185.147.B
entity:artifact:2:205415,accessionNumber,1942.185.155.A-B
entity:artifact:2:205417,accessionNumber,1942.185.157.A-B
entity:artifact:2:205418,accessionNumber,1942.185.169.A-B
entity:artifact:2:205419,accessionNumber,1942.185.418
entity:artifact:2:205420,accessionNumber,1942.185.419
entity:artifact:2:205421,accessionNumber,1942.185.433
entity:artifact:2:205422,accessionNumber,1942.185.185.A-B
entity:artifact:2:205423,accessionNumber,1942.185.198
entity:artifact:2:205424,accessionNumber,1942.185.260
entity:artifact:2:205426,accessionNumber,1942.143.18
entity:artifact:2:205427,accessionNumber,1942.143.22
entity:artifact:2:205428,accessionNumber,1942.143.23
entity:artifact:2:205430,accessionNumber,1942.185.97.A-B
entity:artifact:2:205431,accessionNumber,1942.185.123.A-B
entity:artifact:2:205435,accessionNumber,1942.185.183.C
entity:artifact:2:205437,accessionNumber,1942.185.267.A-B
entity:artifact:2:205438,accessionNumber,1942.185.271
entity:artifact:2:205439,accessionNumber,1942.185.442
entity:artifact:2:205440,accessionNumber,1942.185.446
entity:artifact:2:205441,accessionNumber,1942.185.447
entity:artifact:2:205442,accessionNumber,1942.185.206
entity:artifact:2:205443,accessionNumber,1942.185.207
entity:artifact:2:205444,accessionNumber,1942.185.210.A-B
entity:artifact:2:205445,accessionNumber,1942.185.216.A-B
entity:artifact:2:205447,accessionNumber,1942.185.273
entity:artifact:2:205448,accessionNumber,1942.185.441
entity:artifact:2:205449,accessionNumber,1942.185.444
entity:artifact:2:205450,accessionNumber,1942.185.451.A-B
entity:artifact:2:205457,accessionNumber,1940.169
entity:artifact:2:205458,accessionNumber,1940.187.A-B
entity:artifact:2:205459,accessionNumber,1940.188
entity:artifact:2:205460,accessionNumber,1942.185.280
entity:artifact:2:205461,accessionNumber,1942.185.291.A-B
entity:artifact:2:205464,accessionNumber,1942.185.326
entity:artifact:2:205465,accessionNumber,1942.185.332.B
entity:artifact:2:205467,accessionNumber,1942.185.370
entity:artifact:2:205468,accessionNumber,1942.185.376
entity:artifact:2:205469,accessionNumber,1942.185.385
entity:artifact:2:205472,accessionNumber,1943.16
entity:artifact:2:205473,accessionNumber,1943.37.4
entity:artifact:2:205474,accessionNumber,1943.37.7
entity:artifact:2:205475,accessionNumber,1942.185.448
entity:artifact:2:205476,accessionNumber,1942.185.449.A
entity:artifact:2:205484,accessionNumber,1940.181.A-B
entity:artifact:2:205485,accessionNumber,1940.184
entity:artifact:2:205486,accessionNumber,1942.185.289.B
entity:artifact:2:205488,accessionNumber,1942.185.321
entity:artifact:2:205489,accessionNumber,1942.185.327.A-B
entity:artifact:2:205490,accessionNumber,1942.185.354
entity:artifact:2:205492,accessionNumber,1942.237
entity:artifact:2:205496,accessionNumber,1940.170
entity:artifact:2:205497,accessionNumber,1940.171
entity:artifact:2:205498,accessionNumber,1940.174
entity:artifact:2:205499,accessionNumber,1940.175
entity:artifact:2:205500,accessionNumber,1940.177
entity:artifact:2:205501,accessionNumber,1940.178
entity:artifact:2:205502,accessionNumber,1940.180
entity:artifact:2:205503,accessionNumber,1940.182.A-B
entity:artifact:2:205504,accessionNumber,1940.183
entity:artifact:2:205505,accessionNumber,1940.186
entity:artifact:2:205506,accessionNumber,1942.185.290.A-B
entity:artifact:2:205507,accessionNumber,1942.185.438
entity:artifact:2:205508,accessionNumber,1942.185.439
entity:artifact:2:205509,accessionNumber,1942.185.443
entity:artifact:2:205513,accessionNumber,1940.172
entity:artifact:2:205515,accessionNumber,1940.179
entity:artifact:2:205516,accessionNumber,1940.185
entity:artifact:2:205517,accessionNumber,1940.189
entity:artifact:2:205518,accessionNumber,1942.185.289.A
entity:artifact:2:205520,accessionNumber,1942.185.332.A
entity:artifact:2:205521,accessionNumber,1942.185.344.A-C
entity:artifact:2:205522,accessionNumber,1942.185.347
entity:artifact:2:205523,accessionNumber,1942.185.71
entity:artifact:2:205524,accessionNumber,1942.136
entity:artifact:2:205525,accessionNumber,1942.138
entity:artifact:2:205526,accessionNumber,1942.185.421
entity:artifact:2:205527,accessionNumber,1942.185.423
entity:artifact:2:205528,accessionNumber,1942.185.436
entity:artifact:2:205529,accessionNumber,1942.185.173.B
entity:artifact:2:205531,accessionNumber,1943.50.4
entity:artifact:2:205532,accessionNumber,1942.185.403
entity:artifact:2:205533,accessionNumber,1942.185.404
entity:artifact:2:205534,accessionNumber,1942.185.408
entity:artifact:2:205535,accessionNumber,1940.165.120
entity:artifact:2:205536,accessionNumber,1940.165.121
entity:artifact:2:205537,accessionNumber,1942.185.343.A-B
entity:artifact:2:205538,accessionNumber,1942.185.371
entity:artifact:2:205539,accessionNumber,1942.185.383
entity:artifact:2:205540,accessionNumber,1942.185.384
entity:artifact:2:205541,accessionNumber,1942.185.400
entity:artifact:2:205544,accessionNumber,1943.50.12
entity:artifact:2:205545,accessionNumber,1943.50.13
entity:artifact:2:205546,accessionNumber,1943.50.16
entity:artifact:2:205547,accessionNumber,1942.185.431
entity:artifact:2:205548,accessionNumber,1941.148
entity:artifact:2:205549,accessionNumber,1941.151
entity:artifact:2:205550,accessionNumber,1941.159
entity:artifact:2:205551,accessionNumber,1941.244
entity:artifact:2:205552,accessionNumber,1941.251.A
entity:artifact:2:205553,accessionNumber,1941.252.A
entity:artifact:2:205554,accessionNumber,1941.252.B
entity:artifact:2:205558,accessionNumber,1941.216
entity:artifact:2:205559,accessionNumber,1941.221
entity:artifact:2:205560,accessionNumber,1941.222
entity:artifact:2:205561,accessionNumber,1941.226
entity:artifact:2:205562,accessionNumber,1941.228
entity:artifact:2:205563,accessionNumber,1941.229
entity:artifact:2:205564,accessionNumber,1941.231
entity:artifact:2:205565,accessionNumber,1941.232
entity:artifact:2:205566,accessionNumber,1941.234
entity:artifact:2:205567,accessionNumber,1941.235
entity:artifact:2:205568,accessionNumber,1941.238
entity:artifact:2:205569,accessionNumber,1941.241
entity:artifact:2:205571,accessionNumber,1941.113
entity:artifact:2:205572,accessionNumber,1941.119.A-B
entity:artifact:2:205573,accessionNumber,1941.136
entity:artifact:2:205574,accessionNumber,1941.150
entity:artifact:2:205575,accessionNumber,1941.153
entity:artifact:2:205576,accessionNumber,1941.155
entity:artifact:2:205577,accessionNumber,1940.288
entity:artifact:2:205579,accessionNumber,1941.201
entity:artifact:2:205580,accessionNumber,1941.207
entity:artifact:2:205581,accessionNumber,1941.209
entity:artifact:2:205582,accessionNumber,1941.223
entity:artifact:2:205583,accessionNumber,1941.224
entity:artifact:2:205584,accessionNumber,1941.230
entity:artifact:2:205585,accessionNumber,1941.233
entity:artifact:2:205586,accessionNumber,1941.239
entity:artifact:2:205587,accessionNumber,1941.242
entity:artifact:2:205589,accessionNumber,1941.120.C
entity:artifact:2:205590,accessionNumber,1941.138
entity:artifact:2:205591,accessionNumber,1941.141
entity:artifact:2:205592,accessionNumber,1941.143
entity:artifact:2:205594,accessionNumber,1941.145
entity:artifact:2:205595,accessionNumber,1941.193
entity:artifact:2:205596,accessionNumber,1940.278
entity:artifact:2:205597,accessionNumber,1940.281
entity:artifact:2:205598,accessionNumber,1940.282
entity:artifact:2:205599,accessionNumber,1940.293.A-C
entity:artifact:2:205603,accessionNumber,1941.198
entity:artifact:2:205604,accessionNumber,1941.202
entity:artifact:2:205605,accessionNumber,1941.206
entity:artifact:2:205606,accessionNumber,1941.213
entity:artifact:2:205607,accessionNumber,1941.217
entity:artifact:2:205609,accessionNumber,1941.220
entity:artifact:2:205610,accessionNumber,1941.225
entity:artifact:2:205611,accessionNumber,1941.237
entity:artifact:2:205612,accessionNumber,1940.165.10
entity:artifact:2:205613,accessionNumber,1940.165.11
entity:artifact:2:205614,accessionNumber,1940.165.16
entity:artifact:2:205615,accessionNumber,1940.165.17
entity:artifact:2:205616,accessionNumber,1940.165.100
entity:artifact:2:205617,accessionNumber,1940.165.101
entity:artifact:2:205618,accessionNumber,1940.165.112
entity:artifact:2:205619,accessionNumber,1940.165.113
entity:artifact:2:205620,accessionNumber,1940.165.114
entity:artifact:2:205621,accessionNumber,1940.165.116
entity:artifact:2:205622,accessionNumber,1942.185.3
entity:artifact:2:205624,accessionNumber,1941.59
entity:artifact:2:205625,accessionNumber,1941.115.A-B
entity:artifact:2:205626,accessionNumber,1941.137
entity:artifact:2:205627,accessionNumber,1941.149
entity:artifact:2:205628,accessionNumber,1941.157
entity:artifact:2:205629,accessionNumber,1941.160
entity:artifact:2:205630,accessionNumber,1941.163
entity:artifact:2:205631,accessionNumber,1941.164
entity:artifact:2:205632,accessionNumber,1941.246
entity:artifact:2:205633,accessionNumber,1941.248
entity:artifact:2:205634,accessionNumber,1941.249
entity:artifact:2:205635,accessionNumber,1941.251.B
entity:artifact:2:205640,accessionNumber,1941.262
entity:artifact:2:205641,accessionNumber,1940.165.13
entity:artifact:2:205642,accessionNumber,1940.165.15
entity:artifact:2:205643,accessionNumber,1940.165.18
entity:artifact:2:205644,accessionNumber,1940.165.20
entity:artifact:2:205645,accessionNumber,1940.165.21
entity:artifact:2:205646,accessionNumber,1940.165.94
entity:artifact:2:205647,accessionNumber,1940.165.95
entity:artifact:2:205648,accessionNumber,1942.171
entity:artifact:2:205649,accessionNumber,1942.185.2
entity:artifact:2:205650,accessionNumber,1942.185.6
entity:artifact:2:205651,accessionNumber,1942.185.8
entity:artifact:2:205652,accessionNumber,1940.165.107
entity:artifact:2:205653,accessionNumber,1940.165.108
entity:artifact:2:205654,accessionNumber,1940.165.109
entity:artifact:2:205655,accessionNumber,1940.165.110
entity:artifact:2:205656,accessionNumber,1940.165.111
entity:artifact:2:205657,accessionNumber,1941.114
entity:artifact:2:205658,accessionNumber,1942.185.4
entity:artifact:2:205659,accessionNumber,1942.185.7
entity:artifact:2:205660,accessionNumber,1942.185.13
entity:artifact:2:205661,accessionNumber,1942.185.16
entity:artifact:2:205662,accessionNumber,1942.185.19
entity:artifact:2:205663,accessionNumber,1940.165.97
entity:artifact:2:205664,accessionNumber,1940.165.98
entity:artifact:2:205665,accessionNumber,1940.165.99
entity:artifact:2:205666,accessionNumber,1940.165.115
entity:artifact:2:205667,accessionNumber,1941.123
entity:artifact:2:205668,accessionNumber,1942.185.1
entity:artifact:2:205669,accessionNumber,1942.185.5
entity:artifact:2:205670,accessionNumber,1942.185.9
entity:artifact:2:205671,accessionNumber,1942.185.10
entity:artifact:2:205672,accessionNumber,1942.185.17
entity:artifact:2:205673,accessionNumber,1942.185.26
entity:artifact:2:205686,accessionNumber,1942.185.11
entity:artifact:2:205687,accessionNumber,1942.185.14
entity:artifact:2:205688,accessionNumber,1942.185.18
entity:artifact:2:205689,accessionNumber,1942.185.20
entity:artifact:2:205690,accessionNumber,1942.185.21
entity:artifact:2:205691,accessionNumber,1942.185.22
entity:artifact:2:205692,accessionNumber,1942.185.23
entity:artifact:2:205693,accessionNumber,1942.185.27
entity:artifact:2:205694,accessionNumber,1942.185.34
entity:artifact:2:205695,accessionNumber,1942.185.36
entity:artifact:2:205696,accessionNumber,1942.185.38
entity:artifact:2:205710,accessionNumber,1942.185.24
entity:artifact:2:205711,accessionNumber,1942.185.25
entity:artifact:2:205712,accessionNumber,1942.185.30
entity:artifact:2:205713,accessionNumber,1942.185.31.1
entity:artifact:2:205714,accessionNumber,1942.185.31.2
entity:artifact:2:205715,accessionNumber,1942.185.32.2
entity:artifact:2:205716,accessionNumber,1942.185.42
entity:artifact:2:205717,accessionNumber,1942.185.44
entity:artifact:2:205718,accessionNumber,1942.185.45
entity:artifact:2:205719,accessionNumber,1942.185.48
entity:artifact:2:205720,accessionNumber,1942.185.49
entity:artifact:2:205733,accessionNumber,1941.156
entity:artifact:2:205734,accessionNumber,1941.158
entity:artifact:2:205735,accessionNumber,1941.161
entity:artifact:2:205736,accessionNumber,1941.245
entity:artifact:2:205740,accessionNumber,1941.263
entity:artifact:2:205741,accessionNumber,1941.166
entity:artifact:2:205742,accessionNumber,1941.174
entity:artifact:2:205743,accessionNumber,1941.177
entity:artifact:2:205745,accessionNumber,1942.143.1
entity:artifact:2:205746,accessionNumber,1942.143.2
entity:artifact:2:205747,accessionNumber,1942.143.15
entity:artifact:2:205748,accessionNumber,1942.143.16
entity:artifact:2:205749,accessionNumber,1942.143.17
entity:artifact:2:205750,accessionNumber,1942.143.21
entity:artifact:2:205752,accessionNumber,1941.165
entity:artifact:2:205753,accessionNumber,1941.167
entity:artifact:2:205754,accessionNumber,1941.168
entity:artifact:2:205755,accessionNumber,1941.170
entity:artifact:2:205756,accessionNumber,1942.143.3
entity:artifact:2:205757,accessionNumber,1942.143.4
entity:artifact:2:205758,accessionNumber,1942.143.6
entity:artifact:2:205759,accessionNumber,1942.143.7
entity:artifact:2:205760,accessionNumber,1942.143.8
entity:artifact:2:205761,accessionNumber,1942.143.9
entity:artifact:2:205762,accessionNumber,1942.143.10
entity:artifact:2:205763,accessionNumber,1942.143.12
entity:artifact:2:205764,accessionNumber,1942.143.19
entity:artifact:2:205765,accessionNumber,1942.143.20
entity:artifact:2:205767,accessionNumber,1942.185.53
entity:artifact:2:205768,accessionNumber,1942.185.28
entity:artifact:2:205769,accessionNumber,1942.185.29
entity:artifact:2:205770,accessionNumber,1942.185.35
entity:artifact:2:205771,accessionNumber,1942.185.37
entity:artifact:2:205772,accessionNumber,1942.185.56.1
entity:artifact:2:205773,accessionNumber,1942.185.59.A
entity:artifact:2:205774,accessionNumber,1942.185.67
entity:artifact:2:205775,accessionNumber,1942.185.68
entity:artifact:2:205776,accessionNumber,1942.185.75
entity:artifact:2:205777,accessionNumber,1942.185.82.A-B
entity:artifact:2:205778,accessionNumber,1942.185.142.A-B
entity:artifact:2:205779,accessionNumber,1942.135
entity:artifact:2:205780,accessionNumber,1941.146
entity:artifact:2:205781,accessionNumber,1941.147
entity:artifact:2:205782,accessionNumber,1941.152
entity:artifact:2:205783,accessionNumber,1941.154
entity:artifact:2:205784,accessionNumber,1941.162
entity:artifact:2:205785,accessionNumber,1941.247
entity:artifact:2:205786,accessionNumber,1940.165.52
entity:artifact:2:205787,accessionNumber,1940.165.53
entity:artifact:2:205788,accessionNumber,1940.165.57
entity:artifact:2:205789,accessionNumber,1940.165.60
entity:artifact:2:205792,accessionNumber,1937.186
entity:artifact:2:205793,accessionNumber,1937.189
entity:artifact:2:205794,accessionNumber,1937.190.A-B
entity:artifact:2:205796,accessionNumber,1939.269.21
entity:artifact:2:205797,accessionNumber,1939.269.22
entity:artifact:2:205798,accessionNumber,1939.269.25
entity:artifact:2:205799,accessionNumber,1939.269.26
entity:artifact:2:205800,accessionNumber,1939.269.29
entity:artifact:2:205801,accessionNumber,1939.269.30
entity:artifact:2:205802,accessionNumber,1939.269.39
entity:artifact:2:205803,accessionNumber,1939.269.40
entity:artifact:2:205804,accessionNumber,1940.165.85
entity:artifact:2:205805,accessionNumber,1940.165.90
entity:artifact:2:205806,accessionNumber,1940.165.91
entity:artifact:2:205807,accessionNumber,1940.4
entity:artifact:2:205808,accessionNumber,1940.165.38
entity:artifact:2:205809,accessionNumber,1940.165.39
entity:artifact:2:205810,accessionNumber,1940.165.40
entity:artifact:2:205811,accessionNumber,1940.165.41
entity:artifact:2:205812,accessionNumber,1940.165.42
entity:artifact:2:205813,accessionNumber,1940.165.43
entity:artifact:2:205814,accessionNumber,1940.165.44
entity:artifact:2:205815,accessionNumber,1940.165.30
entity:artifact:2:205816,accessionNumber,1940.165.31
entity:artifact:2:205817,accessionNumber,1940.165.36
entity:artifact:2:205818,accessionNumber,1940.165.37
entity:artifact:2:205819,accessionNumber,1940.165.55
entity:artifact:2:205820,accessionNumber,1940.165.58
entity:artifact:2:205821,accessionNumber,1940.165.62
entity:artifact:2:205822,accessionNumber,1940.165.63
entity:artifact:2:205823,accessionNumber,1940.165.64
entity:artifact:2:205824,accessionNumber,1940.165.65
entity:artifact:2:205825,accessionNumber,1940.165.66
entity:artifact:2:205826,accessionNumber,1937.194.A-B
entity:artifact:2:205830,accessionNumber,1939.269.43
entity:artifact:2:205831,accessionNumber,1939.269.44
entity:artifact:2:205832,accessionNumber,1939.269.47
entity:artifact:2:205833,accessionNumber,1939.269.48
entity:artifact:2:205835,accessionNumber,1940.149
entity:artifact:2:205836,accessionNumber,1939.174
entity:artifact:2:205842,accessionNumber,1940.165.45
entity:artifact:2:205843,accessionNumber,1940.165.50
entity:artifact:2:205844,accessionNumber,1940.165.51
entity:artifact:2:205845,accessionNumber,1940.165.56
entity:artifact:2:205846,accessionNumber,1940.165.72
entity:artifact:2:205847,accessionNumber,1940.165.73
entity:artifact:2:205848,accessionNumber,1940.165.76
entity:artifact:2:205849,accessionNumber,1940.165.77
entity:artifact:2:205850,accessionNumber,1940.165.78
entity:artifact:2:205851,accessionNumber,1940.247.A-B
entity:artifact:2:205852,accessionNumber,1940.248
entity:artifact:2:205860,accessionNumber,1940.233.A-B
entity:artifact:2:205861,accessionNumber,1940.235
entity:artifact:2:205863,accessionNumber,1940.240
entity:artifact:2:205866,accessionNumber,1939.269.5
entity:artifact:2:205867,accessionNumber,1939.269.6
entity:artifact:2:205868,accessionNumber,1939.269.10
entity:artifact:2:205871,accessionNumber,1939.175
entity:artifact:2:205876,accessionNumber,1940.236
entity:artifact:2:205877,accessionNumber,1939.268
entity:artifact:2:205878,accessionNumber,1939.269.1
entity:artifact:2:205879,accessionNumber,1939.269.2
entity:artifact:2:205880,accessionNumber,1939.269.9
entity:artifact:2:205881,accessionNumber,1940.264
entity:artifact:2:205882,accessionNumber,1940.265
entity:artifact:2:205883,accessionNumber,1940.269
entity:artifact:2:205884,accessionNumber,1940.249
entity:artifact:2:205885,accessionNumber,1940.250
entity:artifact:2:205886,accessionNumber,1940.252
entity:artifact:2:205887,accessionNumber,1940.255
entity:artifact:2:205888,accessionNumber,1940.259
entity:artifact:2:205889,accessionNumber,1940.260
entity:artifact:2:205890,accessionNumber,1940.261
entity:artifact:2:205891,accessionNumber,1940.262
entity:artifact:2:205892,accessionNumber,1941.187
entity:artifact:2:205893,accessionNumber,1941.190
entity:artifact:2:205894,accessionNumber,1941.196
entity:artifact:2:205895,accessionNumber,1941.197
entity:artifact:2:205896,accessionNumber,1940.271
entity:artifact:2:205897,accessionNumber,1940.272
entity:artifact:2:205898,accessionNumber,1940.276.A-B
entity:artifact:2:205899,accessionNumber,1940.165.F
entity:artifact:2:205906,accessionNumber,1940.241
entity:artifact:2:205907,accessionNumber,1939.269.3
entity:artifact:2:205908,accessionNumber,1939.269.4
entity:artifact:2:205909,accessionNumber,1939.269.7
entity:artifact:2:205910,accessionNumber,1939.269.8
entity:artifact:2:205911,accessionNumber,1939.269.11
entity:artifact:2:205912,accessionNumber,1939.269.12
entity:artifact:2:205913,accessionNumber,1940.165.33
entity:artifact:2:205914,accessionNumber,1940.165.34
entity:artifact:2:205915,accessionNumber,1940.165.35
entity:artifact:2:205916,accessionNumber,1940.165.46
entity:artifact:2:205917,accessionNumber,1940.165.47
entity:artifact:2:205918,accessionNumber,1940.165.48
entity:artifact:2:205919,accessionNumber,1940.165.49
entity:artifact:2:205920,accessionNumber,1940.165.54
entity:artifact:2:205921,accessionNumber,1940.165.59
entity:artifact:2:205922,accessionNumber,1940.251
entity:artifact:2:205923,accessionNumber,1940.165.12
entity:artifact:2:205924,accessionNumber,1940.165.67
entity:artifact:2:205925,accessionNumber,1940.165.68
entity:artifact:2:205926,accessionNumber,1940.165.69
entity:artifact:2:205927,accessionNumber,1940.165.70
entity:artifact:2:205928,accessionNumber,1940.165.71
entity:artifact:2:205929,accessionNumber,1940.254
entity:artifact:2:205930,accessionNumber,1940.263
entity:artifact:2:205931,accessionNumber,1940.165.9
entity:artifact:2:205932,accessionNumber,1940.165.22
entity:artifact:2:205933,accessionNumber,1940.279
entity:artifact:2:205934,accessionNumber,1940.165.96
entity:artifact:2:205935,accessionNumber,1940.165.61
entity:artifact:2:205936,accessionNumber,1940.165.74
entity:artifact:2:205937,accessionNumber,1940.165.75
entity:artifact:2:205938,accessionNumber,1940.165.14
entity:artifact:2:205939,accessionNumber,1940.165.19
entity:artifact:2:205940,accessionNumber,1940.165.93
entity:artifact:2:205941,accessionNumber,1940.165.102
entity:artifact:2:205942,accessionNumber,1940.165.103
entity:artifact:2:205943,accessionNumber,1940.165.104
entity:artifact:2:205944,accessionNumber,1940.165.105
entity:artifact:2:205945,accessionNumber,1940.165.106
entity:artifact:2:205946,accessionNumber,1939.269.13
entity:artifact:2:205947,accessionNumber,1939.269.14
entity:artifact:2:205948,accessionNumber,1939.269.15
entity:artifact:2:205949,accessionNumber,1939.269.16
entity:artifact:2:205951,accessionNumber,1940.244
entity:artifact:2:205952,accessionNumber,1940.246
entity:artifact:2:205953,accessionNumber,1940.258
entity:artifact:2:205955,accessionNumber,1939.269.17
entity:artifact:2:205956,accessionNumber,1941.185
entity:artifact:2:205957,accessionNumber,1941.189
entity:artifact:2:205958,accessionNumber,1940.275
entity:artifact:2:205959,accessionNumber,1940.280.A-B
entity:artifact:2:205961,accessionNumber,1940.234
entity:artifact:2:205962,accessionNumber,1940.237
entity:artifact:2:205963,accessionNumber,1940.238
entity:artifact:2:205964,accessionNumber,1940.242
entity:artifact:2:205965,accessionNumber,1940.245
entity:artifact:2:205966,accessionNumber,1940.253
entity:artifact:2:205967,accessionNumber,1940.256
entity:artifact:2:205968,accessionNumber,1940.257
entity:artifact:2:205969,accessionNumber,1940.266.A-B
entity:artifact:2:205970,accessionNumber,1940.267
entity:artifact:2:205971,accessionNumber,1940.268
entity:artifact:2:205972,accessionNumber,1941.182
entity:artifact:2:205973,accessionNumber,1941.191
entity:artifact:2:205974,accessionNumber,1941.192
entity:artifact:2:205975,accessionNumber,1941.181
entity:artifact:2:205976,accessionNumber,1941.183
entity:artifact:2:205977,accessionNumber,1941.184
entity:artifact:2:205978,accessionNumber,1941.186
entity:artifact:2:205979,accessionNumber,1941.188
entity:artifact:2:205980,accessionNumber,1941.194
entity:artifact:2:205982,accessionNumber,1940.273
entity:artifact:2:205983,accessionNumber,1940.274
entity:artifact:2:205984,accessionNumber,1940.285
entity:artifact:2:205985,accessionNumber,1940.286
entity:artifact:2:205986,accessionNumber,1940.289
entity:artifact:2:205987,accessionNumber,1940.290
entity:artifact:2:205988,accessionNumber,1941.50.A-B
entity:artifact:2:205989,accessionNumber,1941.203
entity:artifact:2:205990,accessionNumber,1941.211
entity:artifact:2:205991,accessionNumber,1941.212
entity:artifact:2:205992,accessionNumber,1940.277
entity:artifact:2:205993,accessionNumber,1940.283.1
entity:artifact:2:205995,accessionNumber,1940.291
entity:artifact:2:205996,accessionNumber,1940.342
entity:artifact:2:205997,accessionNumber,1941.51.A-B
entity:artifact:2:205998,accessionNumber,1941.199
entity:artifact:2:205999,accessionNumber,1941.200
entity:artifact:2:206000,accessionNumber,1941.204
entity:artifact:2:206001,accessionNumber,1941.205
entity:artifact:2:206002,accessionNumber,1941.208
entity:artifact:2:206003,accessionNumber,1941.210
entity:artifact:2:206004,accessionNumber,1941.214
entity:artifact:2:206005,accessionNumber,1941.215
entity:artifact:2:206006,accessionNumber,1941.218
entity:artifact:2:206007,accessionNumber,1941.227
entity:artifact:2:206008,accessionNumber,1941.236
entity:artifact:2:206009,accessionNumber,1941.240
entity:artifact:2:206010,accessionNumber,1941.243
entity:artifact:2:206011,accessionNumber,1941.118.A-B
entity:artifact:2:206012,accessionNumber,1941.120.A-B
entity:artifact:2:206013,accessionNumber,1941.139
entity:artifact:2:206014,accessionNumber,1941.140
entity:artifact:2:206015,accessionNumber,1941.142
entity:artifact:2:206016,accessionNumber,1936.112
entity:artifact:2:206017,accessionNumber,1935.37.63
entity:artifact:2:206018,accessionNumber,1935.37.64
entity:artifact:2:206019,accessionNumber,1935.37.65
entity:artifact:2:206020,accessionNumber,1935.37.66
entity:artifact:2:206021,accessionNumber,1935.37.68
entity:artifact:2:206022,accessionNumber,1935.37.83
entity:artifact:2:206023,accessionNumber,1935.37.85
entity:artifact:2:206024,accessionNumber,1935.37.86
entity:artifact:2:206025,accessionNumber,1935.37.87
entity:artifact:2:206026,accessionNumber,1935.37.94
entity:artifact:2:206027,accessionNumber,1935.37.48
entity:artifact:2:206028,accessionNumber,1935.37.52
entity:artifact:2:206029,accessionNumber,1935.36.120
entity:artifact:2:206030,accessionNumber,1935.37.7
entity:artifact:2:206031,accessionNumber,1935.37.9
entity:artifact:2:206032,accessionNumber,1935.37.11
entity:artifact:2:206056,accessionNumber,1936.150.49
entity:artifact:2:206057,accessionNumber,1937.50
entity:artifact:2:206059,accessionNumber,1935.37.53
entity:artifact:2:206060,accessionNumber,1935.37.72
entity:artifact:2:206061,accessionNumber,1935.37.74
entity:artifact:2:206067,accessionNumber,1935.37.92
entity:artifact:2:206077,accessionNumber,1937.182
entity:artifact:2:206078,accessionNumber,1937.187
entity:artifact:2:206079,accessionNumber,1935.55
entity:artifact:2:206080,accessionNumber,1939.269.35
entity:artifact:2:206081,accessionNumber,1939.269.36
entity:artifact:2:206082,accessionNumber,1939.269.37
entity:artifact:2:206083,accessionNumber,1939.269.38
entity:artifact:2:206084,accessionNumber,1937.193
entity:artifact:2:206086,accessionNumber,1935.37.40
entity:artifact:2:206087,accessionNumber,1935.36.125
entity:artifact:2:206088,accessionNumber,1935.37.10
entity:artifact:2:206089,accessionNumber,1935.37.80
entity:artifact:2:206090,accessionNumber,1935.37.81
entity:artifact:2:206091,accessionNumber,1935.37.82
entity:artifact:2:206092,accessionNumber,1935.37.89
entity:artifact:2:206093,accessionNumber,1935.37.90
entity:artifact:2:206094,accessionNumber,1935.37.98
entity:artifact:2:206095,accessionNumber,1935.37.104
entity:artifact:2:206096,accessionNumber,1935.37.109
entity:artifact:2:206097,accessionNumber,1940.165.1
entity:artifact:2:206098,accessionNumber,1935.54
entity:artifact:2:206109,accessionNumber,1937.191
entity:artifact:2:206111,accessionNumber,1939.269.18
entity:artifact:2:206112,accessionNumber,1939.269.19
entity:artifact:2:206113,accessionNumber,1935.37.117
entity:artifact:2:206114,accessionNumber,1935.37.118
entity:artifact:2:206115,accessionNumber,1935.37.16
entity:artifact:2:206116,accessionNumber,1935.37.18
entity:artifact:2:206117,accessionNumber,1935.37.21
entity:artifact:2:206118,accessionNumber,1935.37.22
entity:artifact:2:206119,accessionNumber,1940.165.86
entity:artifact:2:206120,accessionNumber,1940.165.87
entity:artifact:2:206121,accessionNumber,1940.165.88
entity:artifact:2:206122,accessionNumber,1940.165.89
entity:artifact:2:206123,accessionNumber,1940.3
entity:artifact:2:206124,accessionNumber,1940.165.32
entity:artifact:2:206125,accessionNumber,1939.238
entity:artifact:2:206126,accessionNumber,1939.239
entity:artifact:2:206127,accessionNumber,1940.165.6
entity:artifact:2:206128,accessionNumber,1940.165.7
entity:artifact:2:206129,accessionNumber,1940.165.8
entity:artifact:2:206130,accessionNumber,1940.165.23
entity:artifact:2:206131,accessionNumber,1940.165.24
entity:artifact:2:206132,accessionNumber,1940.165.25
entity:artifact:2:206133,accessionNumber,1940.165.26
entity:artifact:2:206134,accessionNumber,1940.165.27
entity:artifact:2:206135,accessionNumber,1940.165.28
entity:artifact:2:206136,accessionNumber,1940.165.29
entity:artifact:2:206137,accessionNumber,1935.37.99
entity:artifact:2:206138,accessionNumber,1935.37.102
entity:artifact:2:206139,accessionNumber,1935.37.107
entity:artifact:2:206140,accessionNumber,1935.37.113
entity:artifact:2:206141,accessionNumber,1935.37.114
entity:artifact:2:206142,accessionNumber,1935.37.119
entity:artifact:2:206143,accessionNumber,1935.37.120
entity:artifact:2:206144,accessionNumber,1935.37.121
entity:artifact:2:206145,accessionNumber,1935.37.122
entity:artifact:2:206146,accessionNumber,1935.37.123
entity:artifact:2:206147,accessionNumber,1935.37.124
entity:artifact:2:206148,accessionNumber,1935.37.125
entity:artifact:2:206149,accessionNumber,1935.37.126
entity:artifact:2:206150,accessionNumber,1935.37.127
entity:artifact:2:206151,accessionNumber,1935.37.128
entity:artifact:2:206152,accessionNumber,1935.37.23
entity:artifact:2:206153,accessionNumber,1935.37.24
entity:artifact:2:206154,accessionNumber,1940.165.79
entity:artifact:2:206155,accessionNumber,1940.165.80
entity:artifact:2:206156,accessionNumber,1940.165.81
entity:artifact:2:206157,accessionNumber,1940.165.82
entity:artifact:2:206158,accessionNumber,1940.165.83
entity:artifact:2:206159,accessionNumber,1940.165.84
entity:artifact:2:206162,accessionNumber,1935.37.14
entity:artifact:2:206163,accessionNumber,1935.37.15
entity:artifact:2:206164,accessionNumber,1939.269.45
entity:artifact:2:206165,accessionNumber,1939.269.46
entity:artifact:2:206166,accessionNumber,1939.269.51
entity:artifact:2:206167,accessionNumber,1939.269.52
entity:artifact:2:206168,accessionNumber,1939.269.53
entity:artifact:2:206169,accessionNumber,1939.269.54
entity:artifact:2:206170,accessionNumber,1939.269.55
entity:artifact:2:206171,accessionNumber,1939.271
entity:artifact:2:206172,accessionNumber,1940.165.D
entity:artifact:2:206187,accessionNumber,1937.183
entity:artifact:2:206188,accessionNumber,1937.184
entity:artifact:2:206189,accessionNumber,1937.185
entity:artifact:2:206190,accessionNumber,1937.188.A-B
entity:artifact:2:206195,accessionNumber,1939.269.27
entity:artifact:2:206196,accessionNumber,1939.269.28
entity:artifact:2:206197,accessionNumber,1939.269.31
entity:artifact:2:206198,accessionNumber,1939.269.32
entity:artifact:2:206199,accessionNumber,1939.269.33
entity:artifact:2:206200,accessionNumber,1939.269.34
entity:artifact:2:206201,accessionNumber,1939.269.41
entity:artifact:2:206202,accessionNumber,1937.192
entity:artifact:2:206204,accessionNumber,1938.74
entity:artifact:2:206210,accessionNumber,1939.269.49
entity:artifact:2:206211,accessionNumber,1939.269.50
entity:artifact:2:206212,accessionNumber,1940.165.A
entity:artifact:2:206213,accessionNumber,1940.165.B
entity:artifact:2:206214,accessionNumber,1940.165.C
entity:artifact:2:206218,accessionNumber,1939.269.20
entity:artifact:2:206219,accessionNumber,1939.269.23
entity:artifact:2:206220,accessionNumber,1939.269.24
entity:artifact:2:206227,accessionNumber,1938.116.A
entity:artifact:2:206228,accessionNumber,1938.116.B
entity:artifact:2:206229,accessionNumber,1938.116.C
entity:artifact:2:206232,accessionNumber,1940.165.E
entity:artifact:2:206233,accessionNumber,1935.37.20
entity:artifact:2:206234,accessionNumber,1940.165.92
entity:artifact:2:206235,accessionNumber,1940.165.2
entity:artifact:2:206236,accessionNumber,1939.202
entity:artifact:2:206237,accessionNumber,1940.165.3
entity:artifact:2:206238,accessionNumber,1940.165.4
entity:artifact:2:206239,accessionNumber,1940.165.5
entity:artifact:2:206245,accessionNumber,1935.36.109
entity:artifact:2:206246,accessionNumber,1935.37.31
entity:artifact:2:206247,accessionNumber,1935.37.47
entity:artifact:2:206248,accessionNumber,1935.36.115
entity:artifact:2:206249,accessionNumber,1935.36.116
entity:artifact:2:206250,accessionNumber,1935.36.123
entity:artifact:2:206251,accessionNumber,1935.36.59
entity:artifact:2:206252,accessionNumber,1935.36.3
entity:artifact:2:206253,accessionNumber,1935.36.17
entity:artifact:2:206254,accessionNumber,1935.36.18
entity:artifact:2:206255,accessionNumber,1935.36.19
entity:artifact:2:206256,accessionNumber,1935.36.20
entity:artifact:2:206257,accessionNumber,1935.36.23
entity:artifact:2:206258,accessionNumber,1935.36.29
entity:artifact:2:206259,accessionNumber,1935.36.30
entity:artifact:2:206260,accessionNumber,1935.36.34
entity:artifact:2:206261,accessionNumber,1935.36.37
entity:artifact:2:206262,accessionNumber,1935.36.38
entity:artifact:2:206265,accessionNumber,1935.36.94
entity:artifact:2:206266,accessionNumber,1935.37.29
entity:artifact:2:206267,accessionNumber,1935.37.30
entity:artifact:2:206268,accessionNumber,1935.36.118
entity:artifact:2:206269,accessionNumber,1935.36.119
entity:artifact:2:206270,accessionNumber,1935.36.121
entity:artifact:2:206271,accessionNumber,1935.36.122
entity:artifact:2:206272,accessionNumber,1935.37.1
entity:artifact:2:206273,accessionNumber,1935.37.5
entity:artifact:2:206274,accessionNumber,1935.37.8
entity:artifact:2:206275,accessionNumber,1935.37.12
entity:artifact:2:206287,accessionNumber,1935.36.126
entity:artifact:2:206288,accessionNumber,1935.37.2
entity:artifact:2:206289,accessionNumber,1935.37.6
entity:artifact:2:206290,accessionNumber,1935.37.13
entity:artifact:2:206292,accessionNumber,1936.127
entity:artifact:2:206293,accessionNumber,1936.128
entity:artifact:2:206301,accessionNumber,1935.36.21
entity:artifact:2:206302,accessionNumber,1935.36.22
entity:artifact:2:206303,accessionNumber,1935.36.25
entity:artifact:2:206304,accessionNumber,1936.110
entity:artifact:2:206305,accessionNumber,1935.36.101
entity:artifact:2:206306,accessionNumber,1935.37.26
entity:artifact:2:206307,accessionNumber,1935.37.32
entity:artifact:2:206308,accessionNumber,1935.37.33
entity:artifact:2:206309,accessionNumber,1935.37.34
entity:artifact:2:206310,accessionNumber,1935.37.38
entity:artifact:2:206311,accessionNumber,1935.37.46
entity:artifact:2:206312,accessionNumber,1935.37.50
entity:artifact:2:206313,accessionNumber,1935.36.80
entity:artifact:2:206314,accessionNumber,1935.36.81
entity:artifact:2:206315,accessionNumber,1935.36.82
entity:artifact:2:206322,accessionNumber,1936.69
entity:artifact:2:206323,accessionNumber,1935.36.92
entity:artifact:2:206324,accessionNumber,1935.37.39
entity:artifact:2:206325,accessionNumber,1935.37.42
entity:artifact:2:206327,accessionNumber,1935.37.44
entity:artifact:2:206328,accessionNumber,1935.37.45
entity:artifact:2:206340,accessionNumber,1935.36.95
entity:artifact:2:206341,accessionNumber,1935.36.96
entity:artifact:2:206342,accessionNumber,1935.36.99
entity:artifact:2:206343,accessionNumber,1935.36.100
entity:artifact:2:206344,accessionNumber,1935.36.103
entity:artifact:2:206345,accessionNumber,1935.36.104
entity:artifact:2:206346,accessionNumber,1935.36.110
entity:artifact:2:206347,accessionNumber,1935.36.111
entity:artifact:2:206348,accessionNumber,1935.37.25
entity:artifact:2:206349,accessionNumber,1935.37.36
entity:artifact:2:206350,accessionNumber,1935.37.51
entity:artifact:2:206351,accessionNumber,1935.36.112
entity:artifact:2:206363,accessionNumber,1935.37.60
entity:artifact:2:206364,accessionNumber,1935.37.61
entity:artifact:2:206365,accessionNumber,1935.37.77
entity:artifact:2:206366,accessionNumber,1935.37.78
entity:artifact:2:206373,accessionNumber,1935.37.79
entity:artifact:2:206374,accessionNumber,1935.37.95
entity:artifact:2:206376,accessionNumber,1935.37.54
entity:artifact:2:206377,accessionNumber,1935.37.57
entity:artifact:2:206378,accessionNumber,1935.37.58
entity:artifact:2:206379,accessionNumber,1935.37.71
entity:artifact:2:206380,accessionNumber,1935.37.76
entity:artifact:2:206381,accessionNumber,1935.37.91
entity:artifact:2:206382,accessionNumber,1935.37.93
entity:artifact:2:206383,accessionNumber,1935.37.97
entity:artifact:2:206384,accessionNumber,1935.37.115
entity:artifact:2:206385,accessionNumber,1935.37.116
entity:artifact:2:206386,accessionNumber,1935.37.17
entity:artifact:2:206387,accessionNumber,1935.37.19
entity:artifact:2:206388,accessionNumber,1935.37.3
entity:artifact:2:206389,accessionNumber,1935.37.4
entity:artifact:2:206399,accessionNumber,1935.37.67
entity:artifact:2:206400,accessionNumber,1935.37.73
entity:artifact:2:206411,accessionNumber,1935.36.32
entity:artifact:2:206412,accessionNumber,1935.36.35
entity:artifact:2:206413,accessionNumber,1935.36.105
entity:artifact:2:206414,accessionNumber,1935.36.106
entity:artifact:2:206415,accessionNumber,1935.36.107
entity:artifact:2:206416,accessionNumber,1935.36.108
entity:artifact:2:206417,accessionNumber,1935.37.37
entity:artifact:2:206418,accessionNumber,1935.36.113
entity:artifact:2:206419,accessionNumber,1935.36.114
entity:artifact:2:206420,accessionNumber,1935.37.55
entity:artifact:2:206421,accessionNumber,1935.37.56
entity:artifact:2:206422,accessionNumber,1935.37.59
entity:artifact:2:206427,accessionNumber,1935.37.100
entity:artifact:2:206435,accessionNumber,1935.37.105
entity:artifact:2:206436,accessionNumber,1935.37.106
entity:artifact:2:206437,accessionNumber,1935.37.112
entity:artifact:2:206438,accessionNumber,1935.37.62
entity:artifact:2:206439,accessionNumber,1935.37.69
entity:artifact:2:206440,accessionNumber,1935.37.70
entity:artifact:2:206441,accessionNumber,1935.37.75
entity:artifact:2:206442,accessionNumber,1935.37.84
entity:artifact:2:206443,accessionNumber,1935.37.88
entity:artifact:2:206444,accessionNumber,1935.37.96
entity:artifact:2:206445,accessionNumber,1935.37.101
entity:artifact:2:206446,accessionNumber,1935.37.103
entity:artifact:2:206447,accessionNumber,1935.37.108
entity:artifact:2:206448,accessionNumber,1935.37.110
entity:artifact:2:206449,accessionNumber,1935.37.111
entity:artifact:2:206450,accessionNumber,1935.36.124
entity:artifact:2:206451,accessionNumber,1933.176
entity:artifact:2:206452,accessionNumber,1933.178
entity:artifact:2:206453,accessionNumber,1933.179.A
entity:artifact:2:206472,accessionNumber,1933.146
entity:artifact:2:206489,accessionNumber,1933.183
entity:artifact:2:206490,accessionNumber,1923.182
entity:artifact:2:206491,accessionNumber,1924.88
entity:artifact:2:206493,accessionNumber,1923.207
entity:artifact:2:206494,accessionNumber,1927.197
entity:artifact:2:206495,accessionNumber,1929.1.1
entity:artifact:2:206497,accessionNumber,1929.239
entity:artifact:2:206498,accessionNumber,1930.105
entity:artifact:2:206500,accessionNumber,1929.14
entity:artifact:2:206501,accessionNumber,1929.15
entity:artifact:2:206505,accessionNumber,1930.11
entity:artifact:2:206506,accessionNumber,1930.435
entity:artifact:2:206507,accessionNumber,1931.14
entity:artifact:2:206508,accessionNumber,1931.15
entity:artifact:2:206510,accessionNumber,1931.212
entity:artifact:2:206511,accessionNumber,1935.36.45
entity:artifact:2:206512,accessionNumber,1935.36.46
entity:artifact:2:206513,accessionNumber,1935.36.47
entity:artifact:2:206514,accessionNumber,1935.36.48
entity:artifact:2:206518,accessionNumber,1930.12
entity:artifact:2:206520,accessionNumber,1930.73
entity:artifact:2:206521,accessionNumber,1930.74
entity:artifact:2:206522,accessionNumber,1931.11
entity:artifact:2:206523,accessionNumber,1931.213.A
entity:artifact:2:206524,accessionNumber,1935.36.43
entity:artifact:2:206525,accessionNumber,1935.36.44
entity:artifact:2:206526,accessionNumber,1935.36.10
entity:artifact:2:206527,accessionNumber,1935.36.11
entity:artifact:2:206528,accessionNumber,1933.180
entity:artifact:2:206529,accessionNumber,1933.185
entity:artifact:2:206544,accessionNumber,1935.17
entity:artifact:2:206545,accessionNumber,1935.36.75
entity:artifact:2:206546,accessionNumber,1935.36.49
entity:artifact:2:206547,accessionNumber,1935.36.52
entity:artifact:2:206548,accessionNumber,1935.36.53
entity:artifact:2:206549,accessionNumber,1935.36.54
entity:artifact:2:206550,accessionNumber,1935.36.57
entity:artifact:2:206551,accessionNumber,1935.36.58
entity:artifact:2:206552,accessionNumber,1935.36.5
entity:artifact:2:206553,accessionNumber,1935.36.6
entity:artifact:2:206554,accessionNumber,1935.36.7
entity:artifact:2:206555,accessionNumber,1935.36.8
entity:artifact:2:206556,accessionNumber,1935.36.9
entity:artifact:2:206557,accessionNumber,1935.36.14
entity:artifact:2:206558,accessionNumber,1935.36.76
entity:artifact:2:206559,accessionNumber,1935.36.78
entity:artifact:2:206560,accessionNumber,1935.36.83
entity:artifact:2:206561,accessionNumber,1935.36.84
entity:artifact:2:206575,accessionNumber,1923.152
entity:artifact:2:206576,accessionNumber,1923.156
entity:artifact:2:206580,accessionNumber,1923.198
entity:artifact:2:206582,accessionNumber,1931.114
entity:artifact:2:206583,accessionNumber,1931.130
entity:artifact:2:206584,accessionNumber,1935.36.41
entity:artifact:2:206585,accessionNumber,1935.36.42
entity:artifact:2:206586,accessionNumber,1933.184
entity:artifact:2:206587,accessionNumber,1933.186
entity:artifact:2:206588,accessionNumber,1933.187
entity:artifact:2:206604,accessionNumber,1935.36.39
entity:artifact:2:206605,accessionNumber,1935.36.40
entity:artifact:2:206606,accessionNumber,1935.36.50
entity:artifact:2:206607,accessionNumber,1935.36.1
entity:artifact:2:206608,accessionNumber,1935.36.2
entity:artifact:2:206609,accessionNumber,1935.36.4
entity:artifact:2:206610,accessionNumber,1935.36.60
entity:artifact:2:206611,accessionNumber,1935.36.61
entity:artifact:2:206612,accessionNumber,1935.36.26
entity:artifact:2:206613,accessionNumber,1935.36.27
entity:artifact:2:206614,accessionNumber,1935.36.28
entity:artifact:2:206615,accessionNumber,1935.36.31
entity:artifact:2:206620,accessionNumber,1935.36.51
entity:artifact:2:206623,accessionNumber,1935.36.65
entity:artifact:2:206624,accessionNumber,1935.36.66
entity:artifact:2:206625,accessionNumber,1935.36.67
entity:artifact:2:206626,accessionNumber,1935.36.68
entity:artifact:2:206627,accessionNumber,1935.36.73
entity:artifact:2:206628,accessionNumber,1935.36.74
entity:artifact:2:206629,accessionNumber,1935.36.77
entity:artifact:2:206635,accessionNumber,1934.50
entity:artifact:2:20955,accessionNumber,2004.151
entity:artifact:2:20956,accessionNumber,2005.16
entity:artifact:2:20957,accessionNumber,2004.211.A-E
entity:artifact:2:20968,accessionNumber,2004.149
entity:artifact:2:20970,accessionNumber,2004.156
entity:artifact:2:20972,accessionNumber,2005.110
entity:artifact:2:20978,accessionNumber,2006.170.113
entity:artifact:2:209837,accessionNumber,1925.27.1
entity:artifact:2:21115,accessionNumber,2004.150
entity:artifact:2:21116,accessionNumber,2005.86
entity:artifact:2:21117,accessionNumber,2006.170.124
entity:artifact:2:31296,accessionNumber,2006.110
entity:artifact:2:4586,accessionNumber,2006.14.11
entity:artifact:2:4587,accessionNumber,2003.197
entity:artifact:2:4588,accessionNumber,2003.199
entity:artifact:2:4615,accessionNumber,2006.14.20
entity:artifact:2:4640,accessionNumber,2006.14.14
entity:artifact:2:4641,accessionNumber,2003.193
entity:artifact:2:4642,accessionNumber,2003.204
entity:artifact:2:4644,accessionNumber,2003.209
entity:artifact:2:4645,accessionNumber,2003.218
entity:artifact:2:4646,accessionNumber,2003.219
entity:artifact:2:47472,accessionNumber,1895.613.2
entity:artifact:2:47501,accessionNumber,1985.852.5
entity:artifact:2:47502,accessionNumber,1985.852.6
entity:artifact:2:47503,accessionNumber,1985.852.7
entity:artifact:2:47504,accessionNumber,1985.852.11
entity:artifact:2:47600,accessionNumber,1965.39.1.-5
entity:artifact:2:47768,accessionNumber,1985.852.9
entity:artifact:2:47769,accessionNumber,1985.852.10
entity:artifact:2:47770,accessionNumber,1985.852.12
entity:artifact:2:47803,accessionNumber,1985.913.7
entity:artifact:2:47804,accessionNumber,1985.913.8
entity:artifact:2:47805,accessionNumber,1985.914.2
entity:artifact:2:47806,accessionNumber,1985.914.3
entity:artifact:2:47807,accessionNumber,1985.914.8
entity:artifact:2:47808,accessionNumber,1985.914.9
entity:artifact:2:47809,accessionNumber,1985.914.14
entity:artifact:2:47965,accessionNumber,1985.913.9
entity:artifact:2:47966,accessionNumber,1985.914.1
entity:artifact:2:47967,accessionNumber,1985.914.12
entity:artifact:2:47968,accessionNumber,1985.914.13
entity:artifact:2:47969,accessionNumber,1985.852.4
entity:artifact:2:48082,accessionNumber,1985.863.1
entity:artifact:2:48083,accessionNumber,1985.888.1
entity:artifact:2:48084,accessionNumber,1985.888.3
entity:artifact:2:48085,accessionNumber,1985.888.4
entity:artifact:2:48086,accessionNumber,1985.913.2
entity:artifact:2:48087,accessionNumber,1985.913.3
entity:artifact:2:48125,accessionNumber,1985.863.3
entity:artifact:2:48126,accessionNumber,1985.863.5
entity:artifact:2:48127,accessionNumber,1985.863.6
entity:artifact:2:48128,accessionNumber,1985.863.8
entity:artifact:2:48129,accessionNumber,1985.888.6
entity:artifact:2:48130,accessionNumber,1985.888.8
entity:artifact:2:48131,accessionNumber,1985.888.9
entity:artifact:2:48132,accessionNumber,1985.889.8
entity:artifact:2:48145,accessionNumber,1985.863.4
entity:artifact:2:48146,accessionNumber,1985.863.7
entity:artifact:2:48147,accessionNumber,1985.888.2
entity:artifact:2:48148,accessionNumber,1985.888.5
entity:artifact:2:48149,accessionNumber,1985.888.10
entity:artifact:2:48150,accessionNumber,1985.913.1
entity:artifact:2:48182,accessionNumber,1985.863.2
entity:artifact:2:48183,accessionNumber,1985.888.7
entity:artifact:2:48237,accessionNumber,1985.913.6
entity:artifact:2:48238,accessionNumber,1985.914.5
entity:artifact:2:48239,accessionNumber,1985.914.7
entity:artifact:2:48240,accessionNumber,1985.914.11
entity:artifact:2:48241,accessionNumber,1985.852.1
entity:artifact:2:48242,accessionNumber,1985.852.3
entity:artifact:2:48243,accessionNumber,1985.852.8
entity:artifact:2:48284,accessionNumber,1985.913.4
entity:artifact:2:48285,accessionNumber,1985.913.5
entity:artifact:2:48286,accessionNumber,1985.914.4
entity:artifact:2:48287,accessionNumber,1985.914.6
entity:artifact:2:48288,accessionNumber,1985.914.10
entity:artifact:2:48289,accessionNumber,1985.852.2
entity:artifact:2:48331,accessionNumber,1985.852.13
entity:artifact:2:48332,accessionNumber,1985.852.15
entity:artifact:2:48370,accessionNumber,1985.852.14
entity:artifact:2:48371,accessionNumber,1985.852.16
entity:artifact:2:48372,accessionNumber,1985.887.2
entity:artifact:2:48395,accessionNumber,1985.938.2
entity:artifact:2:48562,accessionNumber,1984.380.1
entity:artifact:2:48563,accessionNumber,1984.380.2
entity:artifact:2:48564,accessionNumber,1984.380.3
entity:artifact:2:48565,accessionNumber,1984.380.4
entity:artifact:2:48601,accessionNumber,1985.904.17
entity:artifact:2:48602,accessionNumber,1985.915.2
entity:artifact:2:48603,accessionNumber,1985.915.7
entity:artifact:2:48604,accessionNumber,1985.924.7
entity:artifact:2:48605,accessionNumber,1985.912.7
entity:artifact:2:48606,accessionNumber,1985.937.6
entity:artifact:2:48607,accessionNumber,1985.937.9
entity:artifact:2:48613,accessionNumber,1985.885.10
entity:artifact:2:48614,accessionNumber,1985.885.1
entity:artifact:2:48644,accessionNumber,1985.883.1
entity:artifact:2:48645,accessionNumber,1985.883.2
entity:artifact:2:48646,accessionNumber,1985.883.4
entity:artifact:2:48647,accessionNumber,1985.883.5
entity:artifact:2:48648,accessionNumber,1985.883.6
entity:artifact:2:48649,accessionNumber,1985.883.7
entity:artifact:2:48650,accessionNumber,1985.889.1
entity:artifact:2:48651,accessionNumber,1985.889.2
entity:artifact:2:48652,accessionNumber,1985.889.5
entity:artifact:2:48661,accessionNumber,1984.380.5
entity:artifact:2:48662,accessionNumber,1984.380.6
entity:artifact:2:48663,accessionNumber,1984.380.7
entity:artifact:2:48664,accessionNumber,1984.380.8
entity:artifact:2:48665,accessionNumber,1985.889.3
entity:artifact:2:48666,accessionNumber,1985.889.6
entity:artifact:2:48670,accessionNumber,1985.883.3
entity:artifact:2:48671,accessionNumber,1985.883.8
entity:artifact:2:48672,accessionNumber,1985.889.4
entity:artifact:2:48673,accessionNumber,1985.889.7
entity:artifact:2:48783,accessionNumber,1985.915.1
entity:artifact:2:48784,accessionNumber,1985.915.4
entity:artifact:2:48785,accessionNumber,1985.915.6
entity:artifact:2:48786,accessionNumber,1985.924.1
entity:artifact:2:48787,accessionNumber,1985.924.3
entity:artifact:2:48788,accessionNumber,1985.924.4
entity:artifact:2:48789,accessionNumber,1985.924.8
entity:artifact:2:48790,accessionNumber,1985.912.4
entity:artifact:2:48791,accessionNumber,1985.912.6
entity:artifact:2:48792,accessionNumber,1985.912.8
entity:artifact:2:48793,accessionNumber,1985.937.1
entity:artifact:2:48794,accessionNumber,1985.937.3
entity:artifact:2:48795,accessionNumber,1985.937.4
entity:artifact:2:48796,accessionNumber,1985.937.7
entity:artifact:2:48797,accessionNumber,1985.937.10
entity:artifact:2:48828,accessionNumber,1985.904.18
entity:artifact:2:48829,accessionNumber,1985.904.19
entity:artifact:2:48830,accessionNumber,1985.915.3
entity:artifact:2:48831,accessionNumber,1985.915.8
entity:artifact:2:48832,accessionNumber,1985.924.5
entity:artifact:2:48833,accessionNumber,1985.924.6
entity:artifact:2:48834,accessionNumber,1985.904.14
entity:artifact:2:48835,accessionNumber,1985.904.21
entity:artifact:2:48836,accessionNumber,1985.915.5
entity:artifact:2:48837,accessionNumber,1985.924.2
entity:artifact:2:48838,accessionNumber,1985.912.1
entity:artifact:2:48839,accessionNumber,1985.912.3
entity:artifact:2:48840,accessionNumber,1985.912.5
entity:artifact:2:48841,accessionNumber,1985.912.12
entity:artifact:2:48842,accessionNumber,1985.937.2
entity:artifact:2:48843,accessionNumber,1985.937.5
entity:artifact:2:48844,accessionNumber,1985.937.8
entity:artifact:2:48847,accessionNumber,1985.885.8
entity:artifact:2:48848,accessionNumber,1985.885.7
entity:artifact:2:48849,accessionNumber,1985.885.2
entity:artifact:2:48887,accessionNumber,1985.885.9
entity:artifact:2:48888,accessionNumber,1985.885.3
entity:artifact:2:48930,accessionNumber,1985.912.2
entity:artifact:2:48931,accessionNumber,1985.912.9
entity:artifact:2:48932,accessionNumber,1985.912.10
entity:artifact:2:48933,accessionNumber,1985.912.11
entity:artifact:2:48934,accessionNumber,1985.937.11
entity:artifact:2:48935,accessionNumber,1985.937.12
entity:artifact:2:48939,accessionNumber,1985.885.6
entity:artifact:2:48940,accessionNumber,1985.885.5
entity:artifact:2:48941,accessionNumber,1985.885.4
entity:artifact:2:49026,accessionNumber,1985.884.5
entity:artifact:2:49038,accessionNumber,1985.893.12
entity:artifact:2:49048,accessionNumber,1985.893.13
entity:artifact:2:49049,accessionNumber,1985.893.16
entity:artifact:2:49050,accessionNumber,1985.893.17
entity:artifact:2:49051,accessionNumber,1985.893.28
entity:artifact:2:49052,accessionNumber,1985.893.29
entity:artifact:2:49053,accessionNumber,1985.893.30
entity:artifact:2:49054,accessionNumber,1985.893.31
entity:artifact:2:49055,accessionNumber,1985.893.32
entity:artifact:2:49056,accessionNumber,1985.904.2
entity:artifact:2:49057,accessionNumber,1985.904.3
entity:artifact:2:49101,accessionNumber,1985.904.9
entity:artifact:2:49113,accessionNumber,1985.904.13
entity:artifact:2:49114,accessionNumber,1985.904.15
entity:artifact:2:49115,accessionNumber,1985.904.16
entity:artifact:2:49116,accessionNumber,1985.904.20
entity:artifact:2:49117,accessionNumber,1985.893.18
entity:artifact:2:49118,accessionNumber,1985.893.25
entity:artifact:2:49119,accessionNumber,1985.893.26
entity:artifact:2:49120,accessionNumber,1985.893.33
entity:artifact:2:49121,accessionNumber,1985.893.34
entity:artifact:2:49122,accessionNumber,1985.893.37
entity:artifact:2:49123,accessionNumber,1985.904.5
entity:artifact:2:49124,accessionNumber,1985.904.6
entity:artifact:2:49125,accessionNumber,1985.904.8
entity:artifact:2:49126,accessionNumber,1985.904.12
entity:artifact:2:49149,accessionNumber,1985.893.15
entity:artifact:2:49150,accessionNumber,1985.893.20
entity:artifact:2:49151,accessionNumber,1985.893.21
entity:artifact:2:49152,accessionNumber,1985.893.22
entity:artifact:2:49153,accessionNumber,1985.893.39
entity:artifact:2:49154,accessionNumber,1985.904.1
entity:artifact:2:49155,accessionNumber,1985.904.10
entity:artifact:2:49156,accessionNumber,1985.904.11
entity:artifact:2:49169,accessionNumber,1985.893.2
entity:artifact:2:49170,accessionNumber,1985.893.5
entity:artifact:2:49180,accessionNumber,1985.891.1.B
entity:artifact:2:49184,accessionNumber,1985.884.8
entity:artifact:2:49190,accessionNumber,1985.893.3
entity:artifact:2:49191,accessionNumber,1985.893.4
entity:artifact:2:49192,accessionNumber,1985.893.6
entity:artifact:2:49193,accessionNumber,1985.893.9
entity:artifact:2:49194,accessionNumber,1985.893.10
entity:artifact:2:49213,accessionNumber,1985.893.7
entity:artifact:2:49214,accessionNumber,1985.893.8
entity:artifact:2:49215,accessionNumber,1985.893.11
entity:artifact:2:49216,accessionNumber,1985.893.19
entity:artifact:2:49217,accessionNumber,1985.893.23
entity:artifact:2:49218,accessionNumber,1985.893.24
entity:artifact:2:49219,accessionNumber,1985.893.27
entity:artifact:2:49220,accessionNumber,1985.893.35
entity:artifact:2:49221,accessionNumber,1985.893.36
entity:artifact:2:49222,accessionNumber,1985.893.38
entity:artifact:2:49223,accessionNumber,1985.893.40
entity:artifact:2:49224,accessionNumber,1985.904.4
entity:artifact:2:49225,accessionNumber,1985.904.7
entity:artifact:2:49265,accessionNumber,1985.884.2
entity:artifact:2:49266,accessionNumber,1985.884.3
entity:artifact:2:49267,accessionNumber,1985.884.4
entity:artifact:2:49268,accessionNumber,1985.884.7
entity:artifact:2:49269,accessionNumber,1985.891.2.A
entity:artifact:2:49278,accessionNumber,1985.893.1
entity:artifact:2:49279,accessionNumber,1985.893.14
entity:artifact:2:49502,accessionNumber,1985.884.6
entity:artifact:2:49511,accessionNumber,1985.884.1
entity:artifact:2:49523,accessionNumber,1924.66.64
entity:artifact:2:49524,accessionNumber,1924.66.65
entity:artifact:2:49525,accessionNumber,1924.66.66
entity:artifact:2:49526,accessionNumber,1924.66.67
entity:artifact:2:49574,accessionNumber,1924.66.44
entity:artifact:2:49575,accessionNumber,1924.66.45
entity:artifact:2:49576,accessionNumber,1924.66.46
entity:artifact:2:49577,accessionNumber,1924.66.47
entity:artifact:2:49578,accessionNumber,1924.66.52
entity:artifact:2:49579,accessionNumber,1924.66.53
entity:artifact:2:49580,accessionNumber,1924.66.56
entity:artifact:2:49581,accessionNumber,1924.66.57
entity:artifact:2:49582,accessionNumber,1924.66.60
entity:artifact:2:49583,accessionNumber,1924.66.61
entity:artifact:2:49627,accessionNumber,1924.66.30
entity:artifact:2:49628,accessionNumber,1924.66.31
entity:artifact:2:49629,accessionNumber,1924.66.32
entity:artifact:2:49630,accessionNumber,1924.66.33
entity:artifact:2:49631,accessionNumber,1924.66.36
entity:artifact:2:49632,accessionNumber,1924.66.37
entity:artifact:2:49633,accessionNumber,1924.66.48
entity:artifact:2:49634,accessionNumber,1924.66.49
entity:artifact:2:49635,accessionNumber,1924.66.50
entity:artifact:2:49636,accessionNumber,1924.66.51
entity:artifact:2:49663,accessionNumber,1924.66.68
entity:artifact:2:49664,accessionNumber,1924.66.69
entity:artifact:2:49666,accessionNumber,1924.66.71
entity:artifact:2:49667,accessionNumber,1924.66.72
entity:artifact:2:49735,accessionNumber,1969.156.2
entity:artifact:2:49736,accessionNumber,1969.156.3
entity:artifact:2:49737,accessionNumber,1970.122.4
entity:artifact:2:49738,accessionNumber,1970.122.5
entity:artifact:2:49739,accessionNumber,1924.66.16
entity:artifact:2:49740,accessionNumber,1924.66.17
entity:artifact:2:49741,accessionNumber,1924.66.22
entity:artifact:2:49742,accessionNumber,1924.66.23
entity:artifact:2:49743,accessionNumber,1924.66.38
entity:artifact:2:49744,accessionNumber,1924.66.39
entity:artifact:2:49745,accessionNumber,1924.66.42
entity:artifact:2:49746,accessionNumber,1924.66.43
entity:artifact:2:49815,accessionNumber,1924.66.18
entity:artifact:2:49816,accessionNumber,1924.66.19
entity:artifact:2:49817,accessionNumber,1924.66.24
entity:artifact:2:49818,accessionNumber,1924.66.25
entity:artifact:2:49819,accessionNumber,1924.66.26
entity:artifact:2:49820,accessionNumber,1924.66.27
entity:artifact:2:49821,accessionNumber,1924.66.28
entity:artifact:2:49822,accessionNumber,1924.66.29
entity:artifact:2:49852,accessionNumber,1924.66.8
entity:artifact:2:49854,accessionNumber,1924.66.12
entity:artifact:2:49855,accessionNumber,1924.66.13
entity:artifact:2:49856,accessionNumber,1924.66.20
entity:artifact:2:49857,accessionNumber,1924.66.21
entity:artifact:2:49858,accessionNumber,1924.66.34
entity:artifact:2:49859,accessionNumber,1924.66.35
entity:artifact:2:49860,accessionNumber,1924.66.58
entity:artifact:2:49861,accessionNumber,1924.66.59
entity:artifact:2:50060,accessionNumber,1969.156.4
entity:artifact:2:50061,accessionNumber,1969.156.5
entity:artifact:2:50062,accessionNumber,1970.122.2
entity:artifact:2:50063,accessionNumber,1970.122.3
entity:artifact:2:50064,accessionNumber,1924.66.2
entity:artifact:2:50065,accessionNumber,1924.66.3
entity:artifact:2:50066,accessionNumber,1924.66.4
entity:artifact:2:50067,accessionNumber,1924.66.5
entity:artifact:2:50068,accessionNumber,1924.66.6
entity:artifact:2:50069,accessionNumber,1924.66.7
entity:artifact:2:50070,accessionNumber,1924.66.10
entity:artifact:2:50071,accessionNumber,1924.66.11
entity:artifact:2:50072,accessionNumber,1924.66.14
entity:artifact:2:50110,accessionNumber,1924.66.15
entity:artifact:2:50111,accessionNumber,1924.66.40
entity:artifact:2:50112,accessionNumber,1924.66.41
entity:artifact:2:50114,accessionNumber,1924.66.55
entity:artifact:2:50115,accessionNumber,1924.66.62
entity:artifact:2:50116,accessionNumber,1924.66.63
entity:artifact:2:5108,accessionNumber,2005.179
entity:artifact:2:5144,accessionNumber,2006.14.9
entity:artifact:2:5145,accessionNumber,2006.14.5
entity:artifact:2:5146,accessionNumber,2006.14.25
entity:artifact:2:5189,accessionNumber,2006.14
entity:artifact:2:5204,accessionNumber,2006.14.13
entity:artifact:2:5205,accessionNumber,2006.14.15
entity:artifact:2:5215,accessionNumber,2006.14.2
entity:artifact:2:5216,accessionNumber,2006.14.7
entity:artifact:2:5217,accessionNumber,2006.14.10
entity:artifact:2:5218,accessionNumber,2006.14.6
entity:artifact:2:5219,accessionNumber,2006.14.4
entity:artifact:2:5220,accessionNumber,2006.14.24
entity:artifact:2:5221,accessionNumber,2006.14.23
entity:artifact:2:5222,accessionNumber,2006.14.21
entity:artifact:2:52757,accessionNumber,2004.157
entity:artifact:2:5277,accessionNumber,2016.227.1
entity:artifact:2:5368,accessionNumber,2006.14.16
entity:artifact:2:5369,accessionNumber,2006.14.3
entity:artifact:2:54111,accessionNumber,1976.33.53
entity:artifact:2:54270,accessionNumber,2004.170
entity:artifact:2:54271,accessionNumber,2004.161
entity:artifact:2:54272,accessionNumber,2004.163
entity:artifact:2:54285,accessionNumber,2004.168
entity:artifact:2:54286,accessionNumber,2004.155
entity:artifact:2:54287,accessionNumber,2004.158
entity:artifact:2:54288,accessionNumber,2004.152
entity:artifact:2:54289,accessionNumber,2004.160
entity:artifact:2:54307,accessionNumber,1978.484.13
entity:artifact:2:54308,accessionNumber,1978.484.16
entity:artifact:2:54339,accessionNumber,2004.162.1
entity:artifact:2:54340,accessionNumber,2004.166.A-C
entity:artifact:2:54341,accessionNumber,2004.159
entity:artifact:2:54342,accessionNumber,2004.154
entity:artifact:2:54343,accessionNumber,2004.153
entity:artifact:2:54354,accessionNumber,1978.484.7
entity:artifact:2:54355,accessionNumber,1978.484.4
entity:artifact:2:54372,accessionNumber,1978.484.9
entity:artifact:2:54373,accessionNumber,1978.484.2
entity:artifact:2:54389,accessionNumber,1978.484.19
entity:artifact:2:54390,accessionNumber,1978.484.8
entity:artifact:2:54391,accessionNumber,1978.484.36
entity:artifact:2:54407,accessionNumber,1978.484.11
entity:artifact:2:54408,accessionNumber,1978.484.10
entity:artifact:2:54409,accessionNumber,1978.484.1.B
entity:artifact:2:54410,accessionNumber,1978.484.5
entity:artifact:2:54411,accessionNumber,1978.484.3
entity:artifact:2:54471,accessionNumber,2006.170.129
entity:artifact:2:54474,accessionNumber,2005.95
entity:artifact:2:54481,accessionNumber,2005.97
entity:artifact:2:54482,accessionNumber,2004.146.A-B
entity:artifact:2:54492,accessionNumber,1978.484.47
entity:artifact:2:54493,accessionNumber,1978.484.40
entity:artifact:2:54494,accessionNumber,1978.484.42
entity:artifact:2:54495,accessionNumber,1978.484.38
entity:artifact:2:54496,accessionNumber,1978.484.37
entity:artifact:2:54527,accessionNumber,1978.484.45
entity:artifact:2:54528,accessionNumber,1978.484.41
entity:artifact:2:54529,accessionNumber,1978.484.44
entity:artifact:2:54530,accessionNumber,1978.484.35
entity:artifact:2:54550,accessionNumber,2004.147
entity:artifact:2:54593,accessionNumber,1978.484.34
entity:artifact:2:54594,accessionNumber,1978.484.33
entity:artifact:2:54595,accessionNumber,1978.484.32
entity:artifact:2:54596,accessionNumber,1978.484.31
entity:artifact:2:54597,accessionNumber,1978.484.23
entity:artifact:2:54630,accessionNumber,2004.148
entity:artifact:2:54631,accessionNumber,2004.169
entity:artifact:2:54632,accessionNumber,2004.171
entity:artifact:2:54633,accessionNumber,2004.162.2
entity:artifact:2:54634,accessionNumber,2004.167
entity:artifact:2:54635,accessionNumber,2004.165
entity:artifact:2:54636,accessionNumber,2004.164
entity:artifact:2:54662,accessionNumber,1978.484.27
entity:artifact:2:54663,accessionNumber,1978.484.25
entity:artifact:2:54664,accessionNumber,1978.484.24
entity:artifact:2:54665,accessionNumber,1978.484.22
entity:artifact:2:54666,accessionNumber,1978.484.14
entity:artifact:2:54667,accessionNumber,1978.484.18
entity:artifact:2:54669,accessionNumber,1978.484.26
entity:artifact:2:54670,accessionNumber,1978.484.17
entity:artifact:2:54671,accessionNumber,1978.484.20
entity:artifact:2:54672,accessionNumber,1978.484.12
entity:artifact:2:54687,accessionNumber,1978.484.21
entity:artifact:2:54688,accessionNumber,1978.484.15
entity:artifact:2:54689,accessionNumber,1978.484.6
entity:artifact:2:54729,accessionNumber,1978.484.81
entity:artifact:2:54730,accessionNumber,1978.484.82
entity:artifact:2:54731,accessionNumber,1978.484.77
entity:artifact:2:54732,accessionNumber,1978.484.76
entity:artifact:2:54733,accessionNumber,1978.484.70
entity:artifact:2:54734,accessionNumber,1978.484.64
entity:artifact:2:54735,accessionNumber,1978.484.60
entity:artifact:2:54736,accessionNumber,1978.484.58
entity:artifact:2:54737,accessionNumber,1978.484.56
entity:artifact:2:54807,accessionNumber,1978.484.48
entity:artifact:2:54860,accessionNumber,2004.31.A-B
entity:artifact:2:54861,accessionNumber,2006.170.19
entity:artifact:2:54893,accessionNumber,1978.484.43
entity:artifact:2:54894,accessionNumber,1978.484.28
entity:artifact:2:54895,accessionNumber,1978.484.29
entity:artifact:2:54915,accessionNumber,2002.268.A
entity:artifact:2:54916,accessionNumber,1999.334.47.1-6
entity:artifact:2:54917,accessionNumber,2006.170.226
entity:artifact:2:54920,accessionNumber,2004.145
entity:artifact:2:54936,accessionNumber,1978.484.49
entity:artifact:2:54937,accessionNumber,1978.484.30
entity:artifact:2:54938,accessionNumber,1978.484.39
entity:artifact:2:54939,accessionNumber,2005.98
entity:artifact:2:54940,accessionNumber,2005.96
entity:artifact:2:5499,accessionNumber,2006.14.12
entity:artifact:2:5500,accessionNumber,2006.14.18
entity:artifact:2:5501,accessionNumber,2006.14.8
entity:artifact:2:5502,accessionNumber,2006.14.22
entity:artifact:2:55040,accessionNumber,1978.484.80
entity:artifact:2:55041,accessionNumber,1978.484.75
entity:artifact:2:55042,accessionNumber,1978.484.73
entity:artifact:2:55043,accessionNumber,1978.484.71
entity:artifact:2:55044,accessionNumber,1978.484.65
entity:artifact:2:55045,accessionNumber,1978.484.62
entity:artifact:2:55059,accessionNumber,1978.484.87
entity:artifact:2:55060,accessionNumber,1978.484.85
entity:artifact:2:55061,accessionNumber,1978.484.84
entity:artifact:2:55063,accessionNumber,1978.484.86
entity:artifact:2:55088,accessionNumber,1978.484.1.A
entity:artifact:2:55117,accessionNumber,1978.484.83
entity:artifact:2:55118,accessionNumber,1978.484.79
entity:artifact:2:55119,accessionNumber,1978.484.69
entity:artifact:2:55120,accessionNumber,1978.484.68
entity:artifact:2:55121,accessionNumber,1978.484.57
entity:artifact:2:55122,accessionNumber,1978.484.66
entity:artifact:2:55123,accessionNumber,1978.484.53
entity:artifact:2:55124,accessionNumber,1978.484.51
entity:artifact:2:55154,accessionNumber,1978.484.59
entity:artifact:2:55155,accessionNumber,1978.484.63
entity:artifact:2:55156,accessionNumber,1978.484.52
entity:artifact:2:55157,accessionNumber,1978.484.55
entity:artifact:2:55158,accessionNumber,1978.484.46
entity:artifact:2:55171,accessionNumber,1978.484.78
entity:artifact:2:55172,accessionNumber,1978.484.72
entity:artifact:2:55173,accessionNumber,1978.484.74
entity:artifact:2:55174,accessionNumber,1978.484.67
entity:artifact:2:55175,accessionNumber,1978.484.61
entity:artifact:2:55176,accessionNumber,1978.484.54
entity:artifact:2:55195,accessionNumber,2004.16
entity:artifact:2:55219,accessionNumber,1923.148
entity:artifact:2:5524,accessionNumber,2006.14.17
entity:artifact:2:5525,accessionNumber,2006.14.1
entity:artifact:2:55395,accessionNumber,1978.484.50
entity:artifact:2:55674,accessionNumber,1923.149
entity:artifact:2:5661,accessionNumber,2005.122
entity:artifact:2:56693,accessionNumber,1924.65.25.3
entity:artifact:2:56694,accessionNumber,1924.65.25.10
entity:artifact:2:5673,accessionNumber,2006.14.19
entity:artifact:2:57191,accessionNumber,1924.65.25.2
entity:artifact:2:57192,accessionNumber,1924.65.25.5
entity:artifact:2:57193,accessionNumber,1924.65.25.9
entity:artifact:2:57205,accessionNumber,1924.65.25.4
entity:artifact:2:57206,accessionNumber,1924.65.25.7
entity:artifact:2:57207,accessionNumber,1924.65.25.8
entity:artifact:2:57216,accessionNumber,1924.65.25.6
entity:artifact:2:57217,accessionNumber,1924.65.25.11
entity:artifact:2:58157,accessionNumber,56.2004
entity:artifact:2:5859,accessionNumber,2005.178
entity:artifact:2:58969,accessionNumber,2014.195
entity:artifact:2:59008,accessionNumber,2014.196
entity:artifact:2:6314,accessionNumber,2016.217
entity:artifact:2:6315,accessionNumber,2016.218
entity:artifact:2:6318,accessionNumber,2009.102
entity:artifact:2:64558,accessionNumber,2004.119
entity:artifact:2:64559,accessionNumber,2004.121
entity:artifact:2:6758,accessionNumber,2016.225
entity:artifact:2:6759,accessionNumber,2016.222
entity:artifact:2:6760,accessionNumber,2016.226
entity:artifact:2:6762,accessionNumber,2016.219
entity:artifact:2:6786,accessionNumber,2015.29
entity:artifact:2:6791,accessionNumber,2007.216
entity:artifact:2:6797,accessionNumber,2015.30
entity:artifact:2:70044,accessionNumber,1928.88
entity:artifact:2:70462,accessionNumber,33.2004
entity:artifact:2:70467,accessionNumber,2006.170.8
entity:artifact:2:70470,accessionNumber,2006.170.294
entity:artifact:2:70471,accessionNumber,2004.122
entity:artifact:2:70472,accessionNumber,2004.120
entity:artifact:2:70508,accessionNumber,2004.118
entity:artifact:2:70622,accessionNumber,2003.169
entity:artifact:2:70635,accessionNumber,27.2004
entity:artifact:2:70637,accessionNumber,1960.169.35
entity:artifact:2:70724,accessionNumber,2004.117
entity:artifact:2:70759,accessionNumber,2005.212
entity:artifact:2:71735,accessionNumber,1984.191.4
entity:artifact:2:72326,accessionNumber,1974.27.390
entity:artifact:2:73665,accessionNumber,2005.204
entity:artifact:2:73713,accessionNumber,2006.170.119
entity:artifact:2:73719,accessionNumber,2004.114
entity:artifact:2:73720,accessionNumber,2004.115
entity:artifact:2:73730,accessionNumber,2004.116
entity:artifact:2:73737,accessionNumber,2005.202
entity:artifact:2:77785,accessionNumber,1943.55.3
entity:artifact:2:77864,accessionNumber,1940.165.124
entity:artifact:2:77878,accessionNumber,1929.1.6
entity:artifact:2:78047,accessionNumber,2003.83
entity:artifact:2:78048,accessionNumber,2022.36
entity:artifact:2:78261,accessionNumber,2003.46.A-C
entity:artifact:2:8001,accessionNumber,2006.111
entity:artifact:2:8002,accessionNumber,2006.112
entity:artifact:2:92161,accessionNumber,1978.484
entity:artifact:2:92230,accessionNumber,1941.119.C
entity:artifact:2:92261,accessionNumber,652.1934.91
entity:artifact:2:92262,accessionNumber,652.1934.92
entity:artifact:2:92263,accessionNumber,652.1934.97
entity:artifact:2:92264,accessionNumber,652.1934.98
entity:artifact:2:92265,accessionNumber,652.1934.105
entity:artifact:2:92266,accessionNumber,652.1934.106
entity:artifact:2:92267,accessionNumber,652.1934.108
entity:artifact:2:92268,accessionNumber,652.1934.110
entity:artifact:2:92269,accessionNumber,652.1934.120
entity:artifact:2:92270,accessionNumber,1917.175.24
entity:artifact:2:92314,accessionNumber,652.1934.87
entity:artifact:2:92315,accessionNumber,652.1934.100
entity:artifact:2:92316,accessionNumber,652.1934.113
entity:artifact:2:92317,accessionNumber,652.1934.116
entity:artifact:2:92318,accessionNumber,652.1934.118
entity:artifact:2:92319,accessionNumber,652.1934.119
entity:artifact:2:92400,accessionNumber,652.1934.33
entity:artifact:2:92401,accessionNumber,652.1934.36
entity:artifact:2:92402,accessionNumber,652.1934.40
entity:artifact:2:92403,accessionNumber,652.1934.41
entity:artifact:2:92404,accessionNumber,652.1934.46
entity:artifact:2:92405,accessionNumber,652.1934.47
entity:artifact:2:92406,accessionNumber,652.1934.56
entity:artifact:2:92420,accessionNumber,652.1934.45
entity:artifact:2:92421,accessionNumber,652.1934.52
entity:artifact:2:92422,accessionNumber,652.1934.58
entity:artifact:2:92423,accessionNumber,652.1934.62
entity:artifact:2:92424,accessionNumber,652.1934.65
entity:artifact:2:92425,accessionNumber,652.1934.72
entity:artifact:2:92426,accessionNumber,652.1934.75
entity:artifact:2:92427,accessionNumber,652.1934.81
entity:artifact:2:92428,accessionNumber,652.1934.83
entity:artifact:2:92501,accessionNumber,652.1934.60
entity:artifact:2:92502,accessionNumber,652.1934.61
entity:artifact:2:92503,accessionNumber,652.1934.66
entity:artifact:2:92504,accessionNumber,652.1934.69
entity:artifact:2:92505,accessionNumber,652.1934.73
entity:artifact:2:92506,accessionNumber,652.1934.79
entity:artifact:2:92536,accessionNumber,1924.47.A
entity:artifact:2:92537,accessionNumber,652.1934.15
entity:artifact:2:92538,accessionNumber,652.1934.16
entity:artifact:2:92539,accessionNumber,652.1934.27
entity:artifact:2:92540,accessionNumber,652.1934.28
entity:artifact:2:92541,accessionNumber,652.1934.31
entity:artifact:2:92542,accessionNumber,652.1934.32
entity:artifact:2:92543,accessionNumber,652.1934.34
entity:artifact:2:92544,accessionNumber,652.1934.48
entity:artifact:2:92545,accessionNumber,652.1934.53
entity:artifact:2:92546,accessionNumber,652.1934.54
entity:artifact:2:92547,accessionNumber,652.1934.63
entity:artifact:2:92548,accessionNumber,652.1934.68
entity:artifact:2:92549,accessionNumber,652.1934.74
entity:artifact:2:92550,accessionNumber,652.1934.77
entity:artifact:2:92551,accessionNumber,652.1934.84
entity:artifact:2:92552,accessionNumber,652.1934.85
entity:artifact:2:92553,accessionNumber,652.1934.86
entity:artifact:2:92571,accessionNumber,652.1934.88
entity:artifact:2:92572,accessionNumber,652.1934.89
entity:artifact:2:92573,accessionNumber,652.1934.90
entity:artifact:2:92574,accessionNumber,652.1934.94
entity:artifact:2:92575,accessionNumber,652.1934.95
entity:artifact:2:92576,accessionNumber,652.1934.99
entity:artifact:2:92577,accessionNumber,652.1934.102
entity:artifact:2:92578,accessionNumber,652.1934.103
entity:artifact:2:92579,accessionNumber,652.1934.104
entity:artifact:2:92580,accessionNumber,652.1934.107
entity:artifact:2:92581,accessionNumber,652.1934.111
entity:artifact:2:92592,accessionNumber,652.1934.93
entity:artifact:2:92593,accessionNumber,652.1934.96
entity:artifact:2:92594,accessionNumber,652.1934.101
entity:artifact:2:92595,accessionNumber,652.1934.109
entity:artifact:2:92596,accessionNumber,652.1934.112
entity:artifact:2:92597,accessionNumber,652.1934.114
entity:artifact:2:92598,accessionNumber,652.1934.115
entity:artifact:2:92599,accessionNumber,652.1934.117
entity:artifact:2:92600,accessionNumber,1917.176.14
entity:artifact:2:92611,accessionNumber,1984.191.2
entity:artifact:2:92612,accessionNumber,1984.191.7
entity:artifact:2:92622,accessionNumber,2006.170.242.1-6
entity:artifact:2:92689,accessionNumber,652.1934.17
entity:artifact:2:92690,accessionNumber,652.1934.19
entity:artifact:2:92691,accessionNumber,652.1934.22
entity:artifact:2:92692,accessionNumber,652.1934.23
entity:artifact:2:92693,accessionNumber,652.1934.25
entity:artifact:2:92694,accessionNumber,652.1934.37
entity:artifact:2:92695,accessionNumber,652.1934.38
entity:artifact:2:92696,accessionNumber,652.1934.42
entity:artifact:2:92717,accessionNumber,652.1934.14
entity:artifact:2:92735,accessionNumber,652.1934.18
entity:artifact:2:92736,accessionNumber,652.1934.24
entity:artifact:2:92737,accessionNumber,652.1934.30
entity:artifact:2:92738,accessionNumber,652.1934.35
entity:artifact:2:92739,accessionNumber,652.1934.39
entity:artifact:2:92740,accessionNumber,652.1934.43
entity:artifact:2:92741,accessionNumber,652.1934.44
entity:artifact:2:92742,accessionNumber,652.1934.49
entity:artifact:2:92743,accessionNumber,652.1934.50
entity:artifact:2:92744,accessionNumber,652.1934.51
entity:artifact:2:92745,accessionNumber,652.1934.55
entity:artifact:2:92746,accessionNumber,652.1934.57
entity:artifact:2:92747,accessionNumber,652.1934.59
entity:artifact:2:92748,accessionNumber,652.1934.64
entity:artifact:2:92749,accessionNumber,652.1934.67
entity:artifact:2:92750,accessionNumber,652.1934.70
entity:artifact:2:92751,accessionNumber,652.1934.71
entity:artifact:2:92752,accessionNumber,652.1934.76
entity:artifact:2:92753,accessionNumber,652.1934.78
entity:artifact:2:92754,accessionNumber,652.1934.80
entity:artifact:2:92755,accessionNumber,652.1934.82
entity:artifact:2:92781,accessionNumber,652.1934.13
entity:artifact:2:92782,accessionNumber,652.1934.20
entity:artifact:2:92783,accessionNumber,652.1934.21
entity:artifact:2:92784,accessionNumber,652.1934.26
entity:artifact:2:92785,accessionNumber,652.1934.29
entity:artifact:2:92971,accessionNumber,1984.191.3
entity:artifact:2:92972,accessionNumber,1984.191.5
entity:artifact:2:92973,accessionNumber,1984.191.6
entity:artifact:2:93183,accessionNumber,652.1934.10
entity:artifact:2:93260,accessionNumber,1923.200.B
entity:artifact:2:93322,accessionNumber,652.1934.12
entity:artifact:2:93619,accessionNumber,2003.32
entity:artifact:2:93620,accessionNumber,2003.33
entity:artifact:2:93621,accessionNumber,2006.170.101.A-B
entity:artifact:2:93622,accessionNumber,2006.170.3
entity:artifact:2:93653,accessionNumber,2003.29
entity:artifact:2:93654,accessionNumber,2003.31
entity:artifact:2:93665,accessionNumber,2003.28
entity:artifact:2:93703,accessionNumber,2003.30.A-B
entity:artifact:2:94013,accessionNumber,1984.297.10
entity:artifact:2:94014,accessionNumber,1984.297.11
entity:artifact:2:94015,accessionNumber,1984.297.14
entity:artifact:2:94016,accessionNumber,1984.297.15
entity:artifact:2:94036,accessionNumber,1984.297.18
entity:artifact:2:94037,accessionNumber,1984.297.19
entity:artifact:2:94038,accessionNumber,1984.297.24
entity:artifact:2:94039,accessionNumber,1984.297.25
entity:artifact:2:94040,accessionNumber,1984.297.26
entity:artifact:2:94041,accessionNumber,1984.297.27
entity:artifact:2:94061,accessionNumber,1985.891
entity:artifact:2:94062,accessionNumber,1984.297.12
entity:artifact:2:94063,accessionNumber,1984.297.13
entity:artifact:2:94068,accessionNumber,1929.1.5
entity:artifact:2:94110,accessionNumber,1984.297.16
entity:artifact:2:94111,accessionNumber,1984.297.17
entity:artifact:2:94213,accessionNumber,1985.891.2.B
entity:artifact:2:94272,accessionNumber,1929.1.2
entity:artifact:2:94273,accessionNumber,1929.1.4
entity:artifact:2:94333,accessionNumber,1984.297.7
entity:artifact:2:94334,accessionNumber,1984.297.8
entity:artifact:2:94335,accessionNumber,1984.297.9
entity:artifact:2:94336,accessionNumber,1984.297.20
entity:artifact:2:94337,accessionNumber,1984.297.21
entity:artifact:2:94338,accessionNumber,1984.297.22
entity:artifact:2:94339,accessionNumber,1984.297.23
entity:artifact:2:94340,accessionNumber,1984.297.28
entity:artifact:2:94343,accessionNumber,1984.297
entity:artifact:2:94357,accessionNumber,1929.1.3
entity:artifact:2:94518,accessionNumber,1984.297.2
entity:artifact:2:94519,accessionNumber,1984.297.3
entity:artifact:2:94520,accessionNumber,1984.297.4
entity:artifact:2:94521,accessionNumber,1984.297.5
entity:artifact:2:94522,accessionNumber,1984.297.6
entity:artifact:2:94538,accessionNumber,1944.57.3.A-B
entity:artifact:2:94615,accessionNumber,2003.24
entity:artifact:2:94643,accessionNumber,1985.807.2
entity:artifact:2:94669,accessionNumber,1985.807.3
entity:artifact:2:94670,accessionNumber,1985.807.5
entity:artifact:2:94671,accessionNumber,1985.807.7
entity:artifact:2:94680,accessionNumber,1985.807.1
entity:artifact:2:94695,accessionNumber,1985.807.4
entity:artifact:2:94696,accessionNumber,1985.807.6
entity:artifact:2:96180,accessionNumber,1985.923
entity:artifact:2:96415,accessionNumber,1985.926.1
entity:artifact:2:96416,accessionNumber,1985.926.2
entity:artifact:2:96417,accessionNumber,1985.926.3
entity:artifact:2:96511,accessionNumber,1976.33.42
entity:artifact:2:96512,accessionNumber,1976.33.48
entity:artifact:2:96513,accessionNumber,1976.33.49
entity:artifact:2:96514,accessionNumber,1985.948.1
entity:artifact:2:96515,accessionNumber,1985.948.2
entity:artifact:2:96601,accessionNumber,1985.900.1
entity:artifact:2:96602,accessionNumber,1985.900.2
entity:artifact:2:96603,accessionNumber,1985.900.3
entity:artifact:2:96604,accessionNumber,1985.900.4
entity:artifact:2:96605,accessionNumber,1976.33.38
entity:artifact:2:96606,accessionNumber,1976.33.46
entity:artifact:2:96665,accessionNumber,1976.33.52
entity:artifact:2:96666,accessionNumber,1984.288
entity:artifact:2:96667,accessionNumber,1984.287
entity:artifact:2:96752,accessionNumber,1985.807.8
entity:artifact:2:96779,accessionNumber,1976.33.7
entity:artifact:2:96780,accessionNumber,1976.33.12
entity:artifact:2:96781,accessionNumber,1976.33.15
entity:artifact:2:96782,accessionNumber,1976.33.17
entity:artifact:2:96783,accessionNumber,1976.33.22
entity:artifact:2:96784,accessionNumber,1976.33.31
entity:artifact:2:96796,accessionNumber,1976.33.5
entity:artifact:2:96797,accessionNumber,1976.33.6
entity:artifact:2:96798,accessionNumber,1976.33.13
entity:artifact:2:96799,accessionNumber,1976.33.14
entity:artifact:2:96800,accessionNumber,1976.33.16
entity:artifact:2:96801,accessionNumber,1976.33.23
entity:artifact:2:96802,accessionNumber,1976.33.25
entity:artifact:2:96803,accessionNumber,1976.33.28
entity:artifact:2:96809,accessionNumber,1976.33.34
entity:artifact:2:96812,accessionNumber,1976.33.37
entity:artifact:2:96813,accessionNumber,1976.33.39
entity:artifact:2:96814,accessionNumber,1976.33.40
entity:artifact:2:96815,accessionNumber,1976.33.44
entity:artifact:2:96816,accessionNumber,1976.33.47
entity:artifact:2:96817,accessionNumber,1976.33.51
entity:artifact:2:96818,accessionNumber,1985.890.2
entity:artifact:2:96819,accessionNumber,1985.890.3
entity:artifact:2:96820,accessionNumber,1985.890.4
entity:artifact:2:96821,accessionNumber,1985.890.5
entity:artifact:2:96822,accessionNumber,1985.948.3
entity:artifact:2:96823,accessionNumber,1985.948.4
entity:artifact:2:96832,accessionNumber,2003.34.A-B
entity:artifact:2:96842,accessionNumber,1985.841.7
entity:artifact:2:96873,accessionNumber,1976.33.10
entity:artifact:2:96874,accessionNumber,1976.33.11
entity:artifact:2:96875,accessionNumber,1976.33.18
entity:artifact:2:96876,accessionNumber,1976.33.19
entity:artifact:2:96877,accessionNumber,1976.33.26
entity:artifact:2:96878,accessionNumber,1976.33.27
entity:artifact:2:96879,accessionNumber,1976.33.30
entity:artifact:2:96914,accessionNumber,1976.33.8
entity:artifact:2:96915,accessionNumber,1976.33.9
entity:artifact:2:96916,accessionNumber,1976.33.20
entity:artifact:2:96917,accessionNumber,1976.33.21
entity:artifact:2:96918,accessionNumber,1976.33.24
entity:artifact:2:96919,accessionNumber,1976.33.29
entity:artifact:2:96937,accessionNumber,1976.33.36
entity:artifact:2:96938,accessionNumber,1976.33.41
entity:artifact:2:96939,accessionNumber,1976.33.43
entity:artifact:2:96940,accessionNumber,1976.33.45
entity:artifact:2:96941,accessionNumber,1976.33.50
entity:artifact:2:96942,accessionNumber,1984.388
entity:artifact:2:96943,accessionNumber,1985.890.1
entity:artifact:2:96944,accessionNumber,1985.947.1
entity:artifact:2:96945,accessionNumber,1985.947.2
entity:artifact:2:96966,accessionNumber,1976.33.32
entity:artifact:2:96967,accessionNumber,1976.33.33
entity:artifact:2:96968,accessionNumber,1976.33.35
entity:artifact:2:96979,accessionNumber,1976.33.4
entity:artifact:2:96987,accessionNumber,1985.949
entity:artifact:2:96988,accessionNumber,1985.925
entity:artifact:2:97017,accessionNumber,1976.33.1
entity:artifact:2:97103,accessionNumber,1985.841.1
entity:artifact:2:97104,accessionNumber,1985.841.2
entity:artifact:2:97105,accessionNumber,1985.841.3
entity:artifact:2:97106,accessionNumber,1985.841.4
entity:artifact:2:97107,accessionNumber,1985.841.5
entity:artifact:2:97108,accessionNumber,1985.841.6
entity:artifact:2:97164,accessionNumber,1985.925.3
entity:artifact:2:97165,accessionNumber,1985.925.4
entity:artifact:2:97209,accessionNumber,1976.33.2
entity:artifact:2:97210,accessionNumber,1976.33.3
entity:artifact:2:97255,accessionNumber,2002.269
entity:artifact:2:97276,accessionNumber,2002.268.B
entity:artifact:2:97296,accessionNumber,2006.170.174.A-B
entity:artifact:2:97375,accessionNumber,1985.930
entity:artifact:2:97376,accessionNumber,1985.925.1
entity:artifact:2:97377,accessionNumber,1985.925.2
entity:artifact:2:97379,accessionNumber,2002.268.A-C
entity:artifact:2:97380,accessionNumber,2002.268.C
entity:artifact:2:99543,accessionNumber,2006.170.9
entity:artifact:2:99777,accessionNumber,2003.105
entity:artifact:2:99779,accessionNumber,2002.140
entity:artifact:2:99837,accessionNumber,2002.255
entity:artifact:2:99839,accessionNumber,2002.279
entity:artifact:2:99840,accessionNumber,2002.280
entity:artifact:2:99841,accessionNumber,2006.170.130
entity:artifact:2:99854,accessionNumber,2002.278.A-B
entity:artifact:2:99888,accessionNumber,2006.170.118
entity:artifact:2:99889,accessionNumber,2006.170.27
entity:artifact:2:99895,accessionNumber,2006.170.173.A-B
entity:artifact:3:00.486,accessionNumber,00.486
entity:artifact:3:00.488,accessionNumber,00.488
entity:artifact:3:00.581,accessionNumber,00.581
entity:artifact:3:00.613,accessionNumber,00.613
entity:artifact:3:01.5661,accessionNumber,01.5661
entity:artifact:3:01.5662,accessionNumber,01.5662
entity:artifact:3:01.5719,accessionNumber,01.5719
entity:artifact:3:01.5721,accessionNumber,01.5721
entity:artifact:3:01.5722,accessionNumber,01.5722
entity:artifact:3:01.5726,accessionNumber,01.5726
entity:artifact:3:01.5731,accessionNumber,01.5731
entity:artifact:3:01.5732,accessionNumber,01.5732
entity:artifact:3:01.5745,accessionNumber,01.5745
entity:artifact:3:01.5748,accessionNumber,01.5748
entity:artifact:3:01.5771,accessionNumber,01.5771
entity:artifact:3:01.5772,accessionNumber,01.5772
entity:artifact:3:01.5804,accessionNumber,01.5804
entity:artifact:3:01.5812,accessionNumber,01.5812
entity:artifact:3:01.6264,accessionNumber,01.6264
entity:artifact:3:01.6402,accessionNumber,01.6402
entity:artifact:3:01.6720a-d,accessionNumber,01.6720a-d
entity:artifact:3:02.344,accessionNumber,02.344
entity:artifact:3:02.345,accessionNumber,02.345
entity:artifact:3:02.346,accessionNumber,02.346
entity:artifact:3:02.347,accessionNumber,02.347
entity:artifact:3:02.348,accessionNumber,02.348
entity:artifact:3:02.349,accessionNumber,02.349
entity:artifact:3:02.350,accessionNumber,02.350
entity:artifact:3:02.353,accessionNumber,02.353
entity:artifact:3:02.354,accessionNumber,02.354
entity:artifact:3:02.358,accessionNumber,02.358
entity:artifact:3:02.393,accessionNumber,02.393
entity:artifact:3:02.394,accessionNumber,02.394
entity:artifact:3:02.396,accessionNumber,02.396
entity:artifact:3:02.397,accessionNumber,02.397
entity:artifact:3:02.398,accessionNumber,02.398
entity:artifact:3:02.399,accessionNumber,02.399
entity:artifact:3:02.401,accessionNumber,02.401
entity:artifact:3:02.402,accessionNumber,02.402
entity:artifact:3:02.48,accessionNumber,02.48
entity:artifact:3:02.485,accessionNumber,02.485
entity:artifact:3:02.49,accessionNumber,02.49
entity:artifact:3:02.50,accessionNumber,02.50
entity:artifact:3:02.51,accessionNumber,02.51
entity:artifact:3:02.52,accessionNumber,02.52
entity:artifact:3:02.53,accessionNumber,02.53
entity:artifact:3:02.54,accessionNumber,02.54
entity:artifact:3:02.55,accessionNumber,02.55
entity:artifact:3:02.56,accessionNumber,02.56
entity:artifact:3:02.57,accessionNumber,02.57
entity:artifact:3:02.58,accessionNumber,02.58
entity:artifact:3:02.59,accessionNumber,02.59
entity:artifact:3:02.60,accessionNumber,02.60
entity:artifact:3:02.62,accessionNumber,02.62
entity:artifact:3:02.63,accessionNumber,02.63
entity:artifact:3:02.64,accessionNumber,02.64
entity:artifact:3:02.65,accessionNumber,02.65
entity:artifact:3:02.66,accessionNumber,02.66
entity:artifact:3:02.67,accessionNumber,02.67
entity:artifact:3:02.68,accessionNumber,02.68
entity:artifact:3:03.100,accessionNumber,03.100
entity:artifact:3:03.102,accessionNumber,03.102
entity:artifact:3:03.104,accessionNumber,03.104
entity:artifact:3:03.1046,accessionNumber,03.1046
entity:artifact:3:03.108,accessionNumber,03.108
entity:artifact:3:03.1157a-b,accessionNumber,03.1157a-b
entity:artifact:3:03.119,accessionNumber,03.119
entity:artifact:3:03.122,accessionNumber,03.122
entity:artifact:3:03.146,accessionNumber,03.146
entity:artifact:3:03.719,accessionNumber,03.719
entity:artifact:3:03.94,accessionNumber,03.94
entity:artifact:3:03.99,accessionNumber,03.99
entity:artifact:3:04.148,accessionNumber,04.148
entity:artifact:3:04.1693a,accessionNumber,04.1693a
entity:artifact:3:04.235,accessionNumber,04.235
entity:artifact:3:04.236,accessionNumber,04.236
entity:artifact:3:04.276,accessionNumber,04.276
entity:artifact:3:04.277,accessionNumber,04.277
entity:artifact:3:05.199,accessionNumber,05.199
entity:artifact:3:05.210,accessionNumber,05.210
entity:artifact:3:06.163a,accessionNumber,06.163a
entity:artifact:3:06.170,accessionNumber,06.170
entity:artifact:3:06.172,accessionNumber,06.172
entity:artifact:3:06.173,accessionNumber,06.173
entity:artifact:3:06.179a-b,accessionNumber,06.179a-b
entity:artifact:3:06.1899,accessionNumber,06.1899
entity:artifact:3:06.1902,accessionNumber,06.1902
entity:artifact:3:06.2410,accessionNumber,06.2410
entity:artifact:3:06.2443a-b,accessionNumber,06.2443a-b
entity:artifact:3:06.2445a-c,accessionNumber,06.2445a-c
entity:artifact:3:07.11,accessionNumber,07.11
entity:artifact:3:07.159,accessionNumber,07.159
entity:artifact:3:07.172,accessionNumber,07.172
entity:artifact:3:07.203,accessionNumber,07.203
entity:artifact:3:07.222,accessionNumber,07.222
entity:artifact:3:07.245,accessionNumber,07.245
entity:artifact:3:07.251,accessionNumber,07.251
entity:artifact:3:07.253,accessionNumber,07.253
entity:artifact:3:07.31,accessionNumber,07.31
entity:artifact:3:07.50,accessionNumber,07.50
entity:artifact:3:07.513,accessionNumber,07.513
entity:artifact:3:07.66,accessionNumber,07.66
entity:artifact:3:07.718,accessionNumber,07.718
entity:artifact:3:07.732,accessionNumber,07.732
entity:artifact:3:07.734,accessionNumber,07.734
entity:artifact:3:07.735,accessionNumber,07.735
entity:artifact:3:07.738,accessionNumber,07.738
entity:artifact:3:07.740,accessionNumber,07.740
entity:artifact:3:07.741,accessionNumber,07.741
entity:artifact:3:07.743,accessionNumber,07.743
entity:artifact:3:07.750,accessionNumber,07.750
entity:artifact:3:07.76,accessionNumber,07.76
entity:artifact:3:07.832,accessionNumber,07.832
entity:artifact:3:07.850,accessionNumber,07.850
entity:artifact:3:07.879a,accessionNumber,07.879a
entity:artifact:3:08.105,accessionNumber,08.105
entity:artifact:3:08.120,accessionNumber,08.120
entity:artifact:3:08.121,accessionNumber,08.121
entity:artifact:3:08.273,accessionNumber,08.273
entity:artifact:3:08.422,accessionNumber,08.422
entity:artifact:3:08.425,accessionNumber,08.425
entity:artifact:3:08.426,accessionNumber,08.426
entity:artifact:3:08.68,accessionNumber,08.68
entity:artifact:3:11.4005,accessionNumber,11.4005
entity:artifact:3:11.4009,accessionNumber,11.4009
entity:artifact:3:11.6148,accessionNumber,11.6148
entity:artifact:3:11.6152,accessionNumber,11.6152
entity:artifact:3:11.6157,accessionNumber,11.6157
entity:artifact:3:14.54,accessionNumber,14.54
entity:artifact:3:14.76,accessionNumber,14.76
entity:artifact:3:14.80,accessionNumber,14.80
entity:artifact:3:15.888,accessionNumber,15.888
entity:artifact:3:15.891,accessionNumber,15.891
entity:artifact:3:15.896,accessionNumber,15.896
entity:artifact:3:15.897,accessionNumber,15.897
entity:artifact:3:17.191,accessionNumber,17.191
entity:artifact:3:17.197,accessionNumber,17.197
entity:artifact:3:17.698,accessionNumber,17.698
entity:artifact:3:17.746,accessionNumber,17.746
entity:artifact:3:1973.173,accessionNumber,1973.173
entity:artifact:3:1974.305,accessionNumber,1974.305
entity:artifact:3:1974.528,accessionNumber,1974.528
entity:artifact:3:1975.314,accessionNumber,1975.314
entity:artifact:3:1979.203,accessionNumber,1979.203
entity:artifact:3:29.1155,accessionNumber,29.1155
entity:artifact:3:34.539,accessionNumber,34.539
entity:artifact:3:56.257,accessionNumber,56.257
entity:artifact:3:56.496,accessionNumber,56.496
entity:artifact:3:85.21,accessionNumber,85.21
entity:artifact:3:85.22,accessionNumber,85.22
entity:artifact:3:85.23,accessionNumber,85.23
entity:artifact:3:85.24,accessionNumber,85.24
entity:artifact:3:86.68,accessionNumber,86.68
entity:artifact:3:86.69,accessionNumber,86.69
entity:artifact:3:86.70,accessionNumber,86.70
entity:artifact:3:87.38,accessionNumber,87.38
entity:artifact:3:92.2635,accessionNumber,92.2635
entity:artifact:3:92.2699,accessionNumber,92.2699
entity:artifact:3:92.2707a-b,accessionNumber,92.2707a-b
entity:artifact:3:92.2718a-b,accessionNumber,92.2718a-b
entity:artifact:3:92.2719,accessionNumber,92.2719
entity:artifact:3:92.2721,accessionNumber,92.2721
entity:artifact:3:92.2722,accessionNumber,92.2722
entity:artifact:3:92.2723,accessionNumber,92.2723
entity:artifact:3:92.2724,accessionNumber,92.2724
entity:artifact:3:92.2725,accessionNumber,92.2725
entity:artifact:3:92.2726,accessionNumber,92.2726
entity:artifact:3:92.2727,accessionNumber,92.2727
entity:artifact:3:92.2728,accessionNumber,92.2728
entity:artifact:3:92.2729,accessionNumber,92.2729
entity:artifact:3:92.2730,accessionNumber,92.2730
entity:artifact:3:92.2731,accessionNumber,92.2731
entity:artifact:3:92.3099,accessionNumber,92.3099
entity:artifact:3:92.3100,accessionNumber,92.3100
entity:artifact:3:93.1014,accessionNumber,93.1014
entity:artifact:3:93.1028,accessionNumber,93.1028
entity:artifact:3:93.1029,accessionNumber,93.1029
entity:artifact:3:93.1043,accessionNumber,93.1043
entity:artifact:3:93.1044,accessionNumber,93.1044
entity:artifact:3:93.1045,accessionNumber,93.1045
entity:artifact:3:93.1046,accessionNumber,93.1046
entity:artifact:3:93.1086,accessionNumber,93.1086
entity:artifact:3:93.1087,accessionNumber,93.1087
entity:artifact:3:93.1122,accessionNumber,93.1122
entity:artifact:3:93.1123,accessionNumber,93.1123
entity:artifact:3:93.1124,accessionNumber,93.1124
entity:artifact:3:93.1125,accessionNumber,93.1125
entity:artifact:3:93.1454,accessionNumber,93.1454
entity:artifact:3:93.1459,accessionNumber,93.1459
entity:artifact:3:93.1477,accessionNumber,93.1477
entity:artifact:3:93.155a,accessionNumber,93.155a
entity:artifact:3:95.1104,accessionNumber,95.1104
entity:artifact:3:95.1235,accessionNumber,95.1235
entity:artifact:3:95.1320,accessionNumber,95.1320
entity:artifact:3:95.1321,accessionNumber,95.1321
entity:artifact:3:95.1328,accessionNumber,95.1328
entity:artifact:3:95.211,accessionNumber,95.211
entity:artifact:3:95.438,accessionNumber,95.438
entity:artifact:3:95.507,accessionNumber,95.507
entity:artifact:3:95.512,accessionNumber,95.512
entity:artifact:3:95.521,accessionNumber,95.521
entity:artifact:3:95.538,accessionNumber,95.538
entity:artifact:3:95.542,accessionNumber,95.542
entity:artifact:3:95.547,accessionNumber,95.547
entity:artifact:3:95.548,accessionNumber,95.548
entity:artifact:3:95.553,accessionNumber,95.553
entity:artifact:3:95.559,accessionNumber,95.559
entity:artifact:3:95.563a-b,accessionNumber,95.563a-b
entity:artifact:3:95.575,accessionNumber,95.575
entity:artifact:3:95.577a,accessionNumber,95.577a
entity:artifact:3:95.622,accessionNumber,95.622
entity:artifact:3:95.636,accessionNumber,95.636
entity:artifact:3:95.697,accessionNumber,95.697
entity:artifact:3:95.723,accessionNumber,95.723
entity:artifact:3:95.725,accessionNumber,95.725
entity:artifact:3:95.742,accessionNumber,95.742
entity:artifact:3:95.759,accessionNumber,95.759
entity:artifact:3:95.797,accessionNumber,95.797
entity:artifact:3:95.817,accessionNumber,95.817
entity:artifact:3:95.858,accessionNumber,95.858
entity:artifact:3:96.651,accessionNumber,96.651
entity:artifact:3:96.652,accessionNumber,96.652
entity:artifact:3:96.653,accessionNumber,96.653
entity:artifact:3:96.654a-b,accessionNumber,96.654a-b
entity:artifact:3:97.169,accessionNumber,97.169
entity:artifact:3:97.451,accessionNumber,97.451
entity:artifact:3:97.66,accessionNumber,97.66
entity:artifact:3:98.12,accessionNumber,98.12
entity:artifact:3:98.208,accessionNumber,98.208
entity:artifact:3:98.209,accessionNumber,98.209
entity:artifact:3:98.210,accessionNumber,98.210
entity:artifact:3:98.948,accessionNumber,98.948
entity:artifact:3:98.955a-c,accessionNumber,98.955a-c
entity:artifact:3:99.318,accessionNumber,99.318
