from,relation,to
entity:artifact:1:ld1-1643381040022-1643381042241-1,artistDeath,1997-09-09
entity:artifact:1:ld1-1643381040022-1643381054060-0,artistDeath,1917-03-28
entity:artifact:1:ld1-1643381040022-1643381057843-0,artistDeath,1906-07-05
entity:artifact:1:ld1-1643381040022-1643381057909-1,artistDeath,1939-09-11
entity:artifact:1:ld1-1643381040022-1643381060244-1,artistDeath,1887-03-31
entity:artifact:1:ld1-1643381040022-1643381062968-0,artistDeath,0800
entity:artifact:1:ld1-1643390182193-1643390182369-0,artistDeath,1919-10-25
entity:artifact:1:ld1-1643390182193-1643390182438-0,artistDeath,1919-10-25
entity:artifact:1:ld1-1643390182193-1643390182789-0,artistDeath,1919-10-25
entity:artifact:1:ld1-1643390182193-1643390182964-0,artistDeath,1919-10-25
entity:artifact:1:ld1-1643390182193-1643390183003-0,artistDeath,1919-10-25
entity:artifact:1:ld1-1643390182193-1643390183661-0,artistDeath,1919-10-25
entity:artifact:1:ld1-1643390182193-1643390183697-0,artistDeath,1919-10-25
entity:artifact:1:ld1-1643390182193-1643390183796-0,artistDeath,1908-09-21
entity:artifact:1:ld1-1643390182193-1643390183796-1,artistDeath,1908-09-21
entity:artifact:1:ld1-1643390182193-1643390183898-0,artistDeath,1919-10-25
entity:artifact:1:ld1-1643390182193-1643390184155-0,artistDeath,1919-10-25
entity:artifact:1:ld1-1643390182193-1643390184156-0,artistDeath,1919-10-25
entity:artifact:1:ld1-1643390182193-1643390184157-0,artistDeath,1919-10-25
entity:artifact:1:ld1-1643390182193-1643390184158-0,artistDeath,1919-10-25
entity:artifact:1:ld1-1643390182193-1643390184159-0,artistDeath,1919-10-25
entity:artifact:1:ld1-1643390182193-1643390184220-1,artistDeath,1919-10-25
entity:artifact:1:ld1-1643390182193-1643390184307-0,artistDeath,1919-10-25
entity:artifact:1:ld1-1643390182193-1643390184337-0,artistDeath,1919-10-25
entity:artifact:1:ld1-1643390182193-1643390184342-0,artistDeath,1919-10-25
entity:artifact:1:ld1-1643390182193-1643390184345-0,artistDeath,1919-10-25
entity:artifact:1:ld1-1643390182193-1643390184347-0,artistDeath,1919-10-25
entity:artifact:1:ld1-1643390182193-1643390184613-0,artistDeath,1722-05-04
entity:artifact:1:ld1-1643390182193-1643390184728-0,artistDeath,1919-10-25
entity:artifact:1:ld1-1643390182193-1643390184810-0,artistDeath,1919-10-25
entity:artifact:1:ld1-1643390182193-1643390184821-0,artistDeath,1919-10-25
entity:artifact:1:ld1-1643390182193-1643390184828-0,artistDeath,1919-10-25
entity:artifact:1:ld1-1643390182193-1643390184854-0,artistDeath,1919-10-25
entity:artifact:1:ld1-1643390182193-1643390184879-0,artistDeath,1919-10-25
entity:artifact:1:ld1-1643390182193-1643390185005-0,artistDeath,1919-10-25
entity:artifact:1:ld1-1643390182193-1643390185006-0,artistDeath,1919-10-25
entity:artifact:1:ld1-1643390182193-1643390185007-0,artistDeath,1919-10-25
entity:artifact:1:ld1-1643390182193-1643390185009-0,artistDeath,1919-10-25
entity:artifact:1:ld1-1643390182193-1643390185010-0,artistDeath,1919-10-25
entity:artifact:1:ld1-1643390182193-1643390185011-0,artistDeath,1919-10-25
entity:artifact:1:ld1-1643390182193-1643390185115-1,artistDeath,1919-10-25
entity:artifact:1:ld1-1643390182193-1643390185147-1,artistDeath,1919-10-25
entity:artifact:1:ld1-1643390182193-1643390185158-0,artistDeath,1919-10-25
entity:artifact:1:ld1-1643390182193-1643390185171-0,artistDeath,1919-10-25
entity:artifact:1:ld1-1643390182193-1643390185212-0,artistDeath,1919-10-25
entity:artifact:1:ld1-1643390182193-1643390185213-0,artistDeath,1919-10-25
entity:artifact:1:ld1-1643390182193-1643390185233-0,artistDeath,1919-10-25
entity:artifact:1:ld1-1643390182193-1643390185239-0,artistDeath,1919-10-25
entity:artifact:1:ld1-1643390182193-1643390185379-0,artistDeath,1919-10-25
entity:artifact:1:ld1-1643390182193-1643390185380-0,artistDeath,1919-10-25
entity:artifact:1:ld1-1643390182193-1643390185381-0,artistDeath,1919-10-25
entity:artifact:1:ld1-1643390182193-1643390185382-0,artistDeath,1919-10-25
entity:artifact:1:ld1-1643390182193-1643390185382-1,artistDeath,1919-10-25
entity:artifact:1:ld1-1643390182193-1643390185383-0,artistDeath,1919-10-25
entity:artifact:1:ld1-1643390182193-1643390185394-1,artistDeath,1919-10-25
entity:artifact:1:ld1-1643390182193-1643390185400-0,artistDeath,1919-10-25
entity:artifact:1:ld1-1643390182193-1643390185439-0,artistDeath,1919-10-25
entity:artifact:1:ld1-1643390182193-1643390185475-0,artistDeath,1919-10-25
entity:artifact:1:ld1-1643390182193-1643390185476-0,artistDeath,1919-10-25
entity:artifact:1:ld1-1643390182193-1643390185477-0,artistDeath,1919-10-25
entity:artifact:1:ld1-1643390182193-1643390185478-0,artistDeath,1919-10-25
entity:artifact:1:ld1-1643390182193-1643390185489-0,artistDeath,1919-10-25
entity:artifact:1:ld1-1643390182193-1643390185490-0,artistDeath,1919-10-25
entity:artifact:1:ld1-1643390182193-1643390185502-0,artistDeath,1919-10-25
entity:artifact:1:ld1-1643390182193-1643390185503-0,artistDeath,1919-10-25
entity:artifact:1:ld1-1643390182193-1643390185504-0,artistDeath,1919-10-25
entity:artifact:1:ld1-1643390182193-1643390185557-0,artistDeath,1919-10-25
entity:artifact:1:ld1-1643390182193-1643390185559-0,artistDeath,1919-10-25
entity:artifact:1:ld1-1643390182193-1643390185559-1,artistDeath,1919-10-25
entity:artifact:1:ld1-1643390182193-1643390185560-0,artistDeath,1919-10-25
entity:artifact:1:ld1-1643390182193-1643390185859-1,artistDeath,1919-10-25
entity:artifact:1:ld1-1643390182193-1643390185861-1,artistDeath,1919-10-25
entity:artifact:1:ld1-1643390182193-1643390185863-0,artistDeath,1919-10-25
entity:artifact:1:ld1-1643390182193-1643390185954-0,artistDeath,1919-10-25
entity:artifact:1:ld1-1643390182193-1643390185955-0,artistDeath,1919-10-25
entity:artifact:1:ld1-1643390182193-1643390185990-0,artistDeath,1919-10-25
entity:artifact:1:ld1-1643390182193-1643390185990-1,artistDeath,1919-10-25
entity:artifact:1:ld1-1643390182193-1643390185991-0,artistDeath,1919-10-25
entity:artifact:1:ld1-1643390182193-1643390186421-0,artistDeath,1919-10-25
entity:artifact:1:ld1-1643390182193-1643390186422-0,artistDeath,1919-10-25
entity:artifact:1:ld1-1643390182193-1643390186427-0,artistDeath,1919-10-25
entity:artifact:1:ld1-1643390182193-1643390186428-0,artistDeath,1919-10-25
entity:artifact:1:ld1-1643390182193-1643390186429-0,artistDeath,1919-10-25
entity:artifact:1:ld1-1643390182193-1643390186431-0,artistDeath,1919-10-25
entity:artifact:1:ld1-1643390182193-1643390186434-0,artistDeath,1919-10-25
entity:artifact:1:ld1-1643390182193-1643390186435-0,artistDeath,1919-10-25
entity:artifact:1:ld1-1643390182193-1643390186436-0,artistDeath,1919-10-25
entity:artifact:1:ld1-1643390182193-1643390186438-0,artistDeath,1919-10-25
entity:artifact:1:ld1-1643390182193-1643390186440-0,artistDeath,1919-10-25
entity:artifact:1:ld1-1643390182193-1643390186482-0,artistDeath,1919-10-25
entity:artifact:1:ld1-1643390182193-1643390186483-0,artistDeath,1919-10-25
entity:artifact:1:ld1-1643390182193-1643390186484-0,artistDeath,1919-10-25
entity:artifact:1:ld1-1643390182193-1643390186488-0,artistDeath,1919-10-25
entity:artifact:1:ld1-1643390182193-1643390186489-0,artistDeath,1919-10-25
entity:artifact:1:ld1-1643390182193-1643390186490-0,artistDeath,1919-10-25
entity:artifact:1:ld1-1643390182193-1643390186493-0,artistDeath,1919-10-25
entity:artifact:1:ld1-1643390182193-1643390186494-0,artistDeath,1919-10-25
entity:artifact:1:ld1-1643390182193-1643390186495-1,artistDeath,1919-10-25
entity:artifact:1:ld1-1643390182193-1643390186498-0,artistDeath,1919-10-25
entity:artifact:1:ld1-1643390182193-1643390186502-0,artistDeath,1919-10-25
entity:artifact:1:ld1-1643390182193-1643390186507-0,artistDeath,1919-10-25
entity:artifact:1:ld1-1643390182193-1643390186509-0,artistDeath,1919-10-25
entity:artifact:1:ld1-1643390182193-1643390186510-0,artistDeath,1919-10-25
entity:artifact:1:ld1-1643390182193-1643390186515-0,artistDeath,1919-10-25
entity:artifact:1:ld1-1643390182193-1643390186517-0,artistDeath,1919-10-25
entity:artifact:1:ld1-1643390182193-1643390186518-0,artistDeath,1919-10-25
entity:artifact:1:ld1-1643390182193-1643390186519-0,artistDeath,1919-10-25
entity:artifact:1:ld1-1643390182193-1643390186521-1,artistDeath,1919-10-25
entity:artifact:1:ld1-1643390182193-1643390186522-0,artistDeath,1919-10-25
entity:artifact:1:ld1-1643390182193-1643390186523-0,artistDeath,1919-10-25
entity:artifact:1:ld1-1643390182193-1643390186526-0,artistDeath,1919-10-25
entity:artifact:1:ld1-1643390182193-1643390186527-0,artistDeath,1919-10-25
entity:artifact:1:ld1-1643390182193-1643390186528-0,artistDeath,1919-10-25
entity:artifact:1:ld1-1643390182193-1643390186529-0,artistDeath,1919-10-25
entity:artifact:1:ld1-1643390182193-1643390186536-0,artistDeath,1919-10-25
entity:artifact:1:ld1-1643390182193-1643390186539-0,artistDeath,1919-10-25
entity:artifact:1:ld1-1643390182193-1643390186541-0,artistDeath,1919-10-25
entity:artifact:1:ld1-1643390182193-1643390186542-0,artistDeath,1919-10-25
entity:artifact:1:ld1-1643390182193-1643390186544-0,artistDeath,1919-10-25
entity:artifact:1:ld1-1643390182193-1643390186545-1,artistDeath,1919-10-25
entity:artifact:1:ld1-1643390182193-1643390186547-0,artistDeath,1919-10-25
entity:artifact:1:ld1-1643390182193-1643390186548-0,artistDeath,1919-10-25
entity:artifact:1:ld1-1643390182193-1643390186550-0,artistDeath,1919-10-25
entity:artifact:1:ld1-1643390182193-1643390186551-0,artistDeath,1919-10-25
entity:artifact:1:ld1-1643390182193-1643390186552-0,artistDeath,1919-10-25
entity:artifact:1:ld1-1643390182193-1643390186553-0,artistDeath,1919-10-25
entity:artifact:1:ld1-1643390182193-1643390186554-0,artistDeath,1919-10-25
entity:artifact:1:ld1-1643390182193-1643390186555-0,artistDeath,1919-10-25
entity:artifact:1:ld1-1643390182193-1643390186556-0,artistDeath,1919-10-25
entity:artifact:1:ld1-1643390182193-1643390186558-1,artistDeath,1919-10-25
entity:artifact:1:ld1-1643390182193-1643390186560-0,artistDeath,1919-10-25
entity:artifact:1:ld1-1643390182193-1643390186561-0,artistDeath,1919-10-25
entity:artifact:1:ld1-1643390182193-1643390186562-0,artistDeath,1919-10-25
entity:artifact:1:ld1-1643390182193-1643390186563-0,artistDeath,1919-10-25
entity:artifact:1:ld1-1643390182193-1643390186564-1,artistDeath,1919-10-25
entity:artifact:1:ld1-1643390182193-1643390186566-0,artistDeath,1919-10-25
entity:artifact:1:ld1-1643390182193-1643390186566-1,artistDeath,1919-10-25
entity:artifact:1:ld1-1643390182193-1643390186568-0,artistDeath,1919-10-25
entity:artifact:1:ld1-1643390182193-1643390186569-0,artistDeath,1919-10-25
entity:artifact:1:ld1-1643390182193-1643390186576-0,artistDeath,1919-10-25
entity:artifact:1:ld1-1643390182193-1643390186576-1,artistDeath,1919-10-25
entity:artifact:1:ld1-1643390182193-1643390186578-0,artistDeath,1919-10-25
entity:artifact:1:ld1-1643390182193-1643390186579-0,artistDeath,1919-10-25
entity:artifact:1:ld1-1643390182193-1643390186579-1,artistDeath,1919-10-25
entity:artifact:1:ld1-1643390182193-1643390186581-0,artistDeath,1919-10-25
entity:artifact:1:ld1-1643390182193-1643390186583-0,artistDeath,1919-10-25
entity:artifact:1:ld1-1643390182193-1643390186584-0,artistDeath,1919-10-25
entity:artifact:1:ld1-1643390182193-1643390186584-1,artistDeath,1919-10-25
entity:artifact:1:ld1-1643390182193-1643390186585-0,artistDeath,1919-10-25
entity:artifact:1:ld1-1643390182193-1643390186586-0,artistDeath,1919-10-25
entity:artifact:1:ld1-1643390182193-1643390186587-0,artistDeath,1919-10-25
entity:artifact:1:ld1-1643390182193-1643390186589-0,artistDeath,1919-10-25
entity:artifact:1:ld1-1643390182193-1643390186590-0,artistDeath,1919-10-25
entity:artifact:1:ld1-1643390182193-1643390186592-0,artistDeath,1919-10-25
entity:artifact:1:ld1-1643390182193-1643390186593-0,artistDeath,1919-10-25
entity:artifact:1:ld1-1643390182193-1643390186594-0,artistDeath,1919-10-25
entity:artifact:1:ld1-1643390182193-1643390186597-1,artistDeath,1919-10-25
entity:artifact:1:ld1-1643390182193-1643390186598-0,artistDeath,1919-10-25
entity:artifact:1:ld1-1643390182193-1643390186599-1,artistDeath,1919-10-25
entity:artifact:1:ld1-1643390182193-1643390186600-0,artistDeath,1919-10-25
entity:artifact:1:ld1-1643390182193-1643390186606-1,artistDeath,1919-10-25
entity:artifact:1:ld1-1643390182193-1643390186607-0,artistDeath,1919-10-25
entity:artifact:1:ld1-1643390182193-1643390186608-0,artistDeath,1919-10-25
entity:artifact:1:ld1-1643390182193-1643390186608-1,artistDeath,1919-10-25
entity:artifact:1:ld1-1643390182193-1643390186609-0,artistDeath,1919-10-25
entity:artifact:1:ld1-1643390182193-1643390186610-0,artistDeath,1919-10-25
entity:artifact:1:ld1-1643390182193-1643390186611-0,artistDeath,1919-10-25
entity:artifact:1:ld1-1643390182193-1643390186615-1,artistDeath,1919-10-25
entity:artifact:1:ld1-1643390182193-1643390186616-0,artistDeath,1919-10-25
entity:artifact:1:ld1-1643390182193-1643390186617-0,artistDeath,1919-10-25
entity:artifact:1:ld1-1643390182193-1643390186618-0,artistDeath,1919-10-25
entity:artifact:1:ld1-1643390182193-1643390186619-0,artistDeath,1919-10-25
entity:artifact:1:ld1-1643390182193-1643390186620-0,artistDeath,1919-10-25
entity:artifact:1:ld1-1643390182193-1643390186621-0,artistDeath,1919-10-25
entity:artifact:1:ld1-1643390182193-1643390186621-1,artistDeath,1919-10-25
entity:artifact:1:ld1-1643390182193-1643390186622-0,artistDeath,1919-10-25
entity:artifact:1:ld1-1643390182193-1643390186623-0,artistDeath,1919-10-25
entity:artifact:1:ld1-1643390182193-1643390186645-0,artistDeath,1919-10-25
entity:artifact:1:ld1-1643390182193-1643390186650-1,artistDeath,1919-10-25
entity:artifact:1:ld1-1643390182193-1643390186651-0,artistDeath,1919-10-25
entity:artifact:1:ld1-1643390182193-1643390186654-0,artistDeath,1919-10-25
entity:artifact:1:ld1-1643390182193-1643390186655-0,artistDeath,1919-10-25
entity:artifact:1:ld1-1643390182193-1643390186656-0,artistDeath,1919-10-25
entity:artifact:1:ld1-1643390182193-1643390186657-0,artistDeath,1919-10-25
entity:artifact:1:ld1-1643390182193-1643390186658-0,artistDeath,1919-10-25
entity:artifact:1:ld1-1643390182193-1643390186659-0,artistDeath,1919-10-25
entity:artifact:1:ld1-1643390182193-1643390186660-0,artistDeath,1919-10-25
entity:artifact:1:ld1-1643390182193-1643390186661-0,artistDeath,1919-10-25
entity:artifact:1:ld1-1643390182193-1643390186666-1,artistDeath,1919-10-25
entity:artifact:1:ld1-1643390182193-1643390186667-0,artistDeath,1919-10-25
entity:artifact:1:ld1-1643390182193-1643390186668-1,artistDeath,1919-10-25
entity:artifact:1:ld1-1643390182193-1643390186670-0,artistDeath,1919-10-25
entity:artifact:1:ld1-1643390182193-1643390186671-0,artistDeath,1919-10-25
entity:artifact:1:ld1-1643390182193-1643390186672-1,artistDeath,1919-10-25
entity:artifact:1:ld1-1643390182193-1643390186673-0,artistDeath,1919-10-25
entity:artifact:1:ld1-1643390182193-1643390186676-0,artistDeath,1919-10-25
entity:artifact:1:ld1-1643390182193-1643390186677-0,artistDeath,1919-10-25
entity:artifact:1:ld1-1643390182193-1643390186677-1,artistDeath,1919-10-25
entity:artifact:1:ld1-1643390182193-1643390186681-0,artistDeath,1919-10-25
entity:artifact:1:ld1-1643390182193-1643390186684-1,artistDeath,1919-10-25
entity:artifact:1:ld1-1643390182193-1643390186705-0,artistDeath,1919-10-25
entity:artifact:1:ld1-1643390182193-1643390186706-0,artistDeath,1919-10-25
entity:artifact:1:ld1-1643390182193-1643390186708-0,artistDeath,1919-10-25
entity:artifact:1:ld1-1643390182193-1643390186711-0,artistDeath,1919-10-25
entity:artifact:1:ld1-1643390182193-1643390186711-1,artistDeath,1919-10-25
entity:artifact:1:ld1-1643390182193-1643390186712-0,artistDeath,1919-10-25
entity:artifact:1:ld1-1643390182193-1643390186715-0,artistDeath,1919-10-25
entity:artifact:1:ld1-1643390182193-1643390186715-1,artistDeath,1919-10-25
entity:artifact:1:ld1-1643390182193-1643390186723-0,artistDeath,1919-10-25
entity:artifact:1:ld1-1643390182193-1643390186746-1,artistDeath,1919-10-25
entity:artifact:1:ld1-1643390182193-1643390186747-0,artistDeath,1919-10-25
entity:artifact:1:ld1-1643390182193-1643390186748-0,artistDeath,1919-10-25
entity:artifact:1:ld1-1643390182193-1643390186760-1,artistDeath,1919-10-25
entity:artifact:1:ld1-1643390182193-1643390186761-0,artistDeath,1919-10-25
entity:artifact:1:ld1-1643390182193-1643390186763-0,artistDeath,1919-10-25
entity:artifact:1:ld1-1643390182193-1643390186763-1,artistDeath,1919-10-25
entity:artifact:1:ld1-1643390182193-1643390187678-0,artistDeath,1919-10-25
entity:artifact:1:ld1-1643390182193-1643390187681-0,artistDeath,1919-10-25
entity:artifact:1:ld1-1643390182193-1643390187686-0,artistDeath,1919-10-25
entity:artifact:1:ld1-1643390182193-1643390187686-1,artistDeath,1919-10-25
entity:artifact:1:ld1-1643390182193-1643390187687-0,artistDeath,1919-10-25
entity:artifact:1:ld1-1643390182193-1643390187688-0,artistDeath,1919-10-25
entity:artifact:1:ld1-1643390182193-1643390187734-0,artistDeath,1919-10-25
entity:artifact:1:ld1-1643390182193-1643390187735-0,artistDeath,1919-10-25
entity:artifact:1:ld1-1643390182193-1643390187736-0,artistDeath,1919-10-25
entity:artifact:1:ld1-1643390182193-1643390187737-0,artistDeath,1919-10-25
entity:artifact:1:ld1-1643390182193-1643390187740-0,artistDeath,1919-10-25
entity:artifact:1:ld1-1643390182193-1643390187741-0,artistDeath,1919-10-25
entity:artifact:1:ld1-1643390182193-1643390187742-0,artistDeath,1919-10-25
entity:artifact:1:ld1-1643390182193-1643390187742-1,artistDeath,1919-10-25
entity:artifact:1:ld1-1643390182193-1643390187743-0,artistDeath,1919-10-25
entity:artifact:1:ld1-1643390182193-1643390187744-0,artistDeath,1919-10-25
entity:artifact:1:ld1-1643390182193-1643390187745-1,artistDeath,1919-10-25
entity:artifact:1:ld1-1643390182193-1643390187747-0,artistDeath,0350
entity:artifact:1:ld1-1643390182193-1643390187747-1,artistDeath,0350
entity:artifact:1:ld1-1643390182193-1643390187749-0,artistDeath,1919-10-25
entity:artifact:1:ld1-1643390182193-1643390187753-0,artistDeath,1919-10-25
entity:artifact:1:ld1-1643390182193-1643390187753-1,artistDeath,1919-10-25
entity:artifact:1:ld1-1643390182193-1643390187754-0,artistDeath,1919-10-25
entity:artifact:1:ld1-1643390182193-1643390187755-0,artistDeath,1919-10-25
entity:artifact:1:ld1-1643390182193-1643390187764-1,artistDeath,1919-10-25
entity:artifact:1:ld1-1643390182193-1643390187765-0,artistDeath,1919-10-25
entity:artifact:1:ld1-1643390182193-1643390187768-0,artistDeath,1919-10-25
entity:artifact:1:ld1-1643390182193-1643390187771-0,artistDeath,1919-10-25
entity:artifact:1:ld1-1643390182193-1643390187772-1,artistDeath,1919-10-25
entity:artifact:1:ld1-1643390182193-1643390187774-0,artistDeath,1919-10-25
entity:artifact:1:ld1-1643390182193-1643390187778-0,artistDeath,1919-10-25
entity:artifact:1:ld1-1643390182193-1643390187779-0,artistDeath,1919-10-25
entity:artifact:1:ld1-1643390182193-1643390187780-0,artistDeath,1919-10-25
entity:artifact:1:ld1-1643390182193-1643390187780-1,artistDeath,1919-10-25
entity:artifact:1:ld1-1643390182193-1643390187781-0,artistDeath,1919-10-25
entity:artifact:1:ld1-1643390182193-1643390187782-0,artistDeath,1919-10-25
entity:artifact:1:ld1-1643390182193-1643390187782-1,artistDeath,1919-10-25
entity:artifact:1:ld1-1643390182193-1643390187783-0,artistDeath,1919-10-25
entity:artifact:1:ld1-1643390182193-1643390187784-0,artistDeath,1919-10-25
entity:artifact:1:ld1-1643390182193-1643390187784-1,artistDeath,1919-10-25
entity:artifact:1:ld1-1643390182193-1643390187785-0,artistDeath,1919-10-25
entity:artifact:1:ld1-1643390182193-1643390187786-0,artistDeath,0350
entity:artifact:1:ld1-1643390182193-1643390187786-1,artistDeath,1919-10-25
entity:artifact:1:ld1-1643390182193-1643390187788-0,artistDeath,1919-10-25
entity:artifact:1:ld1-1643390182193-1643390187789-0,artistDeath,1919-10-25
entity:artifact:1:ld1-1643390182193-1643390187790-0,artistDeath,1919-10-25
entity:artifact:1:ld1-1643390182193-1643390187790-1,artistDeath,1919-10-25
entity:artifact:1:ld1-1643390182193-1643390187791-0,artistDeath,1919-10-25
entity:artifact:1:ld1-1643390182193-1643390187793-0,artistDeath,1919-10-25
entity:artifact:1:ld1-1643390182193-1643390187797-0,artistDeath,0350
entity:artifact:1:ld1-1643390182193-1643390187798-0,artistDeath,0350
entity:artifact:1:ld1-1643390182193-1643390187801-0,artistDeath,1919-10-25
entity:artifact:1:ld1-1643390182193-1643390187801-1,artistDeath,1919-10-25
entity:artifact:1:ld1-1643390182193-1643390187802-0,artistDeath,1919-10-25
entity:artifact:1:ld1-1643390182193-1643390187803-0,artistDeath,1919-10-25
entity:artifact:1:ld1-1643390182193-1643390187804-0,artistDeath,1919-10-25
entity:artifact:1:ld1-1643390182193-1643390187805-0,artistDeath,1919-10-25
entity:artifact:1:ld1-1643390182193-1643390187805-1,artistDeath,1919-10-25
entity:artifact:1:ld1-1643390182193-1643390187806-0,artistDeath,1919-10-25
entity:artifact:1:ld1-1643390182193-1643390187807-0,artistDeath,1919-10-25
entity:artifact:1:ld1-1643390182193-1643390187808-0,artistDeath,1919-10-25
entity:artifact:1:ld1-1643390182193-1643390187809-0,artistDeath,1919-10-25
entity:artifact:1:ld1-1643390182193-1643390187810-0,artistDeath,1919-10-25
entity:artifact:1:ld1-1643390182193-1643390187810-1,artistDeath,1919-10-25
entity:artifact:1:ld1-1643390182193-1643390187811-0,artistDeath,1919-10-25
entity:artifact:1:ld1-1643390182193-1643390187812-0,artistDeath,1919-10-25
entity:artifact:1:ld1-1643390182193-1643390187815-0,artistDeath,1919-10-25
entity:artifact:1:ld1-1643390182193-1643390187816-1,artistDeath,1919-10-25
entity:artifact:1:ld1-1643390182193-1643390187817-0,artistDeath,1919-10-25
entity:artifact:1:ld1-1643390182193-1643390187818-0,artistDeath,1919-10-25
entity:artifact:1:ld1-1643390182193-1643390187821-0,artistDeath,1919-10-25
entity:artifact:1:ld1-1643390182193-1643390187821-1,artistDeath,1919-10-25
entity:artifact:1:ld1-1643390182193-1643390187828-0,artistDeath,1919-10-25
entity:artifact:1:ld1-1643390182193-1643390187832-0,artistDeath,1919-10-25
entity:artifact:1:ld1-1643390182193-1643390187833-0,artistDeath,1919-10-25
entity:artifact:1:ld1-1643390182193-1643390187834-0,artistDeath,1919-10-25
entity:artifact:1:ld1-1643390182193-1643390187835-0,artistDeath,1919-10-25
entity:artifact:1:ld1-1643390182193-1643390187835-1,artistDeath,1919-10-25
entity:artifact:1:ld1-1643390182193-1643390187836-0,artistDeath,1919-10-25
entity:artifact:1:ld1-1643390182193-1643390187837-0,artistDeath,1919-10-25
entity:artifact:1:ld1-1643390182193-1643390187870-0,artistDeath,1919-10-25
entity:artifact:1:ld1-1643390182193-1643390187871-0,artistDeath,1919-10-25
entity:artifact:1:ld1-1643390182193-1643390187873-0,artistDeath,1919-10-25
entity:artifact:1:ld1-1643390182193-1643390187874-1,artistDeath,1919-10-25
entity:artifact:1:ld1-1643390182193-1643390187875-0,artistDeath,1919-10-25
entity:artifact:1:ld1-1643390182193-1643390187876-0,artistDeath,1919-10-25
entity:artifact:1:ld1-1643390182193-1643390187880-0,artistDeath,1919-10-25
entity:artifact:1:ld1-1643390182193-1643390187880-1,artistDeath,1919-10-25
entity:artifact:1:ld1-1643390182193-1643390187881-0,artistDeath,1919-10-25
entity:artifact:1:ld1-1643390182193-1643390187882-0,artistDeath,1919-10-25
entity:artifact:1:ld1-1643390182193-1643390187883-0,artistDeath,1919-10-25
entity:artifact:1:ld1-1643390182193-1643390187884-0,artistDeath,1919-10-25
entity:artifact:1:ld1-1643390182193-1643390187885-0,artistDeath,1919-10-25
entity:artifact:1:ld1-1643390182193-1643390187886-0,artistDeath,1919-10-25
entity:artifact:1:ld1-1643390182193-1643390187906-0,artistDeath,1919-10-25
entity:artifact:1:ld1-1643390182193-1643390187914-0,artistDeath,1919-10-25
entity:artifact:1:ld1-1643390182193-1643390187914-1,artistDeath,1919-10-25
entity:artifact:1:ld1-1643390182193-1643390187921-1,artistDeath,1919-10-25
entity:artifact:1:ld1-1643390182193-1643390187924-0,artistDeath,1919-10-25
entity:artifact:1:ld1-1643390182193-1643390187928-1,artistDeath,1919-10-25
entity:artifact:1:ld1-1643390182193-1643390187935-0,artistDeath,1919-10-25
entity:artifact:1:ld1-1643390182193-1643390187938-0,artistDeath,1919-10-25
entity:artifact:1:ld1-1643390182193-1643390187939-0,artistDeath,1919-10-25
entity:artifact:1:ld1-1643390182193-1643390187942-0,artistDeath,1919-10-25
entity:artifact:1:ld1-1643390182193-1643390187944-0,artistDeath,1919-10-25
entity:artifact:1:ld1-1643390182193-1643390187946-0,artistDeath,1919-10-25
entity:artifact:1:ld1-1643390182193-1643390187951-0,artistDeath,1919-10-25
entity:artifact:1:ld1-1643390182193-1643390187951-1,artistDeath,1919-10-25
entity:artifact:1:ld1-1643390182193-1643390187952-0,artistDeath,1919-10-25
entity:artifact:1:ld1-1643390182193-1643390187953-0,artistDeath,1919-10-25
entity:artifact:1:ld1-1643390182193-1643390187954-0,artistDeath,1919-10-25
entity:artifact:1:ld1-1643390182193-1643390187956-0,artistDeath,0350
entity:artifact:1:ld1-1643390182193-1643390187957-0,artistDeath,1919-10-25
entity:artifact:1:ld1-1643390182193-1643390187959-0,artistDeath,1919-10-25
entity:artifact:1:ld1-1643390182193-1643390187960-0,artistDeath,1919-10-25
entity:artifact:1:ld1-1643390182193-1643390187961-0,artistDeath,1919-10-25
entity:artifact:1:ld1-1643390182193-1643390187962-0,artistDeath,1919-10-25
entity:artifact:1:ld1-1643390182193-1643390187965-0,artistDeath,1919-10-25
entity:artifact:1:ld1-1643390182193-1643390187965-1,artistDeath,1919-10-25
entity:artifact:1:ld1-1643390182193-1643390187974-0,artistDeath,1919-10-25
entity:artifact:1:ld1-1643390182193-1643390187975-0,artistDeath,1919-10-25
entity:artifact:1:ld1-1643390182193-1643390187976-0,artistDeath,1919-10-25
entity:artifact:1:ld1-1643390182193-1643390187979-0,artistDeath,1919-10-25
entity:artifact:1:ld1-1643390182193-1643390187981-0,artistDeath,1919-10-25
entity:artifact:1:ld1-1643390182193-1643390187982-0,artistDeath,1919-10-25
entity:artifact:1:ld1-1643390182193-1643390187983-0,artistDeath,1919-10-25
entity:artifact:1:ld1-1643390182193-1643390187984-0,artistDeath,1919-10-25
entity:artifact:1:ld1-1643390182193-1643390187987-0,artistDeath,1919-10-25
entity:artifact:1:ld1-1643390182193-1643390187988-0,artistDeath,1919-10-25
entity:artifact:1:ld1-1643390182193-1643390187989-0,artistDeath,1919-10-25
entity:artifact:1:ld1-1643390182193-1643390187990-0,artistDeath,1919-10-25
entity:artifact:1:ld1-1643390182193-1643390187994-0,artistDeath,1919-10-25
entity:artifact:1:ld1-1643390182193-1643390187994-1,artistDeath,1919-10-25
entity:artifact:1:ld1-1643390182193-1643390187995-0,artistDeath,1919-10-25
entity:artifact:1:ld1-1643390182193-1643390187997-1,artistDeath,1919-10-25
entity:artifact:1:ld1-1643390182193-1643390188000-0,artistDeath,1919-10-25
entity:artifact:1:ld1-1643390182193-1643390188002-1,artistDeath,1919-10-25
entity:artifact:1:ld1-1643390182193-1643390188005-0,artistDeath,1919-10-25
entity:artifact:1:ld1-1643390182193-1643390188006-0,artistDeath,1919-10-25
entity:artifact:1:ld1-1643390182193-1643390188007-0,artistDeath,1919-10-25
entity:artifact:1:ld1-1643390182193-1643390188007-1,artistDeath,1919-10-25
entity:artifact:1:ld1-1643390182193-1643390188008-0,artistDeath,1919-10-25
entity:artifact:1:ld1-1643390182193-1643390188010-0,artistDeath,1919-10-25
entity:artifact:1:ld1-1643390182193-1643390188011-1,artistDeath,1919-10-25
entity:artifact:1:ld1-1643390182193-1643390188012-0,artistDeath,1919-10-25
entity:artifact:1:ld1-1643390182193-1643390188014-0,artistDeath,0350
entity:artifact:1:ld1-1643390182193-1643390188014-1,artistDeath,1919-10-25
entity:artifact:1:ld1-1643390182193-1643390188015-0,artistDeath,1919-10-25
entity:artifact:1:ld1-1643390182193-1643390188016-0,artistDeath,1919-10-25
entity:artifact:1:ld1-1643390182193-1643390188017-0,artistDeath,1919-10-25
entity:artifact:1:ld1-1643390182193-1643390188018-0,artistDeath,1919-10-25
entity:artifact:1:ld1-1643390182193-1643390188020-1,artistDeath,1919-10-25
entity:artifact:1:ld1-1643390182193-1643390188021-0,artistDeath,1919-10-25
entity:artifact:1:ld1-1643390182193-1643390188023-0,artistDeath,1919-10-25
entity:artifact:1:ld1-1643390182193-1643390188024-1,artistDeath,1919-10-25
entity:artifact:1:ld1-1643390182193-1643390188025-0,artistDeath,1919-10-25
entity:artifact:1:ld1-1643390182193-1643390188029-0,artistDeath,1919-10-25
entity:artifact:1:ld1-1643390182193-1643390188030-0,artistDeath,1919-10-25
entity:artifact:1:ld1-1643390182193-1643390188030-1,artistDeath,1919-10-25
entity:artifact:1:ld1-1643390182193-1643390188031-0,artistDeath,1919-10-25
entity:artifact:1:ld1-1643390182193-1643390188032-0,artistDeath,1919-10-25
entity:artifact:1:ld1-1643390182193-1643390188033-0,artistDeath,1919-10-25
entity:artifact:1:ld1-1643390182193-1643390188034-0,artistDeath,1919-10-25
entity:artifact:1:ld1-1643390182193-1643390188035-0,artistDeath,1919-10-25
entity:artifact:1:ld1-1643390182193-1643390188036-0,artistDeath,1919-10-25
entity:artifact:1:ld1-1643390182193-1643390188039-1,artistDeath,1919-10-25
entity:artifact:1:ld1-1643390182193-1643390188040-0,artistDeath,1919-10-25
entity:artifact:1:ld1-1643390182193-1643390188041-0,artistDeath,1919-10-25
entity:artifact:1:ld1-1643390182193-1643390188043-1,artistDeath,1919-10-25
entity:artifact:1:ld1-1643390182193-1643390188051-0,artistDeath,1919-10-25
entity:artifact:1:ld1-1643390182193-1643390188053-0,artistDeath,0350
entity:artifact:1:ld1-1643390182193-1643390188054-0,artistDeath,0350
entity:artifact:1:ld1-1643390182193-1643390188062-0,artistDeath,1919-10-25
entity:artifact:1:ld1-1643390182193-1643390188063-0,artistDeath,1919-10-25
entity:artifact:1:ld1-1643390182193-1643390188063-1,artistDeath,1919-10-25
entity:artifact:1:ld1-1643390182193-1643390188204-0,artistDeath,1919-10-25
entity:artifact:1:ld1-1643390182193-1643390188209-0,artistDeath,1919-10-25
entity:artifact:1:ld1-1643390182193-1643390188211-0,artistDeath,1919-10-25
entity:artifact:1:ld1-1643390182193-1643390188223-0,artistDeath,1919-10-25
entity:artifact:1:ld1-1643390182193-1643390188247-0,artistDeath,1919-10-25
entity:artifact:1:ld1-1643390182193-1643390188253-0,artistDeath,2010-08-23
entity:artifact:1:ld1-1643390182193-1643390188279-0,artistDeath,1919-10-25
entity:artifact:1:ld1-1643390182193-1643390188328-0,artistDeath,1919-10-25
entity:artifact:1:ld1-1643390182193-1643390188330-0,artistDeath,1919-10-25
entity:artifact:1:ld1-1643390182193-1643390188334-0,artistDeath,1919-10-25
entity:artifact:1:ld1-1643390182193-1643390188338-0,artistDeath,1919-10-25
entity:artifact:1:ld1-1643390182193-1643390188339-0,artistDeath,1919-10-25
entity:artifact:1:ld1-1643390182193-1643390188342-0,artistDeath,1919-10-25
entity:artifact:1:ld1-1643390182193-1643390188344-0,artistDeath,1919-10-25
entity:artifact:1:ld1-1643390182193-1643390188346-0,artistDeath,1919-10-25
entity:artifact:1:ld1-1643390182193-1643390188349-0,artistDeath,1919-10-25
entity:artifact:1:ld1-1643390182193-1643390188351-0,artistDeath,1919-10-25
entity:artifact:1:ld1-1643390182193-1643390188354-0,artistDeath,1919-10-25
entity:artifact:1:ld1-1643390182193-1643390188358-0,artistDeath,1919-10-25
entity:artifact:1:ld1-1643390182193-1643390188365-0,artistDeath,1919-10-25
entity:artifact:1:ld1-1643390182193-1643390188369-0,artistDeath,1919-10-25
entity:artifact:1:ld1-1643390182193-1643390188371-0,artistDeath,1919-10-25
entity:artifact:1:ld1-1643390182193-1643390188372-0,artistDeath,1919-10-25
entity:artifact:1:ld1-1643390182193-1643390188374-0,artistDeath,1919-10-25
entity:artifact:1:ld1-1643390182193-1643390188376-0,artistDeath,1919-10-25
entity:artifact:1:ld1-1643390182193-1643390188377-0,artistDeath,1919-10-25
entity:artifact:1:ld1-1643390182193-1643390188379-0,artistDeath,1919-10-25
entity:artifact:1:ld1-1643390182193-1643390188380-0,artistDeath,1919-10-25
entity:artifact:1:ld1-1643390182193-1643390188382-0,artistDeath,1919-10-25
entity:artifact:1:ld1-1643390182193-1643390188400-0,artistDeath,1919-10-25
entity:artifact:1:ld1-1643390182193-1643390188405-0,artistDeath,1919-10-25
entity:artifact:1:ld1-1643390182193-1643390188410-0,artistDeath,1919-10-25
entity:artifact:1:ld1-1643390182193-1643390188417-0,artistDeath,1919-10-25
entity:artifact:1:ld1-1643390182193-1643390188419-0,artistDeath,1919-10-25
entity:artifact:1:ld1-1643390182193-1643390188420-0,artistDeath,1919-10-25
entity:artifact:1:ld1-1643390182193-1643390188422-0,artistDeath,1919-10-25
entity:artifact:1:ld1-1643390182193-1643390188423-0,artistDeath,1919-10-25
entity:artifact:1:ld1-1643390182193-1643390188434-0,artistDeath,1919-10-25
entity:artifact:1:ld1-1643390182193-1643390188435-0,artistDeath,1919-10-25
entity:artifact:1:ld1-1643390182193-1643390188437-0,artistDeath,1919-10-25
entity:artifact:1:ld1-1643390182193-1643390188443-0,artistDeath,0350
entity:artifact:1:ld1-1643390182193-1643390188455-0,artistDeath,1919-10-25
entity:artifact:1:ld1-1643390182193-1643390188516-0,artistDeath,1919-10-25
entity:artifact:1:ld1-1643390182193-1643390188556-0,artistDeath,1919-10-25
entity:artifact:1:ld1-1643390182193-1643390188558-0,artistDeath,1919-10-25
entity:artifact:1:ld1-1643390182193-1643390188559-0,artistDeath,1919-10-25
entity:artifact:1:ld1-1643390182193-1643390188561-0,artistDeath,1919-10-25
entity:artifact:1:ld1-1643390182193-1643390188562-0,artistDeath,1919-10-25
entity:artifact:1:ld1-1643390182193-1643390188564-0,artistDeath,1919-10-25
entity:artifact:1:ld1-1643390182193-1643390188565-0,artistDeath,1919-10-25
entity:artifact:1:ld1-1643390182193-1643390188567-0,artistDeath,1919-10-25
entity:artifact:1:ld1-1643390182193-1643390188568-0,artistDeath,1919-10-25
entity:artifact:1:ld1-1643390182193-1643390188570-0,artistDeath,1919-10-25
entity:artifact:1:ld1-1643390182193-1643390188571-0,artistDeath,1919-10-25
entity:artifact:1:ld1-1643390182193-1643390188573-0,artistDeath,1919-10-25
entity:artifact:1:ld1-1643390182193-1643390188574-0,artistDeath,1919-10-25
entity:artifact:1:ld1-1643390182193-1643390188576-0,artistDeath,1919-10-25
entity:artifact:1:ld1-1643390182193-1643390188578-0,artistDeath,1919-10-25
entity:artifact:1:ld1-1643390182193-1643390188579-0,artistDeath,1919-10-25
entity:artifact:1:ld1-1643390182193-1643390188584-1,artistDeath,1919-10-25
entity:artifact:1:ld1-1643390182193-1643390188602-0,artistDeath,1919-10-25
entity:artifact:1:ld1-1643390182193-1643390188603-0,artistDeath,1919-10-25
entity:artifact:1:ld1-1643390182193-1643390188612-0,artistDeath,1919-10-25
entity:artifact:1:ld1-1643390182193-1643390188614-0,artistDeath,1919-10-25
entity:artifact:1:ld1-1643390182193-1643390188615-0,artistDeath,1919-10-25
entity:artifact:1:ld1-1643390182193-1643390188642-0,artistDeath,1919-10-25
entity:artifact:1:ld1-1643390182193-1643390188658-0,artistDeath,1919-10-25
entity:artifact:1:ld1-1643390182193-1643390188659-0,artistDeath,1919-10-25
entity:artifact:1:ld1-1643390182193-1643390188668-0,artistDeath,1919-10-25
entity:artifact:1:ld1-1643390182193-1643390188676-0,artistDeath,1919-10-25
entity:artifact:1:ld1-1643390182193-1643390188682-0,artistDeath,1919-10-25
entity:artifact:1:ld1-1643390182193-1643390188685-0,artistDeath,1919-10-25
entity:artifact:1:ld1-1643390182193-1643390188688-0,artistDeath,1919-10-25
entity:artifact:1:ld1-1643390182193-1643390188691-0,artistDeath,1919-10-25
entity:artifact:1:ld1-1643390182193-1643390188693-0,artistDeath,1919-10-25
entity:artifact:1:ld1-1643390182193-1643390188703-1,artistDeath,1919-10-25
entity:artifact:1:ld1-1643390182193-1643390188708-0,artistDeath,1919-10-25
entity:artifact:1:ld1-1643390182193-1643390188708-1,artistDeath,1919-10-25
entity:artifact:1:ld1-1643390182193-1643390188710-0,artistDeath,1919-10-25
entity:artifact:1:ld1-1643390182193-1643390188720-1,artistDeath,1919-10-25
entity:artifact:1:ld1-1643390182193-1643390188722-0,artistDeath,1919-10-25
entity:artifact:1:ld1-1643390182193-1643390188722-1,artistDeath,1919-10-25
entity:artifact:1:ld1-1643390182193-1643390188724-0,artistDeath,1919-10-25
entity:artifact:1:ld1-1643390182193-1643390188725-1,artistDeath,1919-10-25
entity:artifact:1:ld1-1643390182193-1643390188727-0,artistDeath,1919-10-25
entity:artifact:1:ld1-1643390182193-1643390188728-0,artistDeath,1919-10-25
entity:artifact:1:ld1-1643390182193-1643390188728-1,artistDeath,1919-10-25
entity:artifact:1:ld1-1643390182193-1643390188729-0,artistDeath,1919-10-25
entity:artifact:1:ld1-1643390182193-1643390188730-0,artistDeath,1919-10-25
entity:artifact:1:ld1-1643390182193-1643390188731-0,artistDeath,1919-10-25
entity:artifact:1:ld1-1643390182193-1643390188739-0,artistDeath,1919-10-25
entity:artifact:1:ld1-1643390182193-1643390188741-0,artistDeath,1919-10-25
entity:artifact:1:ld1-1643390182193-1643390188741-1,artistDeath,1919-10-25
entity:artifact:1:ld1-1643390182193-1643390188745-0,artistDeath,1919-10-25
entity:artifact:1:ld1-1643390182193-1643390188746-0,artistDeath,1919-10-25
entity:artifact:1:ld1-1643390182193-1643390188747-0,artistDeath,1919-10-25
entity:artifact:1:ld1-1643390182193-1643390188748-0,artistDeath,1919-10-25
entity:artifact:1:ld1-1643390182193-1643390188748-1,artistDeath,1919-10-25
entity:artifact:1:ld1-1643390182193-1643390188749-0,artistDeath,1919-10-25
entity:artifact:1:ld1-1643390182193-1643390188750-0,artistDeath,1919-10-25
entity:artifact:1:ld1-1643390182193-1643390188751-0,artistDeath,1919-10-25
entity:artifact:1:ld1-1643390182193-1643390188751-1,artistDeath,1919-10-25
entity:artifact:1:ld1-1643390182193-1643390188752-0,artistDeath,1919-10-25
entity:artifact:1:ld1-1643390182193-1643390188755-0,artistDeath,1919-10-25
entity:artifact:1:ld1-1643390182193-1643390188757-0,artistDeath,1919-10-25
entity:artifact:1:ld1-1643390182193-1643390188758-0,artistDeath,1919-10-25
entity:artifact:1:ld1-1643390182193-1643390188759-0,artistDeath,1919-10-25
entity:artifact:1:ld1-1643390182193-1643390188761-0,artistDeath,1919-10-25
entity:artifact:1:ld1-1643390182193-1643390188764-0,artistDeath,1919-10-25
entity:artifact:1:ld1-1643390182193-1643390188766-0,artistDeath,1919-10-25
entity:artifact:1:ld1-1643390182193-1643390188767-0,artistDeath,1919-10-25
entity:artifact:1:ld1-1643390182193-1643390188768-0,artistDeath,1919-10-25
entity:artifact:1:ld1-1643390182193-1643390188769-0,artistDeath,1919-10-25
entity:artifact:1:ld1-1643390182193-1643390188770-0,artistDeath,1919-10-25
entity:artifact:1:ld1-1643390182193-1643390188771-1,artistDeath,1919-10-25
entity:artifact:1:ld1-1643390182193-1643390188772-0,artistDeath,1919-10-25
entity:artifact:1:ld1-1643390182193-1643390188774-0,artistDeath,1919-10-25
entity:artifact:1:ld1-1643390182193-1643390188776-0,artistDeath,1919-10-25
entity:artifact:1:ld1-1643390182193-1643390188778-1,artistDeath,1919-10-25
entity:artifact:1:ld1-1643390182193-1643390188787-0,artistDeath,1919-10-25
entity:artifact:1:ld1-1643390182193-1643390188788-0,artistDeath,1919-10-25
entity:artifact:1:ld1-1643390182193-1643390188789-0,artistDeath,1919-10-25
entity:artifact:1:ld1-1643390182193-1643390188789-1,artistDeath,1919-10-25
entity:artifact:1:ld1-1643390182193-1643390188790-0,artistDeath,1919-10-25
entity:artifact:1:ld1-1643390182193-1643390188820-0,artistDeath,1919-10-25
entity:artifact:1:ld1-1643390182193-1643390188827-0,artistDeath,1919-10-25
entity:artifact:1:ld1-1643390182193-1643390188828-0,artistDeath,1919-10-25
entity:artifact:1:ld1-1643390182193-1643390188833-0,artistDeath,1919-10-25
entity:artifact:1:ld1-1643390182193-1643390188834-0,artistDeath,1919-10-25
entity:artifact:1:ld1-1643390182193-1643390188835-0,artistDeath,1919-10-25
entity:artifact:1:ld1-1643390182193-1643390188836-0,artistDeath,1919-10-25
entity:artifact:1:ld1-1643390182193-1643390188850-0,artistDeath,1919-10-25
entity:artifact:1:ld1-1643390182193-1643390188862-0,artistDeath,1919-10-25
entity:artifact:1:ld1-1643390182193-1643390188863-0,artistDeath,1919-10-25
entity:artifact:1:ld1-1643390182193-1643390188864-0,artistDeath,1919-10-25
entity:artifact:1:ld1-1643390182193-1643390188873-0,artistDeath,1919-10-25
entity:artifact:1:ld1-1643390182193-1643390188879-0,artistDeath,1919-10-25
entity:artifact:1:ld1-1643390182193-1643390188891-0,artistDeath,1919-10-25
entity:artifact:1:ld1-1643390182193-1643390188892-0,artistDeath,1919-10-25
entity:artifact:1:ld1-1643390182193-1643390188893-0,artistDeath,1919-10-25
entity:artifact:1:ld1-1643390182193-1643390188903-0,artistDeath,0350
entity:artifact:1:ld1-1643390182193-1643390188903-1,artistDeath,0350
entity:artifact:1:ld1-1643390182193-1643390188906-0,artistDeath,0350
entity:artifact:1:ld1-1643390182193-1643390188907-0,artistDeath,0350
entity:artifact:1:ld1-1643390182193-1643390188908-0,artistDeath,0350
entity:artifact:1:ld1-1643390182193-1643390188910-0,artistDeath,1919-10-25
entity:artifact:1:ld1-1643390182193-1643390188920-0,artistDeath,1919-10-25
entity:artifact:1:ld1-1643390182193-1643390188921-0,artistDeath,1919-10-25
entity:artifact:1:ld1-1643390182193-1643390188921-1,artistDeath,1919-10-25
entity:artifact:1:ld1-1643390182193-1643390188922-0,artistDeath,1919-10-25
entity:artifact:1:ld1-1643390182193-1643390188923-0,artistDeath,1919-10-25
entity:artifact:1:ld1-1643390182193-1643390188926-0,artistDeath,1919-10-25
entity:artifact:1:ld1-1643390182193-1643390188926-1,artistDeath,1919-10-25
entity:artifact:1:ld1-1643390182193-1643390188956-0,artistDeath,1919-10-25
entity:artifact:1:ld1-1643390182193-1643390188957-0,artistDeath,1919-10-25
entity:artifact:1:ld1-1643390182193-1643390188959-0,artistDeath,1919-10-25
entity:artifact:1:ld1-1643390182193-1643390188960-0,artistDeath,1919-10-25
entity:artifact:1:ld1-1643390182193-1643390188962-1,artistDeath,1919-10-25
entity:artifact:1:ld1-1643390182193-1643390188963-0,artistDeath,1919-10-25
entity:artifact:1:ld1-1643390182193-1643390188964-0,artistDeath,1919-10-25
entity:artifact:1:ld1-1643390182193-1643390188965-0,artistDeath,1919-10-25
entity:artifact:1:ld1-1643390182193-1643390188966-0,artistDeath,1919-10-25
entity:artifact:1:ld1-1643390182193-1643390188967-0,artistDeath,1919-10-25
entity:artifact:1:ld1-1643390182193-1643390188968-0,artistDeath,1919-10-25
entity:artifact:1:ld1-1643390182193-1643390188970-0,artistDeath,1919-10-25
entity:artifact:1:ld1-1643390182193-1643390188988-0,artistDeath,1919-10-25
entity:artifact:1:ld1-1643390182193-1643390188989-0,artistDeath,1919-10-25
entity:artifact:1:ld1-1643390182193-1643390188990-0,artistDeath,1919-10-25
entity:artifact:1:ld1-1643390182193-1643390188992-1,artistDeath,1919-10-25
entity:artifact:1:ld1-1643390182193-1643390189005-0,artistDeath,1919-10-25
entity:artifact:1:ld1-1643390182193-1643390189006-0,artistDeath,1919-10-25
entity:artifact:1:ld1-1643390182193-1643390189007-0,artistDeath,1919-10-25
entity:artifact:1:ld1-1643390182193-1643390189008-0,artistDeath,1919-10-25
entity:artifact:1:ld1-1643390182193-1643390189009-0,artistDeath,1919-10-25
entity:artifact:1:ld1-1643390182193-1643390189009-1,artistDeath,1919-10-25
entity:artifact:1:ld1-1643390182193-1643390189014-0,artistDeath,1919-10-25
entity:artifact:1:ld1-1643390182193-1643390189020-1,artistDeath,1919-10-25
entity:artifact:1:ld1-1643390182193-1643390189027-0,artistDeath,1919-10-25
entity:artifact:1:ld1-1643390182193-1643390189028-0,artistDeath,1919-10-25
entity:artifact:1:ld1-1643390182193-1643390189030-1,artistDeath,1919-10-25
entity:artifact:1:ld1-1643390182193-1643390189031-0,artistDeath,1919-10-25
entity:artifact:1:ld1-1643390182193-1643390189032-0,artistDeath,1919-10-25
entity:artifact:1:ld1-1643390182193-1643390189032-1,artistDeath,1919-10-25
entity:artifact:1:ld1-1643390182193-1643390189033-0,artistDeath,1919-10-25
entity:artifact:1:ld1-1643390182193-1643390189034-0,artistDeath,1919-10-25
entity:artifact:1:ld1-1643390182193-1643390189041-0,artistDeath,1919-10-25
entity:artifact:1:ld1-1643390182193-1643390189042-0,artistDeath,1919-10-25
entity:artifact:1:ld1-1643390182193-1643390189052-0,artistDeath,1919-10-25
entity:artifact:1:ld1-1643390182193-1643390189053-0,artistDeath,1919-10-25
entity:artifact:1:ld1-1643390182193-1643390189054-0,artistDeath,1919-10-25
entity:artifact:1:ld1-1643390182193-1643390189054-1,artistDeath,1919-10-25
entity:artifact:1:ld1-1643390182193-1643390189055-0,artistDeath,1919-10-25
entity:artifact:1:ld1-1643390182193-1643390189060-0,artistDeath,1919-10-25
entity:artifact:1:ld1-1643390182193-1643390189061-1,artistDeath,1919-10-25
entity:artifact:1:ld1-1643390182193-1643390189062-0,artistDeath,1919-10-25
entity:artifact:1:ld1-1643390182193-1643390189078-1,artistDeath,1919-10-25
entity:artifact:1:ld1-1643390182193-1643390189080-0,artistDeath,1919-10-25
entity:artifact:1:ld1-1643390182193-1643390189081-0,artistDeath,1919-10-25
entity:artifact:1:ld1-1643390182193-1643390189083-0,artistDeath,1919-10-25
entity:artifact:1:ld1-1643390182193-1643390189084-0,artistDeath,1919-10-25
entity:artifact:1:ld1-1643390182193-1643390189085-1,artistDeath,1919-10-25
entity:artifact:1:ld1-1643390182193-1643390189086-0,artistDeath,1919-10-25
entity:artifact:1:ld1-1643390182193-1643390189088-0,artistDeath,1919-10-25
entity:artifact:1:ld1-1643390182193-1643390189089-0,artistDeath,1919-10-25
entity:artifact:1:ld1-1643390182193-1643390189090-0,artistDeath,1919-10-25
entity:artifact:1:ld1-1643390182193-1643390189090-1,artistDeath,1919-10-25
entity:artifact:1:ld1-1643390182193-1643390189091-0,artistDeath,1919-10-25
entity:artifact:1:ld1-1643390182193-1643390189094-0,artistDeath,1919-10-25
entity:artifact:1:ld1-1643390182193-1643390189095-0,artistDeath,1919-10-25
entity:artifact:1:ld1-1643390182193-1643390189096-0,artistDeath,1919-10-25
entity:artifact:1:ld1-1643390182193-1643390189097-0,artistDeath,1919-10-25
entity:artifact:1:ld1-1643390182193-1643390189097-1,artistDeath,1919-10-25
entity:artifact:1:ld1-1643390182193-1643390189098-0,artistDeath,1919-10-25
entity:artifact:1:ld1-1643390182193-1643390189105-0,artistDeath,1919-10-25
entity:artifact:1:ld1-1643390182193-1643390189107-0,artistDeath,1919-10-25
entity:artifact:1:ld1-1643390182193-1643390189110-0,artistDeath,1919-10-25
entity:artifact:1:ld1-1643390182193-1643390189111-0,artistDeath,1919-10-25
entity:artifact:1:ld1-1643390182193-1643390189112-0,artistDeath,1919-10-25
entity:artifact:1:ld1-1643390182193-1643390189115-0,artistDeath,1919-10-25
entity:artifact:1:ld1-1643390182193-1643390189117-0,artistDeath,1919-10-25
entity:artifact:1:ld1-1643390182193-1643390189125-1,artistDeath,1919-10-25
entity:artifact:1:ld1-1643390182193-1643390189126-0,artistDeath,1919-10-25
entity:artifact:1:ld1-1643390182193-1643390189130-0,artistDeath,1919-10-25
entity:artifact:1:ld1-1643390182193-1643390189130-1,artistDeath,1919-10-25
entity:artifact:1:ld1-1643390182193-1643390189131-0,artistDeath,1919-10-25
entity:artifact:1:ld1-1643390182193-1643390189134-0,artistDeath,1919-10-25
entity:artifact:1:ld1-1643390182193-1643390189135-1,artistDeath,1919-10-25
entity:artifact:1:ld1-1643390182193-1643390189139-0,artistDeath,1919-10-25
entity:artifact:1:ld1-1643390182193-1643390189140-1,artistDeath,1919-10-25
entity:artifact:1:ld1-1643390182193-1643390189141-0,artistDeath,1919-10-25
entity:artifact:1:ld1-1643390182193-1643390189142-0,artistDeath,1919-10-25
entity:artifact:1:ld1-1643390182193-1643390189146-0,artistDeath,1919-10-25
entity:artifact:1:ld1-1643390182193-1643390189147-0,artistDeath,1919-10-25
entity:artifact:1:ld1-1643390182193-1643390189147-1,artistDeath,1919-10-25
entity:artifact:1:ld1-1643390182193-1643390189148-0,artistDeath,1919-10-25
entity:artifact:1:ld1-1643390182193-1643390189149-0,artistDeath,1919-10-25
entity:artifact:1:ld1-1643390182193-1643390189154-0,artistDeath,1919-10-25
entity:artifact:1:ld1-1643390182193-1643390189155-0,artistDeath,1919-10-25
entity:artifact:1:ld1-1643390182193-1643390189156-0,artistDeath,1919-10-25
entity:artifact:1:ld1-1643390182193-1643390189157-0,artistDeath,1919-10-25
entity:artifact:1:ld1-1643390182193-1643390189158-0,artistDeath,1919-10-25
entity:artifact:1:ld1-1643390182193-1643390189158-1,artistDeath,1919-10-25
entity:artifact:1:ld1-1643390182193-1643390189160-0,artistDeath,1919-10-25
entity:artifact:1:ld1-1643390182193-1643390189167-0,artistDeath,1919-10-25
entity:artifact:1:ld1-1643390182193-1643390189168-0,artistDeath,1919-10-25
entity:artifact:1:ld1-1643390182193-1643390189199-1,artistDeath,1919-10-25
entity:artifact:1:ld1-1643390182193-1643390189216-0,artistDeath,1919-10-25
entity:artifact:1:ld1-1643390182193-1643390189221-0,artistDeath,1919-10-25
entity:artifact:1:ld1-1643390182193-1643390189222-0,artistDeath,1919-10-25
entity:artifact:1:ld1-1643390182193-1643390189223-0,artistDeath,1919-10-25
entity:artifact:1:ld1-1643390182193-1643390189224-0,artistDeath,1919-10-25
entity:artifact:1:ld1-1643390182193-1643390189224-1,artistDeath,1919-10-25
entity:artifact:1:ld1-1643390182193-1643390189225-0,artistDeath,1919-10-25
entity:artifact:1:ld1-1643390182193-1643390189226-0,artistDeath,1919-10-25
entity:artifact:1:ld1-1643390182193-1643390189229-0,artistDeath,1919-10-25
entity:artifact:1:ld1-1643390182193-1643390189233-0,artistDeath,1919-10-25
entity:artifact:1:ld1-1643390182193-1643390189233-1,artistDeath,1919-10-25
entity:artifact:1:ld1-1643390182193-1643390189238-0,artistDeath,1919-10-25
entity:artifact:1:ld1-1643390182193-1643390189239-0,artistDeath,1919-10-25
entity:artifact:1:ld1-1643390182193-1643390189240-0,artistDeath,1919-10-25
entity:artifact:1:ld1-1643390182193-1643390189240-1,artistDeath,1919-10-25
entity:artifact:1:ld1-1643390182193-1643390189241-0,artistDeath,1919-10-25
entity:artifact:1:ld1-1643390182193-1643390189242-0,artistDeath,1919-10-25
entity:artifact:1:ld1-1643390182193-1643390189243-0,artistDeath,1919-10-25
entity:artifact:1:ld1-1643390182193-1643390189244-0,artistDeath,1919-10-25
entity:artifact:1:ld1-1643390182193-1643390189246-1,artistDeath,1919-10-25
entity:artifact:1:ld1-1643390182193-1643390189248-0,artistDeath,1919-10-25
entity:artifact:1:ld1-1643390182193-1643390189248-1,artistDeath,1919-10-25
entity:artifact:1:ld1-1643390182193-1643390189251-0,artistDeath,1919-10-25
entity:artifact:1:ld1-1643390182193-1643390189252-0,artistDeath,1919-10-25
entity:artifact:1:ld1-1643390182193-1643390189252-1,artistDeath,1919-10-25
entity:artifact:1:ld1-1643390182193-1643390189253-0,artistDeath,1919-10-25
entity:artifact:1:ld1-1643390182193-1643390189254-1,artistDeath,1919-10-25
entity:artifact:1:ld1-1643390182193-1643390189256-1,artistDeath,1919-10-25
entity:artifact:1:ld1-1643390182193-1643390189257-0,artistDeath,1919-10-25
entity:artifact:1:ld1-1643390182193-1643390189258-0,artistDeath,1919-10-25
entity:artifact:1:ld1-1643390182193-1643390189261-0,artistDeath,1919-10-25
entity:artifact:1:ld1-1643390182193-1643390189261-1,artistDeath,1919-10-25
entity:artifact:1:ld1-1643390182193-1643390189263-0,artistDeath,1919-10-25
entity:artifact:1:ld1-1643390182193-1643390189266-0,artistDeath,1919-10-25
entity:artifact:1:ld1-1643390182193-1643390189267-0,artistDeath,1919-10-25
entity:artifact:1:ld1-1643390182193-1643390189268-0,artistDeath,1919-10-25
entity:artifact:1:ld1-1643390182193-1643390189269-0,artistDeath,1919-10-25
entity:artifact:1:ld1-1643390182193-1643390189269-1,artistDeath,1919-10-25
entity:artifact:1:ld1-1643390182193-1643390189271-0,artistDeath,1919-10-25
entity:artifact:1:ld1-1643390182193-1643390189271-1,artistDeath,1919-10-25
entity:artifact:1:ld1-1643390182193-1643390189273-0,artistDeath,1919-10-25
entity:artifact:1:ld1-1643390182193-1643390189274-0,artistDeath,1919-10-25
entity:artifact:1:ld1-1643390182193-1643390189275-0,artistDeath,1919-10-25
entity:artifact:1:ld1-1643390182193-1643390189275-1,artistDeath,1919-10-25
entity:artifact:1:ld1-1643390182193-1643390189276-0,artistDeath,1919-10-25
entity:artifact:1:ld1-1643390182193-1643390189277-0,artistDeath,1919-10-25
entity:artifact:1:ld1-1643390182193-1643390189278-0,artistDeath,1919-10-25
entity:artifact:1:ld1-1643390182193-1643390189279-0,artistDeath,1919-10-25
entity:artifact:1:ld1-1643390182193-1643390189280-0,artistDeath,1919-10-25
entity:artifact:1:ld1-1643390182193-1643390189281-0,artistDeath,1919-10-25
entity:artifact:1:ld1-1643390182193-1643390189282-0,artistDeath,1919-10-25
entity:artifact:1:ld1-1643390182193-1643390189283-1,artistDeath,1919-10-25
entity:artifact:1:ld1-1643390182193-1643390189284-0,artistDeath,1919-10-25
entity:artifact:1:ld1-1643390182193-1643390189286-0,artistDeath,1919-10-25
entity:artifact:1:ld1-1643390182193-1643390189287-0,artistDeath,1919-10-25
entity:artifact:1:ld1-1643390182193-1643390189290-0,artistDeath,1919-10-25
entity:artifact:1:ld1-1643390182193-1643390189292-0,artistDeath,1919-10-25
entity:artifact:1:ld1-1643390182193-1643390189293-0,artistDeath,1919-10-25
entity:artifact:1:ld1-1643390182193-1643390189295-0,artistDeath,1919-10-25
entity:artifact:1:ld1-1643390182193-1643390189296-1,artistDeath,1919-10-25
entity:artifact:1:ld1-1643390182193-1643390189297-0,artistDeath,1919-10-25
entity:artifact:1:ld1-1643390182193-1643390189299-1,artistDeath,1919-10-25
entity:artifact:1:ld1-1643390182193-1643390189301-1,artistDeath,1919-10-25
entity:artifact:1:ld1-1643390182193-1643390189302-0,artistDeath,1919-10-25
entity:artifact:1:ld1-1643390182193-1643390189303-0,artistDeath,1919-10-25
entity:artifact:1:ld1-1643390182193-1643390189305-0,artistDeath,1919-10-25
entity:artifact:1:ld1-1643390182193-1643390189306-0,artistDeath,1919-10-25
entity:artifact:1:ld1-1643390182193-1643390189306-1,artistDeath,1919-10-25
entity:artifact:1:ld1-1643390182193-1643390189308-0,artistDeath,1919-10-25
entity:artifact:1:ld1-1643390182193-1643390189310-0,artistDeath,1919-10-25
entity:artifact:1:ld1-1643390182193-1643390189312-0,artistDeath,1919-10-25
entity:artifact:1:ld1-1643390182193-1643390189313-0,artistDeath,1919-10-25
entity:artifact:1:ld1-1643390182193-1643390189314-0,artistDeath,1919-10-25
entity:artifact:1:ld1-1643390182193-1643390189315-0,artistDeath,1919-10-25
entity:artifact:1:ld1-1643390182193-1643390189316-0,artistDeath,1919-10-25
entity:artifact:1:ld1-1643390182193-1643390189317-0,artistDeath,1919-10-25
entity:artifact:1:ld1-1643390182193-1643390189318-0,artistDeath,1919-10-25
entity:artifact:1:ld1-1643390182193-1643390189320-0,artistDeath,1919-10-25
entity:artifact:1:ld1-1643390182193-1643390189322-0,artistDeath,1919-10-25
entity:artifact:1:ld1-1643390182193-1643390189323-0,artistDeath,1919-10-25
entity:artifact:1:ld1-1643390182193-1643390189331-0,artistDeath,1919-10-25
entity:artifact:1:ld1-1643390182193-1643390189341-1,artistDeath,1919-10-25
entity:artifact:1:ld1-1643390182193-1643390189342-0,artistDeath,1919-10-25
entity:artifact:1:ld1-1643390182193-1643390189343-0,artistDeath,1919-10-25
entity:artifact:1:ld1-1643390182193-1643390189344-0,artistDeath,1919-10-25
entity:artifact:1:ld1-1643390182193-1643390189345-0,artistDeath,1919-10-25
entity:artifact:1:ld1-1643390182193-1643390189346-0,artistDeath,1919-10-25
entity:artifact:1:ld1-1643390182193-1643390189346-1,artistDeath,1919-10-25
entity:artifact:1:ld1-1643390182193-1643390189348-0,artistDeath,1919-10-25
entity:artifact:1:ld1-1643390182193-1643390189349-0,artistDeath,1919-10-25
entity:artifact:1:ld1-1643390182193-1643390189349-1,artistDeath,1919-10-25
entity:artifact:1:ld1-1643390182193-1643390189351-0,artistDeath,1919-10-25
entity:artifact:1:ld1-1643390182193-1643390189351-1,artistDeath,1919-10-25
entity:artifact:1:ld1-1643390182193-1643390189352-0,artistDeath,1919-10-25
entity:artifact:1:ld1-1643390182193-1643390189353-0,artistDeath,1919-10-25
entity:artifact:1:ld1-1643390182193-1643390189354-0,artistDeath,1919-10-25
entity:artifact:1:ld1-1643390182193-1643390189356-0,artistDeath,1919-10-25
entity:artifact:1:ld1-1643390182193-1643390189357-0,artistDeath,1919-10-25
entity:artifact:1:ld1-1643390182193-1643390189357-1,artistDeath,1919-10-25
entity:artifact:1:ld1-1643390182193-1643390189358-0,artistDeath,1919-10-25
entity:artifact:1:ld1-1643390182193-1643390189359-0,artistDeath,1919-10-25
entity:artifact:1:ld1-1643390182193-1643390189360-0,artistDeath,1919-10-25
entity:artifact:1:ld1-1643390182193-1643390189361-0,artistDeath,1919-10-25
entity:artifact:1:ld1-1643390182193-1643390189361-1,artistDeath,1919-10-25
entity:artifact:1:ld1-1643390182193-1643390189362-0,artistDeath,1919-10-25
entity:artifact:1:ld1-1643390182193-1643390189363-0,artistDeath,1919-10-25
entity:artifact:1:ld1-1643390182193-1643390189364-1,artistDeath,1919-10-25
entity:artifact:1:ld1-1643390182193-1643390189366-1,artistDeath,1919-10-25
entity:artifact:1:ld1-1643390182193-1643390189369-0,artistDeath,1919-10-25
entity:artifact:1:ld1-1643390182193-1643390189370-0,artistDeath,1919-10-25
entity:artifact:1:ld1-1643390182193-1643390189375-0,artistDeath,1919-10-25
entity:artifact:1:ld1-1643390182193-1643390189376-0,artistDeath,1919-10-25
entity:artifact:1:ld1-1643390182193-1643390189377-1,artistDeath,1919-10-25
entity:artifact:1:ld1-1643390182193-1643390189379-0,artistDeath,1919-10-25
entity:artifact:1:ld1-1643390182193-1643390189380-0,artistDeath,1919-10-25
entity:artifact:1:ld1-1643390182193-1643390189382-1,artistDeath,1919-10-25
entity:artifact:1:ld1-1643390182193-1643390189386-0,artistDeath,1919-10-25
entity:artifact:1:ld1-1643390182193-1643390189387-0,artistDeath,1919-10-25
entity:artifact:1:ld1-1643390182193-1643390189388-0,artistDeath,1919-10-25
entity:artifact:1:ld1-1643390182193-1643390189389-0,artistDeath,1919-10-25
entity:artifact:1:ld1-1643390182193-1643390189390-1,artistDeath,1919-10-25
entity:artifact:1:ld1-1643390182193-1643390189391-0,artistDeath,1919-10-25
entity:artifact:1:ld1-1643390182193-1643390189392-0,artistDeath,1919-10-25
entity:artifact:1:ld1-1643390182193-1643390189393-0,artistDeath,1919-10-25
entity:artifact:1:ld1-1643390182193-1643390189394-0,artistDeath,1919-10-25
entity:artifact:1:ld1-1643390182193-1643390189395-0,artistDeath,1919-10-25
entity:artifact:1:ld1-1643390182193-1643390189395-1,artistDeath,1919-10-25
entity:artifact:1:ld1-1643390182193-1643390189397-0,artistDeath,1919-10-25
entity:artifact:1:ld1-1643390182193-1643390189398-0,artistDeath,1919-10-25
entity:artifact:1:ld1-1643390182193-1643390189400-1,artistDeath,1919-10-25
entity:artifact:1:ld1-1643390182193-1643390189404-0,artistDeath,1919-10-25
entity:artifact:1:ld1-1643390182193-1643390189410-0,artistDeath,1919-10-25
entity:artifact:1:ld1-1643390182193-1643390189411-1,artistDeath,1919-10-25
entity:artifact:1:ld1-1643390182193-1643390189413-0,artistDeath,1919-10-25
entity:artifact:1:ld1-1643390182193-1643390189414-0,artistDeath,1919-10-25
entity:artifact:1:ld1-1643390182193-1643390189416-0,artistDeath,1919-10-25
entity:artifact:1:ld1-1643390182193-1643390189416-1,artistDeath,1919-10-25
entity:artifact:1:ld1-1643390182193-1643390189419-0,artistDeath,1919-10-25
entity:artifact:1:ld1-1643390182193-1643390189422-0,artistDeath,1919-10-25
entity:artifact:1:ld1-1643390182193-1643390189425-0,artistDeath,1919-10-25
entity:artifact:1:ld1-1643390182193-1643390189427-0,artistDeath,1919-10-25
entity:artifact:1:ld1-1643390182193-1643390189428-0,artistDeath,1919-10-25
entity:artifact:1:ld1-1643390182193-1643390189429-0,artistDeath,1919-10-25
entity:artifact:1:ld1-1643390182193-1643390189429-1,artistDeath,1919-10-25
entity:artifact:1:ld1-1643390182193-1643390189433-1,artistDeath,1919-10-25
entity:artifact:1:ld1-1643390182193-1643390189435-0,artistDeath,1919-10-25
entity:artifact:1:ld1-1643390182193-1643390189437-0,artistDeath,1919-10-25
entity:artifact:1:ld1-1643390182193-1643390189438-0,artistDeath,1919-10-25
entity:artifact:1:ld1-1643390182193-1643390189439-0,artistDeath,1919-10-25
entity:artifact:1:ld1-1643390182193-1643390189440-0,artistDeath,1919-10-25
entity:artifact:1:ld1-1643390182193-1643390189440-1,artistDeath,1919-10-25
entity:artifact:1:ld1-1643390182193-1643390189441-0,artistDeath,1919-10-25
entity:artifact:1:ld1-1643390182193-1643390189442-0,artistDeath,1919-10-25
entity:artifact:1:ld1-1643390182193-1643390189443-0,artistDeath,1919-10-25
entity:artifact:1:ld1-1643390182193-1643390189443-1,artistDeath,1919-10-25
entity:artifact:1:ld1-1643390182193-1643390189444-0,artistDeath,1919-10-25
entity:artifact:1:ld1-1643390182193-1643390189445-0,artistDeath,1919-10-25
entity:artifact:1:ld1-1643390182193-1643390189445-1,artistDeath,1919-10-25
entity:artifact:1:ld1-1643390182193-1643390189449-1,artistDeath,1919-10-25
entity:artifact:1:ld1-1643390182193-1643390189450-0,artistDeath,1919-10-25
entity:artifact:1:ld1-1643390182193-1643390189451-1,artistDeath,1919-10-25
entity:artifact:1:ld1-1643390182193-1643390189453-0,artistDeath,1919-10-25
entity:artifact:1:ld1-1643390182193-1643390189454-0,artistDeath,1919-10-25
entity:artifact:1:ld1-1643390182193-1643390189460-0,artistDeath,1919-10-25
entity:artifact:1:ld1-1643390182193-1643390189462-1,artistDeath,1919-10-25
entity:artifact:1:ld1-1643390182193-1643390189463-0,artistDeath,1919-10-25
entity:artifact:1:ld1-1643390182193-1643390189464-0,artistDeath,1919-10-25
entity:artifact:1:ld1-1643390182193-1643390189467-0,artistDeath,1919-10-25
entity:artifact:1:ld1-1643390182193-1643390189468-0,artistDeath,1919-10-25
entity:artifact:1:ld1-1643390182193-1643390189470-1,artistDeath,1919-10-25
entity:artifact:1:ld1-1643390182193-1643390189471-0,artistDeath,1919-10-25
entity:artifact:1:ld1-1643390182193-1643390189475-1,artistDeath,1919-10-25
entity:artifact:1:ld1-1643390182193-1643390189477-0,artistDeath,1919-10-25
entity:artifact:1:ld1-1643390182193-1643390189477-1,artistDeath,1919-10-25
entity:artifact:1:ld1-1643390182193-1643390189478-0,artistDeath,1919-10-25
entity:artifact:1:ld1-1643390182193-1643390189481-1,artistDeath,1919-10-25
entity:artifact:1:ld1-1643390182193-1643390189485-0,artistDeath,1919-10-25
entity:artifact:1:ld1-1643390182193-1643390189486-1,artistDeath,1919-10-25
entity:artifact:1:ld1-1643390182193-1643390189487-0,artistDeath,1919-10-25
entity:artifact:1:ld1-1643390182193-1643390189488-0,artistDeath,1919-10-25
entity:artifact:1:ld1-1643390182193-1643390189488-1,artistDeath,1919-10-25
entity:artifact:1:ld1-1643390182193-1643390189497-0,artistDeath,1919-10-25
entity:artifact:1:ld1-1643390182193-1643390189498-0,artistDeath,1919-10-25
entity:artifact:1:ld1-1643390182193-1643390189499-0,artistDeath,1919-10-25
entity:artifact:1:ld1-1643390182193-1643390189500-0,artistDeath,1919-10-25
entity:artifact:1:ld1-1643390182193-1643390189500-1,artistDeath,1919-10-25
entity:artifact:1:ld1-1643390182193-1643390189501-0,artistDeath,1919-10-25
entity:artifact:1:ld1-1643390182193-1643390189502-0,artistDeath,1919-10-25
entity:artifact:1:ld1-1643390182193-1643390189502-1,artistDeath,1919-10-25
entity:artifact:1:ld1-1643390182193-1643390189510-0,artistDeath,1919-10-25
entity:artifact:1:ld1-1643390182193-1643390189514-0,artistDeath,1919-10-25
entity:artifact:1:ld1-1643390182193-1643390189537-0,artistDeath,1919-10-25
entity:artifact:1:ld1-1643390182193-1643390189555-0,artistDeath,1919-10-25
entity:artifact:1:ld1-1643390182193-1643390189555-1,artistDeath,1919-10-25
entity:artifact:1:ld1-1643390182193-1643390189557-0,artistDeath,1919-10-25
entity:artifact:1:ld1-1643390182193-1643390189557-1,artistDeath,1919-10-25
entity:artifact:1:ld1-1643390182193-1643390189572-1,artistDeath,1919-10-25
entity:artifact:1:ld1-1643390182193-1643390189575-0,artistDeath,1919-10-25
entity:artifact:1:ld1-1643390182193-1643390189576-0,artistDeath,1919-10-25
entity:artifact:1:ld1-1643390182193-1643390189577-0,artistDeath,1919-10-25
entity:artifact:1:ld1-1643390182193-1643390189578-0,artistDeath,1919-10-25
entity:artifact:1:ld1-1643390182193-1643390189579-0,artistDeath,1919-10-25
entity:artifact:1:ld1-1643390182193-1643390189580-0,artistDeath,1919-10-25
entity:artifact:1:ld1-1643390182193-1643390189581-0,artistDeath,1919-10-25
entity:artifact:1:ld1-1643390182193-1643390189582-0,artistDeath,1919-10-25
entity:artifact:1:ld1-1643390182193-1643390189583-0,artistDeath,1919-10-25
entity:artifact:1:ld1-1643390182193-1643390189583-1,artistDeath,1919-10-25
entity:artifact:1:ld1-1643390182193-1643390189584-0,artistDeath,1919-10-25
entity:artifact:1:ld1-1643390182193-1643390189585-0,artistDeath,1919-10-25
entity:artifact:1:ld1-1643390182193-1643390189585-1,artistDeath,1919-10-25
entity:artifact:1:ld1-1643390182193-1643390189586-0,artistDeath,1919-10-25
entity:artifact:1:ld1-1643390182193-1643390189587-0,artistDeath,1919-10-25
entity:artifact:1:ld1-1643390182193-1643390189588-0,artistDeath,1919-10-25
entity:artifact:1:ld1-1643390182193-1643390189589-0,artistDeath,1919-10-25
entity:artifact:1:ld1-1643390182193-1643390189590-0,artistDeath,1919-10-25
entity:artifact:1:ld1-1643390182193-1643390189591-0,artistDeath,1919-10-25
entity:artifact:1:ld1-1643390182193-1643390189593-1,artistDeath,1919-10-25
entity:artifact:1:ld1-1643390182193-1643390189594-0,artistDeath,1919-10-25
entity:artifact:1:ld1-1643390182193-1643390189601-0,artistDeath,1919-10-25
entity:artifact:1:ld1-1643390182193-1643390189602-0,artistDeath,1919-10-25
entity:artifact:1:ld1-1643390182193-1643390189602-1,artistDeath,1919-10-25
entity:artifact:1:ld1-1643390182193-1643390189603-0,artistDeath,1919-10-25
entity:artifact:1:ld1-1643390182193-1643390189604-0,artistDeath,1919-10-25
entity:artifact:1:ld1-1643390182193-1643390189605-0,artistDeath,1919-10-25
entity:artifact:1:ld1-1643390182193-1643390189609-0,artistDeath,1919-10-25
entity:artifact:1:ld1-1643390182193-1643390189610-0,artistDeath,1919-10-25
entity:artifact:1:ld1-1643390182193-1643390189610-1,artistDeath,1919-10-25
entity:artifact:1:ld1-1643390182193-1643390189611-0,artistDeath,1919-10-25
entity:artifact:1:ld1-1643390182193-1643390189612-0,artistDeath,1919-10-25
entity:artifact:1:ld1-1643390182193-1643390189613-0,artistDeath,1919-10-25
entity:artifact:1:ld1-1643390182193-1643390189613-1,artistDeath,1919-10-25
entity:artifact:1:ld1-1643390182193-1643390189614-0,artistDeath,1919-10-25
entity:artifact:1:ld1-1643390182193-1643390189615-0,artistDeath,1919-10-25
entity:artifact:1:ld1-1643390182193-1643390189616-0,artistDeath,1919-10-25
entity:artifact:1:ld1-1643390182193-1643390189617-0,artistDeath,1919-10-25
entity:artifact:1:ld1-1643390182193-1643390189618-0,artistDeath,1919-10-25
entity:artifact:1:ld1-1643390182193-1643390189619-0,artistDeath,1919-10-25
entity:artifact:1:ld1-1643390182193-1643390189619-1,artistDeath,1919-10-25
entity:artifact:1:ld1-1643390182193-1643390189620-0,artistDeath,1919-10-25
entity:artifact:1:ld1-1643390182193-1643390189621-0,artistDeath,1919-10-25
entity:artifact:1:ld1-1643390182193-1643390189622-1,artistDeath,1919-10-25
entity:artifact:1:ld1-1643390182193-1643390189623-0,artistDeath,1919-10-25
entity:artifact:1:ld1-1643390182193-1643390189624-0,artistDeath,1919-10-25
entity:artifact:1:ld1-1643390182193-1643390189625-0,artistDeath,1919-10-25
entity:artifact:1:ld1-1643390182193-1643390189626-0,artistDeath,1919-10-25
entity:artifact:1:ld1-1643390182193-1643390189626-1,artistDeath,1919-10-25
entity:artifact:1:ld1-1643390182193-1643390189627-0,artistDeath,1919-10-25
entity:artifact:1:ld1-1643390182193-1643390189628-0,artistDeath,1919-10-25
entity:artifact:1:ld1-1643390182193-1643390189629-0,artistDeath,1919-10-25
entity:artifact:1:ld1-1643390182193-1643390189630-0,artistDeath,1919-10-25
entity:artifact:1:ld1-1643390182193-1643390189630-1,artistDeath,1919-10-25
entity:artifact:1:ld1-1643390182193-1643390189631-0,artistDeath,1919-10-25
entity:artifact:1:ld1-1643390182193-1643390189632-0,artistDeath,1919-10-25
entity:artifact:1:ld1-1643390182193-1643390189633-0,artistDeath,1919-10-25
entity:artifact:1:ld1-1643390182193-1643390189634-0,artistDeath,1919-10-25
entity:artifact:1:ld1-1643390182193-1643390189634-1,artistDeath,1919-10-25
entity:artifact:1:ld1-1643390182193-1643390189635-0,artistDeath,1919-10-25
entity:artifact:1:ld1-1643390182193-1643390189699-0,artistDeath,1919-10-25
entity:artifact:1:ld1-1643390182193-1643390189700-0,artistDeath,1919-10-25
entity:artifact:1:ld1-1643390182193-1643390189701-0,artistDeath,1919-10-25
entity:artifact:1:ld1-1643390182193-1643390189702-0,artistDeath,1919-10-25
entity:artifact:1:ld1-1643390182193-1643390189703-0,artistDeath,1919-10-25
entity:artifact:1:ld1-1643390182193-1643390189703-1,artistDeath,1919-10-25
entity:artifact:1:ld1-1643390182193-1643390189704-0,artistDeath,1919-10-25
entity:artifact:1:ld1-1643390182193-1643390189705-1,artistDeath,1919-10-25
entity:artifact:1:ld1-1643390182193-1643390189706-0,artistDeath,1919-10-25
entity:artifact:1:ld1-1643390182193-1643390189707-0,artistDeath,1919-10-25
entity:artifact:1:ld1-1643390182193-1643390189717-0,artistDeath,1919-10-25
entity:artifact:1:ld1-1643390182193-1643390189731-0,artistDeath,1919-10-25
entity:artifact:1:ld1-1643390182193-1643390189746-0,artistDeath,1919-10-25
entity:artifact:1:ld1-1643390182193-1643390189816-0,artistDeath,1919-10-25
entity:artifact:1:ld1-1643390182193-1643390189817-0,artistDeath,1919-10-25
entity:artifact:1:ld1-1643390182193-1643390189819-0,artistDeath,1919-10-25
entity:artifact:1:ld1-1643390182193-1643390189819-1,artistDeath,1919-10-25
entity:artifact:1:ld1-1643390182193-1643390189820-0,artistDeath,1919-10-25
entity:artifact:1:ld1-1643390182193-1643390189821-0,artistDeath,1919-10-25
entity:artifact:1:ld1-1643390182193-1643390189822-0,artistDeath,1919-10-25
entity:artifact:1:ld1-1643390182193-1643390189824-0,artistDeath,1919-10-25
entity:artifact:1:ld1-1643390182193-1643390189829-0,artistDeath,1919-10-25
entity:artifact:1:ld1-1643390182193-1643390189829-1,artistDeath,1919-10-25
entity:artifact:1:ld1-1643390182193-1643390189830-0,artistDeath,1919-10-25
entity:artifact:1:ld1-1643390182193-1643390189831-0,artistDeath,1919-10-25
entity:artifact:1:ld1-1643390182193-1643390189832-0,artistDeath,1919-10-25
entity:artifact:1:ld1-1643390182193-1643390189833-0,artistDeath,1919-10-25
entity:artifact:1:ld1-1643390182193-1643390189857-0,artistDeath,1919-10-25
entity:artifact:1:ld1-1643390182193-1643390189859-0,artistDeath,1919-10-25
entity:artifact:1:ld1-1643390182193-1643390189883-0,artistDeath,1919-10-25
entity:artifact:1:ld1-1643390182193-1643390189884-0,artistDeath,1919-10-25
entity:artifact:1:ld1-1643390182193-1643390189886-0,artistDeath,1919-10-25
entity:artifact:1:ld1-1643390182193-1643390189888-0,artistDeath,1919-10-25
entity:artifact:1:ld1-1643390182193-1643390189888-1,artistDeath,1919-10-25
entity:artifact:1:ld1-1643390182193-1643390189889-0,artistDeath,1919-10-25
entity:artifact:1:ld1-1643390182193-1643390189894-0,artistDeath,1919-10-25
entity:artifact:1:ld1-1643390182193-1643390189895-0,artistDeath,1919-10-25
entity:artifact:1:ld1-1643390182193-1643390189897-0,artistDeath,1919-10-25
entity:artifact:1:ld1-1643390182193-1643390189898-0,artistDeath,1919-10-25
entity:artifact:1:ld1-1643390182193-1643390189900-0,artistDeath,1919-10-25
entity:artifact:1:ld1-1643390182193-1643390189901-0,artistDeath,1919-10-25
entity:artifact:1:ld1-1643390182193-1643390189901-1,artistDeath,1919-10-25
entity:artifact:1:ld1-1643390182193-1643390189902-0,artistDeath,1919-10-25
entity:artifact:1:ld1-1643390182193-1643390189903-0,artistDeath,1919-10-25
entity:artifact:1:ld1-1643390182193-1643390189904-0,artistDeath,1919-10-25
entity:artifact:1:ld1-1643390182193-1643390189905-0,artistDeath,1919-10-25
entity:artifact:1:ld1-1643390182193-1643390189906-0,artistDeath,1919-10-25
entity:artifact:1:ld1-1643390182193-1643390189908-0,artistDeath,1919-10-25
entity:artifact:1:ld1-1643390182193-1643390189913-0,artistDeath,1919-10-25
entity:artifact:1:ld1-1643390182193-1643390189914-0,artistDeath,1919-10-25
entity:artifact:1:ld1-1643390182193-1643390189915-0,artistDeath,1919-10-25
entity:artifact:1:ld1-1643390182193-1643390189919-0,artistDeath,1919-10-25
entity:artifact:1:ld1-1643390182193-1643390189920-0,artistDeath,1919-10-25
entity:artifact:1:ld1-1643390182193-1643390189922-1,artistDeath,1919-10-25
entity:artifact:1:ld1-1643390182193-1643390189923-0,artistDeath,1919-10-25
entity:artifact:1:ld1-1643390182193-1643390189924-0,artistDeath,1919-10-25
entity:artifact:1:ld1-1643390182193-1643390189925-0,artistDeath,1919-10-25
entity:artifact:1:ld1-1643390182193-1643390189925-1,artistDeath,1919-10-25
entity:artifact:1:ld1-1643390182193-1643390189927-0,artistDeath,1919-10-25
entity:artifact:1:ld1-1643390182193-1643390189931-0,artistDeath,1919-10-25
entity:artifact:1:ld1-1643390182193-1643390189931-1,artistDeath,1919-10-25
entity:artifact:1:ld1-1643390182193-1643390189933-1,artistDeath,1919-10-25
entity:artifact:1:ld1-1643390182193-1643390189934-0,artistDeath,1919-10-25
entity:artifact:1:ld1-1643390182193-1643390189936-0,artistDeath,1919-10-25
entity:artifact:1:ld1-1643390182193-1643390189937-0,artistDeath,1919-10-25
entity:artifact:1:ld1-1643390182193-1643390189937-1,artistDeath,1919-10-25
entity:artifact:1:ld1-1643390182193-1643390189938-0,artistDeath,1919-10-25
entity:artifact:1:ld1-1643390182193-1643390189939-0,artistDeath,1919-10-25
entity:artifact:1:ld1-1643390182193-1643390189941-0,artistDeath,1919-10-25
entity:artifact:1:ld1-1643390182193-1643390189942-0,artistDeath,1919-10-25
entity:artifact:1:ld1-1643390182193-1643390189949-0,artistDeath,1919-10-25
entity:artifact:1:ld1-1643390182193-1643390189950-0,artistDeath,1919-10-25
entity:artifact:1:ld1-1643390182193-1643390189952-0,artistDeath,1919-10-25
entity:artifact:1:ld1-1643390182193-1643390189954-0,artistDeath,1919-10-25
entity:artifact:1:ld1-1643390182193-1643390189956-0,artistDeath,1919-10-25
entity:artifact:1:ld1-1643390182193-1643390189956-1,artistDeath,1919-10-25
entity:artifact:1:ld1-1643390182193-1643390189957-0,artistDeath,1919-10-25
entity:artifact:1:ld1-1643390182193-1643390189958-0,artistDeath,1919-10-25
entity:artifact:1:ld1-1643390182193-1643390189959-0,artistDeath,1919-10-25
entity:artifact:1:ld1-1643390182193-1643390189961-0,artistDeath,1919-10-25
entity:artifact:1:ld1-1643390182193-1643390189962-0,artistDeath,1919-10-25
entity:artifact:1:ld1-1643390182193-1643390189963-0,artistDeath,1919-10-25
entity:artifact:1:ld1-1643390182193-1643390189964-0,artistDeath,1919-10-25
entity:artifact:1:ld1-1643390182193-1643390189965-1,artistDeath,1919-10-25
entity:artifact:1:ld1-1643390182193-1643390189967-0,artistDeath,1919-10-25
entity:artifact:1:ld1-1643390182193-1643390189968-0,artistDeath,1919-10-25
entity:artifact:1:ld1-1643390182193-1643390189969-0,artistDeath,1919-10-25
entity:artifact:1:ld1-1643390182193-1643390189969-1,artistDeath,1919-10-25
entity:artifact:1:ld1-1643390182193-1643390189971-0,artistDeath,1919-10-25
entity:artifact:1:ld1-1643390182193-1643390189972-1,artistDeath,1919-10-25
entity:artifact:1:ld1-1643390182193-1643390189973-0,artistDeath,1919-10-25
entity:artifact:1:ld1-1643390182193-1643390189975-0,artistDeath,1919-10-25
entity:artifact:1:ld1-1643390182193-1643390189976-0,artistDeath,1919-10-25
entity:artifact:1:ld1-1643390182193-1643390189979-0,artistDeath,1919-10-25
entity:artifact:1:ld1-1643390182193-1643390189980-0,artistDeath,1919-10-25
entity:artifact:1:ld1-1643390182193-1643390189982-0,artistDeath,1919-10-25
entity:artifact:1:ld1-1643390182193-1643390189998-0,artistDeath,1919-10-25
entity:artifact:1:ld1-1643390182193-1643390190000-0,artistDeath,1919-10-25
entity:artifact:1:ld1-1643390182193-1643390190004-0,artistDeath,1919-10-25
entity:artifact:1:ld1-1643390182193-1643390190004-1,artistDeath,1919-10-25
entity:artifact:1:ld1-1643390182193-1643390190005-0,artistDeath,1919-10-25
entity:artifact:1:ld1-1643390182193-1643390190006-0,artistDeath,1919-10-25
entity:artifact:1:ld1-1643390182193-1643390190007-0,artistDeath,1919-10-25
entity:artifact:1:ld1-1643390182193-1643390190015-0,artistDeath,1919-10-25
entity:artifact:1:ld1-1643390182193-1643390190017-0,artistDeath,1919-10-25
entity:artifact:1:ld1-1643390182193-1643390190018-0,artistDeath,1919-10-25
entity:artifact:1:ld1-1643390182193-1643390190020-0,artistDeath,1919-10-25
entity:artifact:1:ld1-1643390182193-1643390190020-1,artistDeath,1919-10-25
entity:artifact:1:ld1-1643390182193-1643390190022-0,artistDeath,1919-10-25
entity:artifact:1:ld1-1643390182193-1643390190029-0,artistDeath,1919-10-25
entity:artifact:1:ld1-1643390182193-1643390190032-0,artistDeath,1919-10-25
entity:artifact:1:ld1-1643390182193-1643390190033-0,artistDeath,1919-10-25
entity:artifact:1:ld1-1643390182193-1643390190040-1,artistDeath,1919-10-25
entity:artifact:1:ld1-1643390182193-1643390190058-0,artistDeath,1919-10-25
entity:artifact:1:ld1-1643390182193-1643390190060-0,artistDeath,1919-10-25
entity:artifact:1:ld1-1643390182193-1643390190061-0,artistDeath,1919-10-25
entity:artifact:1:ld1-1643390182193-1643390190062-0,artistDeath,1919-10-25
entity:artifact:1:ld1-1643390182193-1643390190071-1,artistDeath,1919-10-25
entity:artifact:1:ld1-1643390182193-1643390190072-0,artistDeath,1919-10-25
entity:artifact:1:ld1-1643390182193-1643390190074-0,artistDeath,1919-10-25
entity:artifact:1:ld1-1643390182193-1643390190075-0,artistDeath,1919-10-25
entity:artifact:1:ld1-1643390182193-1643390190077-0,artistDeath,1919-10-25
entity:artifact:1:ld1-1643390182193-1643390190078-0,artistDeath,1919-10-25
entity:artifact:1:ld1-1643390182193-1643390190079-1,artistDeath,1919-10-25
entity:artifact:1:ld1-1643390182193-1643390190080-0,artistDeath,1919-10-25
entity:artifact:1:ld1-1643390182193-1643390190081-0,artistDeath,1919-10-25
entity:artifact:1:ld1-1643390182193-1643390190082-0,artistDeath,1919-10-25
entity:artifact:1:ld1-1643390182193-1643390190083-0,artistDeath,1919-10-25
entity:artifact:1:ld1-1643390182193-1643390190084-0,artistDeath,1919-10-25
entity:artifact:1:ld1-1643390182193-1643390190085-0,artistDeath,1919-10-25
entity:artifact:1:ld1-1643390182193-1643390190086-0,artistDeath,1919-10-25
entity:artifact:1:ld1-1643390182193-1643390190087-0,artistDeath,1919-10-25
entity:artifact:1:ld1-1643390182193-1643390190088-0,artistDeath,1919-10-25
entity:artifact:1:ld1-1643390182193-1643390190089-0,artistDeath,1919-10-25
entity:artifact:1:ld1-1643390182193-1643390190090-0,artistDeath,1919-10-25
entity:artifact:1:ld1-1643390182193-1643390190091-0,artistDeath,1919-10-25
entity:artifact:1:ld1-1643390182193-1643390190156-0,artistDeath,1919-10-25
entity:artifact:1:ld1-1643390182193-1643390190164-0,artistDeath,1919-10-25
entity:artifact:1:ld1-1643390182193-1643390190165-0,artistDeath,1919-10-25
entity:artifact:1:ld1-1643390182193-1643390190178-0,artistDeath,1919-10-25
entity:artifact:1:ld1-1643390182193-1643390190180-0,artistDeath,1919-10-25
entity:artifact:1:ld1-1643390182193-1643390190183-0,artistDeath,1919-10-25
entity:artifact:1:ld1-1643390182193-1643390190184-0,artistDeath,1919-10-25
entity:artifact:1:ld1-1643390182193-1643390190186-0,artistDeath,1919-10-25
entity:artifact:1:ld1-1643390182193-1643390190187-0,artistDeath,1919-10-25
entity:artifact:1:ld1-1643390182193-1643390190192-0,artistDeath,1919-10-25
entity:artifact:1:ld1-1643390182193-1643390190193-0,artistDeath,1919-10-25
entity:artifact:1:ld1-1643390182193-1643390190195-0,artistDeath,1919-10-25
entity:artifact:1:ld1-1643390182193-1643390190197-0,artistDeath,1919-10-25
entity:artifact:1:ld1-1643390182193-1643390190198-0,artistDeath,1919-10-25
entity:artifact:1:ld1-1643390182193-1643390190200-0,artistDeath,1919-10-25
entity:artifact:1:ld1-1643390182193-1643390190202-0,artistDeath,1919-10-25
entity:artifact:1:ld1-1643390182193-1643390190204-0,artistDeath,1919-10-25
entity:artifact:1:ld1-1643390182193-1643390190206-0,artistDeath,1919-10-25
entity:artifact:1:ld1-1643390182193-1643390190207-0,artistDeath,1919-10-25
entity:artifact:1:ld1-1643390182193-1643390190209-0,artistDeath,1919-10-25
entity:artifact:1:ld1-1643390182193-1643390190211-0,artistDeath,1919-10-25
entity:artifact:1:ld1-1643390182193-1643390190212-0,artistDeath,1919-10-25
entity:artifact:1:ld1-1643390182193-1643390190214-0,artistDeath,1919-10-25
entity:artifact:1:ld1-1643390182193-1643390190216-0,artistDeath,1919-10-25
entity:artifact:1:ld1-1643390182193-1643390190218-0,artistDeath,1919-10-25
entity:artifact:1:ld1-1643390182193-1643390190219-0,artistDeath,1919-10-25
entity:artifact:1:ld1-1643390182193-1643390190221-0,artistDeath,1919-10-25
entity:artifact:1:ld1-1643390182193-1643390190224-0,artistDeath,1919-10-25
entity:artifact:1:ld1-1643390182193-1643390190226-0,artistDeath,1919-10-25
entity:artifact:1:ld1-1643390182193-1643390190232-0,artistDeath,1919-10-25
entity:artifact:1:ld1-1643390182193-1643390190233-0,artistDeath,1919-10-25
entity:artifact:1:ld1-1643390182193-1643390190235-0,artistDeath,1919-10-25
entity:artifact:1:ld1-1643390182193-1643390190237-0,artistDeath,1919-10-25
entity:artifact:1:ld1-1643390182193-1643390190241-0,artistDeath,1919-10-25
entity:artifact:1:ld1-1643390182193-1643390190243-0,artistDeath,1919-10-25
entity:artifact:1:ld1-1643390182193-1643390190248-0,artistDeath,1919-10-25
entity:artifact:1:ld1-1643390182193-1643390190250-0,artistDeath,1919-10-25
entity:artifact:1:ld1-1643390182193-1643390190253-0,artistDeath,1919-10-25
entity:artifact:1:ld1-1643390182193-1643390190254-0,artistDeath,1919-10-25
entity:artifact:1:ld1-1643390182193-1643390190256-0,artistDeath,1919-10-25
entity:artifact:1:ld1-1643390182193-1643390190258-0,artistDeath,1919-10-25
entity:artifact:1:ld1-1643390182193-1643390190259-0,artistDeath,1919-10-25
entity:artifact:1:ld1-1643390182193-1643390190261-0,artistDeath,1919-10-25
entity:artifact:1:ld1-1643390182193-1643390190264-0,artistDeath,1919-10-25
entity:artifact:1:ld1-1643390182193-1643390190266-0,artistDeath,1919-10-25
entity:artifact:1:ld1-1643390182193-1643390190268-0,artistDeath,1919-10-25
entity:artifact:1:ld1-1643390182193-1643390190270-0,artistDeath,1919-10-25
entity:artifact:1:ld1-1643390182193-1643390190272-0,artistDeath,1919-10-25
entity:artifact:1:ld1-1643390182193-1643390190274-0,artistDeath,1919-10-25
entity:artifact:1:ld1-1643390182193-1643390190275-0,artistDeath,1919-10-25
entity:artifact:1:ld1-1643390182193-1643390190277-0,artistDeath,1919-10-25
entity:artifact:1:ld1-1643390182193-1643390190279-0,artistDeath,1919-10-25
entity:artifact:1:ld1-1643390182193-1643390190280-0,artistDeath,1919-10-25
entity:artifact:1:ld1-1643390182193-1643390190282-0,artistDeath,1919-10-25
entity:artifact:1:ld1-1643390182193-1643390190285-0,artistDeath,1919-10-25
entity:artifact:1:ld1-1643390182193-1643390190286-0,artistDeath,1919-10-25
entity:artifact:1:ld1-1643390182193-1643390190308-0,artistDeath,1919-10-25
entity:artifact:1:ld1-1643390182193-1643390190311-0,artistDeath,1919-10-25
entity:artifact:1:ld1-1643390182193-1643390190315-0,artistDeath,1919-10-25
entity:artifact:1:ld1-1643390182193-1643390190340-0,artistDeath,1919-10-25
entity:artifact:1:ld1-1643390182193-1643390190363-0,artistDeath,1919-10-25
entity:artifact:1:ld1-1643390182193-1643390190365-0,artistDeath,1919-10-25
entity:artifact:1:ld1-1643390182193-1643390190366-0,artistDeath,1919-10-25
entity:artifact:1:ld1-1643390182193-1643390190410-0,artistDeath,1919-10-25
entity:artifact:1:ld1-1643390182193-1643390190412-0,artistDeath,1919-10-25
entity:artifact:1:ld1-1643390182193-1643390190474-0,artistDeath,1919-10-25
entity:artifact:1:ld1-1643390182193-1643390190548-0,artistDeath,1919-10-25
entity:artifact:1:ld1-1643390182193-1643390190682-0,artistDeath,1919-10-25
entity:artifact:1:ld1-1643390182193-1643390190683-0,artistDeath,1919-10-25
entity:artifact:1:ld1-1643390182193-1643390190754-0,artistDeath,1919-10-25
entity:artifact:1:ld1-1643390182193-1643390190758-0,artistDeath,1919-10-25
entity:artifact:1:ld1-1643390182193-1643390190972-0,artistDeath,1919-10-25
entity:artifact:1:ld1-1643390182193-1643390190973-0,artistDeath,1919-10-25
entity:artifact:1:ld1-1643390182193-1643390190975-0,artistDeath,1919-10-25
entity:artifact:1:ld1-1643390182193-1643390190981-0,artistDeath,1919-10-25
entity:artifact:1:ld1-1643390182193-1643390190984-0,artistDeath,1919-10-25
entity:artifact:1:ld1-1643390182193-1643390190987-0,artistDeath,1919-10-25
entity:artifact:1:ld1-1643390182193-1643390190999-0,artistDeath,1919-10-25
entity:artifact:1:ld1-1643390182193-1643390191009-0,artistDeath,1919-10-25
entity:artifact:1:ld1-1643390182193-1643390191011-0,artistDeath,1919-10-25
entity:artifact:1:ld1-1643390182193-1643390191020-0,artistDeath,1919-10-25
entity:artifact:1:ld1-1643390182193-1643390191021-0,artistDeath,1919-10-25
entity:artifact:1:ld1-1643390182193-1643390191025-0,artistDeath,1919-10-25
entity:artifact:1:ld1-1643390182193-1643390191027-0,artistDeath,1919-10-25
entity:artifact:1:ld1-1643390182193-1643390191038-0,artistDeath,1919-10-25
entity:artifact:1:ld1-1643390182193-1643390191040-0,artistDeath,1919-10-25
entity:artifact:1:ld1-1643390182193-1643390191041-0,artistDeath,1919-10-25
entity:artifact:1:ld1-1643390182193-1643390191043-0,artistDeath,1919-10-25
entity:artifact:1:ld1-1643390182193-1643390191044-0,artistDeath,1919-10-25
entity:artifact:1:ld1-1643390182193-1643390191047-0,artistDeath,1919-10-25
entity:artifact:1:ld1-1643390182193-1643390191049-0,artistDeath,1919-10-25
entity:artifact:1:ld1-1643390182193-1643390191050-0,artistDeath,1919-10-25
entity:artifact:1:ld1-1643390182193-1643390191053-0,artistDeath,1919-10-25
entity:artifact:1:ld1-1643390182193-1643390191055-0,artistDeath,1919-10-25
entity:artifact:1:ld1-1643390182193-1643390191056-0,artistDeath,1919-10-25
entity:artifact:1:ld1-1643390182193-1643390191058-0,artistDeath,1919-10-25
entity:artifact:1:ld1-1643390182193-1643390191059-0,artistDeath,1919-10-25
entity:artifact:1:ld1-1643390182193-1643390191061-0,artistDeath,1919-10-25
entity:artifact:1:ld1-1643390182193-1643390191062-0,artistDeath,1919-10-25
entity:artifact:1:ld1-1643390182193-1643390191064-0,artistDeath,1919-10-25
entity:artifact:1:ld1-1643390182193-1643390191066-0,artistDeath,1919-10-25
entity:artifact:1:ld1-1643390182193-1643390191069-0,artistDeath,1919-10-25
entity:artifact:1:ld1-1643390182193-1643390191071-0,artistDeath,1919-10-25
entity:artifact:1:ld1-1643390182193-1643390191072-0,artistDeath,1919-10-25
entity:artifact:1:ld1-1643390182193-1643390191074-0,artistDeath,1919-10-25
entity:artifact:1:ld1-1643390182193-1643390191075-0,artistDeath,1919-10-25
entity:artifact:1:ld1-1643390182193-1643390191080-0,artistDeath,1919-10-25
entity:artifact:1:ld1-1643390182193-1643390191082-0,artistDeath,1919-10-25
entity:artifact:1:ld1-1643390182193-1643390191082-1,artistDeath,1919-10-25
entity:artifact:1:ld1-1643390182193-1643390191083-0,artistDeath,1919-10-25
entity:artifact:1:ld1-1643390182193-1643390191084-0,artistDeath,1919-10-25
entity:artifact:1:ld1-1643390182193-1643390191085-0,artistDeath,1919-10-25
entity:artifact:1:ld1-1643390182193-1643390191086-0,artistDeath,1919-10-25
entity:artifact:1:ld1-1643390182193-1643390191087-1,artistDeath,1919-10-25
entity:artifact:1:ld1-1643390182193-1643390191088-0,artistDeath,1919-10-25
entity:artifact:1:ld1-1643390182193-1643390191090-1,artistDeath,1919-10-25
entity:artifact:1:ld1-1643390182193-1643390191091-0,artistDeath,1919-10-25
entity:artifact:1:ld1-1643390182193-1643390191092-0,artistDeath,1919-10-25
entity:artifact:1:ld1-1643390182193-1643390191093-0,artistDeath,1919-10-25
entity:artifact:1:ld1-1643390182193-1643390191094-1,artistDeath,1919-10-25
entity:artifact:1:ld1-1643390182193-1643390191095-0,artistDeath,1919-10-25
entity:artifact:1:ld1-1643390182193-1643390191096-0,artistDeath,1919-10-25
entity:artifact:1:ld1-1643390182193-1643390191097-0,artistDeath,1919-10-25
entity:artifact:1:ld1-1643390182193-1643390191097-1,artistDeath,1919-10-25
entity:artifact:1:ld1-1643390182193-1643390191098-0,artistDeath,1919-10-25
entity:artifact:1:ld1-1643390182193-1643390191099-0,artistDeath,1919-10-25
entity:artifact:1:ld1-1643390182193-1643390191104-1,artistDeath,1919-10-25
entity:artifact:1:ld1-1643390182193-1643390191105-0,artistDeath,1919-10-25
entity:artifact:1:ld1-1643390182193-1643390191106-0,artistDeath,1919-10-25
entity:artifact:1:ld1-1643390182193-1643390191106-1,artistDeath,1919-10-25
entity:artifact:1:ld1-1643390182193-1643390191107-0,artistDeath,1919-10-25
entity:artifact:1:ld1-1643390182193-1643390191110-0,artistDeath,1919-10-25
entity:artifact:1:ld1-1643390182193-1643390191116-0,artistDeath,1919-10-25
entity:artifact:1:ld1-1643390182193-1643390191125-1,artistDeath,1919-10-25
entity:artifact:1:ld1-1643390182193-1643390191140-1,artistDeath,1919-10-25
entity:artifact:1:ld1-1643390182193-1643390191141-0,artistDeath,1919-10-25
entity:artifact:1:ld1-1643390182193-1643390191142-0,artistDeath,1919-10-25
entity:artifact:1:ld1-1643390182193-1643390191143-1,artistDeath,1919-10-25
entity:artifact:1:ld1-1643390182193-1643390191144-0,artistDeath,1919-10-25
entity:artifact:1:ld1-1643390182193-1643390191145-0,artistDeath,1919-10-25
entity:artifact:1:ld1-1643390182193-1643390191146-0,artistDeath,1919-10-25
entity:artifact:1:ld1-1643390182193-1643390191146-1,artistDeath,1919-10-25
entity:artifact:1:ld1-1643390182193-1643390191147-0,artistDeath,1919-10-25
entity:artifact:1:ld1-1643390182193-1643390191148-0,artistDeath,1919-10-25
entity:artifact:1:ld1-1643390182193-1643390191149-0,artistDeath,1919-10-25
entity:artifact:1:ld1-1643390182193-1643390191149-1,artistDeath,1919-10-25
entity:artifact:1:ld1-1643390182193-1643390191150-0,artistDeath,1919-10-25
entity:artifact:1:ld1-1643390182193-1643390191151-0,artistDeath,1919-10-25
entity:artifact:1:ld1-1643390182193-1643390191152-1,artistDeath,1919-10-25
entity:artifact:1:ld1-1643390182193-1643390191153-0,artistDeath,1919-10-25
entity:artifact:1:ld1-1643390182193-1643390191154-0,artistDeath,1919-10-25
entity:artifact:1:ld1-1643390182193-1643390191155-1,artistDeath,1919-10-25
entity:artifact:1:ld1-1643390182193-1643390191157-0,artistDeath,1919-10-25
entity:artifact:1:ld1-1643390182193-1643390191158-0,artistDeath,1919-10-25
entity:artifact:1:ld1-1643390182193-1643390191158-1,artistDeath,1919-10-25
entity:artifact:1:ld1-1643390182193-1643390191159-0,artistDeath,1919-10-25
entity:artifact:1:ld1-1643390182193-1643390191160-0,artistDeath,1919-10-25
entity:artifact:1:ld1-1643390182193-1643390191161-0,artistDeath,1919-10-25
entity:artifact:1:ld1-1643390182193-1643390191161-1,artistDeath,1919-10-25
entity:artifact:1:ld1-1643390182193-1643390191162-0,artistDeath,1919-10-25
entity:artifact:1:ld1-1643390182193-1643390191163-0,artistDeath,1919-10-25
entity:artifact:1:ld1-1643390182193-1643390191165-0,artistDeath,1919-10-25
entity:artifact:1:ld1-1643390182193-1643390191167-0,artistDeath,1919-10-25
entity:artifact:1:ld1-1643390182193-1643390191168-0,artistDeath,1919-10-25
entity:artifact:1:ld1-1643390182193-1643390191169-0,artistDeath,1919-10-25
entity:artifact:1:ld1-1643390182193-1643390191169-1,artistDeath,1919-10-25
entity:artifact:1:ld1-1643390182193-1643390191171-0,artistDeath,1919-10-25
entity:artifact:1:ld1-1643390182193-1643390191171-1,artistDeath,1919-10-25
entity:artifact:1:ld1-1643390182193-1643390191172-0,artistDeath,1919-10-25
entity:artifact:1:ld1-1643390182193-1643390191173-0,artistDeath,1919-10-25
entity:artifact:1:ld1-1643390182193-1643390191176-0,artistDeath,1919-10-25
entity:artifact:1:ld1-1643390182193-1643390191176-1,artistDeath,1919-10-25
entity:artifact:1:ld1-1643390182193-1643390191177-0,artistDeath,1919-10-25
entity:artifact:1:ld1-1643390182193-1643390191179-1,artistDeath,1919-10-25
entity:artifact:1:ld1-1643390182193-1643390191181-0,artistDeath,1919-10-25
entity:artifact:1:ld1-1643390182193-1643390191184-0,artistDeath,1919-10-25
entity:artifact:1:ld1-1643390182193-1643390191185-0,artistDeath,1919-10-25
entity:artifact:1:ld1-1643390182193-1643390191186-0,artistDeath,0483
entity:artifact:1:ld1-1643390182193-1643390191198-0,artistDeath,0483
entity:artifact:1:ld1-1643390182193-1643390191204-0,artistDeath,1957-08-15
entity:artifact:1:ld1-1643390182193-1643390191210-1,artistDeath,1944-08-18
entity:artifact:1:ld1-1643390182193-1643390191211-0,artistDeath,1944-08-18
entity:artifact:1:ld1-1643390182193-1643390191212-0,artistDeath,1944-08-18
entity:artifact:1:ld1-1643390182193-1643390191221-0,artistDeath,0483
entity:artifact:1:ld1-1643390182193-1643390191292-1,artistDeath,1957-08-15
entity:artifact:1:ld1-1643390182193-1643390191294-0,artistDeath,1957-08-15
entity:artifact:1:ld1-1643390182193-1643390191294-1,artistDeath,1957-08-15
entity:artifact:1:ld1-1643390182193-1643390191295-0,artistDeath,1957-08-15
entity:artifact:1:ld1-1643390182193-1643390191296-0,artistDeath,1957-08-15
entity:artifact:1:ld1-1643390182193-1643390191296-1,artistDeath,1957-08-15
entity:artifact:1:ld1-1643390182193-1643390191297-0,artistDeath,1957-08-15
entity:artifact:1:ld1-1643390182193-1643390191298-0,artistDeath,1957-08-15
entity:artifact:1:ld1-1643390182193-1643390191340-0,artistDeath,1987-02-22
entity:artifact:1:ld1-1643390182193-1643390191341-0,artistDeath,1987-02-22
entity:artifact:1:ld1-1643390182193-1643390191342-0,artistDeath,1987-02-22
entity:artifact:1:ld1-1643390182193-1643390191342-1,artistDeath,1987-02-22
entity:artifact:1:ld1-1643390182193-1643390191350-1,artistDeath,1957-08-15
entity:artifact:1:ld1-1643390182193-1643390191356-1,artistDeath,1957-08-15
entity:artifact:1:ld1-1643390182193-1643390191378-0,artistDeath,1957-08-15
entity:artifact:1:ld1-1643390182193-1643390191396-0,artistDeath,1957-08-15
entity:artifact:1:ld1-1643390182193-1643390191397-0,artistDeath,1957-08-15
entity:artifact:1:ld1-1643390182193-1643390191397-1,artistDeath,1957-08-15
entity:artifact:1:ld1-1643390182193-1643390191398-0,artistDeath,1957-08-15
entity:artifact:1:ld1-1643390182193-1643390191399-0,artistDeath,1957-08-15
entity:artifact:1:ld1-1643390182193-1643390191399-1,artistDeath,1957-08-15
entity:artifact:1:ld1-1643390182193-1643390191400-0,artistDeath,1957-08-15
entity:artifact:1:ld1-1643390182193-1643390191433-0,artistDeath,1946-08-13
entity:artifact:1:ld1-1643390182193-1643390191471-0,artistDeath,1957-08-15
entity:artifact:1:ld1-1643390182193-1643390191531-0,artistDeath,1957-08-15
entity:artifact:1:ld1-1643390182193-1643390191981-1,artistDeath,1957-08-15
entity:artifact:1:ld1-1643390182193-1643390191999-0,artistDeath,1957-08-15
entity:artifact:1:ld1-1643390182193-1643390192020-0,artistDeath,1957-08-15
entity:artifact:1:ld1-1643390182193-1643390192021-0,artistDeath,1957-08-15
entity:artifact:1:ld1-1643390182193-1643390192028-1,artistDeath,1957-08-15
entity:artifact:1:ld1-1643390182193-1643390192029-0,artistDeath,1957-08-15
entity:artifact:1:ld1-1643390182193-1643390192060-0,artistDeath,1957-08-15
entity:artifact:1:ld1-1643390182193-1643390192061-0,artistDeath,1957-08-15
entity:artifact:1:ld1-1643390182193-1643390192477-0,artistDeath,1957-08-15
entity:artifact:1:ld1-1643390182193-1643390192478-0,artistDeath,1957-08-15
entity:artifact:1:ld1-1643390182193-1643390192479-0,artistDeath,1957-08-15
entity:artifact:1:ld1-1643390182193-1643390192480-0,artistDeath,1957-08-15
entity:artifact:1:ld1-1643390182193-1643390192492-0,artistDeath,0483
entity:artifact:1:ld1-1643390182193-1643390192493-0,artistDeath,0483
entity:artifact:1:ld1-1643390182193-1643390192589-0,artistDeath,1957-08-15
entity:artifact:1:ld1-1643390182193-1643390193582-0,artistDeath,1959-08-19
entity:artifact:1:ld1-1643390182193-1643390193586-0,artistDeath,1959-08-19
entity:artifact:1:ld1-1643390182193-1643390193859-0,artistDeath,1928-02-04
entity:artifact:1:ld1-1643390182193-1643390202105-0,artistDeath,1928-02-04
entity:artifact:1:ld1-1643390182193-1643390203101-0,artistDeath,1956-12-26
entity:artifact:1:ld1-1643390182193-1643390203443-0,artistDeath,1956-12-26
entity:artifact:1:ld1-1643398738600-1643398745213-0,artistDeath,0685
entity:artifact:1:ld1-1643398853934-1643398865285-0,artistDeath,1984-11-20
entity:artifact:1:ld1-1643399625297-1643399665684-1,artistDeath,1904-05-08
entity:artifact:1:ld1-1643399625297-1643399665685-0,artistDeath,1904-05-08
entity:artifact:1:ld1-1643399625297-1643399665686-0,artistDeath,1904-05-08
entity:artifact:1:ld1-1643399625297-1643399665686-1,artistDeath,1904-05-08
entity:artifact:1:ld1-1643399887910-1643399888095-0,artistDeath,1887-10-11
entity:artifact:1:ld1-1643399887910-1643399892984-1,artistDeath,0800
entity:artifact:1:ld1-1643399887910-1643399892985-1,artistDeath,0800
entity:artifact:1:ld1-1643399887910-1643399895493-0,artistDeath,1808-04-26
entity:artifact:1:ld1-1643399887910-1643399895494-0,artistDeath,1808-04-26
entity:artifact:1:ld1-1643399887910-1643399895494-1,artistDeath,1808-04-26
entity:artifact:1:ld1-1643399887910-1643399895495-0,artistDeath,1808-04-26
entity:artifact:1:ld1-1643399887910-1643399895495-1,artistDeath,1808-04-26
entity:artifact:1:ld1-1643399887910-1643399895495-2,artistDeath,1808-04-26
entity:artifact:1:ld1-1643399887910-1643399895532-0,artistDeath,1808-04-26
entity:artifact:1:ld1-1643399887910-1643399895967-0,artistDeath,1808-04-26
entity:artifact:1:ld1-1643399887910-1643399898959-1,artistDeath,1797
entity:artifact:1:ld1-1643399887910-1643399900899-2,artistDeath,1825-04-30
entity:artifact:1:ld1-1643399887910-1643399900901-1,artistDeath,1533
entity:artifact:1:ld1-1643399887910-1643399904592-0,artistDeath,1808-04-26
entity:artifact:1:ld1-1643399887910-1643399914139-1,artistDeath,1858-10-12
entity:artifact:1:ld1-1643399887910-1643399914140-0,artistDeath,1858-10-12
entity:artifact:1:ld1-1643399887910-1643399918322-0,artistDeath,0800
entity:artifact:1:ld1-1643399887910-1643399935114-0,artistDeath,1860
entity:artifact:1:ld1-1643399887910-1643399935121-0,artistDeath,1860
entity:artifact:1:ld1-1643399887910-1643399935127-0,artistDeath,1860
entity:artifact:1:ld1-1643399887910-1643399957232-0,artistDeath,1758
entity:artifact:1:ld1-1643399887910-1643399957232-1,artistDeath,1758
entity:artifact:1:ld1-1643399887910-1643399976105-1,artistDeath,1863
entity:artifact:1:ld1-1643399887910-1643399983519-1,artistDeath,1783-11-19
entity:artifact:1:ld1-1643399887910-1643399988613-0,artistDeath,1995
entity:artifact:2:174968,artistDeath,1717-01-01
entity:artifact:2:175142,artistDeath,1677-01-01
entity:artifact:2:176958,artistDeath,1896-01-01
entity:artifact:2:189465,artistDeath,1886-01-01
entity:artifact:2:190138,artistDeath,1544-01-01
entity:artifact:2:190147,artistDeath,1730-01-01
entity:artifact:2:198020,artistDeath,1794-01-01
entity:artifact:2:198984,artistDeath,1911-01-01
entity:artifact:2:199179,artistDeath,1911-01-01
entity:artifact:2:199594,artistDeath,1911-01-01
entity:artifact:2:199595,artistDeath,1911-01-01
entity:artifact:2:199607,artistDeath,1911-01-01
entity:artifact:2:199631,artistDeath,1911-01-01
entity:artifact:2:199636,artistDeath,1911-01-01
entity:artifact:2:199694,artistDeath,1911-01-01
entity:artifact:2:199695,artistDeath,1911-01-01
entity:artifact:2:201086,artistDeath,1886-01-01
entity:artifact:2:201099,artistDeath,1664-01-01
entity:artifact:2:201141,artistDeath,1886-01-01
entity:artifact:2:201146,artistDeath,1582-01-01
entity:artifact:2:201173,artistDeath,1886-01-01
entity:artifact:2:201174,artistDeath,1886-01-01
entity:artifact:2:201175,artistDeath,1886-01-01
entity:artifact:2:201176,artistDeath,1886-01-01
entity:artifact:2:201242,artistDeath,1509-01-01
entity:artifact:2:201243,artistDeath,1509-01-01
entity:artifact:2:201244,artistDeath,1509-01-01
entity:artifact:2:201391,artistDeath,1509-01-01
entity:artifact:2:201392,artistDeath,1509-01-01
entity:artifact:2:201412,artistDeath,1794-01-01
entity:artifact:2:201447,artistDeath,1886-01-01
entity:artifact:2:201448,artistDeath,1886-01-01
entity:artifact:2:201449,artistDeath,1886-01-01
entity:artifact:2:201450,artistDeath,1886-01-01
entity:artifact:2:201528,artistDeath,1766-01-01
entity:artifact:2:201554,artistDeath,1886-01-01
entity:artifact:2:201685,artistDeath,1749-01-01
entity:artifact:2:201705,artistDeath,1660-01-01
entity:artifact:2:201751,artistDeath,1818-01-01
entity:artifact:2:201793,artistDeath,1766-01-22
entity:artifact:2:201850,artistDeath,1751-01-01
entity:artifact:2:201854,artistDeath,1673-01-01
entity:artifact:2:201973,artistDeath,1674-01-01
entity:artifact:2:201974,artistDeath,1674-01-01
entity:artifact:2:202023,artistDeath,1751-01-01
entity:artifact:2:202114,artistDeath,1749-01-01
entity:artifact:2:202116,artistDeath,1674-01-01
entity:artifact:2:202117,artistDeath,1674-01-01
entity:artifact:2:202127,artistDeath,1673-01-01
entity:artifact:2:202130,artistDeath,1674-01-01
entity:artifact:2:202131,artistDeath,1674-01-01
entity:artifact:2:202260,artistDeath,1752-01-01
entity:artifact:2:202287,artistDeath,1751-01-01
entity:artifact:2:202288,artistDeath,1751-01-01
entity:artifact:2:202370,artistDeath,1829-06-15
entity:artifact:2:202371,artistDeath,1896-01-01
entity:artifact:2:202380,artistDeath,1652-01-01
entity:artifact:2:202476,artistDeath,1674-01-01
entity:artifact:2:202504,artistDeath,1107-01-01
entity:artifact:2:202505,artistDeath,1908-11-15
entity:artifact:2:202578,artistDeath,1707-01-01
entity:artifact:2:202581,artistDeath,1690-01-01
entity:artifact:2:202582,artistDeath,1690-01-01
entity:artifact:2:202583,artistDeath,1690-01-01
entity:artifact:2:202603,artistDeath,1690-01-01
entity:artifact:2:202692,artistDeath,1734-01-01
entity:artifact:2:202693,artistDeath,1690-01-01
entity:artifact:2:202694,artistDeath,1690-01-01
entity:artifact:2:202701,artistDeath,1979-06-03
entity:artifact:2:202752,artistDeath,1509-01-01
entity:artifact:2:202754,artistDeath,1746-01-01
entity:artifact:2:202768,artistDeath,1705-01-01
entity:artifact:2:202769,artistDeath,1495-01-01
entity:artifact:2:202794,artistDeath,1690-01-01
entity:artifact:2:202804,artistDeath,1690-01-01
entity:artifact:2:202805,artistDeath,1756-01-01
entity:artifact:2:202806,artistDeath,0977-01-01
entity:artifact:2:202831,artistDeath,1635-01-01
entity:artifact:2:202842,artistDeath,1690-01-01
entity:artifact:2:202931,artistDeath,1135-06-04
entity:artifact:2:202955,artistDeath,1705-01-01
entity:artifact:2:202977,artistDeath,1734-01-01
entity:artifact:2:202978,artistDeath,1908-11-15
entity:artifact:2:203004,artistDeath,1957-09-16
entity:artifact:2:203257,artistDeath,1675-01-01
entity:artifact:2:203309,artistDeath,1705-01-01
entity:artifact:2:203607,artistDeath,1911-01-01
entity:artifact:2:203790,artistDeath,0975-01-01
entity:artifact:2:203934,artistDeath,1664-01-01
entity:artifact:2:205074,artistDeath,1674-01-01
entity:artifact:2:205075,artistDeath,1674-01-01
entity:artifact:2:205090,artistDeath,1674-01-01
entity:artifact:2:205091,artistDeath,1674-01-01
entity:artifact:2:205376,artistDeath,1674-01-01
entity:artifact:2:205535,artistDeath,1674-01-01
entity:artifact:2:205536,artistDeath,1674-01-01
entity:artifact:2:205612,artistDeath,1674-01-01
entity:artifact:2:205613,artistDeath,1674-01-01
entity:artifact:2:205614,artistDeath,1674-01-01
entity:artifact:2:205615,artistDeath,1674-01-01
entity:artifact:2:205616,artistDeath,1674-01-01
entity:artifact:2:205617,artistDeath,1674-01-01
entity:artifact:2:205618,artistDeath,1674-01-01
entity:artifact:2:205619,artistDeath,1674-01-01
entity:artifact:2:205620,artistDeath,1674-01-01
entity:artifact:2:205621,artistDeath,1674-01-01
entity:artifact:2:205641,artistDeath,1674-01-01
entity:artifact:2:205642,artistDeath,1674-01-01
entity:artifact:2:205643,artistDeath,1674-01-01
entity:artifact:2:205644,artistDeath,1674-01-01
entity:artifact:2:205645,artistDeath,1674-01-01
entity:artifact:2:205646,artistDeath,1674-01-01
entity:artifact:2:205647,artistDeath,1674-01-01
entity:artifact:2:205652,artistDeath,1674-01-01
entity:artifact:2:205653,artistDeath,1674-01-01
entity:artifact:2:205654,artistDeath,1674-01-01
entity:artifact:2:205655,artistDeath,1674-01-01
entity:artifact:2:205656,artistDeath,1674-01-01
entity:artifact:2:205663,artistDeath,1674-01-01
entity:artifact:2:205664,artistDeath,1674-01-01
entity:artifact:2:205665,artistDeath,1674-01-01
entity:artifact:2:205666,artistDeath,1674-01-01
entity:artifact:2:205786,artistDeath,1674-01-01
entity:artifact:2:205787,artistDeath,1674-01-01
entity:artifact:2:205788,artistDeath,1674-01-01
entity:artifact:2:205789,artistDeath,1674-01-01
entity:artifact:2:205804,artistDeath,1674-01-01
entity:artifact:2:205805,artistDeath,1674-01-01
entity:artifact:2:205806,artistDeath,1674-01-01
entity:artifact:2:205808,artistDeath,1674-01-01
entity:artifact:2:205809,artistDeath,1674-01-01
entity:artifact:2:205810,artistDeath,1674-01-01
entity:artifact:2:205811,artistDeath,1674-01-01
entity:artifact:2:205812,artistDeath,1674-01-01
entity:artifact:2:205813,artistDeath,1674-01-01
entity:artifact:2:205814,artistDeath,1674-01-01
entity:artifact:2:205815,artistDeath,1674-01-01
entity:artifact:2:205816,artistDeath,1674-01-01
entity:artifact:2:205817,artistDeath,1674-01-01
entity:artifact:2:205818,artistDeath,1674-01-01
entity:artifact:2:205819,artistDeath,1674-01-01
entity:artifact:2:205820,artistDeath,1674-01-01
entity:artifact:2:205821,artistDeath,1674-01-01
entity:artifact:2:205822,artistDeath,1674-01-01
entity:artifact:2:205823,artistDeath,1674-01-01
entity:artifact:2:205824,artistDeath,1674-01-01
entity:artifact:2:205825,artistDeath,1674-01-01
entity:artifact:2:205842,artistDeath,1674-01-01
entity:artifact:2:205843,artistDeath,1674-01-01
entity:artifact:2:205844,artistDeath,1674-01-01
entity:artifact:2:205845,artistDeath,1674-01-01
entity:artifact:2:205846,artistDeath,1674-01-01
entity:artifact:2:205847,artistDeath,1674-01-01
entity:artifact:2:205848,artistDeath,1674-01-01
entity:artifact:2:205849,artistDeath,1674-01-01
entity:artifact:2:205850,artistDeath,1674-01-01
entity:artifact:2:205899,artistDeath,1674-01-01
entity:artifact:2:205913,artistDeath,1674-01-01
entity:artifact:2:205914,artistDeath,1674-01-01
entity:artifact:2:205915,artistDeath,1674-01-01
entity:artifact:2:205916,artistDeath,1674-01-01
entity:artifact:2:205917,artistDeath,1674-01-01
entity:artifact:2:205918,artistDeath,1674-01-01
entity:artifact:2:205919,artistDeath,1674-01-01
entity:artifact:2:205920,artistDeath,1674-01-01
entity:artifact:2:205921,artistDeath,1674-01-01
entity:artifact:2:205923,artistDeath,1674-01-01
entity:artifact:2:205924,artistDeath,1674-01-01
entity:artifact:2:205925,artistDeath,1674-01-01
entity:artifact:2:205926,artistDeath,1674-01-01
entity:artifact:2:205927,artistDeath,1674-01-01
entity:artifact:2:205928,artistDeath,1674-01-01
entity:artifact:2:205931,artistDeath,1674-01-01
entity:artifact:2:205932,artistDeath,1674-01-01
entity:artifact:2:205934,artistDeath,1674-01-01
entity:artifact:2:205935,artistDeath,1674-01-01
entity:artifact:2:205936,artistDeath,1674-01-01
entity:artifact:2:205937,artistDeath,1674-01-01
entity:artifact:2:205938,artistDeath,1674-01-01
entity:artifact:2:205939,artistDeath,1674-01-01
entity:artifact:2:205940,artistDeath,1674-01-01
entity:artifact:2:205941,artistDeath,1674-01-01
entity:artifact:2:205942,artistDeath,1674-01-01
entity:artifact:2:205943,artistDeath,1674-01-01
entity:artifact:2:205944,artistDeath,1674-01-01
entity:artifact:2:205945,artistDeath,1674-01-01
entity:artifact:2:206097,artistDeath,1674-01-01
entity:artifact:2:206119,artistDeath,1674-01-01
entity:artifact:2:206120,artistDeath,1674-01-01
entity:artifact:2:206121,artistDeath,1674-01-01
entity:artifact:2:206122,artistDeath,1674-01-01
entity:artifact:2:206124,artistDeath,1674-01-01
entity:artifact:2:206127,artistDeath,1674-01-01
entity:artifact:2:206128,artistDeath,1674-01-01
entity:artifact:2:206129,artistDeath,1674-01-01
entity:artifact:2:206130,artistDeath,1674-01-01
entity:artifact:2:206131,artistDeath,1674-01-01
entity:artifact:2:206132,artistDeath,1674-01-01
entity:artifact:2:206133,artistDeath,1674-01-01
entity:artifact:2:206134,artistDeath,1674-01-01
entity:artifact:2:206135,artistDeath,1674-01-01
entity:artifact:2:206136,artistDeath,1674-01-01
entity:artifact:2:206154,artistDeath,1674-01-01
entity:artifact:2:206155,artistDeath,1674-01-01
entity:artifact:2:206156,artistDeath,1674-01-01
entity:artifact:2:206157,artistDeath,1674-01-01
entity:artifact:2:206158,artistDeath,1674-01-01
entity:artifact:2:206159,artistDeath,1674-01-01
entity:artifact:2:206172,artistDeath,1674-01-01
entity:artifact:2:206212,artistDeath,1674-01-01
entity:artifact:2:206213,artistDeath,1674-01-01
entity:artifact:2:206214,artistDeath,1674-01-01
entity:artifact:2:206232,artistDeath,1674-01-01
entity:artifact:2:206234,artistDeath,1674-01-01
entity:artifact:2:206235,artistDeath,1674-01-01
entity:artifact:2:206237,artistDeath,1674-01-01
entity:artifact:2:206238,artistDeath,1674-01-01
entity:artifact:2:206239,artistDeath,1674-01-01
entity:artifact:2:206491,artistDeath,1300-01-01
entity:artifact:2:206493,artistDeath,1545-01-01
entity:artifact:2:206494,artistDeath,1224-01-01
entity:artifact:2:206497,artistDeath,1224-01-01
entity:artifact:2:206522,artistDeath,1319-01-01
entity:artifact:2:206575,artistDeath,1327-01-01
entity:artifact:2:47501,artistDeath,1552-01-01
entity:artifact:2:47502,artistDeath,1552-01-01
entity:artifact:2:47503,artistDeath,1552-01-01
entity:artifact:2:47504,artistDeath,1552-01-01
entity:artifact:2:47768,artistDeath,1552-01-01
entity:artifact:2:47769,artistDeath,1552-01-01
entity:artifact:2:47770,artistDeath,1552-01-01
entity:artifact:2:47969,artistDeath,1552-01-01
entity:artifact:2:48132,artistDeath,1769-01-01
entity:artifact:2:48241,artistDeath,1552-01-01
entity:artifact:2:48242,artistDeath,1552-01-01
entity:artifact:2:48243,artistDeath,1552-01-01
entity:artifact:2:48289,artistDeath,1552-01-01
entity:artifact:2:48331,artistDeath,1552-01-01
entity:artifact:2:48332,artistDeath,1552-01-01
entity:artifact:2:48370,artistDeath,1552-01-01
entity:artifact:2:48371,artistDeath,1552-01-01
entity:artifact:2:48650,artistDeath,1769-01-01
entity:artifact:2:48651,artistDeath,1769-01-01
entity:artifact:2:48652,artistDeath,1769-01-01
entity:artifact:2:48665,artistDeath,1769-01-01
entity:artifact:2:48666,artistDeath,1769-01-01
entity:artifact:2:48672,artistDeath,1769-01-01
entity:artifact:2:48673,artistDeath,1769-01-01
entity:artifact:2:49180,artistDeath,1758-01-01
entity:artifact:2:49269,artistDeath,1732-01-01
entity:artifact:2:70470,artistDeath,1762-01-01
entity:artifact:2:73665,artistDeath,2007-06-05
entity:artifact:2:77864,artistDeath,1674-01-01
entity:artifact:2:78048,artistDeath,1636-01-01
entity:artifact:2:94061,artistDeath,1732-01-01
entity:artifact:2:94213,artistDeath,1758-01-01
entity:artifact:2:96601,artistDeath,1749-01-01
entity:artifact:2:96602,artistDeath,1749-01-01
entity:artifact:2:96603,artistDeath,1749-01-01
entity:artifact:2:96604,artistDeath,1749-01-01
entity:artifact:2:96842,artistDeath,1524-01-07
entity:artifact:2:96944,artistDeath,1957-09-16
entity:artifact:2:96945,artistDeath,1957-09-16
entity:artifact:2:97103,artistDeath,1524-01-07
entity:artifact:2:97104,artistDeath,1524-01-07
entity:artifact:2:97105,artistDeath,1524-01-07
entity:artifact:2:97106,artistDeath,1524-01-07
entity:artifact:2:97107,artistDeath,1524-01-07
entity:artifact:2:97108,artistDeath,1524-01-07
