from,relation,to
entity:artifact:1:ld1-1643381040022-1643381041048-0,artistBio,男性人名
entity:artifact:1:ld1-1643381040022-1643381041076-1,artistBio,姓氏 (Wong)
entity:artifact:1:ld1-1643381040022-1643381042241-1,artistBio,美国演员、导演、制作人（1907－1997）
entity:artifact:1:ld1-1643381040022-1643381046516-1,artistBio,"village and civil parish in Cheshire East, United Kingdom"
entity:artifact:1:ld1-1643381040022-1643381046517-0,artistBio,"village and civil parish in Cheshire East, United Kingdom"
entity:artifact:1:ld1-1643381040022-1643381049778-0,artistBio,family name
entity:artifact:1:ld1-1643381040022-1643381049778-1,artistBio,family name
entity:artifact:1:ld1-1643381040022-1643381049779-1,artistBio,family name
entity:artifact:1:ld1-1643381040022-1643381049780-0,artistBio,family name
entity:artifact:1:ld1-1643381040022-1643381049785-0,artistBio,family name
entity:artifact:1:ld1-1643381040022-1643381051352-0,artistBio,family name
entity:artifact:1:ld1-1643381040022-1643381053046-1,artistBio,姓氏 (Arroyo)
entity:artifact:1:ld1-1643381040022-1643381054060-0,artistBio,American painter (1847–1917)
entity:artifact:1:ld1-1643381040022-1643381054509-0,artistBio,Smadar Schindler
entity:artifact:1:ld1-1643381040022-1643381055993-0,artistBio,family name
entity:artifact:1:ld1-1643381040022-1643381057843-0,artistBio,法国画家（1827—1906）
entity:artifact:1:ld1-1643381040022-1643381057909-1,artistBio,American painter (1859-1939)
entity:artifact:1:ld1-1643381040022-1643381059156-0,artistBio,family name (Вершинин)
entity:artifact:1:ld1-1643381040022-1643381060180-0,artistBio,海德 (大曼彻斯特郡)
entity:artifact:1:ld1-1643381040022-1643381060244-1,artistBio,American botanist (1813–1887)
entity:artifact:1:ld1-1643381040022-1643381060334-0,artistBio,海德 (大曼彻斯特郡)
entity:artifact:1:ld1-1643381040022-1643381062968-0,artistBio,古希腊诗人
entity:artifact:1:ld1-1643381040022-1643381064179-0,artistBio,女性人名 (Stella)
entity:artifact:1:ld1-1643390182193-1643390182369-0,artistBio,"American manufacturer and collector, 1854-1919"
entity:artifact:1:ld1-1643390182193-1643390182438-0,artistBio,"American manufacturer and collector, 1854-1919"
entity:artifact:1:ld1-1643390182193-1643390182789-0,artistBio,"American manufacturer and collector, 1854-1919"
entity:artifact:1:ld1-1643390182193-1643390182964-0,artistBio,"American manufacturer and collector, 1854-1919"
entity:artifact:1:ld1-1643390182193-1643390183003-0,artistBio,"American manufacturer and collector, 1854-1919"
entity:artifact:1:ld1-1643390182193-1643390183661-0,artistBio,"American manufacturer and collector, 1854-1919"
entity:artifact:1:ld1-1643390182193-1643390183697-0,artistBio,"American manufacturer and collector, 1854-1919"
entity:artifact:1:ld1-1643390182193-1643390183796-0,artistBio,恩尼斯特·費諾羅薩
entity:artifact:1:ld1-1643390182193-1643390183796-1,artistBio,恩尼斯特·費諾羅薩
entity:artifact:1:ld1-1643390182193-1643390183898-0,artistBio,"American manufacturer and collector, 1854-1919"
entity:artifact:1:ld1-1643390182193-1643390184155-0,artistBio,"American manufacturer and collector, 1854-1919"
entity:artifact:1:ld1-1643390182193-1643390184156-0,artistBio,"American manufacturer and collector, 1854-1919"
entity:artifact:1:ld1-1643390182193-1643390184157-0,artistBio,"American manufacturer and collector, 1854-1919"
entity:artifact:1:ld1-1643390182193-1643390184158-0,artistBio,"American manufacturer and collector, 1854-1919"
entity:artifact:1:ld1-1643390182193-1643390184159-0,artistBio,"American manufacturer and collector, 1854-1919"
entity:artifact:1:ld1-1643390182193-1643390184220-1,artistBio,"American manufacturer and collector, 1854-1919"
entity:artifact:1:ld1-1643390182193-1643390184307-0,artistBio,"American manufacturer and collector, 1854-1919"
entity:artifact:1:ld1-1643390182193-1643390184337-0,artistBio,"American manufacturer and collector, 1854-1919"
entity:artifact:1:ld1-1643390182193-1643390184342-0,artistBio,"American manufacturer and collector, 1854-1919"
entity:artifact:1:ld1-1643390182193-1643390184345-0,artistBio,"American manufacturer and collector, 1854-1919"
entity:artifact:1:ld1-1643390182193-1643390184347-0,artistBio,"American manufacturer and collector, 1854-1919"
entity:artifact:1:ld1-1643390182193-1643390184613-0,artistBio,French painter (1673-1722)
entity:artifact:1:ld1-1643390182193-1643390184722-0,artistBio,日本業餘天文學者
entity:artifact:1:ld1-1643390182193-1643390184723-0,artistBio,日本業餘天文學者
entity:artifact:1:ld1-1643390182193-1643390184728-0,artistBio,"American manufacturer and collector, 1854-1919"
entity:artifact:1:ld1-1643390182193-1643390184737-0,artistBio,日本業餘天文學者
entity:artifact:1:ld1-1643390182193-1643390184810-0,artistBio,"American manufacturer and collector, 1854-1919"
entity:artifact:1:ld1-1643390182193-1643390184821-0,artistBio,"American manufacturer and collector, 1854-1919"
entity:artifact:1:ld1-1643390182193-1643390184828-0,artistBio,"American manufacturer and collector, 1854-1919"
entity:artifact:1:ld1-1643390182193-1643390184854-0,artistBio,"American manufacturer and collector, 1854-1919"
entity:artifact:1:ld1-1643390182193-1643390184879-0,artistBio,"American manufacturer and collector, 1854-1919"
entity:artifact:1:ld1-1643390182193-1643390185005-0,artistBio,"American manufacturer and collector, 1854-1919"
entity:artifact:1:ld1-1643390182193-1643390185006-0,artistBio,"American manufacturer and collector, 1854-1919"
entity:artifact:1:ld1-1643390182193-1643390185007-0,artistBio,"American manufacturer and collector, 1854-1919"
entity:artifact:1:ld1-1643390182193-1643390185009-0,artistBio,"American manufacturer and collector, 1854-1919"
entity:artifact:1:ld1-1643390182193-1643390185010-0,artistBio,"American manufacturer and collector, 1854-1919"
entity:artifact:1:ld1-1643390182193-1643390185011-0,artistBio,"American manufacturer and collector, 1854-1919"
entity:artifact:1:ld1-1643390182193-1643390185115-1,artistBio,"American manufacturer and collector, 1854-1919"
entity:artifact:1:ld1-1643390182193-1643390185147-1,artistBio,"American manufacturer and collector, 1854-1919"
entity:artifact:1:ld1-1643390182193-1643390185158-0,artistBio,"American manufacturer and collector, 1854-1919"
entity:artifact:1:ld1-1643390182193-1643390185171-0,artistBio,"American manufacturer and collector, 1854-1919"
entity:artifact:1:ld1-1643390182193-1643390185212-0,artistBio,"American manufacturer and collector, 1854-1919"
entity:artifact:1:ld1-1643390182193-1643390185213-0,artistBio,"American manufacturer and collector, 1854-1919"
entity:artifact:1:ld1-1643390182193-1643390185233-0,artistBio,"American manufacturer and collector, 1854-1919"
entity:artifact:1:ld1-1643390182193-1643390185239-0,artistBio,"American manufacturer and collector, 1854-1919"
entity:artifact:1:ld1-1643390182193-1643390185379-0,artistBio,"American manufacturer and collector, 1854-1919"
entity:artifact:1:ld1-1643390182193-1643390185380-0,artistBio,"American manufacturer and collector, 1854-1919"
entity:artifact:1:ld1-1643390182193-1643390185381-0,artistBio,"American manufacturer and collector, 1854-1919"
entity:artifact:1:ld1-1643390182193-1643390185382-0,artistBio,"American manufacturer and collector, 1854-1919"
entity:artifact:1:ld1-1643390182193-1643390185382-1,artistBio,"American manufacturer and collector, 1854-1919"
entity:artifact:1:ld1-1643390182193-1643390185383-0,artistBio,"American manufacturer and collector, 1854-1919"
entity:artifact:1:ld1-1643390182193-1643390185394-1,artistBio,"American manufacturer and collector, 1854-1919"
entity:artifact:1:ld1-1643390182193-1643390185400-0,artistBio,"American manufacturer and collector, 1854-1919"
entity:artifact:1:ld1-1643390182193-1643390185439-0,artistBio,"American manufacturer and collector, 1854-1919"
entity:artifact:1:ld1-1643390182193-1643390185475-0,artistBio,"American manufacturer and collector, 1854-1919"
entity:artifact:1:ld1-1643390182193-1643390185476-0,artistBio,"American manufacturer and collector, 1854-1919"
entity:artifact:1:ld1-1643390182193-1643390185477-0,artistBio,"American manufacturer and collector, 1854-1919"
entity:artifact:1:ld1-1643390182193-1643390185478-0,artistBio,"American manufacturer and collector, 1854-1919"
entity:artifact:1:ld1-1643390182193-1643390185489-0,artistBio,"American manufacturer and collector, 1854-1919"
entity:artifact:1:ld1-1643390182193-1643390185490-0,artistBio,"American manufacturer and collector, 1854-1919"
entity:artifact:1:ld1-1643390182193-1643390185502-0,artistBio,"American manufacturer and collector, 1854-1919"
entity:artifact:1:ld1-1643390182193-1643390185503-0,artistBio,"American manufacturer and collector, 1854-1919"
entity:artifact:1:ld1-1643390182193-1643390185504-0,artistBio,"American manufacturer and collector, 1854-1919"
entity:artifact:1:ld1-1643390182193-1643390185557-0,artistBio,"American manufacturer and collector, 1854-1919"
entity:artifact:1:ld1-1643390182193-1643390185559-0,artistBio,"American manufacturer and collector, 1854-1919"
entity:artifact:1:ld1-1643390182193-1643390185559-1,artistBio,"American manufacturer and collector, 1854-1919"
entity:artifact:1:ld1-1643390182193-1643390185560-0,artistBio,"American manufacturer and collector, 1854-1919"
entity:artifact:1:ld1-1643390182193-1643390185859-1,artistBio,"American manufacturer and collector, 1854-1919"
entity:artifact:1:ld1-1643390182193-1643390185861-1,artistBio,"American manufacturer and collector, 1854-1919"
entity:artifact:1:ld1-1643390182193-1643390185863-0,artistBio,"American manufacturer and collector, 1854-1919"
entity:artifact:1:ld1-1643390182193-1643390185954-0,artistBio,"American manufacturer and collector, 1854-1919"
entity:artifact:1:ld1-1643390182193-1643390185955-0,artistBio,"American manufacturer and collector, 1854-1919"
entity:artifact:1:ld1-1643390182193-1643390185990-0,artistBio,"American manufacturer and collector, 1854-1919"
entity:artifact:1:ld1-1643390182193-1643390185990-1,artistBio,"American manufacturer and collector, 1854-1919"
entity:artifact:1:ld1-1643390182193-1643390185991-0,artistBio,"American manufacturer and collector, 1854-1919"
entity:artifact:1:ld1-1643390182193-1643390186230-0,artistBio,"civil parish in Hartlepool, County Durham, England"
entity:artifact:1:ld1-1643390182193-1643390186421-0,artistBio,"American manufacturer and collector, 1854-1919"
entity:artifact:1:ld1-1643390182193-1643390186422-0,artistBio,"American manufacturer and collector, 1854-1919"
entity:artifact:1:ld1-1643390182193-1643390186427-0,artistBio,"American manufacturer and collector, 1854-1919"
entity:artifact:1:ld1-1643390182193-1643390186428-0,artistBio,"American manufacturer and collector, 1854-1919"
entity:artifact:1:ld1-1643390182193-1643390186429-0,artistBio,"American manufacturer and collector, 1854-1919"
entity:artifact:1:ld1-1643390182193-1643390186431-0,artistBio,"American manufacturer and collector, 1854-1919"
entity:artifact:1:ld1-1643390182193-1643390186434-0,artistBio,"American manufacturer and collector, 1854-1919"
entity:artifact:1:ld1-1643390182193-1643390186435-0,artistBio,"American manufacturer and collector, 1854-1919"
entity:artifact:1:ld1-1643390182193-1643390186436-0,artistBio,"American manufacturer and collector, 1854-1919"
entity:artifact:1:ld1-1643390182193-1643390186438-0,artistBio,"American manufacturer and collector, 1854-1919"
entity:artifact:1:ld1-1643390182193-1643390186440-0,artistBio,"American manufacturer and collector, 1854-1919"
entity:artifact:1:ld1-1643390182193-1643390186482-0,artistBio,"American manufacturer and collector, 1854-1919"
entity:artifact:1:ld1-1643390182193-1643390186483-0,artistBio,"American manufacturer and collector, 1854-1919"
entity:artifact:1:ld1-1643390182193-1643390186484-0,artistBio,"American manufacturer and collector, 1854-1919"
entity:artifact:1:ld1-1643390182193-1643390186488-0,artistBio,"American manufacturer and collector, 1854-1919"
entity:artifact:1:ld1-1643390182193-1643390186489-0,artistBio,"American manufacturer and collector, 1854-1919"
entity:artifact:1:ld1-1643390182193-1643390186490-0,artistBio,"American manufacturer and collector, 1854-1919"
entity:artifact:1:ld1-1643390182193-1643390186493-0,artistBio,"American manufacturer and collector, 1854-1919"
entity:artifact:1:ld1-1643390182193-1643390186494-0,artistBio,"American manufacturer and collector, 1854-1919"
entity:artifact:1:ld1-1643390182193-1643390186495-1,artistBio,"American manufacturer and collector, 1854-1919"
entity:artifact:1:ld1-1643390182193-1643390186496-0,artistBio,family name
entity:artifact:1:ld1-1643390182193-1643390186498-0,artistBio,"American manufacturer and collector, 1854-1919"
entity:artifact:1:ld1-1643390182193-1643390186502-0,artistBio,"American manufacturer and collector, 1854-1919"
entity:artifact:1:ld1-1643390182193-1643390186507-0,artistBio,"American manufacturer and collector, 1854-1919"
entity:artifact:1:ld1-1643390182193-1643390186509-0,artistBio,"American manufacturer and collector, 1854-1919"
entity:artifact:1:ld1-1643390182193-1643390186510-0,artistBio,"American manufacturer and collector, 1854-1919"
entity:artifact:1:ld1-1643390182193-1643390186515-0,artistBio,"American manufacturer and collector, 1854-1919"
entity:artifact:1:ld1-1643390182193-1643390186517-0,artistBio,"American manufacturer and collector, 1854-1919"
entity:artifact:1:ld1-1643390182193-1643390186518-0,artistBio,"American manufacturer and collector, 1854-1919"
entity:artifact:1:ld1-1643390182193-1643390186519-0,artistBio,"American manufacturer and collector, 1854-1919"
entity:artifact:1:ld1-1643390182193-1643390186521-1,artistBio,"American manufacturer and collector, 1854-1919"
entity:artifact:1:ld1-1643390182193-1643390186522-0,artistBio,"American manufacturer and collector, 1854-1919"
entity:artifact:1:ld1-1643390182193-1643390186523-0,artistBio,"American manufacturer and collector, 1854-1919"
entity:artifact:1:ld1-1643390182193-1643390186525-0,artistBio,family name
entity:artifact:1:ld1-1643390182193-1643390186526-0,artistBio,"American manufacturer and collector, 1854-1919"
entity:artifact:1:ld1-1643390182193-1643390186527-0,artistBio,"American manufacturer and collector, 1854-1919"
entity:artifact:1:ld1-1643390182193-1643390186528-0,artistBio,"American manufacturer and collector, 1854-1919"
entity:artifact:1:ld1-1643390182193-1643390186529-0,artistBio,"American manufacturer and collector, 1854-1919"
entity:artifact:1:ld1-1643390182193-1643390186534-0,artistBio,family name
entity:artifact:1:ld1-1643390182193-1643390186536-0,artistBio,"American manufacturer and collector, 1854-1919"
entity:artifact:1:ld1-1643390182193-1643390186539-0,artistBio,"American manufacturer and collector, 1854-1919"
entity:artifact:1:ld1-1643390182193-1643390186541-0,artistBio,"American manufacturer and collector, 1854-1919"
entity:artifact:1:ld1-1643390182193-1643390186542-0,artistBio,"American manufacturer and collector, 1854-1919"
entity:artifact:1:ld1-1643390182193-1643390186544-0,artistBio,"American manufacturer and collector, 1854-1919"
entity:artifact:1:ld1-1643390182193-1643390186545-1,artistBio,"American manufacturer and collector, 1854-1919"
entity:artifact:1:ld1-1643390182193-1643390186547-0,artistBio,"American manufacturer and collector, 1854-1919"
entity:artifact:1:ld1-1643390182193-1643390186548-0,artistBio,"American manufacturer and collector, 1854-1919"
entity:artifact:1:ld1-1643390182193-1643390186550-0,artistBio,"American manufacturer and collector, 1854-1919"
entity:artifact:1:ld1-1643390182193-1643390186551-0,artistBio,"American manufacturer and collector, 1854-1919"
entity:artifact:1:ld1-1643390182193-1643390186552-0,artistBio,"American manufacturer and collector, 1854-1919"
entity:artifact:1:ld1-1643390182193-1643390186553-0,artistBio,"American manufacturer and collector, 1854-1919"
entity:artifact:1:ld1-1643390182193-1643390186554-0,artistBio,"American manufacturer and collector, 1854-1919"
entity:artifact:1:ld1-1643390182193-1643390186555-0,artistBio,"American manufacturer and collector, 1854-1919"
entity:artifact:1:ld1-1643390182193-1643390186556-0,artistBio,"American manufacturer and collector, 1854-1919"
entity:artifact:1:ld1-1643390182193-1643390186558-1,artistBio,"American manufacturer and collector, 1854-1919"
entity:artifact:1:ld1-1643390182193-1643390186560-0,artistBio,"American manufacturer and collector, 1854-1919"
entity:artifact:1:ld1-1643390182193-1643390186561-0,artistBio,"American manufacturer and collector, 1854-1919"
entity:artifact:1:ld1-1643390182193-1643390186562-0,artistBio,"American manufacturer and collector, 1854-1919"
entity:artifact:1:ld1-1643390182193-1643390186563-0,artistBio,"American manufacturer and collector, 1854-1919"
entity:artifact:1:ld1-1643390182193-1643390186564-1,artistBio,"American manufacturer and collector, 1854-1919"
entity:artifact:1:ld1-1643390182193-1643390186566-0,artistBio,"American manufacturer and collector, 1854-1919"
entity:artifact:1:ld1-1643390182193-1643390186566-1,artistBio,"American manufacturer and collector, 1854-1919"
entity:artifact:1:ld1-1643390182193-1643390186568-0,artistBio,"American manufacturer and collector, 1854-1919"
entity:artifact:1:ld1-1643390182193-1643390186569-0,artistBio,"American manufacturer and collector, 1854-1919"
entity:artifact:1:ld1-1643390182193-1643390186576-0,artistBio,"American manufacturer and collector, 1854-1919"
entity:artifact:1:ld1-1643390182193-1643390186576-1,artistBio,"American manufacturer and collector, 1854-1919"
entity:artifact:1:ld1-1643390182193-1643390186578-0,artistBio,"American manufacturer and collector, 1854-1919"
entity:artifact:1:ld1-1643390182193-1643390186579-0,artistBio,"American manufacturer and collector, 1854-1919"
entity:artifact:1:ld1-1643390182193-1643390186579-1,artistBio,"American manufacturer and collector, 1854-1919"
entity:artifact:1:ld1-1643390182193-1643390186581-0,artistBio,"American manufacturer and collector, 1854-1919"
entity:artifact:1:ld1-1643390182193-1643390186583-0,artistBio,"American manufacturer and collector, 1854-1919"
entity:artifact:1:ld1-1643390182193-1643390186584-0,artistBio,"American manufacturer and collector, 1854-1919"
entity:artifact:1:ld1-1643390182193-1643390186584-1,artistBio,"American manufacturer and collector, 1854-1919"
entity:artifact:1:ld1-1643390182193-1643390186585-0,artistBio,"American manufacturer and collector, 1854-1919"
entity:artifact:1:ld1-1643390182193-1643390186586-0,artistBio,"American manufacturer and collector, 1854-1919"
entity:artifact:1:ld1-1643390182193-1643390186587-0,artistBio,"American manufacturer and collector, 1854-1919"
entity:artifact:1:ld1-1643390182193-1643390186589-0,artistBio,"American manufacturer and collector, 1854-1919"
entity:artifact:1:ld1-1643390182193-1643390186590-0,artistBio,"American manufacturer and collector, 1854-1919"
entity:artifact:1:ld1-1643390182193-1643390186592-0,artistBio,"American manufacturer and collector, 1854-1919"
entity:artifact:1:ld1-1643390182193-1643390186593-0,artistBio,"American manufacturer and collector, 1854-1919"
entity:artifact:1:ld1-1643390182193-1643390186594-0,artistBio,"American manufacturer and collector, 1854-1919"
entity:artifact:1:ld1-1643390182193-1643390186597-1,artistBio,"American manufacturer and collector, 1854-1919"
entity:artifact:1:ld1-1643390182193-1643390186598-0,artistBio,"American manufacturer and collector, 1854-1919"
entity:artifact:1:ld1-1643390182193-1643390186599-1,artistBio,"American manufacturer and collector, 1854-1919"
entity:artifact:1:ld1-1643390182193-1643390186600-0,artistBio,"American manufacturer and collector, 1854-1919"
entity:artifact:1:ld1-1643390182193-1643390186606-1,artistBio,"American manufacturer and collector, 1854-1919"
entity:artifact:1:ld1-1643390182193-1643390186607-0,artistBio,"American manufacturer and collector, 1854-1919"
entity:artifact:1:ld1-1643390182193-1643390186608-0,artistBio,"American manufacturer and collector, 1854-1919"
entity:artifact:1:ld1-1643390182193-1643390186608-1,artistBio,"American manufacturer and collector, 1854-1919"
entity:artifact:1:ld1-1643390182193-1643390186609-0,artistBio,"American manufacturer and collector, 1854-1919"
entity:artifact:1:ld1-1643390182193-1643390186610-0,artistBio,"American manufacturer and collector, 1854-1919"
entity:artifact:1:ld1-1643390182193-1643390186611-0,artistBio,"American manufacturer and collector, 1854-1919"
entity:artifact:1:ld1-1643390182193-1643390186615-1,artistBio,"American manufacturer and collector, 1854-1919"
entity:artifact:1:ld1-1643390182193-1643390186616-0,artistBio,"American manufacturer and collector, 1854-1919"
entity:artifact:1:ld1-1643390182193-1643390186617-0,artistBio,"American manufacturer and collector, 1854-1919"
entity:artifact:1:ld1-1643390182193-1643390186618-0,artistBio,"American manufacturer and collector, 1854-1919"
entity:artifact:1:ld1-1643390182193-1643390186619-0,artistBio,"American manufacturer and collector, 1854-1919"
entity:artifact:1:ld1-1643390182193-1643390186620-0,artistBio,"American manufacturer and collector, 1854-1919"
entity:artifact:1:ld1-1643390182193-1643390186621-0,artistBio,"American manufacturer and collector, 1854-1919"
entity:artifact:1:ld1-1643390182193-1643390186621-1,artistBio,"American manufacturer and collector, 1854-1919"
entity:artifact:1:ld1-1643390182193-1643390186622-0,artistBio,"American manufacturer and collector, 1854-1919"
entity:artifact:1:ld1-1643390182193-1643390186623-0,artistBio,"American manufacturer and collector, 1854-1919"
entity:artifact:1:ld1-1643390182193-1643390186645-0,artistBio,"American manufacturer and collector, 1854-1919"
entity:artifact:1:ld1-1643390182193-1643390186650-1,artistBio,"American manufacturer and collector, 1854-1919"
entity:artifact:1:ld1-1643390182193-1643390186651-0,artistBio,"American manufacturer and collector, 1854-1919"
entity:artifact:1:ld1-1643390182193-1643390186654-0,artistBio,"American manufacturer and collector, 1854-1919"
entity:artifact:1:ld1-1643390182193-1643390186655-0,artistBio,"American manufacturer and collector, 1854-1919"
entity:artifact:1:ld1-1643390182193-1643390186656-0,artistBio,"American manufacturer and collector, 1854-1919"
entity:artifact:1:ld1-1643390182193-1643390186657-0,artistBio,"American manufacturer and collector, 1854-1919"
entity:artifact:1:ld1-1643390182193-1643390186658-0,artistBio,"American manufacturer and collector, 1854-1919"
entity:artifact:1:ld1-1643390182193-1643390186659-0,artistBio,"American manufacturer and collector, 1854-1919"
entity:artifact:1:ld1-1643390182193-1643390186660-0,artistBio,"American manufacturer and collector, 1854-1919"
entity:artifact:1:ld1-1643390182193-1643390186661-0,artistBio,"American manufacturer and collector, 1854-1919"
entity:artifact:1:ld1-1643390182193-1643390186666-1,artistBio,"American manufacturer and collector, 1854-1919"
entity:artifact:1:ld1-1643390182193-1643390186667-0,artistBio,"American manufacturer and collector, 1854-1919"
entity:artifact:1:ld1-1643390182193-1643390186668-1,artistBio,"American manufacturer and collector, 1854-1919"
entity:artifact:1:ld1-1643390182193-1643390186670-0,artistBio,"American manufacturer and collector, 1854-1919"
entity:artifact:1:ld1-1643390182193-1643390186671-0,artistBio,"American manufacturer and collector, 1854-1919"
entity:artifact:1:ld1-1643390182193-1643390186672-1,artistBio,"American manufacturer and collector, 1854-1919"
entity:artifact:1:ld1-1643390182193-1643390186673-0,artistBio,"American manufacturer and collector, 1854-1919"
entity:artifact:1:ld1-1643390182193-1643390186675-0,artistBio,researcher
entity:artifact:1:ld1-1643390182193-1643390186676-0,artistBio,"American manufacturer and collector, 1854-1919"
entity:artifact:1:ld1-1643390182193-1643390186677-0,artistBio,"American manufacturer and collector, 1854-1919"
entity:artifact:1:ld1-1643390182193-1643390186677-1,artistBio,"American manufacturer and collector, 1854-1919"
entity:artifact:1:ld1-1643390182193-1643390186680-0,artistBio,researcher
entity:artifact:1:ld1-1643390182193-1643390186681-0,artistBio,"American manufacturer and collector, 1854-1919"
entity:artifact:1:ld1-1643390182193-1643390186681-1,artistBio,researcher
entity:artifact:1:ld1-1643390182193-1643390186684-1,artistBio,"American manufacturer and collector, 1854-1919"
entity:artifact:1:ld1-1643390182193-1643390186705-0,artistBio,"American manufacturer and collector, 1854-1919"
entity:artifact:1:ld1-1643390182193-1643390186706-0,artistBio,"American manufacturer and collector, 1854-1919"
entity:artifact:1:ld1-1643390182193-1643390186708-0,artistBio,"American manufacturer and collector, 1854-1919"
entity:artifact:1:ld1-1643390182193-1643390186711-0,artistBio,"American manufacturer and collector, 1854-1919"
entity:artifact:1:ld1-1643390182193-1643390186711-1,artistBio,"American manufacturer and collector, 1854-1919"
entity:artifact:1:ld1-1643390182193-1643390186712-0,artistBio,"American manufacturer and collector, 1854-1919"
entity:artifact:1:ld1-1643390182193-1643390186715-0,artistBio,"American manufacturer and collector, 1854-1919"
entity:artifact:1:ld1-1643390182193-1643390186715-1,artistBio,"American manufacturer and collector, 1854-1919"
entity:artifact:1:ld1-1643390182193-1643390186723-0,artistBio,"American manufacturer and collector, 1854-1919"
entity:artifact:1:ld1-1643390182193-1643390186746-1,artistBio,"American manufacturer and collector, 1854-1919"
entity:artifact:1:ld1-1643390182193-1643390186747-0,artistBio,"American manufacturer and collector, 1854-1919"
entity:artifact:1:ld1-1643390182193-1643390186748-0,artistBio,"American manufacturer and collector, 1854-1919"
entity:artifact:1:ld1-1643390182193-1643390186760-1,artistBio,"American manufacturer and collector, 1854-1919"
entity:artifact:1:ld1-1643390182193-1643390186761-0,artistBio,"American manufacturer and collector, 1854-1919"
entity:artifact:1:ld1-1643390182193-1643390186763-0,artistBio,"American manufacturer and collector, 1854-1919"
entity:artifact:1:ld1-1643390182193-1643390186763-1,artistBio,"American manufacturer and collector, 1854-1919"
entity:artifact:1:ld1-1643390182193-1643390187678-0,artistBio,"American manufacturer and collector, 1854-1919"
entity:artifact:1:ld1-1643390182193-1643390187681-0,artistBio,"American manufacturer and collector, 1854-1919"
entity:artifact:1:ld1-1643390182193-1643390187686-0,artistBio,"American manufacturer and collector, 1854-1919"
entity:artifact:1:ld1-1643390182193-1643390187686-1,artistBio,"American manufacturer and collector, 1854-1919"
entity:artifact:1:ld1-1643390182193-1643390187687-0,artistBio,"American manufacturer and collector, 1854-1919"
entity:artifact:1:ld1-1643390182193-1643390187688-0,artistBio,"American manufacturer and collector, 1854-1919"
entity:artifact:1:ld1-1643390182193-1643390187734-0,artistBio,"American manufacturer and collector, 1854-1919"
entity:artifact:1:ld1-1643390182193-1643390187735-0,artistBio,"American manufacturer and collector, 1854-1919"
entity:artifact:1:ld1-1643390182193-1643390187736-0,artistBio,"American manufacturer and collector, 1854-1919"
entity:artifact:1:ld1-1643390182193-1643390187737-0,artistBio,"American manufacturer and collector, 1854-1919"
entity:artifact:1:ld1-1643390182193-1643390187740-0,artistBio,"American manufacturer and collector, 1854-1919"
entity:artifact:1:ld1-1643390182193-1643390187741-0,artistBio,"American manufacturer and collector, 1854-1919"
entity:artifact:1:ld1-1643390182193-1643390187742-0,artistBio,"American manufacturer and collector, 1854-1919"
entity:artifact:1:ld1-1643390182193-1643390187742-1,artistBio,"American manufacturer and collector, 1854-1919"
entity:artifact:1:ld1-1643390182193-1643390187743-0,artistBio,"American manufacturer and collector, 1854-1919"
entity:artifact:1:ld1-1643390182193-1643390187744-0,artistBio,"American manufacturer and collector, 1854-1919"
entity:artifact:1:ld1-1643390182193-1643390187745-1,artistBio,"American manufacturer and collector, 1854-1919"
entity:artifact:1:ld1-1643390182193-1643390187747-0,artistBio,基督教圣徒
entity:artifact:1:ld1-1643390182193-1643390187747-1,artistBio,基督教圣徒
entity:artifact:1:ld1-1643390182193-1643390187748-0,artistBio,男性人名
entity:artifact:1:ld1-1643390182193-1643390187749-0,artistBio,"American manufacturer and collector, 1854-1919"
entity:artifact:1:ld1-1643390182193-1643390187749-1,artistBio,男性人名
entity:artifact:1:ld1-1643390182193-1643390187750-0,artistBio,男性人名
entity:artifact:1:ld1-1643390182193-1643390187753-0,artistBio,"American manufacturer and collector, 1854-1919"
entity:artifact:1:ld1-1643390182193-1643390187753-1,artistBio,"American manufacturer and collector, 1854-1919"
entity:artifact:1:ld1-1643390182193-1643390187754-0,artistBio,"American manufacturer and collector, 1854-1919"
entity:artifact:1:ld1-1643390182193-1643390187755-0,artistBio,"American manufacturer and collector, 1854-1919"
entity:artifact:1:ld1-1643390182193-1643390187757-0,artistBio,男性人名
entity:artifact:1:ld1-1643390182193-1643390187757-1,artistBio,男性人名
entity:artifact:1:ld1-1643390182193-1643390187758-0,artistBio,男性人名
entity:artifact:1:ld1-1643390182193-1643390187759-0,artistBio,男性人名
entity:artifact:1:ld1-1643390182193-1643390187760-0,artistBio,男性人名
entity:artifact:1:ld1-1643390182193-1643390187760-1,artistBio,男性人名
entity:artifact:1:ld1-1643390182193-1643390187761-0,artistBio,男性人名
entity:artifact:1:ld1-1643390182193-1643390187762-0,artistBio,男性人名
entity:artifact:1:ld1-1643390182193-1643390187763-0,artistBio,男性人名
entity:artifact:1:ld1-1643390182193-1643390187764-1,artistBio,"American manufacturer and collector, 1854-1919"
entity:artifact:1:ld1-1643390182193-1643390187765-0,artistBio,"American manufacturer and collector, 1854-1919"
entity:artifact:1:ld1-1643390182193-1643390187768-0,artistBio,"American manufacturer and collector, 1854-1919"
entity:artifact:1:ld1-1643390182193-1643390187771-0,artistBio,"American manufacturer and collector, 1854-1919"
entity:artifact:1:ld1-1643390182193-1643390187772-1,artistBio,"American manufacturer and collector, 1854-1919"
entity:artifact:1:ld1-1643390182193-1643390187773-0,artistBio,男性人名
entity:artifact:1:ld1-1643390182193-1643390187774-0,artistBio,"American manufacturer and collector, 1854-1919"
entity:artifact:1:ld1-1643390182193-1643390187778-0,artistBio,"American manufacturer and collector, 1854-1919"
entity:artifact:1:ld1-1643390182193-1643390187778-1,artistBio,男性人名
entity:artifact:1:ld1-1643390182193-1643390187779-0,artistBio,"American manufacturer and collector, 1854-1919"
entity:artifact:1:ld1-1643390182193-1643390187780-0,artistBio,"American manufacturer and collector, 1854-1919"
entity:artifact:1:ld1-1643390182193-1643390187780-1,artistBio,"American manufacturer and collector, 1854-1919"
entity:artifact:1:ld1-1643390182193-1643390187781-0,artistBio,"American manufacturer and collector, 1854-1919"
entity:artifact:1:ld1-1643390182193-1643390187782-0,artistBio,"American manufacturer and collector, 1854-1919"
entity:artifact:1:ld1-1643390182193-1643390187782-1,artistBio,"American manufacturer and collector, 1854-1919"
entity:artifact:1:ld1-1643390182193-1643390187783-0,artistBio,"American manufacturer and collector, 1854-1919"
entity:artifact:1:ld1-1643390182193-1643390187784-0,artistBio,"American manufacturer and collector, 1854-1919"
entity:artifact:1:ld1-1643390182193-1643390187784-1,artistBio,"American manufacturer and collector, 1854-1919"
entity:artifact:1:ld1-1643390182193-1643390187785-0,artistBio,"American manufacturer and collector, 1854-1919"
entity:artifact:1:ld1-1643390182193-1643390187786-0,artistBio,基督教圣徒
entity:artifact:1:ld1-1643390182193-1643390187786-1,artistBio,"American manufacturer and collector, 1854-1919"
entity:artifact:1:ld1-1643390182193-1643390187788-0,artistBio,"American manufacturer and collector, 1854-1919"
entity:artifact:1:ld1-1643390182193-1643390187789-0,artistBio,"American manufacturer and collector, 1854-1919"
entity:artifact:1:ld1-1643390182193-1643390187790-0,artistBio,"American manufacturer and collector, 1854-1919"
entity:artifact:1:ld1-1643390182193-1643390187790-1,artistBio,"American manufacturer and collector, 1854-1919"
entity:artifact:1:ld1-1643390182193-1643390187791-0,artistBio,"American manufacturer and collector, 1854-1919"
entity:artifact:1:ld1-1643390182193-1643390187793-0,artistBio,"American manufacturer and collector, 1854-1919"
entity:artifact:1:ld1-1643390182193-1643390187797-0,artistBio,基督教圣徒
entity:artifact:1:ld1-1643390182193-1643390187798-0,artistBio,基督教圣徒
entity:artifact:1:ld1-1643390182193-1643390187801-0,artistBio,"American manufacturer and collector, 1854-1919"
entity:artifact:1:ld1-1643390182193-1643390187801-1,artistBio,"American manufacturer and collector, 1854-1919"
entity:artifact:1:ld1-1643390182193-1643390187802-0,artistBio,"American manufacturer and collector, 1854-1919"
entity:artifact:1:ld1-1643390182193-1643390187803-0,artistBio,"American manufacturer and collector, 1854-1919"
entity:artifact:1:ld1-1643390182193-1643390187804-0,artistBio,"American manufacturer and collector, 1854-1919"
entity:artifact:1:ld1-1643390182193-1643390187805-0,artistBio,"American manufacturer and collector, 1854-1919"
entity:artifact:1:ld1-1643390182193-1643390187805-1,artistBio,"American manufacturer and collector, 1854-1919"
entity:artifact:1:ld1-1643390182193-1643390187806-0,artistBio,"American manufacturer and collector, 1854-1919"
entity:artifact:1:ld1-1643390182193-1643390187807-0,artistBio,"American manufacturer and collector, 1854-1919"
entity:artifact:1:ld1-1643390182193-1643390187808-0,artistBio,"American manufacturer and collector, 1854-1919"
entity:artifact:1:ld1-1643390182193-1643390187809-0,artistBio,"American manufacturer and collector, 1854-1919"
entity:artifact:1:ld1-1643390182193-1643390187810-0,artistBio,"American manufacturer and collector, 1854-1919"
entity:artifact:1:ld1-1643390182193-1643390187810-1,artistBio,"American manufacturer and collector, 1854-1919"
entity:artifact:1:ld1-1643390182193-1643390187811-0,artistBio,"American manufacturer and collector, 1854-1919"
entity:artifact:1:ld1-1643390182193-1643390187812-0,artistBio,"American manufacturer and collector, 1854-1919"
entity:artifact:1:ld1-1643390182193-1643390187815-0,artistBio,"American manufacturer and collector, 1854-1919"
entity:artifact:1:ld1-1643390182193-1643390187816-1,artistBio,"American manufacturer and collector, 1854-1919"
entity:artifact:1:ld1-1643390182193-1643390187817-0,artistBio,"American manufacturer and collector, 1854-1919"
entity:artifact:1:ld1-1643390182193-1643390187818-0,artistBio,"American manufacturer and collector, 1854-1919"
entity:artifact:1:ld1-1643390182193-1643390187821-0,artistBio,"American manufacturer and collector, 1854-1919"
entity:artifact:1:ld1-1643390182193-1643390187821-1,artistBio,"American manufacturer and collector, 1854-1919"
entity:artifact:1:ld1-1643390182193-1643390187828-0,artistBio,"American manufacturer and collector, 1854-1919"
entity:artifact:1:ld1-1643390182193-1643390187832-0,artistBio,"American manufacturer and collector, 1854-1919"
entity:artifact:1:ld1-1643390182193-1643390187833-0,artistBio,"American manufacturer and collector, 1854-1919"
entity:artifact:1:ld1-1643390182193-1643390187834-0,artistBio,"American manufacturer and collector, 1854-1919"
entity:artifact:1:ld1-1643390182193-1643390187835-0,artistBio,"American manufacturer and collector, 1854-1919"
entity:artifact:1:ld1-1643390182193-1643390187835-1,artistBio,"American manufacturer and collector, 1854-1919"
entity:artifact:1:ld1-1643390182193-1643390187836-0,artistBio,"American manufacturer and collector, 1854-1919"
entity:artifact:1:ld1-1643390182193-1643390187837-0,artistBio,"American manufacturer and collector, 1854-1919"
entity:artifact:1:ld1-1643390182193-1643390187859-0,artistBio,姓氏
entity:artifact:1:ld1-1643390182193-1643390187870-0,artistBio,"American manufacturer and collector, 1854-1919"
entity:artifact:1:ld1-1643390182193-1643390187871-0,artistBio,"American manufacturer and collector, 1854-1919"
entity:artifact:1:ld1-1643390182193-1643390187873-0,artistBio,"American manufacturer and collector, 1854-1919"
entity:artifact:1:ld1-1643390182193-1643390187874-1,artistBio,"American manufacturer and collector, 1854-1919"
entity:artifact:1:ld1-1643390182193-1643390187875-0,artistBio,"American manufacturer and collector, 1854-1919"
entity:artifact:1:ld1-1643390182193-1643390187876-0,artistBio,"American manufacturer and collector, 1854-1919"
entity:artifact:1:ld1-1643390182193-1643390187880-0,artistBio,"American manufacturer and collector, 1854-1919"
entity:artifact:1:ld1-1643390182193-1643390187880-1,artistBio,"American manufacturer and collector, 1854-1919"
entity:artifact:1:ld1-1643390182193-1643390187881-0,artistBio,"American manufacturer and collector, 1854-1919"
entity:artifact:1:ld1-1643390182193-1643390187882-0,artistBio,"American manufacturer and collector, 1854-1919"
entity:artifact:1:ld1-1643390182193-1643390187883-0,artistBio,"American manufacturer and collector, 1854-1919"
entity:artifact:1:ld1-1643390182193-1643390187884-0,artistBio,"American manufacturer and collector, 1854-1919"
entity:artifact:1:ld1-1643390182193-1643390187885-0,artistBio,"American manufacturer and collector, 1854-1919"
entity:artifact:1:ld1-1643390182193-1643390187886-0,artistBio,"American manufacturer and collector, 1854-1919"
entity:artifact:1:ld1-1643390182193-1643390187906-0,artistBio,"American manufacturer and collector, 1854-1919"
entity:artifact:1:ld1-1643390182193-1643390187914-0,artistBio,"American manufacturer and collector, 1854-1919"
entity:artifact:1:ld1-1643390182193-1643390187914-1,artistBio,"American manufacturer and collector, 1854-1919"
entity:artifact:1:ld1-1643390182193-1643390187921-1,artistBio,"American manufacturer and collector, 1854-1919"
entity:artifact:1:ld1-1643390182193-1643390187924-0,artistBio,"American manufacturer and collector, 1854-1919"
entity:artifact:1:ld1-1643390182193-1643390187928-1,artistBio,"American manufacturer and collector, 1854-1919"
entity:artifact:1:ld1-1643390182193-1643390187935-0,artistBio,"American manufacturer and collector, 1854-1919"
entity:artifact:1:ld1-1643390182193-1643390187938-0,artistBio,"American manufacturer and collector, 1854-1919"
entity:artifact:1:ld1-1643390182193-1643390187939-0,artistBio,"American manufacturer and collector, 1854-1919"
entity:artifact:1:ld1-1643390182193-1643390187942-0,artistBio,"American manufacturer and collector, 1854-1919"
entity:artifact:1:ld1-1643390182193-1643390187944-0,artistBio,"American manufacturer and collector, 1854-1919"
entity:artifact:1:ld1-1643390182193-1643390187946-0,artistBio,"American manufacturer and collector, 1854-1919"
entity:artifact:1:ld1-1643390182193-1643390187951-0,artistBio,"American manufacturer and collector, 1854-1919"
entity:artifact:1:ld1-1643390182193-1643390187951-1,artistBio,"American manufacturer and collector, 1854-1919"
entity:artifact:1:ld1-1643390182193-1643390187952-0,artistBio,"American manufacturer and collector, 1854-1919"
entity:artifact:1:ld1-1643390182193-1643390187953-0,artistBio,"American manufacturer and collector, 1854-1919"
entity:artifact:1:ld1-1643390182193-1643390187954-0,artistBio,"American manufacturer and collector, 1854-1919"
entity:artifact:1:ld1-1643390182193-1643390187956-0,artistBio,基督教圣徒
entity:artifact:1:ld1-1643390182193-1643390187957-0,artistBio,"American manufacturer and collector, 1854-1919"
entity:artifact:1:ld1-1643390182193-1643390187959-0,artistBio,"American manufacturer and collector, 1854-1919"
entity:artifact:1:ld1-1643390182193-1643390187960-0,artistBio,"American manufacturer and collector, 1854-1919"
entity:artifact:1:ld1-1643390182193-1643390187961-0,artistBio,"American manufacturer and collector, 1854-1919"
entity:artifact:1:ld1-1643390182193-1643390187962-0,artistBio,"American manufacturer and collector, 1854-1919"
entity:artifact:1:ld1-1643390182193-1643390187965-0,artistBio,"American manufacturer and collector, 1854-1919"
entity:artifact:1:ld1-1643390182193-1643390187965-1,artistBio,"American manufacturer and collector, 1854-1919"
entity:artifact:1:ld1-1643390182193-1643390187967-0,artistBio,"subdistrict in Mueang Nakhon Sawan district, Nakhon Sawan province, Thailand"
entity:artifact:1:ld1-1643390182193-1643390187973-0,artistBio,姓氏
entity:artifact:1:ld1-1643390182193-1643390187974-0,artistBio,"American manufacturer and collector, 1854-1919"
entity:artifact:1:ld1-1643390182193-1643390187975-0,artistBio,"American manufacturer and collector, 1854-1919"
entity:artifact:1:ld1-1643390182193-1643390187976-0,artistBio,"American manufacturer and collector, 1854-1919"
entity:artifact:1:ld1-1643390182193-1643390187979-0,artistBio,"American manufacturer and collector, 1854-1919"
entity:artifact:1:ld1-1643390182193-1643390187981-0,artistBio,"American manufacturer and collector, 1854-1919"
entity:artifact:1:ld1-1643390182193-1643390187982-0,artistBio,"American manufacturer and collector, 1854-1919"
entity:artifact:1:ld1-1643390182193-1643390187983-0,artistBio,"American manufacturer and collector, 1854-1919"
entity:artifact:1:ld1-1643390182193-1643390187984-0,artistBio,"American manufacturer and collector, 1854-1919"
entity:artifact:1:ld1-1643390182193-1643390187987-0,artistBio,"American manufacturer and collector, 1854-1919"
entity:artifact:1:ld1-1643390182193-1643390187988-0,artistBio,"American manufacturer and collector, 1854-1919"
entity:artifact:1:ld1-1643390182193-1643390187989-0,artistBio,"American manufacturer and collector, 1854-1919"
entity:artifact:1:ld1-1643390182193-1643390187990-0,artistBio,"American manufacturer and collector, 1854-1919"
entity:artifact:1:ld1-1643390182193-1643390187994-0,artistBio,"American manufacturer and collector, 1854-1919"
entity:artifact:1:ld1-1643390182193-1643390187994-1,artistBio,"American manufacturer and collector, 1854-1919"
entity:artifact:1:ld1-1643390182193-1643390187995-0,artistBio,"American manufacturer and collector, 1854-1919"
entity:artifact:1:ld1-1643390182193-1643390187997-1,artistBio,"American manufacturer and collector, 1854-1919"
entity:artifact:1:ld1-1643390182193-1643390188000-0,artistBio,"American manufacturer and collector, 1854-1919"
entity:artifact:1:ld1-1643390182193-1643390188002-1,artistBio,"American manufacturer and collector, 1854-1919"
entity:artifact:1:ld1-1643390182193-1643390188005-0,artistBio,"American manufacturer and collector, 1854-1919"
entity:artifact:1:ld1-1643390182193-1643390188006-0,artistBio,"American manufacturer and collector, 1854-1919"
entity:artifact:1:ld1-1643390182193-1643390188007-0,artistBio,"American manufacturer and collector, 1854-1919"
entity:artifact:1:ld1-1643390182193-1643390188007-1,artistBio,"American manufacturer and collector, 1854-1919"
entity:artifact:1:ld1-1643390182193-1643390188008-0,artistBio,"American manufacturer and collector, 1854-1919"
entity:artifact:1:ld1-1643390182193-1643390188010-0,artistBio,"American manufacturer and collector, 1854-1919"
entity:artifact:1:ld1-1643390182193-1643390188011-1,artistBio,"American manufacturer and collector, 1854-1919"
entity:artifact:1:ld1-1643390182193-1643390188012-0,artistBio,"American manufacturer and collector, 1854-1919"
entity:artifact:1:ld1-1643390182193-1643390188014-0,artistBio,基督教圣徒
entity:artifact:1:ld1-1643390182193-1643390188014-1,artistBio,"American manufacturer and collector, 1854-1919"
entity:artifact:1:ld1-1643390182193-1643390188015-0,artistBio,"American manufacturer and collector, 1854-1919"
entity:artifact:1:ld1-1643390182193-1643390188016-0,artistBio,"American manufacturer and collector, 1854-1919"
entity:artifact:1:ld1-1643390182193-1643390188017-0,artistBio,"American manufacturer and collector, 1854-1919"
entity:artifact:1:ld1-1643390182193-1643390188018-0,artistBio,"American manufacturer and collector, 1854-1919"
entity:artifact:1:ld1-1643390182193-1643390188020-1,artistBio,"American manufacturer and collector, 1854-1919"
entity:artifact:1:ld1-1643390182193-1643390188021-0,artistBio,"American manufacturer and collector, 1854-1919"
entity:artifact:1:ld1-1643390182193-1643390188023-0,artistBio,"American manufacturer and collector, 1854-1919"
entity:artifact:1:ld1-1643390182193-1643390188024-1,artistBio,"American manufacturer and collector, 1854-1919"
entity:artifact:1:ld1-1643390182193-1643390188025-0,artistBio,"American manufacturer and collector, 1854-1919"
entity:artifact:1:ld1-1643390182193-1643390188029-0,artistBio,"American manufacturer and collector, 1854-1919"
entity:artifact:1:ld1-1643390182193-1643390188030-0,artistBio,"American manufacturer and collector, 1854-1919"
entity:artifact:1:ld1-1643390182193-1643390188030-1,artistBio,"American manufacturer and collector, 1854-1919"
entity:artifact:1:ld1-1643390182193-1643390188031-0,artistBio,"American manufacturer and collector, 1854-1919"
entity:artifact:1:ld1-1643390182193-1643390188032-0,artistBio,"American manufacturer and collector, 1854-1919"
entity:artifact:1:ld1-1643390182193-1643390188033-0,artistBio,"American manufacturer and collector, 1854-1919"
entity:artifact:1:ld1-1643390182193-1643390188034-0,artistBio,"American manufacturer and collector, 1854-1919"
entity:artifact:1:ld1-1643390182193-1643390188035-0,artistBio,"American manufacturer and collector, 1854-1919"
entity:artifact:1:ld1-1643390182193-1643390188036-0,artistBio,"American manufacturer and collector, 1854-1919"
entity:artifact:1:ld1-1643390182193-1643390188039-1,artistBio,"American manufacturer and collector, 1854-1919"
entity:artifact:1:ld1-1643390182193-1643390188040-0,artistBio,"American manufacturer and collector, 1854-1919"
entity:artifact:1:ld1-1643390182193-1643390188041-0,artistBio,"American manufacturer and collector, 1854-1919"
entity:artifact:1:ld1-1643390182193-1643390188043-1,artistBio,"American manufacturer and collector, 1854-1919"
entity:artifact:1:ld1-1643390182193-1643390188051-0,artistBio,"American manufacturer and collector, 1854-1919"
entity:artifact:1:ld1-1643390182193-1643390188053-0,artistBio,基督教圣徒
entity:artifact:1:ld1-1643390182193-1643390188054-0,artistBio,基督教圣徒
entity:artifact:1:ld1-1643390182193-1643390188062-0,artistBio,"American manufacturer and collector, 1854-1919"
entity:artifact:1:ld1-1643390182193-1643390188063-0,artistBio,"American manufacturer and collector, 1854-1919"
entity:artifact:1:ld1-1643390182193-1643390188063-1,artistBio,"American manufacturer and collector, 1854-1919"
entity:artifact:1:ld1-1643390182193-1643390188204-0,artistBio,"American manufacturer and collector, 1854-1919"
entity:artifact:1:ld1-1643390182193-1643390188209-0,artistBio,"American manufacturer and collector, 1854-1919"
entity:artifact:1:ld1-1643390182193-1643390188211-0,artistBio,"American manufacturer and collector, 1854-1919"
entity:artifact:1:ld1-1643390182193-1643390188223-0,artistBio,"American manufacturer and collector, 1854-1919"
entity:artifact:1:ld1-1643390182193-1643390188247-0,artistBio,"American manufacturer and collector, 1854-1919"
entity:artifact:1:ld1-1643390182193-1643390188253-0,artistBio,川本喜八郎
entity:artifact:1:ld1-1643390182193-1643390188279-0,artistBio,"American manufacturer and collector, 1854-1919"
entity:artifact:1:ld1-1643390182193-1643390188328-0,artistBio,"American manufacturer and collector, 1854-1919"
entity:artifact:1:ld1-1643390182193-1643390188330-0,artistBio,"American manufacturer and collector, 1854-1919"
entity:artifact:1:ld1-1643390182193-1643390188334-0,artistBio,"American manufacturer and collector, 1854-1919"
entity:artifact:1:ld1-1643390182193-1643390188338-0,artistBio,"American manufacturer and collector, 1854-1919"
entity:artifact:1:ld1-1643390182193-1643390188339-0,artistBio,"American manufacturer and collector, 1854-1919"
entity:artifact:1:ld1-1643390182193-1643390188342-0,artistBio,"American manufacturer and collector, 1854-1919"
entity:artifact:1:ld1-1643390182193-1643390188344-0,artistBio,"American manufacturer and collector, 1854-1919"
entity:artifact:1:ld1-1643390182193-1643390188346-0,artistBio,"American manufacturer and collector, 1854-1919"
entity:artifact:1:ld1-1643390182193-1643390188349-0,artistBio,"American manufacturer and collector, 1854-1919"
entity:artifact:1:ld1-1643390182193-1643390188351-0,artistBio,"American manufacturer and collector, 1854-1919"
entity:artifact:1:ld1-1643390182193-1643390188354-0,artistBio,"American manufacturer and collector, 1854-1919"
entity:artifact:1:ld1-1643390182193-1643390188358-0,artistBio,"American manufacturer and collector, 1854-1919"
entity:artifact:1:ld1-1643390182193-1643390188365-0,artistBio,"American manufacturer and collector, 1854-1919"
entity:artifact:1:ld1-1643390182193-1643390188369-0,artistBio,"American manufacturer and collector, 1854-1919"
entity:artifact:1:ld1-1643390182193-1643390188371-0,artistBio,"American manufacturer and collector, 1854-1919"
entity:artifact:1:ld1-1643390182193-1643390188372-0,artistBio,"American manufacturer and collector, 1854-1919"
entity:artifact:1:ld1-1643390182193-1643390188374-0,artistBio,"American manufacturer and collector, 1854-1919"
entity:artifact:1:ld1-1643390182193-1643390188376-0,artistBio,"American manufacturer and collector, 1854-1919"
entity:artifact:1:ld1-1643390182193-1643390188377-0,artistBio,"American manufacturer and collector, 1854-1919"
entity:artifact:1:ld1-1643390182193-1643390188379-0,artistBio,"American manufacturer and collector, 1854-1919"
entity:artifact:1:ld1-1643390182193-1643390188380-0,artistBio,"American manufacturer and collector, 1854-1919"
entity:artifact:1:ld1-1643390182193-1643390188382-0,artistBio,"American manufacturer and collector, 1854-1919"
entity:artifact:1:ld1-1643390182193-1643390188400-0,artistBio,"American manufacturer and collector, 1854-1919"
entity:artifact:1:ld1-1643390182193-1643390188405-0,artistBio,"American manufacturer and collector, 1854-1919"
entity:artifact:1:ld1-1643390182193-1643390188410-0,artistBio,"American manufacturer and collector, 1854-1919"
entity:artifact:1:ld1-1643390182193-1643390188417-0,artistBio,"American manufacturer and collector, 1854-1919"
entity:artifact:1:ld1-1643390182193-1643390188419-0,artistBio,"American manufacturer and collector, 1854-1919"
entity:artifact:1:ld1-1643390182193-1643390188420-0,artistBio,"American manufacturer and collector, 1854-1919"
entity:artifact:1:ld1-1643390182193-1643390188422-0,artistBio,"American manufacturer and collector, 1854-1919"
entity:artifact:1:ld1-1643390182193-1643390188423-0,artistBio,"American manufacturer and collector, 1854-1919"
entity:artifact:1:ld1-1643390182193-1643390188430-0,artistBio,姓氏
entity:artifact:1:ld1-1643390182193-1643390188434-0,artistBio,"American manufacturer and collector, 1854-1919"
entity:artifact:1:ld1-1643390182193-1643390188435-0,artistBio,"American manufacturer and collector, 1854-1919"
entity:artifact:1:ld1-1643390182193-1643390188437-0,artistBio,"American manufacturer and collector, 1854-1919"
entity:artifact:1:ld1-1643390182193-1643390188443-0,artistBio,基督教圣徒
entity:artifact:1:ld1-1643390182193-1643390188455-0,artistBio,"American manufacturer and collector, 1854-1919"
entity:artifact:1:ld1-1643390182193-1643390188514-0,artistBio,男性人名
entity:artifact:1:ld1-1643390182193-1643390188516-0,artistBio,"American manufacturer and collector, 1854-1919"
entity:artifact:1:ld1-1643390182193-1643390188555-0,artistBio,男性人名
entity:artifact:1:ld1-1643390182193-1643390188556-0,artistBio,"American manufacturer and collector, 1854-1919"
entity:artifact:1:ld1-1643390182193-1643390188558-0,artistBio,"American manufacturer and collector, 1854-1919"
entity:artifact:1:ld1-1643390182193-1643390188559-0,artistBio,"American manufacturer and collector, 1854-1919"
entity:artifact:1:ld1-1643390182193-1643390188561-0,artistBio,"American manufacturer and collector, 1854-1919"
entity:artifact:1:ld1-1643390182193-1643390188562-0,artistBio,"American manufacturer and collector, 1854-1919"
entity:artifact:1:ld1-1643390182193-1643390188564-0,artistBio,"American manufacturer and collector, 1854-1919"
entity:artifact:1:ld1-1643390182193-1643390188565-0,artistBio,"American manufacturer and collector, 1854-1919"
entity:artifact:1:ld1-1643390182193-1643390188567-0,artistBio,"American manufacturer and collector, 1854-1919"
entity:artifact:1:ld1-1643390182193-1643390188568-0,artistBio,"American manufacturer and collector, 1854-1919"
entity:artifact:1:ld1-1643390182193-1643390188570-0,artistBio,"American manufacturer and collector, 1854-1919"
entity:artifact:1:ld1-1643390182193-1643390188571-0,artistBio,"American manufacturer and collector, 1854-1919"
entity:artifact:1:ld1-1643390182193-1643390188573-0,artistBio,"American manufacturer and collector, 1854-1919"
entity:artifact:1:ld1-1643390182193-1643390188574-0,artistBio,"American manufacturer and collector, 1854-1919"
entity:artifact:1:ld1-1643390182193-1643390188576-0,artistBio,"American manufacturer and collector, 1854-1919"
entity:artifact:1:ld1-1643390182193-1643390188578-0,artistBio,"American manufacturer and collector, 1854-1919"
entity:artifact:1:ld1-1643390182193-1643390188579-0,artistBio,"American manufacturer and collector, 1854-1919"
entity:artifact:1:ld1-1643390182193-1643390188584-1,artistBio,"American manufacturer and collector, 1854-1919"
entity:artifact:1:ld1-1643390182193-1643390188602-0,artistBio,"American manufacturer and collector, 1854-1919"
entity:artifact:1:ld1-1643390182193-1643390188603-0,artistBio,"American manufacturer and collector, 1854-1919"
entity:artifact:1:ld1-1643390182193-1643390188612-0,artistBio,"American manufacturer and collector, 1854-1919"
entity:artifact:1:ld1-1643390182193-1643390188614-0,artistBio,"American manufacturer and collector, 1854-1919"
entity:artifact:1:ld1-1643390182193-1643390188615-0,artistBio,"American manufacturer and collector, 1854-1919"
entity:artifact:1:ld1-1643390182193-1643390188642-0,artistBio,"American manufacturer and collector, 1854-1919"
entity:artifact:1:ld1-1643390182193-1643390188646-0,artistBio,Iranian-born astronomer
entity:artifact:1:ld1-1643390182193-1643390188647-0,artistBio,Iranian-born astronomer
entity:artifact:1:ld1-1643390182193-1643390188653-0,artistBio,Iranian-born astronomer
entity:artifact:1:ld1-1643390182193-1643390188657-0,artistBio,Iranian-born astronomer
entity:artifact:1:ld1-1643390182193-1643390188658-0,artistBio,"American manufacturer and collector, 1854-1919"
entity:artifact:1:ld1-1643390182193-1643390188659-0,artistBio,"American manufacturer and collector, 1854-1919"
entity:artifact:1:ld1-1643390182193-1643390188668-0,artistBio,"American manufacturer and collector, 1854-1919"
entity:artifact:1:ld1-1643390182193-1643390188676-0,artistBio,"American manufacturer and collector, 1854-1919"
entity:artifact:1:ld1-1643390182193-1643390188682-0,artistBio,"American manufacturer and collector, 1854-1919"
entity:artifact:1:ld1-1643390182193-1643390188685-0,artistBio,"American manufacturer and collector, 1854-1919"
entity:artifact:1:ld1-1643390182193-1643390188688-0,artistBio,"American manufacturer and collector, 1854-1919"
entity:artifact:1:ld1-1643390182193-1643390188691-0,artistBio,"American manufacturer and collector, 1854-1919"
entity:artifact:1:ld1-1643390182193-1643390188693-0,artistBio,"American manufacturer and collector, 1854-1919"
entity:artifact:1:ld1-1643390182193-1643390188698-0,artistBio,Worchester Keonwald
entity:artifact:1:ld1-1643390182193-1643390188703-1,artistBio,"American manufacturer and collector, 1854-1919"
entity:artifact:1:ld1-1643390182193-1643390188708-0,artistBio,"American manufacturer and collector, 1854-1919"
entity:artifact:1:ld1-1643390182193-1643390188708-1,artistBio,"American manufacturer and collector, 1854-1919"
entity:artifact:1:ld1-1643390182193-1643390188709-0,artistBio,researcher
entity:artifact:1:ld1-1643390182193-1643390188710-0,artistBio,"American manufacturer and collector, 1854-1919"
entity:artifact:1:ld1-1643390182193-1643390188720-1,artistBio,"American manufacturer and collector, 1854-1919"
entity:artifact:1:ld1-1643390182193-1643390188722-0,artistBio,"American manufacturer and collector, 1854-1919"
entity:artifact:1:ld1-1643390182193-1643390188722-1,artistBio,"American manufacturer and collector, 1854-1919"
entity:artifact:1:ld1-1643390182193-1643390188724-0,artistBio,"American manufacturer and collector, 1854-1919"
entity:artifact:1:ld1-1643390182193-1643390188725-1,artistBio,"American manufacturer and collector, 1854-1919"
entity:artifact:1:ld1-1643390182193-1643390188727-0,artistBio,"American manufacturer and collector, 1854-1919"
entity:artifact:1:ld1-1643390182193-1643390188728-0,artistBio,"American manufacturer and collector, 1854-1919"
entity:artifact:1:ld1-1643390182193-1643390188728-1,artistBio,"American manufacturer and collector, 1854-1919"
entity:artifact:1:ld1-1643390182193-1643390188729-0,artistBio,"American manufacturer and collector, 1854-1919"
entity:artifact:1:ld1-1643390182193-1643390188730-0,artistBio,"American manufacturer and collector, 1854-1919"
entity:artifact:1:ld1-1643390182193-1643390188731-0,artistBio,"American manufacturer and collector, 1854-1919"
entity:artifact:1:ld1-1643390182193-1643390188739-0,artistBio,"American manufacturer and collector, 1854-1919"
entity:artifact:1:ld1-1643390182193-1643390188741-0,artistBio,"American manufacturer and collector, 1854-1919"
entity:artifact:1:ld1-1643390182193-1643390188741-1,artistBio,"American manufacturer and collector, 1854-1919"
entity:artifact:1:ld1-1643390182193-1643390188745-0,artistBio,"American manufacturer and collector, 1854-1919"
entity:artifact:1:ld1-1643390182193-1643390188746-0,artistBio,"American manufacturer and collector, 1854-1919"
entity:artifact:1:ld1-1643390182193-1643390188747-0,artistBio,"American manufacturer and collector, 1854-1919"
entity:artifact:1:ld1-1643390182193-1643390188748-0,artistBio,"American manufacturer and collector, 1854-1919"
entity:artifact:1:ld1-1643390182193-1643390188748-1,artistBio,"American manufacturer and collector, 1854-1919"
entity:artifact:1:ld1-1643390182193-1643390188749-0,artistBio,"American manufacturer and collector, 1854-1919"
entity:artifact:1:ld1-1643390182193-1643390188750-0,artistBio,"American manufacturer and collector, 1854-1919"
entity:artifact:1:ld1-1643390182193-1643390188751-0,artistBio,"American manufacturer and collector, 1854-1919"
entity:artifact:1:ld1-1643390182193-1643390188751-1,artistBio,"American manufacturer and collector, 1854-1919"
entity:artifact:1:ld1-1643390182193-1643390188752-0,artistBio,"American manufacturer and collector, 1854-1919"
entity:artifact:1:ld1-1643390182193-1643390188755-0,artistBio,"American manufacturer and collector, 1854-1919"
entity:artifact:1:ld1-1643390182193-1643390188757-0,artistBio,"American manufacturer and collector, 1854-1919"
entity:artifact:1:ld1-1643390182193-1643390188758-0,artistBio,"American manufacturer and collector, 1854-1919"
entity:artifact:1:ld1-1643390182193-1643390188759-0,artistBio,"American manufacturer and collector, 1854-1919"
entity:artifact:1:ld1-1643390182193-1643390188761-0,artistBio,"American manufacturer and collector, 1854-1919"
entity:artifact:1:ld1-1643390182193-1643390188764-0,artistBio,"American manufacturer and collector, 1854-1919"
entity:artifact:1:ld1-1643390182193-1643390188766-0,artistBio,"American manufacturer and collector, 1854-1919"
entity:artifact:1:ld1-1643390182193-1643390188767-0,artistBio,"American manufacturer and collector, 1854-1919"
entity:artifact:1:ld1-1643390182193-1643390188768-0,artistBio,"American manufacturer and collector, 1854-1919"
entity:artifact:1:ld1-1643390182193-1643390188769-0,artistBio,"American manufacturer and collector, 1854-1919"
entity:artifact:1:ld1-1643390182193-1643390188770-0,artistBio,"American manufacturer and collector, 1854-1919"
entity:artifact:1:ld1-1643390182193-1643390188771-1,artistBio,"American manufacturer and collector, 1854-1919"
entity:artifact:1:ld1-1643390182193-1643390188772-0,artistBio,"American manufacturer and collector, 1854-1919"
entity:artifact:1:ld1-1643390182193-1643390188773-0,artistBio,researcher
entity:artifact:1:ld1-1643390182193-1643390188774-0,artistBio,"American manufacturer and collector, 1854-1919"
entity:artifact:1:ld1-1643390182193-1643390188776-0,artistBio,"American manufacturer and collector, 1854-1919"
entity:artifact:1:ld1-1643390182193-1643390188778-1,artistBio,"American manufacturer and collector, 1854-1919"
entity:artifact:1:ld1-1643390182193-1643390188787-0,artistBio,"American manufacturer and collector, 1854-1919"
entity:artifact:1:ld1-1643390182193-1643390188788-0,artistBio,"American manufacturer and collector, 1854-1919"
entity:artifact:1:ld1-1643390182193-1643390188789-0,artistBio,"American manufacturer and collector, 1854-1919"
entity:artifact:1:ld1-1643390182193-1643390188789-1,artistBio,"American manufacturer and collector, 1854-1919"
entity:artifact:1:ld1-1643390182193-1643390188790-0,artistBio,"American manufacturer and collector, 1854-1919"
entity:artifact:1:ld1-1643390182193-1643390188820-0,artistBio,"American manufacturer and collector, 1854-1919"
entity:artifact:1:ld1-1643390182193-1643390188827-0,artistBio,"American manufacturer and collector, 1854-1919"
entity:artifact:1:ld1-1643390182193-1643390188828-0,artistBio,"American manufacturer and collector, 1854-1919"
entity:artifact:1:ld1-1643390182193-1643390188833-0,artistBio,"American manufacturer and collector, 1854-1919"
entity:artifact:1:ld1-1643390182193-1643390188834-0,artistBio,"American manufacturer and collector, 1854-1919"
entity:artifact:1:ld1-1643390182193-1643390188835-0,artistBio,"American manufacturer and collector, 1854-1919"
entity:artifact:1:ld1-1643390182193-1643390188836-0,artistBio,"American manufacturer and collector, 1854-1919"
entity:artifact:1:ld1-1643390182193-1643390188850-0,artistBio,"American manufacturer and collector, 1854-1919"
entity:artifact:1:ld1-1643390182193-1643390188862-0,artistBio,"American manufacturer and collector, 1854-1919"
entity:artifact:1:ld1-1643390182193-1643390188863-0,artistBio,"American manufacturer and collector, 1854-1919"
entity:artifact:1:ld1-1643390182193-1643390188864-0,artistBio,"American manufacturer and collector, 1854-1919"
entity:artifact:1:ld1-1643390182193-1643390188873-0,artistBio,"American manufacturer and collector, 1854-1919"
entity:artifact:1:ld1-1643390182193-1643390188877-1,artistBio,Worchester Keonwald
entity:artifact:1:ld1-1643390182193-1643390188879-0,artistBio,"American manufacturer and collector, 1854-1919"
entity:artifact:1:ld1-1643390182193-1643390188891-0,artistBio,"American manufacturer and collector, 1854-1919"
entity:artifact:1:ld1-1643390182193-1643390188892-0,artistBio,"American manufacturer and collector, 1854-1919"
entity:artifact:1:ld1-1643390182193-1643390188893-0,artistBio,"American manufacturer and collector, 1854-1919"
entity:artifact:1:ld1-1643390182193-1643390188903-0,artistBio,基督教圣徒
entity:artifact:1:ld1-1643390182193-1643390188903-1,artistBio,基督教圣徒
entity:artifact:1:ld1-1643390182193-1643390188906-0,artistBio,基督教圣徒
entity:artifact:1:ld1-1643390182193-1643390188907-0,artistBio,基督教圣徒
entity:artifact:1:ld1-1643390182193-1643390188908-0,artistBio,基督教圣徒
entity:artifact:1:ld1-1643390182193-1643390188910-0,artistBio,"American manufacturer and collector, 1854-1919"
entity:artifact:1:ld1-1643390182193-1643390188920-0,artistBio,"American manufacturer and collector, 1854-1919"
entity:artifact:1:ld1-1643390182193-1643390188921-0,artistBio,"American manufacturer and collector, 1854-1919"
entity:artifact:1:ld1-1643390182193-1643390188921-1,artistBio,"American manufacturer and collector, 1854-1919"
entity:artifact:1:ld1-1643390182193-1643390188922-0,artistBio,"American manufacturer and collector, 1854-1919"
entity:artifact:1:ld1-1643390182193-1643390188923-0,artistBio,"American manufacturer and collector, 1854-1919"
entity:artifact:1:ld1-1643390182193-1643390188926-0,artistBio,"American manufacturer and collector, 1854-1919"
entity:artifact:1:ld1-1643390182193-1643390188926-1,artistBio,"American manufacturer and collector, 1854-1919"
entity:artifact:1:ld1-1643390182193-1643390188956-0,artistBio,"American manufacturer and collector, 1854-1919"
entity:artifact:1:ld1-1643390182193-1643390188957-0,artistBio,"American manufacturer and collector, 1854-1919"
entity:artifact:1:ld1-1643390182193-1643390188959-0,artistBio,"American manufacturer and collector, 1854-1919"
entity:artifact:1:ld1-1643390182193-1643390188960-0,artistBio,"American manufacturer and collector, 1854-1919"
entity:artifact:1:ld1-1643390182193-1643390188962-1,artistBio,"American manufacturer and collector, 1854-1919"
entity:artifact:1:ld1-1643390182193-1643390188963-0,artistBio,"American manufacturer and collector, 1854-1919"
entity:artifact:1:ld1-1643390182193-1643390188964-0,artistBio,"American manufacturer and collector, 1854-1919"
entity:artifact:1:ld1-1643390182193-1643390188965-0,artistBio,"American manufacturer and collector, 1854-1919"
entity:artifact:1:ld1-1643390182193-1643390188966-0,artistBio,"American manufacturer and collector, 1854-1919"
entity:artifact:1:ld1-1643390182193-1643390188967-0,artistBio,"American manufacturer and collector, 1854-1919"
entity:artifact:1:ld1-1643390182193-1643390188968-0,artistBio,"American manufacturer and collector, 1854-1919"
entity:artifact:1:ld1-1643390182193-1643390188970-0,artistBio,"American manufacturer and collector, 1854-1919"
entity:artifact:1:ld1-1643390182193-1643390188988-0,artistBio,"American manufacturer and collector, 1854-1919"
entity:artifact:1:ld1-1643390182193-1643390188989-0,artistBio,"American manufacturer and collector, 1854-1919"
entity:artifact:1:ld1-1643390182193-1643390188990-0,artistBio,"American manufacturer and collector, 1854-1919"
entity:artifact:1:ld1-1643390182193-1643390188992-1,artistBio,"American manufacturer and collector, 1854-1919"
entity:artifact:1:ld1-1643390182193-1643390189005-0,artistBio,"American manufacturer and collector, 1854-1919"
entity:artifact:1:ld1-1643390182193-1643390189006-0,artistBio,"American manufacturer and collector, 1854-1919"
entity:artifact:1:ld1-1643390182193-1643390189007-0,artistBio,"American manufacturer and collector, 1854-1919"
entity:artifact:1:ld1-1643390182193-1643390189008-0,artistBio,"American manufacturer and collector, 1854-1919"
entity:artifact:1:ld1-1643390182193-1643390189009-0,artistBio,"American manufacturer and collector, 1854-1919"
entity:artifact:1:ld1-1643390182193-1643390189009-1,artistBio,"American manufacturer and collector, 1854-1919"
entity:artifact:1:ld1-1643390182193-1643390189014-0,artistBio,"American manufacturer and collector, 1854-1919"
entity:artifact:1:ld1-1643390182193-1643390189020-0,artistBio,researcher
entity:artifact:1:ld1-1643390182193-1643390189020-1,artistBio,"American manufacturer and collector, 1854-1919"
entity:artifact:1:ld1-1643390182193-1643390189027-0,artistBio,"American manufacturer and collector, 1854-1919"
entity:artifact:1:ld1-1643390182193-1643390189028-0,artistBio,"American manufacturer and collector, 1854-1919"
entity:artifact:1:ld1-1643390182193-1643390189030-1,artistBio,"American manufacturer and collector, 1854-1919"
entity:artifact:1:ld1-1643390182193-1643390189031-0,artistBio,"American manufacturer and collector, 1854-1919"
entity:artifact:1:ld1-1643390182193-1643390189032-0,artistBio,"American manufacturer and collector, 1854-1919"
entity:artifact:1:ld1-1643390182193-1643390189032-1,artistBio,"American manufacturer and collector, 1854-1919"
entity:artifact:1:ld1-1643390182193-1643390189033-0,artistBio,"American manufacturer and collector, 1854-1919"
entity:artifact:1:ld1-1643390182193-1643390189034-0,artistBio,"American manufacturer and collector, 1854-1919"
entity:artifact:1:ld1-1643390182193-1643390189041-0,artistBio,"American manufacturer and collector, 1854-1919"
entity:artifact:1:ld1-1643390182193-1643390189042-0,artistBio,"American manufacturer and collector, 1854-1919"
entity:artifact:1:ld1-1643390182193-1643390189047-1,artistBio,中文姓氏 (劉 / 刘)
entity:artifact:1:ld1-1643390182193-1643390189049-0,artistBio,中文姓氏 (劉 / 刘)
entity:artifact:1:ld1-1643390182193-1643390189050-0,artistBio,中文姓氏 (劉 / 刘)
entity:artifact:1:ld1-1643390182193-1643390189052-0,artistBio,"American manufacturer and collector, 1854-1919"
entity:artifact:1:ld1-1643390182193-1643390189053-0,artistBio,"American manufacturer and collector, 1854-1919"
entity:artifact:1:ld1-1643390182193-1643390189054-0,artistBio,"American manufacturer and collector, 1854-1919"
entity:artifact:1:ld1-1643390182193-1643390189054-1,artistBio,"American manufacturer and collector, 1854-1919"
entity:artifact:1:ld1-1643390182193-1643390189055-0,artistBio,"American manufacturer and collector, 1854-1919"
entity:artifact:1:ld1-1643390182193-1643390189060-0,artistBio,"American manufacturer and collector, 1854-1919"
entity:artifact:1:ld1-1643390182193-1643390189061-1,artistBio,"American manufacturer and collector, 1854-1919"
entity:artifact:1:ld1-1643390182193-1643390189062-0,artistBio,"American manufacturer and collector, 1854-1919"
entity:artifact:1:ld1-1643390182193-1643390189078-1,artistBio,"American manufacturer and collector, 1854-1919"
entity:artifact:1:ld1-1643390182193-1643390189080-0,artistBio,"American manufacturer and collector, 1854-1919"
entity:artifact:1:ld1-1643390182193-1643390189081-0,artistBio,"American manufacturer and collector, 1854-1919"
entity:artifact:1:ld1-1643390182193-1643390189083-0,artistBio,"American manufacturer and collector, 1854-1919"
entity:artifact:1:ld1-1643390182193-1643390189084-0,artistBio,"American manufacturer and collector, 1854-1919"
entity:artifact:1:ld1-1643390182193-1643390189085-1,artistBio,"American manufacturer and collector, 1854-1919"
entity:artifact:1:ld1-1643390182193-1643390189086-0,artistBio,"American manufacturer and collector, 1854-1919"
entity:artifact:1:ld1-1643390182193-1643390189088-0,artistBio,"American manufacturer and collector, 1854-1919"
entity:artifact:1:ld1-1643390182193-1643390189089-0,artistBio,"American manufacturer and collector, 1854-1919"
entity:artifact:1:ld1-1643390182193-1643390189090-0,artistBio,"American manufacturer and collector, 1854-1919"
entity:artifact:1:ld1-1643390182193-1643390189090-1,artistBio,"American manufacturer and collector, 1854-1919"
entity:artifact:1:ld1-1643390182193-1643390189091-0,artistBio,"American manufacturer and collector, 1854-1919"
entity:artifact:1:ld1-1643390182193-1643390189094-0,artistBio,"American manufacturer and collector, 1854-1919"
entity:artifact:1:ld1-1643390182193-1643390189095-0,artistBio,"American manufacturer and collector, 1854-1919"
entity:artifact:1:ld1-1643390182193-1643390189096-0,artistBio,"American manufacturer and collector, 1854-1919"
entity:artifact:1:ld1-1643390182193-1643390189097-0,artistBio,"American manufacturer and collector, 1854-1919"
entity:artifact:1:ld1-1643390182193-1643390189097-1,artistBio,"American manufacturer and collector, 1854-1919"
entity:artifact:1:ld1-1643390182193-1643390189098-0,artistBio,"American manufacturer and collector, 1854-1919"
entity:artifact:1:ld1-1643390182193-1643390189105-0,artistBio,"American manufacturer and collector, 1854-1919"
entity:artifact:1:ld1-1643390182193-1643390189107-0,artistBio,"American manufacturer and collector, 1854-1919"
entity:artifact:1:ld1-1643390182193-1643390189110-0,artistBio,"American manufacturer and collector, 1854-1919"
entity:artifact:1:ld1-1643390182193-1643390189111-0,artistBio,"American manufacturer and collector, 1854-1919"
entity:artifact:1:ld1-1643390182193-1643390189112-0,artistBio,"American manufacturer and collector, 1854-1919"
entity:artifact:1:ld1-1643390182193-1643390189115-0,artistBio,"American manufacturer and collector, 1854-1919"
entity:artifact:1:ld1-1643390182193-1643390189117-0,artistBio,"American manufacturer and collector, 1854-1919"
entity:artifact:1:ld1-1643390182193-1643390189125-1,artistBio,"American manufacturer and collector, 1854-1919"
entity:artifact:1:ld1-1643390182193-1643390189126-0,artistBio,"American manufacturer and collector, 1854-1919"
entity:artifact:1:ld1-1643390182193-1643390189130-0,artistBio,"American manufacturer and collector, 1854-1919"
entity:artifact:1:ld1-1643390182193-1643390189130-1,artistBio,"American manufacturer and collector, 1854-1919"
entity:artifact:1:ld1-1643390182193-1643390189131-0,artistBio,"American manufacturer and collector, 1854-1919"
entity:artifact:1:ld1-1643390182193-1643390189134-0,artistBio,"American manufacturer and collector, 1854-1919"
entity:artifact:1:ld1-1643390182193-1643390189135-1,artistBio,"American manufacturer and collector, 1854-1919"
entity:artifact:1:ld1-1643390182193-1643390189139-0,artistBio,"American manufacturer and collector, 1854-1919"
entity:artifact:1:ld1-1643390182193-1643390189140-1,artistBio,"American manufacturer and collector, 1854-1919"
entity:artifact:1:ld1-1643390182193-1643390189141-0,artistBio,"American manufacturer and collector, 1854-1919"
entity:artifact:1:ld1-1643390182193-1643390189142-0,artistBio,"American manufacturer and collector, 1854-1919"
entity:artifact:1:ld1-1643390182193-1643390189146-0,artistBio,"American manufacturer and collector, 1854-1919"
entity:artifact:1:ld1-1643390182193-1643390189147-0,artistBio,"American manufacturer and collector, 1854-1919"
entity:artifact:1:ld1-1643390182193-1643390189147-1,artistBio,"American manufacturer and collector, 1854-1919"
entity:artifact:1:ld1-1643390182193-1643390189148-0,artistBio,"American manufacturer and collector, 1854-1919"
entity:artifact:1:ld1-1643390182193-1643390189149-0,artistBio,"American manufacturer and collector, 1854-1919"
entity:artifact:1:ld1-1643390182193-1643390189154-0,artistBio,"American manufacturer and collector, 1854-1919"
entity:artifact:1:ld1-1643390182193-1643390189155-0,artistBio,"American manufacturer and collector, 1854-1919"
entity:artifact:1:ld1-1643390182193-1643390189156-0,artistBio,"American manufacturer and collector, 1854-1919"
entity:artifact:1:ld1-1643390182193-1643390189157-0,artistBio,"American manufacturer and collector, 1854-1919"
entity:artifact:1:ld1-1643390182193-1643390189158-0,artistBio,"American manufacturer and collector, 1854-1919"
entity:artifact:1:ld1-1643390182193-1643390189158-1,artistBio,"American manufacturer and collector, 1854-1919"
entity:artifact:1:ld1-1643390182193-1643390189160-0,artistBio,"American manufacturer and collector, 1854-1919"
entity:artifact:1:ld1-1643390182193-1643390189167-0,artistBio,"American manufacturer and collector, 1854-1919"
entity:artifact:1:ld1-1643390182193-1643390189168-0,artistBio,"American manufacturer and collector, 1854-1919"
entity:artifact:1:ld1-1643390182193-1643390189199-1,artistBio,"American manufacturer and collector, 1854-1919"
entity:artifact:1:ld1-1643390182193-1643390189216-0,artistBio,"American manufacturer and collector, 1854-1919"
entity:artifact:1:ld1-1643390182193-1643390189221-0,artistBio,"American manufacturer and collector, 1854-1919"
entity:artifact:1:ld1-1643390182193-1643390189222-0,artistBio,"American manufacturer and collector, 1854-1919"
entity:artifact:1:ld1-1643390182193-1643390189223-0,artistBio,"American manufacturer and collector, 1854-1919"
entity:artifact:1:ld1-1643390182193-1643390189224-0,artistBio,"American manufacturer and collector, 1854-1919"
entity:artifact:1:ld1-1643390182193-1643390189224-1,artistBio,"American manufacturer and collector, 1854-1919"
entity:artifact:1:ld1-1643390182193-1643390189225-0,artistBio,"American manufacturer and collector, 1854-1919"
entity:artifact:1:ld1-1643390182193-1643390189226-0,artistBio,"American manufacturer and collector, 1854-1919"
entity:artifact:1:ld1-1643390182193-1643390189229-0,artistBio,"American manufacturer and collector, 1854-1919"
entity:artifact:1:ld1-1643390182193-1643390189233-0,artistBio,"American manufacturer and collector, 1854-1919"
entity:artifact:1:ld1-1643390182193-1643390189233-1,artistBio,"American manufacturer and collector, 1854-1919"
entity:artifact:1:ld1-1643390182193-1643390189238-0,artistBio,"American manufacturer and collector, 1854-1919"
entity:artifact:1:ld1-1643390182193-1643390189239-0,artistBio,"American manufacturer and collector, 1854-1919"
entity:artifact:1:ld1-1643390182193-1643390189240-0,artistBio,"American manufacturer and collector, 1854-1919"
entity:artifact:1:ld1-1643390182193-1643390189240-1,artistBio,"American manufacturer and collector, 1854-1919"
entity:artifact:1:ld1-1643390182193-1643390189241-0,artistBio,"American manufacturer and collector, 1854-1919"
entity:artifact:1:ld1-1643390182193-1643390189242-0,artistBio,"American manufacturer and collector, 1854-1919"
entity:artifact:1:ld1-1643390182193-1643390189243-0,artistBio,"American manufacturer and collector, 1854-1919"
entity:artifact:1:ld1-1643390182193-1643390189244-0,artistBio,"American manufacturer and collector, 1854-1919"
entity:artifact:1:ld1-1643390182193-1643390189246-1,artistBio,"American manufacturer and collector, 1854-1919"
entity:artifact:1:ld1-1643390182193-1643390189248-0,artistBio,"American manufacturer and collector, 1854-1919"
entity:artifact:1:ld1-1643390182193-1643390189248-1,artistBio,"American manufacturer and collector, 1854-1919"
entity:artifact:1:ld1-1643390182193-1643390189251-0,artistBio,"American manufacturer and collector, 1854-1919"
entity:artifact:1:ld1-1643390182193-1643390189252-0,artistBio,"American manufacturer and collector, 1854-1919"
entity:artifact:1:ld1-1643390182193-1643390189252-1,artistBio,"American manufacturer and collector, 1854-1919"
entity:artifact:1:ld1-1643390182193-1643390189253-0,artistBio,"American manufacturer and collector, 1854-1919"
entity:artifact:1:ld1-1643390182193-1643390189254-1,artistBio,"American manufacturer and collector, 1854-1919"
entity:artifact:1:ld1-1643390182193-1643390189256-1,artistBio,"American manufacturer and collector, 1854-1919"
entity:artifact:1:ld1-1643390182193-1643390189257-0,artistBio,"American manufacturer and collector, 1854-1919"
entity:artifact:1:ld1-1643390182193-1643390189258-0,artistBio,"American manufacturer and collector, 1854-1919"
entity:artifact:1:ld1-1643390182193-1643390189261-0,artistBio,"American manufacturer and collector, 1854-1919"
entity:artifact:1:ld1-1643390182193-1643390189261-1,artistBio,"American manufacturer and collector, 1854-1919"
entity:artifact:1:ld1-1643390182193-1643390189263-0,artistBio,"American manufacturer and collector, 1854-1919"
entity:artifact:1:ld1-1643390182193-1643390189266-0,artistBio,"American manufacturer and collector, 1854-1919"
entity:artifact:1:ld1-1643390182193-1643390189267-0,artistBio,"American manufacturer and collector, 1854-1919"
entity:artifact:1:ld1-1643390182193-1643390189268-0,artistBio,"American manufacturer and collector, 1854-1919"
entity:artifact:1:ld1-1643390182193-1643390189269-0,artistBio,"American manufacturer and collector, 1854-1919"
entity:artifact:1:ld1-1643390182193-1643390189269-1,artistBio,"American manufacturer and collector, 1854-1919"
entity:artifact:1:ld1-1643390182193-1643390189271-0,artistBio,"American manufacturer and collector, 1854-1919"
entity:artifact:1:ld1-1643390182193-1643390189271-1,artistBio,"American manufacturer and collector, 1854-1919"
entity:artifact:1:ld1-1643390182193-1643390189273-0,artistBio,"American manufacturer and collector, 1854-1919"
entity:artifact:1:ld1-1643390182193-1643390189274-0,artistBio,"American manufacturer and collector, 1854-1919"
entity:artifact:1:ld1-1643390182193-1643390189275-0,artistBio,"American manufacturer and collector, 1854-1919"
entity:artifact:1:ld1-1643390182193-1643390189275-1,artistBio,"American manufacturer and collector, 1854-1919"
entity:artifact:1:ld1-1643390182193-1643390189276-0,artistBio,"American manufacturer and collector, 1854-1919"
entity:artifact:1:ld1-1643390182193-1643390189277-0,artistBio,"American manufacturer and collector, 1854-1919"
entity:artifact:1:ld1-1643390182193-1643390189278-0,artistBio,"American manufacturer and collector, 1854-1919"
entity:artifact:1:ld1-1643390182193-1643390189279-0,artistBio,"American manufacturer and collector, 1854-1919"
entity:artifact:1:ld1-1643390182193-1643390189280-0,artistBio,"American manufacturer and collector, 1854-1919"
entity:artifact:1:ld1-1643390182193-1643390189281-0,artistBio,"American manufacturer and collector, 1854-1919"
entity:artifact:1:ld1-1643390182193-1643390189282-0,artistBio,"American manufacturer and collector, 1854-1919"
entity:artifact:1:ld1-1643390182193-1643390189283-1,artistBio,"American manufacturer and collector, 1854-1919"
entity:artifact:1:ld1-1643390182193-1643390189284-0,artistBio,"American manufacturer and collector, 1854-1919"
entity:artifact:1:ld1-1643390182193-1643390189286-0,artistBio,"American manufacturer and collector, 1854-1919"
entity:artifact:1:ld1-1643390182193-1643390189287-0,artistBio,"American manufacturer and collector, 1854-1919"
entity:artifact:1:ld1-1643390182193-1643390189290-0,artistBio,"American manufacturer and collector, 1854-1919"
entity:artifact:1:ld1-1643390182193-1643390189292-0,artistBio,"American manufacturer and collector, 1854-1919"
entity:artifact:1:ld1-1643390182193-1643390189293-0,artistBio,"American manufacturer and collector, 1854-1919"
entity:artifact:1:ld1-1643390182193-1643390189295-0,artistBio,"American manufacturer and collector, 1854-1919"
entity:artifact:1:ld1-1643390182193-1643390189296-1,artistBio,"American manufacturer and collector, 1854-1919"
entity:artifact:1:ld1-1643390182193-1643390189297-0,artistBio,"American manufacturer and collector, 1854-1919"
entity:artifact:1:ld1-1643390182193-1643390189299-1,artistBio,"American manufacturer and collector, 1854-1919"
entity:artifact:1:ld1-1643390182193-1643390189301-1,artistBio,"American manufacturer and collector, 1854-1919"
entity:artifact:1:ld1-1643390182193-1643390189302-0,artistBio,"American manufacturer and collector, 1854-1919"
entity:artifact:1:ld1-1643390182193-1643390189303-0,artistBio,"American manufacturer and collector, 1854-1919"
entity:artifact:1:ld1-1643390182193-1643390189305-0,artistBio,"American manufacturer and collector, 1854-1919"
entity:artifact:1:ld1-1643390182193-1643390189306-0,artistBio,"American manufacturer and collector, 1854-1919"
entity:artifact:1:ld1-1643390182193-1643390189306-1,artistBio,"American manufacturer and collector, 1854-1919"
entity:artifact:1:ld1-1643390182193-1643390189308-0,artistBio,"American manufacturer and collector, 1854-1919"
entity:artifact:1:ld1-1643390182193-1643390189310-0,artistBio,"American manufacturer and collector, 1854-1919"
entity:artifact:1:ld1-1643390182193-1643390189312-0,artistBio,"American manufacturer and collector, 1854-1919"
entity:artifact:1:ld1-1643390182193-1643390189313-0,artistBio,"American manufacturer and collector, 1854-1919"
entity:artifact:1:ld1-1643390182193-1643390189314-0,artistBio,"American manufacturer and collector, 1854-1919"
entity:artifact:1:ld1-1643390182193-1643390189315-0,artistBio,"American manufacturer and collector, 1854-1919"
entity:artifact:1:ld1-1643390182193-1643390189316-0,artistBio,"American manufacturer and collector, 1854-1919"
entity:artifact:1:ld1-1643390182193-1643390189317-0,artistBio,"American manufacturer and collector, 1854-1919"
entity:artifact:1:ld1-1643390182193-1643390189318-0,artistBio,"American manufacturer and collector, 1854-1919"
entity:artifact:1:ld1-1643390182193-1643390189320-0,artistBio,"American manufacturer and collector, 1854-1919"
entity:artifact:1:ld1-1643390182193-1643390189322-0,artistBio,"American manufacturer and collector, 1854-1919"
entity:artifact:1:ld1-1643390182193-1643390189323-0,artistBio,"American manufacturer and collector, 1854-1919"
entity:artifact:1:ld1-1643390182193-1643390189331-0,artistBio,"American manufacturer and collector, 1854-1919"
entity:artifact:1:ld1-1643390182193-1643390189335-1,artistBio,姓氏 (Wang)
entity:artifact:1:ld1-1643390182193-1643390189338-0,artistBio,姓氏 (Wang)
entity:artifact:1:ld1-1643390182193-1643390189339-0,artistBio,姓氏 (Wang)
entity:artifact:1:ld1-1643390182193-1643390189340-0,artistBio,姓氏 (Wang)
entity:artifact:1:ld1-1643390182193-1643390189341-0,artistBio,姓氏 (Wang)
entity:artifact:1:ld1-1643390182193-1643390189341-1,artistBio,"American manufacturer and collector, 1854-1919"
entity:artifact:1:ld1-1643390182193-1643390189342-0,artistBio,"American manufacturer and collector, 1854-1919"
entity:artifact:1:ld1-1643390182193-1643390189343-0,artistBio,"American manufacturer and collector, 1854-1919"
entity:artifact:1:ld1-1643390182193-1643390189344-0,artistBio,"American manufacturer and collector, 1854-1919"
entity:artifact:1:ld1-1643390182193-1643390189345-0,artistBio,"American manufacturer and collector, 1854-1919"
entity:artifact:1:ld1-1643390182193-1643390189346-0,artistBio,"American manufacturer and collector, 1854-1919"
entity:artifact:1:ld1-1643390182193-1643390189346-1,artistBio,"American manufacturer and collector, 1854-1919"
entity:artifact:1:ld1-1643390182193-1643390189348-0,artistBio,"American manufacturer and collector, 1854-1919"
entity:artifact:1:ld1-1643390182193-1643390189349-0,artistBio,"American manufacturer and collector, 1854-1919"
entity:artifact:1:ld1-1643390182193-1643390189349-1,artistBio,"American manufacturer and collector, 1854-1919"
entity:artifact:1:ld1-1643390182193-1643390189351-0,artistBio,"American manufacturer and collector, 1854-1919"
entity:artifact:1:ld1-1643390182193-1643390189351-1,artistBio,"American manufacturer and collector, 1854-1919"
entity:artifact:1:ld1-1643390182193-1643390189352-0,artistBio,"American manufacturer and collector, 1854-1919"
entity:artifact:1:ld1-1643390182193-1643390189353-0,artistBio,"American manufacturer and collector, 1854-1919"
entity:artifact:1:ld1-1643390182193-1643390189354-0,artistBio,"American manufacturer and collector, 1854-1919"
entity:artifact:1:ld1-1643390182193-1643390189356-0,artistBio,"American manufacturer and collector, 1854-1919"
entity:artifact:1:ld1-1643390182193-1643390189357-0,artistBio,"American manufacturer and collector, 1854-1919"
entity:artifact:1:ld1-1643390182193-1643390189357-1,artistBio,"American manufacturer and collector, 1854-1919"
entity:artifact:1:ld1-1643390182193-1643390189358-0,artistBio,"American manufacturer and collector, 1854-1919"
entity:artifact:1:ld1-1643390182193-1643390189359-0,artistBio,"American manufacturer and collector, 1854-1919"
entity:artifact:1:ld1-1643390182193-1643390189360-0,artistBio,"American manufacturer and collector, 1854-1919"
entity:artifact:1:ld1-1643390182193-1643390189361-0,artistBio,"American manufacturer and collector, 1854-1919"
entity:artifact:1:ld1-1643390182193-1643390189361-1,artistBio,"American manufacturer and collector, 1854-1919"
entity:artifact:1:ld1-1643390182193-1643390189362-0,artistBio,"American manufacturer and collector, 1854-1919"
entity:artifact:1:ld1-1643390182193-1643390189363-0,artistBio,"American manufacturer and collector, 1854-1919"
entity:artifact:1:ld1-1643390182193-1643390189364-1,artistBio,"American manufacturer and collector, 1854-1919"
entity:artifact:1:ld1-1643390182193-1643390189366-1,artistBio,"American manufacturer and collector, 1854-1919"
entity:artifact:1:ld1-1643390182193-1643390189369-0,artistBio,"American manufacturer and collector, 1854-1919"
entity:artifact:1:ld1-1643390182193-1643390189370-0,artistBio,"American manufacturer and collector, 1854-1919"
entity:artifact:1:ld1-1643390182193-1643390189375-0,artistBio,"American manufacturer and collector, 1854-1919"
entity:artifact:1:ld1-1643390182193-1643390189376-0,artistBio,"American manufacturer and collector, 1854-1919"
entity:artifact:1:ld1-1643390182193-1643390189377-1,artistBio,"American manufacturer and collector, 1854-1919"
entity:artifact:1:ld1-1643390182193-1643390189379-0,artistBio,"American manufacturer and collector, 1854-1919"
entity:artifact:1:ld1-1643390182193-1643390189380-0,artistBio,"American manufacturer and collector, 1854-1919"
entity:artifact:1:ld1-1643390182193-1643390189382-1,artistBio,"American manufacturer and collector, 1854-1919"
entity:artifact:1:ld1-1643390182193-1643390189386-0,artistBio,"American manufacturer and collector, 1854-1919"
entity:artifact:1:ld1-1643390182193-1643390189387-0,artistBio,"American manufacturer and collector, 1854-1919"
entity:artifact:1:ld1-1643390182193-1643390189388-0,artistBio,"American manufacturer and collector, 1854-1919"
entity:artifact:1:ld1-1643390182193-1643390189389-0,artistBio,"American manufacturer and collector, 1854-1919"
entity:artifact:1:ld1-1643390182193-1643390189390-1,artistBio,"American manufacturer and collector, 1854-1919"
entity:artifact:1:ld1-1643390182193-1643390189391-0,artistBio,"American manufacturer and collector, 1854-1919"
entity:artifact:1:ld1-1643390182193-1643390189392-0,artistBio,"American manufacturer and collector, 1854-1919"
entity:artifact:1:ld1-1643390182193-1643390189393-0,artistBio,"American manufacturer and collector, 1854-1919"
entity:artifact:1:ld1-1643390182193-1643390189394-0,artistBio,"American manufacturer and collector, 1854-1919"
entity:artifact:1:ld1-1643390182193-1643390189395-0,artistBio,"American manufacturer and collector, 1854-1919"
entity:artifact:1:ld1-1643390182193-1643390189395-1,artistBio,"American manufacturer and collector, 1854-1919"
entity:artifact:1:ld1-1643390182193-1643390189397-0,artistBio,"American manufacturer and collector, 1854-1919"
entity:artifact:1:ld1-1643390182193-1643390189398-0,artistBio,"American manufacturer and collector, 1854-1919"
entity:artifact:1:ld1-1643390182193-1643390189400-1,artistBio,"American manufacturer and collector, 1854-1919"
entity:artifact:1:ld1-1643390182193-1643390189404-0,artistBio,"American manufacturer and collector, 1854-1919"
entity:artifact:1:ld1-1643390182193-1643390189410-0,artistBio,"American manufacturer and collector, 1854-1919"
entity:artifact:1:ld1-1643390182193-1643390189411-1,artistBio,"American manufacturer and collector, 1854-1919"
entity:artifact:1:ld1-1643390182193-1643390189413-0,artistBio,"American manufacturer and collector, 1854-1919"
entity:artifact:1:ld1-1643390182193-1643390189414-0,artistBio,"American manufacturer and collector, 1854-1919"
entity:artifact:1:ld1-1643390182193-1643390189416-0,artistBio,"American manufacturer and collector, 1854-1919"
entity:artifact:1:ld1-1643390182193-1643390189416-1,artistBio,"American manufacturer and collector, 1854-1919"
entity:artifact:1:ld1-1643390182193-1643390189419-0,artistBio,"American manufacturer and collector, 1854-1919"
entity:artifact:1:ld1-1643390182193-1643390189422-0,artistBio,"American manufacturer and collector, 1854-1919"
entity:artifact:1:ld1-1643390182193-1643390189425-0,artistBio,"American manufacturer and collector, 1854-1919"
entity:artifact:1:ld1-1643390182193-1643390189427-0,artistBio,"American manufacturer and collector, 1854-1919"
entity:artifact:1:ld1-1643390182193-1643390189428-0,artistBio,"American manufacturer and collector, 1854-1919"
entity:artifact:1:ld1-1643390182193-1643390189429-0,artistBio,"American manufacturer and collector, 1854-1919"
entity:artifact:1:ld1-1643390182193-1643390189429-1,artistBio,"American manufacturer and collector, 1854-1919"
entity:artifact:1:ld1-1643390182193-1643390189433-1,artistBio,"American manufacturer and collector, 1854-1919"
entity:artifact:1:ld1-1643390182193-1643390189435-0,artistBio,"American manufacturer and collector, 1854-1919"
entity:artifact:1:ld1-1643390182193-1643390189437-0,artistBio,"American manufacturer and collector, 1854-1919"
entity:artifact:1:ld1-1643390182193-1643390189438-0,artistBio,"American manufacturer and collector, 1854-1919"
entity:artifact:1:ld1-1643390182193-1643390189439-0,artistBio,"American manufacturer and collector, 1854-1919"
entity:artifact:1:ld1-1643390182193-1643390189440-0,artistBio,"American manufacturer and collector, 1854-1919"
entity:artifact:1:ld1-1643390182193-1643390189440-1,artistBio,"American manufacturer and collector, 1854-1919"
entity:artifact:1:ld1-1643390182193-1643390189441-0,artistBio,"American manufacturer and collector, 1854-1919"
entity:artifact:1:ld1-1643390182193-1643390189442-0,artistBio,"American manufacturer and collector, 1854-1919"
entity:artifact:1:ld1-1643390182193-1643390189443-0,artistBio,"American manufacturer and collector, 1854-1919"
entity:artifact:1:ld1-1643390182193-1643390189443-1,artistBio,"American manufacturer and collector, 1854-1919"
entity:artifact:1:ld1-1643390182193-1643390189444-0,artistBio,"American manufacturer and collector, 1854-1919"
entity:artifact:1:ld1-1643390182193-1643390189445-0,artistBio,"American manufacturer and collector, 1854-1919"
entity:artifact:1:ld1-1643390182193-1643390189445-1,artistBio,"American manufacturer and collector, 1854-1919"
entity:artifact:1:ld1-1643390182193-1643390189449-1,artistBio,"American manufacturer and collector, 1854-1919"
entity:artifact:1:ld1-1643390182193-1643390189450-0,artistBio,"American manufacturer and collector, 1854-1919"
entity:artifact:1:ld1-1643390182193-1643390189451-1,artistBio,"American manufacturer and collector, 1854-1919"
entity:artifact:1:ld1-1643390182193-1643390189453-0,artistBio,"American manufacturer and collector, 1854-1919"
entity:artifact:1:ld1-1643390182193-1643390189454-0,artistBio,"American manufacturer and collector, 1854-1919"
entity:artifact:1:ld1-1643390182193-1643390189460-0,artistBio,"American manufacturer and collector, 1854-1919"
entity:artifact:1:ld1-1643390182193-1643390189462-1,artistBio,"American manufacturer and collector, 1854-1919"
entity:artifact:1:ld1-1643390182193-1643390189463-0,artistBio,"American manufacturer and collector, 1854-1919"
entity:artifact:1:ld1-1643390182193-1643390189464-0,artistBio,"American manufacturer and collector, 1854-1919"
entity:artifact:1:ld1-1643390182193-1643390189467-0,artistBio,"American manufacturer and collector, 1854-1919"
entity:artifact:1:ld1-1643390182193-1643390189468-0,artistBio,"American manufacturer and collector, 1854-1919"
entity:artifact:1:ld1-1643390182193-1643390189470-1,artistBio,"American manufacturer and collector, 1854-1919"
entity:artifact:1:ld1-1643390182193-1643390189471-0,artistBio,"American manufacturer and collector, 1854-1919"
entity:artifact:1:ld1-1643390182193-1643390189475-1,artistBio,"American manufacturer and collector, 1854-1919"
entity:artifact:1:ld1-1643390182193-1643390189477-0,artistBio,"American manufacturer and collector, 1854-1919"
entity:artifact:1:ld1-1643390182193-1643390189477-1,artistBio,"American manufacturer and collector, 1854-1919"
entity:artifact:1:ld1-1643390182193-1643390189478-0,artistBio,"American manufacturer and collector, 1854-1919"
entity:artifact:1:ld1-1643390182193-1643390189481-1,artistBio,"American manufacturer and collector, 1854-1919"
entity:artifact:1:ld1-1643390182193-1643390189485-0,artistBio,"American manufacturer and collector, 1854-1919"
entity:artifact:1:ld1-1643390182193-1643390189486-1,artistBio,"American manufacturer and collector, 1854-1919"
entity:artifact:1:ld1-1643390182193-1643390189487-0,artistBio,"American manufacturer and collector, 1854-1919"
entity:artifact:1:ld1-1643390182193-1643390189488-0,artistBio,"American manufacturer and collector, 1854-1919"
entity:artifact:1:ld1-1643390182193-1643390189488-1,artistBio,"American manufacturer and collector, 1854-1919"
entity:artifact:1:ld1-1643390182193-1643390189497-0,artistBio,"American manufacturer and collector, 1854-1919"
entity:artifact:1:ld1-1643390182193-1643390189498-0,artistBio,"American manufacturer and collector, 1854-1919"
entity:artifact:1:ld1-1643390182193-1643390189499-0,artistBio,"American manufacturer and collector, 1854-1919"
entity:artifact:1:ld1-1643390182193-1643390189500-0,artistBio,"American manufacturer and collector, 1854-1919"
entity:artifact:1:ld1-1643390182193-1643390189500-1,artistBio,"American manufacturer and collector, 1854-1919"
entity:artifact:1:ld1-1643390182193-1643390189501-0,artistBio,"American manufacturer and collector, 1854-1919"
entity:artifact:1:ld1-1643390182193-1643390189502-0,artistBio,"American manufacturer and collector, 1854-1919"
entity:artifact:1:ld1-1643390182193-1643390189502-1,artistBio,"American manufacturer and collector, 1854-1919"
entity:artifact:1:ld1-1643390182193-1643390189505-0,artistBio,"American art gallery and auction house started in NYC in 1883, merged with Anderson Galleries in 1929"
entity:artifact:1:ld1-1643390182193-1643390189506-0,artistBio,"American art gallery and auction house started in NYC in 1883, merged with Anderson Galleries in 1929"
entity:artifact:1:ld1-1643390182193-1643390189510-0,artistBio,"American manufacturer and collector, 1854-1919"
entity:artifact:1:ld1-1643390182193-1643390189514-0,artistBio,"American manufacturer and collector, 1854-1919"
entity:artifact:1:ld1-1643390182193-1643390189517-0,artistBio,姓氏 (Wang)
entity:artifact:1:ld1-1643390182193-1643390189518-0,artistBio,姓氏 (Wang)
entity:artifact:1:ld1-1643390182193-1643390189523-0,artistBio,姓氏 (Wang)
entity:artifact:1:ld1-1643390182193-1643390189525-0,artistBio,姓氏 (Wang)
entity:artifact:1:ld1-1643390182193-1643390189526-0,artistBio,姓氏 (Wang)
entity:artifact:1:ld1-1643390182193-1643390189526-1,artistBio,姓氏 (Wang)
entity:artifact:1:ld1-1643390182193-1643390189527-0,artistBio,姓氏 (Wang)
entity:artifact:1:ld1-1643390182193-1643390189529-1,artistBio,姓氏 (Wang)
entity:artifact:1:ld1-1643390182193-1643390189532-0,artistBio,姓氏 (Wang)
entity:artifact:1:ld1-1643390182193-1643390189533-1,artistBio,姓氏 (Wang)
entity:artifact:1:ld1-1643390182193-1643390189537-0,artistBio,"American manufacturer and collector, 1854-1919"
entity:artifact:1:ld1-1643390182193-1643390189545-0,artistBio,姓氏 (Wang)
entity:artifact:1:ld1-1643390182193-1643390189546-0,artistBio,姓氏 (Wang)
entity:artifact:1:ld1-1643390182193-1643390189546-1,artistBio,姓氏 (Wang)
entity:artifact:1:ld1-1643390182193-1643390189548-0,artistBio,姓氏 (Wang)
entity:artifact:1:ld1-1643390182193-1643390189549-0,artistBio,姓氏 (Wang)
entity:artifact:1:ld1-1643390182193-1643390189550-0,artistBio,姓氏 (Wang)
entity:artifact:1:ld1-1643390182193-1643390189551-0,artistBio,姓氏 (Wang)
entity:artifact:1:ld1-1643390182193-1643390189552-0,artistBio,姓氏 (Wang)
entity:artifact:1:ld1-1643390182193-1643390189555-0,artistBio,"American manufacturer and collector, 1854-1919"
entity:artifact:1:ld1-1643390182193-1643390189555-1,artistBio,"American manufacturer and collector, 1854-1919"
entity:artifact:1:ld1-1643390182193-1643390189557-0,artistBio,"American manufacturer and collector, 1854-1919"
entity:artifact:1:ld1-1643390182193-1643390189557-1,artistBio,"American manufacturer and collector, 1854-1919"
entity:artifact:1:ld1-1643390182193-1643390189572-1,artistBio,"American manufacturer and collector, 1854-1919"
entity:artifact:1:ld1-1643390182193-1643390189575-0,artistBio,"American manufacturer and collector, 1854-1919"
entity:artifact:1:ld1-1643390182193-1643390189576-0,artistBio,"American manufacturer and collector, 1854-1919"
entity:artifact:1:ld1-1643390182193-1643390189577-0,artistBio,"American manufacturer and collector, 1854-1919"
entity:artifact:1:ld1-1643390182193-1643390189578-0,artistBio,"American manufacturer and collector, 1854-1919"
entity:artifact:1:ld1-1643390182193-1643390189579-0,artistBio,"American manufacturer and collector, 1854-1919"
entity:artifact:1:ld1-1643390182193-1643390189580-0,artistBio,"American manufacturer and collector, 1854-1919"
entity:artifact:1:ld1-1643390182193-1643390189581-0,artistBio,"American manufacturer and collector, 1854-1919"
entity:artifact:1:ld1-1643390182193-1643390189582-0,artistBio,"American manufacturer and collector, 1854-1919"
entity:artifact:1:ld1-1643390182193-1643390189583-0,artistBio,"American manufacturer and collector, 1854-1919"
entity:artifact:1:ld1-1643390182193-1643390189583-1,artistBio,"American manufacturer and collector, 1854-1919"
entity:artifact:1:ld1-1643390182193-1643390189584-0,artistBio,"American manufacturer and collector, 1854-1919"
entity:artifact:1:ld1-1643390182193-1643390189585-0,artistBio,"American manufacturer and collector, 1854-1919"
entity:artifact:1:ld1-1643390182193-1643390189585-1,artistBio,"American manufacturer and collector, 1854-1919"
entity:artifact:1:ld1-1643390182193-1643390189586-0,artistBio,"American manufacturer and collector, 1854-1919"
entity:artifact:1:ld1-1643390182193-1643390189587-0,artistBio,"American manufacturer and collector, 1854-1919"
entity:artifact:1:ld1-1643390182193-1643390189588-0,artistBio,"American manufacturer and collector, 1854-1919"
entity:artifact:1:ld1-1643390182193-1643390189589-0,artistBio,"American manufacturer and collector, 1854-1919"
entity:artifact:1:ld1-1643390182193-1643390189590-0,artistBio,"American manufacturer and collector, 1854-1919"
entity:artifact:1:ld1-1643390182193-1643390189591-0,artistBio,"American manufacturer and collector, 1854-1919"
entity:artifact:1:ld1-1643390182193-1643390189593-1,artistBio,"American manufacturer and collector, 1854-1919"
entity:artifact:1:ld1-1643390182193-1643390189594-0,artistBio,"American manufacturer and collector, 1854-1919"
entity:artifact:1:ld1-1643390182193-1643390189601-0,artistBio,"American manufacturer and collector, 1854-1919"
entity:artifact:1:ld1-1643390182193-1643390189602-0,artistBio,"American manufacturer and collector, 1854-1919"
entity:artifact:1:ld1-1643390182193-1643390189602-1,artistBio,"American manufacturer and collector, 1854-1919"
entity:artifact:1:ld1-1643390182193-1643390189603-0,artistBio,"American manufacturer and collector, 1854-1919"
entity:artifact:1:ld1-1643390182193-1643390189604-0,artistBio,"American manufacturer and collector, 1854-1919"
entity:artifact:1:ld1-1643390182193-1643390189605-0,artistBio,"American manufacturer and collector, 1854-1919"
entity:artifact:1:ld1-1643390182193-1643390189609-0,artistBio,"American manufacturer and collector, 1854-1919"
entity:artifact:1:ld1-1643390182193-1643390189610-0,artistBio,"American manufacturer and collector, 1854-1919"
entity:artifact:1:ld1-1643390182193-1643390189610-1,artistBio,"American manufacturer and collector, 1854-1919"
entity:artifact:1:ld1-1643390182193-1643390189611-0,artistBio,"American manufacturer and collector, 1854-1919"
entity:artifact:1:ld1-1643390182193-1643390189612-0,artistBio,"American manufacturer and collector, 1854-1919"
entity:artifact:1:ld1-1643390182193-1643390189613-0,artistBio,"American manufacturer and collector, 1854-1919"
entity:artifact:1:ld1-1643390182193-1643390189613-1,artistBio,"American manufacturer and collector, 1854-1919"
entity:artifact:1:ld1-1643390182193-1643390189614-0,artistBio,"American manufacturer and collector, 1854-1919"
entity:artifact:1:ld1-1643390182193-1643390189615-0,artistBio,"American manufacturer and collector, 1854-1919"
entity:artifact:1:ld1-1643390182193-1643390189616-0,artistBio,"American manufacturer and collector, 1854-1919"
entity:artifact:1:ld1-1643390182193-1643390189617-0,artistBio,"American manufacturer and collector, 1854-1919"
entity:artifact:1:ld1-1643390182193-1643390189618-0,artistBio,"American manufacturer and collector, 1854-1919"
entity:artifact:1:ld1-1643390182193-1643390189619-0,artistBio,"American manufacturer and collector, 1854-1919"
entity:artifact:1:ld1-1643390182193-1643390189619-1,artistBio,"American manufacturer and collector, 1854-1919"
entity:artifact:1:ld1-1643390182193-1643390189620-0,artistBio,"American manufacturer and collector, 1854-1919"
entity:artifact:1:ld1-1643390182193-1643390189621-0,artistBio,"American manufacturer and collector, 1854-1919"
entity:artifact:1:ld1-1643390182193-1643390189622-1,artistBio,"American manufacturer and collector, 1854-1919"
entity:artifact:1:ld1-1643390182193-1643390189623-0,artistBio,"American manufacturer and collector, 1854-1919"
entity:artifact:1:ld1-1643390182193-1643390189624-0,artistBio,"American manufacturer and collector, 1854-1919"
entity:artifact:1:ld1-1643390182193-1643390189625-0,artistBio,"American manufacturer and collector, 1854-1919"
entity:artifact:1:ld1-1643390182193-1643390189626-0,artistBio,"American manufacturer and collector, 1854-1919"
entity:artifact:1:ld1-1643390182193-1643390189626-1,artistBio,"American manufacturer and collector, 1854-1919"
entity:artifact:1:ld1-1643390182193-1643390189627-0,artistBio,"American manufacturer and collector, 1854-1919"
entity:artifact:1:ld1-1643390182193-1643390189628-0,artistBio,"American manufacturer and collector, 1854-1919"
entity:artifact:1:ld1-1643390182193-1643390189629-0,artistBio,"American manufacturer and collector, 1854-1919"
entity:artifact:1:ld1-1643390182193-1643390189630-0,artistBio,"American manufacturer and collector, 1854-1919"
entity:artifact:1:ld1-1643390182193-1643390189630-1,artistBio,"American manufacturer and collector, 1854-1919"
entity:artifact:1:ld1-1643390182193-1643390189631-0,artistBio,"American manufacturer and collector, 1854-1919"
entity:artifact:1:ld1-1643390182193-1643390189632-0,artistBio,"American manufacturer and collector, 1854-1919"
entity:artifact:1:ld1-1643390182193-1643390189633-0,artistBio,"American manufacturer and collector, 1854-1919"
entity:artifact:1:ld1-1643390182193-1643390189634-0,artistBio,"American manufacturer and collector, 1854-1919"
entity:artifact:1:ld1-1643390182193-1643390189634-1,artistBio,"American manufacturer and collector, 1854-1919"
entity:artifact:1:ld1-1643390182193-1643390189635-0,artistBio,"American manufacturer and collector, 1854-1919"
entity:artifact:1:ld1-1643390182193-1643390189659-0,artistBio,姓氏 (Wang)
entity:artifact:1:ld1-1643390182193-1643390189661-0,artistBio,姓氏 (Wang)
entity:artifact:1:ld1-1643390182193-1643390189663-0,artistBio,姓氏 (Wang)
entity:artifact:1:ld1-1643390182193-1643390189664-0,artistBio,姓氏 (Wang)
entity:artifact:1:ld1-1643390182193-1643390189665-0,artistBio,姓氏 (Wang)
entity:artifact:1:ld1-1643390182193-1643390189666-0,artistBio,姓氏 (Wang)
entity:artifact:1:ld1-1643390182193-1643390189667-0,artistBio,姓氏 (Wang)
entity:artifact:1:ld1-1643390182193-1643390189668-0,artistBio,姓氏 (Wang)
entity:artifact:1:ld1-1643390182193-1643390189679-0,artistBio,姓氏 (Wang)
entity:artifact:1:ld1-1643390182193-1643390189681-0,artistBio,姓氏 (Wang)
entity:artifact:1:ld1-1643390182193-1643390189681-1,artistBio,姓氏 (Wang)
entity:artifact:1:ld1-1643390182193-1643390189682-0,artistBio,姓氏 (Wang)
entity:artifact:1:ld1-1643390182193-1643390189684-1,artistBio,姓氏 (Wang)
entity:artifact:1:ld1-1643390182193-1643390189685-0,artistBio,姓氏 (Wang)
entity:artifact:1:ld1-1643390182193-1643390189690-0,artistBio,姓氏 (Wang)
entity:artifact:1:ld1-1643390182193-1643390189699-0,artistBio,"American manufacturer and collector, 1854-1919"
entity:artifact:1:ld1-1643390182193-1643390189700-0,artistBio,"American manufacturer and collector, 1854-1919"
entity:artifact:1:ld1-1643390182193-1643390189701-0,artistBio,"American manufacturer and collector, 1854-1919"
entity:artifact:1:ld1-1643390182193-1643390189702-0,artistBio,"American manufacturer and collector, 1854-1919"
entity:artifact:1:ld1-1643390182193-1643390189703-0,artistBio,"American manufacturer and collector, 1854-1919"
entity:artifact:1:ld1-1643390182193-1643390189703-1,artistBio,"American manufacturer and collector, 1854-1919"
entity:artifact:1:ld1-1643390182193-1643390189704-0,artistBio,"American manufacturer and collector, 1854-1919"
entity:artifact:1:ld1-1643390182193-1643390189705-1,artistBio,"American manufacturer and collector, 1854-1919"
entity:artifact:1:ld1-1643390182193-1643390189706-0,artistBio,"American manufacturer and collector, 1854-1919"
entity:artifact:1:ld1-1643390182193-1643390189707-0,artistBio,"American manufacturer and collector, 1854-1919"
entity:artifact:1:ld1-1643390182193-1643390189708-0,artistBio,姓氏 (Wang)
entity:artifact:1:ld1-1643390182193-1643390189709-0,artistBio,姓氏 (Wang)
entity:artifact:1:ld1-1643390182193-1643390189710-0,artistBio,姓氏 (Wang)
entity:artifact:1:ld1-1643390182193-1643390189717-0,artistBio,"American manufacturer and collector, 1854-1919"
entity:artifact:1:ld1-1643390182193-1643390189731-0,artistBio,"American manufacturer and collector, 1854-1919"
entity:artifact:1:ld1-1643390182193-1643390189736-0,artistBio,姓氏 (Wang)
entity:artifact:1:ld1-1643390182193-1643390189737-0,artistBio,姓氏 (Wang)
entity:artifact:1:ld1-1643390182193-1643390189739-0,artistBio,姓氏 (Wang)
entity:artifact:1:ld1-1643390182193-1643390189746-0,artistBio,"American manufacturer and collector, 1854-1919"
entity:artifact:1:ld1-1643390182193-1643390189816-0,artistBio,"American manufacturer and collector, 1854-1919"
entity:artifact:1:ld1-1643390182193-1643390189817-0,artistBio,"American manufacturer and collector, 1854-1919"
entity:artifact:1:ld1-1643390182193-1643390189819-0,artistBio,"American manufacturer and collector, 1854-1919"
entity:artifact:1:ld1-1643390182193-1643390189819-1,artistBio,"American manufacturer and collector, 1854-1919"
entity:artifact:1:ld1-1643390182193-1643390189820-0,artistBio,"American manufacturer and collector, 1854-1919"
entity:artifact:1:ld1-1643390182193-1643390189821-0,artistBio,"American manufacturer and collector, 1854-1919"
entity:artifact:1:ld1-1643390182193-1643390189822-0,artistBio,"American manufacturer and collector, 1854-1919"
entity:artifact:1:ld1-1643390182193-1643390189824-0,artistBio,"American manufacturer and collector, 1854-1919"
entity:artifact:1:ld1-1643390182193-1643390189829-0,artistBio,"American manufacturer and collector, 1854-1919"
entity:artifact:1:ld1-1643390182193-1643390189829-1,artistBio,"American manufacturer and collector, 1854-1919"
entity:artifact:1:ld1-1643390182193-1643390189830-0,artistBio,"American manufacturer and collector, 1854-1919"
entity:artifact:1:ld1-1643390182193-1643390189831-0,artistBio,"American manufacturer and collector, 1854-1919"
entity:artifact:1:ld1-1643390182193-1643390189832-0,artistBio,"American manufacturer and collector, 1854-1919"
entity:artifact:1:ld1-1643390182193-1643390189833-0,artistBio,"American manufacturer and collector, 1854-1919"
entity:artifact:1:ld1-1643390182193-1643390189857-0,artistBio,"American manufacturer and collector, 1854-1919"
entity:artifact:1:ld1-1643390182193-1643390189859-0,artistBio,"American manufacturer and collector, 1854-1919"
entity:artifact:1:ld1-1643390182193-1643390189859-1,artistBio,姓氏 (Wang)
entity:artifact:1:ld1-1643390182193-1643390189860-0,artistBio,姓氏 (Wang)
entity:artifact:1:ld1-1643390182193-1643390189861-0,artistBio,姓氏 (Wang)
entity:artifact:1:ld1-1643390182193-1643390189862-0,artistBio,姓氏 (Wang)
entity:artifact:1:ld1-1643390182193-1643390189866-0,artistBio,姓氏 (Wang)
entity:artifact:1:ld1-1643390182193-1643390189883-0,artistBio,"American manufacturer and collector, 1854-1919"
entity:artifact:1:ld1-1643390182193-1643390189884-0,artistBio,"American manufacturer and collector, 1854-1919"
entity:artifact:1:ld1-1643390182193-1643390189886-0,artistBio,"American manufacturer and collector, 1854-1919"
entity:artifact:1:ld1-1643390182193-1643390189888-0,artistBio,"American manufacturer and collector, 1854-1919"
entity:artifact:1:ld1-1643390182193-1643390189888-1,artistBio,"American manufacturer and collector, 1854-1919"
entity:artifact:1:ld1-1643390182193-1643390189889-0,artistBio,"American manufacturer and collector, 1854-1919"
entity:artifact:1:ld1-1643390182193-1643390189894-0,artistBio,"American manufacturer and collector, 1854-1919"
entity:artifact:1:ld1-1643390182193-1643390189895-0,artistBio,"American manufacturer and collector, 1854-1919"
entity:artifact:1:ld1-1643390182193-1643390189897-0,artistBio,"American manufacturer and collector, 1854-1919"
entity:artifact:1:ld1-1643390182193-1643390189898-0,artistBio,"American manufacturer and collector, 1854-1919"
entity:artifact:1:ld1-1643390182193-1643390189900-0,artistBio,"American manufacturer and collector, 1854-1919"
entity:artifact:1:ld1-1643390182193-1643390189901-0,artistBio,"American manufacturer and collector, 1854-1919"
entity:artifact:1:ld1-1643390182193-1643390189901-1,artistBio,"American manufacturer and collector, 1854-1919"
entity:artifact:1:ld1-1643390182193-1643390189902-0,artistBio,"American manufacturer and collector, 1854-1919"
entity:artifact:1:ld1-1643390182193-1643390189903-0,artistBio,"American manufacturer and collector, 1854-1919"
entity:artifact:1:ld1-1643390182193-1643390189904-0,artistBio,"American manufacturer and collector, 1854-1919"
entity:artifact:1:ld1-1643390182193-1643390189905-0,artistBio,"American manufacturer and collector, 1854-1919"
entity:artifact:1:ld1-1643390182193-1643390189906-0,artistBio,"American manufacturer and collector, 1854-1919"
entity:artifact:1:ld1-1643390182193-1643390189908-0,artistBio,"American manufacturer and collector, 1854-1919"
entity:artifact:1:ld1-1643390182193-1643390189913-0,artistBio,"American manufacturer and collector, 1854-1919"
entity:artifact:1:ld1-1643390182193-1643390189914-0,artistBio,"American manufacturer and collector, 1854-1919"
entity:artifact:1:ld1-1643390182193-1643390189915-0,artistBio,"American manufacturer and collector, 1854-1919"
entity:artifact:1:ld1-1643390182193-1643390189919-0,artistBio,"American manufacturer and collector, 1854-1919"
entity:artifact:1:ld1-1643390182193-1643390189920-0,artistBio,"American manufacturer and collector, 1854-1919"
entity:artifact:1:ld1-1643390182193-1643390189922-1,artistBio,"American manufacturer and collector, 1854-1919"
entity:artifact:1:ld1-1643390182193-1643390189923-0,artistBio,"American manufacturer and collector, 1854-1919"
entity:artifact:1:ld1-1643390182193-1643390189924-0,artistBio,"American manufacturer and collector, 1854-1919"
entity:artifact:1:ld1-1643390182193-1643390189925-0,artistBio,"American manufacturer and collector, 1854-1919"
entity:artifact:1:ld1-1643390182193-1643390189925-1,artistBio,"American manufacturer and collector, 1854-1919"
entity:artifact:1:ld1-1643390182193-1643390189927-0,artistBio,"American manufacturer and collector, 1854-1919"
entity:artifact:1:ld1-1643390182193-1643390189931-0,artistBio,"American manufacturer and collector, 1854-1919"
entity:artifact:1:ld1-1643390182193-1643390189931-1,artistBio,"American manufacturer and collector, 1854-1919"
entity:artifact:1:ld1-1643390182193-1643390189933-1,artistBio,"American manufacturer and collector, 1854-1919"
entity:artifact:1:ld1-1643390182193-1643390189934-0,artistBio,"American manufacturer and collector, 1854-1919"
entity:artifact:1:ld1-1643390182193-1643390189936-0,artistBio,"American manufacturer and collector, 1854-1919"
entity:artifact:1:ld1-1643390182193-1643390189937-0,artistBio,"American manufacturer and collector, 1854-1919"
entity:artifact:1:ld1-1643390182193-1643390189937-1,artistBio,"American manufacturer and collector, 1854-1919"
entity:artifact:1:ld1-1643390182193-1643390189938-0,artistBio,"American manufacturer and collector, 1854-1919"
entity:artifact:1:ld1-1643390182193-1643390189939-0,artistBio,"American manufacturer and collector, 1854-1919"
entity:artifact:1:ld1-1643390182193-1643390189941-0,artistBio,"American manufacturer and collector, 1854-1919"
entity:artifact:1:ld1-1643390182193-1643390189942-0,artistBio,"American manufacturer and collector, 1854-1919"
entity:artifact:1:ld1-1643390182193-1643390189949-0,artistBio,"American manufacturer and collector, 1854-1919"
entity:artifact:1:ld1-1643390182193-1643390189950-0,artistBio,"American manufacturer and collector, 1854-1919"
entity:artifact:1:ld1-1643390182193-1643390189952-0,artistBio,"American manufacturer and collector, 1854-1919"
entity:artifact:1:ld1-1643390182193-1643390189954-0,artistBio,"American manufacturer and collector, 1854-1919"
entity:artifact:1:ld1-1643390182193-1643390189956-0,artistBio,"American manufacturer and collector, 1854-1919"
entity:artifact:1:ld1-1643390182193-1643390189956-1,artistBio,"American manufacturer and collector, 1854-1919"
entity:artifact:1:ld1-1643390182193-1643390189957-0,artistBio,"American manufacturer and collector, 1854-1919"
entity:artifact:1:ld1-1643390182193-1643390189958-0,artistBio,"American manufacturer and collector, 1854-1919"
entity:artifact:1:ld1-1643390182193-1643390189959-0,artistBio,"American manufacturer and collector, 1854-1919"
entity:artifact:1:ld1-1643390182193-1643390189961-0,artistBio,"American manufacturer and collector, 1854-1919"
entity:artifact:1:ld1-1643390182193-1643390189962-0,artistBio,"American manufacturer and collector, 1854-1919"
entity:artifact:1:ld1-1643390182193-1643390189963-0,artistBio,"American manufacturer and collector, 1854-1919"
entity:artifact:1:ld1-1643390182193-1643390189964-0,artistBio,"American manufacturer and collector, 1854-1919"
entity:artifact:1:ld1-1643390182193-1643390189965-1,artistBio,"American manufacturer and collector, 1854-1919"
entity:artifact:1:ld1-1643390182193-1643390189967-0,artistBio,"American manufacturer and collector, 1854-1919"
entity:artifact:1:ld1-1643390182193-1643390189968-0,artistBio,"American manufacturer and collector, 1854-1919"
entity:artifact:1:ld1-1643390182193-1643390189969-0,artistBio,"American manufacturer and collector, 1854-1919"
entity:artifact:1:ld1-1643390182193-1643390189969-1,artistBio,"American manufacturer and collector, 1854-1919"
entity:artifact:1:ld1-1643390182193-1643390189971-0,artistBio,"American manufacturer and collector, 1854-1919"
entity:artifact:1:ld1-1643390182193-1643390189972-1,artistBio,"American manufacturer and collector, 1854-1919"
entity:artifact:1:ld1-1643390182193-1643390189973-0,artistBio,"American manufacturer and collector, 1854-1919"
entity:artifact:1:ld1-1643390182193-1643390189975-0,artistBio,"American manufacturer and collector, 1854-1919"
entity:artifact:1:ld1-1643390182193-1643390189976-0,artistBio,"American manufacturer and collector, 1854-1919"
entity:artifact:1:ld1-1643390182193-1643390189979-0,artistBio,"American manufacturer and collector, 1854-1919"
entity:artifact:1:ld1-1643390182193-1643390189980-0,artistBio,"American manufacturer and collector, 1854-1919"
entity:artifact:1:ld1-1643390182193-1643390189982-0,artistBio,"American manufacturer and collector, 1854-1919"
entity:artifact:1:ld1-1643390182193-1643390189998-0,artistBio,"American manufacturer and collector, 1854-1919"
entity:artifact:1:ld1-1643390182193-1643390190000-0,artistBio,"American manufacturer and collector, 1854-1919"
entity:artifact:1:ld1-1643390182193-1643390190004-0,artistBio,"American manufacturer and collector, 1854-1919"
entity:artifact:1:ld1-1643390182193-1643390190004-1,artistBio,"American manufacturer and collector, 1854-1919"
entity:artifact:1:ld1-1643390182193-1643390190005-0,artistBio,"American manufacturer and collector, 1854-1919"
entity:artifact:1:ld1-1643390182193-1643390190006-0,artistBio,"American manufacturer and collector, 1854-1919"
entity:artifact:1:ld1-1643390182193-1643390190007-0,artistBio,"American manufacturer and collector, 1854-1919"
entity:artifact:1:ld1-1643390182193-1643390190015-0,artistBio,"American manufacturer and collector, 1854-1919"
entity:artifact:1:ld1-1643390182193-1643390190017-0,artistBio,"American manufacturer and collector, 1854-1919"
entity:artifact:1:ld1-1643390182193-1643390190018-0,artistBio,"American manufacturer and collector, 1854-1919"
entity:artifact:1:ld1-1643390182193-1643390190020-0,artistBio,"American manufacturer and collector, 1854-1919"
entity:artifact:1:ld1-1643390182193-1643390190020-1,artistBio,"American manufacturer and collector, 1854-1919"
entity:artifact:1:ld1-1643390182193-1643390190022-0,artistBio,"American manufacturer and collector, 1854-1919"
entity:artifact:1:ld1-1643390182193-1643390190025-0,artistBio,姓氏 (Wang)
entity:artifact:1:ld1-1643390182193-1643390190026-0,artistBio,姓氏 (Wang)
entity:artifact:1:ld1-1643390182193-1643390190027-1,artistBio,姓氏 (Wang)
entity:artifact:1:ld1-1643390182193-1643390190029-0,artistBio,"American manufacturer and collector, 1854-1919"
entity:artifact:1:ld1-1643390182193-1643390190032-0,artistBio,"American manufacturer and collector, 1854-1919"
entity:artifact:1:ld1-1643390182193-1643390190033-0,artistBio,"American manufacturer and collector, 1854-1919"
entity:artifact:1:ld1-1643390182193-1643390190040-1,artistBio,"American manufacturer and collector, 1854-1919"
entity:artifact:1:ld1-1643390182193-1643390190058-0,artistBio,"American manufacturer and collector, 1854-1919"
entity:artifact:1:ld1-1643390182193-1643390190060-0,artistBio,"American manufacturer and collector, 1854-1919"
entity:artifact:1:ld1-1643390182193-1643390190061-0,artistBio,"American manufacturer and collector, 1854-1919"
entity:artifact:1:ld1-1643390182193-1643390190062-0,artistBio,"American manufacturer and collector, 1854-1919"
entity:artifact:1:ld1-1643390182193-1643390190071-1,artistBio,"American manufacturer and collector, 1854-1919"
entity:artifact:1:ld1-1643390182193-1643390190072-0,artistBio,"American manufacturer and collector, 1854-1919"
entity:artifact:1:ld1-1643390182193-1643390190074-0,artistBio,"American manufacturer and collector, 1854-1919"
entity:artifact:1:ld1-1643390182193-1643390190075-0,artistBio,"American manufacturer and collector, 1854-1919"
entity:artifact:1:ld1-1643390182193-1643390190077-0,artistBio,"American manufacturer and collector, 1854-1919"
entity:artifact:1:ld1-1643390182193-1643390190078-0,artistBio,"American manufacturer and collector, 1854-1919"
entity:artifact:1:ld1-1643390182193-1643390190079-1,artistBio,"American manufacturer and collector, 1854-1919"
entity:artifact:1:ld1-1643390182193-1643390190080-0,artistBio,"American manufacturer and collector, 1854-1919"
entity:artifact:1:ld1-1643390182193-1643390190081-0,artistBio,"American manufacturer and collector, 1854-1919"
entity:artifact:1:ld1-1643390182193-1643390190082-0,artistBio,"American manufacturer and collector, 1854-1919"
entity:artifact:1:ld1-1643390182193-1643390190083-0,artistBio,"American manufacturer and collector, 1854-1919"
entity:artifact:1:ld1-1643390182193-1643390190084-0,artistBio,"American manufacturer and collector, 1854-1919"
entity:artifact:1:ld1-1643390182193-1643390190085-0,artistBio,"American manufacturer and collector, 1854-1919"
entity:artifact:1:ld1-1643390182193-1643390190086-0,artistBio,"American manufacturer and collector, 1854-1919"
entity:artifact:1:ld1-1643390182193-1643390190087-0,artistBio,"American manufacturer and collector, 1854-1919"
entity:artifact:1:ld1-1643390182193-1643390190088-0,artistBio,"American manufacturer and collector, 1854-1919"
entity:artifact:1:ld1-1643390182193-1643390190089-0,artistBio,"American manufacturer and collector, 1854-1919"
entity:artifact:1:ld1-1643390182193-1643390190090-0,artistBio,"American manufacturer and collector, 1854-1919"
entity:artifact:1:ld1-1643390182193-1643390190091-0,artistBio,"American manufacturer and collector, 1854-1919"
entity:artifact:1:ld1-1643390182193-1643390190156-0,artistBio,"American manufacturer and collector, 1854-1919"
entity:artifact:1:ld1-1643390182193-1643390190164-0,artistBio,"American manufacturer and collector, 1854-1919"
entity:artifact:1:ld1-1643390182193-1643390190165-0,artistBio,"American manufacturer and collector, 1854-1919"
entity:artifact:1:ld1-1643390182193-1643390190178-0,artistBio,"American manufacturer and collector, 1854-1919"
entity:artifact:1:ld1-1643390182193-1643390190180-0,artistBio,"American manufacturer and collector, 1854-1919"
entity:artifact:1:ld1-1643390182193-1643390190183-0,artistBio,"American manufacturer and collector, 1854-1919"
entity:artifact:1:ld1-1643390182193-1643390190184-0,artistBio,"American manufacturer and collector, 1854-1919"
entity:artifact:1:ld1-1643390182193-1643390190186-0,artistBio,"American manufacturer and collector, 1854-1919"
entity:artifact:1:ld1-1643390182193-1643390190187-0,artistBio,"American manufacturer and collector, 1854-1919"
entity:artifact:1:ld1-1643390182193-1643390190192-0,artistBio,"American manufacturer and collector, 1854-1919"
entity:artifact:1:ld1-1643390182193-1643390190193-0,artistBio,"American manufacturer and collector, 1854-1919"
entity:artifact:1:ld1-1643390182193-1643390190195-0,artistBio,"American manufacturer and collector, 1854-1919"
entity:artifact:1:ld1-1643390182193-1643390190197-0,artistBio,"American manufacturer and collector, 1854-1919"
entity:artifact:1:ld1-1643390182193-1643390190198-0,artistBio,"American manufacturer and collector, 1854-1919"
entity:artifact:1:ld1-1643390182193-1643390190200-0,artistBio,"American manufacturer and collector, 1854-1919"
entity:artifact:1:ld1-1643390182193-1643390190202-0,artistBio,"American manufacturer and collector, 1854-1919"
entity:artifact:1:ld1-1643390182193-1643390190204-0,artistBio,"American manufacturer and collector, 1854-1919"
entity:artifact:1:ld1-1643390182193-1643390190206-0,artistBio,"American manufacturer and collector, 1854-1919"
entity:artifact:1:ld1-1643390182193-1643390190207-0,artistBio,"American manufacturer and collector, 1854-1919"
entity:artifact:1:ld1-1643390182193-1643390190209-0,artistBio,"American manufacturer and collector, 1854-1919"
entity:artifact:1:ld1-1643390182193-1643390190211-0,artistBio,"American manufacturer and collector, 1854-1919"
entity:artifact:1:ld1-1643390182193-1643390190212-0,artistBio,"American manufacturer and collector, 1854-1919"
entity:artifact:1:ld1-1643390182193-1643390190214-0,artistBio,"American manufacturer and collector, 1854-1919"
entity:artifact:1:ld1-1643390182193-1643390190216-0,artistBio,"American manufacturer and collector, 1854-1919"
entity:artifact:1:ld1-1643390182193-1643390190218-0,artistBio,"American manufacturer and collector, 1854-1919"
entity:artifact:1:ld1-1643390182193-1643390190219-0,artistBio,"American manufacturer and collector, 1854-1919"
entity:artifact:1:ld1-1643390182193-1643390190221-0,artistBio,"American manufacturer and collector, 1854-1919"
entity:artifact:1:ld1-1643390182193-1643390190224-0,artistBio,"American manufacturer and collector, 1854-1919"
entity:artifact:1:ld1-1643390182193-1643390190226-0,artistBio,"American manufacturer and collector, 1854-1919"
entity:artifact:1:ld1-1643390182193-1643390190232-0,artistBio,"American manufacturer and collector, 1854-1919"
entity:artifact:1:ld1-1643390182193-1643390190233-0,artistBio,"American manufacturer and collector, 1854-1919"
entity:artifact:1:ld1-1643390182193-1643390190235-0,artistBio,"American manufacturer and collector, 1854-1919"
entity:artifact:1:ld1-1643390182193-1643390190237-0,artistBio,"American manufacturer and collector, 1854-1919"
entity:artifact:1:ld1-1643390182193-1643390190241-0,artistBio,"American manufacturer and collector, 1854-1919"
entity:artifact:1:ld1-1643390182193-1643390190243-0,artistBio,"American manufacturer and collector, 1854-1919"
entity:artifact:1:ld1-1643390182193-1643390190248-0,artistBio,"American manufacturer and collector, 1854-1919"
entity:artifact:1:ld1-1643390182193-1643390190250-0,artistBio,"American manufacturer and collector, 1854-1919"
entity:artifact:1:ld1-1643390182193-1643390190253-0,artistBio,"American manufacturer and collector, 1854-1919"
entity:artifact:1:ld1-1643390182193-1643390190254-0,artistBio,"American manufacturer and collector, 1854-1919"
entity:artifact:1:ld1-1643390182193-1643390190256-0,artistBio,"American manufacturer and collector, 1854-1919"
entity:artifact:1:ld1-1643390182193-1643390190258-0,artistBio,"American manufacturer and collector, 1854-1919"
entity:artifact:1:ld1-1643390182193-1643390190259-0,artistBio,"American manufacturer and collector, 1854-1919"
entity:artifact:1:ld1-1643390182193-1643390190261-0,artistBio,"American manufacturer and collector, 1854-1919"
entity:artifact:1:ld1-1643390182193-1643390190264-0,artistBio,"American manufacturer and collector, 1854-1919"
entity:artifact:1:ld1-1643390182193-1643390190266-0,artistBio,"American manufacturer and collector, 1854-1919"
entity:artifact:1:ld1-1643390182193-1643390190268-0,artistBio,"American manufacturer and collector, 1854-1919"
entity:artifact:1:ld1-1643390182193-1643390190270-0,artistBio,"American manufacturer and collector, 1854-1919"
entity:artifact:1:ld1-1643390182193-1643390190272-0,artistBio,"American manufacturer and collector, 1854-1919"
entity:artifact:1:ld1-1643390182193-1643390190274-0,artistBio,"American manufacturer and collector, 1854-1919"
entity:artifact:1:ld1-1643390182193-1643390190275-0,artistBio,"American manufacturer and collector, 1854-1919"
entity:artifact:1:ld1-1643390182193-1643390190277-0,artistBio,"American manufacturer and collector, 1854-1919"
entity:artifact:1:ld1-1643390182193-1643390190279-0,artistBio,"American manufacturer and collector, 1854-1919"
entity:artifact:1:ld1-1643390182193-1643390190280-0,artistBio,"American manufacturer and collector, 1854-1919"
entity:artifact:1:ld1-1643390182193-1643390190282-0,artistBio,"American manufacturer and collector, 1854-1919"
entity:artifact:1:ld1-1643390182193-1643390190285-0,artistBio,"American manufacturer and collector, 1854-1919"
entity:artifact:1:ld1-1643390182193-1643390190286-0,artistBio,"American manufacturer and collector, 1854-1919"
entity:artifact:1:ld1-1643390182193-1643390190308-0,artistBio,"American manufacturer and collector, 1854-1919"
entity:artifact:1:ld1-1643390182193-1643390190311-0,artistBio,"American manufacturer and collector, 1854-1919"
entity:artifact:1:ld1-1643390182193-1643390190315-0,artistBio,"American manufacturer and collector, 1854-1919"
entity:artifact:1:ld1-1643390182193-1643390190340-0,artistBio,"American manufacturer and collector, 1854-1919"
entity:artifact:1:ld1-1643390182193-1643390190363-0,artistBio,"American manufacturer and collector, 1854-1919"
entity:artifact:1:ld1-1643390182193-1643390190365-0,artistBio,"American manufacturer and collector, 1854-1919"
entity:artifact:1:ld1-1643390182193-1643390190366-0,artistBio,"American manufacturer and collector, 1854-1919"
entity:artifact:1:ld1-1643390182193-1643390190410-0,artistBio,"American manufacturer and collector, 1854-1919"
entity:artifact:1:ld1-1643390182193-1643390190412-0,artistBio,"American manufacturer and collector, 1854-1919"
entity:artifact:1:ld1-1643390182193-1643390190474-0,artistBio,"American manufacturer and collector, 1854-1919"
entity:artifact:1:ld1-1643390182193-1643390190548-0,artistBio,"American manufacturer and collector, 1854-1919"
entity:artifact:1:ld1-1643390182193-1643390190682-0,artistBio,"American manufacturer and collector, 1854-1919"
entity:artifact:1:ld1-1643390182193-1643390190683-0,artistBio,"American manufacturer and collector, 1854-1919"
entity:artifact:1:ld1-1643390182193-1643390190687-0,artistBio,姓氏 (Wang)
entity:artifact:1:ld1-1643390182193-1643390190688-0,artistBio,姓氏 (Wang)
entity:artifact:1:ld1-1643390182193-1643390190694-0,artistBio,姓氏 (Wang)
entity:artifact:1:ld1-1643390182193-1643390190695-0,artistBio,姓氏 (Wang)
entity:artifact:1:ld1-1643390182193-1643390190696-0,artistBio,姓氏 (Wang)
entity:artifact:1:ld1-1643390182193-1643390190698-0,artistBio,姓氏 (Wang)
entity:artifact:1:ld1-1643390182193-1643390190701-0,artistBio,姓氏 (Wang)
entity:artifact:1:ld1-1643390182193-1643390190705-0,artistBio,姓氏 (Wang)
entity:artifact:1:ld1-1643390182193-1643390190708-0,artistBio,姓氏 (Wang)
entity:artifact:1:ld1-1643390182193-1643390190713-0,artistBio,姓氏 (Wang)
entity:artifact:1:ld1-1643390182193-1643390190714-0,artistBio,姓氏 (Wang)
entity:artifact:1:ld1-1643390182193-1643390190716-0,artistBio,姓氏 (Wang)
entity:artifact:1:ld1-1643390182193-1643390190717-0,artistBio,姓氏 (Wang)
entity:artifact:1:ld1-1643390182193-1643390190718-0,artistBio,姓氏 (Wang)
entity:artifact:1:ld1-1643390182193-1643390190720-0,artistBio,姓氏 (Wang)
entity:artifact:1:ld1-1643390182193-1643390190721-0,artistBio,姓氏 (Wang)
entity:artifact:1:ld1-1643390182193-1643390190723-0,artistBio,姓氏 (Wang)
entity:artifact:1:ld1-1643390182193-1643390190724-0,artistBio,姓氏 (Wang)
entity:artifact:1:ld1-1643390182193-1643390190726-0,artistBio,姓氏 (Wang)
entity:artifact:1:ld1-1643390182193-1643390190727-0,artistBio,姓氏 (Wang)
entity:artifact:1:ld1-1643390182193-1643390190731-0,artistBio,姓氏 (Wang)
entity:artifact:1:ld1-1643390182193-1643390190732-0,artistBio,姓氏 (Wang)
entity:artifact:1:ld1-1643390182193-1643390190734-0,artistBio,姓氏 (Wang)
entity:artifact:1:ld1-1643390182193-1643390190736-0,artistBio,姓氏 (Wang)
entity:artifact:1:ld1-1643390182193-1643390190738-0,artistBio,姓氏 (Wang)
entity:artifact:1:ld1-1643390182193-1643390190740-0,artistBio,姓氏 (Wang)
entity:artifact:1:ld1-1643390182193-1643390190747-0,artistBio,姓氏 (Wang)
entity:artifact:1:ld1-1643390182193-1643390190749-0,artistBio,姓氏 (Wang)
entity:artifact:1:ld1-1643390182193-1643390190751-0,artistBio,姓氏 (Wang)
entity:artifact:1:ld1-1643390182193-1643390190752-0,artistBio,姓氏 (Wang)
entity:artifact:1:ld1-1643390182193-1643390190754-0,artistBio,"American manufacturer and collector, 1854-1919"
entity:artifact:1:ld1-1643390182193-1643390190755-0,artistBio,姓氏 (Wang)
entity:artifact:1:ld1-1643390182193-1643390190758-0,artistBio,"American manufacturer and collector, 1854-1919"
entity:artifact:1:ld1-1643390182193-1643390190972-0,artistBio,"American manufacturer and collector, 1854-1919"
entity:artifact:1:ld1-1643390182193-1643390190973-0,artistBio,"American manufacturer and collector, 1854-1919"
entity:artifact:1:ld1-1643390182193-1643390190975-0,artistBio,"American manufacturer and collector, 1854-1919"
entity:artifact:1:ld1-1643390182193-1643390190981-0,artistBio,"American manufacturer and collector, 1854-1919"
entity:artifact:1:ld1-1643390182193-1643390190984-0,artistBio,"American manufacturer and collector, 1854-1919"
entity:artifact:1:ld1-1643390182193-1643390190987-0,artistBio,"American manufacturer and collector, 1854-1919"
entity:artifact:1:ld1-1643390182193-1643390190999-0,artistBio,"American manufacturer and collector, 1854-1919"
entity:artifact:1:ld1-1643390182193-1643390191009-0,artistBio,"American manufacturer and collector, 1854-1919"
entity:artifact:1:ld1-1643390182193-1643390191011-0,artistBio,"American manufacturer and collector, 1854-1919"
entity:artifact:1:ld1-1643390182193-1643390191020-0,artistBio,"American manufacturer and collector, 1854-1919"
entity:artifact:1:ld1-1643390182193-1643390191021-0,artistBio,"American manufacturer and collector, 1854-1919"
entity:artifact:1:ld1-1643390182193-1643390191025-0,artistBio,"American manufacturer and collector, 1854-1919"
entity:artifact:1:ld1-1643390182193-1643390191027-0,artistBio,"American manufacturer and collector, 1854-1919"
entity:artifact:1:ld1-1643390182193-1643390191038-0,artistBio,"American manufacturer and collector, 1854-1919"
entity:artifact:1:ld1-1643390182193-1643390191040-0,artistBio,"American manufacturer and collector, 1854-1919"
entity:artifact:1:ld1-1643390182193-1643390191041-0,artistBio,"American manufacturer and collector, 1854-1919"
entity:artifact:1:ld1-1643390182193-1643390191043-0,artistBio,"American manufacturer and collector, 1854-1919"
entity:artifact:1:ld1-1643390182193-1643390191044-0,artistBio,"American manufacturer and collector, 1854-1919"
entity:artifact:1:ld1-1643390182193-1643390191047-0,artistBio,"American manufacturer and collector, 1854-1919"
entity:artifact:1:ld1-1643390182193-1643390191049-0,artistBio,"American manufacturer and collector, 1854-1919"
entity:artifact:1:ld1-1643390182193-1643390191050-0,artistBio,"American manufacturer and collector, 1854-1919"
entity:artifact:1:ld1-1643390182193-1643390191053-0,artistBio,"American manufacturer and collector, 1854-1919"
entity:artifact:1:ld1-1643390182193-1643390191055-0,artistBio,"American manufacturer and collector, 1854-1919"
entity:artifact:1:ld1-1643390182193-1643390191056-0,artistBio,"American manufacturer and collector, 1854-1919"
entity:artifact:1:ld1-1643390182193-1643390191058-0,artistBio,"American manufacturer and collector, 1854-1919"
entity:artifact:1:ld1-1643390182193-1643390191059-0,artistBio,"American manufacturer and collector, 1854-1919"
entity:artifact:1:ld1-1643390182193-1643390191061-0,artistBio,"American manufacturer and collector, 1854-1919"
entity:artifact:1:ld1-1643390182193-1643390191062-0,artistBio,"American manufacturer and collector, 1854-1919"
entity:artifact:1:ld1-1643390182193-1643390191064-0,artistBio,"American manufacturer and collector, 1854-1919"
entity:artifact:1:ld1-1643390182193-1643390191066-0,artistBio,"American manufacturer and collector, 1854-1919"
entity:artifact:1:ld1-1643390182193-1643390191069-0,artistBio,"American manufacturer and collector, 1854-1919"
entity:artifact:1:ld1-1643390182193-1643390191071-0,artistBio,"American manufacturer and collector, 1854-1919"
entity:artifact:1:ld1-1643390182193-1643390191072-0,artistBio,"American manufacturer and collector, 1854-1919"
entity:artifact:1:ld1-1643390182193-1643390191074-0,artistBio,"American manufacturer and collector, 1854-1919"
entity:artifact:1:ld1-1643390182193-1643390191075-0,artistBio,"American manufacturer and collector, 1854-1919"
entity:artifact:1:ld1-1643390182193-1643390191080-0,artistBio,"American manufacturer and collector, 1854-1919"
entity:artifact:1:ld1-1643390182193-1643390191082-0,artistBio,"American manufacturer and collector, 1854-1919"
entity:artifact:1:ld1-1643390182193-1643390191082-1,artistBio,"American manufacturer and collector, 1854-1919"
entity:artifact:1:ld1-1643390182193-1643390191083-0,artistBio,"American manufacturer and collector, 1854-1919"
entity:artifact:1:ld1-1643390182193-1643390191084-0,artistBio,"American manufacturer and collector, 1854-1919"
entity:artifact:1:ld1-1643390182193-1643390191085-0,artistBio,"American manufacturer and collector, 1854-1919"
entity:artifact:1:ld1-1643390182193-1643390191086-0,artistBio,"American manufacturer and collector, 1854-1919"
entity:artifact:1:ld1-1643390182193-1643390191087-1,artistBio,"American manufacturer and collector, 1854-1919"
entity:artifact:1:ld1-1643390182193-1643390191088-0,artistBio,"American manufacturer and collector, 1854-1919"
entity:artifact:1:ld1-1643390182193-1643390191090-1,artistBio,"American manufacturer and collector, 1854-1919"
entity:artifact:1:ld1-1643390182193-1643390191091-0,artistBio,"American manufacturer and collector, 1854-1919"
entity:artifact:1:ld1-1643390182193-1643390191092-0,artistBio,"American manufacturer and collector, 1854-1919"
entity:artifact:1:ld1-1643390182193-1643390191093-0,artistBio,"American manufacturer and collector, 1854-1919"
entity:artifact:1:ld1-1643390182193-1643390191094-1,artistBio,"American manufacturer and collector, 1854-1919"
entity:artifact:1:ld1-1643390182193-1643390191095-0,artistBio,"American manufacturer and collector, 1854-1919"
entity:artifact:1:ld1-1643390182193-1643390191096-0,artistBio,"American manufacturer and collector, 1854-1919"
entity:artifact:1:ld1-1643390182193-1643390191097-0,artistBio,"American manufacturer and collector, 1854-1919"
entity:artifact:1:ld1-1643390182193-1643390191097-1,artistBio,"American manufacturer and collector, 1854-1919"
entity:artifact:1:ld1-1643390182193-1643390191098-0,artistBio,"American manufacturer and collector, 1854-1919"
entity:artifact:1:ld1-1643390182193-1643390191099-0,artistBio,"American manufacturer and collector, 1854-1919"
entity:artifact:1:ld1-1643390182193-1643390191104-1,artistBio,"American manufacturer and collector, 1854-1919"
entity:artifact:1:ld1-1643390182193-1643390191105-0,artistBio,"American manufacturer and collector, 1854-1919"
entity:artifact:1:ld1-1643390182193-1643390191106-0,artistBio,"American manufacturer and collector, 1854-1919"
entity:artifact:1:ld1-1643390182193-1643390191106-1,artistBio,"American manufacturer and collector, 1854-1919"
entity:artifact:1:ld1-1643390182193-1643390191107-0,artistBio,"American manufacturer and collector, 1854-1919"
entity:artifact:1:ld1-1643390182193-1643390191110-0,artistBio,"American manufacturer and collector, 1854-1919"
entity:artifact:1:ld1-1643390182193-1643390191116-0,artistBio,"American manufacturer and collector, 1854-1919"
entity:artifact:1:ld1-1643390182193-1643390191125-1,artistBio,"American manufacturer and collector, 1854-1919"
entity:artifact:1:ld1-1643390182193-1643390191126-0,artistBio,姓氏 (Wang)
entity:artifact:1:ld1-1643390182193-1643390191127-1,artistBio,姓氏 (Wang)
entity:artifact:1:ld1-1643390182193-1643390191128-0,artistBio,姓氏 (Wang)
entity:artifact:1:ld1-1643390182193-1643390191129-0,artistBio,姓氏 (Wang)
entity:artifact:1:ld1-1643390182193-1643390191129-1,artistBio,姓氏 (Wang)
entity:artifact:1:ld1-1643390182193-1643390191130-0,artistBio,姓氏 (Wang)
entity:artifact:1:ld1-1643390182193-1643390191132-0,artistBio,姓氏 (Wang)
entity:artifact:1:ld1-1643390182193-1643390191132-1,artistBio,姓氏 (Wang)
entity:artifact:1:ld1-1643390182193-1643390191133-0,artistBio,姓氏 (Wang)
entity:artifact:1:ld1-1643390182193-1643390191134-0,artistBio,姓氏 (Wang)
entity:artifact:1:ld1-1643390182193-1643390191136-0,artistBio,姓氏 (Wang)
entity:artifact:1:ld1-1643390182193-1643390191137-0,artistBio,姓氏 (Wang)
entity:artifact:1:ld1-1643390182193-1643390191140-1,artistBio,"American manufacturer and collector, 1854-1919"
entity:artifact:1:ld1-1643390182193-1643390191141-0,artistBio,"American manufacturer and collector, 1854-1919"
entity:artifact:1:ld1-1643390182193-1643390191142-0,artistBio,"American manufacturer and collector, 1854-1919"
entity:artifact:1:ld1-1643390182193-1643390191143-1,artistBio,"American manufacturer and collector, 1854-1919"
entity:artifact:1:ld1-1643390182193-1643390191144-0,artistBio,"American manufacturer and collector, 1854-1919"
entity:artifact:1:ld1-1643390182193-1643390191145-0,artistBio,"American manufacturer and collector, 1854-1919"
entity:artifact:1:ld1-1643390182193-1643390191146-0,artistBio,"American manufacturer and collector, 1854-1919"
entity:artifact:1:ld1-1643390182193-1643390191146-1,artistBio,"American manufacturer and collector, 1854-1919"
entity:artifact:1:ld1-1643390182193-1643390191147-0,artistBio,"American manufacturer and collector, 1854-1919"
entity:artifact:1:ld1-1643390182193-1643390191148-0,artistBio,"American manufacturer and collector, 1854-1919"
entity:artifact:1:ld1-1643390182193-1643390191149-0,artistBio,"American manufacturer and collector, 1854-1919"
entity:artifact:1:ld1-1643390182193-1643390191149-1,artistBio,"American manufacturer and collector, 1854-1919"
entity:artifact:1:ld1-1643390182193-1643390191150-0,artistBio,"American manufacturer and collector, 1854-1919"
entity:artifact:1:ld1-1643390182193-1643390191151-0,artistBio,"American manufacturer and collector, 1854-1919"
entity:artifact:1:ld1-1643390182193-1643390191152-1,artistBio,"American manufacturer and collector, 1854-1919"
entity:artifact:1:ld1-1643390182193-1643390191153-0,artistBio,"American manufacturer and collector, 1854-1919"
entity:artifact:1:ld1-1643390182193-1643390191154-0,artistBio,"American manufacturer and collector, 1854-1919"
entity:artifact:1:ld1-1643390182193-1643390191155-1,artistBio,"American manufacturer and collector, 1854-1919"
entity:artifact:1:ld1-1643390182193-1643390191157-0,artistBio,"American manufacturer and collector, 1854-1919"
entity:artifact:1:ld1-1643390182193-1643390191158-0,artistBio,"American manufacturer and collector, 1854-1919"
entity:artifact:1:ld1-1643390182193-1643390191158-1,artistBio,"American manufacturer and collector, 1854-1919"
entity:artifact:1:ld1-1643390182193-1643390191159-0,artistBio,"American manufacturer and collector, 1854-1919"
entity:artifact:1:ld1-1643390182193-1643390191160-0,artistBio,"American manufacturer and collector, 1854-1919"
entity:artifact:1:ld1-1643390182193-1643390191161-0,artistBio,"American manufacturer and collector, 1854-1919"
entity:artifact:1:ld1-1643390182193-1643390191161-1,artistBio,"American manufacturer and collector, 1854-1919"
entity:artifact:1:ld1-1643390182193-1643390191162-0,artistBio,"American manufacturer and collector, 1854-1919"
entity:artifact:1:ld1-1643390182193-1643390191163-0,artistBio,"American manufacturer and collector, 1854-1919"
entity:artifact:1:ld1-1643390182193-1643390191165-0,artistBio,"American manufacturer and collector, 1854-1919"
entity:artifact:1:ld1-1643390182193-1643390191167-0,artistBio,"American manufacturer and collector, 1854-1919"
entity:artifact:1:ld1-1643390182193-1643390191168-0,artistBio,"American manufacturer and collector, 1854-1919"
entity:artifact:1:ld1-1643390182193-1643390191169-0,artistBio,"American manufacturer and collector, 1854-1919"
entity:artifact:1:ld1-1643390182193-1643390191169-1,artistBio,"American manufacturer and collector, 1854-1919"
entity:artifact:1:ld1-1643390182193-1643390191171-0,artistBio,"American manufacturer and collector, 1854-1919"
entity:artifact:1:ld1-1643390182193-1643390191171-1,artistBio,"American manufacturer and collector, 1854-1919"
entity:artifact:1:ld1-1643390182193-1643390191172-0,artistBio,"American manufacturer and collector, 1854-1919"
entity:artifact:1:ld1-1643390182193-1643390191173-0,artistBio,"American manufacturer and collector, 1854-1919"
entity:artifact:1:ld1-1643390182193-1643390191176-0,artistBio,"American manufacturer and collector, 1854-1919"
entity:artifact:1:ld1-1643390182193-1643390191176-1,artistBio,"American manufacturer and collector, 1854-1919"
entity:artifact:1:ld1-1643390182193-1643390191177-0,artistBio,"American manufacturer and collector, 1854-1919"
entity:artifact:1:ld1-1643390182193-1643390191179-1,artistBio,"American manufacturer and collector, 1854-1919"
entity:artifact:1:ld1-1643390182193-1643390191181-0,artistBio,"American manufacturer and collector, 1854-1919"
entity:artifact:1:ld1-1643390182193-1643390191184-0,artistBio,"American manufacturer and collector, 1854-1919"
entity:artifact:1:ld1-1643390182193-1643390191185-0,artistBio,"American manufacturer and collector, 1854-1919"
entity:artifact:1:ld1-1643390182193-1643390191186-0,artistBio,佛教創始人，娑婆三聖之主
entity:artifact:1:ld1-1643390182193-1643390191187-0,artistBio,賴元
entity:artifact:1:ld1-1643390182193-1643390191198-0,artistBio,佛教創始人，娑婆三聖之主
entity:artifact:1:ld1-1643390182193-1643390191204-0,artistBio,盧芹齋
entity:artifact:1:ld1-1643390182193-1643390191210-0,artistBio,artist (born 1970)
entity:artifact:1:ld1-1643390182193-1643390191210-1,artistBio,宋尚節
entity:artifact:1:ld1-1643390182193-1643390191211-0,artistBio,宋尚節
entity:artifact:1:ld1-1643390182193-1643390191212-0,artistBio,宋尚節
entity:artifact:1:ld1-1643390182193-1643390191212-1,artistBio,family name
entity:artifact:1:ld1-1643390182193-1643390191220-1,artistBio,Iranian-born astronomer
entity:artifact:1:ld1-1643390182193-1643390191221-0,artistBio,佛教創始人，娑婆三聖之主
entity:artifact:1:ld1-1643390182193-1643390191235-0,artistBio,姓氏
entity:artifact:1:ld1-1643390182193-1643390191242-0,artistBio,姓氏
entity:artifact:1:ld1-1643390182193-1643390191244-0,artistBio,姓氏
entity:artifact:1:ld1-1643390182193-1643390191245-0,artistBio,Worchester Keonwald
entity:artifact:1:ld1-1643390182193-1643390191292-1,artistBio,盧芹齋
entity:artifact:1:ld1-1643390182193-1643390191294-0,artistBio,盧芹齋
entity:artifact:1:ld1-1643390182193-1643390191294-1,artistBio,盧芹齋
entity:artifact:1:ld1-1643390182193-1643390191295-0,artistBio,盧芹齋
entity:artifact:1:ld1-1643390182193-1643390191296-0,artistBio,盧芹齋
entity:artifact:1:ld1-1643390182193-1643390191296-1,artistBio,盧芹齋
entity:artifact:1:ld1-1643390182193-1643390191297-0,artistBio,盧芹齋
entity:artifact:1:ld1-1643390182193-1643390191298-0,artistBio,盧芹齋
entity:artifact:1:ld1-1643390182193-1643390191300-0,artistBio,姓氏
entity:artifact:1:ld1-1643390182193-1643390191301-0,artistBio,姓氏
entity:artifact:1:ld1-1643390182193-1643390191304-0,artistBio,姓氏
entity:artifact:1:ld1-1643390182193-1643390191308-0,artistBio,姓氏
entity:artifact:1:ld1-1643390182193-1643390191308-1,artistBio,姓氏
entity:artifact:1:ld1-1643390182193-1643390191310-0,artistBio,姓氏
entity:artifact:1:ld1-1643390182193-1643390191329-0,artistBio,姓氏
entity:artifact:1:ld1-1643390182193-1643390191340-0,artistBio,美國藝術家
entity:artifact:1:ld1-1643390182193-1643390191341-0,artistBio,美國藝術家
entity:artifact:1:ld1-1643390182193-1643390191342-0,artistBio,美國藝術家
entity:artifact:1:ld1-1643390182193-1643390191342-1,artistBio,美國藝術家
entity:artifact:1:ld1-1643390182193-1643390191349-0,artistBio,姓氏
entity:artifact:1:ld1-1643390182193-1643390191350-1,artistBio,盧芹齋
entity:artifact:1:ld1-1643390182193-1643390191354-0,artistBio,姓氏
entity:artifact:1:ld1-1643390182193-1643390191354-1,artistBio,姓氏
entity:artifact:1:ld1-1643390182193-1643390191356-1,artistBio,盧芹齋
entity:artifact:1:ld1-1643390182193-1643390191377-1,artistBio,family name
entity:artifact:1:ld1-1643390182193-1643390191378-0,artistBio,盧芹齋
entity:artifact:1:ld1-1643390182193-1643390191379-0,artistBio,姓氏
entity:artifact:1:ld1-1643390182193-1643390191379-1,artistBio,姓氏
entity:artifact:1:ld1-1643390182193-1643390191396-0,artistBio,盧芹齋
entity:artifact:1:ld1-1643390182193-1643390191397-0,artistBio,盧芹齋
entity:artifact:1:ld1-1643390182193-1643390191397-1,artistBio,盧芹齋
entity:artifact:1:ld1-1643390182193-1643390191398-0,artistBio,盧芹齋
entity:artifact:1:ld1-1643390182193-1643390191399-0,artistBio,盧芹齋
entity:artifact:1:ld1-1643390182193-1643390191399-1,artistBio,盧芹齋
entity:artifact:1:ld1-1643390182193-1643390191400-0,artistBio,盧芹齋
entity:artifact:1:ld1-1643390182193-1643390191433-0,artistBio,英国作家（1866－1946）
entity:artifact:1:ld1-1643390182193-1643390191471-0,artistBio,盧芹齋
entity:artifact:1:ld1-1643390182193-1643390191531-0,artistBio,盧芹齋
entity:artifact:1:ld1-1643390182193-1643390191981-1,artistBio,盧芹齋
entity:artifact:1:ld1-1643390182193-1643390191999-0,artistBio,盧芹齋
entity:artifact:1:ld1-1643390182193-1643390192020-0,artistBio,盧芹齋
entity:artifact:1:ld1-1643390182193-1643390192021-0,artistBio,盧芹齋
entity:artifact:1:ld1-1643390182193-1643390192028-1,artistBio,盧芹齋
entity:artifact:1:ld1-1643390182193-1643390192029-0,artistBio,盧芹齋
entity:artifact:1:ld1-1643390182193-1643390192060-0,artistBio,盧芹齋
entity:artifact:1:ld1-1643390182193-1643390192061-0,artistBio,盧芹齋
entity:artifact:1:ld1-1643390182193-1643390192355-0,artistBio,model maker
entity:artifact:1:ld1-1643390182193-1643390192357-0,artistBio,model maker
entity:artifact:1:ld1-1643390182193-1643390192464-1,artistBio,model maker
entity:artifact:1:ld1-1643390182193-1643390192477-0,artistBio,盧芹齋
entity:artifact:1:ld1-1643390182193-1643390192478-0,artistBio,盧芹齋
entity:artifact:1:ld1-1643390182193-1643390192479-0,artistBio,盧芹齋
entity:artifact:1:ld1-1643390182193-1643390192480-0,artistBio,盧芹齋
entity:artifact:1:ld1-1643390182193-1643390192482-0,artistBio,model maker
entity:artifact:1:ld1-1643390182193-1643390192486-0,artistBio,中文姓氏 (劉 / 刘)
entity:artifact:1:ld1-1643390182193-1643390192488-1,artistBio,model maker
entity:artifact:1:ld1-1643390182193-1643390192492-0,artistBio,佛教創始人，娑婆三聖之主
entity:artifact:1:ld1-1643390182193-1643390192493-0,artistBio,佛教創始人，娑婆三聖之主
entity:artifact:1:ld1-1643390182193-1643390192589-0,artistBio,盧芹齋
entity:artifact:1:ld1-1643390182193-1643390192894-1,artistBio,family name
entity:artifact:1:ld1-1643390182193-1643390192895-0,artistBio,family name
entity:artifact:1:ld1-1643390182193-1643390192897-0,artistBio,family name
entity:artifact:1:ld1-1643390182193-1643390192897-1,artistBio,family name
entity:artifact:1:ld1-1643390182193-1643390192898-0,artistBio,family name
entity:artifact:1:ld1-1643390182193-1643390192899-0,artistBio,family name
entity:artifact:1:ld1-1643390182193-1643390192899-1,artistBio,family name
entity:artifact:1:ld1-1643390182193-1643390192900-0,artistBio,family name
entity:artifact:1:ld1-1643390182193-1643390192901-0,artistBio,family name
entity:artifact:1:ld1-1643390182193-1643390192902-0,artistBio,family name
entity:artifact:1:ld1-1643390182193-1643390192902-1,artistBio,family name
entity:artifact:1:ld1-1643390182193-1643390192903-0,artistBio,family name
entity:artifact:1:ld1-1643390182193-1643390192904-0,artistBio,family name
entity:artifact:1:ld1-1643390182193-1643390192905-0,artistBio,family name
entity:artifact:1:ld1-1643390182193-1643390192905-1,artistBio,family name
entity:artifact:1:ld1-1643390182193-1643390192906-0,artistBio,family name
entity:artifact:1:ld1-1643390182193-1643390192907-0,artistBio,family name
entity:artifact:1:ld1-1643390182193-1643390192907-1,artistBio,family name
entity:artifact:1:ld1-1643390182193-1643390192908-0,artistBio,family name
entity:artifact:1:ld1-1643390182193-1643390192909-0,artistBio,family name
entity:artifact:1:ld1-1643390182193-1643390192909-1,artistBio,family name
entity:artifact:1:ld1-1643390182193-1643390192910-0,artistBio,family name
entity:artifact:1:ld1-1643390182193-1643390193172-0,artistBio,姓氏 (Falk)
entity:artifact:1:ld1-1643390182193-1643390193173-0,artistBio,姓氏 (Falk)
entity:artifact:1:ld1-1643390182193-1643390193175-0,artistBio,姓氏 (Falk)
entity:artifact:1:ld1-1643390182193-1643390193176-0,artistBio,姓氏 (Falk)
entity:artifact:1:ld1-1643390182193-1643390193582-0,artistBio,雅各布·愛潑斯坦
entity:artifact:1:ld1-1643390182193-1643390193586-0,artistBio,雅各布·愛潑斯坦
entity:artifact:1:ld1-1643390182193-1643390193772-0,artistBio,family name
entity:artifact:1:ld1-1643390182193-1643390193859-0,artistBio,荷蘭物理學家（1853—1928）
entity:artifact:1:ld1-1643390182193-1643390194307-0,artistBio,researcher
entity:artifact:1:ld1-1643390182193-1643390194308-0,artistBio,model maker
entity:artifact:1:ld1-1643390182193-1643390194898-0,artistBio,family name
entity:artifact:1:ld1-1643390182193-1643390194898-1,artistBio,family name
entity:artifact:1:ld1-1643390182193-1643390195107-0,artistBio,姓氏 (Cox)
entity:artifact:1:ld1-1643390182193-1643390195109-1,artistBio,姓氏 (Cox)
entity:artifact:1:ld1-1643390182193-1643390195110-0,artistBio,姓氏 (Cox)
entity:artifact:1:ld1-1643390182193-1643390195114-1,artistBio,姓氏 (Cox)
entity:artifact:1:ld1-1643390182193-1643390195115-1,artistBio,姓氏 (Cox)
entity:artifact:1:ld1-1643390182193-1643390195116-0,artistBio,姓氏 (Cox)
entity:artifact:1:ld1-1643390182193-1643390195118-1,artistBio,姓氏 (Cox)
entity:artifact:1:ld1-1643390182193-1643390195123-1,artistBio,姓氏 (Cox)
entity:artifact:1:ld1-1643390182193-1643390195165-0,artistBio,名字 (Fan)
entity:artifact:1:ld1-1643390182193-1643390195165-1,artistBio,名字 (Fan)
entity:artifact:1:ld1-1643390182193-1643390195166-0,artistBio,American art auction house (1937-1983); replaced by Sotheby's
entity:artifact:1:ld1-1643390182193-1643390195202-1,artistBio,姓氏 (Cox)
entity:artifact:1:ld1-1643390182193-1643390195204-1,artistBio,姓氏 (Cox)
entity:artifact:1:ld1-1643390182193-1643390196306-0,artistBio,姓氏 (Cox)
entity:artifact:1:ld1-1643390182193-1643390196364-0,artistBio,姓氏 (Cox)
entity:artifact:1:ld1-1643390182193-1643390196412-1,artistBio,美國海關總署
entity:artifact:1:ld1-1643390182193-1643390196419-0,artistBio,姓氏 (Cox)
entity:artifact:1:ld1-1643390182193-1643390196420-0,artistBio,姓氏 (Cox)
entity:artifact:1:ld1-1643390182193-1643390196420-1,artistBio,姓氏 (Cox)
entity:artifact:1:ld1-1643390182193-1643390196421-0,artistBio,姓氏 (Cox)
entity:artifact:1:ld1-1643390182193-1643390196421-1,artistBio,姓氏 (Cox)
entity:artifact:1:ld1-1643390182193-1643390196422-0,artistBio,姓氏 (Cox)
entity:artifact:1:ld1-1643390182193-1643390196422-1,artistBio,姓氏 (Cox)
entity:artifact:1:ld1-1643390182193-1643390196423-0,artistBio,姓氏 (Cox)
entity:artifact:1:ld1-1643390182193-1643390196424-0,artistBio,姓氏 (Cox)
entity:artifact:1:ld1-1643390182193-1643390196424-1,artistBio,姓氏 (Cox)
entity:artifact:1:ld1-1643390182193-1643390196425-0,artistBio,姓氏 (Cox)
entity:artifact:1:ld1-1643390182193-1643390196425-1,artistBio,姓氏 (Cox)
entity:artifact:1:ld1-1643390182193-1643390196426-0,artistBio,姓氏 (Cox)
entity:artifact:1:ld1-1643390182193-1643390196426-1,artistBio,姓氏 (Cox)
entity:artifact:1:ld1-1643390182193-1643390196427-0,artistBio,姓氏 (Cox)
entity:artifact:1:ld1-1643390182193-1643390199601-0,artistBio,姓氏 (Cox)
entity:artifact:1:ld1-1643390182193-1643390199654-0,artistBio,姓氏 (Cox)
entity:artifact:1:ld1-1643390182193-1643390199654-1,artistBio,姓氏 (Cox)
entity:artifact:1:ld1-1643390182193-1643390199655-0,artistBio,姓氏 (Cox)
entity:artifact:1:ld1-1643390182193-1643390201839-1,artistBio,model maker
entity:artifact:1:ld1-1643390182193-1643390201840-0,artistBio,model maker
entity:artifact:1:ld1-1643390182193-1643390202065-1,artistBio,美國海關總署
entity:artifact:1:ld1-1643390182193-1643390202105-0,artistBio,荷蘭物理學家（1853—1928）
entity:artifact:1:ld1-1643390182193-1643390202126-0,artistBio,姓氏 (Cox)
entity:artifact:1:ld1-1643390182193-1643390202127-1,artistBio,model maker
entity:artifact:1:ld1-1643390182193-1643390202182-1,artistBio,姓氏 (Cox)
entity:artifact:1:ld1-1643390182193-1643390202183-0,artistBio,姓氏 (Cox)
entity:artifact:1:ld1-1643390182193-1643390202184-0,artistBio,姓氏 (Cox)
entity:artifact:1:ld1-1643390182193-1643390202184-1,artistBio,姓氏 (Cox)
entity:artifact:1:ld1-1643390182193-1643390202185-0,artistBio,姓氏 (Cox)
entity:artifact:1:ld1-1643390182193-1643390202185-1,artistBio,姓氏 (Cox)
entity:artifact:1:ld1-1643390182193-1643390202202-0,artistBio,姓氏 (Cox)
entity:artifact:1:ld1-1643390182193-1643390202870-0,artistBio,family name
entity:artifact:1:ld1-1643390182193-1643390203101-0,artistBio,福尔摩斯·赫伯特
entity:artifact:1:ld1-1643390182193-1643390203129-0,artistBio,family name
entity:artifact:1:ld1-1643390182193-1643390203443-0,artistBio,福尔摩斯·赫伯特
entity:artifact:1:ld1-1643398738600-1643398745136-0,artistBio,罗勒
entity:artifact:1:ld1-1643398738600-1643398745137-0,artistBio,罗勒
entity:artifact:1:ld1-1643398738600-1643398745138-0,artistBio,罗勒
entity:artifact:1:ld1-1643398738600-1643398745213-0,artistBio,bishop of the Roman Catholic Church
entity:artifact:1:ld1-1643398738600-1643398747015-1,artistBio,Robeson Bailey
entity:artifact:1:ld1-1643398853934-1643398865285-0,artistBio,"Australian zoologist, arachnologist (1894-1984)"
entity:artifact:1:ld1-1643399134763-1643399191104-0,artistBio,family name
entity:artifact:1:ld1-1643399134763-1643399191104-1,artistBio,family name
entity:artifact:1:ld1-1643399625297-1643399665684-1,artistBio,埃德沃德·迈布里奇
entity:artifact:1:ld1-1643399625297-1643399665685-0,artistBio,埃德沃德·迈布里奇
entity:artifact:1:ld1-1643399625297-1643399665686-0,artistBio,埃德沃德·迈布里奇
entity:artifact:1:ld1-1643399625297-1643399665686-1,artistBio,埃德沃德·迈布里奇
entity:artifact:1:ld1-1643399625297-1643399670079-1,artistBio,美国西北部的州
entity:artifact:1:ld1-1643399625297-1643399670080-1,artistBio,美国西北部的州
entity:artifact:1:ld1-1643399625297-1643399670189-0,artistBio,姓氏 (Grant)
entity:artifact:1:ld1-1643399887910-1643399888095-0,artistBio,Austrian zoologist and geologist (1804-1887)
entity:artifact:1:ld1-1643399887910-1643399892840-1,artistBio,Tower Hamlets
entity:artifact:1:ld1-1643399887910-1643399892984-1,artistBio,古希腊诗人
entity:artifact:1:ld1-1643399887910-1643399892985-1,artistBio,古希腊诗人
entity:artifact:1:ld1-1643399887910-1643399895493-0,artistBio,French painter (1728-1808)
entity:artifact:1:ld1-1643399887910-1643399895494-0,artistBio,French painter (1728-1808)
entity:artifact:1:ld1-1643399887910-1643399895494-1,artistBio,French painter (1728-1808)
entity:artifact:1:ld1-1643399887910-1643399895495-0,artistBio,French painter (1728-1808)
entity:artifact:1:ld1-1643399887910-1643399895495-1,artistBio,French painter (1728-1808)
entity:artifact:1:ld1-1643399887910-1643399895495-2,artistBio,French painter (1728-1808)
entity:artifact:1:ld1-1643399887910-1643399895532-0,artistBio,French painter (1728-1808)
entity:artifact:1:ld1-1643399887910-1643399895967-0,artistBio,French painter (1728-1808)
entity:artifact:1:ld1-1643399887910-1643399898959-1,artistBio,publisher; partner in the firm of Esnauts et Rapilly
entity:artifact:1:ld1-1643399887910-1643399900899-2,artistBio,French architect (1749-1825)
entity:artifact:1:ld1-1643399887910-1643399900901-1,artistBio,科内利斯·恩赫布雷赫茨
entity:artifact:1:ld1-1643399887910-1643399903607-2,artistBio,法国上马恩省市镇
entity:artifact:1:ld1-1643399887910-1643399904592-0,artistBio,French painter (1728-1808)
entity:artifact:1:ld1-1643399887910-1643399907072-1,artistBio,男性人名 (Adam)
entity:artifact:1:ld1-1643399887910-1643399914139-1,artistBio,歌川廣重
entity:artifact:1:ld1-1643399887910-1643399914140-0,artistBio,歌川廣重
entity:artifact:1:ld1-1643399887910-1643399918322-0,artistBio,古希腊诗人
entity:artifact:1:ld1-1643399887910-1643399919346-0,artistBio,family name
entity:artifact:1:ld1-1643399887910-1643399919355-1,artistBio,family name
entity:artifact:1:ld1-1643399887910-1643399919359-1,artistBio,family name
entity:artifact:1:ld1-1643399887910-1643399919361-1,artistBio,family name
entity:artifact:1:ld1-1643399887910-1643399919376-0,artistBio,English printmaker
entity:artifact:1:ld1-1643399887910-1643399919378-0,artistBio,family name
entity:artifact:1:ld1-1643399887910-1643399919379-1,artistBio,family name
entity:artifact:1:ld1-1643399887910-1643399919380-0,artistBio,family name
entity:artifact:1:ld1-1643399887910-1643399919380-1,artistBio,family name
entity:artifact:1:ld1-1643399887910-1643399919381-0,artistBio,family name
entity:artifact:1:ld1-1643399887910-1643399919381-1,artistBio,family name
entity:artifact:1:ld1-1643399887910-1643399919382-1,artistBio,family name
entity:artifact:1:ld1-1643399887910-1643399919383-0,artistBio,family name
entity:artifact:1:ld1-1643399887910-1643399921662-0,artistBio,姓氏 (Nash)
entity:artifact:1:ld1-1643399887910-1643399924251-0,artistBio,Dutch biologist and mycologist
entity:artifact:1:ld1-1643399887910-1643399924253-1,artistBio,"Nigerian diplomat, 1980:1989 - Nigerian High Commissioner to Australia and New Zealand"
entity:artifact:1:ld1-1643399887910-1643399924299-0,artistBio,斯克里布纳之子公司
entity:artifact:1:ld1-1643399887910-1643399929128-1,artistBio,given name
entity:artifact:1:ld1-1643399887910-1643399932661-1,artistBio,Tower Hamlets
entity:artifact:1:ld1-1643399887910-1643399932867-0,artistBio,姓氏 (Cox)
entity:artifact:1:ld1-1643399887910-1643399933195-1,artistBio,family name
entity:artifact:1:ld1-1643399887910-1643399935114-0,artistBio,botanist
entity:artifact:1:ld1-1643399887910-1643399935121-0,artistBio,botanist
entity:artifact:1:ld1-1643399887910-1643399935127-0,artistBio,botanist
entity:artifact:1:ld1-1643399887910-1643399957232-0,artistBio,British engraver
entity:artifact:1:ld1-1643399887910-1643399957232-1,artistBio,British engraver
entity:artifact:1:ld1-1643399887910-1643399976105-1,artistBio,English painter and engraver (1775-1863)
entity:artifact:1:ld1-1643399887910-1643399976117-1,artistBio,姓氏 (Gaertner)
entity:artifact:1:ld1-1643399887910-1643399983519-1,artistBio,让-巴蒂斯特·佩罗诺
entity:artifact:1:ld1-1643399887910-1643399988613-0,artistBio,ichthyologist
entity:artifact:1:ld1-1695458679732-1695458683281-0,artistBio,American printmaker
entity:artifact:1:ld1-1695458679732-1695458683282-0,artistBio,American printmaker
entity:artifact:1:ld1-1695458679732-1695458683283-0,artistBio,American printmaker
entity:artifact:1:ld1-1695458679732-1695458683284-1,artistBio,American printmaker
entity:artifact:1:ld1-1695458679732-1695458683285-0,artistBio,American printmaker
entity:artifact:1:ld1-1695458679732-1695458683286-0,artistBio,American printmaker
entity:artifact:1:ld1-1724158174280-1724158185030-1,artistBio,姓氏 (Cox)
entity:artifact:1:ld1-1724158174280-1724158185034-1,artistBio,姓氏 (Cox)
entity:artifact:1:ld1-1733913842397-1733913845809-0,artistBio,美国说唱歌手
entity:artifact:1:ld1-1733913842397-1733913845810-0,artistBio,美国说唱歌手
entity:artifact:1:ld1-1756975001566-1756975004506-1,artistBio,"former museum in Harlem and Washington, D.C."
entity:artifact:2:1429,artistBio,台灣藝術家
entity:artifact:2:143022,artistBio,中國藝術家
entity:artifact:2:174782,artistBio,中華民國（台灣）藝術家
entity:artifact:2:174968,artistBio,王翬
entity:artifact:2:175142,artistBio,中國畫家（1598-1677）
entity:artifact:2:176958,artistBio,中国清代画家（1840～1896）
entity:artifact:2:189219,artistBio,袁耀
entity:artifact:2:189465,artistBio,張熊
entity:artifact:2:190138,artistBio,明朝画家 (1483-1544)
entity:artifact:2:190147,artistBio,清朝画家
entity:artifact:2:198020,artistBio,潘恭壽
entity:artifact:2:198984,artistBio,錢慧安
entity:artifact:2:199179,artistBio,錢慧安
entity:artifact:2:199594,artistBio,錢慧安
entity:artifact:2:199595,artistBio,錢慧安
entity:artifact:2:199607,artistBio,錢慧安
entity:artifact:2:199631,artistBio,錢慧安
entity:artifact:2:199636,artistBio,錢慧安
entity:artifact:2:199694,artistBio,錢慧安
entity:artifact:2:199695,artistBio,錢慧安
entity:artifact:2:200856,artistBio,中華民國（台灣）藝術家
entity:artifact:2:201086,artistBio,張熊
entity:artifact:2:201099,artistBio,蓝瑛
entity:artifact:2:201141,artistBio,張熊
entity:artifact:2:201146,artistBio,文嘉
entity:artifact:2:201173,artistBio,張熊
entity:artifact:2:201174,artistBio,張熊
entity:artifact:2:201175,artistBio,張熊
entity:artifact:2:201176,artistBio,張熊
entity:artifact:2:201242,artistBio,明代画家
entity:artifact:2:201243,artistBio,明代画家
entity:artifact:2:201244,artistBio,明代画家
entity:artifact:2:201391,artistBio,明代画家
entity:artifact:2:201392,artistBio,明代画家
entity:artifact:2:201412,artistBio,潘恭壽
entity:artifact:2:201447,artistBio,張熊
entity:artifact:2:201448,artistBio,張熊
entity:artifact:2:201449,artistBio,張熊
entity:artifact:2:201450,artistBio,張熊
entity:artifact:2:201528,artistBio,清朝画家
entity:artifact:2:201554,artistBio,張熊
entity:artifact:2:201685,artistBio,清朝画家 (1683-1749)
entity:artifact:2:201705,artistBio,戴明說
entity:artifact:2:201751,artistBio,翁方綱
entity:artifact:2:201793,artistBio,清朝畫家、學者
entity:artifact:2:201813,artistBio,南文濟
entity:artifact:2:201850,artistBio,方士庶
entity:artifact:2:201854,artistBio,明清画家
entity:artifact:2:201927,artistBio,袁耀
entity:artifact:2:201928,artistBio,袁耀
entity:artifact:2:201929,artistBio,袁耀
entity:artifact:2:201930,artistBio,袁耀
entity:artifact:2:201931,artistBio,袁耀
entity:artifact:2:201936,artistBio,研究者
entity:artifact:2:201973,artistBio,胡正言
entity:artifact:2:201974,artistBio,胡正言
entity:artifact:2:202023,artistBio,方士庶
entity:artifact:2:202036,artistBio,袁耀
entity:artifact:2:202037,artistBio,袁耀
entity:artifact:2:202114,artistBio,上官周
entity:artifact:2:202116,artistBio,胡正言
entity:artifact:2:202117,artistBio,胡正言
entity:artifact:2:202127,artistBio,明清画家
entity:artifact:2:202130,artistBio,胡正言
entity:artifact:2:202131,artistBio,胡正言
entity:artifact:2:202260,artistBio,清朝画家 (1684-1752)
entity:artifact:2:202287,artistBio,方士庶
entity:artifact:2:202288,artistBio,方士庶
entity:artifact:2:202370,artistBio,German author
entity:artifact:2:202371,artistBio,中国清代画家（1840～1896）
entity:artifact:2:202380,artistBio,陈洪绶
entity:artifact:2:202476,artistBio,中國畫家
entity:artifact:2:202504,artistBio,米芾
entity:artifact:2:202505,artistBio,中國清朝晚期政治人物、實際國家統治者
entity:artifact:2:202578,artistBio,清朝画家
entity:artifact:2:202581,artistBio,中国清代画家
entity:artifact:2:202582,artistBio,中国清代画家
entity:artifact:2:202583,artistBio,中国清代画家
entity:artifact:2:202603,artistBio,中国清代画家
entity:artifact:2:202604,artistBio,丘文播
entity:artifact:2:202692,artistBio,清代画家
entity:artifact:2:202693,artistBio,中国清代画家
entity:artifact:2:202694,artistBio,中国清代画家
entity:artifact:2:202701,artistBio,孫中山之次女
entity:artifact:2:202703,artistBio,中華民國（台灣）藝術家
entity:artifact:2:202752,artistBio,明代画家
entity:artifact:2:202753,artistBio,王宸
entity:artifact:2:202754,artistBio,清代画家
entity:artifact:2:202768,artistBio,明末清初书画家
entity:artifact:2:202769,artistBio,姚綬
entity:artifact:2:202794,artistBio,中国清代画家
entity:artifact:2:202804,artistBio,中国清代画家
entity:artifact:2:202805,artistBio,清朝画家
entity:artifact:2:202806,artistBio,北宋画家
entity:artifact:2:202808,artistBio,袁耀
entity:artifact:2:202831,artistBio,李日華
entity:artifact:2:202842,artistBio,中国清代画家
entity:artifact:2:202931,artistBio,宋朝第8位皇帝
entity:artifact:2:202955,artistBio,明末清初书画家
entity:artifact:2:202977,artistBio,清代画家
entity:artifact:2:202978,artistBio,中國清朝晚期政治人物、實際國家統治者
entity:artifact:2:203004,artistBio,中国著名国画家
entity:artifact:2:203257,artistBio,金俊明
entity:artifact:2:203262,artistBio,明朝画家
entity:artifact:2:203309,artistBio,明末清初书画家
entity:artifact:2:203607,artistBio,錢慧安
entity:artifact:2:203790,artistBio,周文矩
entity:artifact:2:203934,artistBio,蓝瑛
entity:artifact:2:205074,artistBio,胡正言
entity:artifact:2:205075,artistBio,胡正言
entity:artifact:2:205090,artistBio,胡正言
entity:artifact:2:205091,artistBio,胡正言
entity:artifact:2:205376,artistBio,胡正言
entity:artifact:2:205535,artistBio,胡正言
entity:artifact:2:205536,artistBio,胡正言
entity:artifact:2:205612,artistBio,胡正言
entity:artifact:2:205613,artistBio,胡正言
entity:artifact:2:205614,artistBio,胡正言
entity:artifact:2:205615,artistBio,胡正言
entity:artifact:2:205616,artistBio,胡正言
entity:artifact:2:205617,artistBio,胡正言
entity:artifact:2:205618,artistBio,胡正言
entity:artifact:2:205619,artistBio,胡正言
entity:artifact:2:205620,artistBio,胡正言
entity:artifact:2:205621,artistBio,胡正言
entity:artifact:2:205641,artistBio,胡正言
entity:artifact:2:205642,artistBio,胡正言
entity:artifact:2:205643,artistBio,胡正言
entity:artifact:2:205644,artistBio,胡正言
entity:artifact:2:205645,artistBio,胡正言
entity:artifact:2:205646,artistBio,胡正言
entity:artifact:2:205647,artistBio,胡正言
entity:artifact:2:205652,artistBio,胡正言
entity:artifact:2:205653,artistBio,胡正言
entity:artifact:2:205654,artistBio,胡正言
entity:artifact:2:205655,artistBio,胡正言
entity:artifact:2:205656,artistBio,胡正言
entity:artifact:2:205663,artistBio,胡正言
entity:artifact:2:205664,artistBio,胡正言
entity:artifact:2:205665,artistBio,胡正言
entity:artifact:2:205666,artistBio,胡正言
entity:artifact:2:205786,artistBio,胡正言
entity:artifact:2:205787,artistBio,胡正言
entity:artifact:2:205788,artistBio,胡正言
entity:artifact:2:205789,artistBio,胡正言
entity:artifact:2:205804,artistBio,胡正言
entity:artifact:2:205805,artistBio,胡正言
entity:artifact:2:205806,artistBio,胡正言
entity:artifact:2:205808,artistBio,胡正言
entity:artifact:2:205809,artistBio,胡正言
entity:artifact:2:205810,artistBio,胡正言
entity:artifact:2:205811,artistBio,胡正言
entity:artifact:2:205812,artistBio,胡正言
entity:artifact:2:205813,artistBio,胡正言
entity:artifact:2:205814,artistBio,胡正言
entity:artifact:2:205815,artistBio,胡正言
entity:artifact:2:205816,artistBio,胡正言
entity:artifact:2:205817,artistBio,胡正言
entity:artifact:2:205818,artistBio,胡正言
entity:artifact:2:205819,artistBio,胡正言
entity:artifact:2:205820,artistBio,胡正言
entity:artifact:2:205821,artistBio,胡正言
entity:artifact:2:205822,artistBio,胡正言
entity:artifact:2:205823,artistBio,胡正言
entity:artifact:2:205824,artistBio,胡正言
entity:artifact:2:205825,artistBio,胡正言
entity:artifact:2:205842,artistBio,胡正言
entity:artifact:2:205843,artistBio,胡正言
entity:artifact:2:205844,artistBio,胡正言
entity:artifact:2:205845,artistBio,胡正言
entity:artifact:2:205846,artistBio,胡正言
entity:artifact:2:205847,artistBio,胡正言
entity:artifact:2:205848,artistBio,胡正言
entity:artifact:2:205849,artistBio,胡正言
entity:artifact:2:205850,artistBio,胡正言
entity:artifact:2:205899,artistBio,胡正言
entity:artifact:2:205913,artistBio,胡正言
entity:artifact:2:205914,artistBio,胡正言
entity:artifact:2:205915,artistBio,胡正言
entity:artifact:2:205916,artistBio,胡正言
entity:artifact:2:205917,artistBio,胡正言
entity:artifact:2:205918,artistBio,胡正言
entity:artifact:2:205919,artistBio,胡正言
entity:artifact:2:205920,artistBio,胡正言
entity:artifact:2:205921,artistBio,胡正言
entity:artifact:2:205923,artistBio,胡正言
entity:artifact:2:205924,artistBio,胡正言
entity:artifact:2:205925,artistBio,胡正言
entity:artifact:2:205926,artistBio,胡正言
entity:artifact:2:205927,artistBio,胡正言
entity:artifact:2:205928,artistBio,胡正言
entity:artifact:2:205931,artistBio,胡正言
entity:artifact:2:205932,artistBio,胡正言
entity:artifact:2:205934,artistBio,胡正言
entity:artifact:2:205935,artistBio,胡正言
entity:artifact:2:205936,artistBio,胡正言
entity:artifact:2:205937,artistBio,胡正言
entity:artifact:2:205938,artistBio,胡正言
entity:artifact:2:205939,artistBio,胡正言
entity:artifact:2:205940,artistBio,胡正言
entity:artifact:2:205941,artistBio,胡正言
entity:artifact:2:205942,artistBio,胡正言
entity:artifact:2:205943,artistBio,胡正言
entity:artifact:2:205944,artistBio,胡正言
entity:artifact:2:205945,artistBio,胡正言
entity:artifact:2:206097,artistBio,胡正言
entity:artifact:2:206119,artistBio,胡正言
entity:artifact:2:206120,artistBio,胡正言
entity:artifact:2:206121,artistBio,胡正言
entity:artifact:2:206122,artistBio,胡正言
entity:artifact:2:206124,artistBio,胡正言
entity:artifact:2:206127,artistBio,胡正言
entity:artifact:2:206128,artistBio,胡正言
entity:artifact:2:206129,artistBio,胡正言
entity:artifact:2:206130,artistBio,胡正言
entity:artifact:2:206131,artistBio,胡正言
entity:artifact:2:206132,artistBio,胡正言
entity:artifact:2:206133,artistBio,胡正言
entity:artifact:2:206134,artistBio,胡正言
entity:artifact:2:206135,artistBio,胡正言
entity:artifact:2:206136,artistBio,胡正言
entity:artifact:2:206154,artistBio,胡正言
entity:artifact:2:206155,artistBio,胡正言
entity:artifact:2:206156,artistBio,胡正言
entity:artifact:2:206157,artistBio,胡正言
entity:artifact:2:206158,artistBio,胡正言
entity:artifact:2:206159,artistBio,胡正言
entity:artifact:2:206172,artistBio,胡正言
entity:artifact:2:206212,artistBio,胡正言
entity:artifact:2:206213,artistBio,胡正言
entity:artifact:2:206214,artistBio,胡正言
entity:artifact:2:206232,artistBio,胡正言
entity:artifact:2:206234,artistBio,胡正言
entity:artifact:2:206235,artistBio,胡正言
entity:artifact:2:206237,artistBio,胡正言
entity:artifact:2:206238,artistBio,胡正言
entity:artifact:2:206239,artistBio,胡正言
entity:artifact:2:206490,artistBio,王振鹏
entity:artifact:2:206491,artistBio,梁楷
entity:artifact:2:206493,artistBio,明朝畫家
entity:artifact:2:206494,artistBio,夏圭
entity:artifact:2:206497,artistBio,夏圭
entity:artifact:2:206522,artistBio,中國畫家
entity:artifact:2:206575,artistBio,任仁发
entity:artifact:2:206580,artistBio,葉程
entity:artifact:2:21116,artistBio,李華弌
entity:artifact:2:4586,artistBio,台灣藝術家
entity:artifact:2:4615,artistBio,台灣藝術家
entity:artifact:2:4640,artistBio,台灣藝術家
entity:artifact:2:47472,artistBio,用于表示缺失有关作品作者的信息
entity:artifact:2:47501,artistBio,明代画家
entity:artifact:2:47502,artistBio,明代画家
entity:artifact:2:47503,artistBio,明代画家
entity:artifact:2:47504,artistBio,明代画家
entity:artifact:2:47768,artistBio,明代画家
entity:artifact:2:47769,artistBio,明代画家
entity:artifact:2:47770,artistBio,明代画家
entity:artifact:2:47969,artistBio,明代画家
entity:artifact:2:48132,artistBio,董邦達
entity:artifact:2:48241,artistBio,明代画家
entity:artifact:2:48242,artistBio,明代画家
entity:artifact:2:48243,artistBio,明代画家
entity:artifact:2:48289,artistBio,明代画家
entity:artifact:2:48331,artistBio,明代画家
entity:artifact:2:48332,artistBio,明代画家
entity:artifact:2:48370,artistBio,明代画家
entity:artifact:2:48371,artistBio,明代画家
entity:artifact:2:48650,artistBio,董邦達
entity:artifact:2:48651,artistBio,董邦達
entity:artifact:2:48652,artistBio,董邦達
entity:artifact:2:48665,artistBio,董邦達
entity:artifact:2:48666,artistBio,董邦達
entity:artifact:2:48672,artistBio,董邦達
entity:artifact:2:48673,artistBio,董邦達
entity:artifact:2:49180,artistBio,汪由敦
entity:artifact:2:49269,artistBio,蒋廷锡
entity:artifact:2:5144,artistBio,台灣藝術家
entity:artifact:2:5145,artistBio,台灣藝術家
entity:artifact:2:5146,artistBio,台灣藝術家
entity:artifact:2:5189,artistBio,台灣藝術家
entity:artifact:2:5204,artistBio,台灣藝術家
entity:artifact:2:5205,artistBio,台灣藝術家
entity:artifact:2:5215,artistBio,台灣藝術家
entity:artifact:2:5216,artistBio,台灣藝術家
entity:artifact:2:5217,artistBio,台灣藝術家
entity:artifact:2:5218,artistBio,台灣藝術家
entity:artifact:2:5219,artistBio,台灣藝術家
entity:artifact:2:5220,artistBio,台灣藝術家
entity:artifact:2:5221,artistBio,台灣藝術家
entity:artifact:2:5222,artistBio,台灣藝術家
entity:artifact:2:5368,artistBio,台灣藝術家
entity:artifact:2:5369,artistBio,台灣藝術家
entity:artifact:2:5499,artistBio,台灣藝術家
entity:artifact:2:5500,artistBio,台灣藝術家
entity:artifact:2:5501,artistBio,台灣藝術家
entity:artifact:2:5502,artistBio,台灣藝術家
entity:artifact:2:5524,artistBio,台灣藝術家
entity:artifact:2:5525,artistBio,台灣藝術家
entity:artifact:2:5673,artistBio,台灣藝術家
entity:artifact:2:70470,artistBio,清朝画家
entity:artifact:2:70759,artistBio,李華弌
entity:artifact:2:73665,artistBio,中國建築師、藝術家
entity:artifact:2:77864,artistBio,胡正言
entity:artifact:2:78047,artistBio,香港演員
entity:artifact:2:78048,artistBio,明朝末期书画家
entity:artifact:2:94061,artistBio,蒋廷锡
entity:artifact:2:94213,artistBio,汪由敦
entity:artifact:2:96601,artistBio,清朝画家 (1683-1749)
entity:artifact:2:96602,artistBio,清朝画家 (1683-1749)
entity:artifact:2:96603,artistBio,清朝画家 (1683-1749)
entity:artifact:2:96604,artistBio,清朝画家 (1683-1749)
entity:artifact:2:96842,artistBio,中国明朝画家、文学家（1470—1524）
entity:artifact:2:96944,artistBio,中国著名国画家
entity:artifact:2:96945,artistBio,中国著名国画家
entity:artifact:2:97103,artistBio,中国明朝画家、文学家（1470—1524）
entity:artifact:2:97104,artistBio,中国明朝画家、文学家（1470—1524）
entity:artifact:2:97105,artistBio,中国明朝画家、文学家（1470—1524）
entity:artifact:2:97106,artistBio,中国明朝画家、文学家（1470—1524）
entity:artifact:2:97107,artistBio,中国明朝画家、文学家（1470—1524）
entity:artifact:2:97108,artistBio,中国明朝画家、文学家（1470—1524）
