from,relation,to
entity:artifact:2:100098,bibliography,"Jason C. Kuo, Born of Earth and Fire: Chinese Ceramics from the Scheinman Collection, exh. cat., ed. Jason C. Kuo, Baltimore Museum of Art (College Park, MD, 1992) cat. no. 62"
entity:artifact:2:100099,bibliography,"Frances Klapthor, ""Chinese Ceramics from the Collection of Peter and Irene Scheinman"", Orientations, Orientations Magazine Ltd. (Hong Kong, 1992), vol. 23, no. 9 pp. 53-60, fig. 18 | Jason C. Kuo, Born of Earth and Fire: Chinese Ceramics from the Scheinman Collection, exh. cat., ed. Jason C. Kuo, Baltimore Museum of Art (College Park, MD, 1992) cat. no. 64"
entity:artifact:2:100181,bibliography,"Jason C. Kuo, Born of Earth and Fire: Chinese Ceramics from the Scheinman Collection, exh. cat., ed. Jason C. Kuo, Baltimore Museum of Art (College Park, MD, 1992) p. 84, no. 65 | Robert D. Mowry, Hare's Fur, Tortoiseshell, and Partridge Feathers: Chinese brown- and black-glazed ceramics, 400-1400, exh. cat., Harvard University Art Museums (Cambridge, MA, 1996) pp. 251-252, no. 102"
entity:artifact:2:101784,bibliography,"Frances Klapthor, ""Chinese Ceramics from the Collection of Peter and Irene Scheinman"", Orientations, Orientations Magazine Ltd. (Hong Kong, 1992), vol. 23, no. 9 pp. 53-60, fig. 16 | Jason C. Kuo, Born of Earth and Fire: Chinese Ceramics from the Scheinman Collection, exh. cat., ed. Jason C. Kuo, Baltimore Museum of Art (College Park, MD, 1992) p. 75, no. 53 | Robert D. Mowry, Hare's Fur, Tortoiseshell, and Partridge Feathers: Chinese brown- and black-glazed ceramics, 400-1400, exh. cat., Harvard University Art Museums (Cambridge, MA, 1996) pp. 128-129, no. 28"
entity:artifact:2:101785,bibliography,"Frances Klapthor, ""Chinese Ceramics from the Collection of Peter and Irene Scheinman"", Orientations, Orientations Magazine Ltd. (Hong Kong, 1992), vol. 23, no. 9 pp. 53-60, fig. 17 | Jason C. Kuo, Born of Earth and Fire: Chinese Ceramics from the Scheinman Collection, exh. cat., ed. Jason C. Kuo, Baltimore Museum of Art (College Park, MD, 1992) p. 74, no. 51 | Robert D. Mowry, Hare's Fur, Tortoiseshell, and Partridge Feathers: Chinese brown- and black-glazed ceramics, 400-1400, exh. cat., Harvard University Art Museums (Cambridge, MA, 1996) pp. 127-128, no. 27b"
entity:artifact:2:101796,bibliography,"Frances Klapthor, ""Chinese Ceramics from the Collection of Peter and Irene Scheinman"", Orientations, Orientations Magazine Ltd. (Hong Kong, 1992), vol. 23, no. 9 pp. 53-60, fig. 13 | Jason C. Kuo, Born of Earth and Fire: Chinese Ceramics from the Scheinman Collection, exh. cat., ed. Jason C. Kuo, Baltimore Museum of Art (College Park, MD, 1992) pp. 52-53, no. 25 | Robert D. Mowry, Hare's Fur, Tortoiseshell, and Partridge Feathers: Chinese brown- and black-glazed ceramics, 400-1400, exh. cat., Harvard University Art Museums (Cambridge, MA, 1996) pp. 80-82, no. 1"
entity:artifact:2:117343,bibliography,"Virginia Bower, From Court to Caravan: Chinese Tomb Sculptures from the Collection of Anthony M. Solomon, exh. cat., ed. Robert D. Mowry, Harvard University Art Museums (Cambridge, Mass., 2002) p. 73, cat. no. 1"
entity:artifact:2:117351,bibliography,"Jason C. Kuo, Born of Earth and Fire: Chinese Ceramics from the Scheinman Collection, exh. cat., ed. Jason C. Kuo, Baltimore Museum of Art (College Park, MD, 1992) p. 69, no. 44 | Robert D. Mowry, Hare's Fur, Tortoiseshell, and Partridge Feathers: Chinese brown- and black-glazed ceramics, 400-1400, exh. cat., Harvard University Art Museums (Cambridge, MA, 1996) pp. 145-147, no. 40"
entity:artifact:2:141460,bibliography,"Virginia Bower, From Court to Caravan: Chinese Tomb Sculptures from the Collection of Anthony M. Solomon, exh. cat., ed. Robert D. Mowry, Harvard University Art Museums (Cambridge, Mass., 2002) pp. 85-86, cat. no. 12"
entity:artifact:2:141848,bibliography,"Virginia Bower, From Court to Caravan: Chinese Tomb Sculptures from the Collection of Anthony M. Solomon, exh. cat., ed. Robert D. Mowry, Harvard University Art Museums (Cambridge, Mass., 2002) p. 80, cat. no. 7"
entity:artifact:2:141949,bibliography,"Virginia Bower, From Court to Caravan: Chinese Tomb Sculptures from the Collection of Anthony M. Solomon, exh. cat., ed. Robert D. Mowry, Harvard University Art Museums (Cambridge, Mass., 2002) pp. 85-86, cat. no. 12"
entity:artifact:2:142050,bibliography,"Virginia Bower, From Court to Caravan: Chinese Tomb Sculptures from the Collection of Anthony M. Solomon, exh. cat., ed. Robert D. Mowry, Harvard University Art Museums (Cambridge, Mass., 2002) pp. 78-79, cat. no. 6"
entity:artifact:2:142051,bibliography,"Virginia Bower, From Court to Caravan: Chinese Tomb Sculptures from the Collection of Anthony M. Solomon, exh. cat., ed. Robert D. Mowry, Harvard University Art Museums (Cambridge, Mass., 2002) pp. 78-79, cat. no. 6"
entity:artifact:2:142052,bibliography,"Virginia Bower, From Court to Caravan: Chinese Tomb Sculptures from the Collection of Anthony M. Solomon, exh. cat., ed. Robert D. Mowry, Harvard University Art Museums (Cambridge, Mass., 2002) p. 81, cat. no. 8"
entity:artifact:2:142053,bibliography,"Virginia Bower, From Court to Caravan: Chinese Tomb Sculptures from the Collection of Anthony M. Solomon, exh. cat., ed. Robert D. Mowry, Harvard University Art Museums (Cambridge, Mass., 2002) p. 82, cat. no. 9"
entity:artifact:2:142054,bibliography,"Virginia Bower, From Court to Caravan: Chinese Tomb Sculptures from the Collection of Anthony M. Solomon, exh. cat., ed. Robert D. Mowry, Harvard University Art Museums (Cambridge, Mass., 2002) p. 84, cat. no. 11"
entity:artifact:2:142055,bibliography,"Virginia Bower, From Court to Caravan: Chinese Tomb Sculptures from the Collection of Anthony M. Solomon, exh. cat., ed. Robert D. Mowry, Harvard University Art Museums (Cambridge, Mass., 2002) p. 84, cat. no. 11"
entity:artifact:2:142056,bibliography,"Chinese Ceramics and Works of Art: Recent Acquisitions, auct. cat., The Chinese Porcelain Company (New York, NY, 2002) no. 14, pp. 40-41"
entity:artifact:2:142066,bibliography,"Virginia Bower, From Court to Caravan: Chinese Tomb Sculptures from the Collection of Anthony M. Solomon, exh. cat., ed. Robert D. Mowry, Harvard University Art Museums (Cambridge, Mass., 2002) p. 77, cat. no. 5 | Cary Y. Liu, Recarving China's Past: Art, Archeology, and Architecture of the ""Wu Family Shrines"", exh. cat., Yale University Press (New Haven and London, 2005) pp.368-371, cat no. 37"
entity:artifact:2:142067,bibliography,"Virginia Bower, From Court to Caravan: Chinese Tomb Sculptures from the Collection of Anthony M. Solomon, exh. cat., ed. Robert D. Mowry, Harvard University Art Museums (Cambridge, Mass., 2002) p. 83, cat. no. 10"
entity:artifact:2:1429,bibliography,"Robert D. Mowry, The New Chinese Landscape: Recent Acquisitions, exh. cat., Harvard University Art Museums (Cambridge, Mass., 2006) pp. 5-7, 12, fig. 3 | Harvard University Art Museums, Harvard University Art Museums Annual Report 2005-2006 (Cambridge, MA, 2007) p. 14-15"
entity:artifact:2:143022,bibliography,"Stephan Wolohojian and Alvin L. Clark, Jr., Harvard Art Museum/ Handbook, ed. Stephan Wolohojian, Harvard Art Museum (Cambridge, 2008) p. 250, ill."
entity:artifact:2:143091,bibliography,"Chinese Ceramics and Works of Art: Recent Acquisitions, auct. cat., The Chinese Porcelain Company (New York, NY, 2002) no. 4, pp. 14-15"
entity:artifact:2:145348,bibliography,"Virginia Bower, From Court to Caravan: Chinese Tomb Sculptures from the Collection of Anthony M. Solomon, exh. cat., ed. Robert D. Mowry, Harvard University Art Museums (Cambridge, Mass., 2002) p. 137, cat. no. 52"
entity:artifact:2:145349,bibliography,"Virginia Bower, From Court to Caravan: Chinese Tomb Sculptures from the Collection of Anthony M. Solomon, exh. cat., ed. Robert D. Mowry, Harvard University Art Museums (Cambridge, Mass., 2002) p. 137, cat. no. 52"
entity:artifact:2:145350,bibliography,"Virginia Bower, From Court to Caravan: Chinese Tomb Sculptures from the Collection of Anthony M. Solomon, exh. cat., ed. Robert D. Mowry, Harvard University Art Museums (Cambridge, Mass., 2002) p. 139, cat. no. 54"
entity:artifact:2:146262,bibliography,"Virginia Bower, From Court to Caravan: Chinese Tomb Sculptures from the Collection of Anthony M. Solomon, exh. cat., ed. Robert D. Mowry, Harvard University Art Museums (Cambridge, Mass., 2002) p. 108, cat. no. 31"
entity:artifact:2:146263,bibliography,"Virginia Bower, From Court to Caravan: Chinese Tomb Sculptures from the Collection of Anthony M. Solomon, exh. cat., ed. Robert D. Mowry, Harvard University Art Museums (Cambridge, Mass., 2002) pp. 112-113, cat. no. 33"
entity:artifact:2:146264,bibliography,"Virginia Bower, From Court to Caravan: Chinese Tomb Sculptures from the Collection of Anthony M. Solomon, exh. cat., ed. Robert D. Mowry, Harvard University Art Museums (Cambridge, Mass., 2002) p. 117, cat. no. 36 | Zoe Kwok, The Eternal Feast: Banqueting in Chinese Art from the 10th to the 14th Century, exh. cat., Princeton University Art Museum (New Haven, 2019) pp. 174-177, cat. 43"
entity:artifact:2:146265,bibliography,"Virginia Bower, From Court to Caravan: Chinese Tomb Sculptures from the Collection of Anthony M. Solomon, exh. cat., ed. Robert D. Mowry, Harvard University Art Museums (Cambridge, Mass., 2002) pp. 121-123, cat. no. 39 | Robert D. Mowry, ""Selected Chinese Funerary Sculptures from the Collection Presented to the Harvard University Art Museums by Anthony M. Solomon"", Orientations, Orientations Magazine Ltd. (Hong Kong, September 2004), vol. 35, no. 6, pp. 73-75 p. 75, fig. 3 (left)"
entity:artifact:2:146266,bibliography,"Virginia Bower, From Court to Caravan: Chinese Tomb Sculptures from the Collection of Anthony M. Solomon, exh. cat., ed. Robert D. Mowry, Harvard University Art Museums (Cambridge, Mass., 2002) pp. 120 and 122-123, cat. no. 39 | Robert D. Mowry, ""Selected Chinese Funerary Sculptures from the Collection Presented to the Harvard University Art Museums by Anthony M. Solomon"", Orientations, Orientations Magazine Ltd. (Hong Kong, September 2004), vol. 35, no. 6, pp. 73-75 p. 75, fig. 3 (right)"
entity:artifact:2:146267,bibliography,"Virginia Bower, From Court to Caravan: Chinese Tomb Sculptures from the Collection of Anthony M. Solomon, exh. cat., ed. Robert D. Mowry, Harvard University Art Museums (Cambridge, Mass., 2002) p. 126, cat. no. 42"
entity:artifact:2:146268,bibliography,"Virginia Bower, From Court to Caravan: Chinese Tomb Sculptures from the Collection of Anthony M. Solomon, exh. cat., ed. Robert D. Mowry, Harvard University Art Museums (Cambridge, Mass., 2002) p. 131, cat. no. 47"
entity:artifact:2:146269,bibliography,"Virginia Bower, From Court to Caravan: Chinese Tomb Sculptures from the Collection of Anthony M. Solomon, exh. cat., ed. Robert D. Mowry, Harvard University Art Museums (Cambridge, Mass., 2002) pp. 135-136, cat. no. 51"
entity:artifact:2:146431,bibliography,"Virginia Bower, From Court to Caravan: Chinese Tomb Sculptures from the Collection of Anthony M. Solomon, exh. cat., ed. Robert D. Mowry, Harvard University Art Museums (Cambridge, Mass., 2002) p. 74, cat. no. 2"
entity:artifact:2:146432,bibliography,"Virginia Bower, From Court to Caravan: Chinese Tomb Sculptures from the Collection of Anthony M. Solomon, exh. cat., ed. Robert D. Mowry, Harvard University Art Museums (Cambridge, Mass., 2002) p. 76, cat. no. 4"
entity:artifact:2:146482,bibliography,"Virginia Bower, From Court to Caravan: Chinese Tomb Sculptures from the Collection of Anthony M. Solomon, exh. cat., ed. Robert D. Mowry, Harvard University Art Museums (Cambridge, Mass., 2002) p. 95, cat. no. 21"
entity:artifact:2:146486,bibliography,"Virginia Bower, From Court to Caravan: Chinese Tomb Sculptures from the Collection of Anthony M. Solomon, exh. cat., ed. Robert D. Mowry, Harvard University Art Museums (Cambridge, Mass., 2002) p. 117, cat. no. 36 | Zoe Kwok, The Eternal Feast: Banqueting in Chinese Art from the 10th to the 14th Century, exh. cat., Princeton University Art Museum (New Haven, 2019) pp. 174-177, cat. 43"
entity:artifact:2:146487,bibliography,"Virginia Bower, From Court to Caravan: Chinese Tomb Sculptures from the Collection of Anthony M. Solomon, exh. cat., ed. Robert D. Mowry, Harvard University Art Museums (Cambridge, Mass., 2002) p. 127, cat. no. 43"
entity:artifact:2:146488,bibliography,"Virginia Bower, From Court to Caravan: Chinese Tomb Sculptures from the Collection of Anthony M. Solomon, exh. cat., ed. Robert D. Mowry, Harvard University Art Museums (Cambridge, Mass., 2002) p. 129, cat. no. 45"
entity:artifact:2:146489,bibliography,"Virginia Bower, From Court to Caravan: Chinese Tomb Sculptures from the Collection of Anthony M. Solomon, exh. cat., ed. Robert D. Mowry, Harvard University Art Museums (Cambridge, Mass., 2002) p. 131, cat. no. 47"
entity:artifact:2:146490,bibliography,"Virginia Bower, From Court to Caravan: Chinese Tomb Sculptures from the Collection of Anthony M. Solomon, exh. cat., ed. Robert D. Mowry, Harvard University Art Museums (Cambridge, Mass., 2002) p. 134, cat. no. 50"
entity:artifact:2:146491,bibliography,"Virginia Bower, From Court to Caravan: Chinese Tomb Sculptures from the Collection of Anthony M. Solomon, exh. cat., ed. Robert D. Mowry, Harvard University Art Museums (Cambridge, Mass., 2002) pp. 135-136, cat. no. 51"
entity:artifact:2:146492,bibliography,"Virginia Bower, From Court to Caravan: Chinese Tomb Sculptures from the Collection of Anthony M. Solomon, exh. cat., ed. Robert D. Mowry, Harvard University Art Museums (Cambridge, Mass., 2002) pp. 140-142, cat. no. 55"
entity:artifact:2:146523,bibliography,"Virginia Bower, From Court to Caravan: Chinese Tomb Sculptures from the Collection of Anthony M. Solomon, exh. cat., ed. Robert D. Mowry, Harvard University Art Museums (Cambridge, Mass., 2002) p. 96, cat. no. 22"
entity:artifact:2:146524,bibliography,"Virginia Bower, From Court to Caravan: Chinese Tomb Sculptures from the Collection of Anthony M. Solomon, exh. cat., ed. Robert D. Mowry, Harvard University Art Museums (Cambridge, Mass., 2002) pp. 99-101, cat. no. 25 | Robert D. Mowry, ""Selected Chinese Funerary Sculptures from the Collection Presented to the Harvard University Art Museums by Anthony M. Solomon"", Orientations, Orientations Magazine Ltd. (Hong Kong, September 2004), vol. 35, no. 6, pp. 73-75 p. 73, fig. 1 (right) | Harvard University Art Museums, Harvard University Art Museums Annual Report 2003-2004 (Cambridge, MA, 2005) p. 20 | Stephan Wolohojian and Alvin L. Clark, Jr., Harvard Art Museum/ Handbook, ed. Stephan Wolohojian, Harvard Art Museum (Cambridge, 2008) p. 32"
entity:artifact:2:146525,bibliography,"Virginia Bower, From Court to Caravan: Chinese Tomb Sculptures from the Collection of Anthony M. Solomon, exh. cat., ed. Robert D. Mowry, Harvard University Art Museums (Cambridge, Mass., 2002) p. 104, cat. no. 27"
entity:artifact:2:146526,bibliography,"Virginia Bower, From Court to Caravan: Chinese Tomb Sculptures from the Collection of Anthony M. Solomon, exh. cat., ed. Robert D. Mowry, Harvard University Art Museums (Cambridge, Mass., 2002) p. 106, cat. no. 29"
entity:artifact:2:146527,bibliography,"Virginia Bower, From Court to Caravan: Chinese Tomb Sculptures from the Collection of Anthony M. Solomon, exh. cat., ed. Robert D. Mowry, Harvard University Art Museums (Cambridge, Mass., 2002) p. 109, cat. no. 31"
entity:artifact:2:146528,bibliography,"Virginia Bower, From Court to Caravan: Chinese Tomb Sculptures from the Collection of Anthony M. Solomon, exh. cat., ed. Robert D. Mowry, Harvard University Art Museums (Cambridge, Mass., 2002) pp. 110-111, cat. no. 32"
entity:artifact:2:146529,bibliography,"Virginia Bower, From Court to Caravan: Chinese Tomb Sculptures from the Collection of Anthony M. Solomon, exh. cat., ed. Robert D. Mowry, Harvard University Art Museums (Cambridge, Mass., 2002) p. 117, cat. no. 36 | Zoe Kwok, The Eternal Feast: Banqueting in Chinese Art from the 10th to the 14th Century, exh. cat., Princeton University Art Museum (New Haven, 2019) pp. 174-177, cat. 43"
entity:artifact:2:146559,bibliography,"Virginia Bower, From Court to Caravan: Chinese Tomb Sculptures from the Collection of Anthony M. Solomon, exh. cat., ed. Robert D. Mowry, Harvard University Art Museums (Cambridge, Mass., 2002) pp. 99 and 102-103, cat. no. 25 | Robert D. Mowry, ""Selected Chinese Funerary Sculptures from the Collection Presented to the Harvard University Art Museums by Anthony M. Solomon"", Orientations, Orientations Magazine Ltd. (Hong Kong, September 2004), vol. 35, no. 6, pp. 73-75 p. 73, fig. 1 (left) | Harvard University Art Museums, Harvard University Art Museums Annual Report 2003-2004 (Cambridge, MA, 2005) p. 20 | Stephan Wolohojian and Alvin L. Clark, Jr., Harvard Art Museum/ Handbook, ed. Stephan Wolohojian, Harvard Art Museum (Cambridge, 2008) p. 32"
entity:artifact:2:146561,bibliography,"Virginia Bower, From Court to Caravan: Chinese Tomb Sculptures from the Collection of Anthony M. Solomon, exh. cat., ed. Robert D. Mowry, Harvard University Art Museums (Cambridge, Mass., 2002) p. 105, cat. no. 28"
entity:artifact:2:146562,bibliography,"Virginia Bower, From Court to Caravan: Chinese Tomb Sculptures from the Collection of Anthony M. Solomon, exh. cat., ed. Robert D. Mowry, Harvard University Art Museums (Cambridge, Mass., 2002) p. 106, cat. no. 29"
entity:artifact:2:146563,bibliography,"Virginia Bower, From Court to Caravan: Chinese Tomb Sculptures from the Collection of Anthony M. Solomon, exh. cat., ed. Robert D. Mowry, Harvard University Art Museums (Cambridge, Mass., 2002) p. 96, cat. no. 22"
entity:artifact:2:146564,bibliography,"Virginia Bower, From Court to Caravan: Chinese Tomb Sculptures from the Collection of Anthony M. Solomon, exh. cat., ed. Robert D. Mowry, Harvard University Art Museums (Cambridge, Mass., 2002) p. 107, cat. no. 30"
entity:artifact:2:146565,bibliography,"Virginia Bower, From Court to Caravan: Chinese Tomb Sculptures from the Collection of Anthony M. Solomon, exh. cat., ed. Robert D. Mowry, Harvard University Art Museums (Cambridge, Mass., 2002) p. 117, cat. no. 36 | Zoe Kwok, The Eternal Feast: Banqueting in Chinese Art from the 10th to the 14th Century, exh. cat., Princeton University Art Museum (New Haven, 2019) pp. 174-177, cat. 43"
entity:artifact:2:146566,bibliography,"Virginia Bower, From Court to Caravan: Chinese Tomb Sculptures from the Collection of Anthony M. Solomon, exh. cat., ed. Robert D. Mowry, Harvard University Art Museums (Cambridge, Mass., 2002) p. 119, cat. no. 38"
entity:artifact:2:146567,bibliography,"Virginia Bower, From Court to Caravan: Chinese Tomb Sculptures from the Collection of Anthony M. Solomon, exh. cat., ed. Robert D. Mowry, Harvard University Art Museums (Cambridge, Mass., 2002) p. 124, cat. no. 40"
entity:artifact:2:146568,bibliography,"Virginia Bower, From Court to Caravan: Chinese Tomb Sculptures from the Collection of Anthony M. Solomon, exh. cat., ed. Robert D. Mowry, Harvard University Art Museums (Cambridge, Mass., 2002) p. 125, cat. no. 41"
entity:artifact:2:146569,bibliography,"Virginia Bower, From Court to Caravan: Chinese Tomb Sculptures from the Collection of Anthony M. Solomon, exh. cat., ed. Robert D. Mowry, Harvard University Art Museums (Cambridge, Mass., 2002) p. 130, cat. no. 46"
entity:artifact:2:146570,bibliography,"Virginia Bower, From Court to Caravan: Chinese Tomb Sculptures from the Collection of Anthony M. Solomon, exh. cat., ed. Robert D. Mowry, Harvard University Art Museums (Cambridge, Mass., 2002) p. 132, cat. no. 48"
entity:artifact:2:146571,bibliography,"Virginia Bower, From Court to Caravan: Chinese Tomb Sculptures from the Collection of Anthony M. Solomon, exh. cat., ed. Robert D. Mowry, Harvard University Art Museums (Cambridge, Mass., 2002) p. 138, cat. no. 53"
entity:artifact:2:146576,bibliography,"Virginia Bower, From Court to Caravan: Chinese Tomb Sculptures from the Collection of Anthony M. Solomon, exh. cat., ed. Robert D. Mowry, Harvard University Art Museums (Cambridge, Mass., 2002) p. 77, cat. no. 5 | Cary Y. Liu, Recarving China's Past: Art, Archeology, and Architecture of the ""Wu Family Shrines"", exh. cat., Yale University Press (New Haven and London, 2005) pp.368-371, cat no. 37"
entity:artifact:2:146577,bibliography,"Virginia Bower, From Court to Caravan: Chinese Tomb Sculptures from the Collection of Anthony M. Solomon, exh. cat., ed. Robert D. Mowry, Harvard University Art Museums (Cambridge, Mass., 2002) p. 77, cat. no. 5 | Cary Y. Liu, Recarving China's Past: Art, Archeology, and Architecture of the ""Wu Family Shrines"", exh. cat., Yale University Press (New Haven and London, 2005) pp.368-371, cat no. 37"
entity:artifact:2:146583,bibliography,"Virginia Bower, From Court to Caravan: Chinese Tomb Sculptures from the Collection of Anthony M. Solomon, exh. cat., ed. Robert D. Mowry, Harvard University Art Museums (Cambridge, Mass., 2002) p. 95, cat. no. 21"
entity:artifact:2:146585,bibliography,"Virginia Bower, From Court to Caravan: Chinese Tomb Sculptures from the Collection of Anthony M. Solomon, exh. cat., ed. Robert D. Mowry, Harvard University Art Museums (Cambridge, Mass., 2002) p. 114, cat. no. 114 | Zoe Kwok, The Eternal Feast: Banqueting in Chinese Art from the 10th to the 14th Century, exh. cat., Princeton University Art Museum (New Haven, 2019) pp. 142-143, cat. 28"
entity:artifact:2:146626,bibliography,"Virginia Bower, From Court to Caravan: Chinese Tomb Sculptures from the Collection of Anthony M. Solomon, exh. cat., ed. Robert D. Mowry, Harvard University Art Museums (Cambridge, Mass., 2002) pp. 115-116, cat. no. 35"
entity:artifact:2:146627,bibliography,"Virginia Bower, From Court to Caravan: Chinese Tomb Sculptures from the Collection of Anthony M. Solomon, exh. cat., ed. Robert D. Mowry, Harvard University Art Museums (Cambridge, Mass., 2002) p. 118, cat. no. 37"
entity:artifact:2:146628,bibliography,"Virginia Bower, From Court to Caravan: Chinese Tomb Sculptures from the Collection of Anthony M. Solomon, exh. cat., ed. Robert D. Mowry, Harvard University Art Museums (Cambridge, Mass., 2002) p. 125, cat. no. 41"
entity:artifact:2:146629,bibliography,"Virginia Bower, From Court to Caravan: Chinese Tomb Sculptures from the Collection of Anthony M. Solomon, exh. cat., ed. Robert D. Mowry, Harvard University Art Museums (Cambridge, Mass., 2002) p. 133, cat. no. 49"
entity:artifact:2:146709,bibliography,"Virginia Bower, From Court to Caravan: Chinese Tomb Sculptures from the Collection of Anthony M. Solomon, exh. cat., ed. Robert D. Mowry, Harvard University Art Museums (Cambridge, Mass., 2002) p. 74, cat. no. 2"
entity:artifact:2:146710,bibliography,"Virginia Bower, From Court to Caravan: Chinese Tomb Sculptures from the Collection of Anthony M. Solomon, exh. cat., ed. Robert D. Mowry, Harvard University Art Museums (Cambridge, Mass., 2002) p. 76, cat. no. 4"
entity:artifact:2:146711,bibliography,"Virginia Bower, From Court to Caravan: Chinese Tomb Sculptures from the Collection of Anthony M. Solomon, exh. cat., ed. Robert D. Mowry, Harvard University Art Museums (Cambridge, Mass., 2002) p. 88, cat. no. 14"
entity:artifact:2:146712,bibliography,"Virginia Bower, From Court to Caravan: Chinese Tomb Sculptures from the Collection of Anthony M. Solomon, exh. cat., ed. Robert D. Mowry, Harvard University Art Museums (Cambridge, Mass., 2002) p. 104, cat. no. 26 | Robert D. Mowry, ""Selected Chinese Funerary Sculptures from the Collection Presented to the Harvard University Art Museums by Anthony M. Solomon"", Orientations, Orientations Magazine Ltd. (Hong Kong, September 2004), vol. 35, no. 6, pp. 73-75 p. 74, fig. 2; detail on back cover"
entity:artifact:2:146713,bibliography,"Virginia Bower, From Court to Caravan: Chinese Tomb Sculptures from the Collection of Anthony M. Solomon, exh. cat., ed. Robert D. Mowry, Harvard University Art Museums (Cambridge, Mass., 2002) p. 91, cat. no. 18"
entity:artifact:2:146748,bibliography,"Virginia Bower, From Court to Caravan: Chinese Tomb Sculptures from the Collection of Anthony M. Solomon, exh. cat., ed. Robert D. Mowry, Harvard University Art Museums (Cambridge, Mass., 2002) p. 74, cat. no. 2"
entity:artifact:2:146749,bibliography,"Virginia Bower, From Court to Caravan: Chinese Tomb Sculptures from the Collection of Anthony M. Solomon, exh. cat., ed. Robert D. Mowry, Harvard University Art Museums (Cambridge, Mass., 2002) p. 77, cat. no. 5 | Cary Y. Liu, Recarving China's Past: Art, Archeology, and Architecture of the ""Wu Family Shrines"", exh. cat., Yale University Press (New Haven and London, 2005) pp.368-371, cat no. 37"
entity:artifact:2:146750,bibliography,"Virginia Bower, From Court to Caravan: Chinese Tomb Sculptures from the Collection of Anthony M. Solomon, exh. cat., ed. Robert D. Mowry, Harvard University Art Museums (Cambridge, Mass., 2002) p. 87, cat. no. 13"
entity:artifact:2:146751,bibliography,"Virginia Bower, From Court to Caravan: Chinese Tomb Sculptures from the Collection of Anthony M. Solomon, exh. cat., ed. Robert D. Mowry, Harvard University Art Museums (Cambridge, Mass., 2002) p. 88, cat. no. 15"
entity:artifact:2:146752,bibliography,"Virginia Bower, From Court to Caravan: Chinese Tomb Sculptures from the Collection of Anthony M. Solomon, exh. cat., ed. Robert D. Mowry, Harvard University Art Museums (Cambridge, Mass., 2002) p. 88, cat. no. 16"
entity:artifact:2:146753,bibliography,"Virginia Bower, From Court to Caravan: Chinese Tomb Sculptures from the Collection of Anthony M. Solomon, exh. cat., ed. Robert D. Mowry, Harvard University Art Museums (Cambridge, Mass., 2002) p. 89, cat. no. 17"
entity:artifact:2:146754,bibliography,"Virginia Bower, From Court to Caravan: Chinese Tomb Sculptures from the Collection of Anthony M. Solomon, exh. cat., ed. Robert D. Mowry, Harvard University Art Museums (Cambridge, Mass., 2002) pp. 93-94, cat. no. 20"
entity:artifact:2:146755,bibliography,"Virginia Bower, From Court to Caravan: Chinese Tomb Sculptures from the Collection of Anthony M. Solomon, exh. cat., ed. Robert D. Mowry, Harvard University Art Museums (Cambridge, Mass., 2002) p. 97, cat. no. 23"
entity:artifact:2:146756,bibliography,"Virginia Bower, From Court to Caravan: Chinese Tomb Sculptures from the Collection of Anthony M. Solomon, exh. cat., ed. Robert D. Mowry, Harvard University Art Museums (Cambridge, Mass., 2002) p. 98, cat. no. 24; detail on front cover"
entity:artifact:2:146757,bibliography,"Virginia Bower, From Court to Caravan: Chinese Tomb Sculptures from the Collection of Anthony M. Solomon, exh. cat., ed. Robert D. Mowry, Harvard University Art Museums (Cambridge, Mass., 2002) p. 90, cat. no. 18"
entity:artifact:2:146771,bibliography,"Virginia Bower, From Court to Caravan: Chinese Tomb Sculptures from the Collection of Anthony M. Solomon, exh. cat., ed. Robert D. Mowry, Harvard University Art Museums (Cambridge, Mass., 2002) p. 75, cat. no. 3"
entity:artifact:2:146772,bibliography,"Virginia Bower, From Court to Caravan: Chinese Tomb Sculptures from the Collection of Anthony M. Solomon, exh. cat., ed. Robert D. Mowry, Harvard University Art Museums (Cambridge, Mass., 2002) p. 77, cat. no. 5 | Cary Y. Liu, Recarving China's Past: Art, Archeology, and Architecture of the ""Wu Family Shrines"", exh. cat., Yale University Press (New Haven and London, 2005) pp.368-371, cat no. 37"
entity:artifact:2:147442,bibliography,"Bao pu yi tao: Zhongguo xinshiqi shidai de taoqi yu yuqi [Pottery and Jades of China's Neolithic Age], auct. cat., Yunzhongju guwan youxian gongsi (Taibei Shi, 2001) no. 52"
entity:artifact:2:148273,bibliography,"Transitory and Timeless: Ancient Chinese Pottery, auct. cat., The Chinese Porcelain Company (New York, 2002) no. 10, p. 16"
entity:artifact:2:148274,bibliography,"Transitory and Timeless: Ancient Chinese Pottery, auct. cat., The Chinese Porcelain Company (New York, 2002) no. 56, p. 43"
entity:artifact:2:148464,bibliography,"Transitory and Timeless: Ancient Chinese Pottery, auct. cat., The Chinese Porcelain Company (New York, 2002) no. 5, pp. 7 and 14"
entity:artifact:2:148465,bibliography,"Transitory and Timeless: Ancient Chinese Pottery, auct. cat., The Chinese Porcelain Company (New York, 2002) no. 7, p. 15"
entity:artifact:2:148466,bibliography,"Transitory and Timeless: Ancient Chinese Pottery, auct. cat., The Chinese Porcelain Company (New York, 2002) no. 41, p. 36"
entity:artifact:2:148467,bibliography,"Transitory and Timeless: Ancient Chinese Pottery, auct. cat., The Chinese Porcelain Company (New York, 2002) no. 63, p. 46"
entity:artifact:2:148468,bibliography,"Transitory and Timeless: Ancient Chinese Pottery, auct. cat., The Chinese Porcelain Company (New York, 2002) no. 2, p. 13"
entity:artifact:2:148469,bibliography,"Transitory and Timeless: Ancient Chinese Pottery, auct. cat., The Chinese Porcelain Company (New York, 2002) no. 42, pp. 7 and 36"
entity:artifact:2:148472,bibliography,"Yutaka Mino, Ice and Green Clouds: Traditions of Chinese Celadon, exh. cat., Indianapolis Museum of Art (Indianapolis, 1986) pp. 112-113, no. 39 | The Falk Collection I: Important Chinese Ceramics and Works of Art, auct. cat., Christie's, New York (New York, September 20, 2001) lot 5"
entity:artifact:2:148478,bibliography,"Fine and Rare Chinese Works of Art and Ceramics, Winter Exhibition 2001, auct. cat., Roger Keverne Limited (London, 2001) no. 24"
entity:artifact:2:148479,bibliography,"Transitory and Timeless: Ancient Chinese Pottery, auct. cat., The Chinese Porcelain Company (New York, 2002) no. 14, pp. 8 and 18-19"
entity:artifact:2:148480,bibliography,"Transitory and Timeless: Ancient Chinese Pottery, auct. cat., The Chinese Porcelain Company (New York, 2002) no. 16, pp. 20-21"
entity:artifact:2:148554,bibliography,"Transitory and Timeless: Ancient Chinese Pottery, auct. cat., The Chinese Porcelain Company (New York, 2002) no. 15, p. 18"
entity:artifact:2:148555,bibliography,"Transitory and Timeless: Ancient Chinese Pottery, auct. cat., The Chinese Porcelain Company (New York, 2002) no. 12, p. 17"
entity:artifact:2:148556,bibliography,"Transitory and Timeless: Ancient Chinese Pottery, auct. cat., The Chinese Porcelain Company (New York, 2002) no. 1, p. 12"
entity:artifact:2:148608,bibliography,"Transitory and Timeless: Ancient Chinese Pottery, auct. cat., The Chinese Porcelain Company (New York, 2002) no. 49, pp. 40-41"
entity:artifact:2:148609,bibliography,"Transitory and Timeless: Ancient Chinese Pottery, auct. cat., The Chinese Porcelain Company (New York, 2002) no. 22, p. 24"
entity:artifact:2:149462,bibliography,"Elizabeth LaDuc, ""Technical Study of Chinese Ceramics from the Qijia Culture (c.2200-1600 BCE)"" (2016)"
entity:artifact:2:149464,bibliography,"Robert D. Mowry, Hare's Fur, Tortoiseshell, and Partridge Feathers: Chinese brown- and black-glazed ceramics, 400-1400, exh. cat., Harvard University Art Museums (Cambridge, MA, 1996) pp. 120-121, no. 21"
entity:artifact:2:149554,bibliography,"Robert D. Mowry, Hare's Fur, Tortoiseshell, and Partridge Feathers: Chinese brown- and black-glazed ceramics, 400-1400, exh. cat., Harvard University Art Museums (Cambridge, MA, 1996) pp. 144-145, no. 39 | Harvard University Art Museums, Harvard University Art Museums Annual Report 2001-2002 (Cambridge, MA, 2003) p. 16"
entity:artifact:2:149555,bibliography,"Robert D. Mowry, Hare's Fur, Tortoiseshell, and Partridge Feathers: Chinese brown- and black-glazed ceramics, 400-1400, exh. cat., Harvard University Art Museums (Cambridge, MA, 1996) pp. 217-218, no. 81"
entity:artifact:2:160276,bibliography,"Henry Trubner, Chinese Ceramics, from the prehistoric period through Ch'ien Lung: a loan exhibition from collections in America and Japan, exh. cat., Los Angeles County Museum (Los Angeles, CA, 1952) p. 95, no. 249 | Robert D. Mowry, Hare's Fur, Tortoiseshell, and Partridge Feathers: Chinese brown- and black-glazed ceramics, 400-1400, exh. cat., Harvard University Art Museums (Cambridge, MA, 1996) pp. 171-172, no. 59"
entity:artifact:2:165247,bibliography,"Frances Klapthor, ""Chinese Ceramics from the Collection of Peter and Irene Scheinman"", Orientations, Orientations Magazine Ltd. (Hong Kong, 1992), vol. 23, no. 9 p. 58, fig. 14 | Jason C. Kuo, Born of Earth and Fire: Chinese Ceramics from the Scheinman Collection, exh. cat., ed. Jason C. Kuo, Baltimore Museum of Art (College Park, MD, 1992) p. 69, no. 44 | Robert D. Mowry, Hare's Fur, Tortoiseshell, and Partridge Feathers: Chinese brown- and black-glazed ceramics, 400-1400, exh. cat., Harvard University Art Museums (Cambridge, MA, 1996) pp. 97-99, no. 9 | Stephan Wolohojian and Alvin L. Clark, Jr., Harvard Art Museum/ Handbook, ed. Stephan Wolohojian, Harvard Art Museum (Cambridge, 2008) p. 36"
entity:artifact:2:167598,bibliography,"Frances Klapthor, ""Chinese Ceramics from the Collection of Peter and Irene Scheinman"", Orientations, Orientations Magazine Ltd. (Hong Kong, 1992), vol. 23, no. 9 pp. 53-60; illustrated and discussed on p. 58, as fig. 15 | Jason C. Kuo, Born of Earth and Fire: Chinese Ceramics from the Scheinman Collection, exh. cat., ed. Jason C. Kuo, Baltimore Museum of Art (College Park, MD, 1992) Cat. no. 45, p. 70"
entity:artifact:2:167756,bibliography,"Frances Klapthor, ""Chinese Ceramics from the Collection of Peter and Irene Scheinman"", Orientations, Orientations Magazine Ltd. (Hong Kong, 1992), vol. 23, no. 9 pp. 53-60; illustrated and discussed on p. 60, fig. 20 | Jason C. Kuo, Born of Earth and Fire: Chinese Ceramics from the Scheinman Collection, exh. cat., ed. Jason C. Kuo, Baltimore Museum of Art (College Park, MD, 1992) Cat. no. 68, pp. 86-87 | Harvard University Art Museums, Harvard University Art Museums Annual Report 2001-2002 (Cambridge, MA, 2003) p. 16"
entity:artifact:2:169493,bibliography,"Robert D. Mowry, Hare's Fur, Tortoiseshell, and Partridge Feathers: Chinese brown- and black-glazed ceramics, 400-1400, exh. cat., Harvard University Art Museums (Cambridge, MA, 1996) pp. 157-158, no. 50 | Nishida Hiroko and Sato Sâra, ""Tenmoku [Dark-glazed ceramics]"", Heibonsha Limited (Tokyo, Japan, 1999) pp. 109-110, fig. 46"
entity:artifact:2:173146,bibliography,"Kaikodo Journal, Vol. 19 (Spring 2001), auct. cat., Kaikodo (New York) no. 67, pp. 186-187 and 333-334 | Kaikodo Journal, Vol. 19 (Spring 2001), auct. cat. (New York, 2001) cat. no. 67, pp. 214-215 and 333-334"
entity:artifact:2:173593,bibliography,"Ancient China: Music & Ritual, March 20 to April 7, 2001, auct. cat., J.J. Lally & Co. (New York, NY, 2001) no. 10"
entity:artifact:2:173622,bibliography,"Ancient China: Music & Ritual, March 20 to April 7, 2001, auct. cat., J.J. Lally & Co. (New York, NY, 2001) no. 9"
entity:artifact:2:174444,bibliography,"Zoe Kwok, The Eternal Feast: Banqueting in Chinese Art from the 10th to the 14th Century, exh. cat., Princeton University Art Museum (New Haven, 2019) pp. 138-139, cat. 26"
entity:artifact:2:174843,bibliography,"Fine Chinese Works of Art, auct. cat., Sotheby's, New York (New York, September 20, 2000) lot 66"
entity:artifact:2:174903,bibliography,"Zoe Kwok, The Eternal Feast: Banqueting in Chinese Art from the 10th to the 14th Century, exh. cat., Princeton University Art Museum (New Haven, 2019) pp. 138-139, cat. 26"
entity:artifact:2:176272,bibliography,"Kaikodo Journal, Vol. 17 (Autumn 2000), auct. cat., Kaikodo (New York, 2000) no. 61, pp. 186-187 and 314"
entity:artifact:2:176274,bibliography,"Kaikodo Journal, Vol. 17 (Autumn 2000), auct. cat., Kaikodo (New York, 2000) no. 45, pp. 154-155 and 293"
entity:artifact:2:176365,bibliography,"Kaikodo Journal, Vol. 01 (Spring 1996), auct. cat., Kaikodo (Kamakura, Japan and New York, 1996) no. 64, pp. 136-137 | Kaikodo Journal, Vol. 12 (Autumn 1999), auct. cat., Kaikodo (New York, 1999) p. 301, fig. 6"
entity:artifact:2:176366,bibliography,"Kaikodo Journal, Vol.07 (Spring 1998), auct. cat., Kaikodo (New York, 1998) no. 56, pp. 176-177 and 269-270"
entity:artifact:2:176658,bibliography,"Jason C. Kuo, Born of Earth and Fire: Chinese Ceramics from the Scheinman Collection, exh. cat., ed. Jason C. Kuo, Baltimore Museum of Art (College Park, MD, 1992) p. 83, no. 63 | Robert D. Mowry, Hare's Fur, Tortoiseshell, and Partridge Feathers: Chinese brown- and black-glazed ceramics, 400-1400, exh. cat., Harvard University Art Museums (Cambridge, MA, 1996) pp. 225-228, no. 87"
entity:artifact:2:176659,bibliography,"Fine Chinese Ceramics, Paintings, and Works of Art, auct. cat., Christie's, New York (New York, September 21, 2000) lot 219"
entity:artifact:2:176893,bibliography,"Fine Chinese Ceramics, Paintings, and Works of Art, auct. cat., Christie's, New York (New York, September 21, 2000) lot 222"
entity:artifact:2:176896,bibliography,"Kaikodo Journal, Vol. 17 (Autumn 2000), auct. cat., Kaikodo (New York, 2000) no. 46, pp. 156-157 and 293"
entity:artifact:2:176960,bibliography,"Jason C. Kuo, Born of Earth and Fire: Chinese Ceramics from the Scheinman Collection, exh. cat., ed. Jason C. Kuo, Baltimore Museum of Art (College Park, MD, 1992) p. 85, no. 67 | Robert D. Mowry, Hare's Fur, Tortoiseshell, and Partridge Feathers: Chinese brown- and black-glazed ceramics, 400-1400, exh. cat., Harvard University Art Museums (Cambridge, MA, 1996) pp. 265-267, no. 110"
entity:artifact:2:176963,bibliography,"Jason C. Kuo, Born of Earth and Fire: Chinese Ceramics from the Scheinman Collection, exh. cat., ed. Jason C. Kuo, Baltimore Museum of Art (College Park, MD, 1992) p. 85, no. 66 | Robert D. Mowry, Hare's Fur, Tortoiseshell, and Partridge Feathers: Chinese brown- and black-glazed ceramics, 400-1400, exh. cat., Harvard University Art Museums (Cambridge, MA, 1996) pp. 267-269, no. 111"
entity:artifact:2:176967,bibliography,"Julie Wertz, Georgina Rayner, Katherine Eremin, Susan Costello, Angela Chang, and Melissa Moy, ""Material investigation of cold-painted funerary ceramics from the Han dynasty"", ICOM-CC 19th Triennial Conference (Beijing, 2021), pp. 1-10 pp. 1, 6, figs. 1.5, 6 | Julie Wertz, Georgina Rayner, Katherine Eremin, Susan Costello, Angela Chang, and Melissa Moy, Material investigation of cold-painted Han dynasty funerary ceramics, ICOM-CC 19th Triennial Conference Preprints, ICOM-CC (https://www.icom-cc-publications-online.org/4263/Material-investigation-of-cold-painted-funerary-ceramics-of-the-Han-dynasty, May 2021) Figure 1, Page 1; Figure 6, Page 6"
entity:artifact:2:176970,bibliography,"Fine and Rare Chinese Works of Art and Ceramics, Summer Exhibition 2000, auct. cat., Roger Keverne Limited (London, 2000) no. 9"
entity:artifact:2:176971,bibliography,"Fine and Rare Chinese Works of Art and Ceramics, Summer Exhibition 2000, auct. cat., Roger Keverne Limited (London, 2000) no. 11"
entity:artifact:2:176972,bibliography,"Robert D. Mowry, Hare's Fur, Tortoiseshell, and Partridge Feathers: Chinese brown- and black-glazed ceramics, 400-1400, exh. cat., Harvard University Art Museums (Cambridge, MA, 1996) pp. 257-258, no. 105 | Nishida Hiroko and Sato Sâra, ""Tenmoku [Dark-glazed ceramics]"", Heibonsha Limited (Tokyo, Japan, 1999) p. 128, fig. 79"
entity:artifact:2:176994,bibliography,"Elizabeth LaDuc, ""Technical Study of Chinese Ceramics from the Qijia Culture (c.2200-1600 BCE)"" (2016) | Elizabeth LaDuc and Angela Chang, ""Analysis and Replication Studies of Prehistoric Chinese Ceramics from the Qijia Culture"", MRS Advances (2017), vol. 2, pp. 1849-1867 figs. 1, 15"
entity:artifact:2:178618,bibliography,"Julie Wertz, Georgina Rayner, Katherine Eremin, Susan Costello, Angela Chang, and Melissa Moy, ""Material investigation of cold-painted funerary ceramics from the Han dynasty"", ICOM-CC 19th Triennial Conference (Beijing, 2021), pp. 1-10 pp. 1-2, 5, figs. 1.6, 2, 5 | Julie Wertz, Georgina Rayner, Katherine Eremin, Susan Costello, Angela Chang, and Melissa Moy, Material investigation of cold-painted Han dynasty funerary ceramics, ICOM-CC 19th Triennial Conference Preprints, ICOM-CC (https://www.icom-cc-publications-online.org/4263/Material-investigation-of-cold-painted-funerary-ceramics-of-the-Han-dynasty, May 2021) Figure 1, Page 1; Figure 2, Page 2; Figure 5, Page 5"
entity:artifact:2:182174,bibliography,"Gisèle Croës: Light for the After-Life, New York, March 2000, auct. cat., Galereie Gisèle Croës - Arts d'Extreme-Orient (Brussels, 2000) pp.90-91, p. 69 (detail)"
entity:artifact:2:182244,bibliography,"Zoe Kwok, The Eternal Feast: Banqueting in Chinese Art from the 10th to the 14th Century, exh. cat., Princeton University Art Museum (New Haven, 2019) pp. 163, 166, cat. 37"
entity:artifact:2:182444,bibliography,"Ancient Chinese Ceramics & Tomb Sculpture, March 20 to April 8, 2000, auct. cat., J.J. Lally & Co. (New York, NY, 2000) no. 5 | Elizabeth LaDuc, ""Technical Study of Chinese Ceramics from the Qijia Culture (c.2200-1600 BCE)"" (2016)"
entity:artifact:2:182445,bibliography,"Ancient Chinese Ceramics & Tomb Sculpture, March 20 to April 8, 2000, auct. cat., J.J. Lally & Co. (New York, NY, 2000) no. 7"
entity:artifact:2:182446,bibliography,"Ancient Chinese Ceramics & Tomb Sculpture, March 20 to April 8, 2000, auct. cat., J.J. Lally & Co. (New York, NY, 2000) no. 8"
entity:artifact:2:182450,bibliography,"Sadako Ohki, Tea Culture of Japan, exh. cat. (New Haven, 2009) p. 24 & 83/Cat. 7, repr."
entity:artifact:2:182453,bibliography,"Elizabeth LaDuc, ""Technical Study of Chinese Ceramics from the Qijia Culture (c.2200-1600 BCE)"" (2016)"
entity:artifact:2:182454,bibliography,"Ancient Chinese Ceramics & Tomb Sculpture, March 20 to April 8, 2000, auct. cat., J.J. Lally & Co. (New York, NY, 2000) no. 4"
entity:artifact:2:182455,bibliography,"The Richard Bryant Hobart Collection of Chinese Ceramics & Paintings, Part Two, auct. cat., Parke-Bernet Galleries, Inc. (New York, 1969) pp. 38-39, no. 213"
entity:artifact:2:182487,bibliography,"Ancient Chinese Ceramics & Tomb Sculpture, March 20 to April 8, 2000, auct. cat., J.J. Lally & Co. (New York, NY, 2000) no. 1"
entity:artifact:2:182488,bibliography,"Ancient Chinese Ceramics & Tomb Sculpture, March 20 to April 8, 2000, auct. cat., J.J. Lally & Co. (New York, NY, 2000) no. 6"
entity:artifact:2:182526,bibliography,"The Chinese Porcelain Company: A Dealer's Record, 1985-2000, auct. cat., The Chinese Porcelain Company (New York, 2000) p. 59"
entity:artifact:2:182529,bibliography,"Chinese Ceramics and Works of Art, auct. cat., Sotheby's, New York (New York, March 22, 2000) lot 82"
entity:artifact:2:182530,bibliography,"Kaikodo Journal, Vol. 15 (Spring 2000), auct. cat., Kaikodo (New York, 2000) p. 337, fig. 9"
entity:artifact:2:182605,bibliography,"Elizabeth LaDuc, ""Technical Study of Chinese Ceramics from the Qijia Culture (c.2200-1600 BCE)"" (2016) | Elizabeth LaDuc and Angela Chang, ""Analysis and Replication Studies of Prehistoric Chinese Ceramics from the Qijia Culture"", MRS Advances (2017), vol. 2, pp. 1849-1867 figs. 1, 7, 9-10, 15"
entity:artifact:2:182606,bibliography,"Ancient Chinese Ceramics & Tomb Sculpture, March 20 to April 8, 2000, auct. cat., J.J. Lally & Co. (New York, NY, 2000) no. 3"
entity:artifact:2:18386,bibliography,"Virginia Bower, From Court to Caravan: Chinese Tomb Sculptures from the Collection of Anthony M. Solomon, exh. cat., ed. Robert D. Mowry, Harvard University Art Museums (Cambridge, Mass., 2002) p. 74, cat. no. 2"
entity:artifact:2:185129,bibliography,"Ancient Chinese Ceramics & Tomb Sculpture, March 20 to April 8, 2000, auct. cat., J.J. Lally & Co. (New York, NY, 2000) no.2"
entity:artifact:2:185452,bibliography,"Ancient China: Jades, Bronzes, & Ceramics, March 24-April 10, 1999, auct. cat., J.J. Lally & Co. (New York, NY, 1999) no. 36"
entity:artifact:2:186658,bibliography,"Fine Chinese Furniture, Ceramics, and Works of Art, auct. cat., Christie's, New York (New York, September 16, 1999) lot 260"
entity:artifact:2:186659,bibliography,"Fine Chinese Furniture, Ceramics, and Works of Art, auct. cat., Christie's, New York (New York, September 16, 1999) lot 272"
entity:artifact:2:186931,bibliography,"The Chinese Porcelain Company: A Dealer's Record, 1985-2000, auct. cat., The Chinese Porcelain Company (New York, 2000) p. 60"
entity:artifact:2:186934,bibliography,"Robert D. Mowry, Hare's Fur, Tortoiseshell, and Partridge Feathers: Chinese brown- and black-glazed ceramics, 400-1400, exh. cat., Harvard University Art Museums (Cambridge, MA, 1996) pp. 197-198, no. 72"
entity:artifact:2:187004,bibliography,"Fine Chinese Furniture, Ceramics, and Works of Art, auct. cat., Christie's, New York (New York, September 16, 1999) lot 290"
entity:artifact:2:187005,bibliography,"Robert D. Mowry, Hare's Fur, Tortoiseshell, and Partridge Feathers: Chinese brown- and black-glazed ceramics, 400-1400, exh. cat., Harvard University Art Museums (Cambridge, MA, 1996) pp. 158-159, no. 51"
entity:artifact:2:188082,bibliography,"Abstraction and Reality: Chinese Art from the Warring States to the Liao (An Exhibition and Sale, 6-28 October 1999), auct. cat., The Chinese Porcelain Company (New York, 1999) no. 2, pp. 16-19 | The Chinese Porcelain Company: A Dealer's Record, 1985-2000, auct. cat., The Chinese Porcelain Company (New York, 2000) p. 56"
entity:artifact:2:188083,bibliography,"Abstraction and Reality: Chinese Art from the Warring States to the Liao (An Exhibition and Sale, 6-28 October 1999), auct. cat., The Chinese Porcelain Company (New York, 1999) no. 2, pp. 16-19 | The Chinese Porcelain Company: A Dealer's Record, 1985-2000, auct. cat., The Chinese Porcelain Company (New York, 2000) p. 56"
entity:artifact:2:188084,bibliography,"Fine Chinese Ceramics and Works of Art, auct. cat., Christie's, New York (New York, March 28, 1996) lot 316 | Abstraction and Reality: Chinese Art from the Warring States to the Liao (An Exhibition and Sale, 6-28 October 1999), auct. cat., The Chinese Porcelain Company (New York, 1999) no. 16, pp. 58-59 | The Chinese Porcelain Company: A Dealer's Record, 1985-2000, auct. cat., The Chinese Porcelain Company (New York, 2000) p. 61"
entity:artifact:2:188085,bibliography,"Jean Gordon Lee, ""An Exhibition of Blue-Decorated Porcelain of the Ming Dynasty"", Philadelphia Museum of Art Bulletin, Philadelphia Museum of Art (Philadelphia, Autumn 1949), vol. 45, no. 223, pp. 1-72 p. 13, no. 56; illustrated p. 43, no. 55 (images 55 and 56 likely transposed) | The Richard Bryant Hobart Collection of Oriental Ceramics, Part One, auct. cat., Parke-Bernet Galleries, Inc. (New York, 1969) pp. 76-77, no. 129"
entity:artifact:2:188154,bibliography,"Abstraction and Reality: Chinese Art from the Warring States to the Liao (An Exhibition and Sale, 6-28 October 1999), auct. cat., The Chinese Porcelain Company (New York, 1999) no. 1, pp. 14-16 | The Chinese Porcelain Company: A Dealer's Record, 1985-2000, auct. cat., The Chinese Porcelain Company (New York, 2000) p. 56"
entity:artifact:2:188169,bibliography,"Abstraction and Reality: Chinese Art from the Warring States to the Liao (An Exhibition and Sale, 6-28 October 1999), auct. cat., The Chinese Porcelain Company (New York, 1999) no. 15, pp. 56-57 | The Chinese Porcelain Company: A Dealer's Record, 1985-2000, auct. cat., The Chinese Porcelain Company (New York, 2000) p. 61"
entity:artifact:2:18856,bibliography,"Max Loehr and Louisa G. Fitzgerald Huber, Ancient Chinese Jades from the Grenville L. Winthrop Collection in the Fogg Art Museum, Harvard University (Cambridge, MA, Fogg Art Museum, 1975). cat. no. 266b, p. 197 | Jenny So, Early Chinese Jades in the Harvard Art Museums (Cambridge, MA, 2019) pp. 258, 260, cat. 37B"
entity:artifact:2:189098,bibliography,"Victoria Contag and C. C. Wang (Chi-Chien Wang) 王己千, Seals of Chinese Painters and Collectors of the Ming and Ch'ing Periods, Hong Kong University Press (Hong Kong, 1966) pp. 633-634 | The Richard Bryant Hobart Collection of Chinese Ceramics & Paintings, Part Two, auct. cat., Parke-Bernet Galleries, Inc. (New York, 1969) pp. 64-65, no. 260 | Osvald Sirén, Chinese Painting: Leading Masters and Principles, Hacker Art Books (New York, 1973) p. 274 | James Cuno, ed., A Decade of Collecting: Recent Acquisitions by the Harvard University Art Museums, Harvard University Art Museums (Cambridge, Mass., Spring 2000) p. 8 | Harvard University Art Museums, Harvard University Art Museums Annual Report 1999-2000 (Cambridge, MA, 2001) p. 9 | Stephen Little, Where the Truth Lies: The Art of Qiu Ying, exh. cat., Los Angeles County Museum of Art and DelMonico Books Prestel (Los Angeles, 2020) pp. 142-145, fig. 37"
entity:artifact:2:189158,bibliography,"Kaikodo Journal, Vol. 12 (Autumn 1999), auct. cat., Kaikodo (New York, 1999) no. 50, pp. 200-201"
entity:artifact:2:189159,bibliography,"Kaikodo Journal, Vol. 12 (Autumn 1999), auct. cat., Kaikodo (New York, 1999) no. 54 (far right), pp. 208-209 and 311-313"
entity:artifact:2:189200,bibliography,"Kaikodo Journal, Vol. 12 (Autumn 1999), auct. cat., Kaikodo (New York, 1999) no. 46, pp. 192-193"
entity:artifact:2:189565,bibliography,"Kaikodo Journal, Vol. 12 (Autumn 1999), auct. cat., Kaikodo (New York, 1999) no. 41, pp. 182-183 and 296-297"
entity:artifact:2:189739,bibliography,"Kaikodo Journal, Vol. 12 (Autumn 1999), auct. cat., Kaikodo (New York, 1999) no. 44, pp. 188-189 and 300-301"
entity:artifact:2:190156,bibliography,"Sara Moy, ""Why Are They Blue?: A Technical Analysis of Chinese Green and Blue Glazed Celadons"" (thesis (certificate in conservation), Straus Center for Conservation and Technical Studies, 2001), Unpublished pp. 1-48 passim"
entity:artifact:2:190215,bibliography,"Sara Moy, ""Why Are They Blue?: A Technical Analysis of Chinese Green and Blue Glazed Celadons"" (thesis (certificate in conservation), Straus Center for Conservation and Technical Studies, 2001), Unpublished pp. 1-48 passim"
entity:artifact:2:190506,bibliography,"Sara Moy, ""Why Are They Blue?: A Technical Analysis of Chinese Green and Blue Glazed Celadons"" (thesis (certificate in conservation), Straus Center for Conservation and Technical Studies, 2001), Unpublished pp. 1-48 passim"
entity:artifact:2:190853,bibliography,"Jason C. Kuo, Born of Earth and Fire: Chinese Ceramics from the Scheinman Collection, exh. cat., ed. Jason C. Kuo, Baltimore Museum of Art (College Park, MD, 1992) p. 92, no. 72 | Robert D. Mowry, Hare's Fur, Tortoiseshell, and Partridge Feathers: Chinese brown- and black-glazed ceramics, 400-1400, exh. cat., Harvard University Art Museums (Cambridge, MA, 1996) pp. 191-192, no. 69 | James Cuno, ed., A Decade of Collecting: Recent Acquisitions by the Harvard University Art Museums, Harvard University Art Museums (Cambridge, Mass., Spring 2000) p.13 | Harvard University Art Museums, Harvard University Art Museums Annual Report 1999-2000 (Cambridge, MA, 2001) p. 10"
entity:artifact:2:190996,bibliography,"Ancient Chinese Bronzes and Ceramics, Exhibition and Sales Catalogue, 23 March–3 April 1999, auct. cat., Eskenazi Ltd. (New York, 1999) no. 10"
entity:artifact:2:191000,bibliography,"Elizabeth LaDuc, ""Technical Study of Chinese Ceramics from the Qijia Culture (c.2200-1600 BCE)"" (2016)"
entity:artifact:2:191056,bibliography,"Julie Wertz, Georgina Rayner, Katherine Eremin, Susan Costello, Angela Chang, and Melissa Moy, ""Material investigation of cold-painted funerary ceramics from the Han dynasty"", ICOM-CC 19th Triennial Conference (Beijing, 2021), pp. 1-10 pp. 1, 7, figs. 1.1, 8 | Julie Wertz, Georgina Rayner, Katherine Eremin, Susan Costello, Angela Chang, and Melissa Moy, Material investigation of cold-painted Han dynasty funerary ceramics, ICOM-CC 19th Triennial Conference Preprints, ICOM-CC (https://www.icom-cc-publications-online.org/4263/Material-investigation-of-cold-painted-funerary-ceramics-of-the-Han-dynasty, May 2021) Figure 1, Page 1; Figure 8, Page 7"
entity:artifact:2:191057,bibliography,"Julie Wertz, Georgina Rayner, Katherine Eremin, Susan Costello, Angela Chang, and Melissa Moy, ""Material investigation of cold-painted funerary ceramics from the Han dynasty"", ICOM-CC 19th Triennial Conference (Beijing, 2021), pp. 1-10 p. 1, fig. 1.2 | Julie Wertz, Georgina Rayner, Katherine Eremin, Susan Costello, Angela Chang, and Melissa Moy, Material investigation of cold-painted Han dynasty funerary ceramics, ICOM-CC 19th Triennial Conference Preprints, ICOM-CC (https://www.icom-cc-publications-online.org/4263/Material-investigation-of-cold-painted-funerary-ceramics-of-the-Han-dynasty, May 2021) Figure 1, Page 1;"
entity:artifact:2:191323,bibliography,"Kaikodo Journal, Vol. 11 (Spring 1999), auct. cat., Kaikodo (New York, 1999) no. 58, pp. 188-189 and 306"
entity:artifact:2:191325,bibliography,"James Cuno, ed., Harvard University Art Museums Annual Report, 1998-99, Harvard University Art Museums (Cambridge, 2000) p. 20"
entity:artifact:2:191329,bibliography,"Fine Asian Works of Art, 5 May 1999 (sale number 69770), auct. cat., Butterfield & Butterfield (San Francisco, 1999) lot no. 2705"
entity:artifact:2:192051,bibliography,"Kaikodo Journal, Vol. 09 (Autumn 1998), auct. cat., Kaikodo (New York, 1998) p. 152, figs. 1-2"
entity:artifact:2:192061,bibliography,"Kaikodo Journal, Vol. 09 (Autumn 1998), auct. cat., Kaikodo (New York, 1998) no. 52, pp. 140-141 and 239-242"
entity:artifact:2:19252,bibliography,"Max Loehr and Louisa G. Fitzgerald Huber, Ancient Chinese Jades from the Grenville L. Winthrop Collection in the Fogg Art Museum, Harvard University (Cambridge, MA, Fogg Art Museum, 1975). cat. no. 266c, p. 197 | Jenny So, Early Chinese Jades in the Harvard Art Museums (Cambridge, MA, 2019) pp. 258, 260, cat. 37B"
entity:artifact:2:19253,bibliography,"Max Loehr and Louisa G. Fitzgerald Huber, Ancient Chinese Jades from the Grenville L. Winthrop Collection in the Fogg Art Museum, Harvard University (Cambridge, MA, Fogg Art Museum, 1975). cat. no. 266d, p. 197 | Jenny So, Early Chinese Jades in the Harvard Art Museums (Cambridge, MA, 2019) pp. 258, 260, cat. 37B"
entity:artifact:2:19254,bibliography,"Max Loehr and Louisa G. Fitzgerald Huber, Ancient Chinese Jades from the Grenville L. Winthrop Collection in the Fogg Art Museum, Harvard University (Cambridge, MA, Fogg Art Museum, 1975). cat. no. 266e, p. 197"
entity:artifact:2:19277,bibliography,"Fine Chinese Ceramics and Works of Art, auct. cat., Sotheby's, New York (New York, March 31-April 1, 2005) lot 11"
entity:artifact:2:192947,bibliography,"Kaikodo Journal, Vol.07 (Spring 1998), auct. cat., Kaikodo (New York, 1998) no. 45, pp. 154-155"
entity:artifact:2:193284,bibliography,"Max Loehr and Louisa G. Fitzgerald Huber, Ancient Chinese Jades from the Grenville L. Winthrop Collection in the Fogg Art Museum, Harvard University (Cambridge, MA, Fogg Art Museum, 1975). cat. no. 100, pp. 96-97"
entity:artifact:2:193288,bibliography,"Kaikodo Journal, Vol. 09 (Autumn 1998), auct. cat., Kaikodo (New York, 1998) no. 55, pp. 144-145"
entity:artifact:2:194025,bibliography,"Henry Trubner, Arts of the Han Dynasty, exh. cat., Chinese Art Society of America (New York, 1961) pp. 24-25, no. 8"
entity:artifact:2:195610,bibliography,"Kaikodo Journal, Vol. 02 (Autumn 1996), auct. cat., Kaikodo (Kamakura, Japan and New York, 1996) no. 31, pp. 118-119 and 241-243 | Julie Wertz, Georgina Rayner, Katherine Eremin, Susan Costello, Angela Chang, and Melissa Moy, ""Material investigation of cold-painted funerary ceramics from the Han dynasty"", ICOM-CC 19th Triennial Conference (Beijing, 2021), pp. 1-10 pp. 1, 3, 6, figs. 1.7, 3, 7 | Julie Wertz, Georgina Rayner, Katherine Eremin, Susan Costello, Angela Chang, and Melissa Moy, Material investigation of cold-painted Han dynasty funerary ceramics, ICOM-CC 19th Triennial Conference Preprints, ICOM-CC (https://www.icom-cc-publications-online.org/4263/Material-investigation-of-cold-painted-funerary-ceramics-of-the-Han-dynasty, May 2021) Figure 1, Page 1; Figure 3, Page 3; Figure 7, Page 6"
entity:artifact:2:196417,bibliography,"Philip Baldwin and Monica Guggisberg, Amphore Métaphore, exh. cat., Musée du Verre (Conches-en-Ouche, 2022) pp. 98-99, ill.; pp. 109, 120"
entity:artifact:2:196997,bibliography,"Jessica Chloros, ""An Investigation of Cobalt Pigment on Islamic Ceramics at the Harvard Art Museums"" (thesis (certificate in conservation), Straus Center for Conservation and Technical Studies, 2008), Unpublished pp. 1-41 passim"
entity:artifact:2:197026,bibliography,"Fine Asian Works of Art, 26 and 27 May 1998 (sale number 67640), auct. cat., Butterfield & Butterfield (San Francisco, 1998) lot no. 5743 | Elizabeth LaDuc, ""Technical Study of Chinese Ceramics from the Qijia Culture (c.2200-1600 BCE)"" (2016) | Elizabeth LaDuc and Angela Chang, ""Analysis and Replication Studies of Prehistoric Chinese Ceramics from the Qijia Culture"", MRS Advances (2017), vol. 2, pp. 1849-1867 fig. 1"
entity:artifact:2:197028,bibliography,"Jessica Chloros, ""An Investigation of Cobalt Pigment on Islamic Ceramics at the Harvard Art Museums"" (thesis (certificate in conservation), Straus Center for Conservation and Technical Studies, 2008), Unpublished pp. 1-41 passim"
entity:artifact:2:197051,bibliography,"James Cuno, ed., Harvard University Art Museums Annual Report, 1998-99, Harvard University Art Museums (Cambridge, 2000) p. 21."
entity:artifact:2:197060,bibliography,"James Cuno, ed., Harvard University Art Museums Annual Report, 1998-99, Harvard University Art Museums (Cambridge, 2000) p. 19"
entity:artifact:2:197514,bibliography,"Masterpieces of world art : Fogg Art Museum, Arthur M. Sackler Museum, Busch-Reisinger Museum, 1997"
entity:artifact:2:197515,bibliography,"Masterpieces of world art : Fogg Art Museum, Arthur M. Sackler Museum, Busch-Reisinger Museum, 1997"
entity:artifact:2:198104,bibliography,"James Cuno, ed., A Decade of Collecting: Recent Acquisitions by the Harvard University Art Museums, Harvard University Art Museums (Cambridge, Mass., Spring 2000) p. 10"
entity:artifact:2:198361,bibliography,"Abby Hykin, ""FT-IR Analysis of Asian Lacquers"" (thesis (certificate in conservation), Straus Center for Conservation and Technical Studies, 1993), Unpublished pp. 1-6 passim"
entity:artifact:2:198462,bibliography,"Abby Hykin, ""FT-IR Analysis of Asian Lacquers"" (thesis (certificate in conservation), Straus Center for Conservation and Technical Studies, 1993), Unpublished pp. 1-6 passim"
entity:artifact:2:198532,bibliography,"Masterpieces of world art : Fogg Art Museum, Arthur M. Sackler Museum, Busch-Reisinger Museum, 1997"
entity:artifact:2:198858,bibliography,"Masterpieces of world art : Fogg Art Museum, Arthur M. Sackler Museum, Busch-Reisinger Museum, 1997"
entity:artifact:2:198876,bibliography,"Max Loehr and Louisa G. Fitzgerald Huber, Ancient Chinese Jades from the Grenville L. Winthrop Collection in the Fogg Art Museum, Harvard University (Cambridge, MA, Fogg Art Museum, 1975). cat. no. 518d, p. 348"
entity:artifact:2:198963,bibliography,"Max Loehr and Louisa G. Fitzgerald Huber, Ancient Chinese Jades from the Grenville L. Winthrop Collection in the Fogg Art Museum, Harvard University (Cambridge, MA, Fogg Art Museum, 1975). cat. no. 144, p. 122"
entity:artifact:2:198964,bibliography,"Max Loehr and Louisa G. Fitzgerald Huber, Ancient Chinese Jades from the Grenville L. Winthrop Collection in the Fogg Art Museum, Harvard University (Cambridge, MA, Fogg Art Museum, 1975). cat. no. 205, p. 161"
entity:artifact:2:198965,bibliography,"Max Loehr and Louisa G. Fitzgerald Huber, Ancient Chinese Jades from the Grenville L. Winthrop Collection in the Fogg Art Museum, Harvard University (Cambridge, MA, Fogg Art Museum, 1975). cat. no. 374, p. 250"
entity:artifact:2:198966,bibliography,"Max Loehr and Louisa G. Fitzgerald Huber, Ancient Chinese Jades from the Grenville L. Winthrop Collection in the Fogg Art Museum, Harvard University (Cambridge, MA, Fogg Art Museum, 1975). cat. no. 518e, p. 348"
entity:artifact:2:198967,bibliography,"Max Loehr and Louisa G. Fitzgerald Huber, Ancient Chinese Jades from the Grenville L. Winthrop Collection in the Fogg Art Museum, Harvard University (Cambridge, MA, Fogg Art Museum, 1975). cat. no. 551a, p. 383"
entity:artifact:2:198990,bibliography,"Max Loehr and Louisa G. Fitzgerald Huber, Ancient Chinese Jades from the Grenville L. Winthrop Collection in the Fogg Art Museum, Harvard University (Cambridge, MA, Fogg Art Museum, 1975). cat. no. 382a, pp. 254-255 | Jenny So, Early Chinese Jades in the Harvard Art Museums (Cambridge, MA, 2019) pp. 258, 260-1, cat. 37C"
entity:artifact:2:198991,bibliography,"Max Loehr and Louisa G. Fitzgerald Huber, Ancient Chinese Jades from the Grenville L. Winthrop Collection in the Fogg Art Museum, Harvard University (Cambridge, MA, Fogg Art Museum, 1975). cat. no. 543, p. 380 | Jenny So, Early Chinese Jades in the Harvard Art Museums (Cambridge, MA, 2019) pp. 34-35, fig. 2.8 | Katherine Eremin, Angela Chang, and Ariel O'Connor, Jade in the Lab, Early Chinese jades in the Harvard Art Museums, Harvard Art Museum (Cambridge, Massachusetts, 2019), Pages 28-47 Figure 2.8, Page 35"
entity:artifact:2:199014,bibliography,"Max Loehr and Louisa G. Fitzgerald Huber, Ancient Chinese Jades from the Grenville L. Winthrop Collection in the Fogg Art Museum, Harvard University (Cambridge, MA, Fogg Art Museum, 1975). cat. no. 11, p. 41"
entity:artifact:2:199017,bibliography,"Max Loehr and Louisa G. Fitzgerald Huber, Ancient Chinese Jades from the Grenville L. Winthrop Collection in the Fogg Art Museum, Harvard University (Cambridge, MA, Fogg Art Museum, 1975). cat. no. 513b, p. 345"
entity:artifact:2:199178,bibliography,"Max Loehr and Louisa G. Fitzgerald Huber, Ancient Chinese Jades from the Grenville L. Winthrop Collection in the Fogg Art Museum, Harvard University (Cambridge, MA, Fogg Art Museum, 1975). cat. no. 32, p. 56"
entity:artifact:2:199183,bibliography,"Max Loehr and Louisa G. Fitzgerald Huber, Ancient Chinese Jades from the Grenville L. Winthrop Collection in the Fogg Art Museum, Harvard University (Cambridge, MA, Fogg Art Museum, 1975). cat. no. 158, p. 129"
entity:artifact:2:199184,bibliography,"Max Loehr and Louisa G. Fitzgerald Huber, Ancient Chinese Jades from the Grenville L. Winthrop Collection in the Fogg Art Museum, Harvard University (Cambridge, MA, Fogg Art Museum, 1975). cat. no. 316a, p. 214"
entity:artifact:2:199187,bibliography,"Max Loehr and Louisa G. Fitzgerald Huber, Ancient Chinese Jades from the Grenville L. Winthrop Collection in the Fogg Art Museum, Harvard University (Cambridge, MA, Fogg Art Museum, 1975). cat. no. 518a, p. 348"
entity:artifact:2:199188,bibliography,"Max Loehr and Louisa G. Fitzgerald Huber, Ancient Chinese Jades from the Grenville L. Winthrop Collection in the Fogg Art Museum, Harvard University (Cambridge, MA, Fogg Art Museum, 1975). cat. no. 518b, p. 348"
entity:artifact:2:199189,bibliography,"Max Loehr and Louisa G. Fitzgerald Huber, Ancient Chinese Jades from the Grenville L. Winthrop Collection in the Fogg Art Museum, Harvard University (Cambridge, MA, Fogg Art Museum, 1975). cat. no. 518c, p. 348"
entity:artifact:2:199592,bibliography,"Dorothy W. Gillerman, ed., Grenville L. Winthrop: Retrospective for a Collector, exh. cat., Fogg Art Museum (Cambridge, 1969) no. 032, pp. 26-27 | Max Loehr and Louisa G. Fitzgerald Huber, Ancient Chinese Jades from the Grenville L. Winthrop Collection in the Fogg Art Museum, Harvard University (Cambridge, MA, Fogg Art Museum, 1975). cat. no. 469, p. 320"
entity:artifact:2:199593,bibliography,"Robert W. Bagley and Haicheng Wang, Art and Artistic Thinking in Ancient China, Asian Art Museum of San Francisco (San Francisco) fig. 9.28b | Chen Mengjia, Yin Zhou qingtongqi fenlei tulu (A corpus of Chinese bronzes in American Collections), Kyuko Shoin (Tokyo, Japan, 1977) A 069"
entity:artifact:2:199626,bibliography,"Sara Moy, ""Why Are They Blue?: A Technical Analysis of Chinese Green and Blue Glazed Celadons"" (thesis (certificate in conservation), Straus Center for Conservation and Technical Studies, 2001), Unpublished pp. 1-48 passim | Lucy Cooper, Susan Costello, Katherine Eremin, Melissa Moy, Kathy King, Marc Walton, Emeline Pouyet Pouyet, Andrew Shortland, and Laure Dussubieux, Numbered Jun Ware - A Technical Study, Journal of the American Institute for Conservation, American Institute for Conservation (10.1080/01971360.2020.1748971, November 19, 2020), 60, 4, Pages 255-268 Figure 2, Page 257"
entity:artifact:2:199628,bibliography,"Max Loehr and Louisa G. Fitzgerald Huber, Ancient Chinese Jades from the Grenville L. Winthrop Collection in the Fogg Art Museum, Harvard University (Cambridge, MA, Fogg Art Museum, 1975). cat. no. 3, p. 34 | Kristin A. Mortimer and William G. Klingelhofer, Harvard University Art Museums: A Guide to the Collections, Harvard University Art Museums and Abbeville Press (Cambridge and New York, 1986) no. 12, p. 20"
entity:artifact:2:199629,bibliography,"Dame Una Pope-Hennessy, Early Chinese Jades, E. Benn (London, England, 1923) pl. 21: I | Osvald Sirén, A History of Early Chinese Art, brochure (London, England, 1928) vol. II, pl. 95A | Alfred Salmony, Carved Jade of Ancient China, Gillick Press (Berkeley, CA, 1938) pl. 34: I | Max Loehr and Louisa G. Fitzgerald Huber, Ancient Chinese Jades from the Grenville L. Winthrop Collection in the Fogg Art Museum, Harvard University (Cambridge, MA, Fogg Art Museum, 1975). cat. no. 600, p. 415 | Jenny So, Early Chinese Jades in the Harvard Art Museums (Cambridge, MA, 2019) p. 220, fig. 1"
entity:artifact:2:199635,bibliography,"Max Loehr and Louisa G. Fitzgerald Huber, Ancient Chinese Jades from the Grenville L. Winthrop Collection in the Fogg Art Museum, Harvard University (Cambridge, MA, Fogg Art Museum, 1975). cat. no. 27, p. 53 | Jenny So, Early Chinese Jades in the Harvard Art Museums (Cambridge, MA, 2019) pp. 37-38, fig. 2.12 | Katherine Eremin, Angela Chang, and Ariel O'Connor, Jade in the Lab, Early Chinese jades in the Harvard Art Museums, Harvard Art Museum (Cambridge, Massachusetts, 2019), Pages 28-47 Figure 2.12, Page 38"
entity:artifact:2:199690,bibliography,"Dorothy W. Gillerman, ed., Grenville L. Winthrop: Retrospective for a Collector, exh. cat., Fogg Art Museum (Cambridge, 1969) no. 024, pp. 20-21, repr. | Max Loehr and Louisa G. Fitzgerald Huber, Ancient Chinese Jades from the Grenville L. Winthrop Collection in the Fogg Art Museum, Harvard University (Cambridge, MA, Fogg Art Museum, 1975). cat. no. 373b, p. 250 | Jenny So, Early Chinese Jades in the Harvard Art Museums (Cambridge, MA, 2019) pp. 228, 230-31, cat. 29B"
entity:artifact:2:199692,bibliography,"James Cuno, ed., A Decade of Collecting: Recent Acquisitions by the Harvard University Art Museums, Harvard University Art Museums (Cambridge, Mass., Spring 2000) p. 5 | Christopher Reed, ""Wrong!"", Harvard Magazine (Cambridge, MA, September 2004-October 2004), vol. 107, no. 1, pp. 40-51 p. 45 (full view and detail)"
entity:artifact:2:200245,bibliography,"Yutaka Mino, Freedom of Clay and Brush through Seven Centuries in Northern China: Tz'u-chou Type Wares, 960-1600 A.D., exh. cat., Indianapolis Museum of Art (Indianapolis, 1980) pp. 222-223, cat. 99"
entity:artifact:2:200497,bibliography,"Rong Geng [Jung Keng], Shang Zhou Yiqi Tongkao (The Bronzes of Shang and Chou), Harvard-Yenching Institute (Beijing, 1941) vol. 2, p. 97, no. 174 | Chen Mengjia, Yin Zhou qingtongqi fenlei tulu (A corpus of Chinese bronzes in American Collections), Kyuko Shoin (Tokyo, Japan, 1977) A 131"
entity:artifact:2:200547,bibliography,"Robert D. Mowry, Hare's Fur, Tortoiseshell, and Partridge Feathers: Chinese brown- and black-glazed ceramics, 400-1400, exh. cat., Harvard University Art Museums (Cambridge, MA, 1996) pp. 161-163, no. 53 | Robert Ferris, Brush and Clay: Paintings by Robert Ferris, Chinese Ceramics of the Song Dynasty from the Artist's Collection, exh. cat., J.J. Lally & Co. (New York, NY, 1997) pp. 41, 66-67, no. 12 | Harvard University Art Museums, Harvard University Art Museums Annual Report 1997-98 (Cambridge, MA, 1999) p. 17"
entity:artifact:2:200718,bibliography,"""Acquisitions"", Director's Report (Harvard University Art Museums) (1988/1989), 36-44 p. 39-40."
entity:artifact:2:200760,bibliography,"Clarence Shangraw, Origins of Chinese Ceramics, exh. cat., China House Gallery (New York, NY, 1978) p. 58, cat. no. 9"
entity:artifact:2:200764,bibliography,"Julie Wertz, Georgina Rayner, Katherine Eremin, Susan Costello, Angela Chang, and Melissa Moy, ""Material investigation of cold-painted funerary ceramics from the Han dynasty"", ICOM-CC 19th Triennial Conference (Beijing, 2021), pp. 1-10 p. 1, fig. 1.8 | Julie Wertz, Georgina Rayner, Katherine Eremin, Susan Costello, Angela Chang, and Melissa Moy, Material investigation of cold-painted Han dynasty funerary ceramics, ICOM-CC 19th Triennial Conference Preprints, ICOM-CC (https://www.icom-cc-publications-online.org/4263/Material-investigation-of-cold-painted-funerary-ceramics-of-the-Han-dynasty, May 2021) Figure 1, Page 1;"
entity:artifact:2:200856,bibliography,"Robert D. Mowry, The New Chinese Landscape: Recent Acquisitions, exh. cat., Harvard University Art Museums (Cambridge, Mass., 2006) pp. 3, 5, 12, fig. 1"
entity:artifact:2:200867,bibliography,"Robert D. Mowry, Hare's Fur, Tortoiseshell, and Partridge Feathers: Chinese brown- and black-glazed ceramics, 400-1400, exh. cat., Harvard University Art Museums (Cambridge, MA, 1996) pp. 261-262, no. 108"
entity:artifact:2:200900,bibliography,"Robert D. Mowry, Hare's Fur, Tortoiseshell, and Partridge Feathers: Chinese brown- and black-glazed ceramics, 400-1400, exh. cat., Harvard University Art Museums (Cambridge, MA, 1996) pp. 237-238, no. 94"
entity:artifact:2:200901,bibliography,"Robert D. Mowry, Hare's Fur, Tortoiseshell, and Partridge Feathers: Chinese brown- and black-glazed ceramics, 400-1400, exh. cat., Harvard University Art Museums (Cambridge, MA, 1996) pp. 234-235, no. 92"
entity:artifact:2:200907,bibliography,"Sara Moy, ""Why Are They Blue?: A Technical Analysis of Chinese Green and Blue Glazed Celadons"" (thesis (certificate in conservation), Straus Center for Conservation and Technical Studies, 2001), Unpublished pp. 1-48 passim"
entity:artifact:2:200949,bibliography,"Robert D. Mowry, Hare's Fur, Tortoiseshell, and Partridge Feathers: Chinese brown- and black-glazed ceramics, 400-1400, exh. cat., Harvard University Art Museums (Cambridge, MA, 1996) pp. 204-209, no. 76 | Denise Patry Leidy, Celadon on the Seas: Chinese Ceramics from the 9th to the 14th Century, Yale University Art Gallery (New Haven, 2024) p. 99, fig. 5.16"
entity:artifact:2:200978,bibliography,"Robert D. Mowry, Hare's Fur, Tortoiseshell, and Partridge Feathers: Chinese brown- and black-glazed ceramics, 400-1400, exh. cat., Harvard University Art Museums (Cambridge, MA, 1996) pp. 209-213, no. 77"
entity:artifact:2:201011,bibliography,"Robert D. Mowry, Hare's Fur, Tortoiseshell, and Partridge Feathers: Chinese brown- and black-glazed ceramics, 400-1400, exh. cat., Harvard University Art Museums (Cambridge, MA, 1996) pp. 240-243, no. 96"
entity:artifact:2:201068,bibliography,"Jaime Jouris, ""Chinese Black Bronze Mirrors: A Preliminary Examination"" (thesis (certificate in conservation), Straus Center for Conservation and Technical Studies, May 1991), Unpublished passim | Susan Costello, ""An Investigation of Early Chinese Bronze Mirrors at the Harvard University Art Museums"" (thesis (certificate in conservation), Straus Center for Conservation and Technical Studies, 2005), Unpublished pp. 1-25 passim"
entity:artifact:2:201259,bibliography,"Andrzej Dajnowski, ""Analytical Examination of Chinese Liangzhu Neolithic Ceramics"" (thesis (certificate in conservation), Straus Center for Conservation and Technical Studies, 1989), Unpublished passim"
entity:artifact:2:201260,bibliography,"Andrzej Dajnowski, ""Analytical Examination of Chinese Liangzhu Neolithic Ceramics"" (thesis (certificate in conservation), Straus Center for Conservation and Technical Studies, 1989), Unpublished passim"
entity:artifact:2:201330,bibliography,"Sidney M. Kaplan, ""Early Pottery from the Liang Chu Site, Chekiang province"", Archives of the Chinese Art Society of America, Archives of the Chinese Art Society of America (New York, NY, 1948 -1949), vol. III Pl. V-3"
entity:artifact:2:201370,bibliography,"Andrzej Dajnowski, ""Analytical Examination of Chinese Liangzhu Neolithic Ceramics"" (thesis (certificate in conservation), Straus Center for Conservation and Technical Studies, 1989), Unpublished passim"
entity:artifact:2:201460,bibliography,"Andrzej Dajnowski, ""Analytical Examination of Chinese Liangzhu Neolithic Ceramics"" (thesis (certificate in conservation), Straus Center for Conservation and Technical Studies, 1989), Unpublished passim"
entity:artifact:2:201469,bibliography,"Carol Warner, ""Black Ware Bowls of the Northern Song Period Glaze Analysis"" (thesis (certificate in conservation), Straus Center for Conservation and Technical Studies, 1992), Unpublished pp. 1-13 passim"
entity:artifact:2:201473,bibliography,"Yutaka Mino, Chinese Relics from the Collection of Dr. Ralph Marcove, exh. cat., Indianapolis Museum of Art (1981) p. 40, cat. no. 53"
entity:artifact:2:201484,bibliography,"Andrzej Dajnowski, ""Analytical Examination of Chinese Liangzhu Neolithic Ceramics"" (thesis (certificate in conservation), Straus Center for Conservation and Technical Studies, 1989), Unpublished passim"
entity:artifact:2:201486,bibliography,"Sidney M. Kaplan, ""Early Pottery from the Liang Chu Site, Chekiang province"", Archives of the Chinese Art Society of America, Archives of the Chinese Art Society of America (New York, NY, 1948 -1949), vol. III Pl. VI-2 | Andrzej Dajnowski, ""Analytical Examination of Chinese Liangzhu Neolithic Ceramics"" (thesis (certificate in conservation), Straus Center for Conservation and Technical Studies, 1989), Unpublished passim"
entity:artifact:2:201507,bibliography,"Marjorie B. Cohn and Sarah Kianovsky, Lois Orswell, David Smith, and Modern Art, exh. cat., Harvard University Art Museums (Cambridge, MA, 2002) cat. no. 316, p. 364"
entity:artifact:2:201519,bibliography,"Marsha Weidner, ed., Latter Days of the Law: Images of Chinese Buddhism, 850-1850, exh. cat., Spencer Museum of Art (Lawrence, Kansas, 1994) pp. 309-311, cat. 39"
entity:artifact:2:201530,bibliography,"Sidney M. Kaplan, ""Early Pottery from the Liang Chu Site, Chekiang province"", Archives of the Chinese Art Society of America, Archives of the Chinese Art Society of America (New York, NY, 1948 -1949), vol. III plate XV 1a, 1b, 1c | Clarence Shangraw, Origins of Chinese Ceramics, exh. cat., China House Gallery (New York, NY, 1978) p. 54, cat. no. 5"
entity:artifact:2:201531,bibliography,"Sidney M. Kaplan, ""Early Pottery from the Liang Chu Site, Chekiang province"", Archives of the Chinese Art Society of America, Archives of the Chinese Art Society of America (New York, NY, 1948 -1949), vol. III plate XIII-1 | Clarence Shangraw, Origins of Chinese Ceramics, exh. cat., China House Gallery (New York, NY, 1978) p. 52, cat. no. 3"
entity:artifact:2:201532,bibliography,"Sidney M. Kaplan, ""Early Pottery from the Liang Chu Site, Chekiang province"", Archives of the Chinese Art Society of America, Archives of the Chinese Art Society of America (New York, NY, 1948 -1949), vol. III XIV-1 | Clarence Shangraw, Origins of Chinese Ceramics, exh. cat., China House Gallery (New York, NY, 1978) p. 53. cat no. 4"
entity:artifact:2:201540,bibliography,"Andrzej Dajnowski, ""Analytical Examination of Chinese Liangzhu Neolithic Ceramics"" (thesis (certificate in conservation), Straus Center for Conservation and Technical Studies, 1989), Unpublished passim"
entity:artifact:2:201542,bibliography,"Andrzej Dajnowski, ""Analytical Examination of Chinese Liangzhu Neolithic Ceramics"" (thesis (certificate in conservation), Straus Center for Conservation and Technical Studies, 1989), Unpublished passim"
entity:artifact:2:201544,bibliography,"Sidney M. Kaplan, ""Early Pottery from the Liang Chu Site, Chekiang province"", Archives of the Chinese Art Society of America, Archives of the Chinese Art Society of America (New York, NY, 1948 -1949), vol. III Pl. IV-2"
entity:artifact:2:201550,bibliography,"Marjorie B. Cohn and Sarah Kianovsky, Lois Orswell, David Smith, and Modern Art, exh. cat., Harvard University Art Museums (Cambridge, MA, 2002) cat. no. 317, p. 364"
entity:artifact:2:201553,bibliography,"Pratapaditya Pal and Julia Meech, Buddhist Book Illuminations, Ravi Kumar (New York, 1988) p. 235, fig. 90 | Eugene Wang, ""Tope and Topos: The Leifeng Pagoda and the Discourse of the Demonic."" In Writing and Materiality in China, ed. J.T. Zeitlin and L.H. Liu, Harvard University Press (Cambridge, Mass., 2003) pp. 488-552; p. 492, fig. 11.3, repr."
entity:artifact:2:201562,bibliography,"Sidney M. Kaplan, ""Early Pottery from the Liang Chu Site, Chekiang province"", Archives of the Chinese Art Society of America, Archives of the Chinese Art Society of America (New York, NY, 1948 -1949), vol. III Pl. V-1a, 1b"
entity:artifact:2:201591,bibliography,"Andrzej Dajnowski, ""Analytical Examination of Chinese Liangzhu Neolithic Ceramics"" (thesis (certificate in conservation), Straus Center for Conservation and Technical Studies, 1989), Unpublished passim"
entity:artifact:2:201595,bibliography,"Andrzej Dajnowski, ""Analytical Examination of Chinese Liangzhu Neolithic Ceramics"" (thesis (certificate in conservation), Straus Center for Conservation and Technical Studies, 1989), Unpublished passim"
entity:artifact:2:201636,bibliography,"Sidney M. Kaplan, ""Early Pottery from the Liang Chu Site, Chekiang province"", Archives of the Chinese Art Society of America, Archives of the Chinese Art Society of America (New York, NY, 1948 -1949), vol. III Pl. VIII-4"
entity:artifact:2:201646,bibliography,"Andrzej Dajnowski, ""Analytical Examination of Chinese Liangzhu Neolithic Ceramics"" (thesis (certificate in conservation), Straus Center for Conservation and Technical Studies, 1989), Unpublished passim"
entity:artifact:2:201677,bibliography,"Robert D. Mowry, Hare's Fur, Tortoiseshell, and Partridge Feathers: Chinese brown- and black-glazed ceramics, 400-1400, exh. cat., Harvard University Art Museums (Cambridge, MA, 1996) pp. 163-165, no. 54 | Robert Ferris, Brush and Clay: Paintings by Robert Ferris, Chinese Ceramics of the Song Dynasty from the Artist's Collection, exh. cat., J.J. Lally & Co. (New York, NY, 1997) pp. 41-42, 68-69, no. 13 | James Cuno, ed., A Decade of Collecting: Recent Acquisitions by the Harvard University Art Museums, Harvard University Art Museums (Cambridge, Mass., Spring 2000) pp. 12-13"
entity:artifact:2:201680,bibliography,"Robert D. Mowry, Hare's Fur, Tortoiseshell, and Partridge Feathers: Chinese brown- and black-glazed ceramics, 400-1400, exh. cat., Harvard University Art Museums (Cambridge, MA, 1996) pp. 253-255, no. 103"
entity:artifact:2:201687,bibliography,"Alan Govenar and Don Ed Hardy, Ed Hardy: Beyond Skin, teNeues Publishing Company (New York, NY, 2009) p. 176, ill."
entity:artifact:2:201759,bibliography,"Andrzej Dajnowski, ""Analytical Examination of Chinese Liangzhu Neolithic Ceramics"" (thesis (certificate in conservation), Straus Center for Conservation and Technical Studies, 1989), Unpublished passim"
entity:artifact:2:201774,bibliography,"Robert Ferris, Brush and Clay: Paintings by Robert Ferris, Chinese Ceramics of the Song Dynasty from the Artist's Collection, exh. cat., J.J. Lally & Co. (New York, NY, 1997) cat. no. 05, pp. 39, 52-53"
entity:artifact:2:201778,bibliography,"Robert Ferris, Brush and Clay: Paintings by Robert Ferris, Chinese Ceramics of the Song Dynasty from the Artist's Collection, exh. cat., J.J. Lally & Co. (New York, NY, 1997) cat. no. 24, pp. 39-40, 90-91 | James Cuno, ed., A Decade of Collecting: Recent Acquisitions by the Harvard University Art Museums, Harvard University Art Museums (Cambridge, Mass., Spring 2000) p. 12"
entity:artifact:2:201782,bibliography,"Yutaka Mino, Chinese Relics from the Collection of Dr. Ralph Marcove, exh. cat., Indianapolis Museum of Art (1981) p. 55, cat. no. 82"
entity:artifact:2:201783,bibliography,"Yutaka Mino, Chinese Relics from the Collection of Dr. Ralph Marcove, exh. cat., Indianapolis Museum of Art (1981) p. 29, cat. no. 31"
entity:artifact:2:201784,bibliography,"Yutaka Mino, Chinese Relics from the Collection of Dr. Ralph Marcove, exh. cat., Indianapolis Museum of Art (1981) p. 33, cat. no. 39"
entity:artifact:2:201787,bibliography,"Yutaka Mino, Chinese Relics from the Collection of Dr. Ralph Marcove, exh. cat., Indianapolis Museum of Art (1981) p. 41, cat. no. 55"
entity:artifact:2:201793,bibliography,"Max Loehr, The Great Painters of China, Phaidon Press Limited (Oxford, 1980) p. 325, fig. 185 | Suzuki Kei, Chugoku kaiga sogo zuroku, Amerika Kanada hen (Comprehensive Illustrated Catalog of Chinese Paintings, Volume 1: American and Canadian Collections), University of Tokyo Press (Tokyo, Japan, 1982) pp. I-60 and I-434, no. A11-001"
entity:artifact:2:201794,bibliography,"Carol Warner, ""Black Ware Bowls of the Northern Song Period Glaze Analysis"" (thesis (certificate in conservation), Straus Center for Conservation and Technical Studies, 1992), Unpublished pp. 1-13 passim"
entity:artifact:2:201795,bibliography,"Robert D. Mowry, Hare's Fur, Tortoiseshell, and Partridge Feathers: Chinese brown- and black-glazed ceramics, 400-1400, exh. cat., Harvard University Art Museums (Cambridge, MA, 1996) pp. 229-230, no. 88"
entity:artifact:2:201797,bibliography,"Yutaka Mino, Freedom of Clay and Brush through Seven Centuries in Northern China: Tz'u-chou Type Wares, 960-1600 A.D., exh. cat., Indianapolis Museum of Art (Indianapolis, 1980) pp.148-149, cat. 62"
entity:artifact:2:201798,bibliography,"Yutaka Mino, Chinese Relics from the Collection of Dr. Ralph Marcove, exh. cat., Indianapolis Museum of Art (1981) p. 39, cat. no. 51"
entity:artifact:2:201802,bibliography,"Yutaka Mino, Chinese Relics from the Collection of Dr. Ralph Marcove, exh. cat., Indianapolis Museum of Art (1981) p. 49, cat. no. 71"
entity:artifact:2:201808,bibliography,"Gregory Henderson, Korean Ceramics: An Art's Variety, exh. cat., Ohio State University, Divisions of Art Gallery (Columbus, Ohio, 1969) p. 20, no. 1"
entity:artifact:2:201816,bibliography,"Abby Hykin, ""FT-IR Analysis of Asian Lacquers"" (thesis (certificate in conservation), Straus Center for Conservation and Technical Studies, 1993), Unpublished pp. 1-6 passim"
entity:artifact:2:201817,bibliography,"Abby Hykin, ""FT-IR Analysis of Asian Lacquers"" (thesis (certificate in conservation), Straus Center for Conservation and Technical Studies, 1993), Unpublished pp. 1-6 passim"
entity:artifact:2:201818,bibliography,"Abby Hykin, ""FT-IR Analysis of Asian Lacquers"" (thesis (certificate in conservation), Straus Center for Conservation and Technical Studies, 1993), Unpublished pp. 1-6 passim"
entity:artifact:2:201830,bibliography,"Andrzej Dajnowski, ""Analytical Examination of Chinese Liangzhu Neolithic Ceramics"" (thesis (certificate in conservation), Straus Center for Conservation and Technical Studies, 1989), Unpublished passim"
entity:artifact:2:201839,bibliography,"Andrzej Dajnowski, ""Analytical Examination of Chinese Liangzhu Neolithic Ceramics"" (thesis (certificate in conservation), Straus Center for Conservation and Technical Studies, 1989), Unpublished passim"
entity:artifact:2:201849,bibliography,"Robert Ferris, Brush and Clay: Paintings by Robert Ferris, Chinese Ceramics of the Song Dynasty from the Artist's Collection, exh. cat., J.J. Lally & Co. (New York, NY, 1997) cat. no. 02, pp. 42-43, 48-49 | Harvard University Art Museums, Harvard University Art Museums Annual Report 1997-98 (Cambridge, MA, 1999) p. 17 | James Cuno, ed., A Decade of Collecting: Recent Acquisitions by the Harvard University Art Museums, Harvard University Art Museums (Cambridge, Mass., Spring 2000) p. 11"
entity:artifact:2:201854,bibliography,"Kristin A. Mortimer and William G. Klingelhofer, Harvard University Art Museums: A Guide to the Collections, Harvard University Art Museums and Abbeville Press (Cambridge and New York, 1986) no. 33, p. 36 | Jonathan Chaves, The Chinese Painter as Poet, exh. cat., China Institute in America (New York, NY, 2000) pp. 98-102; p. 137, cat. no. 32 | T. June Li and Suzanne E. Wright, Gardens, Art, and Commerce in Chinese Woodblock Prints, exh. cat., The Huntington Library, Art Gallery, and Botanical Gardens (San Marino, 2016) pp. 100-101, cat. no. 18"
entity:artifact:2:201936,bibliography,"Kristin A. Mortimer and William G. Klingelhofer, Harvard University Art Museums: A Guide to the Collections, Harvard University Art Museums and Abbeville Press (Cambridge and New York, 1986) no. 32, p. 35"
entity:artifact:2:201948,bibliography,"Abby Hykin, ""FT-IR Analysis of Asian Lacquers"" (thesis (certificate in conservation), Straus Center for Conservation and Technical Studies, 1993), Unpublished pp. 1-6 passim"
entity:artifact:2:201949,bibliography,"Abby Hykin, ""FT-IR Analysis of Asian Lacquers"" (thesis (certificate in conservation), Straus Center for Conservation and Technical Studies, 1993), Unpublished pp. 1-6 passim"
entity:artifact:2:201957,bibliography,"Abby Hykin, ""FT-IR Analysis of Asian Lacquers"" (thesis (certificate in conservation), Straus Center for Conservation and Technical Studies, 1993), Unpublished pp. 1-6 passim"
entity:artifact:2:201975,bibliography,"Robert D. Mowry, Hare's Fur, Tortoiseshell, and Partridge Feathers: Chinese brown- and black-glazed ceramics, 400-1400, exh. cat., Harvard University Art Museums (Cambridge, MA, 1996) pp. 201-202, no. 74 | Hang Tian, Xixia Ciqi [Xixia Ceramics], Wenwu chubanshe (Beijing, 2010) TB3001, p. 313 | Carolyn Kyongshin Koh Choo, Traditional Korean Ceramics: A Look by a Scientist, Designnanoom (Seoul, 2016) p. 160, fig. 7-7"
entity:artifact:2:201998,bibliography,"Abby Hykin, ""FT-IR Analysis of Asian Lacquers"" (thesis (certificate in conservation), Straus Center for Conservation and Technical Studies, 1993), Unpublished pp. 1-6 passim"
entity:artifact:2:202004,bibliography,"Sidney M. Kaplan, ""Early Pottery from the Liang Chu Site, Chekiang province"", Archives of the Chinese Art Society of America, Archives of the Chinese Art Society of America (New York, NY, 1948 -1949), vol. III Pl. X-1"
entity:artifact:2:202013,bibliography,"Sidney M. Kaplan, ""Early Pottery from the Liang Chu Site, Chekiang province"", Archives of the Chinese Art Society of America, Archives of the Chinese Art Society of America (New York, NY, 1948 -1949), vol. III Pl. VI-1"
entity:artifact:2:202014,bibliography,"Sidney M. Kaplan, ""Early Pottery from the Liang Chu Site, Chekiang province"", Archives of the Chinese Art Society of America, Archives of the Chinese Art Society of America (New York, NY, 1948 -1949), vol. III Pl. VIII-2 | Andrzej Dajnowski, ""Analytical Examination of Chinese Liangzhu Neolithic Ceramics"" (thesis (certificate in conservation), Straus Center for Conservation and Technical Studies, 1989), Unpublished passim"
entity:artifact:2:202039,bibliography,"Abby Hykin, ""FT-IR Analysis of Asian Lacquers"" (thesis (certificate in conservation), Straus Center for Conservation and Technical Studies, 1993), Unpublished pp. 1-6 passim"
entity:artifact:2:202040,bibliography,"Abby Hykin, ""FT-IR Analysis of Asian Lacquers"" (thesis (certificate in conservation), Straus Center for Conservation and Technical Studies, 1993), Unpublished pp. 1-6 passim"
entity:artifact:2:202041,bibliography,"Abby Hykin, ""FT-IR Analysis of Asian Lacquers"" (thesis (certificate in conservation), Straus Center for Conservation and Technical Studies, 1993), Unpublished pp. 1-6 passim"
entity:artifact:2:202042,bibliography,"Hugo Munsterberg, Dragons in Chinese Art, exh. cat., China House Gallery (New York, 1971) p. 51, no. 50 | Abby Hykin, ""FT-IR Analysis of Asian Lacquers"" (thesis (certificate in conservation), Straus Center for Conservation and Technical Studies, 1993), Unpublished pp. 1-6 passim"
entity:artifact:2:202063,bibliography,"Andrzej Dajnowski, ""Analytical Examination of Chinese Liangzhu Neolithic Ceramics"" (thesis (certificate in conservation), Straus Center for Conservation and Technical Studies, 1989), Unpublished passim"
entity:artifact:2:202071,bibliography,"Yutaka Mino, Freedom of Clay and Brush through Seven Centuries in Northern China: Tz'u-chou Type Wares, 960-1600 A.D., exh. cat., Indianapolis Museum of Art (Indianapolis, 1980) pp.218-219, cat. 97"
entity:artifact:2:202111,bibliography,"Max Loehr and Louisa G. Fitzgerald Huber, Ancient Chinese Jades from the Grenville L. Winthrop Collection in the Fogg Art Museum, Harvard University (Cambridge, MA, Fogg Art Museum, 1975). cat. no. 455, p. 310"
entity:artifact:2:202122,bibliography,"Agnes Mongan, Memorial Exhibition: Works of Art from the Collection of Paul J. Sachs [1878-1965]: given and bequeathed to the Fogg Art Museum, Harvard University, Cambridge, Massachusetts, exh. cat., Harvard University (Cambridge, MA, 1965) cat. no. 78, repr. | Hugo Munsterberg, Dragons in Chinese Art, exh. cat., China House Gallery (New York, 1971) p. 25, no. 20"
entity:artifact:2:202128,bibliography,"Suzuki Kei, Chugoku kaiga sogo zuroku, Amerika Kanada hen (Comprehensive Illustrated Catalog of Chinese Paintings, Volume 1: American and Canadian Collections), University of Tokyo Press (Tokyo, Japan, 1982) pp. I-55 and I-432, no. A 10-013"
entity:artifact:2:202181,bibliography,"Max Loehr, ""Aesthetic Delight: An Anthology of Far Eastern Art"", Apollo (New Series), Apollo Publications Inc. (London, England, May 1978), vol. CVII, no. 195, pp. 414-421 p. 418, fig. 5"
entity:artifact:2:202238,bibliography,"Henry Trubner, Chinese Ceramics, from the prehistoric period through Ch'ien Lung: a loan exhibition from collections in America and Japan, exh. cat., Los Angeles County Museum (Los Angeles, CA, 1952) p. 68, no. 105"
entity:artifact:2:202288,bibliography,"Kristin A. Mortimer and William G. Klingelhofer, Harvard University Art Museums: A Guide to the Collections, Harvard University Art Museums and Abbeville Press (Cambridge and New York, 1986) no. 34, p. 37"
entity:artifact:2:202370,bibliography,"Jerome Silbergeld, ed., Bridges to Heaven: Essays on East Asian Art in Honor of Professor Wen C. Fong, P. Y. and Kinmay W. Tang Center for East Asian Art (Princeton, NJ) p. 387; p. 390, fig. 2 | James Cahill, ed., The Restless Landscape: Chinese Painting of the Late Ming Period, exh. cat., University Art Museum, Berkeley (Berkeley, California, 1971) Cat. no. 82, pp. 148-149; illustrated on p. 159 | Robert J. Maeda, ""The Portrait of a Woman of the Late Ming-Early Ch'ing Period: Madame Ho-tung"", Archives of Asian Art, Asia Society Museum (New York, 1973-1974), XXVII, pp. 46-52 p. 46, fig. 1 | James Cahill, Chen Fongfong, and Julia M. White, Beauty Revealed : Images of Women in Qing Dynasty Chinese Painting, exh. cat., University of California, Berkeley Art Museum and Pacific Film Archive (Berkeley, CA, 2013) p. 10, fig. 1"
entity:artifact:2:202371,bibliography,"Harvard University Art Museums, Harvard University Art Museums Annual Report 2001-2002 (Cambridge, MA, 2003) p. 37"
entity:artifact:2:202379,bibliography,"Suzuki Kei, Chugoku kaiga sogo zuroku, Amerika Kanada hen (Comprehensive Illustrated Catalog of Chinese Paintings, Volume 1: American and Canadian Collections), University of Tokyo Press (Tokyo, Japan, 1982) pp. I- 59 and I-433, no. A 10-042"
entity:artifact:2:202380,bibliography,"Suzuki Kei, Chugoku kaiga sogo zuroku, Amerika Kanada hen (Comprehensive Illustrated Catalog of Chinese Paintings, Volume 1: American and Canadian Collections), University of Tokyo Press (Tokyo, Japan, 1982) pp. I-55 and I-432,  no. A 10-021 | Yuri Pines, The Rise and Fall of the Chinese Empire, Open University of Israel (2023) p. 437, ill."
entity:artifact:2:202382,bibliography,"Max Loehr and Louisa G. Fitzgerald Huber, Ancient Chinese Jades from the Grenville L. Winthrop Collection in the Fogg Art Museum, Harvard University (Cambridge, MA, Fogg Art Museum, 1975). cat. no. 273a, p. 200"
entity:artifact:2:202383,bibliography,"Max Loehr and Louisa G. Fitzgerald Huber, Ancient Chinese Jades from the Grenville L. Winthrop Collection in the Fogg Art Museum, Harvard University (Cambridge, MA, Fogg Art Museum, 1975). cat. no. 294, p. 207"
entity:artifact:2:202384,bibliography,"Max Loehr and Louisa G. Fitzgerald Huber, Ancient Chinese Jades from the Grenville L. Winthrop Collection in the Fogg Art Museum, Harvard University (Cambridge, MA, Fogg Art Museum, 1975). cat. no. 277, p. 201"
entity:artifact:2:202385,bibliography,"Max Loehr and Louisa G. Fitzgerald Huber, Ancient Chinese Jades from the Grenville L. Winthrop Collection in the Fogg Art Museum, Harvard University (Cambridge, MA, Fogg Art Museum, 1975). cat. no. 291, p. 206 | Jenny So, Early Chinese Jades in the Harvard Art Museums (Cambridge, MA, 2019) pp. 170, 172, fig. 3"
entity:artifact:2:202388,bibliography,"John Ayers, ""Early Chinese Blue and White in the Museum of Eastern Art, Oxford"", Oriental Art (1951), vol. III, no. 4, pp. 135-141 p. 141, fig. 11 | John Ayers, ""Some Characteristic Wares of the Yüan Dynasty"", Transactions of the Oriental Ceramic Society (1954 -1955), vol. XXIX pl. 43, fig. 37 | Fujioka Ryōichi, Gen Minsho no sometsuke, Heibonsha Limited (Tokyo, 1960) p. 5, fig. 9 | Basil Gray, ""Persian Influence on Chinese Art from the Eighth to the Fifteenth Centuries"", Iran: Journal of the British Institute of Persian Studies, British Institute of Persian Studies (London, 1963), Vol. I, pp. 13-18 p. 16, illustrated Pl. IIIb (n.p.) | Sherman E. Lee and Wai-kam Ho, Chinese Art Under the Mongols: The Yuan Dynasty (1279-1368), exh. cat., Cleveland Museum of Art (Cleveland, OH, 1968) cat. no. 150 | Ceramic Art of China, exh. cat., Oriental Ceramics Society (London, England, 1971) p. 103, no. 141; illus. Pl. 98 | Yabe Yoshiaki, Gen no sometsuke, Heibonsha Limited (Tokyo, 1974) p. 92, fig. 26 | Kristin A. Mortimer and William G. Klingelhofer, Harvard University Art Museums: A Guide to the Collections, Harvard University Art Museums and Abbeville Press (Cambridge and New York, 1986) no. 40, p. 41 | Lorne C. MacPherson, Damn Tight Place(s) (with Apologies to Rudyard Kipling): The Life and Times of Nicholas Marshall Cummins, MacPherson Lumber Inc. (Magog, Quebec, 1993) p. 118, illustrated p. 126 (upper right) | Victor Mair, Paul Goldin, and Nancy Steinhardt, ed., Hawai'i Reader in Traditional Chinese Culture, University of Hawaii Press (Honolulu, Hawaii, 2005) color plate no. 96"
entity:artifact:2:202389,bibliography,"Max Loehr, Chinese Landscape Woodcuts from an Imperial Commentary to the Tenth-Century Printed Edition of the Buddhist Canon, Harvard University Press (Cambridge, MA, 1968) n.p., Plate 1 | Suzuki Kei, Chugoku kaiga sogo zuroku, Amerika Kanada hen (Comprehensive Illustrated Catalog of Chinese Paintings, Volume 1: American and Canadian Collections), University of Tokyo Press (Tokyo, Japan, 1982) pp. I-58 and I-432, no. A 10-041"
entity:artifact:2:202390,bibliography,"Max Loehr, Chinese Art: Symbols and Images, exh. cat., Jewett Arts Center (Wellesley, 1967) pp. 38-39, no. 20 | Max Loehr, Chinese Landscape Woodcuts from an Imperial Commentary to the Tenth-Century Printed Edition of the Buddhist Canon, Harvard University Press (Cambridge, MA, 1968) n.p. Plate 4 | Suzuki Kei, Chugoku kaiga sogo zuroku, Amerika Kanada hen (Comprehensive Illustrated Catalog of Chinese Paintings, Volume 1: American and Canadian Collections), University of Tokyo Press (Tokyo, Japan, 1982) pp. I-58 and I-432, no. A 10-041 | T. June Li and Suzanne E. Wright, Gardens, Art, and Commerce in Chinese Woodblock Prints, exh. cat., The Huntington Library, Art Gallery, and Botanical Gardens (San Marino, 2016) pp. 62-63, cat. no. 1"
entity:artifact:2:202392,bibliography,"Suzuki Kei, Chugoku kaiga sogo zuroku, Amerika Kanada hen (Comprehensive Illustrated Catalog of Chinese Paintings, Volume 1: American and Canadian Collections), University of Tokyo Press (Tokyo, Japan, 1982) pp. I-55 and I-432,  no. A 10-013"
entity:artifact:2:202393,bibliography,"Suzuki Kei, Chugoku kaiga sogo zuroku, Amerika Kanada hen (Comprehensive Illustrated Catalog of Chinese Paintings, Volume 1: American and Canadian Collections), University of Tokyo Press (Tokyo, Japan, 1982) pp. I-55 and I-432, no. A 10-013"
entity:artifact:2:202476,bibliography,"Suzuki Kei, Chugoku kaiga sogo zuroku, Amerika Kanada hen (Comprehensive Illustrated Catalog of Chinese Paintings, Volume 1: American and Canadian Collections), University of Tokyo Press (Tokyo, Japan, 1982) pp. I-55 and I-432, no. A 10-017"
entity:artifact:2:202479,bibliography,"Agnes Mongan, Memorial Exhibition: Works of Art from the Collection of Paul J. Sachs [1878-1965]: given and bequeathed to the Fogg Art Museum, Harvard University, Cambridge, Massachusetts, exh. cat., Harvard University (Cambridge, MA, 1965) cat. no. 81, repr. | W. Chie Ishibashi, ""East Asian Buddhist Bronzes: A Comparative Analytical Study and a Preliminary Report"" (thesis (certificate in conservation), Straus Center for Conservation and Technical Studies, August 1977), Unpublished passim"
entity:artifact:2:202487,bibliography,"Yutaka Mino, Freedom of Clay and Brush through Seven Centuries in Northern China: Tz'u-chou Type Wares, 960-1600 A.D., exh. cat., Indianapolis Museum of Art (Indianapolis, 1980) pp.120-121 illustrated"
entity:artifact:2:202494,bibliography,"Yutaka Mino, Freedom of Clay and Brush through Seven Centuries in Northern China: Tz'u-chou Type Wares, 960-1600 A.D., exh. cat., Indianapolis Museum of Art (Indianapolis, 1980) pp. 92-93, cat. 34 | Eva Sander, ""A Comparative Study of Northern Dark-Glazed Stoneware Bowls from the Song Dynasty"" (thesis (certificate in conservation), Straus Center for Conservation and Technical Studies, August 1987), Unpublished pp. 1-14 passim"
entity:artifact:2:202578,bibliography,"Suzuki Kei, Chugoku kaiga sogo zuroku, Amerika Kanada hen (Comprehensive Illustrated Catalog of Chinese Paintings, Volume 1: American and Canadian Collections), University of Tokyo Press (Tokyo, Japan, 1982) pp. I-55 and I-432,  no. A 10-020"
entity:artifact:2:202581,bibliography,"Suzuki Kei, Chugoku kaiga sogo zuroku, Amerika Kanada hen (Comprehensive Illustrated Catalog of Chinese Paintings, Volume 1: American and Canadian Collections), University of Tokyo Press (Tokyo, Japan, 1982) pp. I-58 and I-432, no. A 10-037"
entity:artifact:2:202582,bibliography,"Suzuki Kei, Chugoku kaiga sogo zuroku, Amerika Kanada hen (Comprehensive Illustrated Catalog of Chinese Paintings, Volume 1: American and Canadian Collections), University of Tokyo Press (Tokyo, Japan, 1982) pp. I-58 and I-432,  no. A 10-037"
entity:artifact:2:202583,bibliography,"Suzuki Kei, Chugoku kaiga sogo zuroku, Amerika Kanada hen (Comprehensive Illustrated Catalog of Chinese Paintings, Volume 1: American and Canadian Collections), University of Tokyo Press (Tokyo, Japan, 1982) pp. I-58 and I-432, no. A 10-037"
entity:artifact:2:202603,bibliography,"Suzuki Kei, Chugoku kaiga sogo zuroku, Amerika Kanada hen (Comprehensive Illustrated Catalog of Chinese Paintings, Volume 1: American and Canadian Collections), University of Tokyo Press (Tokyo, Japan, 1982) pp. I-58 and I-432, no. A 10-037"
entity:artifact:2:202634,bibliography,"Jessica Chloros, ""An Investigation of Cobalt Pigment on Islamic Ceramics at the Harvard Art Museums"" (thesis (certificate in conservation), Straus Center for Conservation and Technical Studies, 2008), Unpublished pp. 1-41 passim"
entity:artifact:2:202693,bibliography,"Suzuki Kei, Chugoku kaiga sogo zuroku, Amerika Kanada hen (Comprehensive Illustrated Catalog of Chinese Paintings, Volume 1: American and Canadian Collections), University of Tokyo Press (Tokyo, Japan, 1982) pp. I-58 and I-432, no. A 10-037"
entity:artifact:2:202694,bibliography,"Suzuki Kei, Chugoku kaiga sogo zuroku, Amerika Kanada hen (Comprehensive Illustrated Catalog of Chinese Paintings, Volume 1: American and Canadian Collections), University of Tokyo Press (Tokyo, Japan, 1982) pp. I-58 and I-432, no. A 10-037"
entity:artifact:2:202752,bibliography,"Suzuki Kei, Chugoku kaiga sogo zuroku, Amerika Kanada hen (Comprehensive Illustrated Catalog of Chinese Paintings, Volume 1: American and Canadian Collections), University of Tokyo Press (Tokyo, Japan, 1982) pp. I-55 and I-432, no. A 10-014"
entity:artifact:2:202754,bibliography,"Suzuki Kei, Chugoku kaiga sogo zuroku, Amerika Kanada hen (Comprehensive Illustrated Catalog of Chinese Paintings, Volume 1: American and Canadian Collections), University of Tokyo Press (Tokyo, Japan, 1982) pp. I-55 and I-432, no. A 10-022"
entity:artifact:2:202759,bibliography,"Max Loehr and Louisa G. Fitzgerald Huber, Ancient Chinese Jades from the Grenville L. Winthrop Collection in the Fogg Art Museum, Harvard University (Cambridge, MA, Fogg Art Museum, 1975). cat. no. 514b, p. 346"
entity:artifact:2:202760,bibliography,"Max Loehr and Louisa G. Fitzgerald Huber, Ancient Chinese Jades from the Grenville L. Winthrop Collection in the Fogg Art Museum, Harvard University (Cambridge, MA, Fogg Art Museum, 1975). cat. no. 176, p. 138"
entity:artifact:2:202761,bibliography,"Max Loehr and Louisa G. Fitzgerald Huber, Ancient Chinese Jades from the Grenville L. Winthrop Collection in the Fogg Art Museum, Harvard University (Cambridge, MA, Fogg Art Museum, 1975). cat. no. 375, p. 251"
entity:artifact:2:202762,bibliography,"Max Loehr and Louisa G. Fitzgerald Huber, Ancient Chinese Jades from the Grenville L. Winthrop Collection in the Fogg Art Museum, Harvard University (Cambridge, MA, Fogg Art Museum, 1975). cat. no. 179b, p. 139"
entity:artifact:2:202763,bibliography,"Max Loehr and Louisa G. Fitzgerald Huber, Ancient Chinese Jades from the Grenville L. Winthrop Collection in the Fogg Art Museum, Harvard University (Cambridge, MA, Fogg Art Museum, 1975). cat. no. 177, p. 138"
entity:artifact:2:202764,bibliography,"Max Loehr and Louisa G. Fitzgerald Huber, Ancient Chinese Jades from the Grenville L. Winthrop Collection in the Fogg Art Museum, Harvard University (Cambridge, MA, Fogg Art Museum, 1975). cat. no. 273b, p. 200"
entity:artifact:2:202765,bibliography,"Max Loehr and Louisa G. Fitzgerald Huber, Ancient Chinese Jades from the Grenville L. Winthrop Collection in the Fogg Art Museum, Harvard University (Cambridge, MA, Fogg Art Museum, 1975). cat. no. 139, p. 120 | Jenny So, Early Chinese Jades in the Harvard Art Museums (Cambridge, MA, 2019) pp. 116, 118, fig. 2"
entity:artifact:2:202766,bibliography,"Max Loehr and Louisa G. Fitzgerald Huber, Ancient Chinese Jades from the Grenville L. Winthrop Collection in the Fogg Art Museum, Harvard University (Cambridge, MA, Fogg Art Museum, 1975). cat. no. 293, p. 206"
entity:artifact:2:202767,bibliography,"Max Loehr and Louisa G. Fitzgerald Huber, Ancient Chinese Jades from the Grenville L. Winthrop Collection in the Fogg Art Museum, Harvard University (Cambridge, MA, Fogg Art Museum, 1975). cat. no. 289, p. 205 | Jenny So, Early Chinese Jades in the Harvard Art Museums (Cambridge, MA, 2019) pp. 170-72, cat. 21B"
entity:artifact:2:202768,bibliography,"Wang Fangyu 王方宇, ""On the Poems of Chu Ta"", National Palace Museum Quarterly, National Palace Museum, Taipei (Taipei, Taiwan, 1976), XI, No. 1, pp. 39-62 pp. 51-54, figs. 10a and 10b | Suzuki Kei, Chugoku kaiga sogo zuroku, Amerika Kanada hen (Comprehensive Illustrated Catalog of Chinese Paintings, Volume 1: American and Canadian Collections), University of Tokyo Press (Tokyo, Japan, 1982) pp. I-55 and I-432, no. A 10-019 | Wang Fangyu 王方宇 and Richard M. Barnhart, Master of the Lotus Garden: The Life and Art of Bada Shanren (1626-1705), exh. cat., Yale University Art Gallery (New Haven, Conn., 1990) pp. 104-106, fig. 52 (Cat. 8) | Jane Myers, ""Independent Creations: Kuniyoshi's Ink Drawings of 1921-25"", exh. cat., Amon Carter Museum (Fort Worth, Texas, 1996) Fig. 35 / page 57 | Stephan Wolohojian and Alvin L. Clark, Jr., Harvard Art Museum/ Handbook, ed. Stephan Wolohojian, Harvard Art Museum (Cambridge, 2008) p. 106 | Claudia Brown, Great Qing: Painting in China, 1644-1911, University of Washington Press (Seattle and London, 2014) pp. 29-30, fig. 1.26 | Dorinda Neave, Lara Blanchard, and Marika Sardar, Asian Art, Pearson Education, Inc. (Boston, MA, 2015) p. 216, ill. 9-28"
entity:artifact:2:202769,bibliography,"Suzuki Kei, Chugoku kaiga sogo zuroku, Amerika Kanada hen (Comprehensive Illustrated Catalog of Chinese Paintings, Volume 1: American and Canadian Collections), University of Tokyo Press (Tokyo, Japan, 1982) pp. I-55 and I-432, no. A 10-012"
entity:artifact:2:202770,bibliography,"Max Loehr and Louisa G. Fitzgerald Huber, Ancient Chinese Jades from the Grenville L. Winthrop Collection in the Fogg Art Museum, Harvard University (Cambridge, MA, Fogg Art Museum, 1975). cat. no. 137, p. 119"
entity:artifact:2:202771,bibliography,"Max Loehr and Louisa G. Fitzgerald Huber, Ancient Chinese Jades from the Grenville L. Winthrop Collection in the Fogg Art Museum, Harvard University (Cambridge, MA, Fogg Art Museum, 1975). cat. no. 274a, p. 200 | Jenny So, Early Chinese Jades in the Harvard Art Museums (Cambridge, MA, 2019) pp. 258-9, cat. 37A"
entity:artifact:2:202772,bibliography,"Max Loehr and Louisa G. Fitzgerald Huber, Ancient Chinese Jades from the Grenville L. Winthrop Collection in the Fogg Art Museum, Harvard University (Cambridge, MA, Fogg Art Museum, 1975). cat. no. 288, p. 205"
entity:artifact:2:202773,bibliography,"Dorothy W. Gillerman, ed., Grenville L. Winthrop: Retrospective for a Collector, exh. cat., Fogg Art Museum (Cambridge, 1969) no. 016, pp. 16-17 | Max Loehr and Louisa G. Fitzgerald Huber, Ancient Chinese Jades from the Grenville L. Winthrop Collection in the Fogg Art Museum, Harvard University (Cambridge, MA, Fogg Art Museum, 1975). cat. no. 275, p. 201"
entity:artifact:2:202774,bibliography,"Max Loehr and Louisa G. Fitzgerald Huber, Ancient Chinese Jades from the Grenville L. Winthrop Collection in the Fogg Art Museum, Harvard University (Cambridge, MA, Fogg Art Museum, 1975). cat. no. 276, p. 201"
entity:artifact:2:202775,bibliography,"Max Loehr and Louisa G. Fitzgerald Huber, Ancient Chinese Jades from the Grenville L. Winthrop Collection in the Fogg Art Museum, Harvard University (Cambridge, MA, Fogg Art Museum, 1975). cat. no. 292, p. 206"
entity:artifact:2:202783,bibliography,"Max Loehr and Louisa G. Fitzgerald Huber, Ancient Chinese Jades from the Grenville L. Winthrop Collection in the Fogg Art Museum, Harvard University (Cambridge, MA, Fogg Art Museum, 1975). cat. no. 285, p. 204"
entity:artifact:2:202784,bibliography,"Max Loehr and Louisa G. Fitzgerald Huber, Ancient Chinese Jades from the Grenville L. Winthrop Collection in the Fogg Art Museum, Harvard University (Cambridge, MA, Fogg Art Museum, 1975). cat. no. 283a, p. 203"
entity:artifact:2:202785,bibliography,"Max Loehr and Louisa G. Fitzgerald Huber, Ancient Chinese Jades from the Grenville L. Winthrop Collection in the Fogg Art Museum, Harvard University (Cambridge, MA, Fogg Art Museum, 1975). cat. no. 283b, p. 203"
entity:artifact:2:202786,bibliography,"Max Loehr and Louisa G. Fitzgerald Huber, Ancient Chinese Jades from the Grenville L. Winthrop Collection in the Fogg Art Museum, Harvard University (Cambridge, MA, Fogg Art Museum, 1975). cat. no. 274b, p. 200 | Jenny So, Early Chinese Jades in the Harvard Art Museums (Cambridge, MA, 2019) pp. 258-9, cat. 37A"
entity:artifact:2:202787,bibliography,"Max Loehr and Louisa G. Fitzgerald Huber, Ancient Chinese Jades from the Grenville L. Winthrop Collection in the Fogg Art Museum, Harvard University (Cambridge, MA, Fogg Art Museum, 1975). cat. no. 136, p. 118"
entity:artifact:2:202788,bibliography,"Max Loehr and Louisa G. Fitzgerald Huber, Ancient Chinese Jades from the Grenville L. Winthrop Collection in the Fogg Art Museum, Harvard University (Cambridge, MA, Fogg Art Museum, 1975). cat. no. 135, p. 118"
entity:artifact:2:202789,bibliography,"Max Loehr and Louisa G. Fitzgerald Huber, Ancient Chinese Jades from the Grenville L. Winthrop Collection in the Fogg Art Museum, Harvard University (Cambridge, MA, Fogg Art Museum, 1975). cat. no. 279a, p. 202"
entity:artifact:2:202790,bibliography,"Max Loehr and Louisa G. Fitzgerald Huber, Ancient Chinese Jades from the Grenville L. Winthrop Collection in the Fogg Art Museum, Harvard University (Cambridge, MA, Fogg Art Museum, 1975). cat. no. 279b, p. 202"
entity:artifact:2:202791,bibliography,"Masuda sales catalog, auct. cat. (1935) | 1000 Jahre Chinesische Malerei, exh. cat., Haus der Kunst München (Munich, German, 1959) | Transactions of the Oriental Ceramics Society, Oriental Ceramics Society (London, England, 1959 - 1960) pl. 9 | Robert J. Maeda, [Unidentified article], Artibus Asiae (1971), XXXIII, no. 4 pl. 12 | Suzuki Kei, Chugoku kaiga sogo zuroku, Amerika Kanada hen (Comprehensive Illustrated Catalog of Chinese Paintings, Volume 1: American and Canadian Collections), University of Tokyo Press (Tokyo, Japan, 1982) pp. I-54 and I-432, no. A 10-003"
entity:artifact:2:202793,bibliography,"Max Loehr, Chinese Landscape Woodcuts from an Imperial Commentary to the Tenth-Century Printed Edition of the Buddhist Canon, Harvard University Press (Cambridge, MA, 1968) n.p., Plates 2 and 3 | Suzuki Kei, Chugoku kaiga sogo zuroku, Amerika Kanada hen (Comprehensive Illustrated Catalog of Chinese Paintings, Volume 1: American and Canadian Collections), University of Tokyo Press (Tokyo, Japan, 1982) pp. I-58 and I-432, no. A 10-041"
entity:artifact:2:202794,bibliography,"Suzuki Kei, Chugoku kaiga sogo zuroku, Amerika Kanada hen (Comprehensive Illustrated Catalog of Chinese Paintings, Volume 1: American and Canadian Collections), University of Tokyo Press (Tokyo, Japan, 1982) pp. I-58 and I-432,  no. A 10-037"
entity:artifact:2:202804,bibliography,"Suzuki Kei, Chugoku kaiga sogo zuroku, Amerika Kanada hen (Comprehensive Illustrated Catalog of Chinese Paintings, Volume 1: American and Canadian Collections), University of Tokyo Press (Tokyo, Japan, 1982) pp. I-58 and I-432, no. A 10-037"
entity:artifact:2:202808,bibliography,"Suzuki Kei, Chugoku kaiga sogo zuroku, Amerika Kanada hen (Comprehensive Illustrated Catalog of Chinese Paintings, Volume 1: American and Canadian Collections), University of Tokyo Press (Tokyo, Japan, 1982) pp. I-58 and I-432,  no. A 10-040"
entity:artifact:2:202831,bibliography,"Suzuki Kei, Chugoku kaiga sogo zuroku, Amerika Kanada hen (Comprehensive Illustrated Catalog of Chinese Paintings, Volume 1: American and Canadian Collections), University of Tokyo Press (Tokyo, Japan, 1982) pp. I-57 and I-432, no. A 10-033"
entity:artifact:2:202842,bibliography,"Suzuki Kei, Chugoku kaiga sogo zuroku, Amerika Kanada hen (Comprehensive Illustrated Catalog of Chinese Paintings, Volume 1: American and Canadian Collections), University of Tokyo Press (Tokyo, Japan, 1982) pp. I-58 and I-432, no. A 10-037"
entity:artifact:2:202913,bibliography,"Hugo Munsterberg, Dragons in Chinese Art, exh. cat., China House Gallery (New York, 1971) p. 29, no. 25"
entity:artifact:2:202931,bibliography,"Suzuki Kei, Chugoku kaiga sogo zuroku, Amerika Kanada hen (Comprehensive Illustrated Catalog of Chinese Paintings, Volume 1: American and Canadian Collections), University of Tokyo Press (Tokyo, Japan, 1982) pp. I- 59 and I-433, no. A 10-043"
entity:artifact:2:202952,bibliography,"Sara Moy, ""Why Are They Blue?: A Technical Analysis of Chinese Green and Blue Glazed Celadons"" (thesis (certificate in conservation), Straus Center for Conservation and Technical Studies, 2001), Unpublished pp. 1-48 passim"
entity:artifact:2:202955,bibliography,"Suzuki Kei, Chugoku kaiga sogo zuroku, Amerika Kanada hen (Comprehensive Illustrated Catalog of Chinese Paintings, Volume 1: American and Canadian Collections), University of Tokyo Press (Tokyo, Japan, 1982) pp. I-59 and I-433,  no. A 10-046"
entity:artifact:2:202978,bibliography,"Claudia Brown and Ju-hsi Chou, Transcending Turmoil: Painting at the Close of China's Empire 1796-1911, exh. cat., Phoenix Art Museum (Phoenix, Arizona, 1992) p. 37, cat. no. 8 (illustrated on p. 12) | Claudia Brown, Great Qing: Painting in China, 1644-1911, University of Washington Press (Seattle and London, 2014) pp. 148-149, fig. 5.21"
entity:artifact:2:202991,bibliography,"W. Chie Ishibashi, ""East Asian Buddhist Bronzes: A Comparative Analytical Study and a Preliminary Report"" (thesis (certificate in conservation), Straus Center for Conservation and Technical Studies, August 1977), Unpublished passim"
entity:artifact:2:203046,bibliography,"Max Loehr, Chinese Art: Symbols and Images, exh. cat., Jewett Arts Center (Wellesley, 1967) pp. 32-33, no. 17"
entity:artifact:2:203086,bibliography,"Suzuki Kei, Chugoku kaiga sogo zuroku, Amerika Kanada hen (Comprehensive Illustrated Catalog of Chinese Paintings, Volume 1: American and Canadian Collections), University of Tokyo Press (Tokyo, Japan, 1982) pp. I-54 and I-432, no. A 10-011"
entity:artifact:2:203174,bibliography,"Sherman E. Lee and Wai-kam Ho, Chinese Art Under the Mongols: The Yuan Dynasty (1279-1368), exh. cat., Cleveland Museum of Art (Cleveland, OH, 1968) cat. no. 170 | Kristin A. Mortimer and William G. Klingelhofer, Harvard University Art Museums: A Guide to the Collections, Harvard University Art Museums and Abbeville Press (Cambridge and New York, 1986) no. 42, p. 43"
entity:artifact:2:203191,bibliography,"Sara Moy, ""Why Are They Blue?: A Technical Analysis of Chinese Green and Blue Glazed Celadons"" (thesis (certificate in conservation), Straus Center for Conservation and Technical Studies, 2001), Unpublished pp. 1-48 passim"
entity:artifact:2:203223,bibliography,"Max Loehr and Louisa G. Fitzgerald Huber, Ancient Chinese Jades from the Grenville L. Winthrop Collection in the Fogg Art Museum, Harvard University (Cambridge, MA, Fogg Art Museum, 1975). cat. no. 370, p. 248"
entity:artifact:2:203224,bibliography,"Robert W. Bagley and Haicheng Wang, Art and Artistic Thinking in Ancient China, Asian Art Museum of San Francisco (San Francisco) fig. 17.181 | Max Loehr and Louisa G. Fitzgerald Huber, Ancient Chinese Jades from the Grenville L. Winthrop Collection in the Fogg Art Museum, Harvard University (Cambridge, MA, Fogg Art Museum, 1975). cat. no. 510, p. 344 | Jenny So, Early Chinese Jades in the Harvard Art Museums (Cambridge, MA, 2019) pp. 236, 238, fig. 3"
entity:artifact:2:203225,bibliography,"Max Loehr and Louisa G. Fitzgerald Huber, Ancient Chinese Jades from the Grenville L. Winthrop Collection in the Fogg Art Museum, Harvard University (Cambridge, MA, Fogg Art Museum, 1975). cat. no. 496, p. 337"
entity:artifact:2:203226,bibliography,"Robert W. Bagley and Haicheng Wang, Art and Artistic Thinking in Ancient China, Asian Art Museum of San Francisco (San Francisco) fig. 17.192 | Max Loehr and Louisa G. Fitzgerald Huber, Ancient Chinese Jades from the Grenville L. Winthrop Collection in the Fogg Art Museum, Harvard University (Cambridge, MA, Fogg Art Museum, 1975). cat. no. 570, p. 394 | Kristin A. Mortimer and William G. Klingelhofer, Harvard University Art Museums: A Guide to the Collections, Harvard University Art Museums and Abbeville Press (Cambridge and New York, 1986) no. 16, p. 23 | Jenny So, Early Chinese Jades in the Harvard Art Museums (Cambridge, MA, 2019) pp. 254, 256-7, cat. 36B"
entity:artifact:2:203230,bibliography,"Max Loehr and Louisa G. Fitzgerald Huber, Ancient Chinese Jades from the Grenville L. Winthrop Collection in the Fogg Art Museum, Harvard University (Cambridge, MA, Fogg Art Museum, 1975). cat. no. 290, p. 205"
entity:artifact:2:203245,bibliography,"Susan Costello, ""An Investigation of Early Chinese Bronze Mirrors at the Harvard University Art Museums"" (thesis (certificate in conservation), Straus Center for Conservation and Technical Studies, 2005), Unpublished pp. 1-25 passim"
entity:artifact:2:203246,bibliography,"The ""Kesi Thangka"" of Vighnantaka pp.136-139 | Pratapaditya Pal, The Art of Tibet, exh. cat., Asia Society Museum (New York, 1969) pp. 139-140, no. 25 (color plate between pp. 32-33) | Marsha Weidner, ed., Latter Days of the Law: Images of Chinese Buddhism, 850-1850, exh. cat., Spencer Museum of Art (Lawrence, Kansas, 1994) pp. 256-259, cat. 14 | Francesca Herndon-Consagra, Reflections of the Buddha, exh. cat., Pulitzer Arts Foundation (St. Louis, MO, 2011-2012) p. VII (detail); p. 26 (installation Image); p. 34 (color plate); p. 42, no. 13"
entity:artifact:2:203247,bibliography,"Max Loehr and Louisa G. Fitzgerald Huber, Ancient Chinese Jades from the Grenville L. Winthrop Collection in the Fogg Art Museum, Harvard University (Cambridge, MA, Fogg Art Museum, 1975). cat. no. 434, p. 297"
entity:artifact:2:203248,bibliography,"Max Loehr and Louisa G. Fitzgerald Huber, Ancient Chinese Jades from the Grenville L. Winthrop Collection in the Fogg Art Museum, Harvard University (Cambridge, MA, Fogg Art Museum, 1975). cat. no. 262, p. 195"
entity:artifact:2:203249,bibliography,"Max Loehr and Louisa G. Fitzgerald Huber, Ancient Chinese Jades from the Grenville L. Winthrop Collection in the Fogg Art Museum, Harvard University (Cambridge, MA, Fogg Art Museum, 1975). cat. no. 364b, p. 245"
entity:artifact:2:203250,bibliography,"Max Loehr and Louisa G. Fitzgerald Huber, Ancient Chinese Jades from the Grenville L. Winthrop Collection in the Fogg Art Museum, Harvard University (Cambridge, MA, Fogg Art Museum, 1975). cat. no. 491, p. 334"
entity:artifact:2:203251,bibliography,"Max Loehr and Louisa G. Fitzgerald Huber, Ancient Chinese Jades from the Grenville L. Winthrop Collection in the Fogg Art Museum, Harvard University (Cambridge, MA, Fogg Art Museum, 1975). cat. no. 517, p. 347"
entity:artifact:2:203252,bibliography,"Max Loehr and Louisa G. Fitzgerald Huber, Ancient Chinese Jades from the Grenville L. Winthrop Collection in the Fogg Art Museum, Harvard University (Cambridge, MA, Fogg Art Museum, 1975). cat. no. 569, p. 394"
entity:artifact:2:203253,bibliography,"Dorothy W. Gillerman, ed., Grenville L. Winthrop: Retrospective for a Collector, exh. cat., Fogg Art Museum (Cambridge, 1969) no. 034, pp. 28-29 | Max Loehr and Louisa G. Fitzgerald Huber, Ancient Chinese Jades from the Grenville L. Winthrop Collection in the Fogg Art Museum, Harvard University (Cambridge, MA, Fogg Art Museum, 1975). cat. no. 572, p. 395 | Jenny So, Early Chinese Jades in the Harvard Art Museums (Cambridge, MA, 2019) p. 320, fig. 1"
entity:artifact:2:203254,bibliography,"Henry Trubner, Chinese Ceramics, from the prehistoric period through Ch'ien Lung: a loan exhibition from collections in America and Japan, exh. cat., Los Angeles County Museum (Los Angeles, CA, 1952) p. 60, no. 64"
entity:artifact:2:203257,bibliography,"Suzuki Kei, Chugoku kaiga sogo zuroku, Amerika Kanada hen (Comprehensive Illustrated Catalog of Chinese Paintings, Volume 1: American and Canadian Collections), University of Tokyo Press (Tokyo, Japan, 1982) pp. I-57 and I-432, no. A 10-031"
entity:artifact:2:203262,bibliography,"Suzuki Kei, Chugoku kaiga sogo zuroku, Amerika Kanada hen (Comprehensive Illustrated Catalog of Chinese Paintings, Volume 1: American and Canadian Collections), University of Tokyo Press (Tokyo, Japan, 1982) pp. I-54 and I-432, no. A 10-010"
entity:artifact:2:203285,bibliography,"Max Loehr and Louisa G. Fitzgerald Huber, Ancient Chinese Jades from the Grenville L. Winthrop Collection in the Fogg Art Museum, Harvard University (Cambridge, MA, Fogg Art Museum, 1975). cat. no. 464, p. 316"
entity:artifact:2:203286,bibliography,"Max Loehr and Louisa G. Fitzgerald Huber, Ancient Chinese Jades from the Grenville L. Winthrop Collection in the Fogg Art Museum, Harvard University (Cambridge, MA, Fogg Art Museum, 1975). cat. no. 380, p. 253"
entity:artifact:2:203287,bibliography,"Max Loehr and Louisa G. Fitzgerald Huber, Ancient Chinese Jades from the Grenville L. Winthrop Collection in the Fogg Art Museum, Harvard University (Cambridge, MA, Fogg Art Museum, 1975). cat. no. 615, p. 421"
entity:artifact:2:203288,bibliography,"Max Loehr and Louisa G. Fitzgerald Huber, Ancient Chinese Jades from the Grenville L. Winthrop Collection in the Fogg Art Museum, Harvard University (Cambridge, MA, Fogg Art Museum, 1975). cat. no. 613, p. 420"
entity:artifact:2:203289,bibliography,"Max Loehr and Louisa G. Fitzgerald Huber, Ancient Chinese Jades from the Grenville L. Winthrop Collection in the Fogg Art Museum, Harvard University (Cambridge, MA, Fogg Art Museum, 1975). cat. no. 179a, p. 139"
entity:artifact:2:203294,bibliography,"Max Loehr and Louisa G. Fitzgerald Huber, Ancient Chinese Jades from the Grenville L. Winthrop Collection in the Fogg Art Museum, Harvard University (Cambridge, MA, Fogg Art Museum, 1975). cat. no. 282, p. 203"
entity:artifact:2:203295,bibliography,"Max Loehr and Louisa G. Fitzgerald Huber, Ancient Chinese Jades from the Grenville L. Winthrop Collection in the Fogg Art Museum, Harvard University (Cambridge, MA, Fogg Art Museum, 1975). cat. no. 626, p. 429"
entity:artifact:2:203309,bibliography,"Suzuki Kei, Chugoku kaiga sogo zuroku, Amerika Kanada hen (Comprehensive Illustrated Catalog of Chinese Paintings, Volume 1: American and Canadian Collections), University of Tokyo Press (Tokyo, Japan, 1982) pp. I-55 and I-432, no. A 10-018"
entity:artifact:2:203330,bibliography,"Jaime Jouris, ""Chinese Black Bronze Mirrors: A Preliminary Examination"" (thesis (certificate in conservation), Straus Center for Conservation and Technical Studies, May 1991), Unpublished passim | Susan Costello, ""An Investigation of Early Chinese Bronze Mirrors at the Harvard University Art Museums"" (thesis (certificate in conservation), Straus Center for Conservation and Technical Studies, 2005), Unpublished pp. 1-25 passim"
entity:artifact:2:203362,bibliography,"Max Loehr and Louisa G. Fitzgerald Huber, Ancient Chinese Jades from the Grenville L. Winthrop Collection in the Fogg Art Museum, Harvard University (Cambridge, MA, Fogg Art Museum, 1975). cat. no. 573, p. 396 | Jenny So, Early Chinese Jades in the Harvard Art Museums (Cambridge, MA, 2019) pp. 320, 323, cat. 47B"
entity:artifact:2:203363,bibliography,"Max Loehr and Louisa G. Fitzgerald Huber, Ancient Chinese Jades from the Grenville L. Winthrop Collection in the Fogg Art Museum, Harvard University (Cambridge, MA, Fogg Art Museum, 1975). cat. no. 479, p. 328"
entity:artifact:2:203364,bibliography,"Max Loehr and Louisa G. Fitzgerald Huber, Ancient Chinese Jades from the Grenville L. Winthrop Collection in the Fogg Art Museum, Harvard University (Cambridge, MA, Fogg Art Museum, 1975). cat. no. 577a, p. 399"
entity:artifact:2:203365,bibliography,"Max Loehr and Louisa G. Fitzgerald Huber, Ancient Chinese Jades from the Grenville L. Winthrop Collection in the Fogg Art Museum, Harvard University (Cambridge, MA, Fogg Art Museum, 1975). cat. no. 183a, p. 141"
entity:artifact:2:203366,bibliography,"Max Loehr and Louisa G. Fitzgerald Huber, Ancient Chinese Jades from the Grenville L. Winthrop Collection in the Fogg Art Museum, Harvard University (Cambridge, MA, Fogg Art Museum, 1975). cat. no. 183b, p. 141"
entity:artifact:2:203367,bibliography,"Max Loehr and Louisa G. Fitzgerald Huber, Ancient Chinese Jades from the Grenville L. Winthrop Collection in the Fogg Art Museum, Harvard University (Cambridge, MA, Fogg Art Museum, 1975). cat. no. 335, p. 222 | Jessica Rawson, Western Zhou Ritual Bronzes from the Arthur M. Sackler Collections (Volume IIA), Arthur M. Sackler Foundation and Arthur M. Sackler Museum (Washington, D.C. and Cambridge, MA, 1990) p. 116, fig. 162c | Jenny So, Early Chinese Jades in the Harvard Art Museums (Cambridge, MA, 2019) p. 182, fig. 3"
entity:artifact:2:203368,bibliography,"Max Loehr and Louisa G. Fitzgerald Huber, Ancient Chinese Jades from the Grenville L. Winthrop Collection in the Fogg Art Museum, Harvard University (Cambridge, MA, Fogg Art Museum, 1975). cat. no. 376, p. 251"
entity:artifact:2:203369,bibliography,"Max Loehr and Louisa G. Fitzgerald Huber, Ancient Chinese Jades from the Grenville L. Winthrop Collection in the Fogg Art Museum, Harvard University (Cambridge, MA, Fogg Art Museum, 1975). cat. no. 178, p. 139 | Jenny So, Early Chinese Jades in the Harvard Art Museums (Cambridge, MA, 2019) pp. 134-35, cat. 15"
entity:artifact:2:203370,bibliography,"Max Loehr and Louisa G. Fitzgerald Huber, Ancient Chinese Jades from the Grenville L. Winthrop Collection in the Fogg Art Museum, Harvard University (Cambridge, MA, Fogg Art Museum, 1975). cat. no. 623, p. 427"
entity:artifact:2:203371,bibliography,"Max Loehr and Louisa G. Fitzgerald Huber, Ancient Chinese Jades from the Grenville L. Winthrop Collection in the Fogg Art Museum, Harvard University (Cambridge, MA, Fogg Art Museum, 1975). cat. no. 614, p. 421"
entity:artifact:2:203476,bibliography,"Yutaka Mino, Freedom of Clay and Brush through Seven Centuries in Northern China: Tz'u-chou Type Wares, 960-1600 A.D., exh. cat., Indianapolis Museum of Art (Indianapolis, 1980) pp. 146-147, cat. 61 | Kristin A. Mortimer and William G. Klingelhofer, Harvard University Art Museums: A Guide to the Collections, Harvard University Art Museums and Abbeville Press (Cambridge and New York, 1986) no. 39, p. 40"
entity:artifact:2:203478,bibliography,"Kristin A. Mortimer and William G. Klingelhofer, Harvard University Art Museums: A Guide to the Collections, Harvard University Art Museums and Abbeville Press (Cambridge and New York, 1986) no. 36, p. 39"
entity:artifact:2:203523,bibliography,"Osvald Sirén, Chinese Sculpture from the Fifth to the Fourteenth Century, E. Benn (London, 1925) p. 136 | Osvald Sirén, Chinese Sculpture from the Fifth to the Fourteenth Century, E. Benn (London, 1925) Pl. 503 | Dorothy W. Gillerman, ed., Grenville L. Winthrop: Retrospective for a Collector, exh. cat., Fogg Art Museum (Cambridge, 1969) no. 072, pp. 90-91"
entity:artifact:2:203527,bibliography,"W. Chie Ishibashi, ""East Asian Buddhist Bronzes: A Comparative Analytical Study and a Preliminary Report"" (thesis (certificate in conservation), Straus Center for Conservation and Technical Studies, August 1977), Unpublished passim"
entity:artifact:2:203528,bibliography,"W. Chie Ishibashi, ""East Asian Buddhist Bronzes: A Comparative Analytical Study and a Preliminary Report"" (thesis (certificate in conservation), Straus Center for Conservation and Technical Studies, August 1977), Unpublished passim"
entity:artifact:2:203530,bibliography,"De Ma, 散藏美国的五件敦煌绢画, Dunhuang Research (Lanzhou, Gansu), 1999, Issue 02, pp.170-175 | Rei Sasaguchi, ""A Dated Painting From Tun-Huang In The Fogg Museum"", Archives of Asian Art (1972 - 1973), vol. XXVI pp. 26-49 | Matthew Brack, ""A Technical Study of Portable Tenth-Century Paintings from Dunhuang in US Collections"" (thesis (certificate in conservation), Straus Center for Conservation and Technical Studies, 2010), Unpublished pp. 1-60 passim | Michelle Wang and Ryan Richard Overbey, ed., Beyond the Silk and Book Roads: Rethinking Networks of Exchange and Material Culture, Brill Academic Publishers (Boston) (Boston, 2024) pp. IX, 270, 272, fig. 8.9"
entity:artifact:2:203531,bibliography,"Takayasu Higuchi, ed., Chugoku bijutsu, dai 4-kan (Chinese Art in Western Collections vol. 4: Bronze and Jade), Kodansha (Tokyo, Japan, 1973) pl. 52 | Chen Mengjia, Yin Zhou qingtongqi fenlei tulu (A corpus of Chinese bronzes in American Collections), Kyuko Shoin (Tokyo, Japan, 1977) A 251 | Jenny So, Eastern Zhou Ritual Bronzes from the Arthur M. Sackler Collections, Arthur M. Sackler Foundation (New York, NY, 1995) p. 101, Fig. 5.2"
entity:artifact:2:203565,bibliography,"W. Chie Ishibashi, ""East Asian Buddhist Bronzes: A Comparative Analytical Study and a Preliminary Report"" (thesis (certificate in conservation), Straus Center for Conservation and Technical Studies, August 1977), Unpublished passim"
entity:artifact:2:203595,bibliography,"Rong Geng [Jung Keng], Shang Zhou Yiqi Tongkao (The Bronzes of Shang and Chou), Harvard-Yenching Institute (Beijing, 1941) vol. 2, p.351 | Yumiko Suefusa, ""In Shū seidō iki no bi—jikō no kikei to sōshoku"" [""Yin and Chou Bronzes with Special Reference to Ssü-kuang Type Receptacles""], Kobijutsu, No. 55, pp. 29-61, March 1978 no.3"
entity:artifact:2:203598,bibliography,"Abby Hykin, ""FT-IR Analysis of Asian Lacquers"" (thesis (certificate in conservation), Straus Center for Conservation and Technical Studies, 1993), Unpublished pp. 1-6 passim"
entity:artifact:2:203601,bibliography,"Kristin A. Mortimer and William G. Klingelhofer, Harvard University Art Museums: A Guide to the Collections, Harvard University Art Museums and Abbeville Press (Cambridge and New York, 1986) no. 35, p. 38"
entity:artifact:2:203606,bibliography,"Kristin A. Mortimer and William G. Klingelhofer, Harvard University Art Museums: A Guide to the Collections, Harvard University Art Museums and Abbeville Press (Cambridge and New York, 1986) no. 38, p. 40"
entity:artifact:2:203608,bibliography,"Max Loehr and Louisa G. Fitzgerald Huber, Ancient Chinese Jades from the Grenville L. Winthrop Collection in the Fogg Art Museum, Harvard University (Cambridge, MA, Fogg Art Museum, 1975). cat. no. 611, p. 420"
entity:artifact:2:203609,bibliography,"Max Loehr and Louisa G. Fitzgerald Huber, Ancient Chinese Jades from the Grenville L. Winthrop Collection in the Fogg Art Museum, Harvard University (Cambridge, MA, Fogg Art Museum, 1975). cat. no. 441, p. 302"
entity:artifact:2:203615,bibliography,"W. Chie Ishibashi, ""East Asian Buddhist Bronzes: A Comparative Analytical Study and a Preliminary Report"" (thesis (certificate in conservation), Straus Center for Conservation and Technical Studies, August 1977), Unpublished passim"
entity:artifact:2:203670,bibliography,"Pam Matthias Peterson, ""A Technical Examination of Rembrandt's Drawing Inks"" (thesis (certificate in conservation), Straus Center for Conservation and Technical Studies, August 1986), Unpublished pp. 1-10 passim"
entity:artifact:2:203674,bibliography,"Max Loehr and Louisa G. Fitzgerald Huber, Ancient Chinese Jades from the Grenville L. Winthrop Collection in the Fogg Art Museum, Harvard University (Cambridge, MA, Fogg Art Museum, 1975). cat. no. 364a, p. 245"
entity:artifact:2:203675,bibliography,"Max Loehr and Louisa G. Fitzgerald Huber, Ancient Chinese Jades from the Grenville L. Winthrop Collection in the Fogg Art Museum, Harvard University (Cambridge, MA, Fogg Art Museum, 1975). cat. no. 265, p. 196"
entity:artifact:2:203676,bibliography,"Max Loehr and Louisa G. Fitzgerald Huber, Ancient Chinese Jades from the Grenville L. Winthrop Collection in the Fogg Art Museum, Harvard University (Cambridge, MA, Fogg Art Museum, 1975). cat. no. 363a, p. 245"
entity:artifact:2:203677,bibliography,"Max Loehr and Louisa G. Fitzgerald Huber, Ancient Chinese Jades from the Grenville L. Winthrop Collection in the Fogg Art Museum, Harvard University (Cambridge, MA, Fogg Art Museum, 1975). cat. no. 363b, p. 245"
entity:artifact:2:203678,bibliography,"Alfred Salmony, Carved Jade of Ancient China, Gillick Press (Berkeley, CA, 1938) pl. 22: 3 | Max Loehr and Louisa G. Fitzgerald Huber, Ancient Chinese Jades from the Grenville L. Winthrop Collection in the Fogg Art Museum, Harvard University (Cambridge, MA, Fogg Art Museum, 1975). cat. no. 629, p. 432"
entity:artifact:2:203679,bibliography,"Max Loehr and Louisa G. Fitzgerald Huber, Ancient Chinese Jades from the Grenville L. Winthrop Collection in the Fogg Art Museum, Harvard University (Cambridge, MA, Fogg Art Museum, 1975). cat. no. 146, p. 123"
entity:artifact:2:203680,bibliography,"Max Loehr and Louisa G. Fitzgerald Huber, Ancient Chinese Jades from the Grenville L. Winthrop Collection in the Fogg Art Museum, Harvard University (Cambridge, MA, Fogg Art Museum, 1975). cat. no. 458, p. 312"
entity:artifact:2:203681,bibliography,"Max Loehr and Louisa G. Fitzgerald Huber, Ancient Chinese Jades from the Grenville L. Winthrop Collection in the Fogg Art Museum, Harvard University (Cambridge, MA, Fogg Art Museum, 1975). cat. no. 577b, p. 399"
entity:artifact:2:203683,bibliography,"Max Loehr and Louisa G. Fitzgerald Huber, Ancient Chinese Jades from the Grenville L. Winthrop Collection in the Fogg Art Museum, Harvard University (Cambridge, MA, Fogg Art Museum, 1975). cat. no. 514a, p. 346"
entity:artifact:2:203684,bibliography,"Susan Costello, Katherine Eremin, and Francesca Bewer, ""An investigation of repairs to Chinese bronze artefacts at the Harvard Art Museums"", Holding It All Together: Ancient and Modern Approaches to Joining, Repair and Consolidation, ed. David Saunders, Archetype Publications (London, 2009), pp. 184-191 pp. 187-188, fig. 5"
entity:artifact:2:203687,bibliography,"Masterpieces of world art : Fogg Art Museum, Arthur M. Sackler Museum, Busch-Reisinger Museum, 1997"
entity:artifact:2:203692,bibliography,"Jessica Rawson, Western Zhou Ritual Bronzes from the Arthur M. Sackler Collections (Volume IIB), Arthur M. Sackler Foundation and Arthur M. Sackler Museum (Washington, D.C. and Cambridge, Mass., 1990) p. 623, fig. 98.2"
entity:artifact:2:203695,bibliography,"Max Loehr and Louisa G. Fitzgerald Huber, Ancient Chinese Jades from the Grenville L. Winthrop Collection in the Fogg Art Museum, Harvard University (Cambridge, MA, Fogg Art Museum, 1975). cat. no. 264a, p. 196"
entity:artifact:2:203696,bibliography,"Max Loehr and Louisa G. Fitzgerald Huber, Ancient Chinese Jades from the Grenville L. Winthrop Collection in the Fogg Art Museum, Harvard University (Cambridge, MA, Fogg Art Museum, 1975). cat. no. 264b, p. 196"
entity:artifact:2:203714,bibliography,"Max Loehr and Louisa G. Fitzgerald Huber, Ancient Chinese Jades from the Grenville L. Winthrop Collection in the Fogg Art Museum, Harvard University (Cambridge, MA, Fogg Art Museum, 1975). cat. no. 466, p. 317"
entity:artifact:2:203715,bibliography,"Max Loehr, Chinese Art: Symbols and Images, exh. cat., Jewett Arts Center (Wellesley, 1967) pp. 29-30, no. 15 | Max Loehr, ""Aesthetic Delight: An Anthology of Far Eastern Art"", Apollo (New Series), Apollo Publications Inc. (London, England, May 1978), vol. CVII, no. 195, pp. 414-421 p. 417, Pl. VII | Kristin A. Mortimer and William G. Klingelhofer, Harvard University Art Museums: A Guide to the Collections, Harvard University Art Museums and Abbeville Press (Cambridge and New York, 1986) no. 37, p. 39"
entity:artifact:2:203716,bibliography,"Max Loehr and Louisa G. Fitzgerald Huber, Ancient Chinese Jades from the Grenville L. Winthrop Collection in the Fogg Art Museum, Harvard University (Cambridge, MA, Fogg Art Museum, 1975). cat. no. 516a, p. 347"
entity:artifact:2:203717,bibliography,"Max Loehr and Louisa G. Fitzgerald Huber, Ancient Chinese Jades from the Grenville L. Winthrop Collection in the Fogg Art Museum, Harvard University (Cambridge, MA, Fogg Art Museum, 1975). cat. no. 516b, p. 347"
entity:artifact:2:203782,bibliography,"Andrzej Dajnowski, ""Analytical Examination of Chinese Liangzhu Neolithic Ceramics"" (thesis (certificate in conservation), Straus Center for Conservation and Technical Studies, 1989), Unpublished passim"
entity:artifact:2:203788,bibliography,"Robert W. Bagley and Haicheng Wang, Art and Artistic Thinking in Ancient China, Asian Art Museum of San Francisco (San Francisco) fig. 11.8a-b | Exhibition of Ancient Chinese Bronzes and Buddhist Art Dating from Shang Dynasty 1766 B.C. to Yuan Dynasty A.D. 1367, auct. cat., Yamanaka & Co. (New York, NY, October 1938) p. 47, no. 28 | Chen Mengjia, Yin Zhou qingtongqi fenlei tulu (A corpus of Chinese bronzes in American Collections), Kyuko Shoin (Tokyo, Japan, 1977) A 219"
entity:artifact:2:203789,bibliography,"Exhibition of Ancient Chinese Bronzes and Buddhist Art Dating from Shang Dynasty 1766 B.C. to Yuan Dynasty A.D. 1367, auct. cat., Yamanaka & Co. (New York, NY, October 1938) p. 43, no. 2 | Chen Mengjia, Yin Zhou qingtongqi fenlei tulu (A corpus of Chinese bronzes in American Collections), Kyuko Shoin (Tokyo, Japan, 1977) A 122 | Jessica Rawson, Western Zhou Ritual Bronzes from the Arthur M. Sackler Collections (Volume IIB), Arthur M. Sackler Foundation and Arthur M. Sackler Museum (Washington, D.C. and Cambridge, Mass., 1990) p. 315, fig. 25.3"
entity:artifact:2:203790,bibliography,"Yukio Yashiro, ""Again on the Sung Copy of the Scroll 'Ladies of the Court' by Chou Wen-chu"", Bijutsu Kenkyu (The Journal of Art Studies), Institute of Art Research, Tokyo (1952), vol. IV, no. 169, pp. 157-62 pp. 157-162, Pl. II-V | Suzuki Kei, Chugoku kaiga sogo zuroku, Amerika Kanada hen (Comprehensive Illustrated Catalog of Chinese Paintings, Volume 1: American and Canadian Collections), University of Tokyo Press (Tokyo, Japan, 1982) pp. I-56 and I-432, no. A 10-026 | Kristin A. Mortimer and William G. Klingelhofer, Harvard University Art Museums: A Guide to the Collections, Harvard University Art Museums and Abbeville Press (Cambridge and New York, 1986) no. 27, p. 32 | Lara Blanchard, Mou Yi’s Pounding Cloth: Painting, Play, Reference, and Discourse in Song China, Artibus Asiae, Museum Rietberg Zurich (Zurich, 2013), vol. LXXIII, no. 2, pp. 295-341 p. 315, fig. 15 | Zoe Kwok, The Eternal Feast: Banqueting in Chinese Art from the 10th to the 14th Century, exh. cat., Princeton University Art Museum (New Haven, 2019) pp. 131, 134, fig. 46"
entity:artifact:2:203791,bibliography,"Abby Hykin, ""FT-IR Analysis of Asian Lacquers"" (thesis (certificate in conservation), Straus Center for Conservation and Technical Studies, 1993), Unpublished pp. 1-6 passim"
entity:artifact:2:203792,bibliography,"Henry Trubner, Chinese Ceramics, from the prehistoric period through Ch'ien Lung: a loan exhibition from collections in America and Japan, exh. cat., Los Angeles County Museum (Los Angeles, CA, 1952) p. 84, no. 193-3"
entity:artifact:2:203831,bibliography,"Valentine Talland, ""Technical Examination of Southern Chinese Chien Ware and Japanese Copies in the Harvard University Art Museums Collection"" (thesis (certificate in conservation), Straus Center for Conservation and Technical Studies, 1988), Unpublished pp. 1-21 passim | Sara Moy, ""Why Are They Blue?: A Technical Analysis of Chinese Green and Blue Glazed Celadons"" (thesis (certificate in conservation), Straus Center for Conservation and Technical Studies, 2001), Unpublished pp. 1-48 passim"
entity:artifact:2:203866,bibliography,"Chen Mengjia, Yin Zhou qingtongqi fenlei tulu (A corpus of Chinese bronzes in American Collections), Kyuko Shoin (Tokyo, Japan, 1977) A 058"
entity:artifact:2:203867,bibliography,"Robert W. Bagley and Haicheng Wang, Art and Artistic Thinking in Ancient China, Asian Art Museum of San Francisco (San Francisco) figs. 9.53a-b, 11.45 | Exhibition of Ancient Chinese Bronzes and Buddhist Art Dating from Shang Dynasty 1766 B.C. to Yuan Dynasty A.D. 1367, auct. cat., Yamanaka & Co. (New York, NY, October 1938) p. 50, no. 31 | Chen Mengjia, Yin Zhou qingtongqi fenlei tulu (A corpus of Chinese bronzes in American Collections), Kyuko Shoin (Tokyo, Japan, 1977) A 643 | Kristin A. Mortimer and William G. Klingelhofer, Harvard University Art Museums: A Guide to the Collections, Harvard University Art Museums and Abbeville Press (Cambridge and New York, 1986) no. 7, p. 17 | Jessica Rawson, Western Zhou Ritual Bronzes from the Arthur M. Sackler Collections (Volume IIB), Arthur M. Sackler Foundation and Arthur M. Sackler Museum (Washington, D.C. and Cambridge, Mass., 1990) p. 247, fig. 8.3"
entity:artifact:2:203870,bibliography,"Chen Mengjia, Yin Zhou qingtongqi fenlei tulu (A corpus of Chinese bronzes in American Collections), Kyuko Shoin (Tokyo, Japan, 1977) A 612"
entity:artifact:2:203873,bibliography,"Jaime Jouris, ""Chinese Black Bronze Mirrors: A Preliminary Examination"" (thesis (certificate in conservation), Straus Center for Conservation and Technical Studies, May 1991), Unpublished passim"
entity:artifact:2:203898,bibliography,"Abby Hykin, ""FT-IR Analysis of Asian Lacquers"" (thesis (certificate in conservation), Straus Center for Conservation and Technical Studies, 1993), Unpublished pp. 1-6 passim"
entity:artifact:2:203942,bibliography,"Jenny So, Early Chinese Jades in the Harvard Art Museums (Cambridge, MA, 2019) pp. 288, 290-1, cat. 41B"
entity:artifact:2:203944,bibliography,"Chen Mengjia, Yin Zhou qingtongqi fenlei tulu (A corpus of Chinese bronzes in American Collections), Kyuko Shoin (Tokyo, Japan, 1977) A 050"
entity:artifact:2:203945,bibliography,"Exhibition of Ancient Chinese Bronzes and Buddhist Art Dating from Shang Dynasty 1766 B.C. to Yuan Dynasty A.D. 1367, auct. cat., Yamanaka & Co. (New York, NY, October 1938) p. 52, no. 45 | Chen Mengjia, Yin Zhou qingtongqi fenlei tulu (A corpus of Chinese bronzes in American Collections), Kyuko Shoin (Tokyo, Japan, 1977) A 728 | Jenny So, Eastern Zhou Ritual Bronzes from the Arthur M. Sackler Collections, Arthur M. Sackler Foundation (New York, NY, 1995) p. 49, fig. 78"
entity:artifact:2:203946,bibliography,"Chen Mengjia, Yin Zhou qingtongqi fenlei tulu (A corpus of Chinese bronzes in American Collections), Kyuko Shoin (Tokyo, Japan, 1977) A 369"
entity:artifact:2:203947,bibliography,"Exhibition of Ancient Chinese Bronzes and Buddhist Art Dating from Shang Dynasty 1766 B.C. to Yuan Dynasty A.D. 1367, auct. cat., Yamanaka & Co. (New York, NY, October 1938) p. 48, no. 29 | Max Loehr, Chinese Art: Symbols and Images, exh. cat., Jewett Arts Center (Wellesley, 1967) pp. 13-15, no. 5 | Chen Mengjia, Yin Zhou qingtongqi fenlei tulu (A corpus of Chinese bronzes in American Collections), Kyuko Shoin (Tokyo, Japan, 1977) A 220 | Jessica Rawson, Western Zhou Ritual Bronzes from the Arthur M. Sackler Collections (Volume IIB), Arthur M. Sackler Foundation and Arthur M. Sackler Museum (Washington, D.C. and Cambridge, Mass., 1990) p. 354, fig. 36.1"
entity:artifact:2:203950,bibliography,"Susan Costello, ""An Investigation of Early Chinese Bronze Mirrors at the Harvard University Art Museums"" (thesis (certificate in conservation), Straus Center for Conservation and Technical Studies, 2005), Unpublished pp. 1-25 passim"
entity:artifact:2:203979,bibliography,"Dorothy W. Gillerman, ed., Grenville L. Winthrop: Retrospective for a Collector, exh. cat., Fogg Art Museum (Cambridge, 1969) no. 060, pp. 66-67 | Takayasu Higuchi, ed., Chugoku bijutsu, dai 4-kan (Chinese Art in Western Collections vol. 4: Bronze and Jade), Kodansha (Tokyo, Japan, 1973) pl. 85 | Kristin A. Mortimer and William G. Klingelhofer, Harvard University Art Museums: A Guide to the Collections, Harvard University Art Museums and Abbeville Press (Cambridge and New York, 1986) no. 11, p. 19"
entity:artifact:2:203980,bibliography,"Susan Costello, ""An Investigation of Early Chinese Bronze Mirrors at the Harvard University Art Museums"" (thesis (certificate in conservation), Straus Center for Conservation and Technical Studies, 2005), Unpublished pp. 1-25 passim"
entity:artifact:2:203981,bibliography,"Dorothy W. Gillerman, ed., Grenville L. Winthrop: Retrospective for a Collector, exh. cat., Fogg Art Museum (Cambridge, 1969) no. 061, pp. 68-69 | Jaime Jouris, ""Chinese Black Bronze Mirrors: A Preliminary Examination"" (thesis (certificate in conservation), Straus Center for Conservation and Technical Studies, May 1991), Unpublished passim | Susan Costello, ""An Investigation of Early Chinese Bronze Mirrors at the Harvard University Art Museums"" (thesis (certificate in conservation), Straus Center for Conservation and Technical Studies, 2005), Unpublished pp. 1-25 passim"
entity:artifact:2:203982,bibliography,"Chen Mengjia, Yin Zhou qingtongqi fenlei tulu (A corpus of Chinese bronzes in American Collections), Kyuko Shoin (Tokyo, Japan, 1977) A 339"
entity:artifact:2:203983,bibliography,"Chen Mengjia, Yin Zhou qingtongqi fenlei tulu (A corpus of Chinese bronzes in American Collections), Kyuko Shoin (Tokyo, Japan, 1977) A 630 | Jessica Rawson, Western Zhou Ritual Bronzes from the Arthur M. Sackler Collections (Volume IIA), Arthur M. Sackler Foundation and Arthur M. Sackler Museum (Washington, D.C. and Cambridge, MA, 1990) p. 65, fig. 83"
entity:artifact:2:203985,bibliography,"Chen Mengjia, Yin Zhou qingtongqi fenlei tulu (A corpus of Chinese bronzes in American Collections), Kyuko Shoin (Tokyo, Japan, 1977) A 056"
entity:artifact:2:203986,bibliography,"Dorothy W. Gillerman, ed., Grenville L. Winthrop: Retrospective for a Collector, exh. cat., Fogg Art Museum (Cambridge, 1969) no. 037, pp. 34-35 | Chen Mengjia, Yin Zhou qingtongqi fenlei tulu (A corpus of Chinese bronzes in American Collections), Kyuko Shoin (Tokyo, Japan, 1977) A 631 | Max Loehr, ""Aesthetic Delight: An Anthology of Far Eastern Art"", Apollo (New Series), Apollo Publications Inc. (London, England, May 1978), vol. CVII, no. 195, pp. 414-421 p. 414, fig. 1 | Kristin A. Mortimer and William G. Klingelhofer, Harvard University Art Museums: A Guide to the Collections, Harvard University Art Museums and Abbeville Press (Cambridge and New York, 1986) no. 6, p. 16 | Jessica Rawson, Western Zhou Ritual Bronzes from the Arthur M. Sackler Collections (Volume IIB), Arthur M. Sackler Foundation and Arthur M. Sackler Museum (Washington, D.C. and Cambridge, Mass., 1990) p. 429, fig. 53.7"
entity:artifact:2:203987,bibliography,"Dorothy W. Gillerman, ed., Grenville L. Winthrop: Retrospective for a Collector, exh. cat., Fogg Art Museum (Cambridge, 1969) no. 038, pp. 36-37 | Jenny So, Eastern Zhou Ritual Bronzes from the Arthur M. Sackler Collections, Arthur M. Sackler Foundation (New York, NY, 1995) p. 376, Fig. 77.3"
entity:artifact:2:203988,bibliography,"Robert W. Bagley and Haicheng Wang, Art and Artistic Thinking in Ancient China, Asian Art Museum of San Francisco (San Francisco) figs. 9.33a-b, 11.44 | Dorothy W. Gillerman, ed., Grenville L. Winthrop: Retrospective for a Collector, exh. cat., Fogg Art Museum (Cambridge, 1969) no. 036, pp. 32-33 | Chen Mengjia, Yin Zhou qingtongqi fenlei tulu (A corpus of Chinese bronzes in American Collections), Kyuko Shoin (Tokyo, Japan, 1977) A 639 | Kristin A. Mortimer and William G. Klingelhofer, Harvard University Art Museums: A Guide to the Collections, Harvard University Art Museums and Abbeville Press (Cambridge and New York, 1986) no. 4, p. 14 | Robert W. Bagley, Shang Ritual Bronzes in the Arthur M. Sackler Collections, Arthur M. Sackler Foundation and Arthur M. Sackler Museum (Washington, D.C. and Cambridge, Mass., 1987) p. 105, fig. 131; p. 131, fig. 198 | Robert W. Bagley, Art and Archaeology of the Erligang Civilization, ed. Kyle Steinke and Dora C. Y. Ching, P. Y. and Kinmay W. Tang Center for East Asian Art (Princeton, NJ, 2014) pp. 20, 22, fig. 6"
entity:artifact:2:203989,bibliography,"Chen Mengjia, Yin Zhou qingtongqi fenlei tulu (A corpus of Chinese bronzes in American Collections), Kyuko Shoin (Tokyo, Japan, 1977) A 804"
entity:artifact:2:203991,bibliography,"Chen Mengjia, Yin Zhou qingtongqi fenlei tulu (A corpus of Chinese bronzes in American Collections), Kyuko Shoin (Tokyo, Japan, 1977) A 567 | Jessica Rawson, Western Zhou Ritual Bronzes from the Arthur M. Sackler Collections (Volume IIB), Arthur M. Sackler Foundation and Arthur M. Sackler Museum (Washington, D.C. and Cambridge, Mass., 1990) p. 578, fig. 87.7"
entity:artifact:2:203992,bibliography,"Sueji Umehara, Shina-Kodo Seikwa (Selected Relics of Ancient Chinese Bronzes from Collections in Europe and America), Yamanaka & Co. (Osaka, Japan, 1933) part 1, vol. 3, p. 224 | Kristin A. Mortimer and William G. Klingelhofer, Harvard University Art Museums: A Guide to the Collections, Harvard University Art Museums and Abbeville Press (Cambridge and New York, 1986) no. 8, p. 18"
entity:artifact:2:203993,bibliography,"Tianlongshan Caves Project, website, Center for the Art of East Asia, The University of Chicago, accessed April 7, 2021 https://tls.uchicago.edu/single-sculpture/152"
entity:artifact:2:203994,bibliography,"Chen Mengjia, Yin Zhou qingtongqi fenlei tulu (A corpus of Chinese bronzes in American Collections), Kyuko Shoin (Tokyo, Japan, 1977) A 303"
entity:artifact:2:203995,bibliography,"Chen Mengjia, Yin Zhou qingtongqi fenlei tulu (A corpus of Chinese bronzes in American Collections), Kyuko Shoin (Tokyo, Japan, 1977) A 327"
entity:artifact:2:203996,bibliography,"Osvald Sirén, ""Chinese Marble Sculptures of the Transition Period"", Bulletin of the Museum of Far Eastern Antiquities, Museum of Far Eastern Antiquities (Stockholm, Sweden, 1940), no. 12 pp. 492-493, plate VII a, right"
entity:artifact:2:203997,bibliography,"Osvald Sirén, ""Chinese Marble Sculptures of the Transition Period"", Bulletin of the Museum of Far Eastern Antiquities, Museum of Far Eastern Antiquities (Stockholm, Sweden, 1940), no. 12 p. 493, plate VII a, left"
entity:artifact:2:203998,bibliography,"Osvald Sirén, ""Chinese Marble Sculptures of the Transition Period"", Bulletin of the Museum of Far Eastern Antiquities, Museum of Far Eastern Antiquities (Stockholm, Sweden, 1940), no. 12 pp. 492-493, plate VII b, left"
entity:artifact:2:203999,bibliography,"Csilla Felker and John Dennis, ""Caves at Tien Lung Shan: A Technical Study of Pigments on Stone"" (thesis (certificate in conservation), Straus Center for Conservation and Technical Studies, 1982), Unpublished pp. 1-16 passim | Tianlongshan Caves Project, website, Center for the Art of East Asia, The University of Chicago, accessed April 7, 2021 https://tls.uchicago.edu/single-sculpture/171"
entity:artifact:2:204001,bibliography,"Dorothy W. Gillerman, ed., Grenville L. Winthrop: Retrospective for a Collector, exh. cat., Fogg Art Museum (Cambridge, 1969) no. 071, pp. 88-89"
entity:artifact:2:204004,bibliography,"Hugo Munsterberg, Buddhist Bronzes of the Six Dynasties Period, Artibus Asiae (1946), Vol. IX, fasc. 4 pp. 296-297, pl. 7 | Dorothy W. Gillerman, ed., Grenville L. Winthrop: Retrospective for a Collector, exh. cat., Fogg Art Museum (Cambridge, 1969) no. 064, pp. 74-75 | W. Chie Ishibashi, ""East Asian Buddhist Bronzes: A Comparative Analytical Study and a Preliminary Report"" (thesis (certificate in conservation), Straus Center for Conservation and Technical Studies, August 1977), Unpublished passim | Kristin A. Mortimer and William G. Klingelhofer, Harvard University Art Museums: A Guide to the Collections, Harvard University Art Museums and Abbeville Press (Cambridge and New York, 1986) no.18, p. 25 | Leopold Swergold, Thoughts on Chinese Buddhist Gilt Bronzes (n.p., 2014) p. 22, ill. p. 23"
entity:artifact:2:204005,bibliography,"Dorothy W. Gillerman, ed., Grenville L. Winthrop: Retrospective for a Collector, exh. cat., Fogg Art Museum (Cambridge, 1969) no. 065, pp. 76-77 | W. Chie Ishibashi, ""East Asian Buddhist Bronzes: A Comparative Analytical Study and a Preliminary Report"" (thesis (certificate in conservation), Straus Center for Conservation and Technical Studies, August 1977), Unpublished passim | Leopold Swergold, Thoughts on Chinese Buddhist Gilt Bronzes (n.p., 2014) p. 24, ill. p. 25"
entity:artifact:2:204006,bibliography,"W. Chie Ishibashi, ""East Asian Buddhist Bronzes: A Comparative Analytical Study and a Preliminary Report"" (thesis (certificate in conservation), Straus Center for Conservation and Technical Studies, August 1977), Unpublished passim | Leopold Swergold, Thoughts on Chinese Buddhist Gilt Bronzes (n.p., 2014) p. 44, ill. p. 45"
entity:artifact:2:204007,bibliography,"Dorothy W. Gillerman, ed., Grenville L. Winthrop: Retrospective for a Collector, exh. cat., Fogg Art Museum (Cambridge, 1969) no. 066, pp. 78-79 | W. Chie Ishibashi, ""East Asian Buddhist Bronzes: A Comparative Analytical Study and a Preliminary Report"" (thesis (certificate in conservation), Straus Center for Conservation and Technical Studies, August 1977), Unpublished passim | Leopold Swergold, Thoughts on Chinese Buddhist Gilt Bronzes (n.p., 2014) p. 42, ill. p. 43"
entity:artifact:2:204008,bibliography,"Leopold Swergold, Thoughts on Chinese Buddhist Gilt Bronzes (n.p., 2014) p. 28, ill. p. 29"
entity:artifact:2:204040,bibliography,"Max Loehr and Louisa G. Fitzgerald Huber, Ancient Chinese Jades from the Grenville L. Winthrop Collection in the Fogg Art Museum, Harvard University (Cambridge, MA, Fogg Art Museum, 1975). cat. no. 571, p. 394"
entity:artifact:2:204041,bibliography,"W. Chie Ishibashi, ""East Asian Buddhist Bronzes: A Comparative Analytical Study and a Preliminary Report"" (thesis (certificate in conservation), Straus Center for Conservation and Technical Studies, August 1977), Unpublished passim | Leopold Swergold, Thoughts on Chinese Buddhist Gilt Bronzes (n.p., 2014) p. 34, ill. p. 35"
entity:artifact:2:204042,bibliography,"Csilla Felker and John Dennis, ""Caves at Tien Lung Shan: A Technical Study of Pigments on Stone"" (thesis (certificate in conservation), Straus Center for Conservation and Technical Studies, 1982), Unpublished pp. 1-16 passim | Tianlongshan Caves Project, website, Center for the Art of East Asia, The University of Chicago, accessed April 7, 2021 https://tls.uchicago.edu/single-sculpture/165"
entity:artifact:2:204043,bibliography,"Osvald Sirén, ""Chinese Marble Sculptures of the Transition Period"", Bulletin of the Museum of Far Eastern Antiquities, Museum of Far Eastern Antiquities (Stockholm, Sweden, 1940), no. 12 pp. 492-493, plate VII c"
entity:artifact:2:204046,bibliography,"Osvald Sirén, ""Chinese Marble Sculptures of the Transition Period"", Bulletin of the Museum of Far Eastern Antiquities, Museum of Far Eastern Antiquities (Stockholm, Sweden, 1940), no. 12 pp. 492-493, plate VII e"
entity:artifact:2:204047,bibliography,"Osvald Sirén, Chinese Sculpture from the Fifth to the Fourteenth Century, E. Benn (London, 1925) Pl. 326 A and B | Osvald Sirén, Chinese Sculpture from the Fifth to the Fourteenth Century, E. Benn (London, 1925) pp. 87-88 | Osvald Sirén, ""Chinese Marble Sculptures of the Transition Period"", Bulletin of the Museum of Far Eastern Antiquities, Museum of Far Eastern Antiquities (Stockholm, Sweden, 1940), no. 12 pp. 481-482, plate III a"
entity:artifact:2:204048,bibliography,"Osvald Sirén, ""Chinese Marble Sculptures of the Transition Period"", Bulletin of the Museum of Far Eastern Antiquities, Museum of Far Eastern Antiquities (Stockholm, Sweden, 1940), no. 12 pp. 486-487, plate V b | Max Loehr, ""Aesthetic Delight: An Anthology of Far Eastern Art"", Apollo (New Series), Apollo Publications Inc. (London, England, May 1978), vol. CVII, no. 195, pp. 414-421 Cover (caption on p. 355)"
entity:artifact:2:204049,bibliography,"Kristin A. Mortimer and William G. Klingelhofer, Harvard University Art Museums: A Guide to the Collections, Harvard University Art Museums and Abbeville Press (Cambridge and New York, 1986) no. 20, p. 26"
entity:artifact:2:204066,bibliography,"Exhibition of Ancient Chinese Bronzes and Buddhist Art Dating from Shang Dynasty 1766 B.C. to Yuan Dynasty A.D. 1367, auct. cat., Yamanaka & Co. (New York, NY, October 1938) p. 44, no. 12 | Chen Mengjia, Yin Zhou qingtongqi fenlei tulu (A corpus of Chinese bronzes in American Collections), Kyuko Shoin (Tokyo, Japan, 1977) A 620"
entity:artifact:2:204067,bibliography,"Chen Mengjia, Yin Zhou qingtongqi fenlei tulu (A corpus of Chinese bronzes in American Collections), Kyuko Shoin (Tokyo, Japan, 1977) A 451"
entity:artifact:2:204068,bibliography,"Exhibition of Ancient Chinese Bronzes and Buddhist Art Dating from Shang Dynasty 1766 B.C. to Yuan Dynasty A.D. 1367, auct. cat., Yamanaka & Co. (New York, NY, October 1938) p. 55, no. 134 (left)"
entity:artifact:2:204070,bibliography,"W. Chie Ishibashi, ""East Asian Buddhist Bronzes: A Comparative Analytical Study and a Preliminary Report"" (thesis (certificate in conservation), Straus Center for Conservation and Technical Studies, August 1977), Unpublished passim"
entity:artifact:2:204071,bibliography,"W. Chie Ishibashi, ""East Asian Buddhist Bronzes: A Comparative Analytical Study and a Preliminary Report"" (thesis (certificate in conservation), Straus Center for Conservation and Technical Studies, August 1977), Unpublished passim | Kristin A. Mortimer and William G. Klingelhofer, Harvard University Art Museums: A Guide to the Collections, Harvard University Art Museums and Abbeville Press (Cambridge and New York, 1986) no. 21, p. 27 | Leopold Swergold, Thoughts on Chinese Buddhist Gilt Bronzes (n.p., 2014) p. 58, ill. p. 59"
entity:artifact:2:204072,bibliography,"De Ma, 散藏美国的五件敦煌绢画, Dunhuang Research (Lanzhou, Gansu), 1999, Issue 02, pp.170-175 | Miyeko Murase, ""Kuan-yin as Savior of Men: Illustration of the Twenty-fifth Chapter of the Lotus Sutra in Chinese Painting"", Artibus Asiae, Artibus Asiae (Ascona, Switzerland, 1971), XXXIII, no. 1, pp. 39-74 illustrated p. 49, fig. 7 | Kristin A. Mortimer and William G. Klingelhofer, Harvard University Art Museums: A Guide to the Collections, Harvard University Art Museums and Abbeville Press (Cambridge and New York, 1986) no. 24, p. 30 | Matthew Brack, ""A Technical Study of Portable Tenth-Century Paintings from Dunhuang in US Collections"" (thesis (certificate in conservation), Straus Center for Conservation and Technical Studies, 2010), Unpublished pp. 1-60 passim"
entity:artifact:2:204073,bibliography,"W. Chie Ishibashi, ""East Asian Buddhist Bronzes: A Comparative Analytical Study and a Preliminary Report"" (thesis (certificate in conservation), Straus Center for Conservation and Technical Studies, August 1977), Unpublished passim | Leopold Swergold, Thoughts on Chinese Buddhist Gilt Bronzes (n.p., 2014) p. 76, ill. p. 77"
entity:artifact:2:204074,bibliography,"Hao Sheng, Approaching the Buddha: Transmission and Transformation, exh. cat., The Museum of Fine Arts, Houston (Houston, 2026) p. 33, fig. 1 | Dorothy W. Gillerman, ed., Grenville L. Winthrop: Retrospective for a Collector, exh. cat., Fogg Art Museum (Cambridge, 1969) no. 063, pp. 72-73 | W. Chie Ishibashi, ""East Asian Buddhist Bronzes: A Comparative Analytical Study and a Preliminary Report"" (thesis (certificate in conservation), Straus Center for Conservation and Technical Studies, August 1977), Unpublished passim | Max Loehr, ""Aesthetic Delight: An Anthology of Far Eastern Art"", Apollo (New Series), Apollo Publications Inc. (London, England, May 1978), vol. CVII, no. 195, pp. 414-421 p. 415, fig. 3 | Kristin A. Mortimer and William G. Klingelhofer, Harvard University Art Museums: A Guide to the Collections, Harvard University Art Museums and Abbeville Press (Cambridge and New York, 1986) no. 17, p. 24 | Stephan Wolohojian and Alvin L. Clark, Jr., Harvard Art Museum/ Handbook, ed. Stephan Wolohojian, Harvard Art Museum (Cambridge, 2008) p. 30 | Christoph Baumer, The History of Central Asia: The Age of the Silk Roads, I. B. Tauris (London, 2014) p. 48, fig. 30 | Leopold Swergold, Thoughts on Chinese Buddhist Gilt Bronzes (n.p., 2014) p. 16, ill. p. 17"
entity:artifact:2:204075,bibliography,"W. Chie Ishibashi, ""East Asian Buddhist Bronzes: A Comparative Analytical Study and a Preliminary Report"" (thesis (certificate in conservation), Straus Center for Conservation and Technical Studies, August 1977), Unpublished passim"
entity:artifact:2:204076,bibliography,"W. Chie Ishibashi, ""East Asian Buddhist Bronzes: A Comparative Analytical Study and a Preliminary Report"" (thesis (certificate in conservation), Straus Center for Conservation and Technical Studies, August 1977), Unpublished passim"
entity:artifact:2:204077,bibliography,"W. Chie Ishibashi, ""East Asian Buddhist Bronzes: A Comparative Analytical Study and a Preliminary Report"" (thesis (certificate in conservation), Straus Center for Conservation and Technical Studies, August 1977), Unpublished passim"
entity:artifact:2:204080,bibliography,"Hugo Munsterberg, Dragons in Chinese Art, exh. cat., China House Gallery (New York, 1971) p. 58, no. 61"
entity:artifact:2:204081,bibliography,"Eugene Wang, ""The Other Laocoön: How Artworks Become Canonical or Fail to Do So?"", Religions (April 2025), vol. 16, no. 4 fig. 7"
entity:artifact:2:204088,bibliography,"Susan Costello, ""An Investigation of Early Chinese Bronze Mirrors at the Harvard University Art Museums"" (thesis (certificate in conservation), Straus Center for Conservation and Technical Studies, 2005), Unpublished pp. 1-25 passim"
entity:artifact:2:204089,bibliography,"Susan Costello, ""An Investigation of Early Chinese Bronze Mirrors at the Harvard University Art Museums"" (thesis (certificate in conservation), Straus Center for Conservation and Technical Studies, 2005), Unpublished pp. 1-25 passim"
entity:artifact:2:204090,bibliography,"Dorothy W. Gillerman, ed., Grenville L. Winthrop: Retrospective for a Collector, exh. cat., Fogg Art Museum (Cambridge, 1969) no. 055, pp. 56-57 | Takayasu Higuchi, ed., Chugoku bijutsu, dai 4-kan (Chinese Art in Western Collections vol. 4: Bronze and Jade), Kodansha (Tokyo, Japan, 1973) pl. 80 | Max Loehr and Louisa G. Fitzgerald Huber, Ancient Chinese Jades from the Grenville L. Winthrop Collection in the Fogg Art Museum, Harvard University (Cambridge, MA, Fogg Art Museum, 1975). cat. no. 524, p. 359 | Jenny So, Early Chinese Jades in the Harvard Art Museums (Cambridge, MA, 2019) pp. 36-37, fig. 2.10b; pp. 43-44, figs. 2.22-2.26; pp. 326-9, cat. 49 | Katherine Eremin, Angela Chang, and Ariel O'Connor, Jade in the Lab, Early Chinese jades in the Harvard Art Museums, Harvard Art Museum (Cambridge, Massachusetts, 2019), Pages 28-47 Figure 2.10b, Page 37; Figure 2.22, Page 43; Figure 2.23, Page 43; Figure 2.24, Page 44; Figure 2.25, Page 44; Figure 2.26, Page 44"
entity:artifact:2:204091,bibliography,"Susan Costello, ""An Investigation of Early Chinese Bronze Mirrors at the Harvard University Art Museums"" (thesis (certificate in conservation), Straus Center for Conservation and Technical Studies, 2005), Unpublished pp. 1-25 passim"
entity:artifact:2:204092,bibliography,"Susan Costello, ""An Investigation of Early Chinese Bronze Mirrors at the Harvard University Art Museums"" (thesis (certificate in conservation), Straus Center for Conservation and Technical Studies, 2005), Unpublished pp. 1-25 passim"
entity:artifact:2:204093,bibliography,"Chen Mengjia, Yin Zhou qingtongqi fenlei tulu (A corpus of Chinese bronzes in American Collections), Kyuko Shoin (Tokyo, Japan, 1977) A 404"
entity:artifact:2:204094,bibliography,"Chen Mengjia, Yin Zhou qingtongqi fenlei tulu (A corpus of Chinese bronzes in American Collections), Kyuko Shoin (Tokyo, Japan, 1977) A 007"
entity:artifact:2:204102,bibliography,"Exhibition of Ancient Chinese Bronzes and Buddhist Art Dating from Shang Dynasty 1766 B.C. to Yuan Dynasty A.D. 1367, auct. cat., Yamanaka & Co. (New York, NY, October 1938) p. 46, no. 22 | Chen Mengjia, Yin Zhou qingtongqi fenlei tulu (A corpus of Chinese bronzes in American Collections), Kyuko Shoin (Tokyo, Japan, 1977) A 227"
entity:artifact:2:204103,bibliography,"Exhibition of Ancient Chinese Bronzes and Buddhist Art Dating from Shang Dynasty 1766 B.C. to Yuan Dynasty A.D. 1367, auct. cat., Yamanaka & Co. (New York, NY, October 1938) p. 55, no. 134 (right)"
entity:artifact:2:204107,bibliography,"Chen Mengjia, Yin Zhou qingtongqi fenlei tulu (A corpus of Chinese bronzes in American Collections), Kyuko Shoin (Tokyo, Japan, 1977) A 230 | Jessica Rawson, Western Zhou Ritual Bronzes from the Arthur M. Sackler Collections (Volume IIB), Arthur M. Sackler Foundation and Arthur M. Sackler Museum (Washington, D.C. and Cambridge, Mass., 1990) p. 469, fig. 61.4"
entity:artifact:2:204115,bibliography,"Susan Costello, ""An Investigation of Early Chinese Bronze Mirrors at the Harvard University Art Museums"" (thesis (certificate in conservation), Straus Center for Conservation and Technical Studies, 2005), Unpublished pp. 1-25 passim"
entity:artifact:2:204116,bibliography,"Susan Costello, ""An Investigation of Early Chinese Bronze Mirrors at the Harvard University Art Museums"" (thesis (certificate in conservation), Straus Center for Conservation and Technical Studies, 2005), Unpublished pp. 1-25 passim"
entity:artifact:2:204117,bibliography,"Susan Costello, ""An Investigation of Early Chinese Bronze Mirrors at the Harvard University Art Museums"" (thesis (certificate in conservation), Straus Center for Conservation and Technical Studies, 2005), Unpublished pp. 1-25 passim"
entity:artifact:2:204130,bibliography,"Dorothy W. Gillerman, ed., Grenville L. Winthrop: Retrospective for a Collector, exh. cat., Fogg Art Museum (Cambridge, 1969) no. 039, pp. 38-39 | Chen Mengjia, Yin Zhou qingtongqi fenlei tulu (A corpus of Chinese bronzes in American Collections), Kyuko Shoin (Tokyo, Japan, 1977) A 731 | Jenny So, Eastern Zhou Ritual Bronzes from the Arthur M. Sackler Collections, Arthur M. Sackler Foundation (New York, NY, 1995) p. 262, Fig. 45.2"
entity:artifact:2:204132,bibliography,"Dorothy W. Gillerman, ed., Grenville L. Winthrop: Retrospective for a Collector, exh. cat., Fogg Art Museum (Cambridge, 1969) no. 070, pp. 86-87 | Csilla Felker and John Dennis, ""Caves at Tien Lung Shan: A Technical Study of Pigments on Stone"" (thesis (certificate in conservation), Straus Center for Conservation and Technical Studies, 1982), Unpublished pp. 1-16 passim | Tianlongshan Caves Project, website, Center for the Art of East Asia, The University of Chicago, accessed April 7, 2021 https://tls.uchicago.edu/single-sculpture/158"
entity:artifact:2:204133,bibliography,"Osvald Sirén, Chinese Sculpture from the Fifth to the Fourteenth Century, E. Benn (London, 1925) Pl. 212 | Osvald Sirén, Chinese Sculpture from the Fifth to the Fourteenth Century, E. Benn (London, 1925) p. 58 | Csilla Felker and John Dennis, ""Caves at Tien Lung Shan: A Technical Study of Pigments on Stone"" (thesis (certificate in conservation), Straus Center for Conservation and Technical Studies, 1982), Unpublished pp. 1-16 passim | Tianlongshan Caves Project, website, Center for the Art of East Asia, The University of Chicago, accessed April 7, 2021 https://tls.uchicago.edu/single-sculpture/159"
entity:artifact:2:204134,bibliography,"Chen Mengjia, Yin Zhou qingtongqi fenlei tulu (A corpus of Chinese bronzes in American Collections), Kyuko Shoin (Tokyo, Japan, 1977) A 565"
entity:artifact:2:204138,bibliography,"Tianlongshan Caves Project, website, Center for the Art of East Asia, The University of Chicago, accessed April 7, 2021 https://tls.uchicago.edu/single-sculpture/164"
entity:artifact:2:204139,bibliography,"Tianlongshan Caves Project, website, Center for the Art of East Asia, The University of Chicago, accessed April 7, 2021 https://tls.uchicago.edu/single-sculpture/167"
entity:artifact:2:204140,bibliography,"Kristin A. Mortimer and William G. Klingelhofer, Harvard University Art Museums: A Guide to the Collections, Harvard University Art Museums and Abbeville Press (Cambridge and New York, 1986) no. 22, p. 28 | Li Yuqun, ""A New Understanding of the Tang Dynasty Grottoes at Tianlongshan"", Orientations, Orientations Magazine Ltd. (Hong Kong, May 2002), vol. 34, no. 5, pp. 48-53 p. 50, fig. 5 | Stephan Wolohojian and Alvin L. Clark, Jr., Harvard Art Museum/ Handbook, ed. Stephan Wolohojian, Harvard Art Museum (Cambridge, 2008) p. 35 | Tianlongshan Caves Project, website, Center for the Art of East Asia, The University of Chicago, accessed April 7, 2021 https://tls.uchicago.edu/single-sculpture/170"
entity:artifact:2:204141,bibliography,"Osvald Sirén, Chinese Sculpture from the Fifth to the Fourteenth Century, E. Benn (London, 1925) p. 89 | Osvald Sirén, Chinese Sculpture from the Fifth to the Fourteenth Century, E. Benn (London, 1925) Pl. 331 A | Osvald Sirén, ""Chinese Marble Sculptures of the Transition Period"", Bulletin of the Museum of Far Eastern Antiquities, Museum of Far Eastern Antiquities (Stockholm, Sweden, 1940), no. 12 pp. 473-496, plate VIII d | Lin Baoyao (or Lin Pao-yao), Sui Stone Sculptures of Budhisattva from Shanxi in the TOP Collection, Study of the Arts, Taipei National University of the Arts (Taipei, Taiwan, 2017), No. 32 p. 430, fig. 13 reproduced in b/w"
entity:artifact:2:204142,bibliography,"Osvald Sirén, Chinese Sculpture from the Fifth to the Fourteenth Century, E. Benn (London, 1925) Pl. 105 A | Osvald Sirén, Chinese Sculpture from the Fifth to the Fourteenth Century, E. Benn (London, 1925) p. 28 | Dorothy W. Gillerman, ed., Grenville L. Winthrop: Retrospective for a Collector, exh. cat., Fogg Art Museum (Cambridge, 1969) no. 068, pp. 82-83"
entity:artifact:2:204163,bibliography,"Chen Mengjia, Yin Zhou qingtongqi fenlei tulu (A corpus of Chinese bronzes in American Collections), Kyuko Shoin (Tokyo, Japan, 1977) A 503"
entity:artifact:2:204167,bibliography,"Chen Mengjia, Yin Zhou qingtongqi fenlei tulu (A corpus of Chinese bronzes in American Collections), Kyuko Shoin (Tokyo, Japan, 1977) A 216"
entity:artifact:2:204168,bibliography,"Chen Mengjia, Yin Zhou qingtongqi fenlei tulu (A corpus of Chinese bronzes in American Collections), Kyuko Shoin (Tokyo, Japan, 1977) A 134"
entity:artifact:2:204169,bibliography,"Max Loehr, Chinese Art: Symbols and Images, exh. cat., Jewett Arts Center (Wellesley, 1967) pp. 15-16, no. 6 | Chen Mengjia, Yin Zhou qingtongqi fenlei tulu (A corpus of Chinese bronzes in American Collections), Kyuko Shoin (Tokyo, Japan, 1977) A 603"
entity:artifact:2:204198,bibliography,"Sueji Umehara, Shina-Kodo Seikwa (Selected Relics of Ancient Chinese Bronzes from Collections in Europe and America), Yamanaka & Co. (Osaka, Japan, 1933) part 1, vol. 3, no. 193 | Exhibition of Ancient Chinese Bronzes and Buddhist Art Dating from Shang Dynasty 1766 B.C. to Yuan Dynasty A.D. 1367, auct. cat., Yamanaka & Co. (New York, NY, October 1938) p. 51, no. 41 | Rong Geng [Jung Keng], Shang Zhou Yiqi Tongkao (The Bronzes of Shang and Chou), Harvard-Yenching Institute (Beijing, 1941) vol. 2, p. 368, no. 694 | Chen Mengjia, Yin Zhou qingtongqi fenlei tulu (A corpus of Chinese bronzes in American Collections), Kyuko Shoin (Tokyo, Japan, 1977) vol. 1, p. 128, A 679; vol. 2, p. 982, A 679 (ill.) | Susanne Ebbinghaus, ed., Animal-Shaped Vessels from the Ancient World: Feasting with Gods, Heroes, and Kings, exh. cat. (Cambridge, MA, 2018) pp. 78-79, fig. 2; p. 359, cat. 32"
entity:artifact:2:204200,bibliography,"Chen Mengjia, Yin Zhou qingtongqi fenlei tulu (A corpus of Chinese bronzes in American Collections), Kyuko Shoin (Tokyo, Japan, 1977) A 836"
entity:artifact:2:204212,bibliography,"Chen Mengjia, Yin Zhou qingtongqi fenlei tulu (A corpus of Chinese bronzes in American Collections), Kyuko Shoin (Tokyo, Japan, 1977) A 601 | Jessica Rawson, Western Zhou Ritual Bronzes from the Arthur M. Sackler Collections (Volume IIB), Arthur M. Sackler Foundation and Arthur M. Sackler Museum (Washington, D.C. and Cambridge, Mass., 1990) p. 560, fig. 83.1"
entity:artifact:2:204213,bibliography,"Exhibition of Ancient Chinese Bronzes and Buddhist Art Dating from Shang Dynasty 1766 B.C. to Yuan Dynasty A.D. 1367, auct. cat., Yamanaka & Co. (New York, NY, October 1938) p. 46, no. 21 | Chen Mengjia, Yin Zhou qingtongqi fenlei tulu (A corpus of Chinese bronzes in American Collections), Kyuko Shoin (Tokyo, Japan, 1977) A 445"
entity:artifact:2:204214,bibliography,"Chen Mengjia, Yin Zhou qingtongqi fenlei tulu (A corpus of Chinese bronzes in American Collections), Kyuko Shoin (Tokyo, Japan, 1977) A 615"
entity:artifact:2:204233,bibliography,"Susan Costello, ""An Investigation of Early Chinese Bronze Mirrors at the Harvard University Art Museums"" (thesis (certificate in conservation), Straus Center for Conservation and Technical Studies, 2005), Unpublished pp. 1-25 passim"
entity:artifact:2:204234,bibliography,"Chen Mengjia, Yin Zhou qingtongqi fenlei tulu (A corpus of Chinese bronzes in American Collections), Kyuko Shoin (Tokyo, Japan, 1977) A 662 | Yumiko Suefusa, ""In Shū seidō iki no bi—jikō no kikei to sōshoku"" [""Yin and Chou Bronzes with Special Reference to Ssü-kuang Type Receptacles""], Kobijutsu, No. 55, pp. 29-61, March 1978 no. 14 | Judith Levinson, ""Stylistic and Technical Examination of a Kuang Vessel in the Fogg Art Museum"" (June 1983), Unpublished pp. 1-57 passim"
entity:artifact:2:204235,bibliography,"Max Loehr and Louisa G. Fitzgerald Huber, Ancient Chinese Jades from the Grenville L. Winthrop Collection in the Fogg Art Museum, Harvard University (Cambridge, MA, Fogg Art Museum, 1975). cat. no. 622, p. 426"
entity:artifact:2:204236,bibliography,"Max Loehr and Louisa G. Fitzgerald Huber, Ancient Chinese Jades from the Grenville L. Winthrop Collection in the Fogg Art Museum, Harvard University (Cambridge, MA, Fogg Art Museum, 1975). cat. no. 349c, p. 235"
entity:artifact:2:204237,bibliography,"Max Loehr and Louisa G. Fitzgerald Huber, Ancient Chinese Jades from the Grenville L. Winthrop Collection in the Fogg Art Museum, Harvard University (Cambridge, MA, Fogg Art Museum, 1975). cat. no. 349d, p. 235"
entity:artifact:2:204238,bibliography,"Max Loehr and Louisa G. Fitzgerald Huber, Ancient Chinese Jades from the Grenville L. Winthrop Collection in the Fogg Art Museum, Harvard University (Cambridge, MA, Fogg Art Museum, 1975). cat. no. 483a, p. 330"
entity:artifact:2:204239,bibliography,"Max Loehr and Louisa G. Fitzgerald Huber, Ancient Chinese Jades from the Grenville L. Winthrop Collection in the Fogg Art Museum, Harvard University (Cambridge, MA, Fogg Art Museum, 1975). cat. no. 483b, p. 330"
entity:artifact:2:204240,bibliography,"Max Loehr and Louisa G. Fitzgerald Huber, Ancient Chinese Jades from the Grenville L. Winthrop Collection in the Fogg Art Museum, Harvard University (Cambridge, MA, Fogg Art Museum, 1975). cat. no. 482, p. 329"
entity:artifact:2:204243,bibliography,"Robert W. Bagley and Haicheng Wang, Art and Artistic Thinking in Ancient China, Asian Art Museum of San Francisco (San Francisco) fig. 17.52c"
entity:artifact:2:204245,bibliography,"Dorothy W. Gillerman, ed., Grenville L. Winthrop: Retrospective for a Collector, exh. cat., Fogg Art Museum (Cambridge, 1969) no. 054, pp. 54-55 | Junkunc: Arts of Ancient China, auct. cat., Sotheby's, New York (New York, 2019) p. 78, fig. 1"
entity:artifact:2:204246,bibliography,"Dorothy W. Gillerman, ed., Grenville L. Winthrop: Retrospective for a Collector, exh. cat., Fogg Art Museum (Cambridge, 1969) no. 054, pp. 54-55 | Junkunc: Arts of Ancient China, auct. cat., Sotheby's, New York (New York, 2019) p. 78, fig. 1"
entity:artifact:2:204266,bibliography,"Max Loehr and Louisa G. Fitzgerald Huber, Ancient Chinese Jades from the Grenville L. Winthrop Collection in the Fogg Art Museum, Harvard University (Cambridge, MA, Fogg Art Museum, 1975). cat. no. 168, p. 135"
entity:artifact:2:204267,bibliography,"Max Loehr and Louisa G. Fitzgerald Huber, Ancient Chinese Jades from the Grenville L. Winthrop Collection in the Fogg Art Museum, Harvard University (Cambridge, MA, Fogg Art Museum, 1975). cat. no. 320a, p. 215"
entity:artifact:2:204268,bibliography,"Max Loehr and Louisa G. Fitzgerald Huber, Ancient Chinese Jades from the Grenville L. Winthrop Collection in the Fogg Art Museum, Harvard University (Cambridge, MA, Fogg Art Museum, 1975). cat. no. 320b, p. 215"
entity:artifact:2:204269,bibliography,"Sueji Umehara, Kan izen no kokyō no kenkyū (L'Etude Sur Le Miroir Antérieur à l̀a Dynastie des ""Han"") (Kyôto, 1935) | Jaime Jouris, ""Chinese Black Bronze Mirrors: A Preliminary Examination"" (thesis (certificate in conservation), Straus Center for Conservation and Technical Studies, May 1991), Unpublished passim | Susan Costello, Katherine Eremin, and Francesca Bewer, ""An investigation of repairs to Chinese bronze artefacts at the Harvard Art Museums"", Holding It All Together: Ancient and Modern Approaches to Joining, Repair and Consolidation, ed. David Saunders, Archetype Publications (London, 2009), pp. 184-191 p. 190, fig. 7"
entity:artifact:2:204271,bibliography,"Dorothy W. Gillerman, ed., Grenville L. Winthrop: Retrospective for a Collector, exh. cat., Fogg Art Museum (Cambridge, 1969) no. 052, pp. 52-53 | Jenny So, Early Chinese Jades in the Harvard Art Museums (Cambridge, MA, 2019) pp. 288, 290, fig. 1"
entity:artifact:2:204276,bibliography,"Susan Costello, ""An Investigation of Early Chinese Bronze Mirrors at the Harvard University Art Museums"" (thesis (certificate in conservation), Straus Center for Conservation and Technical Studies, 2005), Unpublished pp. 1-25 passim"
entity:artifact:2:204277,bibliography,"Yanlong Guo, The Allure of the Mirror: Mass Consumption of Fine Things in the Han Empire, Columbia University Press (New York, 2025) pp. 59-60, fig. 2.5 | Michael Sullivan, ""Pictorial Art and the Attitude toward Nature in Ancient China"", Art Bulletin (March 1954), vol. 36, no. 1, pp. 1-19 pl. 2 | Sueji Umehara, ""Sengoku-jidai no saigakyo"" (Painted Bronze Mirrors of the Period of Warring States), Bijutsu Kenkyu (The Journal of Art Studies) (November 1954), vol. 178, pp. 153-72 color pl. 1 | Michael Sullivan, The Birth of Landscape Painting in China, University of California Press (Berkeley, 1962) pl. 6 | Dorothy W. Gillerman, ed., Grenville L. Winthrop: Retrospective for a Collector, exh. cat., Fogg Art Museum (Cambridge, 1969) no. 056, pp. 58-59 | Kazuo Miyamoto, ""The Chronology of the Painted Bronze Mirror and its Meaning"", The Shien (or the Journal of History) (2000), No. 137, pp. 159-191 p. 170, ill. 7.1 | Susan Costello, ""An Investigation of Early Chinese Bronze Mirrors at the Harvard University Art Museums"" (thesis (certificate in conservation), Straus Center for Conservation and Technical Studies, 2005), Unpublished pp. 1-25 passim"
entity:artifact:2:204278,bibliography,"Dorothy W. Gillerman, ed., Grenville L. Winthrop: Retrospective for a Collector, exh. cat., Fogg Art Museum (Cambridge, 1969) no. 062, pp. 70-71 | Susan Costello, ""An Investigation of Early Chinese Bronze Mirrors at the Harvard University Art Museums"" (thesis (certificate in conservation), Straus Center for Conservation and Technical Studies, 2005), Unpublished pp. 1-25 passim"
entity:artifact:2:204282,bibliography,"Max Loehr and Louisa G. Fitzgerald Huber, Ancient Chinese Jades from the Grenville L. Winthrop Collection in the Fogg Art Museum, Harvard University (Cambridge, MA, Fogg Art Museum, 1975). cat. no. 476, p. 326 | Jenny So, Early Chinese Jades in the Harvard Art Museums (Cambridge, MA, 2019) pp. 40-42, figs. 2.19a-c, 2.20a-b | Katherine Eremin, Angela Chang, and Ariel O'Connor, Jade in the Lab, Early Chinese jades in the Harvard Art Museums, Harvard Art Museum (Cambridge, Massachusetts, 2019), Pages 28-47 Figure 2.19a-c, Page 41; Figure 2.20a-b, Page 42"
entity:artifact:2:204283,bibliography,"Dorothy W. Gillerman, ed., Grenville L. Winthrop: Retrospective for a Collector, exh. cat., Fogg Art Museum (Cambridge, 1969) no. 049, pp. 48-49"
entity:artifact:2:204284,bibliography,"Max Loehr, Chinese Art: Symbols and Images, exh. cat., Jewett Arts Center (Wellesley, 1967) pp. 38-39, no. 20 | Max Loehr, Chinese Landscape Woodcuts from an Imperial Commentary to the Tenth-Century Printed Edition of the Buddhist Canon, Harvard University Press (Cambridge, MA, 1968) n.p., Plate 1-17 | Suzuki Kei, Chugoku kaiga sogo zuroku, Amerika Kanada hen (Comprehensive Illustrated Catalog of Chinese Paintings, Volume 1: American and Canadian Collections), University of Tokyo Press (Tokyo, Japan, 1982) pp. I-58 and I-432, no. A 10-041 | Natasha Heller, Illusory Abiding: The Cultural Construction of the Chan Monk Zhongfeng Mingben, Harvard University Asia Center (Cambridge and London, 2014) p. 367, fig. 6"
entity:artifact:2:204285,bibliography,"Max Loehr and Louisa G. Fitzgerald Huber, Ancient Chinese Jades from the Grenville L. Winthrop Collection in the Fogg Art Museum, Harvard University (Cambridge, MA, Fogg Art Museum, 1975). cat. no. 349a, p. 235"
entity:artifact:2:204286,bibliography,"Max Loehr and Louisa G. Fitzgerald Huber, Ancient Chinese Jades from the Grenville L. Winthrop Collection in the Fogg Art Museum, Harvard University (Cambridge, MA, Fogg Art Museum, 1975). cat. no. 349b, p. 235"
entity:artifact:2:204287,bibliography,"Max Loehr and Louisa G. Fitzgerald Huber, Ancient Chinese Jades from the Grenville L. Winthrop Collection in the Fogg Art Museum, Harvard University (Cambridge, MA, Fogg Art Museum, 1975). cat. no. 96, p. 93"
entity:artifact:2:204288,bibliography,"Max Loehr and Louisa G. Fitzgerald Huber, Ancient Chinese Jades from the Grenville L. Winthrop Collection in the Fogg Art Museum, Harvard University (Cambridge, MA, Fogg Art Museum, 1975). cat. no. 109, p. 105"
entity:artifact:2:204292,bibliography,"Max Loehr and Louisa G. Fitzgerald Huber, Ancient Chinese Jades from the Grenville L. Winthrop Collection in the Fogg Art Museum, Harvard University (Cambridge, MA, Fogg Art Museum, 1975). cat. no. 354a, p. 238"
entity:artifact:2:204293,bibliography,"Max Loehr and Louisa G. Fitzgerald Huber, Ancient Chinese Jades from the Grenville L. Winthrop Collection in the Fogg Art Museum, Harvard University (Cambridge, MA, Fogg Art Museum, 1975). cat. no. 530, p. 367"
entity:artifact:2:204294,bibliography,"Max Loehr and Louisa G. Fitzgerald Huber, Ancient Chinese Jades from the Grenville L. Winthrop Collection in the Fogg Art Museum, Harvard University (Cambridge, MA, Fogg Art Museum, 1975). cat. no. 95, p. 93"
entity:artifact:2:204295,bibliography,"Max Loehr and Louisa G. Fitzgerald Huber, Ancient Chinese Jades from the Grenville L. Winthrop Collection in the Fogg Art Museum, Harvard University (Cambridge, MA, Fogg Art Museum, 1975). cat. no. 325, pp. 218-219 | Jessica Rawson, Western Zhou Ritual Bronzes from the Arthur M. Sackler Collections (Volume IIA), Arthur M. Sackler Foundation and Arthur M. Sackler Museum (Washington, D.C. and Cambridge, MA, 1990) p. 116, fig. 162b | Jenny So, Early Chinese Jades in the Harvard Art Museums (Cambridge, MA, 2019) pp. 178-79, 182-83, cat. 23A"
entity:artifact:2:204296,bibliography,"Dorothy W. Gillerman, ed., Grenville L. Winthrop: Retrospective for a Collector, exh. cat., Fogg Art Museum (Cambridge, 1969) no. 046, pp. 46-47"
entity:artifact:2:204297,bibliography,"Dorothy W. Gillerman, ed., Grenville L. Winthrop: Retrospective for a Collector, exh. cat., Fogg Art Museum (Cambridge, 1969) no. 046, pp. 46-47"
entity:artifact:2:204298,bibliography,"Dorothy W. Gillerman, ed., Grenville L. Winthrop: Retrospective for a Collector, exh. cat., Fogg Art Museum (Cambridge, 1969) no. 047, pp. 46-47"
entity:artifact:2:204299,bibliography,"Dorothy W. Gillerman, ed., Grenville L. Winthrop: Retrospective for a Collector, exh. cat., Fogg Art Museum (Cambridge, 1969) no. 047, pp. 46-47"
entity:artifact:2:204302,bibliography,"Zhixin Jason Sun, Age of Empires: Art of the Qin and Han Dynasties, exh. cat., The Metropolitan Museum of Art (New York, 2017) pp. 104-105, fig. 72"
entity:artifact:2:204303,bibliography,"Chen Mengjia, Yin Zhou qingtongqi fenlei tulu (A corpus of Chinese bronzes in American Collections), Kyuko Shoin (Tokyo, Japan, 1977) A 585"
entity:artifact:2:204305,bibliography,"Susan Costello, Katherine Eremin, and Francesca Bewer, ""An investigation of repairs to Chinese bronze artefacts at the Harvard Art Museums"", Holding It All Together: Ancient and Modern Approaches to Joining, Repair and Consolidation, ed. David Saunders, Archetype Publications (London, 2009), pp. 184-191 pp. 187-188, fig. 3"
entity:artifact:2:204306,bibliography,"Jaime Jouris, ""Chinese Black Bronze Mirrors: A Preliminary Examination"" (thesis (certificate in conservation), Straus Center for Conservation and Technical Studies, May 1991), Unpublished passim"
entity:artifact:2:204307,bibliography,"Robert W. Bagley and Haicheng Wang, Art and Artistic Thinking in Ancient China, Asian Art Museum of San Francisco (San Francisco) fig. 17.42 | Jaime Jouris, ""Chinese Black Bronze Mirrors: A Preliminary Examination"" (thesis (certificate in conservation), Straus Center for Conservation and Technical Studies, May 1991), Unpublished passim"
entity:artifact:2:204309,bibliography,"Sueji Umehara, Shina-Kodo Seikwa (Selected Relics of Ancient Chinese Bronzes from Collections in Europe and America), Yamanaka & Co. (Osaka, Japan, 1933) vol. 4, pl. 1 | Sueji Umehara, L'Étude sur le Miroir Antérieur à la Dynastie des ""HAN"", The Academy of Oriental Culture, Kyoto Institute (Kyoto, 1935) pl. XXXII | Kazuo Miyamoto, ""The Warring States Age's Bronze Mirrors of the Winthrop Collection at Harvard University Art Museums"", Bulletin of the Sumitomo Collection (Sen-Oku Hakuko Kan) (Kyoto, October 2000), XVII, pp. 47-67 pp. 65-66, pl. 5-2 | Susan Costello, ""An Investigation of Early Chinese Bronze Mirrors at the Harvard University Art Museums"" (thesis (certificate in conservation), Straus Center for Conservation and Technical Studies, 2005), Unpublished pp. 1-25 passim"
entity:artifact:2:204310,bibliography,"Susan Costello, ""An Investigation of Early Chinese Bronze Mirrors at the Harvard University Art Museums"" (thesis (certificate in conservation), Straus Center for Conservation and Technical Studies, 2005), Unpublished pp. 1-25 passim"
entity:artifact:2:204311,bibliography,"Chen Mengjia, Yin Zhou qingtongqi fenlei tulu (A corpus of Chinese bronzes in American Collections), Kyuko Shoin (Tokyo, Japan, 1977) A 653 | Yumiko Suefusa, ""In Shū seidō iki no bi—jikō no kikei to sōshoku"" [""Yin and Chou Bronzes with Special Reference to Ssü-kuang Type Receptacles""], Kobijutsu, No. 55, pp. 29-61, March 1978 p. 41, no. 39"
entity:artifact:2:204313,bibliography,"Jenny So, Early Chinese Jades in the Harvard Art Museums (Cambridge, MA, 2019) p. 140, fig. 1"
entity:artifact:2:204314,bibliography,"Chen Mengjia, Yin Zhou qingtongqi fenlei tulu (A corpus of Chinese bronzes in American Collections), Kyuko Shoin (Tokyo, Japan, 1977) A 084"
entity:artifact:2:204317,bibliography,"Yanlong Guo, The Allure of the Mirror: Mass Consumption of Fine Things in the Han Empire, Columbia University Press (New York, 2025) pp. 23-24, fig. 1.2 | R.W. Swallow, Ancient Chinese Bronze Mirrors, Henri Vetch (Peiping, 1937) pl. 26 | Susan Costello, ""An Investigation of Early Chinese Bronze Mirrors at the Harvard University Art Museums"" (thesis (certificate in conservation), Straus Center for Conservation and Technical Studies, 2005), Unpublished pp. 1-25 passim"
entity:artifact:2:204343,bibliography,"Susan Costello, ""An Investigation of Early Chinese Bronze Mirrors at the Harvard University Art Museums"" (thesis (certificate in conservation), Straus Center for Conservation and Technical Studies, 2005), Unpublished pp. 1-25 passim | Susan Costello, Katherine Eremin, and Francesca Bewer, ""An investigation of repairs to Chinese bronze artefacts at the Harvard Art Museums"", Holding It All Together: Ancient and Modern Approaches to Joining, Repair and Consolidation, ed. David Saunders, Archetype Publications (London, 2009), pp. 184-191 pp. 188-189, fig. 6"
entity:artifact:2:204344,bibliography,"Chen Mengjia, Yin Zhou qingtongqi fenlei tulu (A corpus of Chinese bronzes in American Collections), Kyuko Shoin (Tokyo, Japan, 1977) A 438 | Jessica Rawson, Western Zhou Ritual Bronzes from the Arthur M. Sackler Collections (Volume IIB), Arthur M. Sackler Foundation and Arthur M. Sackler Museum (Washington, D.C. and Cambridge, Mass., 1990) p. 578, fig. 87.6"
entity:artifact:2:204345,bibliography,"Exhibition of Ancient Chinese Bronzes and Buddhist Art Dating from Shang Dynasty 1766 B.C. to Yuan Dynasty A.D. 1367, auct. cat., Yamanaka & Co. (New York, NY, October 1938) p. 43, no. 1 | Chen Mengjia, Yin Zhou qingtongqi fenlei tulu (A corpus of Chinese bronzes in American Collections), Kyuko Shoin (Tokyo, Japan, 1977) A 577 | Robert W. Bagley, Shang Ritual Bronzes in the Arthur M. Sackler Collections, Arthur M. Sackler Foundation and Arthur M. Sackler Museum (Washington, D.C. and Cambridge, Mass., 1987) p. 115, fig. 153"
entity:artifact:2:204347,bibliography,"Dorothy W. Gillerman, ed., Grenville L. Winthrop: Retrospective for a Collector, exh. cat., Fogg Art Museum (Cambridge, 1969) no. 040, pp. 40-41 | Chen Mengjia, Yin Zhou qingtongqi fenlei tulu (A corpus of Chinese bronzes in American Collections), Kyuko Shoin (Tokyo, Japan, 1977) A 281 | Kristin A. Mortimer and William G. Klingelhofer, Harvard University Art Museums: A Guide to the Collections, Harvard University Art Museums and Abbeville Press (Cambridge and New York, 1986) no. 9, p. 18 | Jenny So, Eastern Zhou Ritual Bronzes from the Arthur M. Sackler Collections, Arthur M. Sackler Foundation (New York, NY, 1995) p. 201, Fig. 29.8"
entity:artifact:2:204348,bibliography,"Chen Mengjia, Yin Zhou qingtongqi fenlei tulu (A corpus of Chinese bronzes in American Collections), Kyuko Shoin (Tokyo, Japan, 1977) A 710"
entity:artifact:2:204349,bibliography,"Dorothy W. Gillerman, ed., Grenville L. Winthrop: Retrospective for a Collector, exh. cat., Fogg Art Museum (Cambridge, 1969) no. 059, pp. 64-65"
entity:artifact:2:204352,bibliography,"Osvald Sirén, Chinese Sculpture from the Fifth to the Fourteenth Century, E. Benn (London, 1925) Pl. 213 | Osvald Sirén, Chinese Sculpture from the Fifth to the Fourteenth Century, E. Benn (London, 1925) p. 58 | Tianlongshan Caves Project, website, Center for the Art of East Asia, The University of Chicago, accessed April 7, 2021 https://tls.uchicago.edu/single-sculpture/149"
entity:artifact:2:204353,bibliography,"Osvald Sirén, Chinese Sculpture from the Fifth to the Fourteenth Century, E. Benn (London, 1925) Pl. 213 and 217 | Osvald Sirén, Chinese Sculpture from the Fifth to the Fourteenth Century, E. Benn (London, 1925) p. 58 | Tianlongshan Caves Project, website, Center for the Art of East Asia, The University of Chicago, accessed April 7, 2021 https://tls.uchicago.edu/single-sculpture/150"
entity:artifact:2:204354,bibliography,"Tianlongshan Caves Project, website, Center for the Art of East Asia, The University of Chicago, accessed April 7, 2021 https://tls.uchicago.edu/single-sculpture/154"
entity:artifact:2:204355,bibliography,"Osvald Sirén, Chinese Sculpture from the Fifth to the Fourteenth Century, E. Benn (London, 1925) Pl. 216 | Osvald Sirén, Chinese Sculpture from the Fifth to the Fourteenth Century, E. Benn (London, 1925) p. 58 | Tianlongshan Caves Project, website, Center for the Art of East Asia, The University of Chicago, accessed April 7, 2021 https://tls.uchicago.edu/single-sculpture/155"
entity:artifact:2:204356,bibliography,"Chen Mengjia, Yin Zhou qingtongqi fenlei tulu (A corpus of Chinese bronzes in American Collections), Kyuko Shoin (Tokyo, Japan, 1977) A 142 | Robert W. Bagley, Shang Ritual Bronzes in the Arthur M. Sackler Collections, Arthur M. Sackler Foundation and Arthur M. Sackler Museum (Washington, D.C. and Cambridge, Mass., 1987) p. 500, fig. 96.7 | Jessica Rawson, Western Zhou Ritual Bronzes from the Arthur M. Sackler Collections (Volume IIB), Arthur M. Sackler Foundation and Arthur M. Sackler Museum (Washington, D.C. and Cambridge, Mass., 1990) p. 501, fig. 69.1 and detail on p. 389, fig. 44.6"
entity:artifact:2:204357,bibliography,"Jaime Jouris, ""Chinese Black Bronze Mirrors: A Preliminary Examination"" (thesis (certificate in conservation), Straus Center for Conservation and Technical Studies, May 1991), Unpublished passim | Susan Costello, ""An Investigation of Early Chinese Bronze Mirrors at the Harvard University Art Museums"" (thesis (certificate in conservation), Straus Center for Conservation and Technical Studies, 2005), Unpublished pp. 1-25 passim"
entity:artifact:2:204358,bibliography,"Dorothy W. Gillerman, ed., Grenville L. Winthrop: Retrospective for a Collector, exh. cat., Fogg Art Museum (Cambridge, 1969) no. 058, pp. 62-63 | Susan Costello, ""An Investigation of Early Chinese Bronze Mirrors at the Harvard University Art Museums"" (thesis (certificate in conservation), Straus Center for Conservation and Technical Studies, 2005), Unpublished pp. 1-25 passim | Susan Costello, Katherine Eremin, and Francesca Bewer, ""An investigation of repairs to Chinese bronze artefacts at the Harvard Art Museums"", Holding It All Together: Ancient and Modern Approaches to Joining, Repair and Consolidation, ed. David Saunders, Archetype Publications (London, 2009), pp. 184-191 pp. 187-188, fig. 2"
entity:artifact:2:204363,bibliography,"Dorothy W. Gillerman, ed., Grenville L. Winthrop: Retrospective for a Collector, exh. cat., Fogg Art Museum (Cambridge, 1969) no. 069, pp. 84-85 | Tianlongshan Caves Project, website, Center for the Art of East Asia, The University of Chicago, accessed April 7, 2021 https://tls.uchicago.edu/single-sculpture/151"
entity:artifact:2:204364,bibliography,"Tianlongshan Caves Project, website, Center for the Art of East Asia, The University of Chicago, accessed April 7, 2021 https://tls.uchicago.edu/single-sculpture/153"
entity:artifact:2:204365,bibliography,"Osvald Sirén, Chinese Sculpture from the Fifth to the Fourteenth Century, E. Benn (London, 1925) Pl. 217 | Osvald Sirén, Chinese Sculpture from the Fifth to the Fourteenth Century, E. Benn (London, 1925) p. 58 | Tianlongshan Caves Project, website, Center for the Art of East Asia, The University of Chicago, accessed April 7, 2021 https://tls.uchicago.edu/single-sculpture/156"
entity:artifact:2:204366,bibliography,"Chen Mengjia, Yin Zhou qingtongqi fenlei tulu (A corpus of Chinese bronzes in American Collections), Kyuko Shoin (Tokyo, Japan, 1977) A 725 | Susan Costello, Katherine Eremin, and Francesca Bewer, ""An investigation of repairs to Chinese bronze artefacts at the Harvard Art Museums"", Holding It All Together: Ancient and Modern Approaches to Joining, Repair and Consolidation, ed. David Saunders, Archetype Publications (London, 2009), pp. 184-191 pp. 185-186, fig. 1"
entity:artifact:2:204368,bibliography,"Chen Mengjia, Yin Zhou qingtongqi fenlei tulu (A corpus of Chinese bronzes in American Collections), Kyuko Shoin (Tokyo, Japan, 1977) A 735"
entity:artifact:2:204389,bibliography,"Max Loehr and Louisa G. Fitzgerald Huber, Ancient Chinese Jades from the Grenville L. Winthrop Collection in the Fogg Art Museum, Harvard University (Cambridge, MA, Fogg Art Museum, 1975). cat. no. 475, p. 325 | Jenny So, Early Chinese Jades in the Harvard Art Museums (Cambridge, MA, 2019) pp. 41-42, fig. 2.21a-b | Katherine Eremin, Angela Chang, and Ariel O'Connor, Jade in the Lab, Early Chinese jades in the Harvard Art Museums, Harvard Art Museum (Cambridge, Massachusetts, 2019), Pages 28-47 Figure 2.21a-b, Page 42"
entity:artifact:2:204391,bibliography,"Jenny So, Eastern Zhou Ritual Bronzes from the Arthur M. Sackler Collections, Arthur M. Sackler Foundation (New York, NY, 1995) p. 28, fig. 23 | Helen Loveday, Diversity in Eastern Zhou Bronze Casting: A Look at a Group of Openwork Vessels, Journal of East Asian Archaeology, Brill Academic Publishers (Leiden) (Leiden, 2002), 4, I-4, pp. 101-142 p. 104, fig. 2"
entity:artifact:2:204392,bibliography,"Max Loehr and Louisa G. Fitzgerald Huber, Ancient Chinese Jades from the Grenville L. Winthrop Collection in the Fogg Art Museum, Harvard University (Cambridge, MA, Fogg Art Museum, 1975). cat. no. 485, p. 331 | Jenny So, Early Chinese Jades in the Harvard Art Museums (Cambridge, MA, 2019) p. 34, fig. 2.6a-b; pp. 206-8, cat. 24A"
entity:artifact:2:204393,bibliography,"Susan Costello, Katherine Eremin, and Francesca Bewer, ""An investigation of repairs to Chinese bronze artefacts at the Harvard Art Museums"", Holding It All Together: Ancient and Modern Approaches to Joining, Repair and Consolidation, ed. David Saunders, Archetype Publications (London, 2009), pp. 184-191 pp. 187-188, fig. 4"
entity:artifact:2:204416,bibliography,"Max Loehr and Louisa G. Fitzgerald Huber, Ancient Chinese Jades from the Grenville L. Winthrop Collection in the Fogg Art Museum, Harvard University (Cambridge, MA, Fogg Art Museum, 1975). cat. no. 574, p. 397 | Jenny So, Early Chinese Jades in the Harvard Art Museums (Cambridge, MA, 2019) pp. 254-5, cat. 36A"
entity:artifact:2:204417,bibliography,"W. Chie Ishibashi, ""East Asian Buddhist Bronzes: A Comparative Analytical Study and a Preliminary Report"" (thesis (certificate in conservation), Straus Center for Conservation and Technical Studies, August 1977), Unpublished passim | Leopold Swergold, Thoughts on Chinese Buddhist Gilt Bronzes (n.p., 2014) p. 32, ill. back cover, p. 33"
entity:artifact:2:204418,bibliography,"W. Chie Ishibashi, ""East Asian Buddhist Bronzes: A Comparative Analytical Study and a Preliminary Report"" (thesis (certificate in conservation), Straus Center for Conservation and Technical Studies, August 1977), Unpublished passim"
entity:artifact:2:204422,bibliography,"Tianlongshan Caves Project, website, Center for the Art of East Asia, The University of Chicago, accessed April 7, 2021 https://tls.uchicago.edu/single-sculpture/163"
entity:artifact:2:204423,bibliography,"Osvald Sirén, Chinese Sculpture from the Fifth to the Fourteenth Century, E. Benn (London, 1925) Pl. 218 | Osvald Sirén, Chinese Sculpture from the Fifth to the Fourteenth Century, E. Benn (London, 1925) p. 58 | Csilla Felker and John Dennis, ""Caves at Tien Lung Shan: A Technical Study of Pigments on Stone"" (thesis (certificate in conservation), Straus Center for Conservation and Technical Studies, 1982), Unpublished pp. 1-16 passim | Tianlongshan Caves Project, website, Center for the Art of East Asia, The University of Chicago, accessed April 7, 2021 https://tls.uchicago.edu/single-sculpture/166"
entity:artifact:2:204424,bibliography,"Osvald Sirén, ""Chinese Marble Sculptures of the Transition Period"", Bulletin of the Museum of Far Eastern Antiquities, Museum of Far Eastern Antiquities (Stockholm, Sweden, 1940), no. 12 p. 493, plate VII b, right | Kristin A. Mortimer and William G. Klingelhofer, Harvard University Art Museums: A Guide to the Collections, Harvard University Art Museums and Abbeville Press (Cambridge and New York, 1986) no. 19, p. 26"
entity:artifact:2:204426,bibliography,"Tianlongshan Caves Project, website, Center for the Art of East Asia, The University of Chicago, accessed April 7, 2021 https://tls.uchicago.edu/single-sculpture/172"
entity:artifact:2:204427,bibliography,"Tianlongshan Caves Project, website, Center for the Art of East Asia, The University of Chicago, accessed April 7, 2021 https://tls.uchicago.edu/single-sculpture/173"
entity:artifact:2:204429,bibliography,"Osvald Sirén, Chinese Sculpture from the Fifth to the Fourteenth Century, E. Benn (London, 1925) Pl. 212 | Osvald Sirén, Chinese Sculpture from the Fifth to the Fourteenth Century, E. Benn (London, 1925) p. 58 | Csilla Felker and John Dennis, ""Caves at Tien Lung Shan: A Technical Study of Pigments on Stone"" (thesis (certificate in conservation), Straus Center for Conservation and Technical Studies, 1982), Unpublished pp. 1-16 passim | Tianlongshan Caves Project, website, Center for the Art of East Asia, The University of Chicago, accessed April 7, 2021 https://tls.uchicago.edu/single-sculpture/157"
entity:artifact:2:204430,bibliography,"Osvald Sirén, Chinese Sculpture from the Fifth to the Fourteenth Century, E. Benn (London, 1925) Pl. 212 | Osvald Sirén, Chinese Sculpture from the Fifth to the Fourteenth Century, E. Benn (London, 1925) p. 58 | Csilla Felker and John Dennis, ""Caves at Tien Lung Shan: A Technical Study of Pigments on Stone"" (thesis (certificate in conservation), Straus Center for Conservation and Technical Studies, 1982), Unpublished pp. 1-16 passim | Tianlongshan Caves Project, website, Center for the Art of East Asia, The University of Chicago, accessed April 7, 2021 https://tls.uchicago.edu/single-sculpture/160"
entity:artifact:2:204431,bibliography,"Osvald Sirén, Chinese Sculpture from the Fifth to the Fourteenth Century, E. Benn (London, 1925) Pl. 219 | Osvald Sirén, Chinese Sculpture from the Fifth to the Fourteenth Century, E. Benn (London, 1925) p. 59 | Tianlongshan Caves Project, website, Center for the Art of East Asia, The University of Chicago, accessed April 7, 2021 https://tls.uchicago.edu/single-sculpture/161"
entity:artifact:2:204432,bibliography,"Csilla Felker and John Dennis, ""Caves at Tien Lung Shan: A Technical Study of Pigments on Stone"" (thesis (certificate in conservation), Straus Center for Conservation and Technical Studies, 1982), Unpublished pp. 1-16 passim | Tianlongshan Caves Project, website, Center for the Art of East Asia, The University of Chicago, accessed April 7, 2021 https://tls.uchicago.edu/single-sculpture/162"
entity:artifact:2:204434,bibliography,"W. Chie Ishibashi, ""East Asian Buddhist Bronzes: A Comparative Analytical Study and a Preliminary Report"" (thesis (certificate in conservation), Straus Center for Conservation and Technical Studies, August 1977), Unpublished passim | Leopold Swergold, Thoughts on Chinese Buddhist Gilt Bronzes (n.p., 2014) p. 66, ill. p. 67"
entity:artifact:2:204435,bibliography,"Dorothy W. Gillerman, ed., Grenville L. Winthrop: Retrospective for a Collector, exh. cat., Fogg Art Museum (Cambridge, 1969) no. 067, pp. 80-81 | W. Chie Ishibashi, ""East Asian Buddhist Bronzes: A Comparative Analytical Study and a Preliminary Report"" (thesis (certificate in conservation), Straus Center for Conservation and Technical Studies, August 1977), Unpublished passim | Leopold Swergold, Thoughts on Chinese Buddhist Gilt Bronzes (n.p., 2014) p. 52, ill. p. 53"
entity:artifact:2:204436,bibliography,"W. Chie Ishibashi, ""East Asian Buddhist Bronzes: A Comparative Analytical Study and a Preliminary Report"" (thesis (certificate in conservation), Straus Center for Conservation and Technical Studies, August 1977), Unpublished passim"
entity:artifact:2:204440,bibliography,"Tianlongshan Caves Project, website, Center for the Art of East Asia, The University of Chicago, accessed April 7, 2021 https://tls.uchicago.edu/single-sculpture/168"
entity:artifact:2:204441,bibliography,"Tianlongshan Caves Project, website, Center for the Art of East Asia, The University of Chicago, accessed April 7, 2021 https://tls.uchicago.edu/single-sculpture/169"
entity:artifact:2:204453,bibliography,"Exhibition of Chinese Arts. C.T. Loo & Co. Special Sale, November 1, 1941 to April 30, 1942., auct. cat., C.T. Loo & Co. (New York, 1941) no. 207"
entity:artifact:2:204454,bibliography,"Exhibition of Chinese Arts. C.T. Loo & Co. Special Sale, November 1, 1941 to April 30, 1942., auct. cat., C.T. Loo & Co. (New York, 1941) no. 207"
entity:artifact:2:204463,bibliography,"Robert W. Bagley and Haicheng Wang, Art and Artistic Thinking in Ancient China, Asian Art Museum of San Francisco (San Francisco) fig. 17.45 | Dorothy W. Gillerman, ed., Grenville L. Winthrop: Retrospective for a Collector, exh. cat., Fogg Art Museum (Cambridge, 1969) no. 057, pp. 60-61 | Kristin A. Mortimer and William G. Klingelhofer, Harvard University Art Museums: A Guide to the Collections, Harvard University Art Museums and Abbeville Press (Cambridge and New York, 1986) no. 10, p. 19"
entity:artifact:2:204464,bibliography,"Susan Costello, ""An Investigation of Early Chinese Bronze Mirrors at the Harvard University Art Museums"" (thesis (certificate in conservation), Straus Center for Conservation and Technical Studies, 2005), Unpublished pp. 1-25 passim"
entity:artifact:2:204465,bibliography,"Jaime Jouris, ""Chinese Black Bronze Mirrors: A Preliminary Examination"" (thesis (certificate in conservation), Straus Center for Conservation and Technical Studies, May 1991), Unpublished passim | Susan Costello, ""An Investigation of Early Chinese Bronze Mirrors at the Harvard University Art Museums"" (thesis (certificate in conservation), Straus Center for Conservation and Technical Studies, 2005), Unpublished pp. 1-25 passim"
entity:artifact:2:204466,bibliography,"Susan Costello, ""An Investigation of Early Chinese Bronze Mirrors at the Harvard University Art Museums"" (thesis (certificate in conservation), Straus Center for Conservation and Technical Studies, 2005), Unpublished pp. 1-25 passim"
entity:artifact:2:204473,bibliography,"Jaime Jouris, ""Chinese Black Bronze Mirrors: A Preliminary Examination"" (thesis (certificate in conservation), Straus Center for Conservation and Technical Studies, May 1991), Unpublished passim"
entity:artifact:2:204474,bibliography,"Jaime Jouris, ""Chinese Black Bronze Mirrors: A Preliminary Examination"" (thesis (certificate in conservation), Straus Center for Conservation and Technical Studies, May 1991), Unpublished passim"
entity:artifact:2:204480,bibliography,"Max Loehr and Louisa G. Fitzgerald Huber, Ancient Chinese Jades from the Grenville L. Winthrop Collection in the Fogg Art Museum, Harvard University (Cambridge, MA, Fogg Art Museum, 1975). cat. no. 160, p. 130 | Jenny So, Early Chinese Jades in the Harvard Art Museums (Cambridge, MA, 2019) pp. 168-69, fig. 3"
entity:artifact:2:204481,bibliography,"Max Loehr and Louisa G. Fitzgerald Huber, Ancient Chinese Jades from the Grenville L. Winthrop Collection in the Fogg Art Museum, Harvard University (Cambridge, MA, Fogg Art Museum, 1975). cat. no. 365, p. 246 | Jenny So, Early Chinese Jades in the Harvard Art Museums (Cambridge, MA, 2019) pp. 166-69, cat. 20D"
entity:artifact:2:204482,bibliography,"Max Loehr and Louisa G. Fitzgerald Huber, Ancient Chinese Jades from the Grenville L. Winthrop Collection in the Fogg Art Museum, Harvard University (Cambridge, MA, Fogg Art Museum, 1975). cat. no. 305, p. 210 | Jenny So, Early Chinese Jades in the Harvard Art Museums (Cambridge, MA, 2019) pp. 166-69, cat. 20B"
entity:artifact:2:204483,bibliography,"Max Loehr and Louisa G. Fitzgerald Huber, Ancient Chinese Jades from the Grenville L. Winthrop Collection in the Fogg Art Museum, Harvard University (Cambridge, MA, Fogg Art Museum, 1975). cat. no. 312, p. 212"
entity:artifact:2:204484,bibliography,"Max Loehr and Louisa G. Fitzgerald Huber, Ancient Chinese Jades from the Grenville L. Winthrop Collection in the Fogg Art Museum, Harvard University (Cambridge, MA, Fogg Art Museum, 1975). cat. no. 313, p. 212"
entity:artifact:2:204485,bibliography,"Max Loehr and Louisa G. Fitzgerald Huber, Ancient Chinese Jades from the Grenville L. Winthrop Collection in the Fogg Art Museum, Harvard University (Cambridge, MA, Fogg Art Museum, 1975). cat. no. 118, p. 110 | Meryl Faith Cohen, ""Ancient Chinese Jade Figures in the Winthrop Collection: An Anthropological Inquiry"" (thesis (certificate in conservation), Straus Center for Conservation and Technical Studies, March 1990), Unpublished pp. 1-110 passim | Jenny So, Early Chinese Jades in the Harvard Art Museums (Cambridge, MA, 2019) pp. 162-64, cat. 19A"
entity:artifact:2:204486,bibliography,"Max Loehr and Louisa G. Fitzgerald Huber, Ancient Chinese Jades from the Grenville L. Winthrop Collection in the Fogg Art Museum, Harvard University (Cambridge, MA, Fogg Art Museum, 1975). cat. no. 549, p. 382"
entity:artifact:2:204487,bibliography,"Max Loehr and Louisa G. Fitzgerald Huber, Ancient Chinese Jades from the Grenville L. Winthrop Collection in the Fogg Art Museum, Harvard University (Cambridge, MA, Fogg Art Museum, 1975). cat. no. 412, p. 282"
entity:artifact:2:204488,bibliography,"Max Loehr and Louisa G. Fitzgerald Huber, Ancient Chinese Jades from the Grenville L. Winthrop Collection in the Fogg Art Museum, Harvard University (Cambridge, MA, Fogg Art Museum, 1975). cat. no. 336, p. 223"
entity:artifact:2:204489,bibliography,"Max Loehr and Louisa G. Fitzgerald Huber, Ancient Chinese Jades from the Grenville L. Winthrop Collection in the Fogg Art Museum, Harvard University (Cambridge, MA, Fogg Art Museum, 1975). cat. no. 8, p. 38"
entity:artifact:2:204490,bibliography,"Max Loehr and Louisa G. Fitzgerald Huber, Ancient Chinese Jades from the Grenville L. Winthrop Collection in the Fogg Art Museum, Harvard University (Cambridge, MA, Fogg Art Museum, 1975). cat. no. 88, p. 87"
entity:artifact:2:204491,bibliography,"Alfred Salmony, Archaic Chinese Jades from the Edward and Louise B. Sonnenschein Collection, The Art Institute of Chicago (Chicago, IL, 1952) pl. 14:I | Max Loehr and Louisa G. Fitzgerald Huber, Ancient Chinese Jades from the Grenville L. Winthrop Collection in the Fogg Art Museum, Harvard University (Cambridge, MA, Fogg Art Museum, 1975). cat. no. 22, pp. 50-51 | Kristin A. Mortimer and William G. Klingelhofer, Harvard University Art Museums: A Guide to the Collections, Harvard University Art Museums and Abbeville Press (Cambridge and New York, 1986) no. 13, p. 21 | Jenny So, Early Chinese Jades in the Harvard Art Museums (Cambridge, MA, 2019) p. 100, ill.; pp.120-21, cat. 11"
entity:artifact:2:204492,bibliography,"Henry Trubner, Chinese Ceramics, from the prehistoric period through Ch'ien Lung: a loan exhibition from collections in America and Japan, exh. cat., Los Angeles County Museum (Los Angeles, CA, 1952) p. 105, no. 308"
entity:artifact:2:204497,bibliography,"Fogg Art Museum, The Use of Blue on Chinese Porcelain of the Ming Dynasty 1368-1644, exh. cat., Harvard University Press (Cambridge, Mass., Spring 1947) no. 37 (not illustrated)"
entity:artifact:2:204508,bibliography,"Fogg Art Museum, The Use of Blue on Chinese Porcelain of the Ming Dynasty 1368-1644, exh. cat., Harvard University Press (Cambridge, Mass., Spring 1947) no. 39, cover image | Jessica Chloros, ""An Investigation of Cobalt Pigment on Islamic Ceramics at the Harvard Art Museums"" (thesis (certificate in conservation), Straus Center for Conservation and Technical Studies, 2008), Unpublished pp. 1-41 passim"
entity:artifact:2:204523,bibliography,"Max Loehr and Louisa G. Fitzgerald Huber, Ancient Chinese Jades from the Grenville L. Winthrop Collection in the Fogg Art Museum, Harvard University (Cambridge, MA, Fogg Art Museum, 1975). cat. no. 593, p. 412"
entity:artifact:2:204524,bibliography,"Max Loehr and Louisa G. Fitzgerald Huber, Ancient Chinese Jades from the Grenville L. Winthrop Collection in the Fogg Art Museum, Harvard University (Cambridge, MA, Fogg Art Museum, 1975). cat. no. 594, p. 413"
entity:artifact:2:204525,bibliography,"Max Loehr and Louisa G. Fitzgerald Huber, Ancient Chinese Jades from the Grenville L. Winthrop Collection in the Fogg Art Museum, Harvard University (Cambridge, MA, Fogg Art Museum, 1975). cat. no. 404, p. 276"
entity:artifact:2:204526,bibliography,"Max Loehr and Louisa G. Fitzgerald Huber, Ancient Chinese Jades from the Grenville L. Winthrop Collection in the Fogg Art Museum, Harvard University (Cambridge, MA, Fogg Art Museum, 1975). cat. no. 405, p. 277 | Jenny So, Early Chinese Jades in the Harvard Art Museums (Cambridge, MA, 2019) pp. 160-61, cat. 18"
entity:artifact:2:204527,bibliography,"Max Loehr and Louisa G. Fitzgerald Huber, Ancient Chinese Jades from the Grenville L. Winthrop Collection in the Fogg Art Museum, Harvard University (Cambridge, MA, Fogg Art Museum, 1975). cat. no. 234, p. 180"
entity:artifact:2:204528,bibliography,"Dorothy W. Gillerman, ed., Grenville L. Winthrop: Retrospective for a Collector, exh. cat., Fogg Art Museum (Cambridge, 1969) no. 009, pp. 10-11 | Max Loehr and Louisa G. Fitzgerald Huber, Ancient Chinese Jades from the Grenville L. Winthrop Collection in the Fogg Art Museum, Harvard University (Cambridge, MA, Fogg Art Museum, 1975). cat. no. 236, p. 181 | Jenny So, Early Chinese Jades in the Harvard Art Museums (Cambridge, MA, 2019) pp. 78-80, cat. 3,  figs. 1-2"
entity:artifact:2:204529,bibliography,"Max Loehr and Louisa G. Fitzgerald Huber, Ancient Chinese Jades from the Grenville L. Winthrop Collection in the Fogg Art Museum, Harvard University (Cambridge, MA, Fogg Art Museum, 1975). cat. no. 546, p. 381"
entity:artifact:2:204530,bibliography,"Max Loehr and Louisa G. Fitzgerald Huber, Ancient Chinese Jades from the Grenville L. Winthrop Collection in the Fogg Art Museum, Harvard University (Cambridge, MA, Fogg Art Museum, 1975). cat. no. 480, p. 328"
entity:artifact:2:204531,bibliography,"Max Loehr and Louisa G. Fitzgerald Huber, Ancient Chinese Jades from the Grenville L. Winthrop Collection in the Fogg Art Museum, Harvard University (Cambridge, MA, Fogg Art Museum, 1975). cat. no. 140a, p. 120"
entity:artifact:2:204532,bibliography,"Max Loehr and Louisa G. Fitzgerald Huber, Ancient Chinese Jades from the Grenville L. Winthrop Collection in the Fogg Art Museum, Harvard University (Cambridge, MA, Fogg Art Museum, 1975). cat. no. 140b, p. 120"
entity:artifact:2:204533,bibliography,"Max Loehr and Louisa G. Fitzgerald Huber, Ancient Chinese Jades from the Grenville L. Winthrop Collection in the Fogg Art Museum, Harvard University (Cambridge, MA, Fogg Art Museum, 1975). cat. no. 323, p. 216 | Jenny So, Early Chinese Jades in the Harvard Art Museums (Cambridge, MA, 2019) p. 74, fig. 1; p. 74, fig. 1"
entity:artifact:2:204534,bibliography,"Max Loehr and Louisa G. Fitzgerald Huber, Ancient Chinese Jades from the Grenville L. Winthrop Collection in the Fogg Art Museum, Harvard University (Cambridge, MA, Fogg Art Museum, 1975). cat. no. 625, p. 428 | Jenny So, Early Chinese Jades in the Harvard Art Museums (Cambridge, MA, 2019) p. 302, ill.;  pp. 324-5, cat. 48"
entity:artifact:2:204535,bibliography,"Max Loehr and Louisa G. Fitzgerald Huber, Ancient Chinese Jades from the Grenville L. Winthrop Collection in the Fogg Art Museum, Harvard University (Cambridge, MA, Fogg Art Museum, 1975). cat. no. 452, p. 309"
entity:artifact:2:204536,bibliography,"Max Loehr and Louisa G. Fitzgerald Huber, Ancient Chinese Jades from the Grenville L. Winthrop Collection in the Fogg Art Museum, Harvard University (Cambridge, MA, Fogg Art Museum, 1975). cat. no. 539, p. 376 | Jenny So, Early Chinese Jades in the Harvard Art Museums (Cambridge, MA, 2019) pp. 320-2, cat. 47A"
entity:artifact:2:204537,bibliography,"Max Loehr and Louisa G. Fitzgerald Huber, Ancient Chinese Jades from the Grenville L. Winthrop Collection in the Fogg Art Museum, Harvard University (Cambridge, MA, Fogg Art Museum, 1975). cat. no. 534, p. 371 | Jenny So, Early Chinese Jades in the Harvard Art Museums (Cambridge, MA, 2019) pp. 282-3, cat. 39A"
entity:artifact:2:204538,bibliography,"Max Loehr and Louisa G. Fitzgerald Huber, Ancient Chinese Jades from the Grenville L. Winthrop Collection in the Fogg Art Museum, Harvard University (Cambridge, MA, Fogg Art Museum, 1975). cat. no. 402, p. 274"
entity:artifact:2:204539,bibliography,"Max Loehr and Louisa G. Fitzgerald Huber, Ancient Chinese Jades from the Grenville L. Winthrop Collection in the Fogg Art Museum, Harvard University (Cambridge, MA, Fogg Art Museum, 1975). cat. no. 531, p. 368"
entity:artifact:2:204540,bibliography,"Max Loehr and Louisa G. Fitzgerald Huber, Ancient Chinese Jades from the Grenville L. Winthrop Collection in the Fogg Art Museum, Harvard University (Cambridge, MA, Fogg Art Museum, 1975). cat. no. 351, pp. 236-237"
entity:artifact:2:204541,bibliography,"Archaic Chinese Jades, exh. cat., University Museum, University of Philadelphia (Philadelphia, PA, February 1940) no. 187 | Max Loehr and Louisa G. Fitzgerald Huber, Ancient Chinese Jades from the Grenville L. Winthrop Collection in the Fogg Art Museum, Harvard University (Cambridge, MA, Fogg Art Museum, 1975). cat. no. 350, p. 235 | Jenny So, Eastern Zhou Ritual Bronzes from the Arthur M. Sackler Collections, Arthur M. Sackler Foundation (New York, NY, 1995) p. 101, Fig. 5.2"
entity:artifact:2:204542,bibliography,"Max Loehr and Louisa G. Fitzgerald Huber, Ancient Chinese Jades from the Grenville L. Winthrop Collection in the Fogg Art Museum, Harvard University (Cambridge, MA, Fogg Art Museum, 1975). cat. no. 540, p. 377"
entity:artifact:2:204543,bibliography,"Max Loehr and Louisa G. Fitzgerald Huber, Ancient Chinese Jades from the Grenville L. Winthrop Collection in the Fogg Art Museum, Harvard University (Cambridge, MA, Fogg Art Museum, 1975). cat. no. 400, p. 272"
entity:artifact:2:204544,bibliography,"Max Loehr and Louisa G. Fitzgerald Huber, Ancient Chinese Jades from the Grenville L. Winthrop Collection in the Fogg Art Museum, Harvard University (Cambridge, MA, Fogg Art Museum, 1975). cat. no. 589, p. 409"
entity:artifact:2:204545,bibliography,"Max Loehr and Louisa G. Fitzgerald Huber, Ancient Chinese Jades from the Grenville L. Winthrop Collection in the Fogg Art Museum, Harvard University (Cambridge, MA, Fogg Art Museum, 1975). cat. no. 352, p. 237"
entity:artifact:2:204546,bibliography,"Max Loehr and Louisa G. Fitzgerald Huber, Ancient Chinese Jades from the Grenville L. Winthrop Collection in the Fogg Art Museum, Harvard University (Cambridge, MA, Fogg Art Museum, 1975). cat. no. 544, p. 380"
entity:artifact:2:204547,bibliography,"Max Loehr and Louisa G. Fitzgerald Huber, Ancient Chinese Jades from the Grenville L. Winthrop Collection in the Fogg Art Museum, Harvard University (Cambridge, MA, Fogg Art Museum, 1975). cat. no. 371, p. 248 | Jenny So, Early Chinese Jades in the Harvard Art Museums (Cambridge, MA, 2019) p. 16, ill.; pp. 74-75, cat. 1"
entity:artifact:2:204548,bibliography,"Max Loehr and Louisa G. Fitzgerald Huber, Ancient Chinese Jades from the Grenville L. Winthrop Collection in the Fogg Art Museum, Harvard University (Cambridge, MA, Fogg Art Museum, 1975). cat. no. 561, p. 390 | Jenny So, Early Chinese Jades in the Harvard Art Museums (Cambridge, MA, 2019) pp. 43-46, figs. 2.27a-b, 2.28a-b; pp. 294-5, cat. 43A | Katherine Eremin, Angela Chang, and Ariel O'Connor, Jade in the Lab, Early Chinese jades in the Harvard Art Museums, Harvard Art Museum (Cambridge, Massachusetts, 2019), Pages 28-47 Figure 2.27a-b, Page 45; Figure 2.28a-b, Page 46"
entity:artifact:2:204549,bibliography,"Max Loehr and Louisa G. Fitzgerald Huber, Ancient Chinese Jades from the Grenville L. Winthrop Collection in the Fogg Art Museum, Harvard University (Cambridge, MA, Fogg Art Museum, 1975). cat. no. 562, p. 390 | Jenny So, Early Chinese Jades in the Harvard Art Museums (Cambridge, MA, 2019) pp. 43-45, fig. 2.27c-d; pp. 294, 296-7, cat. 43B | Katherine Eremin, Angela Chang, and Ariel O'Connor, Jade in the Lab, Early Chinese jades in the Harvard Art Museums, Harvard Art Museum (Cambridge, Massachusetts, 2019), Pages 28-47 Figure 2.27c-d, Page 45"
entity:artifact:2:204550,bibliography,"Max Loehr and Louisa G. Fitzgerald Huber, Ancient Chinese Jades from the Grenville L. Winthrop Collection in the Fogg Art Museum, Harvard University (Cambridge, MA, Fogg Art Museum, 1975). cat. no. 610, p. 419"
entity:artifact:2:204551,bibliography,"Max Loehr and Louisa G. Fitzgerald Huber, Ancient Chinese Jades from the Grenville L. Winthrop Collection in the Fogg Art Museum, Harvard University (Cambridge, MA, Fogg Art Museum, 1975). cat. no. 355, p. 238"
entity:artifact:2:204552,bibliography,"Max Loehr and Louisa G. Fitzgerald Huber, Ancient Chinese Jades from the Grenville L. Winthrop Collection in the Fogg Art Museum, Harvard University (Cambridge, MA, Fogg Art Museum, 1975). cat. no. 592, p. 411"
entity:artifact:2:204553,bibliography,"Max Loehr and Louisa G. Fitzgerald Huber, Ancient Chinese Jades from the Grenville L. Winthrop Collection in the Fogg Art Museum, Harvard University (Cambridge, MA, Fogg Art Museum, 1975). cat. no. 526, pp. 362-363"
entity:artifact:2:204554,bibliography,"Max Loehr and Louisa G. Fitzgerald Huber, Ancient Chinese Jades from the Grenville L. Winthrop Collection in the Fogg Art Museum, Harvard University (Cambridge, MA, Fogg Art Museum, 1975). cat. no. 399, p. 271"
entity:artifact:2:204555,bibliography,"Max Loehr and Louisa G. Fitzgerald Huber, Ancient Chinese Jades from the Grenville L. Winthrop Collection in the Fogg Art Museum, Harvard University (Cambridge, MA, Fogg Art Museum, 1975). cat. no. 389, p. 263 | Jenny So, Early Chinese Jades in the Harvard Art Museums (Cambridge, MA, 2019) p. 224, fig. 1"
entity:artifact:2:204557,bibliography,"Max Loehr and Louisa G. Fitzgerald Huber, Ancient Chinese Jades from the Grenville L. Winthrop Collection in the Fogg Art Museum, Harvard University (Cambridge, MA, Fogg Art Museum, 1975). cat. no. 77, p. 78 | Jenny So, Early Chinese Jades in the Harvard Art Museums (Cambridge, MA, 2019) pp. 37, 39, fig. 2.13 | Katherine Eremin, Angela Chang, and Ariel O'Connor, Jade in the Lab, Early Chinese jades in the Harvard Art Museums, Harvard Art Museum (Cambridge, Massachusetts, 2019), Pages 28-47 Figure 2.13, Page 39"
entity:artifact:2:204558,bibliography,"Max Loehr and Louisa G. Fitzgerald Huber, Ancient Chinese Jades from the Grenville L. Winthrop Collection in the Fogg Art Museum, Harvard University (Cambridge, MA, Fogg Art Museum, 1975). cat. no. 80, p. 79"
entity:artifact:2:204559,bibliography,"Max Loehr and Louisa G. Fitzgerald Huber, Ancient Chinese Jades from the Grenville L. Winthrop Collection in the Fogg Art Museum, Harvard University (Cambridge, MA, Fogg Art Museum, 1975). cat. no. 82, p. 81"
entity:artifact:2:204560,bibliography,"Max Loehr and Louisa G. Fitzgerald Huber, Ancient Chinese Jades from the Grenville L. Winthrop Collection in the Fogg Art Museum, Harvard University (Cambridge, MA, Fogg Art Museum, 1975). cat. no. 74, p. 76"
entity:artifact:2:204561,bibliography,"Max Loehr and Louisa G. Fitzgerald Huber, Ancient Chinese Jades from the Grenville L. Winthrop Collection in the Fogg Art Museum, Harvard University (Cambridge, MA, Fogg Art Museum, 1975). cat. no. 73, p. 76"
entity:artifact:2:204562,bibliography,"Max Loehr and Louisa G. Fitzgerald Huber, Ancient Chinese Jades from the Grenville L. Winthrop Collection in the Fogg Art Museum, Harvard University (Cambridge, MA, Fogg Art Museum, 1975). cat. no. 117, p. 109"
entity:artifact:2:204563,bibliography,"Max Loehr and Louisa G. Fitzgerald Huber, Ancient Chinese Jades from the Grenville L. Winthrop Collection in the Fogg Art Museum, Harvard University (Cambridge, MA, Fogg Art Museum, 1975). cat. no. 78, p. 78"
entity:artifact:2:204564,bibliography,"Takayasu Higuchi, ed., Chugoku bijutsu, dai 4-kan (Chinese Art in Western Collections vol. 4: Bronze and Jade), Kodansha (Tokyo, Japan, 1973) pl. 106 | Max Loehr and Louisa G. Fitzgerald Huber, Ancient Chinese Jades from the Grenville L. Winthrop Collection in the Fogg Art Museum, Harvard University (Cambridge, MA, Fogg Art Museum, 1975). cat. no. 521, p. 352-3 | Jenny So, Early Chinese Jades in the Harvard Art Museums (Cambridge, MA, 2019) pp. 36-37, fig. 2.10a; pp. 292-3, cat. 42 | Katherine Eremin, Angela Chang, and Ariel O'Connor, Jade in the Lab, Early Chinese jades in the Harvard Art Museums, Harvard Art Museum (Cambridge, Massachusetts, 2019), Pages 28-47 Figure2.10a, Page 37"
entity:artifact:2:204567,bibliography,"Robert W. Bagley, Shang Ritual Bronzes in the Arthur M. Sackler Collections, Arthur M. Sackler Foundation and Arthur M. Sackler Museum (Washington, D.C. and Cambridge, Mass., 1987) p. 454, fig. 82.1"
entity:artifact:2:204568,bibliography,"Max Loehr and Louisa G. Fitzgerald Huber, Ancient Chinese Jades from the Grenville L. Winthrop Collection in the Fogg Art Museum, Harvard University (Cambridge, MA, Fogg Art Museum, 1975). cat. no. 537, p. 374"
entity:artifact:2:204569,bibliography,"Max Loehr and Louisa G. Fitzgerald Huber, Ancient Chinese Jades from the Grenville L. Winthrop Collection in the Fogg Art Museum, Harvard University (Cambridge, MA, Fogg Art Museum, 1975). cat. no. 388, p. 262"
entity:artifact:2:204570,bibliography,"Max Loehr and Louisa G. Fitzgerald Huber, Ancient Chinese Jades from the Grenville L. Winthrop Collection in the Fogg Art Museum, Harvard University (Cambridge, MA, Fogg Art Museum, 1975). cat. no. 354b, p. 238"
entity:artifact:2:204571,bibliography,"Max Loehr and Louisa G. Fitzgerald Huber, Ancient Chinese Jades from the Grenville L. Winthrop Collection in the Fogg Art Museum, Harvard University (Cambridge, MA, Fogg Art Museum, 1975). cat. no. 233, p. 179 | Jenny So, Early Chinese Jades in the Harvard Art Museums (Cambridge, MA, 2019) p. 99, fig. 2"
entity:artifact:2:204572,bibliography,"Max Loehr and Louisa G. Fitzgerald Huber, Ancient Chinese Jades from the Grenville L. Winthrop Collection in the Fogg Art Museum, Harvard University (Cambridge, MA, Fogg Art Museum, 1975). cat. no. 617b, p. 423"
entity:artifact:2:204573,bibliography,"Max Loehr and Louisa G. Fitzgerald Huber, Ancient Chinese Jades from the Grenville L. Winthrop Collection in the Fogg Art Museum, Harvard University (Cambridge, MA, Fogg Art Museum, 1975). cat. no. 107, p. 104 | Jenny So, Early Chinese Jades in the Harvard Art Museums (Cambridge, MA, 2019) pp. 96-99, cat. 8B"
entity:artifact:2:204574,bibliography,"Max Loehr and Louisa G. Fitzgerald Huber, Ancient Chinese Jades from the Grenville L. Winthrop Collection in the Fogg Art Museum, Harvard University (Cambridge, MA, Fogg Art Museum, 1975). cat. no. 101, p. 98 | Jenny So, Early Chinese Jades in the Harvard Art Museums (Cambridge, MA, 2019) pp. 116-119, cat. 10B"
entity:artifact:2:204575,bibliography,"Max Loehr and Louisa G. Fitzgerald Huber, Ancient Chinese Jades from the Grenville L. Winthrop Collection in the Fogg Art Museum, Harvard University (Cambridge, MA, Fogg Art Museum, 1975). cat. no. 102, p. 99 | Jenny So, Early Chinese Jades in the Harvard Art Museums (Cambridge, MA, 2019) pp. 116-118, cat. 10A"
entity:artifact:2:204576,bibliography,"Max Loehr and Louisa G. Fitzgerald Huber, Ancient Chinese Jades from the Grenville L. Winthrop Collection in the Fogg Art Museum, Harvard University (Cambridge, MA, Fogg Art Museum, 1975). cat. no. 398, p. 271 | Jenny So, Early Chinese Jades in the Harvard Art Museums (Cambridge, MA, 2019) pp. 34-35, fig. 2.5a-b; pp. 38-39, fig. 2.14a; pp. 224, 226, cat. 28B | Katherine Eremin, Angela Chang, and Ariel O'Connor, Jade in the Lab, Early Chinese jades in the Harvard Art Museums, Harvard Art Museum (Cambridge, Massachusetts, 2019), Pages 28-47 Figure 2.5a-b, Page 34; Figure 2.14a, Page 39"
entity:artifact:2:204577,bibliography,"Max Loehr and Louisa G. Fitzgerald Huber, Ancient Chinese Jades from the Grenville L. Winthrop Collection in the Fogg Art Museum, Harvard University (Cambridge, MA, Fogg Art Museum, 1975). cat. no. 535, p. 372"
entity:artifact:2:204578,bibliography,"Max Loehr and Louisa G. Fitzgerald Huber, Ancient Chinese Jades from the Grenville L. Winthrop Collection in the Fogg Art Museum, Harvard University (Cambridge, MA, Fogg Art Museum, 1975). cat. no. 596, p. 414"
entity:artifact:2:204579,bibliography,"Max Loehr and Louisa G. Fitzgerald Huber, Ancient Chinese Jades from the Grenville L. Winthrop Collection in the Fogg Art Museum, Harvard University (Cambridge, MA, Fogg Art Museum, 1975). cat. no. 7, p. 37"
entity:artifact:2:204580,bibliography,"Dorothy W. Gillerman, ed., Grenville L. Winthrop: Retrospective for a Collector, exh. cat., Fogg Art Museum (Cambridge, 1969) no. 014, pp. 14-15 | Max Loehr and Louisa G. Fitzgerald Huber, Ancient Chinese Jades from the Grenville L. Winthrop Collection in the Fogg Art Museum, Harvard University (Cambridge, MA, Fogg Art Museum, 1975). cat. no. 324, p. 217"
entity:artifact:2:204581,bibliography,"Max Loehr and Louisa G. Fitzgerald Huber, Ancient Chinese Jades from the Grenville L. Winthrop Collection in the Fogg Art Museum, Harvard University (Cambridge, MA, Fogg Art Museum, 1975). cat. no. 186, p. 143 | Jenny So, Early Chinese Jades in the Harvard Art Museums (Cambridge, MA, 2019) pp. 140-43, cat. 17A"
entity:artifact:2:204582,bibliography,"Max Loehr and Louisa G. Fitzgerald Huber, Ancient Chinese Jades from the Grenville L. Winthrop Collection in the Fogg Art Museum, Harvard University (Cambridge, MA, Fogg Art Museum, 1975). cat. no. 66, p. 72"
entity:artifact:2:204583,bibliography,"Max Loehr and Louisa G. Fitzgerald Huber, Ancient Chinese Jades from the Grenville L. Winthrop Collection in the Fogg Art Museum, Harvard University (Cambridge, MA, Fogg Art Museum, 1975). cat. no. 387, pp. 260-261"
entity:artifact:2:204584,bibliography,"Max Loehr and Louisa G. Fitzgerald Huber, Ancient Chinese Jades from the Grenville L. Winthrop Collection in the Fogg Art Museum, Harvard University (Cambridge, MA, Fogg Art Museum, 1975). cat. no. 390, p. 263"
entity:artifact:2:204585,bibliography,"Max Loehr and Louisa G. Fitzgerald Huber, Ancient Chinese Jades from the Grenville L. Winthrop Collection in the Fogg Art Museum, Harvard University (Cambridge, MA, Fogg Art Museum, 1975). cat. no. 595, p. 413"
entity:artifact:2:204586,bibliography,"Max Loehr and Louisa G. Fitzgerald Huber, Ancient Chinese Jades from the Grenville L. Winthrop Collection in the Fogg Art Museum, Harvard University (Cambridge, MA, Fogg Art Museum, 1975). cat. no. 459, p. 312"
entity:artifact:2:204587,bibliography,"Dorothy W. Gillerman, ed., Grenville L. Winthrop: Retrospective for a Collector, exh. cat., Fogg Art Museum (Cambridge, 1969) no. 043, pp. 44-45 | Takayasu Higuchi, ed., Chugoku bijutsu, dai 4-kan (Chinese Art in Western Collections vol. 4: Bronze and Jade), Kodansha (Tokyo, Japan, 1973) pl. 89 (right) | Max Loehr and Louisa G. Fitzgerald Huber, Ancient Chinese Jades from the Grenville L. Winthrop Collection in the Fogg Art Museum, Harvard University (Cambridge, MA, Fogg Art Museum, 1975). cat. no. 83, p. 82"
entity:artifact:2:204588,bibliography,"Max Loehr and Louisa G. Fitzgerald Huber, Ancient Chinese Jades from the Grenville L. Winthrop Collection in the Fogg Art Museum, Harvard University (Cambridge, MA, Fogg Art Museum, 1975). cat. no. 85, p. 83"
entity:artifact:2:204589,bibliography,"Takayasu Higuchi, ed., Chugoku bijutsu, dai 4-kan (Chinese Art in Western Collections vol. 4: Bronze and Jade), Kodansha (Tokyo, Japan, 1973) pl. 89 (left) | Max Loehr and Louisa G. Fitzgerald Huber, Ancient Chinese Jades from the Grenville L. Winthrop Collection in the Fogg Art Museum, Harvard University (Cambridge, MA, Fogg Art Museum, 1975). cat. no. 84, p. 82"
entity:artifact:2:204590,bibliography,"Max Loehr and Louisa G. Fitzgerald Huber, Ancient Chinese Jades from the Grenville L. Winthrop Collection in the Fogg Art Museum, Harvard University (Cambridge, MA, Fogg Art Museum, 1975). cat. no. 362, p. 244"
entity:artifact:2:204591,bibliography,"Max Loehr and Louisa G. Fitzgerald Huber, Ancient Chinese Jades from the Grenville L. Winthrop Collection in the Fogg Art Museum, Harvard University (Cambridge, MA, Fogg Art Museum, 1975). cat. no. 76, p. 77"
entity:artifact:2:204592,bibliography,"Max Loehr and Louisa G. Fitzgerald Huber, Ancient Chinese Jades from the Grenville L. Winthrop Collection in the Fogg Art Museum, Harvard University (Cambridge, MA, Fogg Art Museum, 1975). cat. no. 81, p. 80"
entity:artifact:2:204593,bibliography,"Max Loehr and Louisa G. Fitzgerald Huber, Ancient Chinese Jades from the Grenville L. Winthrop Collection in the Fogg Art Museum, Harvard University (Cambridge, MA, Fogg Art Museum, 1975). cat. no. 71, p. 75"
entity:artifact:2:204594,bibliography,"Max Loehr and Louisa G. Fitzgerald Huber, Ancient Chinese Jades from the Grenville L. Winthrop Collection in the Fogg Art Museum, Harvard University (Cambridge, MA, Fogg Art Museum, 1975). cat. no. 460, p. 313"
entity:artifact:2:204595,bibliography,"Max Loehr and Louisa G. Fitzgerald Huber, Ancient Chinese Jades from the Grenville L. Winthrop Collection in the Fogg Art Museum, Harvard University (Cambridge, MA, Fogg Art Museum, 1975). cat. no. 461, p. 314"
entity:artifact:2:204596,bibliography,"Dorothy W. Gillerman, ed., Grenville L. Winthrop: Retrospective for a Collector, exh. cat., Fogg Art Museum (Cambridge, 1969) no. 045, pp. 44-45"
entity:artifact:2:204599,bibliography,"Max Loehr and Louisa G. Fitzgerald Huber, Ancient Chinese Jades from the Grenville L. Winthrop Collection in the Fogg Art Museum, Harvard University (Cambridge, MA, Fogg Art Museum, 1975). cat. no. 356, p. 239"
entity:artifact:2:204600,bibliography,"Max Loehr and Louisa G. Fitzgerald Huber, Ancient Chinese Jades from the Grenville L. Winthrop Collection in the Fogg Art Museum, Harvard University (Cambridge, MA, Fogg Art Museum, 1975). cat. no. 499, p. 338"
entity:artifact:2:204602,bibliography,"Max Loehr and Louisa G. Fitzgerald Huber, Ancient Chinese Jades from the Grenville L. Winthrop Collection in the Fogg Art Museum, Harvard University (Cambridge, MA, Fogg Art Museum, 1975). cat. no. 542, p. 379"
entity:artifact:2:204603,bibliography,"Max Loehr and Louisa G. Fitzgerald Huber, Ancient Chinese Jades from the Grenville L. Winthrop Collection in the Fogg Art Museum, Harvard University (Cambridge, MA, Fogg Art Museum, 1975). cat. no. 529, p. 366"
entity:artifact:2:204604,bibliography,"Max Loehr and Louisa G. Fitzgerald Huber, Ancient Chinese Jades from the Grenville L. Winthrop Collection in the Fogg Art Museum, Harvard University (Cambridge, MA, Fogg Art Museum, 1975). cat. no. 532, p. 369"
entity:artifact:2:204605,bibliography,"Max Loehr and Louisa G. Fitzgerald Huber, Ancient Chinese Jades from the Grenville L. Winthrop Collection in the Fogg Art Museum, Harvard University (Cambridge, MA, Fogg Art Museum, 1975). cat. no. 584, p. 405 | Jenny So, Early Chinese Jades in the Harvard Art Museums (Cambridge, MA, 2019) pp. 82-83, cat. 4"
entity:artifact:2:204606,bibliography,"Max Loehr and Louisa G. Fitzgerald Huber, Ancient Chinese Jades from the Grenville L. Winthrop Collection in the Fogg Art Museum, Harvard University (Cambridge, MA, Fogg Art Museum, 1975). cat. no. 185, p. 142 | Jenny So, Early Chinese Jades in the Harvard Art Museums (Cambridge, MA, 2019) pp. 140, 142, cat. 17B"
entity:artifact:2:204607,bibliography,"Max Loehr and Louisa G. Fitzgerald Huber, Ancient Chinese Jades from the Grenville L. Winthrop Collection in the Fogg Art Museum, Harvard University (Cambridge, MA, Fogg Art Museum, 1975). cat. no. 453, p. 309 | Jenny So, Early Chinese Jades in the Harvard Art Museums (Cambridge, MA, 2019) pp. 250-3, cat. 35B"
entity:artifact:2:204608,bibliography,"Max Loehr and Louisa G. Fitzgerald Huber, Ancient Chinese Jades from the Grenville L. Winthrop Collection in the Fogg Art Museum, Harvard University (Cambridge, MA, Fogg Art Museum, 1975). cat. no. 403, p. 275 | Jenny So, Early Chinese Jades in the Harvard Art Museums (Cambridge, MA, 2019) pp. 37-38, fig. 2.11a-b; pp. 282, 284-5, cat. 39C | Katherine Eremin, Angela Chang, and Ariel O'Connor, Jade in the Lab, Early Chinese jades in the Harvard Art Museums, Harvard Art Museum (Cambridge, Massachusetts, 2019), Pages 28-47 Figure 2.4a-b, Page 33; Figure 3.11a-b, Page 38"
entity:artifact:2:204609,bibliography,"Max Loehr and Louisa G. Fitzgerald Huber, Ancient Chinese Jades from the Grenville L. Winthrop Collection in the Fogg Art Museum, Harvard University (Cambridge, MA, Fogg Art Museum, 1975). cat. no. 392, p. 265"
entity:artifact:2:204610,bibliography,"Max Loehr and Louisa G. Fitzgerald Huber, Ancient Chinese Jades from the Grenville L. Winthrop Collection in the Fogg Art Museum, Harvard University (Cambridge, MA, Fogg Art Museum, 1975). cat. no. 385, p. 260"
entity:artifact:2:204611,bibliography,"Max Loehr and Louisa G. Fitzgerald Huber, Ancient Chinese Jades from the Grenville L. Winthrop Collection in the Fogg Art Museum, Harvard University (Cambridge, MA, Fogg Art Museum, 1975). cat. no. 89, p. 89"
entity:artifact:2:204612,bibliography,"Robert W. Bagley and Haicheng Wang, Art and Artistic Thinking in Ancient China, Asian Art Museum of San Francisco (San Francisco) fig. 17.206a-b | Dorothy W. Gillerman, ed., Grenville L. Winthrop: Retrospective for a Collector, exh. cat., Fogg Art Museum (Cambridge, 1969) no. 025, pp. 20-21 | Max Loehr and Louisa G. Fitzgerald Huber, Ancient Chinese Jades from the Grenville L. Winthrop Collection in the Fogg Art Museum, Harvard University (Cambridge, MA, Fogg Art Museum, 1975). cat. no. 393, pp. 266-267 | Stephan Wolohojian and Alvin L. Clark, Jr., Harvard Art Museum/ Handbook, ed. Stephan Wolohojian, Harvard Art Museum (Cambridge, 2008) pp. 14-15 | Jenny So, Early Chinese Jades in the Harvard Art Museums (Cambridge, MA, 2019) pp. 34-35, fig. 2.7b; pp. 38-39, fig. 2.14b; pp. 278-9, cat. 38A, fig. 1 | Katherine Eremin, Angela Chang, and Ariel O'Connor, Jade in the Lab, Early Chinese jades in the Harvard Art Museums, Harvard Art Museum (Cambridge, Massachusetts, 2019), Pages 28-47 Figure 2.7a-b, Page 34; Figure 2.14b, Page 39"
entity:artifact:2:204613,bibliography,"Max Loehr and Louisa G. Fitzgerald Huber, Ancient Chinese Jades from the Grenville L. Winthrop Collection in the Fogg Art Museum, Harvard University (Cambridge, MA, Fogg Art Museum, 1975). cat. no. 79, p. 79 | Jenny So, Early Chinese Jades in the Harvard Art Museums (Cambridge, MA, 2019) pp. 122-25, cat. 12C"
entity:artifact:2:204614,bibliography,"Max Loehr and Louisa G. Fitzgerald Huber, Ancient Chinese Jades from the Grenville L. Winthrop Collection in the Fogg Art Museum, Harvard University (Cambridge, MA, Fogg Art Museum, 1975). cat. no. 75, p. 77"
entity:artifact:2:204615,bibliography,"Max Loehr and Louisa G. Fitzgerald Huber, Ancient Chinese Jades from the Grenville L. Winthrop Collection in the Fogg Art Museum, Harvard University (Cambridge, MA, Fogg Art Museum, 1975). cat. no. 229, p. 176"
entity:artifact:2:204616,bibliography,"Max Loehr and Louisa G. Fitzgerald Huber, Ancient Chinese Jades from the Grenville L. Winthrop Collection in the Fogg Art Museum, Harvard University (Cambridge, MA, Fogg Art Museum, 1975). cat. no. 72, p. 75"
entity:artifact:2:204617,bibliography,"Max Loehr and Louisa G. Fitzgerald Huber, Ancient Chinese Jades from the Grenville L. Winthrop Collection in the Fogg Art Museum, Harvard University (Cambridge, MA, Fogg Art Museum, 1975). cat. no. 580, p. 400"
entity:artifact:2:204620,bibliography,"Dorothy W. Gillerman, ed., Grenville L. Winthrop: Retrospective for a Collector, exh. cat., Fogg Art Museum (Cambridge, 1969) no. 044, pp. 44-45"
entity:artifact:2:204625,bibliography,"Max Loehr and Louisa G. Fitzgerald Huber, Ancient Chinese Jades from the Grenville L. Winthrop Collection in the Fogg Art Museum, Harvard University (Cambridge, MA, Fogg Art Museum, 1975). cat. no. 94, p. 92"
entity:artifact:2:204626,bibliography,"Zhixin Jason Sun, Age of Empires: Art of the Qin and Han Dynasties, exh. cat., The Metropolitan Museum of Art (New York, 2017) pp. 104-105, fig. 72"
entity:artifact:2:204628,bibliography,"Max Loehr and Louisa G. Fitzgerald Huber, Ancient Chinese Jades from the Grenville L. Winthrop Collection in the Fogg Art Museum, Harvard University (Cambridge, MA, Fogg Art Museum, 1975). cat. no. 587, p. 408"
entity:artifact:2:204630,bibliography,"Max Loehr and Louisa G. Fitzgerald Huber, Ancient Chinese Jades from the Grenville L. Winthrop Collection in the Fogg Art Museum, Harvard University (Cambridge, MA, Fogg Art Museum, 1975). cat. no. 486, p. 332"
entity:artifact:2:204631,bibliography,"Max Loehr and Louisa G. Fitzgerald Huber, Ancient Chinese Jades from the Grenville L. Winthrop Collection in the Fogg Art Museum, Harvard University (Cambridge, MA, Fogg Art Museum, 1975). cat. no. 326, pp. 218-219 | Jessica Rawson, Western Zhou Ritual Bronzes from the Arthur M. Sackler Collections (Volume IIA), Arthur M. Sackler Foundation and Arthur M. Sackler Museum (Washington, D.C. and Cambridge, MA, 1990) | Jenny So, Early Chinese Jades in the Harvard Art Museums (Cambridge, MA, 2019) pp. 178-79, 182-83, cat. 23A"
entity:artifact:2:204632,bibliography,"Max Loehr and Louisa G. Fitzgerald Huber, Ancient Chinese Jades from the Grenville L. Winthrop Collection in the Fogg Art Museum, Harvard University (Cambridge, MA, Fogg Art Museum, 1975). cat. no. 92, p. 91 | Jenny So, Early Chinese Jades in the Harvard Art Museums (Cambridge, MA, 2019) p. 96, fig. 1"
entity:artifact:2:204638,bibliography,"Dorothy W. Gillerman, ed., Grenville L. Winthrop: Retrospective for a Collector, exh. cat., Fogg Art Museum (Cambridge, 1969) no. 053, pp. 52-53"
entity:artifact:2:204640,bibliography,"Dorothy W. Gillerman, ed., Grenville L. Winthrop: Retrospective for a Collector, exh. cat., Fogg Art Museum (Cambridge, 1969) no. 042, pp. 42-43"
entity:artifact:2:204643,bibliography,"Max Loehr and Louisa G. Fitzgerald Huber, Ancient Chinese Jades from the Grenville L. Winthrop Collection in the Fogg Art Museum, Harvard University (Cambridge, MA, Fogg Art Museum, 1975). cat. no. 512, p. 345"
entity:artifact:2:204644,bibliography,"Max Loehr and Louisa G. Fitzgerald Huber, Ancient Chinese Jades from the Grenville L. Winthrop Collection in the Fogg Art Museum, Harvard University (Cambridge, MA, Fogg Art Museum, 1975). cat. no. 536, p. 373"
entity:artifact:2:204645,bibliography,"Dorothy W. Gillerman, ed., Grenville L. Winthrop: Retrospective for a Collector, exh. cat., Fogg Art Museum (Cambridge, 1969) no. 022, pp. 18-19 | Max Loehr and Louisa G. Fitzgerald Huber, Ancient Chinese Jades from the Grenville L. Winthrop Collection in the Fogg Art Museum, Harvard University (Cambridge, MA, Fogg Art Museum, 1975). cat. no. 231, p. 179 | Jenny So, Early Chinese Jades in the Harvard Art Museums (Cambridge, MA, 2019) pp. 178, 182-83, cat. 23D"
entity:artifact:2:204651,bibliography,"Robert W. Bagley and Haicheng Wang, Art and Artistic Thinking in Ancient China, Asian Art Museum of San Francisco (San Francisco) fig. 7.3"
entity:artifact:2:204652,bibliography,"Dorothy W. Gillerman, ed., Grenville L. Winthrop: Retrospective for a Collector, exh. cat., Fogg Art Museum (Cambridge, 1969) no. 050, pp. 48-49"
entity:artifact:2:204653,bibliography,"Max Loehr and Louisa G. Fitzgerald Huber, Ancient Chinese Jades from the Grenville L. Winthrop Collection in the Fogg Art Museum, Harvard University (Cambridge, MA, Fogg Art Museum, 1975). cat. no. 93, p. 91"
entity:artifact:2:204654,bibliography,"Dorothy W. Gillerman, ed., Grenville L. Winthrop: Retrospective for a Collector, exh. cat., Fogg Art Museum (Cambridge, 1969) no. 041, pp. 42-43"
entity:artifact:2:204657,bibliography,"Max Loehr and Louisa G. Fitzgerald Huber, Ancient Chinese Jades from the Grenville L. Winthrop Collection in the Fogg Art Museum, Harvard University (Cambridge, MA, Fogg Art Museum, 1975). cat. no. 576, p. 398"
entity:artifact:2:204658,bibliography,"Dorothy W. Gillerman, ed., Grenville L. Winthrop: Retrospective for a Collector, exh. cat., Fogg Art Museum (Cambridge, 1969) no. 051, pp. 50-51 | Takayasu Higuchi, ed., Chugoku bijutsu, dai 4-kan (Chinese Art in Western Collections vol. 4: Bronze and Jade), Kodansha (Tokyo, Japan, 1973) pl. 104 b"
entity:artifact:2:204661,bibliography,"Takayasu Higuchi, ed., Chugoku bijutsu, dai 4-kan (Chinese Art in Western Collections vol. 4: Bronze and Jade), Kodansha (Tokyo, Japan, 1973) pl. 104 a | Max Loehr and Louisa G. Fitzgerald Huber, Ancient Chinese Jades from the Grenville L. Winthrop Collection in the Fogg Art Museum, Harvard University (Cambridge, MA, Fogg Art Museum, 1975). cat. no. 474, p. 324 | Karl E. Meyer and Shareen Blair Brysac, The China Collectors: America's Century-Long Hunt for Asian Art Treasures, Palgrave Macmillan Ltd (New York, 2015) fig. 3 | Jenny So, Early Chinese Jades in the Harvard Art Museums (Cambridge, MA, 2019) pp.40-41, figs. 2.17, 2.18a-b; pp. 246, 247-8, cat. 34B | Katherine Eremin, Angela Chang, and Ariel O'Connor, Jade in the Lab, Early Chinese jades in the Harvard Art Museums, Harvard Art Museum (Cambridge, Massachusetts, 2019), Pages 28-47 Figure 2.17, Page 40; Figure 2.18a-b, Page 40"
entity:artifact:2:204662,bibliography,"Dorothy W. Gillerman, ed., Grenville L. Winthrop: Retrospective for a Collector, exh. cat., Fogg Art Museum (Cambridge, 1969) no. 048, pp. 48-49"
entity:artifact:2:204663,bibliography,"Max Loehr and Louisa G. Fitzgerald Huber, Ancient Chinese Jades from the Grenville L. Winthrop Collection in the Fogg Art Museum, Harvard University (Cambridge, MA, Fogg Art Museum, 1975). cat. no. 481, p. 329"
entity:artifact:2:204664,bibliography,"Max Loehr and Louisa G. Fitzgerald Huber, Ancient Chinese Jades from the Grenville L. Winthrop Collection in the Fogg Art Museum, Harvard University (Cambridge, MA, Fogg Art Museum, 1975). cat. no. 578, p. 399 | Jenny So, Early Chinese Jades in the Harvard Art Museums (Cambridge, MA, 2019) pp. 35-36, fig. 2.9b | Katherine Eremin, Angela Chang, and Ariel O'Connor, Jade in the Lab, Early Chinese jades in the Harvard Art Museums, Harvard Art Museum (Cambridge, Massachusetts, 2019), Pages 28-47 Figure 2.9a-b"
entity:artifact:2:204665,bibliography,"Max Loehr and Louisa G. Fitzgerald Huber, Ancient Chinese Jades from the Grenville L. Winthrop Collection in the Fogg Art Museum, Harvard University (Cambridge, MA, Fogg Art Museum, 1975). cat. no. 477, p. 327 | Jenny So, Early Chinese Jades in the Harvard Art Museums (Cambridge, MA, 2019) pp. 35-36, fig. 2.9a; pp. 244-5, cat. 33"
entity:artifact:2:204681,bibliography,"Max Loehr and Louisa G. Fitzgerald Huber, Ancient Chinese Jades from the Grenville L. Winthrop Collection in the Fogg Art Museum, Harvard University (Cambridge, MA, Fogg Art Museum, 1975). cat. no. 154, p. 126"
entity:artifact:2:204682,bibliography,"Max Loehr and Louisa G. Fitzgerald Huber, Ancient Chinese Jades from the Grenville L. Winthrop Collection in the Fogg Art Museum, Harvard University (Cambridge, MA, Fogg Art Museum, 1975). cat. no. 148, p. 123 | Jenny So, Early Chinese Jades in the Harvard Art Museums (Cambridge, MA, 2019) pp. 166, 168, fig. 2"
entity:artifact:2:204683,bibliography,"Robert W. Bagley and Haicheng Wang, Art and Artistic Thinking in Ancient China, Asian Art Museum of San Francisco (San Francisco) 17.183 | Max Loehr and Louisa G. Fitzgerald Huber, Ancient Chinese Jades from the Grenville L. Winthrop Collection in the Fogg Art Museum, Harvard University (Cambridge, MA, Fogg Art Museum, 1975). cat. no. 423, p. 290 | Jenny So, Early Chinese Jades in the Harvard Art Museums (Cambridge, MA, 2019) p. 184, ill.; pp. 210, 212-13, cat. 25D"
entity:artifact:2:204684,bibliography,"Max Loehr and Louisa G. Fitzgerald Huber, Ancient Chinese Jades from the Grenville L. Winthrop Collection in the Fogg Art Museum, Harvard University (Cambridge, MA, Fogg Art Museum, 1975). cat. no. 447a, p. 306 | Jenny So, Early Chinese Jades in the Harvard Art Museums (Cambridge, MA, 2019) pp. 214, 216-17, cat. 26B"
entity:artifact:2:204685,bibliography,"Max Loehr and Louisa G. Fitzgerald Huber, Ancient Chinese Jades from the Grenville L. Winthrop Collection in the Fogg Art Museum, Harvard University (Cambridge, MA, Fogg Art Museum, 1975). cat. no. 419b, p. 288"
entity:artifact:2:204686,bibliography,"Robert W. Bagley and Haicheng Wang, Art and Artistic Thinking in Ancient China, Asian Art Museum of San Francisco (San Francisco) figs. 16.100, 17.179 | Max Loehr and Louisa G. Fitzgerald Huber, Ancient Chinese Jades from the Grenville L. Winthrop Collection in the Fogg Art Museum, Harvard University (Cambridge, MA, Fogg Art Museum, 1975). cat. no. 420, p. 289"
entity:artifact:2:204687,bibliography,"Max Loehr and Louisa G. Fitzgerald Huber, Ancient Chinese Jades from the Grenville L. Winthrop Collection in the Fogg Art Museum, Harvard University (Cambridge, MA, Fogg Art Museum, 1975). cat. no. 553b, p. 385"
entity:artifact:2:204689,bibliography,"Fogg Art Museum, The Use of Blue on Chinese Porcelain of the Ming Dynasty 1368-1644, exh. cat., Harvard University Press (Cambridge, Mass., Spring 1947) no. 29 (not illustrated)"
entity:artifact:2:204690,bibliography,"Henry Trubner, Chinese Ceramics, from the prehistoric period through Ch'ien Lung: a loan exhibition from collections in America and Japan, exh. cat., Los Angeles County Museum (Los Angeles, CA, 1952) p. 105, no. 304 | Suzanne G. Valenstein, Ming Porcelains: A Retrospective, exh. cat., China Institute in America (New York, 1970) p. 77, no. 49"
entity:artifact:2:204695,bibliography,"Max Loehr and Louisa G. Fitzgerald Huber, Ancient Chinese Jades from the Grenville L. Winthrop Collection in the Fogg Art Museum, Harvard University (Cambridge, MA, Fogg Art Museum, 1975). cat. no. 597, p. 414"
entity:artifact:2:204696,bibliography,"Suzanne G. Valenstein, Ming Porcelains: A Retrospective, exh. cat., China Institute in America (New York, 1970) p. 78, no. 50"
entity:artifact:2:204697,bibliography,"Suzanne G. Valenstein, Ming Porcelains: A Retrospective, exh. cat., China Institute in America (New York, 1970) p. 84, no. 56"
entity:artifact:2:204702,bibliography,"Max Loehr and Louisa G. Fitzgerald Huber, Ancient Chinese Jades from the Grenville L. Winthrop Collection in the Fogg Art Museum, Harvard University (Cambridge, MA, Fogg Art Museum, 1975). cat. no. 565, p. 392"
entity:artifact:2:204703,bibliography,"Max Loehr and Louisa G. Fitzgerald Huber, Ancient Chinese Jades from the Grenville L. Winthrop Collection in the Fogg Art Museum, Harvard University (Cambridge, MA, Fogg Art Museum, 1975). cat. no. 428, p. 294"
entity:artifact:2:204704,bibliography,"Max Loehr and Louisa G. Fitzgerald Huber, Ancient Chinese Jades from the Grenville L. Winthrop Collection in the Fogg Art Museum, Harvard University (Cambridge, MA, Fogg Art Museum, 1975). cat. no. 426, p. 293"
entity:artifact:2:204705,bibliography,"Max Loehr and Louisa G. Fitzgerald Huber, Ancient Chinese Jades from the Grenville L. Winthrop Collection in the Fogg Art Museum, Harvard University (Cambridge, MA, Fogg Art Museum, 1975). cat. no. 433a, p. 296"
entity:artifact:2:204706,bibliography,"Max Loehr and Louisa G. Fitzgerald Huber, Ancient Chinese Jades from the Grenville L. Winthrop Collection in the Fogg Art Museum, Harvard University (Cambridge, MA, Fogg Art Museum, 1975). cat. no. 553a, p. 385"
entity:artifact:2:204707,bibliography,"Max Loehr and Louisa G. Fitzgerald Huber, Ancient Chinese Jades from the Grenville L. Winthrop Collection in the Fogg Art Museum, Harvard University (Cambridge, MA, Fogg Art Museum, 1975). cat. no. 422a, p. 290 | Jenny So, Early Chinese Jades in the Harvard Art Museums (Cambridge, MA, 2019) pp. 214-15, cat. 26A"
entity:artifact:2:204708,bibliography,"Max Loehr and Louisa G. Fitzgerald Huber, Ancient Chinese Jades from the Grenville L. Winthrop Collection in the Fogg Art Museum, Harvard University (Cambridge, MA, Fogg Art Museum, 1975). cat. no. 422b, p. 290 | Jenny So, Early Chinese Jades in the Harvard Art Museums (Cambridge, MA, 2019) pp. 214-15, cat. 26A"
entity:artifact:2:204709,bibliography,"Max Loehr and Louisa G. Fitzgerald Huber, Ancient Chinese Jades from the Grenville L. Winthrop Collection in the Fogg Art Museum, Harvard University (Cambridge, MA, Fogg Art Museum, 1975). cat. no. 567, p. 393 | Jenny So, Early Chinese Jades in the Harvard Art Museums (Cambridge, MA, 2019) pp. 286-7, cat. 40A"
entity:artifact:2:204710,bibliography,"Max Loehr and Louisa G. Fitzgerald Huber, Ancient Chinese Jades from the Grenville L. Winthrop Collection in the Fogg Art Museum, Harvard University (Cambridge, MA, Fogg Art Museum, 1975). cat. no. 368, p. 247"
entity:artifact:2:204711,bibliography,"Max Loehr and Louisa G. Fitzgerald Huber, Ancient Chinese Jades from the Grenville L. Winthrop Collection in the Fogg Art Museum, Harvard University (Cambridge, MA, Fogg Art Museum, 1975). cat. no. 602, p. 416"
entity:artifact:2:204712,bibliography,"Max Loehr and Louisa G. Fitzgerald Huber, Ancient Chinese Jades from the Grenville L. Winthrop Collection in the Fogg Art Museum, Harvard University (Cambridge, MA, Fogg Art Museum, 1975). cat. no. 318, p. 214"
entity:artifact:2:204717,bibliography,"John Alexander Pope, ""Ming Porcelains in the Davis Collection"", Bulletin of the Fogg Art Museum, President and Fellows of Harvard College (November 1941), vol. IX, no. 5, pp. 95-100 p. 97, fig. 2 | Henry Trubner, Chinese Ceramics, from the prehistoric period through Ch'ien Lung: a loan exhibition from collections in America and Japan, exh. cat., Los Angeles County Museum (Los Angeles, CA, 1952) p. 105, no. 305"
entity:artifact:2:204726,bibliography,"Max Loehr and Louisa G. Fitzgerald Huber, Ancient Chinese Jades from the Grenville L. Winthrop Collection in the Fogg Art Museum, Harvard University (Cambridge, MA, Fogg Art Museum, 1975). cat. no. 619, p. 424"
entity:artifact:2:204727,bibliography,"Robert W. Bagley and Haicheng Wang, Art and Artistic Thinking in Ancient China, Asian Art Museum of San Francisco (San Francisco) fig. 17.185a-b | Max Loehr and Louisa G. Fitzgerald Huber, Ancient Chinese Jades from the Grenville L. Winthrop Collection in the Fogg Art Museum, Harvard University (Cambridge, MA, Fogg Art Museum, 1975). cat. no. 425, p. 292 | Jenny So, Early Chinese Jades in the Harvard Art Museums (Cambridge, MA, 2019) pp. 210, 212-13, cat. 25C"
entity:artifact:2:204728,bibliography,"Max Loehr and Louisa G. Fitzgerald Huber, Ancient Chinese Jades from the Grenville L. Winthrop Collection in the Fogg Art Museum, Harvard University (Cambridge, MA, Fogg Art Museum, 1975). cat. no. 314, p. 213 | Jenny So, Early Chinese Jades in the Harvard Art Museums (Cambridge, MA, 2019) pp. 84-86, cat. 5A"
entity:artifact:2:204729,bibliography,"Max Loehr and Louisa G. Fitzgerald Huber, Ancient Chinese Jades from the Grenville L. Winthrop Collection in the Fogg Art Museum, Harvard University (Cambridge, MA, Fogg Art Museum, 1975). cat. no. 369, p. 247"
entity:artifact:2:204730,bibliography,"Max Loehr and Louisa G. Fitzgerald Huber, Ancient Chinese Jades from the Grenville L. Winthrop Collection in the Fogg Art Museum, Harvard University (Cambridge, MA, Fogg Art Museum, 1975). cat. no. 317, p. 214"
entity:artifact:2:204731,bibliography,"Max Loehr and Louisa G. Fitzgerald Huber, Ancient Chinese Jades from the Grenville L. Winthrop Collection in the Fogg Art Museum, Harvard University (Cambridge, MA, Fogg Art Museum, 1975). cat. no. 147, p. 123"
entity:artifact:2:204732,bibliography,"Max Loehr and Louisa G. Fitzgerald Huber, Ancient Chinese Jades from the Grenville L. Winthrop Collection in the Fogg Art Museum, Harvard University (Cambridge, MA, Fogg Art Museum, 1975). cat. no. 303, p. 209"
entity:artifact:2:204733,bibliography,"Max Loehr and Louisa G. Fitzgerald Huber, Ancient Chinese Jades from the Grenville L. Winthrop Collection in the Fogg Art Museum, Harvard University (Cambridge, MA, Fogg Art Museum, 1975). cat. no. 468, p. 319"
entity:artifact:2:204734,bibliography,"Dorothy W. Gillerman, ed., Grenville L. Winthrop: Retrospective for a Collector, exh. cat., Fogg Art Museum (Cambridge, 1969) no. 030, pp. 24-25 | Max Loehr and Louisa G. Fitzgerald Huber, Ancient Chinese Jades from the Grenville L. Winthrop Collection in the Fogg Art Museum, Harvard University (Cambridge, MA, Fogg Art Museum, 1975). cat. no. 470, p. 321"
entity:artifact:2:204735,bibliography,"Max Loehr and Louisa G. Fitzgerald Huber, Ancient Chinese Jades from the Grenville L. Winthrop Collection in the Fogg Art Museum, Harvard University (Cambridge, MA, Fogg Art Museum, 1975). cat. no. 473, p. 323 | Jenny So, Early Chinese Jades in the Harvard Art Museums (Cambridge, MA, 2019) pp. 39-40, fig. 2.16a-b; pp. 246-8, cat. 34A | Katherine Eremin, Angela Chang, and Ariel O'Connor, Jade in the Lab, Early Chinese jades in the Harvard Art Museums, Harvard Art Museum (Cambridge, Massachusetts, 2019), Pages 28-47 Figure 2.16a-b, Page 40"
entity:artifact:2:204736,bibliography,"Max Loehr and Louisa G. Fitzgerald Huber, Ancient Chinese Jades from the Grenville L. Winthrop Collection in the Fogg Art Museum, Harvard University (Cambridge, MA, Fogg Art Museum, 1975). cat. no. 467, p. 318"
entity:artifact:2:204737,bibliography,"Max Loehr and Louisa G. Fitzgerald Huber, Ancient Chinese Jades from the Grenville L. Winthrop Collection in the Fogg Art Museum, Harvard University (Cambridge, MA, Fogg Art Museum, 1975). cat. no. 155, p. 127 | Jenny So, Early Chinese Jades in the Harvard Art Museums (Cambridge, MA, 2019) pp. 136-38, cat. 16B"
entity:artifact:2:204738,bibliography,"Max Loehr and Louisa G. Fitzgerald Huber, Ancient Chinese Jades from the Grenville L. Winthrop Collection in the Fogg Art Museum, Harvard University (Cambridge, MA, Fogg Art Museum, 1975). cat. no. 248, p. 189"
entity:artifact:2:204739,bibliography,"Max Loehr and Louisa G. Fitzgerald Huber, Ancient Chinese Jades from the Grenville L. Winthrop Collection in the Fogg Art Museum, Harvard University (Cambridge, MA, Fogg Art Museum, 1975). cat. no. 319, p. 214"
entity:artifact:2:204740,bibliography,"Paul Pelliot, Jades archaiques de Chine appartenant a M. C. T. Loo (Paris, France and Brussels, Belgium, 1925) pl. 24: I | Max Loehr and Louisa G. Fitzgerald Huber, Ancient Chinese Jades from the Grenville L. Winthrop Collection in the Fogg Art Museum, Harvard University (Cambridge, MA, Fogg Art Museum, 1975). cat. no. 301, p. 209 | Jenny So, Early Chinese Jades in the Harvard Art Museums (Cambridge, MA, 2019) pp. 84-85, cat. 5B"
entity:artifact:2:204741,bibliography,"Max Loehr and Louisa G. Fitzgerald Huber, Ancient Chinese Jades from the Grenville L. Winthrop Collection in the Fogg Art Museum, Harvard University (Cambridge, MA, Fogg Art Museum, 1975). cat. no. 575, p. 397"
entity:artifact:2:204742,bibliography,"Max Loehr and Louisa G. Fitzgerald Huber, Ancient Chinese Jades from the Grenville L. Winthrop Collection in the Fogg Art Museum, Harvard University (Cambridge, MA, Fogg Art Museum, 1975). cat. no. 462, p. 315"
entity:artifact:2:204743,bibliography,"Max Loehr and Louisa G. Fitzgerald Huber, Ancient Chinese Jades from the Grenville L. Winthrop Collection in the Fogg Art Museum, Harvard University (Cambridge, MA, Fogg Art Museum, 1975). cat. no. 263, p. 195"
entity:artifact:2:204744,bibliography,"Max Loehr and Louisa G. Fitzgerald Huber, Ancient Chinese Jades from the Grenville L. Winthrop Collection in the Fogg Art Museum, Harvard University (Cambridge, MA, Fogg Art Museum, 1975). cat. no. 142, p. 121"
entity:artifact:2:204745,bibliography,"Takayasu Higuchi, ed., Chugoku bijutsu, dai 4-kan (Chinese Art in Western Collections vol. 4: Bronze and Jade), Kodansha (Tokyo, Japan, 1973) pl. 103 a | Max Loehr and Louisa G. Fitzgerald Huber, Ancient Chinese Jades from the Grenville L. Winthrop Collection in the Fogg Art Museum, Harvard University (Cambridge, MA, Fogg Art Museum, 1975). cat. no. 438a, p. 301 | James Cuno, Alvin L. Clark, Jr., Ivan Gaskell, and William W. Robinson, Harvard's Art Museums: 100 Years of Collecting, ed. James Cuno, Harvard University Art Museums and Harry N. Abrams, Inc. (Cambridge, MA, 1996) pp. 54-55 | Masterpieces of world art : Fogg Art Museum, Arthur M. Sackler Museum, Busch-Reisinger Museum, 1997 | Jenny So, Early Chinese Jades in the Harvard Art Museums (Cambridge, MA, 2019) pp. 214, 216-18, cat. 26C"
entity:artifact:2:204746,bibliography,"Takayasu Higuchi, ed., Chugoku bijutsu, dai 4-kan (Chinese Art in Western Collections vol. 4: Bronze and Jade), Kodansha (Tokyo, Japan, 1973) pl. 103 b | Max Loehr and Louisa G. Fitzgerald Huber, Ancient Chinese Jades from the Grenville L. Winthrop Collection in the Fogg Art Museum, Harvard University (Cambridge, MA, Fogg Art Museum, 1975). cat. no. 438b, p. 301 | James Cuno, Alvin L. Clark, Jr., Ivan Gaskell, and William W. Robinson, Harvard's Art Museums: 100 Years of Collecting, ed. James Cuno, Harvard University Art Museums and Harry N. Abrams, Inc. (Cambridge, MA, 1996) pp. 54-55 | Masterpieces of world art : Fogg Art Museum, Arthur M. Sackler Museum, Busch-Reisinger Museum, 1997 | Jenny So, Early Chinese Jades in the Harvard Art Museums (Cambridge, MA, 2019) pp. 214, 216-18, cat. 26C"
entity:artifact:2:204747,bibliography,"Max Loehr and Louisa G. Fitzgerald Huber, Ancient Chinese Jades from the Grenville L. Winthrop Collection in the Fogg Art Museum, Harvard University (Cambridge, MA, Fogg Art Museum, 1975). cat. no. 157, p. 128 | Jenny So, Early Chinese Jades in the Harvard Art Museums (Cambridge, MA, 2019) pp. 166, 168, fig. 1"
entity:artifact:2:204748,bibliography,"Max Loehr and Louisa G. Fitzgerald Huber, Ancient Chinese Jades from the Grenville L. Winthrop Collection in the Fogg Art Museum, Harvard University (Cambridge, MA, Fogg Art Museum, 1975). cat. no. 311, p. 212"
entity:artifact:2:204749,bibliography,"Max Loehr and Louisa G. Fitzgerald Huber, Ancient Chinese Jades from the Grenville L. Winthrop Collection in the Fogg Art Museum, Harvard University (Cambridge, MA, Fogg Art Museum, 1975). cat. no. 408, p. 280 | Jenny So, Early Chinese Jades in the Harvard Art Museums (Cambridge, MA, 2019) pp. 234-5, cat 30A"
entity:artifact:2:204750,bibliography,"Max Loehr and Louisa G. Fitzgerald Huber, Ancient Chinese Jades from the Grenville L. Winthrop Collection in the Fogg Art Museum, Harvard University (Cambridge, MA, Fogg Art Museum, 1975). cat. no. 124, p. 113 | Meryl Faith Cohen, ""Ancient Chinese Jade Figures in the Winthrop Collection: An Anthropological Inquiry"" (thesis (certificate in conservation), Straus Center for Conservation and Technical Studies, March 1990), Unpublished pp. 1-110 passim"
entity:artifact:2:204751,bibliography,"Max Loehr and Louisa G. Fitzgerald Huber, Ancient Chinese Jades from the Grenville L. Winthrop Collection in the Fogg Art Museum, Harvard University (Cambridge, MA, Fogg Art Museum, 1975). cat. no. 504, p. 341"
entity:artifact:2:204752,bibliography,"Max Loehr and Louisa G. Fitzgerald Huber, Ancient Chinese Jades from the Grenville L. Winthrop Collection in the Fogg Art Museum, Harvard University (Cambridge, MA, Fogg Art Museum, 1975). cat. no. 382e, pp. 254-255 | Jenny So, Early Chinese Jades in the Harvard Art Museums (Cambridge, MA, 2019) pp. 258, 260-1, cat. 37C"
entity:artifact:2:204753,bibliography,"Max Loehr and Louisa G. Fitzgerald Huber, Ancient Chinese Jades from the Grenville L. Winthrop Collection in the Fogg Art Museum, Harvard University (Cambridge, MA, Fogg Art Museum, 1975). cat. no. 382f, pp. 254-255"
entity:artifact:2:204754,bibliography,"Max Loehr and Louisa G. Fitzgerald Huber, Ancient Chinese Jades from the Grenville L. Winthrop Collection in the Fogg Art Museum, Harvard University (Cambridge, MA, Fogg Art Museum, 1975). cat. no. 382k, pp. 254-255 | Jenny So, Early Chinese Jades in the Harvard Art Museums (Cambridge, MA, 2019) pp. 258, 260-1, cat. 37C"
entity:artifact:2:204755,bibliography,"Max Loehr and Louisa G. Fitzgerald Huber, Ancient Chinese Jades from the Grenville L. Winthrop Collection in the Fogg Art Museum, Harvard University (Cambridge, MA, Fogg Art Museum, 1975). cat. no. 382l, pp. 254-255 | Jenny So, Early Chinese Jades in the Harvard Art Museums (Cambridge, MA, 2019) pp. 258, 260-1, cat. 37C"
entity:artifact:2:204756,bibliography,"Max Loehr and Louisa G. Fitzgerald Huber, Ancient Chinese Jades from the Grenville L. Winthrop Collection in the Fogg Art Museum, Harvard University (Cambridge, MA, Fogg Art Museum, 1975). cat. no. 436a, p. 299"
entity:artifact:2:204757,bibliography,"Max Loehr and Louisa G. Fitzgerald Huber, Ancient Chinese Jades from the Grenville L. Winthrop Collection in the Fogg Art Museum, Harvard University (Cambridge, MA, Fogg Art Museum, 1975). cat. no. 435, p. 298 | Jenny So, Early Chinese Jades in the Harvard Art Museums (Cambridge, MA, 2019) pp. 220-22, cat. 27A"
entity:artifact:2:204758,bibliography,"Max Loehr and Louisa G. Fitzgerald Huber, Ancient Chinese Jades from the Grenville L. Winthrop Collection in the Fogg Art Museum, Harvard University (Cambridge, MA, Fogg Art Museum, 1975). cat. no. 304, p. 210"
entity:artifact:2:204759,bibliography,"Max Loehr and Louisa G. Fitzgerald Huber, Ancient Chinese Jades from the Grenville L. Winthrop Collection in the Fogg Art Museum, Harvard University (Cambridge, MA, Fogg Art Museum, 1975). cat. no. 163, p. 132"
entity:artifact:2:204760,bibliography,"Max Loehr and Louisa G. Fitzgerald Huber, Ancient Chinese Jades from the Grenville L. Winthrop Collection in the Fogg Art Museum, Harvard University (Cambridge, MA, Fogg Art Museum, 1975). cat. no. 564, p. 392"
entity:artifact:2:204761,bibliography,"Max Loehr and Louisa G. Fitzgerald Huber, Ancient Chinese Jades from the Grenville L. Winthrop Collection in the Fogg Art Museum, Harvard University (Cambridge, MA, Fogg Art Museum, 1975). cat. no. 566, p. 393 | Jenny So, Early Chinese Jades in the Harvard Art Museums (Cambridge, MA, 2019) pp. 286-7, cat. 40B"
entity:artifact:2:204762,bibliography,"Max Loehr and Louisa G. Fitzgerald Huber, Ancient Chinese Jades from the Grenville L. Winthrop Collection in the Fogg Art Museum, Harvard University (Cambridge, MA, Fogg Art Museum, 1975). cat. no. 568, p. 393"
entity:artifact:2:204763,bibliography,"Max Loehr and Louisa G. Fitzgerald Huber, Ancient Chinese Jades from the Grenville L. Winthrop Collection in the Fogg Art Museum, Harvard University (Cambridge, MA, Fogg Art Museum, 1975). cat. no. 515, p. 346"
entity:artifact:2:204764,bibliography,"Max Loehr and Louisa G. Fitzgerald Huber, Ancient Chinese Jades from the Grenville L. Winthrop Collection in the Fogg Art Museum, Harvard University (Cambridge, MA, Fogg Art Museum, 1975). cat. no. 471, p. 321"
entity:artifact:2:204765,bibliography,"Max Loehr and Louisa G. Fitzgerald Huber, Ancient Chinese Jades from the Grenville L. Winthrop Collection in the Fogg Art Museum, Harvard University (Cambridge, MA, Fogg Art Museum, 1975). cat. no. 433b, p. 296"
entity:artifact:2:204766,bibliography,"Max Loehr and Louisa G. Fitzgerald Huber, Ancient Chinese Jades from the Grenville L. Winthrop Collection in the Fogg Art Museum, Harvard University (Cambridge, MA, Fogg Art Museum, 1975). cat. no. 501, p. 339"
entity:artifact:2:204767,bibliography,"Max Loehr and Louisa G. Fitzgerald Huber, Ancient Chinese Jades from the Grenville L. Winthrop Collection in the Fogg Art Museum, Harvard University (Cambridge, MA, Fogg Art Museum, 1975). cat. no. 164, p. 132"
entity:artifact:2:204768,bibliography,"Max Loehr and Louisa G. Fitzgerald Huber, Ancient Chinese Jades from the Grenville L. Winthrop Collection in the Fogg Art Museum, Harvard University (Cambridge, MA, Fogg Art Museum, 1975). cat. no. 302, p. 209"
entity:artifact:2:204769,bibliography,"Max Loehr and Louisa G. Fitzgerald Huber, Ancient Chinese Jades from the Grenville L. Winthrop Collection in the Fogg Art Museum, Harvard University (Cambridge, MA, Fogg Art Museum, 1975). cat. no. 448a, p. 307"
entity:artifact:2:204770,bibliography,"Max Loehr and Louisa G. Fitzgerald Huber, Ancient Chinese Jades from the Grenville L. Winthrop Collection in the Fogg Art Museum, Harvard University (Cambridge, MA, Fogg Art Museum, 1975). cat. no. 448b, p. 307"
entity:artifact:2:204772,bibliography,"Max Loehr and Louisa G. Fitzgerald Huber, Ancient Chinese Jades from the Grenville L. Winthrop Collection in the Fogg Art Museum, Harvard University (Cambridge, MA, Fogg Art Museum, 1975). cat. no. 308, p. 211"
entity:artifact:2:204773,bibliography,"Max Loehr and Louisa G. Fitzgerald Huber, Ancient Chinese Jades from the Grenville L. Winthrop Collection in the Fogg Art Museum, Harvard University (Cambridge, MA, Fogg Art Museum, 1975). cat. no. 502, p. 340"
entity:artifact:2:204774,bibliography,"Max Loehr and Louisa G. Fitzgerald Huber, Ancient Chinese Jades from the Grenville L. Winthrop Collection in the Fogg Art Museum, Harvard University (Cambridge, MA, Fogg Art Museum, 1975). cat. no. 494, p. 336"
entity:artifact:2:204775,bibliography,"Max Loehr and Louisa G. Fitzgerald Huber, Ancient Chinese Jades from the Grenville L. Winthrop Collection in the Fogg Art Museum, Harvard University (Cambridge, MA, Fogg Art Museum, 1975). cat. no. 472, p. 322 | Jenny So, Early Chinese Jades in the Harvard Art Museums (Cambridge, MA, 2019) pp. 39-40, fig. 2.15a-b | Katherine Eremin, Angela Chang, and Ariel O'Connor, Jade in the Lab, Early Chinese jades in the Harvard Art Museums, Harvard Art Museum (Cambridge, Massachusetts, 2019), Pages 28-47 Figure 2.15a-b, Page 40"
entity:artifact:2:204776,bibliography,"Max Loehr and Louisa G. Fitzgerald Huber, Ancient Chinese Jades from the Grenville L. Winthrop Collection in the Fogg Art Museum, Harvard University (Cambridge, MA, Fogg Art Museum, 1975). cat. no. 463, p. 315"
entity:artifact:2:204777,bibliography,"Max Loehr and Louisa G. Fitzgerald Huber, Ancient Chinese Jades from the Grenville L. Winthrop Collection in the Fogg Art Museum, Harvard University (Cambridge, MA, Fogg Art Museum, 1975). cat. no. 628, p. 431"
entity:artifact:2:204778,bibliography,"Max Loehr and Louisa G. Fitzgerald Huber, Ancient Chinese Jades from the Grenville L. Winthrop Collection in the Fogg Art Museum, Harvard University (Cambridge, MA, Fogg Art Museum, 1975). cat. no. 20a, p. 49"
entity:artifact:2:204779,bibliography,"Max Loehr and Louisa G. Fitzgerald Huber, Ancient Chinese Jades from the Grenville L. Winthrop Collection in the Fogg Art Museum, Harvard University (Cambridge, MA, Fogg Art Museum, 1975). cat. no. 20b, p. 49"
entity:artifact:2:204780,bibliography,"Robert W. Bagley and Haicheng Wang, Art and Artistic Thinking in Ancient China, Asian Art Museum of San Francisco (San Francisco) figs. 17.180a-b, 18.3 | Max Loehr and Louisa G. Fitzgerald Huber, Ancient Chinese Jades from the Grenville L. Winthrop Collection in the Fogg Art Museum, Harvard University (Cambridge, MA, Fogg Art Museum, 1975). cat. no. 427, p. 293 | Kristin A. Mortimer and William G. Klingelhofer, Harvard University Art Museums: A Guide to the Collections, Harvard University Art Museums and Abbeville Press (Cambridge and New York, 1986) no. 15, pp. 22-23 | Stephan Wolohojian and Alvin L. Clark, Jr., Harvard Art Museum/ Handbook, ed. Stephan Wolohojian, Harvard Art Museum (Cambridge, 2008) pp. 14-15 | Jenny So, Early Chinese Jades in the Harvard Art Museums (Cambridge, MA, 2019) pp. 210-12, cat. 25B"
entity:artifact:2:204781,bibliography,"Dorothy W. Gillerman, ed., Grenville L. Winthrop: Retrospective for a Collector, exh. cat., Fogg Art Museum (Cambridge, 1969) no. 028, pp. 22-23 | Max Loehr and Louisa G. Fitzgerald Huber, Ancient Chinese Jades from the Grenville L. Winthrop Collection in the Fogg Art Museum, Harvard University (Cambridge, MA, Fogg Art Museum, 1975). cat. no. 490, p. 334 | Jenny So, Early Chinese Jades in the Harvard Art Museums (Cambridge, MA, 2019) pp. 206-9, cat. 24B | Katherine Eremin, Angela Chang, and Ariel O'Connor, Jade in the Lab, Early Chinese jades in the Harvard Art Museums, Harvard Art Museum (Cambridge, Massachusetts, 2019), Pages 28-47 Figure 2.6a-b, Page 34"
entity:artifact:2:204782,bibliography,"Robert W. Bagley and Haicheng Wang, Art and Artistic Thinking in Ancient China, Asian Art Museum of San Francisco (San Francisco) fig. 16.183 | Max Loehr and Louisa G. Fitzgerald Huber, Ancient Chinese Jades from the Grenville L. Winthrop Collection in the Fogg Art Museum, Harvard University (Cambridge, MA, Fogg Art Museum, 1975). cat. no. 507, p. 342 | Jenny So, Early Chinese Jades in the Harvard Art Museums (Cambridge, MA, 2019) pp. 240-2, cat. 32A"
entity:artifact:2:204783,bibliography,"Max Loehr and Louisa G. Fitzgerald Huber, Ancient Chinese Jades from the Grenville L. Winthrop Collection in the Fogg Art Museum, Harvard University (Cambridge, MA, Fogg Art Museum, 1975). cat. no. 162, p. 131"
entity:artifact:2:204784,bibliography,"Max Loehr and Louisa G. Fitzgerald Huber, Ancient Chinese Jades from the Grenville L. Winthrop Collection in the Fogg Art Museum, Harvard University (Cambridge, MA, Fogg Art Museum, 1975). cat. no. 159, p. 129"
entity:artifact:2:204785,bibliography,"Max Loehr and Louisa G. Fitzgerald Huber, Ancient Chinese Jades from the Grenville L. Winthrop Collection in the Fogg Art Museum, Harvard University (Cambridge, MA, Fogg Art Museum, 1975). cat. no. 440, p. 302"
entity:artifact:2:204786,bibliography,"Max Loehr and Louisa G. Fitzgerald Huber, Ancient Chinese Jades from the Grenville L. Winthrop Collection in the Fogg Art Museum, Harvard University (Cambridge, MA, Fogg Art Museum, 1975). cat. no. 296, p. 207"
entity:artifact:2:204787,bibliography,"Max Loehr and Louisa G. Fitzgerald Huber, Ancient Chinese Jades from the Grenville L. Winthrop Collection in the Fogg Art Museum, Harvard University (Cambridge, MA, Fogg Art Museum, 1975). cat. no. 450, p. 308"
entity:artifact:2:204788,bibliography,"Max Loehr and Louisa G. Fitzgerald Huber, Ancient Chinese Jades from the Grenville L. Winthrop Collection in the Fogg Art Museum, Harvard University (Cambridge, MA, Fogg Art Museum, 1975). cat. no. 465, p. 317"
entity:artifact:2:204789,bibliography,"Alfred Salmony, Carved Jade of Ancient China, Gillick Press (Berkeley, CA, 1938) pl. 32: 7, 8 | Max Loehr and Louisa G. Fitzgerald Huber, Ancient Chinese Jades from the Grenville L. Winthrop Collection in the Fogg Art Museum, Harvard University (Cambridge, MA, Fogg Art Museum, 1975). cat. no. 377, p. 252"
entity:artifact:2:204790,bibliography,"Max Loehr and Louisa G. Fitzgerald Huber, Ancient Chinese Jades from the Grenville L. Winthrop Collection in the Fogg Art Museum, Harvard University (Cambridge, MA, Fogg Art Museum, 1975). cat. no. 306, p. 211"
entity:artifact:2:204791,bibliography,"Dorothy W. Gillerman, ed., Grenville L. Winthrop: Retrospective for a Collector, exh. cat., Fogg Art Museum (Cambridge, 1969) no. 018, pp. 16-17 | Max Loehr and Louisa G. Fitzgerald Huber, Ancient Chinese Jades from the Grenville L. Winthrop Collection in the Fogg Art Museum, Harvard University (Cambridge, MA, Fogg Art Museum, 1975). cat. no. 307, p. 211"
entity:artifact:2:204792,bibliography,"Robert W. Bagley and Haicheng Wang, Art and Artistic Thinking in Ancient China, Asian Art Museum of San Francisco (San Francisco) fig. 9.82 | Dorothy W. Gillerman, ed., Grenville L. Winthrop: Retrospective for a Collector, exh. cat., Fogg Art Museum (Cambridge, 1969) no. 007, pp. 8-9 | Max Loehr and Louisa G. Fitzgerald Huber, Ancient Chinese Jades from the Grenville L. Winthrop Collection in the Fogg Art Museum, Harvard University (Cambridge, MA, Fogg Art Museum, 1975). cat. no. 156, p. 128 | Jenny So, Early Chinese Jades in the Harvard Art Museums (Cambridge, MA, 2019) pp. 166-69, cat. 20A"
entity:artifact:2:204793,bibliography,"Max Loehr and Louisa G. Fitzgerald Huber, Ancient Chinese Jades from the Grenville L. Winthrop Collection in the Fogg Art Museum, Harvard University (Cambridge, MA, Fogg Art Museum, 1975). cat. no. 449, p. 307"
entity:artifact:2:204794,bibliography,"Max Loehr and Louisa G. Fitzgerald Huber, Ancient Chinese Jades from the Grenville L. Winthrop Collection in the Fogg Art Museum, Harvard University (Cambridge, MA, Fogg Art Museum, 1975). cat. no. 121, p. 111 | Meryl Faith Cohen, ""Ancient Chinese Jade Figures in the Winthrop Collection: An Anthropological Inquiry"" (thesis (certificate in conservation), Straus Center for Conservation and Technical Studies, March 1990), Unpublished pp. 1-110 passim | Jenny So, Early Chinese Jades in the Harvard Art Museums (Cambridge, MA, 2019) p. 164, fig. 3"
entity:artifact:2:204795,bibliography,"Max Loehr and Louisa G. Fitzgerald Huber, Ancient Chinese Jades from the Grenville L. Winthrop Collection in the Fogg Art Museum, Harvard University (Cambridge, MA, Fogg Art Museum, 1975). cat. no. 122, p. 112 | Meryl Faith Cohen, ""Ancient Chinese Jade Figures in the Winthrop Collection: An Anthropological Inquiry"" (thesis (certificate in conservation), Straus Center for Conservation and Technical Studies, March 1990), Unpublished pp. 1-110 passim | Jenny So, Early Chinese Jades in the Harvard Art Museums (Cambridge, MA, 2019) pp. 162, 164, fig. 2"
entity:artifact:2:204796,bibliography,"Max Loehr and Louisa G. Fitzgerald Huber, Ancient Chinese Jades from the Grenville L. Winthrop Collection in the Fogg Art Museum, Harvard University (Cambridge, MA, Fogg Art Museum, 1975). cat. no. 119, p. 110 | Meryl Faith Cohen, ""Ancient Chinese Jade Figures in the Winthrop Collection: An Anthropological Inquiry"" (thesis (certificate in conservation), Straus Center for Conservation and Technical Studies, March 1990), Unpublished pp. 1-110 passim | Jenny So, Early Chinese Jades in the Harvard Art Museums (Cambridge, MA, 2019) pp. 162-64, cat. 19B"
entity:artifact:2:204797,bibliography,"Max Loehr and Louisa G. Fitzgerald Huber, Ancient Chinese Jades from the Grenville L. Winthrop Collection in the Fogg Art Museum, Harvard University (Cambridge, MA, Fogg Art Museum, 1975). cat. no. 409, p. 281 | Jenny So, Early Chinese Jades in the Harvard Art Museums (Cambridge, MA, 2019) pp. 234-5, cat. 30C"
entity:artifact:2:204798,bibliography,"Max Loehr and Louisa G. Fitzgerald Huber, Ancient Chinese Jades from the Grenville L. Winthrop Collection in the Fogg Art Museum, Harvard University (Cambridge, MA, Fogg Art Museum, 1975). cat. no. 230, pp. 176-177"
entity:artifact:2:204799,bibliography,"Dorothy W. Gillerman, ed., Grenville L. Winthrop: Retrospective for a Collector, exh. cat., Fogg Art Museum (Cambridge, 1969) no. 002, pp. 4-5 | Max Loehr and Louisa G. Fitzgerald Huber, Ancient Chinese Jades from the Grenville L. Winthrop Collection in the Fogg Art Museum, Harvard University (Cambridge, MA, Fogg Art Museum, 1975). cat. no. 9, p. 39 | Jenny So, Early Chinese Jades in the Harvard Art Museums (Cambridge, MA, 2019) pp. 88-89, cat. 6A"
entity:artifact:2:204800,bibliography,"Dorothy W. Gillerman, ed., Grenville L. Winthrop: Retrospective for a Collector, exh. cat., Fogg Art Museum (Cambridge, 1969) no. 010, pp. 10-11 | Max Loehr and Louisa G. Fitzgerald Huber, Ancient Chinese Jades from the Grenville L. Winthrop Collection in the Fogg Art Museum, Harvard University (Cambridge, MA, Fogg Art Museum, 1975). cat. no. 232, p. 178"
entity:artifact:2:204801,bibliography,"Max Loehr and Louisa G. Fitzgerald Huber, Ancient Chinese Jades from the Grenville L. Winthrop Collection in the Fogg Art Museum, Harvard University (Cambridge, MA, Fogg Art Museum, 1975). cat. no. 492, p. 335"
entity:artifact:2:204802,bibliography,"Max Loehr and Louisa G. Fitzgerald Huber, Ancient Chinese Jades from the Grenville L. Winthrop Collection in the Fogg Art Museum, Harvard University (Cambridge, MA, Fogg Art Museum, 1975). cat. no. 618a, p. 423"
entity:artifact:2:204803,bibliography,"Max Loehr and Louisa G. Fitzgerald Huber, Ancient Chinese Jades from the Grenville L. Winthrop Collection in the Fogg Art Museum, Harvard University (Cambridge, MA, Fogg Art Museum, 1975). cat. no. 618b, p. 423"
entity:artifact:2:204804,bibliography,"Max Loehr and Louisa G. Fitzgerald Huber, Ancient Chinese Jades from the Grenville L. Winthrop Collection in the Fogg Art Museum, Harvard University (Cambridge, MA, Fogg Art Museum, 1975). cat. no. 520, p. 352"
entity:artifact:2:204805,bibliography,"Max Loehr and Louisa G. Fitzgerald Huber, Ancient Chinese Jades from the Grenville L. Winthrop Collection in the Fogg Art Museum, Harvard University (Cambridge, MA, Fogg Art Museum, 1975). cat. no. 454, p. 309"
entity:artifact:2:204806,bibliography,"Max Loehr and Louisa G. Fitzgerald Huber, Ancient Chinese Jades from the Grenville L. Winthrop Collection in the Fogg Art Museum, Harvard University (Cambridge, MA, Fogg Art Museum, 1975). cat. no. 579, p. 400 | Jenny So, Early Chinese Jades in the Harvard Art Museums (Cambridge, MA, 2019) p. 252, fig. 3"
entity:artifact:2:204807,bibliography,"Max Loehr and Louisa G. Fitzgerald Huber, Ancient Chinese Jades from the Grenville L. Winthrop Collection in the Fogg Art Museum, Harvard University (Cambridge, MA, Fogg Art Museum, 1975). cat. no. 322, p. 216"
entity:artifact:2:204808,bibliography,"Max Loehr and Louisa G. Fitzgerald Huber, Ancient Chinese Jades from the Grenville L. Winthrop Collection in the Fogg Art Museum, Harvard University (Cambridge, MA, Fogg Art Museum, 1975). cat. no. 552, p. 384"
entity:artifact:2:204809,bibliography,"Max Loehr and Louisa G. Fitzgerald Huber, Ancient Chinese Jades from the Grenville L. Winthrop Collection in the Fogg Art Museum, Harvard University (Cambridge, MA, Fogg Art Museum, 1975). cat. no. 413, p. 283 | Jenny So, Early Chinese Jades in the Harvard Art Museums (Cambridge, MA, 2019) pp. 234-5, cat. 30B"
entity:artifact:2:204810,bibliography,"Max Loehr and Louisa G. Fitzgerald Huber, Ancient Chinese Jades from the Grenville L. Winthrop Collection in the Fogg Art Museum, Harvard University (Cambridge, MA, Fogg Art Museum, 1975). cat. no. 123, p. 112 | Meryl Faith Cohen, ""Ancient Chinese Jade Figures in the Winthrop Collection: An Anthropological Inquiry"" (thesis (certificate in conservation), Straus Center for Conservation and Technical Studies, March 1990), Unpublished pp. 1-110 passim | Jenny So, Early Chinese Jades in the Harvard Art Museums (Cambridge, MA, 2019) p. 144, ill.; pp. 162, 164-65, cat. 19C"
entity:artifact:2:204811,bibliography,"Max Loehr and Louisa G. Fitzgerald Huber, Ancient Chinese Jades from the Grenville L. Winthrop Collection in the Fogg Art Museum, Harvard University (Cambridge, MA, Fogg Art Museum, 1975). cat. no. 245, p. 187"
entity:artifact:2:204812,bibliography,"Max Loehr and Louisa G. Fitzgerald Huber, Ancient Chinese Jades from the Grenville L. Winthrop Collection in the Fogg Art Museum, Harvard University (Cambridge, MA, Fogg Art Museum, 1975). cat. no. 411a, p. 282"
entity:artifact:2:204813,bibliography,"Max Loehr and Louisa G. Fitzgerald Huber, Ancient Chinese Jades from the Grenville L. Winthrop Collection in the Fogg Art Museum, Harvard University (Cambridge, MA, Fogg Art Museum, 1975). cat. no. 411b, p. 282"
entity:artifact:2:204814,bibliography,"Max Loehr and Louisa G. Fitzgerald Huber, Ancient Chinese Jades from the Grenville L. Winthrop Collection in the Fogg Art Museum, Harvard University (Cambridge, MA, Fogg Art Museum, 1975). cat. no. 120, p. 111 | Meryl Faith Cohen, ""Ancient Chinese Jade Figures in the Winthrop Collection: An Anthropological Inquiry"" (thesis (certificate in conservation), Straus Center for Conservation and Technical Studies, March 1990), Unpublished pp. 1-110 passim"
entity:artifact:2:204815,bibliography,"Max Loehr and Louisa G. Fitzgerald Huber, Ancient Chinese Jades from the Grenville L. Winthrop Collection in the Fogg Art Museum, Harvard University (Cambridge, MA, Fogg Art Museum, 1975). cat. no. 410, p. 281"
entity:artifact:2:204816,bibliography,"Max Loehr and Louisa G. Fitzgerald Huber, Ancient Chinese Jades from the Grenville L. Winthrop Collection in the Fogg Art Museum, Harvard University (Cambridge, MA, Fogg Art Museum, 1975). cat. no. 547, p. 382"
entity:artifact:2:204817,bibliography,"Max Loehr and Louisa G. Fitzgerald Huber, Ancient Chinese Jades from the Grenville L. Winthrop Collection in the Fogg Art Museum, Harvard University (Cambridge, MA, Fogg Art Museum, 1975). cat. no. 581b, p. 401"
entity:artifact:2:204818,bibliography,"Max Loehr and Louisa G. Fitzgerald Huber, Ancient Chinese Jades from the Grenville L. Winthrop Collection in the Fogg Art Museum, Harvard University (Cambridge, MA, Fogg Art Museum, 1975). cat. no. 10, p. 40"
entity:artifact:2:204819,bibliography,"Max Loehr and Louisa G. Fitzgerald Huber, Ancient Chinese Jades from the Grenville L. Winthrop Collection in the Fogg Art Museum, Harvard University (Cambridge, MA, Fogg Art Museum, 1975). cat. no. 545, p. 381"
entity:artifact:2:204820,bibliography,"Max Loehr and Louisa G. Fitzgerald Huber, Ancient Chinese Jades from the Grenville L. Winthrop Collection in the Fogg Art Museum, Harvard University (Cambridge, MA, Fogg Art Museum, 1975). cat. no. 604, p. 417"
entity:artifact:2:204821,bibliography,"Max Loehr and Louisa G. Fitzgerald Huber, Ancient Chinese Jades from the Grenville L. Winthrop Collection in the Fogg Art Museum, Harvard University (Cambridge, MA, Fogg Art Museum, 1975). cat. no. 607, p. 418 | Jenny So, Early Chinese Jades in the Harvard Art Museums (Cambridge, MA, 2019) pp. 76-77, cat. 2"
entity:artifact:2:204822,bibliography,"Max Loehr and Louisa G. Fitzgerald Huber, Ancient Chinese Jades from the Grenville L. Winthrop Collection in the Fogg Art Museum, Harvard University (Cambridge, MA, Fogg Art Museum, 1975). cat. no. 605, p. 417"
entity:artifact:2:204823,bibliography,"Max Loehr and Louisa G. Fitzgerald Huber, Ancient Chinese Jades from the Grenville L. Winthrop Collection in the Fogg Art Museum, Harvard University (Cambridge, MA, Fogg Art Museum, 1975). cat. no. 105, p. 102 | Jenny So, Early Chinese Jades in the Harvard Art Museums (Cambridge, MA, 2019) pp. 96-99, cat. 8A"
entity:artifact:2:204824,bibliography,"Max Loehr and Louisa G. Fitzgerald Huber, Ancient Chinese Jades from the Grenville L. Winthrop Collection in the Fogg Art Museum, Harvard University (Cambridge, MA, Fogg Art Museum, 1975). cat. no. 106, p. 103"
entity:artifact:2:204825,bibliography,"Max Loehr and Louisa G. Fitzgerald Huber, Ancient Chinese Jades from the Grenville L. Winthrop Collection in the Fogg Art Museum, Harvard University (Cambridge, MA, Fogg Art Museum, 1975). cat. no. 98, p. 95 | Jenny So, Early Chinese Jades in the Harvard Art Museums (Cambridge, MA, 2019) p. 116, fig. 1"
entity:artifact:2:204826,bibliography,"Dorothy W. Gillerman, ed., Grenville L. Winthrop: Retrospective for a Collector, exh. cat., Fogg Art Museum (Cambridge, 1969) no. 008, pp. 10-11 | Max Loehr and Louisa G. Fitzgerald Huber, Ancient Chinese Jades from the Grenville L. Winthrop Collection in the Fogg Art Museum, Harvard University (Cambridge, MA, Fogg Art Museum, 1975). cat. no. 103, p. 100"
entity:artifact:2:204827,bibliography,"Max Loehr and Louisa G. Fitzgerald Huber, Ancient Chinese Jades from the Grenville L. Winthrop Collection in the Fogg Art Museum, Harvard University (Cambridge, MA, Fogg Art Museum, 1975). cat. no. 99, p. 96"
entity:artifact:2:204828,bibliography,"Max Loehr and Louisa G. Fitzgerald Huber, Ancient Chinese Jades from the Grenville L. Winthrop Collection in the Fogg Art Museum, Harvard University (Cambridge, MA, Fogg Art Museum, 1975). cat. no. 391, p. 264"
entity:artifact:2:204829,bibliography,"Max Loehr and Louisa G. Fitzgerald Huber, Ancient Chinese Jades from the Grenville L. Winthrop Collection in the Fogg Art Museum, Harvard University (Cambridge, MA, Fogg Art Museum, 1975). cat. no. 527, p. 364"
entity:artifact:2:204830,bibliography,"Dorothy W. Gillerman, ed., Grenville L. Winthrop: Retrospective for a Collector, exh. cat., Fogg Art Museum (Cambridge, 1969) no. 026, pp. 22-23 | Max Loehr and Louisa G. Fitzgerald Huber, Ancient Chinese Jades from the Grenville L. Winthrop Collection in the Fogg Art Museum, Harvard University (Cambridge, MA, Fogg Art Museum, 1975). cat. no. 397, p. 270 | Jenny So, Early Chinese Jades in the Harvard Art Museums (Cambridge, MA, 2019) pp. 34-35, fig. 2.7a; pp. 224, 226-27, cat. 28C"
entity:artifact:2:204831,bibliography,"Max Loehr and Louisa G. Fitzgerald Huber, Ancient Chinese Jades from the Grenville L. Winthrop Collection in the Fogg Art Museum, Harvard University (Cambridge, MA, Fogg Art Museum, 1975). cat. no. 394, p. 267"
entity:artifact:2:204832,bibliography,"Max Loehr and Louisa G. Fitzgerald Huber, Ancient Chinese Jades from the Grenville L. Winthrop Collection in the Fogg Art Museum, Harvard University (Cambridge, MA, Fogg Art Museum, 1975). cat. no. 395, p. 268"
entity:artifact:2:204833,bibliography,"Max Loehr and Louisa G. Fitzgerald Huber, Ancient Chinese Jades from the Grenville L. Winthrop Collection in the Fogg Art Museum, Harvard University (Cambridge, MA, Fogg Art Museum, 1975). cat. no. 528, p. 365 | Jenny So, Early Chinese Jades in the Harvard Art Museums (Cambridge, MA, 2019) pp. 32-33, figs. 2.2b, 2.3, 2.4a-b; pp. 282, 284-5, cat. 39B | Katherine Eremin, Angela Chang, and Ariel O'Connor, Jade in the Lab, Early Chinese jades in the Harvard Art Museums, Harvard Art Museum (Cambridge, Massachusetts, 2019), Pages 28-47 Page 28; Figure 2.2b, Page 32; Figure 2.3, Page 33"
entity:artifact:2:204834,bibliography,"Max Loehr and Louisa G. Fitzgerald Huber, Ancient Chinese Jades from the Grenville L. Winthrop Collection in the Fogg Art Museum, Harvard University (Cambridge, MA, Fogg Art Museum, 1975). cat. no. 353, p. 237"
entity:artifact:2:204835,bibliography,"Max Loehr and Louisa G. Fitzgerald Huber, Ancient Chinese Jades from the Grenville L. Winthrop Collection in the Fogg Art Museum, Harvard University (Cambridge, MA, Fogg Art Museum, 1975). cat. no. 606, p. 417 | Jenny So, Early Chinese Jades in the Harvard Art Museums (Cambridge, MA, 2019) p. 76, fig. 2"
entity:artifact:2:204836,bibliography,"Max Loehr and Louisa G. Fitzgerald Huber, Ancient Chinese Jades from the Grenville L. Winthrop Collection in the Fogg Art Museum, Harvard University (Cambridge, MA, Fogg Art Museum, 1975). cat. no. 111, p. 106"
entity:artifact:2:204837,bibliography,"Max Loehr and Louisa G. Fitzgerald Huber, Ancient Chinese Jades from the Grenville L. Winthrop Collection in the Fogg Art Museum, Harvard University (Cambridge, MA, Fogg Art Museum, 1975). cat. no. 237, p. 182"
entity:artifact:2:204838,bibliography,"Max Loehr and Louisa G. Fitzgerald Huber, Ancient Chinese Jades from the Grenville L. Winthrop Collection in the Fogg Art Museum, Harvard University (Cambridge, MA, Fogg Art Museum, 1975). cat. no. 347, p. 233"
entity:artifact:2:204839,bibliography,"Max Loehr and Louisa G. Fitzgerald Huber, Ancient Chinese Jades from the Grenville L. Winthrop Collection in the Fogg Art Museum, Harvard University (Cambridge, MA, Fogg Art Museum, 1975). cat. no. 478, p. 328"
entity:artifact:2:204840,bibliography,"Dorothy W. Gillerman, ed., Grenville L. Winthrop: Retrospective for a Collector, exh. cat., Fogg Art Museum (Cambridge, 1969) no. 023, pp. 18-19 | Max Loehr and Louisa G. Fitzgerald Huber, Ancient Chinese Jades from the Grenville L. Winthrop Collection in the Fogg Art Museum, Harvard University (Cambridge, MA, Fogg Art Museum, 1975). cat. no. 357a, p. 239"
entity:artifact:2:204841,bibliography,"Max Loehr and Louisa G. Fitzgerald Huber, Ancient Chinese Jades from the Grenville L. Winthrop Collection in the Fogg Art Museum, Harvard University (Cambridge, MA, Fogg Art Museum, 1975). cat. no. 519, p. 349"
entity:artifact:2:204842,bibliography,"Max Loehr and Louisa G. Fitzgerald Huber, Ancient Chinese Jades from the Grenville L. Winthrop Collection in the Fogg Art Museum, Harvard University (Cambridge, MA, Fogg Art Museum, 1975). cat. no. 624, p. 427"
entity:artifact:2:204843,bibliography,"Max Loehr and Louisa G. Fitzgerald Huber, Ancient Chinese Jades from the Grenville L. Winthrop Collection in the Fogg Art Museum, Harvard University (Cambridge, MA, Fogg Art Museum, 1975). cat. no. 551b, p. 383"
entity:artifact:2:204844,bibliography,"Max Loehr and Louisa G. Fitzgerald Huber, Ancient Chinese Jades from the Grenville L. Winthrop Collection in the Fogg Art Museum, Harvard University (Cambridge, MA, Fogg Art Museum, 1975). cat. no. 581a, p. 401"
entity:artifact:2:204845,bibliography,"Max Loehr and Louisa G. Fitzgerald Huber, Ancient Chinese Jades from the Grenville L. Winthrop Collection in the Fogg Art Museum, Harvard University (Cambridge, MA, Fogg Art Museum, 1975). cat. no. 6, p. 36"
entity:artifact:2:204846,bibliography,"Max Loehr and Louisa G. Fitzgerald Huber, Ancient Chinese Jades from the Grenville L. Winthrop Collection in the Fogg Art Museum, Harvard University (Cambridge, MA, Fogg Art Museum, 1975). cat. no. 348, p. 234"
entity:artifact:2:204847,bibliography,"Max Loehr and Louisa G. Fitzgerald Huber, Ancient Chinese Jades from the Grenville L. Winthrop Collection in the Fogg Art Museum, Harvard University (Cambridge, MA, Fogg Art Museum, 1975). cat. no. 5, p. 35 | Jenny So, Early Chinese Jades in the Harvard Art Museums (Cambridge, MA, 2019) p.80, fig. 3"
entity:artifact:2:204848,bibliography,"Max Loehr and Louisa G. Fitzgerald Huber, Ancient Chinese Jades from the Grenville L. Winthrop Collection in the Fogg Art Museum, Harvard University (Cambridge, MA, Fogg Art Museum, 1975). cat. no. 620, p. 425"
entity:artifact:2:204849,bibliography,"Max Loehr and Louisa G. Fitzgerald Huber, Ancient Chinese Jades from the Grenville L. Winthrop Collection in the Fogg Art Museum, Harvard University (Cambridge, MA, Fogg Art Museum, 1975). cat. no. 617a, p. 423"
entity:artifact:2:204850,bibliography,"Max Loehr and Louisa G. Fitzgerald Huber, Ancient Chinese Jades from the Grenville L. Winthrop Collection in the Fogg Art Museum, Harvard University (Cambridge, MA, Fogg Art Museum, 1975). cat. no. 181, p. 140 | Jenny So, Early Chinese Jades in the Harvard Art Museums (Cambridge, MA, 2019) p. 134, fig. 1"
entity:artifact:2:204851,bibliography,"Max Loehr and Louisa G. Fitzgerald Huber, Ancient Chinese Jades from the Grenville L. Winthrop Collection in the Fogg Art Museum, Harvard University (Cambridge, MA, Fogg Art Museum, 1975). cat. no. 451, p. 308 | Jenny So, Early Chinese Jades in the Harvard Art Museums (Cambridge, MA, 2019) pp. 250-1, cat. 35A"
entity:artifact:2:204852,bibliography,"Max Loehr and Louisa G. Fitzgerald Huber, Ancient Chinese Jades from the Grenville L. Winthrop Collection in the Fogg Art Museum, Harvard University (Cambridge, MA, Fogg Art Museum, 1975). cat. no. 321, p. 216"
entity:artifact:2:204853,bibliography,"Max Loehr and Louisa G. Fitzgerald Huber, Ancient Chinese Jades from the Grenville L. Winthrop Collection in the Fogg Art Museum, Harvard University (Cambridge, MA, Fogg Art Museum, 1975). cat. no. 174, p. 137"
entity:artifact:2:204854,bibliography,"Dorothy W. Gillerman, ed., Grenville L. Winthrop: Retrospective for a Collector, exh. cat., Fogg Art Museum (Cambridge, 1969) no. 031, pp. 26-27 | Max Loehr and Louisa G. Fitzgerald Huber, Ancient Chinese Jades from the Grenville L. Winthrop Collection in the Fogg Art Museum, Harvard University (Cambridge, MA, Fogg Art Museum, 1975). cat. no. 401, pp. 272-273 | Jenny So, Early Chinese Jades in the Harvard Art Museums (Cambridge, MA, 2019) pp. 224-25, cat. 28A"
entity:artifact:2:204855,bibliography,"Max Loehr and Louisa G. Fitzgerald Huber, Ancient Chinese Jades from the Grenville L. Winthrop Collection in the Fogg Art Museum, Harvard University (Cambridge, MA, Fogg Art Museum, 1975). cat. no. 346, p. 232"
entity:artifact:2:204856,bibliography,"Max Loehr and Louisa G. Fitzgerald Huber, Ancient Chinese Jades from the Grenville L. Winthrop Collection in the Fogg Art Museum, Harvard University (Cambridge, MA, Fogg Art Museum, 1975). cat. no. 378, p. 252 | Jenny So, Early Chinese Jades in the Harvard Art Museums (Cambridge, MA, 2019) p. 81, fig. 5"
entity:artifact:2:204857,bibliography,"Max Loehr and Louisa G. Fitzgerald Huber, Ancient Chinese Jades from the Grenville L. Winthrop Collection in the Fogg Art Museum, Harvard University (Cambridge, MA, Fogg Art Museum, 1975). cat. no. 173, p. 135"
entity:artifact:2:204858,bibliography,"Max Loehr and Louisa G. Fitzgerald Huber, Ancient Chinese Jades from the Grenville L. Winthrop Collection in the Fogg Art Museum, Harvard University (Cambridge, MA, Fogg Art Museum, 1975). cat. no. 170, p. 135"
entity:artifact:2:204859,bibliography,"Max Loehr and Louisa G. Fitzgerald Huber, Ancient Chinese Jades from the Grenville L. Winthrop Collection in the Fogg Art Museum, Harvard University (Cambridge, MA, Fogg Art Museum, 1975). cat. no. 91, p. 89"
entity:artifact:2:204860,bibliography,"Sueji Umehara, ed., Shina kogyoku zuroku (Selected Specimens of Chinese Archaic Jade), Kuwana Bunseido (Kyoto, Japan, 1955 (Shôwa 30)) pl. 52: 3 | Max Loehr and Louisa G. Fitzgerald Huber, Ancient Chinese Jades from the Grenville L. Winthrop Collection in the Fogg Art Museum, Harvard University (Cambridge, MA, Fogg Art Museum, 1975). cat. no. 172, p. 136"
entity:artifact:2:204861,bibliography,"Max Loehr and Louisa G. Fitzgerald Huber, Ancient Chinese Jades from the Grenville L. Winthrop Collection in the Fogg Art Museum, Harvard University (Cambridge, MA, Fogg Art Museum, 1975). cat. no. 396, p. 269"
entity:artifact:2:204862,bibliography,"Max Loehr and Louisa G. Fitzgerald Huber, Ancient Chinese Jades from the Grenville L. Winthrop Collection in the Fogg Art Museum, Harvard University (Cambridge, MA, Fogg Art Museum, 1975). cat. no. 538, p. 375"
entity:artifact:2:204863,bibliography,"Max Loehr and Louisa G. Fitzgerald Huber, Ancient Chinese Jades from the Grenville L. Winthrop Collection in the Fogg Art Museum, Harvard University (Cambridge, MA, Fogg Art Museum, 1975). cat. no. 533, p. 370"
entity:artifact:2:204864,bibliography,"Max Loehr and Louisa G. Fitzgerald Huber, Ancient Chinese Jades from the Grenville L. Winthrop Collection in the Fogg Art Museum, Harvard University (Cambridge, MA, Fogg Art Museum, 1975). cat. no. 541, p. 378"
entity:artifact:2:204865,bibliography,"Max Loehr and Louisa G. Fitzgerald Huber, Ancient Chinese Jades from the Grenville L. Winthrop Collection in the Fogg Art Museum, Harvard University (Cambridge, MA, Fogg Art Museum, 1975). cat. no. 171, p. 136"
entity:artifact:2:204866,bibliography,"Max Loehr and Louisa G. Fitzgerald Huber, Ancient Chinese Jades from the Grenville L. Winthrop Collection in the Fogg Art Museum, Harvard University (Cambridge, MA, Fogg Art Museum, 1975). cat. no. 407, p. 279"
entity:artifact:2:204867,bibliography,"Max Loehr and Louisa G. Fitzgerald Huber, Ancient Chinese Jades from the Grenville L. Winthrop Collection in the Fogg Art Museum, Harvard University (Cambridge, MA, Fogg Art Museum, 1975). cat. no. 603, p. 416"
entity:artifact:2:204868,bibliography,"Max Loehr and Louisa G. Fitzgerald Huber, Ancient Chinese Jades from the Grenville L. Winthrop Collection in the Fogg Art Museum, Harvard University (Cambridge, MA, Fogg Art Museum, 1975). cat. no. 235, p. 180"
entity:artifact:2:204869,bibliography,"Max Loehr and Louisa G. Fitzgerald Huber, Ancient Chinese Jades from the Grenville L. Winthrop Collection in the Fogg Art Museum, Harvard University (Cambridge, MA, Fogg Art Museum, 1975). cat. no. 406, p. 278"
entity:artifact:2:204870,bibliography,"Max Loehr and Louisa G. Fitzgerald Huber, Ancient Chinese Jades from the Grenville L. Winthrop Collection in the Fogg Art Museum, Harvard University (Cambridge, MA, Fogg Art Museum, 1975). cat. no. 87, p. 86"
entity:artifact:2:204871,bibliography,"Max Loehr and Louisa G. Fitzgerald Huber, Ancient Chinese Jades from the Grenville L. Winthrop Collection in the Fogg Art Museum, Harvard University (Cambridge, MA, Fogg Art Museum, 1975). cat. no. 298, p. 208"
entity:artifact:2:204872,bibliography,"Dorothy W. Gillerman, ed., Grenville L. Winthrop: Retrospective for a Collector, exh. cat., Fogg Art Museum (Cambridge, 1969) no. 023, pp. 18-19 | Max Loehr and Louisa G. Fitzgerald Huber, Ancient Chinese Jades from the Grenville L. Winthrop Collection in the Fogg Art Museum, Harvard University (Cambridge, MA, Fogg Art Museum, 1975). cat. no. 357b, p. 239"
entity:artifact:2:204873,bibliography,"Max Loehr and Louisa G. Fitzgerald Huber, Ancient Chinese Jades from the Grenville L. Winthrop Collection in the Fogg Art Museum, Harvard University (Cambridge, MA, Fogg Art Museum, 1975). cat. no. 328, p. 220"
entity:artifact:2:204874,bibliography,"Max Loehr and Louisa G. Fitzgerald Huber, Ancient Chinese Jades from the Grenville L. Winthrop Collection in the Fogg Art Museum, Harvard University (Cambridge, MA, Fogg Art Museum, 1975). cat. no. 523, p. 358 | Jenny So, Early Chinese Jades in the Harvard Art Museums (Cambridge, MA, 2019) pp. 174-77, fig. 22"
entity:artifact:2:204875,bibliography,"Max Loehr and Louisa G. Fitzgerald Huber, Ancient Chinese Jades from the Grenville L. Winthrop Collection in the Fogg Art Museum, Harvard University (Cambridge, MA, Fogg Art Museum, 1975). cat. no. 522a, pp. 354-357 | Elinor Pearlstein, ""Ancient Chinese Jade through the Sonnenschein Lens, 1900-1935"", Transactions of the Oriental Ceramic Society, Oriental Ceramic Society (London, 2013-2014), vol. 78, pp. 65-86 p. 81, fig. 13b | Jenny So, Early Chinese Jades in the Harvard Art Museums (Cambridge, MA, 2019) p. 262, ill.; pp. 288-90, cat. 41A"
entity:artifact:2:204876,bibliography,"Max Loehr and Louisa G. Fitzgerald Huber, Ancient Chinese Jades from the Grenville L. Winthrop Collection in the Fogg Art Museum, Harvard University (Cambridge, MA, Fogg Art Museum, 1975). cat. no. 522b, pp. 354-357 | Elinor Pearlstein, ""Ancient Chinese Jade through the Sonnenschein Lens, 1900-1935"", Transactions of the Oriental Ceramic Society, Oriental Ceramic Society (London, 2013-2014), vol. 78, pp. 65-86 p. 81, fig. 13b | Jenny So, Early Chinese Jades in the Harvard Art Museums (Cambridge, MA, 2019) pp. 288-90, cat. 41A"
entity:artifact:2:204881,bibliography,"Max Loehr and Louisa G. Fitzgerald Huber, Ancient Chinese Jades from the Grenville L. Winthrop Collection in the Fogg Art Museum, Harvard University (Cambridge, MA, Fogg Art Museum, 1975). cat. no. 266a, p. 197 | Jenny So, Early Chinese Jades in the Harvard Art Museums (Cambridge, MA, 2019) pp. 258, 260, cat. 37B"
entity:artifact:2:204882,bibliography,"Max Loehr and Louisa G. Fitzgerald Huber, Ancient Chinese Jades from the Grenville L. Winthrop Collection in the Fogg Art Museum, Harvard University (Cambridge, MA, Fogg Art Museum, 1975). cat. no. 506, p. 342"
entity:artifact:2:204883,bibliography,"Dorothy W. Gillerman, ed., Grenville L. Winthrop: Retrospective for a Collector, exh. cat., Fogg Art Museum (Cambridge, 1969) no. 019, pp. 16-17, repr. | Max Loehr and Louisa G. Fitzgerald Huber, Ancient Chinese Jades from the Grenville L. Winthrop Collection in the Fogg Art Museum, Harvard University (Cambridge, MA, Fogg Art Museum, 1975). cat. no. 310, p. 212 | Jenny So, Early Chinese Jades in the Harvard Art Museums (Cambridge, MA, 2019) pp. 170-72, cat. 21C"
entity:artifact:2:204884,bibliography,"Max Loehr and Louisa G. Fitzgerald Huber, Ancient Chinese Jades from the Grenville L. Winthrop Collection in the Fogg Art Museum, Harvard University (Cambridge, MA, Fogg Art Museum, 1975). cat. no. 207, p. 162 | Jenny So, Early Chinese Jades in the Harvard Art Museums (Cambridge, MA, 2019) pp. 88-91, cat. 6B"
entity:artifact:2:204885,bibliography,"Max Loehr and Louisa G. Fitzgerald Huber, Ancient Chinese Jades from the Grenville L. Winthrop Collection in the Fogg Art Museum, Harvard University (Cambridge, MA, Fogg Art Museum, 1975). cat. no. 493, p. 335 | Jenny So, Early Chinese Jades in the Harvard Art Museums (Cambridge, MA, 2019) pp. 206, 208, cat. 24C"
entity:artifact:2:204886,bibliography,"Max Loehr and Louisa G. Fitzgerald Huber, Ancient Chinese Jades from the Grenville L. Winthrop Collection in the Fogg Art Museum, Harvard University (Cambridge, MA, Fogg Art Museum, 1975). cat. no. 548, p. 382"
entity:artifact:2:204887,bibliography,"Max Loehr and Louisa G. Fitzgerald Huber, Ancient Chinese Jades from the Grenville L. Winthrop Collection in the Fogg Art Museum, Harvard University (Cambridge, MA, Fogg Art Museum, 1975). cat. no. 612, p. 420"
entity:artifact:2:204888,bibliography,"Max Loehr and Louisa G. Fitzgerald Huber, Ancient Chinese Jades from the Grenville L. Winthrop Collection in the Fogg Art Museum, Harvard University (Cambridge, MA, Fogg Art Museum, 1975). cat. no. 167a, p. 133"
entity:artifact:2:204889,bibliography,"Max Loehr and Louisa G. Fitzgerald Huber, Ancient Chinese Jades from the Grenville L. Winthrop Collection in the Fogg Art Museum, Harvard University (Cambridge, MA, Fogg Art Museum, 1975). cat. no. 518f, p. 348"
entity:artifact:2:204890,bibliography,"Dorothy W. Gillerman, ed., Grenville L. Winthrop: Retrospective for a Collector, exh. cat., Fogg Art Museum (Cambridge, 1969) no. 017, pp. 16-17, repr. | Max Loehr and Louisa G. Fitzgerald Huber, Ancient Chinese Jades from the Grenville L. Winthrop Collection in the Fogg Art Museum, Harvard University (Cambridge, MA, Fogg Art Museum, 1975). cat. no. 315, p. 213"
entity:artifact:2:204891,bibliography,"Max Loehr and Louisa G. Fitzgerald Huber, Ancient Chinese Jades from the Grenville L. Winthrop Collection in the Fogg Art Museum, Harvard University (Cambridge, MA, Fogg Art Museum, 1975). cat. no. 54, p. 67 | Jenny So, Early Chinese Jades in the Harvard Art Museums (Cambridge, MA, 2019) pp. 122-25, cat. 12A"
entity:artifact:2:204893,bibliography,"Max Loehr and Louisa G. Fitzgerald Huber, Ancient Chinese Jades from the Grenville L. Winthrop Collection in the Fogg Art Museum, Harvard University (Cambridge, MA, Fogg Art Museum, 1975). cat. no. 34, p. 57"
entity:artifact:2:204894,bibliography,"Max Loehr and Louisa G. Fitzgerald Huber, Ancient Chinese Jades from the Grenville L. Winthrop Collection in the Fogg Art Museum, Harvard University (Cambridge, MA, Fogg Art Museum, 1975). cat. no. 201, pp. 158-159"
entity:artifact:2:204895,bibliography,"Max Loehr and Louisa G. Fitzgerald Huber, Ancient Chinese Jades from the Grenville L. Winthrop Collection in the Fogg Art Museum, Harvard University (Cambridge, MA, Fogg Art Museum, 1975). cat. no. 43, p. 61"
entity:artifact:2:204896,bibliography,"Max Loehr and Louisa G. Fitzgerald Huber, Ancient Chinese Jades from the Grenville L. Winthrop Collection in the Fogg Art Museum, Harvard University (Cambridge, MA, Fogg Art Museum, 1975). cat. no. 145, p. 122"
entity:artifact:2:204897,bibliography,"Max Loehr and Louisa G. Fitzgerald Huber, Ancient Chinese Jades from the Grenville L. Winthrop Collection in the Fogg Art Museum, Harvard University (Cambridge, MA, Fogg Art Museum, 1975). cat. no. 97, p. 94"
entity:artifact:2:204898,bibliography,"Max Loehr and Louisa G. Fitzgerald Huber, Ancient Chinese Jades from the Grenville L. Winthrop Collection in the Fogg Art Museum, Harvard University (Cambridge, MA, Fogg Art Museum, 1975). cat. no. 497, p. 337"
entity:artifact:2:204899,bibliography,"Max Loehr and Louisa G. Fitzgerald Huber, Ancient Chinese Jades from the Grenville L. Winthrop Collection in the Fogg Art Museum, Harvard University (Cambridge, MA, Fogg Art Museum, 1975). cat. no. 180, p. 140"
entity:artifact:2:204900,bibliography,"Max Loehr and Louisa G. Fitzgerald Huber, Ancient Chinese Jades from the Grenville L. Winthrop Collection in the Fogg Art Museum, Harvard University (Cambridge, MA, Fogg Art Museum, 1975). cat. no. 456, p. 310"
entity:artifact:2:204901,bibliography,"Max Loehr and Louisa G. Fitzgerald Huber, Ancient Chinese Jades from the Grenville L. Winthrop Collection in the Fogg Art Museum, Harvard University (Cambridge, MA, Fogg Art Museum, 1975). cat. no. 271, p. 199"
entity:artifact:2:204902,bibliography,"Max Loehr and Louisa G. Fitzgerald Huber, Ancient Chinese Jades from the Grenville L. Winthrop Collection in the Fogg Art Museum, Harvard University (Cambridge, MA, Fogg Art Museum, 1975). cat. no. 250, pp. 190-191"
entity:artifact:2:204903,bibliography,"Max Loehr and Louisa G. Fitzgerald Huber, Ancient Chinese Jades from the Grenville L. Winthrop Collection in the Fogg Art Museum, Harvard University (Cambridge, MA, Fogg Art Museum, 1975). cat. no. 598, p. 414"
entity:artifact:2:204904,bibliography,"Max Loehr and Louisa G. Fitzgerald Huber, Ancient Chinese Jades from the Grenville L. Winthrop Collection in the Fogg Art Museum, Harvard University (Cambridge, MA, Fogg Art Museum, 1975). cat. no. 125, p. 113"
entity:artifact:2:204905,bibliography,"Max Loehr and Louisa G. Fitzgerald Huber, Ancient Chinese Jades from the Grenville L. Winthrop Collection in the Fogg Art Museum, Harvard University (Cambridge, MA, Fogg Art Museum, 1975). cat. no. 261, p. 194"
entity:artifact:2:204906,bibliography,"Max Loehr and Louisa G. Fitzgerald Huber, Ancient Chinese Jades from the Grenville L. Winthrop Collection in the Fogg Art Museum, Harvard University (Cambridge, MA, Fogg Art Museum, 1975). cat. no. 133, p. 117"
entity:artifact:2:204907,bibliography,"Max Loehr and Louisa G. Fitzgerald Huber, Ancient Chinese Jades from the Grenville L. Winthrop Collection in the Fogg Art Museum, Harvard University (Cambridge, MA, Fogg Art Museum, 1975). cat. no. 132, p. 116"
entity:artifact:2:204908,bibliography,"Max Loehr and Louisa G. Fitzgerald Huber, Ancient Chinese Jades from the Grenville L. Winthrop Collection in the Fogg Art Museum, Harvard University (Cambridge, MA, Fogg Art Museum, 1975). cat. no. 609, p. 419"
entity:artifact:2:204909,bibliography,"Max Loehr and Louisa G. Fitzgerald Huber, Ancient Chinese Jades from the Grenville L. Winthrop Collection in the Fogg Art Museum, Harvard University (Cambridge, MA, Fogg Art Museum, 1975). cat. no. 175, p. 137"
entity:artifact:2:204910,bibliography,"Max Loehr and Louisa G. Fitzgerald Huber, Ancient Chinese Jades from the Grenville L. Winthrop Collection in the Fogg Art Museum, Harvard University (Cambridge, MA, Fogg Art Museum, 1975). cat. no. 457, p. 311"
entity:artifact:2:204911,bibliography,"Max Loehr and Louisa G. Fitzgerald Huber, Ancient Chinese Jades from the Grenville L. Winthrop Collection in the Fogg Art Museum, Harvard University (Cambridge, MA, Fogg Art Museum, 1975). cat. no. 337, p. 223"
entity:artifact:2:204912,bibliography,"Dorothy W. Gillerman, ed., Grenville L. Winthrop: Retrospective for a Collector, exh. cat., Fogg Art Museum (Cambridge, 1969) no. 006, pp. 8-9, repr. | Max Loehr and Louisa G. Fitzgerald Huber, Ancient Chinese Jades from the Grenville L. Winthrop Collection in the Fogg Art Museum, Harvard University (Cambridge, MA, Fogg Art Museum, 1975). cat. no. 161, p. 131 | Jenny So, Early Chinese Jades in the Harvard Art Museums (Cambridge, MA, 2019) p. 182, fig. 2"
entity:artifact:2:204913,bibliography,"Max Loehr and Louisa G. Fitzgerald Huber, Ancient Chinese Jades from the Grenville L. Winthrop Collection in the Fogg Art Museum, Harvard University (Cambridge, MA, Fogg Art Museum, 1975). cat. no. 484, p. 330"
entity:artifact:2:204914,bibliography,"Dorothy W. Gillerman, ed., Grenville L. Winthrop: Retrospective for a Collector, exh. cat., Fogg Art Museum (Cambridge, 1969) no. 015, pp. 16-17 | Max Loehr and Louisa G. Fitzgerald Huber, Ancient Chinese Jades from the Grenville L. Winthrop Collection in the Fogg Art Museum, Harvard University (Cambridge, MA, Fogg Art Museum, 1975). cat. no. 252, pp. 190-191"
entity:artifact:2:204915,bibliography,"Max Loehr and Louisa G. Fitzgerald Huber, Ancient Chinese Jades from the Grenville L. Winthrop Collection in the Fogg Art Museum, Harvard University (Cambridge, MA, Fogg Art Museum, 1975). cat. no. 599, p. 415"
entity:artifact:2:204916,bibliography,"Max Loehr and Louisa G. Fitzgerald Huber, Ancient Chinese Jades from the Grenville L. Winthrop Collection in the Fogg Art Museum, Harvard University (Cambridge, MA, Fogg Art Museum, 1975). cat. no. 131, p. 116 | Jenny So, Early Chinese Jades in the Harvard Art Museums (Cambridge, MA, 2019) p. 170, fig. 1"
entity:artifact:2:204917,bibliography,"Max Loehr and Louisa G. Fitzgerald Huber, Ancient Chinese Jades from the Grenville L. Winthrop Collection in the Fogg Art Museum, Harvard University (Cambridge, MA, Fogg Art Museum, 1975). cat. no. 251, pp. 190-191"
entity:artifact:2:204919,bibliography,"Dorothy W. Gillerman, ed., Grenville L. Winthrop: Retrospective for a Collector, exh. cat., Fogg Art Museum (Cambridge, 1969) no. 005, pp. 6-7, , repr. | Max Loehr and Louisa G. Fitzgerald Huber, Ancient Chinese Jades from the Grenville L. Winthrop Collection in the Fogg Art Museum, Harvard University (Cambridge, MA, Fogg Art Museum, 1975). cat. no. 44, p. 62"
entity:artifact:2:204920,bibliography,"Max Loehr and Louisa G. Fitzgerald Huber, Ancient Chinese Jades from the Grenville L. Winthrop Collection in the Fogg Art Museum, Harvard University (Cambridge, MA, Fogg Art Museum, 1975). cat. no. 69b, p. 74"
entity:artifact:2:204921,bibliography,"Max Loehr and Louisa G. Fitzgerald Huber, Ancient Chinese Jades from the Grenville L. Winthrop Collection in the Fogg Art Museum, Harvard University (Cambridge, MA, Fogg Art Museum, 1975). cat. no. 278, p. 201"
entity:artifact:2:204922,bibliography,"Max Loehr and Louisa G. Fitzgerald Huber, Ancient Chinese Jades from the Grenville L. Winthrop Collection in the Fogg Art Museum, Harvard University (Cambridge, MA, Fogg Art Museum, 1975). cat. no. 316b, p. 214"
entity:artifact:2:204923,bibliography,"Max Loehr and Louisa G. Fitzgerald Huber, Ancient Chinese Jades from the Grenville L. Winthrop Collection in the Fogg Art Museum, Harvard University (Cambridge, MA, Fogg Art Museum, 1975). cat. no. 53, p. 66"
entity:artifact:2:204924,bibliography,"Max Loehr and Louisa G. Fitzgerald Huber, Ancient Chinese Jades from the Grenville L. Winthrop Collection in the Fogg Art Museum, Harvard University (Cambridge, MA, Fogg Art Museum, 1975). cat. no. 220, pp. 170-171 | Jenny So, Early Chinese Jades in the Harvard Art Museums (Cambridge, MA, 2019) p. 48, ill.; pp. 92-94, cat. 7A"
entity:artifact:2:204925,bibliography,"Max Loehr and Louisa G. Fitzgerald Huber, Ancient Chinese Jades from the Grenville L. Winthrop Collection in the Fogg Art Museum, Harvard University (Cambridge, MA, Fogg Art Museum, 1975). cat. no. 36, p. 58"
entity:artifact:2:204926,bibliography,"Max Loehr and Louisa G. Fitzgerald Huber, Ancient Chinese Jades from the Grenville L. Winthrop Collection in the Fogg Art Museum, Harvard University (Cambridge, MA, Fogg Art Museum, 1975). cat. no. 38, p. 59"
entity:artifact:2:204927,bibliography,"Max Loehr and Louisa G. Fitzgerald Huber, Ancient Chinese Jades from the Grenville L. Winthrop Collection in the Fogg Art Museum, Harvard University (Cambridge, MA, Fogg Art Museum, 1975). cat. no. 26, p. 53"
entity:artifact:2:204928,bibliography,"Max Loehr and Louisa G. Fitzgerald Huber, Ancient Chinese Jades from the Grenville L. Winthrop Collection in the Fogg Art Museum, Harvard University (Cambridge, MA, Fogg Art Museum, 1975). cat. no. 585b, pp. 406-407"
entity:artifact:2:204929,bibliography,"Max Loehr and Louisa G. Fitzgerald Huber, Ancient Chinese Jades from the Grenville L. Winthrop Collection in the Fogg Art Museum, Harvard University (Cambridge, MA, Fogg Art Museum, 1975). cat. no. 204, p. 160"
entity:artifact:2:204930,bibliography,"Max Loehr and Louisa G. Fitzgerald Huber, Ancient Chinese Jades from the Grenville L. Winthrop Collection in the Fogg Art Museum, Harvard University (Cambridge, MA, Fogg Art Museum, 1975). cat. no. 203, p. 160"
entity:artifact:2:204931,bibliography,"Max Loehr and Louisa G. Fitzgerald Huber, Ancient Chinese Jades from the Grenville L. Winthrop Collection in the Fogg Art Museum, Harvard University (Cambridge, MA, Fogg Art Museum, 1975). cat. no. 62, p. 71"
entity:artifact:2:204932,bibliography,"Hugo Munsterberg, Dragons in Chinese Art, exh. cat., China House Gallery (New York, 1971) p. 44, no. 41"
entity:artifact:2:204933,bibliography,"Max Loehr and Louisa G. Fitzgerald Huber, Ancient Chinese Jades from the Grenville L. Winthrop Collection in the Fogg Art Museum, Harvard University (Cambridge, MA, Fogg Art Museum, 1975). cat. no. 488, p. 333"
entity:artifact:2:204934,bibliography,"Max Loehr and Louisa G. Fitzgerald Huber, Ancient Chinese Jades from the Grenville L. Winthrop Collection in the Fogg Art Museum, Harvard University (Cambridge, MA, Fogg Art Museum, 1975). cat. no. 254a, pp. 190-191"
entity:artifact:2:204935,bibliography,"Max Loehr and Louisa G. Fitzgerald Huber, Ancient Chinese Jades from the Grenville L. Winthrop Collection in the Fogg Art Museum, Harvard University (Cambridge, MA, Fogg Art Museum, 1975). cat. no. 254b, pp. 190-191"
entity:artifact:2:204936,bibliography,"Max Loehr and Louisa G. Fitzgerald Huber, Ancient Chinese Jades from the Grenville L. Winthrop Collection in the Fogg Art Museum, Harvard University (Cambridge, MA, Fogg Art Museum, 1975). cat. no. 90, p. 89"
entity:artifact:2:204937,bibliography,"Max Loehr and Louisa G. Fitzgerald Huber, Ancient Chinese Jades from the Grenville L. Winthrop Collection in the Fogg Art Museum, Harvard University (Cambridge, MA, Fogg Art Museum, 1975). cat. no. 511, p. 345 | Jenny So, Early Chinese Jades in the Harvard Art Museums (Cambridge, MA, 2019) pp. 236, 238, fig. 4"
entity:artifact:2:204938,bibliography,"Max Loehr and Louisa G. Fitzgerald Huber, Ancient Chinese Jades from the Grenville L. Winthrop Collection in the Fogg Art Museum, Harvard University (Cambridge, MA, Fogg Art Museum, 1975). cat. no. 563, p. 392"
entity:artifact:2:204939,bibliography,"Max Loehr and Louisa G. Fitzgerald Huber, Ancient Chinese Jades from the Grenville L. Winthrop Collection in the Fogg Art Museum, Harvard University (Cambridge, MA, Fogg Art Museum, 1975). cat. no. 269, p. 198"
entity:artifact:2:204940,bibliography,"Max Loehr and Louisa G. Fitzgerald Huber, Ancient Chinese Jades from the Grenville L. Winthrop Collection in the Fogg Art Museum, Harvard University (Cambridge, MA, Fogg Art Museum, 1975). cat. no. 192, p. 151"
entity:artifact:2:204941,bibliography,"Max Loehr and Louisa G. Fitzgerald Huber, Ancient Chinese Jades from the Grenville L. Winthrop Collection in the Fogg Art Museum, Harvard University (Cambridge, MA, Fogg Art Museum, 1975). cat. no. 202, p. 159"
entity:artifact:2:204942,bibliography,"Max Loehr and Louisa G. Fitzgerald Huber, Ancient Chinese Jades from the Grenville L. Winthrop Collection in the Fogg Art Museum, Harvard University (Cambridge, MA, Fogg Art Museum, 1975). cat. no. 33, p. 56"
entity:artifact:2:204943,bibliography,"Max Loehr and Louisa G. Fitzgerald Huber, Ancient Chinese Jades from the Grenville L. Winthrop Collection in the Fogg Art Museum, Harvard University (Cambridge, MA, Fogg Art Museum, 1975). cat. no. 270, p. 198"
entity:artifact:2:204944,bibliography,"Max Loehr and Louisa G. Fitzgerald Huber, Ancient Chinese Jades from the Grenville L. Winthrop Collection in the Fogg Art Museum, Harvard University (Cambridge, MA, Fogg Art Museum, 1975). cat. no. 143, p. 121"
entity:artifact:2:204945,bibliography,"Max Loehr and Louisa G. Fitzgerald Huber, Ancient Chinese Jades from the Grenville L. Winthrop Collection in the Fogg Art Museum, Harvard University (Cambridge, MA, Fogg Art Museum, 1975). cat. no. 130, p. 116"
entity:artifact:2:204946,bibliography,"Max Loehr and Louisa G. Fitzgerald Huber, Ancient Chinese Jades from the Grenville L. Winthrop Collection in the Fogg Art Museum, Harvard University (Cambridge, MA, Fogg Art Museum, 1975). cat. no. 258, p. 193"
entity:artifact:2:204947,bibliography,"Max Loehr and Louisa G. Fitzgerald Huber, Ancient Chinese Jades from the Grenville L. Winthrop Collection in the Fogg Art Museum, Harvard University (Cambridge, MA, Fogg Art Museum, 1975). cat. no. 297, p. 207"
entity:artifact:2:204948,bibliography,"Max Loehr and Louisa G. Fitzgerald Huber, Ancient Chinese Jades from the Grenville L. Winthrop Collection in the Fogg Art Museum, Harvard University (Cambridge, MA, Fogg Art Museum, 1975). cat. no. 249, p. 189"
entity:artifact:2:204949,bibliography,"Max Loehr and Louisa G. Fitzgerald Huber, Ancient Chinese Jades from the Grenville L. Winthrop Collection in the Fogg Art Museum, Harvard University (Cambridge, MA, Fogg Art Museum, 1975). cat. no. 63, p. 71"
entity:artifact:2:204950,bibliography,"Max Loehr and Louisa G. Fitzgerald Huber, Ancient Chinese Jades from the Grenville L. Winthrop Collection in the Fogg Art Museum, Harvard University (Cambridge, MA, Fogg Art Museum, 1975). cat. no. 187, p. 146"
entity:artifact:2:204951,bibliography,"Dr. Minao Hayashi, ""Chugoku kodai saigyoku zuigyoku (Ceremonial jade in ancient China)"", Toho Gakuho (March 1969), no. 40 pl. 39: 5 | Max Loehr and Louisa G. Fitzgerald Huber, Ancient Chinese Jades from the Grenville L. Winthrop Collection in the Fogg Art Museum, Harvard University (Cambridge, MA, Fogg Art Museum, 1975). cat. no. 332, p. 221"
entity:artifact:2:204952,bibliography,"Max Loehr and Louisa G. Fitzgerald Huber, Ancient Chinese Jades from the Grenville L. Winthrop Collection in the Fogg Art Museum, Harvard University (Cambridge, MA, Fogg Art Museum, 1975). cat. no. 58, p. 69"
entity:artifact:2:204953,bibliography,"Max Loehr and Louisa G. Fitzgerald Huber, Ancient Chinese Jades from the Grenville L. Winthrop Collection in the Fogg Art Museum, Harvard University (Cambridge, MA, Fogg Art Museum, 1975). cat. no. 259, p. 193 | Jenny So, Early Chinese Jades in the Harvard Art Museums (Cambridge, MA, 2019) p. 170, fig. 2"
entity:artifact:2:204955,bibliography,"Max Loehr and Louisa G. Fitzgerald Huber, Ancient Chinese Jades from the Grenville L. Winthrop Collection in the Fogg Art Museum, Harvard University (Cambridge, MA, Fogg Art Museum, 1975). cat. no. 16, p. 47"
entity:artifact:2:204956,bibliography,"Max Loehr and Louisa G. Fitzgerald Huber, Ancient Chinese Jades from the Grenville L. Winthrop Collection in the Fogg Art Museum, Harvard University (Cambridge, MA, Fogg Art Museum, 1975). cat. no. 67, p. 73"
entity:artifact:2:204957,bibliography,"Max Loehr and Louisa G. Fitzgerald Huber, Ancient Chinese Jades from the Grenville L. Winthrop Collection in the Fogg Art Museum, Harvard University (Cambridge, MA, Fogg Art Museum, 1975). cat. no. 242, p. 185 | Jenny So, Early Chinese Jades in the Harvard Art Museums (Cambridge, MA, 2019) pp. 130-32, cat. 14A"
entity:artifact:2:204958,bibliography,"Max Loehr and Louisa G. Fitzgerald Huber, Ancient Chinese Jades from the Grenville L. Winthrop Collection in the Fogg Art Museum, Harvard University (Cambridge, MA, Fogg Art Museum, 1975). cat. no. 253, p. 189"
entity:artifact:2:204959,bibliography,"Max Loehr and Louisa G. Fitzgerald Huber, Ancient Chinese Jades from the Grenville L. Winthrop Collection in the Fogg Art Museum, Harvard University (Cambridge, MA, Fogg Art Museum, 1975). cat. no. 129, p. 115"
entity:artifact:2:204960,bibliography,"Robert W. Bagley and Haicheng Wang, Art and Artistic Thinking in Ancient China, Asian Art Museum of San Francisco (San Francisco) fig. 11.108 | Max Loehr and Louisa G. Fitzgerald Huber, Ancient Chinese Jades from the Grenville L. Winthrop Collection in the Fogg Art Museum, Harvard University (Cambridge, MA, Fogg Art Museum, 1975). cat. no. 331, p. 221 | Kristin A. Mortimer and William G. Klingelhofer, Harvard University Art Museums: A Guide to the Collections, Harvard University Art Museums and Abbeville Press (Cambridge and New York, 1986) no. 14, p. 22 | Jenny So, Early Chinese Jades in the Harvard Art Museums (Cambridge, MA, 2019) pp. 130-32, cat. 14D"
entity:artifact:2:204961,bibliography,"Dorothy W. Gillerman, ed., Grenville L. Winthrop: Retrospective for a Collector, exh. cat., Fogg Art Museum (Cambridge, 1969) no. 027, pp. 22-23 | Max Loehr and Louisa G. Fitzgerald Huber, Ancient Chinese Jades from the Grenville L. Winthrop Collection in the Fogg Art Museum, Harvard University (Cambridge, MA, Fogg Art Museum, 1975). cat. no. 416, p. 284"
entity:artifact:2:204962,bibliography,"Max Loehr and Louisa G. Fitzgerald Huber, Ancient Chinese Jades from the Grenville L. Winthrop Collection in the Fogg Art Museum, Harvard University (Cambridge, MA, Fogg Art Museum, 1975). cat. no. 627a, p. 430"
entity:artifact:2:204963,bibliography,"Max Loehr and Louisa G. Fitzgerald Huber, Ancient Chinese Jades from the Grenville L. Winthrop Collection in the Fogg Art Museum, Harvard University (Cambridge, MA, Fogg Art Museum, 1975). cat. no. 627b, p. 430"
entity:artifact:2:204964,bibliography,"Max Loehr and Louisa G. Fitzgerald Huber, Ancient Chinese Jades from the Grenville L. Winthrop Collection in the Fogg Art Museum, Harvard University (Cambridge, MA, Fogg Art Museum, 1975). cat. no. 442, p. 303"
entity:artifact:2:204965,bibliography,"Max Loehr and Louisa G. Fitzgerald Huber, Ancient Chinese Jades from the Grenville L. Winthrop Collection in the Fogg Art Museum, Harvard University (Cambridge, MA, Fogg Art Museum, 1975). cat. no. 267, p. 198"
entity:artifact:2:204966,bibliography,"Max Loehr and Louisa G. Fitzgerald Huber, Ancient Chinese Jades from the Grenville L. Winthrop Collection in the Fogg Art Museum, Harvard University (Cambridge, MA, Fogg Art Museum, 1975). cat. no. 446, p. 305"
entity:artifact:2:204967,bibliography,"Robert W. Bagley and Haicheng Wang, Art and Artistic Thinking in Ancient China, Asian Art Museum of San Francisco (San Francisco) fig. 17.182 | Max Loehr and Louisa G. Fitzgerald Huber, Ancient Chinese Jades from the Grenville L. Winthrop Collection in the Fogg Art Museum, Harvard University (Cambridge, MA, Fogg Art Museum, 1975). cat. no. 414, p. 283 | Jenny So, Early Chinese Jades in the Harvard Art Museums (Cambridge, MA, 2019) pp. 236-9, cat. 31A"
entity:artifact:2:204968,bibliography,"Max Loehr and Louisa G. Fitzgerald Huber, Ancient Chinese Jades from the Grenville L. Winthrop Collection in the Fogg Art Museum, Harvard University (Cambridge, MA, Fogg Art Museum, 1975). cat. no. 444, p. 304"
entity:artifact:2:204969,bibliography,"Max Loehr and Louisa G. Fitzgerald Huber, Ancient Chinese Jades from the Grenville L. Winthrop Collection in the Fogg Art Museum, Harvard University (Cambridge, MA, Fogg Art Museum, 1975). cat. no. 141, p. 121"
entity:artifact:2:204970,bibliography,"Max Loehr and Louisa G. Fitzgerald Huber, Ancient Chinese Jades from the Grenville L. Winthrop Collection in the Fogg Art Museum, Harvard University (Cambridge, MA, Fogg Art Museum, 1975). cat. no. 383a, p. 256 | Jenny So, Early Chinese Jades in the Harvard Art Museums (Cambridge, MA, 2019) pp. 258, 260-1, cat. 37C"
entity:artifact:2:204971,bibliography,"Max Loehr and Louisa G. Fitzgerald Huber, Ancient Chinese Jades from the Grenville L. Winthrop Collection in the Fogg Art Museum, Harvard University (Cambridge, MA, Fogg Art Museum, 1975). cat. no. 383b, p. 256 | Jenny So, Early Chinese Jades in the Harvard Art Museums (Cambridge, MA, 2019) pp. 258, 260-1, cat. 37C"
entity:artifact:2:204972,bibliography,"Max Loehr and Louisa G. Fitzgerald Huber, Ancient Chinese Jades from the Grenville L. Winthrop Collection in the Fogg Art Museum, Harvard University (Cambridge, MA, Fogg Art Museum, 1975). cat. no. 64, p. 72"
entity:artifact:2:204973,bibliography,"Max Loehr and Louisa G. Fitzgerald Huber, Ancient Chinese Jades from the Grenville L. Winthrop Collection in the Fogg Art Museum, Harvard University (Cambridge, MA, Fogg Art Museum, 1975). cat. no. 49, p. 65"
entity:artifact:2:204974,bibliography,"Max Loehr and Louisa G. Fitzgerald Huber, Ancient Chinese Jades from the Grenville L. Winthrop Collection in the Fogg Art Museum, Harvard University (Cambridge, MA, Fogg Art Museum, 1975). cat. no. 339, pp. 226-227"
entity:artifact:2:204975,bibliography,"Max Loehr and Louisa G. Fitzgerald Huber, Ancient Chinese Jades from the Grenville L. Winthrop Collection in the Fogg Art Museum, Harvard University (Cambridge, MA, Fogg Art Museum, 1975). cat. no. 280, p. 203"
entity:artifact:2:204976,bibliography,"Max Loehr and Louisa G. Fitzgerald Huber, Ancient Chinese Jades from the Grenville L. Winthrop Collection in the Fogg Art Museum, Harvard University (Cambridge, MA, Fogg Art Museum, 1975). cat. no. 138, p. 119"
entity:artifact:2:204977,bibliography,"Robert W. Bagley and Haicheng Wang, Art and Artistic Thinking in Ancient China, Asian Art Museum of San Francisco (San Francisco) fig. 17.211 | Dorothy W. Gillerman, ed., Grenville L. Winthrop: Retrospective for a Collector, exh. cat., Fogg Art Museum (Cambridge, 1969) no. 029, pp. 24-25 | Takayasu Higuchi, ed., Chugoku bijutsu, dai 4-kan (Chinese Art in Western Collections vol. 4: Bronze and Jade), Kodansha (Tokyo, Japan, 1973) pl. 95 | Max Loehr and Louisa G. Fitzgerald Huber, Ancient Chinese Jades from the Grenville L. Winthrop Collection in the Fogg Art Museum, Harvard University (Cambridge, MA, Fogg Art Museum, 1975). cat. no. 508, p. 343 | Jenny So, Early Chinese Jades in the Harvard Art Museums (Cambridge, MA, 2019) pp. 240-1, cat. 32B"
entity:artifact:2:204978,bibliography,"Robert W. Bagley and Haicheng Wang, Art and Artistic Thinking in Ancient China, Asian Art Museum of San Francisco (San Francisco) fig. 6.9 | Max Loehr and Louisa G. Fitzgerald Huber, Ancient Chinese Jades from the Grenville L. Winthrop Collection in the Fogg Art Museum, Harvard University (Cambridge, MA, Fogg Art Museum, 1975). cat. no. 329, p. 220 | Jenny So, Early Chinese Jades in the Harvard Art Museums (Cambridge, MA, 2019) p. 84, fig. 1"
entity:artifact:2:204979,bibliography,"Max Loehr and Louisa G. Fitzgerald Huber, Ancient Chinese Jades from the Grenville L. Winthrop Collection in the Fogg Art Museum, Harvard University (Cambridge, MA, Fogg Art Museum, 1975). cat. no. 184, p. 141"
entity:artifact:2:204980,bibliography,"Dorothy W. Gillerman, ed., Grenville L. Winthrop: Retrospective for a Collector, exh. cat., Fogg Art Museum (Cambridge, 1969) no. 001, pp. 4-5, repr. | Max Loehr and Louisa G. Fitzgerald Huber, Ancient Chinese Jades from the Grenville L. Winthrop Collection in the Fogg Art Museum, Harvard University (Cambridge, MA, Fogg Art Museum, 1975). cat. no. 1, p. 32"
entity:artifact:2:204981,bibliography,"Max Loehr and Louisa G. Fitzgerald Huber, Ancient Chinese Jades from the Grenville L. Winthrop Collection in the Fogg Art Museum, Harvard University (Cambridge, MA, Fogg Art Museum, 1975). cat. no. 286, p. 204"
entity:artifact:2:204982,bibliography,"Max Loehr and Louisa G. Fitzgerald Huber, Ancient Chinese Jades from the Grenville L. Winthrop Collection in the Fogg Art Museum, Harvard University (Cambridge, MA, Fogg Art Museum, 1975). cat. no. 287, p. 205"
entity:artifact:2:204983,bibliography,"Max Loehr and Louisa G. Fitzgerald Huber, Ancient Chinese Jades from the Grenville L. Winthrop Collection in the Fogg Art Museum, Harvard University (Cambridge, MA, Fogg Art Museum, 1975). cat. no. 128, p. 115"
entity:artifact:2:204984,bibliography,"Max Loehr and Louisa G. Fitzgerald Huber, Ancient Chinese Jades from the Grenville L. Winthrop Collection in the Fogg Art Museum, Harvard University (Cambridge, MA, Fogg Art Museum, 1975). cat. no. 134, p. 117"
entity:artifact:2:204985,bibliography,"Max Loehr and Louisa G. Fitzgerald Huber, Ancient Chinese Jades from the Grenville L. Winthrop Collection in the Fogg Art Museum, Harvard University (Cambridge, MA, Fogg Art Museum, 1975). cat. no. 431, p. 295"
entity:artifact:2:204986,bibliography,"Max Loehr and Louisa G. Fitzgerald Huber, Ancient Chinese Jades from the Grenville L. Winthrop Collection in the Fogg Art Museum, Harvard University (Cambridge, MA, Fogg Art Museum, 1975). cat. no. 70, p. 74"
entity:artifact:2:204987,bibliography,"Max Loehr and Louisa G. Fitzgerald Huber, Ancient Chinese Jades from the Grenville L. Winthrop Collection in the Fogg Art Museum, Harvard University (Cambridge, MA, Fogg Art Museum, 1975). cat. no. 489, p. 333"
entity:artifact:2:204988,bibliography,"Max Loehr and Louisa G. Fitzgerald Huber, Ancient Chinese Jades from the Grenville L. Winthrop Collection in the Fogg Art Museum, Harvard University (Cambridge, MA, Fogg Art Museum, 1975). cat. no. 191, p. 150"
entity:artifact:2:204989,bibliography,"Max Loehr and Louisa G. Fitzgerald Huber, Ancient Chinese Jades from the Grenville L. Winthrop Collection in the Fogg Art Museum, Harvard University (Cambridge, MA, Fogg Art Museum, 1975). cat. no. 59, p. 69"
entity:artifact:2:204990,bibliography,"Max Loehr and Louisa G. Fitzgerald Huber, Ancient Chinese Jades from the Grenville L. Winthrop Collection in the Fogg Art Museum, Harvard University (Cambridge, MA, Fogg Art Museum, 1975). cat. no. 345, p. 231"
entity:artifact:2:204991,bibliography,"Max Loehr and Louisa G. Fitzgerald Huber, Ancient Chinese Jades from the Grenville L. Winthrop Collection in the Fogg Art Museum, Harvard University (Cambridge, MA, Fogg Art Museum, 1975). cat. no. 194, pp. 152-153"
entity:artifact:2:204992,bibliography,"Max Loehr and Louisa G. Fitzgerald Huber, Ancient Chinese Jades from the Grenville L. Winthrop Collection in the Fogg Art Museum, Harvard University (Cambridge, MA, Fogg Art Museum, 1975). cat. no. 256, p. 192 | Jenny So, Early Chinese Jades in the Harvard Art Museums (Cambridge, MA, 2019) pp. 170-73, cat. 21A"
entity:artifact:2:204993,bibliography,"Max Loehr and Louisa G. Fitzgerald Huber, Ancient Chinese Jades from the Grenville L. Winthrop Collection in the Fogg Art Museum, Harvard University (Cambridge, MA, Fogg Art Museum, 1975). cat. no. 443, p. 303 | Jenny So, Early Chinese Jades in the Harvard Art Museums (Cambridge, MA, 2019) pp. 220-23, cat. 27B"
entity:artifact:2:204994,bibliography,"Max Loehr and Louisa G. Fitzgerald Huber, Ancient Chinese Jades from the Grenville L. Winthrop Collection in the Fogg Art Museum, Harvard University (Cambridge, MA, Fogg Art Museum, 1975). cat. no. 417, p. 285 | Jenny So, Early Chinese Jades in the Harvard Art Museums (Cambridge, MA, 2019) pp. 236-8, cat. 31B"
entity:artifact:2:204995,bibliography,"Max Loehr and Louisa G. Fitzgerald Huber, Ancient Chinese Jades from the Grenville L. Winthrop Collection in the Fogg Art Museum, Harvard University (Cambridge, MA, Fogg Art Museum, 1975). cat. no. 383c, p. 256 | Jenny So, Early Chinese Jades in the Harvard Art Museums (Cambridge, MA, 2019) pp. 258, 260-1, cat. 37C"
entity:artifact:2:204996,bibliography,"Robert W. Bagley and Haicheng Wang, Art and Artistic Thinking in Ancient China, Asian Art Museum of San Francisco (San Francisco) fig. 6.40a-b | Max Loehr and Louisa G. Fitzgerald Huber, Ancient Chinese Jades from the Grenville L. Winthrop Collection in the Fogg Art Museum, Harvard University (Cambridge, MA, Fogg Art Museum, 1975). cat. no. 238, p. 183 | Jenny So, Early Chinese Jades in the Harvard Art Museums (Cambridge, MA, 2019) p. 81, fig. 6"
entity:artifact:2:204997,bibliography,"Max Loehr and Louisa G. Fitzgerald Huber, Ancient Chinese Jades from the Grenville L. Winthrop Collection in the Fogg Art Museum, Harvard University (Cambridge, MA, Fogg Art Museum, 1975). cat. no. 586, p. 407"
entity:artifact:2:204998,bibliography,"Max Loehr and Louisa G. Fitzgerald Huber, Ancient Chinese Jades from the Grenville L. Winthrop Collection in the Fogg Art Museum, Harvard University (Cambridge, MA, Fogg Art Museum, 1975). cat. no. 15, p. 46"
entity:artifact:2:204999,bibliography,"Max Loehr and Louisa G. Fitzgerald Huber, Ancient Chinese Jades from the Grenville L. Winthrop Collection in the Fogg Art Museum, Harvard University (Cambridge, MA, Fogg Art Museum, 1975). cat. no. 429, p. 294"
entity:artifact:2:205000,bibliography,"Max Loehr and Louisa G. Fitzgerald Huber, Ancient Chinese Jades from the Grenville L. Winthrop Collection in the Fogg Art Museum, Harvard University (Cambridge, MA, Fogg Art Museum, 1975). cat. no. 382g, pp. 254-255"
entity:artifact:2:205001,bibliography,"Max Loehr and Louisa G. Fitzgerald Huber, Ancient Chinese Jades from the Grenville L. Winthrop Collection in the Fogg Art Museum, Harvard University (Cambridge, MA, Fogg Art Museum, 1975). cat. no. 382h, pp. 254-255"
entity:artifact:2:205002,bibliography,"Max Loehr and Louisa G. Fitzgerald Huber, Ancient Chinese Jades from the Grenville L. Winthrop Collection in the Fogg Art Museum, Harvard University (Cambridge, MA, Fogg Art Museum, 1975). cat. no. 382i, pp. 254-255"
entity:artifact:2:205003,bibliography,"Max Loehr and Louisa G. Fitzgerald Huber, Ancient Chinese Jades from the Grenville L. Winthrop Collection in the Fogg Art Museum, Harvard University (Cambridge, MA, Fogg Art Museum, 1975). cat. no. 382j, pp. 254-255"
entity:artifact:2:205004,bibliography,"Max Loehr and Louisa G. Fitzgerald Huber, Ancient Chinese Jades from the Grenville L. Winthrop Collection in the Fogg Art Museum, Harvard University (Cambridge, MA, Fogg Art Museum, 1975). cat. no. 432, p. 296"
entity:artifact:2:205005,bibliography,"Max Loehr and Louisa G. Fitzgerald Huber, Ancient Chinese Jades from the Grenville L. Winthrop Collection in the Fogg Art Museum, Harvard University (Cambridge, MA, Fogg Art Museum, 1975). cat. no. 487, p. 333"
entity:artifact:2:205006,bibliography,"Max Loehr and Louisa G. Fitzgerald Huber, Ancient Chinese Jades from the Grenville L. Winthrop Collection in the Fogg Art Museum, Harvard University (Cambridge, MA, Fogg Art Museum, 1975). cat. no. 300, p. 208 | Jenny So, Early Chinese Jades in the Harvard Art Museums (Cambridge, MA, 2019) pp. 136-39, cat. 16A"
entity:artifact:2:205007,bibliography,"Max Loehr and Louisa G. Fitzgerald Huber, Ancient Chinese Jades from the Grenville L. Winthrop Collection in the Fogg Art Museum, Harvard University (Cambridge, MA, Fogg Art Museum, 1975). cat. no. 500, p. 339"
entity:artifact:2:205008,bibliography,"Max Loehr and Louisa G. Fitzgerald Huber, Ancient Chinese Jades from the Grenville L. Winthrop Collection in the Fogg Art Museum, Harvard University (Cambridge, MA, Fogg Art Museum, 1975). cat. no. 23, p 51"
entity:artifact:2:205009,bibliography,"Max Loehr and Louisa G. Fitzgerald Huber, Ancient Chinese Jades from the Grenville L. Winthrop Collection in the Fogg Art Museum, Harvard University (Cambridge, MA, Fogg Art Museum, 1975). cat. no. 554a, p. 386"
entity:artifact:2:205010,bibliography,"Max Loehr and Louisa G. Fitzgerald Huber, Ancient Chinese Jades from the Grenville L. Winthrop Collection in the Fogg Art Museum, Harvard University (Cambridge, MA, Fogg Art Museum, 1975). cat. no. 330, p. 220"
entity:artifact:2:205011,bibliography,"Max Loehr and Louisa G. Fitzgerald Huber, Ancient Chinese Jades from the Grenville L. Winthrop Collection in the Fogg Art Museum, Harvard University (Cambridge, MA, Fogg Art Museum, 1975). cat. no. 436b, p. 299"
entity:artifact:2:205012,bibliography,"Max Loehr and Louisa G. Fitzgerald Huber, Ancient Chinese Jades from the Grenville L. Winthrop Collection in the Fogg Art Museum, Harvard University (Cambridge, MA, Fogg Art Museum, 1975). cat. no. 437, p. 299"
entity:artifact:2:205013,bibliography,"Max Loehr and Louisa G. Fitzgerald Huber, Ancient Chinese Jades from the Grenville L. Winthrop Collection in the Fogg Art Museum, Harvard University (Cambridge, MA, Fogg Art Museum, 1975). cat. no. 299, p. 208"
entity:artifact:2:205014,bibliography,"Max Loehr and Louisa G. Fitzgerald Huber, Ancient Chinese Jades from the Grenville L. Winthrop Collection in the Fogg Art Museum, Harvard University (Cambridge, MA, Fogg Art Museum, 1975). cat. no. 630, p. 433"
entity:artifact:2:205015,bibliography,"Max Loehr and Louisa G. Fitzgerald Huber, Ancient Chinese Jades from the Grenville L. Winthrop Collection in the Fogg Art Museum, Harvard University (Cambridge, MA, Fogg Art Museum, 1975). cat. no. 126, p. 114 | Jenny So, Early Chinese Jades in the Harvard Art Museums (Cambridge, MA, 2019) pp. 130, 132, fig. 1"
entity:artifact:2:205016,bibliography,"Max Loehr and Louisa G. Fitzgerald Huber, Ancient Chinese Jades from the Grenville L. Winthrop Collection in the Fogg Art Museum, Harvard University (Cambridge, MA, Fogg Art Museum, 1975). cat. no. 557a, p. 389"
entity:artifact:2:205017,bibliography,"Max Loehr and Louisa G. Fitzgerald Huber, Ancient Chinese Jades from the Grenville L. Winthrop Collection in the Fogg Art Museum, Harvard University (Cambridge, MA, Fogg Art Museum, 1975). cat. no. 556a, p. 388"
entity:artifact:2:205018,bibliography,"Max Loehr and Louisa G. Fitzgerald Huber, Ancient Chinese Jades from the Grenville L. Winthrop Collection in the Fogg Art Museum, Harvard University (Cambridge, MA, Fogg Art Museum, 1975). cat. no. 556b, p. 388"
entity:artifact:2:205019,bibliography,"Max Loehr and Louisa G. Fitzgerald Huber, Ancient Chinese Jades from the Grenville L. Winthrop Collection in the Fogg Art Museum, Harvard University (Cambridge, MA, Fogg Art Museum, 1975). cat. no. 149, p. 124"
entity:artifact:2:205020,bibliography,"Max Loehr and Louisa G. Fitzgerald Huber, Ancient Chinese Jades from the Grenville L. Winthrop Collection in the Fogg Art Museum, Harvard University (Cambridge, MA, Fogg Art Museum, 1975). cat. no. 152, p. 125"
entity:artifact:2:205021,bibliography,"Max Loehr and Louisa G. Fitzgerald Huber, Ancient Chinese Jades from the Grenville L. Winthrop Collection in the Fogg Art Museum, Harvard University (Cambridge, MA, Fogg Art Museum, 1975). cat. no. 165, p. 132"
entity:artifact:2:205022,bibliography,"Max Loehr and Louisa G. Fitzgerald Huber, Ancient Chinese Jades from the Grenville L. Winthrop Collection in the Fogg Art Museum, Harvard University (Cambridge, MA, Fogg Art Museum, 1975). cat. no. 255, pp. 190-191"
entity:artifact:2:205023,bibliography,"Max Loehr and Louisa G. Fitzgerald Huber, Ancient Chinese Jades from the Grenville L. Winthrop Collection in the Fogg Art Museum, Harvard University (Cambridge, MA, Fogg Art Museum, 1975). cat. no. 608, p. 418"
entity:artifact:2:205024,bibliography,"Robert W. Bagley and Haicheng Wang, Art and Artistic Thinking in Ancient China, Asian Art Museum of San Francisco (San Francisco) fig. 8.5 | Max Loehr and Louisa G. Fitzgerald Huber, Ancient Chinese Jades from the Grenville L. Winthrop Collection in the Fogg Art Museum, Harvard University (Cambridge, MA, Fogg Art Museum, 1975). cat. no. 68, p. 74"
entity:artifact:2:205025,bibliography,"Max Loehr and Louisa G. Fitzgerald Huber, Ancient Chinese Jades from the Grenville L. Winthrop Collection in the Fogg Art Museum, Harvard University (Cambridge, MA, Fogg Art Museum, 1975). cat. no. 260, p. 194"
entity:artifact:2:205026,bibliography,"Max Loehr and Louisa G. Fitzgerald Huber, Ancient Chinese Jades from the Grenville L. Winthrop Collection in the Fogg Art Museum, Harvard University (Cambridge, MA, Fogg Art Museum, 1975). cat. no. 190, p. 149"
entity:artifact:2:205027,bibliography,"Max Loehr and Louisa G. Fitzgerald Huber, Ancient Chinese Jades from the Grenville L. Winthrop Collection in the Fogg Art Museum, Harvard University (Cambridge, MA, Fogg Art Museum, 1975). cat. no. 17, p. 48"
entity:artifact:2:205028,bibliography,"Max Loehr and Louisa G. Fitzgerald Huber, Ancient Chinese Jades from the Grenville L. Winthrop Collection in the Fogg Art Museum, Harvard University (Cambridge, MA, Fogg Art Museum, 1975). cat. no. 18, p. 48 | Jenny So, Early Chinese Jades in the Harvard Art Museums (Cambridge, MA, 2019) p. 120, fig. 1"
entity:artifact:2:205029,bibliography,"Max Loehr and Louisa G. Fitzgerald Huber, Ancient Chinese Jades from the Grenville L. Winthrop Collection in the Fogg Art Museum, Harvard University (Cambridge, MA, Fogg Art Museum, 1975). cat. no. 193, p. 152"
entity:artifact:2:205030,bibliography,"Max Loehr and Louisa G. Fitzgerald Huber, Ancient Chinese Jades from the Grenville L. Winthrop Collection in the Fogg Art Museum, Harvard University (Cambridge, MA, Fogg Art Museum, 1975). cat. no. 189, p. 148"
entity:artifact:2:205031,bibliography,"Max Loehr and Louisa G. Fitzgerald Huber, Ancient Chinese Jades from the Grenville L. Winthrop Collection in the Fogg Art Museum, Harvard University (Cambridge, MA, Fogg Art Museum, 1975). cat. no. 188, p. 147"
entity:artifact:2:205032,bibliography,"Max Loehr and Louisa G. Fitzgerald Huber, Ancient Chinese Jades from the Grenville L. Winthrop Collection in the Fogg Art Museum, Harvard University (Cambridge, MA, Fogg Art Museum, 1975). cat. no. 239, pp. 182-183"
entity:artifact:2:205033,bibliography,"Max Loehr and Louisa G. Fitzgerald Huber, Ancient Chinese Jades from the Grenville L. Winthrop Collection in the Fogg Art Museum, Harvard University (Cambridge, MA, Fogg Art Museum, 1975). cat. no. 247, p. 188"
entity:artifact:2:205034,bibliography,"Max Loehr and Louisa G. Fitzgerald Huber, Ancient Chinese Jades from the Grenville L. Winthrop Collection in the Fogg Art Museum, Harvard University (Cambridge, MA, Fogg Art Museum, 1975). cat. no. 268, p. 198"
entity:artifact:2:205035,bibliography,"Max Loehr and Louisa G. Fitzgerald Huber, Ancient Chinese Jades from the Grenville L. Winthrop Collection in the Fogg Art Museum, Harvard University (Cambridge, MA, Fogg Art Museum, 1975). cat. no. 127, p. 115"
entity:artifact:2:205036,bibliography,"Max Loehr and Louisa G. Fitzgerald Huber, Ancient Chinese Jades from the Grenville L. Winthrop Collection in the Fogg Art Museum, Harvard University (Cambridge, MA, Fogg Art Museum, 1975). cat. no. 418, p. 285"
entity:artifact:2:205037,bibliography,"Max Loehr and Louisa G. Fitzgerald Huber, Ancient Chinese Jades from the Grenville L. Winthrop Collection in the Fogg Art Museum, Harvard University (Cambridge, MA, Fogg Art Museum, 1975). cat. no. 415, p. 284 | Jenny So, Early Chinese Jades in the Harvard Art Museums (Cambridge, MA, 2019) pp. 236, 238, fig. 2"
entity:artifact:2:205038,bibliography,"Max Loehr and Louisa G. Fitzgerald Huber, Ancient Chinese Jades from the Grenville L. Winthrop Collection in the Fogg Art Museum, Harvard University (Cambridge, MA, Fogg Art Museum, 1975). cat. no. 445, p. 305"
entity:artifact:2:205039,bibliography,"Max Loehr and Louisa G. Fitzgerald Huber, Ancient Chinese Jades from the Grenville L. Winthrop Collection in the Fogg Art Museum, Harvard University (Cambridge, MA, Fogg Art Museum, 1975). cat. no. 382b, pp. 254-255 | Jenny So, Early Chinese Jades in the Harvard Art Museums (Cambridge, MA, 2019) pp. 258, 260-1, cat. 37C"
entity:artifact:2:205040,bibliography,"Max Loehr and Louisa G. Fitzgerald Huber, Ancient Chinese Jades from the Grenville L. Winthrop Collection in the Fogg Art Museum, Harvard University (Cambridge, MA, Fogg Art Museum, 1975). cat. no. 382c, pp. 254-255 | Jenny So, Early Chinese Jades in the Harvard Art Museums (Cambridge, MA, 2019) pp. 258, 260-1, cat. 37C"
entity:artifact:2:205041,bibliography,"Max Loehr and Louisa G. Fitzgerald Huber, Ancient Chinese Jades from the Grenville L. Winthrop Collection in the Fogg Art Museum, Harvard University (Cambridge, MA, Fogg Art Museum, 1975). cat. no. 382d, pp. 254-255"
entity:artifact:2:205042,bibliography,"Max Loehr and Louisa G. Fitzgerald Huber, Ancient Chinese Jades from the Grenville L. Winthrop Collection in the Fogg Art Museum, Harvard University (Cambridge, MA, Fogg Art Museum, 1975). cat. no. 525, p. 362"
entity:artifact:2:205044,bibliography,"Martha Davidson, ""Chinese Jade: 3000 Years of Chinese Master Craftsmanship"", ARTnews Annual (1938), vol. XXXVI p. 121 | Alfred Salmony, Carved Jade of Ancient China, Gillick Press (Berkeley, CA, 1938) pl. 7: 5 | Sueji Umehara, ed., Shina kogyoku zuroku (Selected Specimens of Chinese Archaic Jade), Kuwana Bunseido (Kyoto, Japan, 1955 (Shôwa 30)) pl. 38 | Na Chih-liang, Yu-ch'i t'ung-shih (General history of Chinese jade), Unidentified Publisher (Hong Kong and Taipei, 1963) pl. 77: 102 | Dorothy W. Gillerman, ed., Grenville L. Winthrop: Retrospective for a Collector, exh. cat., Fogg Art Museum (Cambridge, 1969) no. 013, pp. 12-13, repr. | Max Loehr and Louisa G. Fitzgerald Huber, Ancient Chinese Jades from the Grenville L. Winthrop Collection in the Fogg Art Museum, Harvard University (Cambridge, MA, Fogg Art Museum, 1975). cat. no. 195, p. 154"
entity:artifact:2:205045,bibliography,"Max Loehr and Louisa G. Fitzgerald Huber, Ancient Chinese Jades from the Grenville L. Winthrop Collection in the Fogg Art Museum, Harvard University (Cambridge, MA, Fogg Art Museum, 1975). cat. no. 284, p. 204"
entity:artifact:2:205046,bibliography,"Max Loehr and Louisa G. Fitzgerald Huber, Ancient Chinese Jades from the Grenville L. Winthrop Collection in the Fogg Art Museum, Harvard University (Cambridge, MA, Fogg Art Museum, 1975). cat. no. 295a, p. 207"
entity:artifact:2:205047,bibliography,"Max Loehr and Louisa G. Fitzgerald Huber, Ancient Chinese Jades from the Grenville L. Winthrop Collection in the Fogg Art Museum, Harvard University (Cambridge, MA, Fogg Art Museum, 1975). cat. no. 295b, p. 207"
entity:artifact:2:205048,bibliography,"Max Loehr and Louisa G. Fitzgerald Huber, Ancient Chinese Jades from the Grenville L. Winthrop Collection in the Fogg Art Museum, Harvard University (Cambridge, MA, Fogg Art Museum, 1975). cat. no. 621, p. 425"
entity:artifact:2:205049,bibliography,"Max Loehr and Louisa G. Fitzgerald Huber, Ancient Chinese Jades from the Grenville L. Winthrop Collection in the Fogg Art Museum, Harvard University (Cambridge, MA, Fogg Art Museum, 1975). cat. no. 430, p. 295"
entity:artifact:2:205050,bibliography,"Max Loehr and Louisa G. Fitzgerald Huber, Ancient Chinese Jades from the Grenville L. Winthrop Collection in the Fogg Art Museum, Harvard University (Cambridge, MA, Fogg Art Museum, 1975). cat. no. 439, p. 301"
entity:artifact:2:205051,bibliography,"Max Loehr and Louisa G. Fitzgerald Huber, Ancient Chinese Jades from the Grenville L. Winthrop Collection in the Fogg Art Museum, Harvard University (Cambridge, MA, Fogg Art Museum, 1975). cat. no. 554b, p. 386"
entity:artifact:2:205052,bibliography,"Max Loehr and Louisa G. Fitzgerald Huber, Ancient Chinese Jades from the Grenville L. Winthrop Collection in the Fogg Art Museum, Harvard University (Cambridge, MA, Fogg Art Museum, 1975). cat. no. 559, p. 390"
entity:artifact:2:205053,bibliography,"Max Loehr and Louisa G. Fitzgerald Huber, Ancient Chinese Jades from the Grenville L. Winthrop Collection in the Fogg Art Museum, Harvard University (Cambridge, MA, Fogg Art Museum, 1975). cat. no. 557b, p. 389"
entity:artifact:2:205054,bibliography,"Max Loehr and Louisa G. Fitzgerald Huber, Ancient Chinese Jades from the Grenville L. Winthrop Collection in the Fogg Art Museum, Harvard University (Cambridge, MA, Fogg Art Museum, 1975). cat. no. 151, p. 125"
entity:artifact:2:205055,bibliography,"Max Loehr and Louisa G. Fitzgerald Huber, Ancient Chinese Jades from the Grenville L. Winthrop Collection in the Fogg Art Museum, Harvard University (Cambridge, MA, Fogg Art Museum, 1975). cat. no. 150, p. 124"
entity:artifact:2:205057,bibliography,"Max Loehr and Louisa G. Fitzgerald Huber, Ancient Chinese Jades from the Grenville L. Winthrop Collection in the Fogg Art Museum, Harvard University (Cambridge, MA, Fogg Art Museum, 1975). cat. no. 505, p. 341 | Jenny So, Early Chinese Jades in the Harvard Art Museums (Cambridge, MA, 2019) p. 240, fig. 1"
entity:artifact:2:205058,bibliography,"Max Loehr and Louisa G. Fitzgerald Huber, Ancient Chinese Jades from the Grenville L. Winthrop Collection in the Fogg Art Museum, Harvard University (Cambridge, MA, Fogg Art Museum, 1975). cat. no. 447b, p. 306 | Jenny So, Early Chinese Jades in the Harvard Art Museums (Cambridge, MA, 2019) pp. 214, 216-17, cat. 26B"
entity:artifact:2:205059,bibliography,"Max Loehr and Louisa G. Fitzgerald Huber, Ancient Chinese Jades from the Grenville L. Winthrop Collection in the Fogg Art Museum, Harvard University (Cambridge, MA, Fogg Art Museum, 1975). cat. no. 419a, p. 288"
entity:artifact:2:205060,bibliography,"Robert W. Bagley and Haicheng Wang, Art and Artistic Thinking in Ancient China, Asian Art Museum of San Francisco (San Francisco) fig. 17.179 | Max Loehr and Louisa G. Fitzgerald Huber, Ancient Chinese Jades from the Grenville L. Winthrop Collection in the Fogg Art Museum, Harvard University (Cambridge, MA, Fogg Art Museum, 1975). cat. no. 421, p. 289"
entity:artifact:2:205061,bibliography,"Robert W. Bagley and Haicheng Wang, Art and Artistic Thinking in Ancient China, Asian Art Museum of San Francisco (San Francisco) figs. 0.4, 17.176a-b | Max Loehr and Louisa G. Fitzgerald Huber, Ancient Chinese Jades from the Grenville L. Winthrop Collection in the Fogg Art Museum, Harvard University (Cambridge, MA, Fogg Art Museum, 1975). cat. no. 424, p. 291 | Max Loehr, ""Aesthetic Delight: An Anthology of Far Eastern Art"", Apollo (New Series), Apollo Publications Inc. (London, England, May 1978), vol. CVII, no. 195, pp. 414-421 p. 415, fig. 2 | Jenny So, Early Chinese Jades in the Harvard Art Museums (Cambridge, MA, 2019) pp. 210-12, cat. 25A"
entity:artifact:2:205062,bibliography,"Max Loehr and Louisa G. Fitzgerald Huber, Ancient Chinese Jades from the Grenville L. Winthrop Collection in the Fogg Art Museum, Harvard University (Cambridge, MA, Fogg Art Museum, 1975). cat. no. 503, p. 340"
entity:artifact:2:205063,bibliography,"Max Loehr and Louisa G. Fitzgerald Huber, Ancient Chinese Jades from the Grenville L. Winthrop Collection in the Fogg Art Museum, Harvard University (Cambridge, MA, Fogg Art Museum, 1975). cat. no. 366, p. 246"
entity:artifact:2:205064,bibliography,"Max Loehr and Louisa G. Fitzgerald Huber, Ancient Chinese Jades from the Grenville L. Winthrop Collection in the Fogg Art Museum, Harvard University (Cambridge, MA, Fogg Art Museum, 1975). cat. no. 367, p. 247"
entity:artifact:2:205065,bibliography,"Max Loehr and Louisa G. Fitzgerald Huber, Ancient Chinese Jades from the Grenville L. Winthrop Collection in the Fogg Art Museum, Harvard University (Cambridge, MA, Fogg Art Museum, 1975). cat. no. 601a, p. 416"
entity:artifact:2:205066,bibliography,"Max Loehr and Louisa G. Fitzgerald Huber, Ancient Chinese Jades from the Grenville L. Winthrop Collection in the Fogg Art Museum, Harvard University (Cambridge, MA, Fogg Art Museum, 1975). cat. no. 601b, p. 416"
entity:artifact:2:205067,bibliography,"Max Loehr and Louisa G. Fitzgerald Huber, Ancient Chinese Jades from the Grenville L. Winthrop Collection in the Fogg Art Museum, Harvard University (Cambridge, MA, Fogg Art Museum, 1975). cat. no. 558, p. 389"
entity:artifact:2:205068,bibliography,"Max Loehr and Louisa G. Fitzgerald Huber, Ancient Chinese Jades from the Grenville L. Winthrop Collection in the Fogg Art Museum, Harvard University (Cambridge, MA, Fogg Art Museum, 1975). cat. no. 560, p. 390"
entity:artifact:2:205069,bibliography,"Dorothy W. Gillerman, ed., Grenville L. Winthrop: Retrospective for a Collector, exh. cat., Fogg Art Museum (Cambridge, 1969) no. 033, pp. 28-29 | Max Loehr and Louisa G. Fitzgerald Huber, Ancient Chinese Jades from the Grenville L. Winthrop Collection in the Fogg Art Museum, Harvard University (Cambridge, MA, Fogg Art Museum, 1975). cat. no. 555a, p. 387"
entity:artifact:2:205070,bibliography,"Max Loehr and Louisa G. Fitzgerald Huber, Ancient Chinese Jades from the Grenville L. Winthrop Collection in the Fogg Art Museum, Harvard University (Cambridge, MA, Fogg Art Museum, 1975). cat. no. 555b, p. 387"
entity:artifact:2:205071,bibliography,"Max Loehr and Louisa G. Fitzgerald Huber, Ancient Chinese Jades from the Grenville L. Winthrop Collection in the Fogg Art Museum, Harvard University (Cambridge, MA, Fogg Art Museum, 1975). cat. no. 153, p. 126"
entity:artifact:2:205072,bibliography,"Carol Warner, ""Black Ware Bowls of the Northern Song Period Glaze Analysis"" (thesis (certificate in conservation), Straus Center for Conservation and Technical Studies, 1992), Unpublished pp. 1-13 passim | Robert D. Mowry, Hare's Fur, Tortoiseshell, and Partridge Feathers: Chinese brown- and black-glazed ceramics, 400-1400, exh. cat., Harvard University Art Museums (Cambridge, MA, 1996) pp. 142-144, no. 38a"
entity:artifact:2:205073,bibliography,"Henry Trubner, Chinese Ceramics, from the prehistoric period through Ch'ien Lung: a loan exhibition from collections in America and Japan, exh. cat., Los Angeles County Museum (Los Angeles, CA, 1952) p. 86, no. 208 | Max Loehr, Chinese Art: Symbols and Images, exh. cat., Jewett Arts Center (Wellesley, 1967) pp. 45-46, no. 25 | Carol Warner, ""Black Ware Bowls of the Northern Song Period Glaze Analysis"" (thesis (certificate in conservation), Straus Center for Conservation and Technical Studies, 1992), Unpublished pp. 1-13 passim | Robert D. Mowry, Hare's Fur, Tortoiseshell, and Partridge Feathers: Chinese brown- and black-glazed ceramics, 400-1400, exh. cat., Harvard University Art Museums (Cambridge, MA, 1996) pp. 159-161, no. 52"
entity:artifact:2:205076,bibliography,"Fogg Art Museum, The Use of Blue on Chinese Porcelain of the Ming Dynasty 1368-1644, exh. cat., Harvard University Press (Cambridge, Mass., Spring 1947) no. 41 (not illustrated) | Jessica Chloros, ""An Investigation of Cobalt Pigment on Islamic Ceramics at the Harvard Art Museums"" (thesis (certificate in conservation), Straus Center for Conservation and Technical Studies, 2008), Unpublished pp. 1-41 passim"
entity:artifact:2:205077,bibliography,"Max Loehr and Louisa G. Fitzgerald Huber, Ancient Chinese Jades from the Grenville L. Winthrop Collection in the Fogg Art Museum, Harvard University (Cambridge, MA, Fogg Art Museum, 1975). cat. no. 28, p. 54"
entity:artifact:2:205078,bibliography,"Robert D. Mowry, Hare's Fur, Tortoiseshell, and Partridge Feathers: Chinese brown- and black-glazed ceramics, 400-1400, exh. cat., Harvard University Art Museums (Cambridge, MA, 1996) pp. 127-128, no. 27a"
entity:artifact:2:205079,bibliography,"Eva Sander, ""A Comparative Study of Northern Dark-Glazed Stoneware Bowls from the Song Dynasty"" (thesis (certificate in conservation), Straus Center for Conservation and Technical Studies, August 1987), Unpublished pp. 1-14 passim | Robert D. Mowry, Hare's Fur, Tortoiseshell, and Partridge Feathers: Chinese brown- and black-glazed ceramics, 400-1400, exh. cat., Harvard University Art Museums (Cambridge, MA, 1996) pp. 111-112, no. 16"
entity:artifact:2:205080,bibliography,"Carol Warner, ""Black Ware Bowls of the Northern Song Period Glaze Analysis"" (thesis (certificate in conservation), Straus Center for Conservation and Technical Studies, 1992), Unpublished pp. 1-13 passim | Robert D. Mowry, Hare's Fur, Tortoiseshell, and Partridge Feathers: Chinese brown- and black-glazed ceramics, 400-1400, exh. cat., Harvard University Art Museums (Cambridge, MA, 1996) pp. 148-150, no. 43a"
entity:artifact:2:205081,bibliography,"Robert D. Mowry, Hare's Fur, Tortoiseshell, and Partridge Feathers: Chinese brown- and black-glazed ceramics, 400-1400, exh. cat., Harvard University Art Museums (Cambridge, MA, 1996) pp. 148-150, no. 43b"
entity:artifact:2:205082,bibliography,"Max Loehr and Louisa G. Fitzgerald Huber, Ancient Chinese Jades from the Grenville L. Winthrop Collection in the Fogg Art Museum, Harvard University (Cambridge, MA, Fogg Art Museum, 1975). cat. no. 585a, pp. 406-407"
entity:artifact:2:205083,bibliography,"Valentine Talland, ""Technical Examination of Southern Chinese Chien Ware and Japanese Copies in the Harvard University Art Museums Collection"" (thesis (certificate in conservation), Straus Center for Conservation and Technical Studies, 1988), Unpublished pp. 1-21 passim"
entity:artifact:2:205085,bibliography,"Eva Sander, ""A Comparative Study of Northern Dark-Glazed Stoneware Bowls from the Song Dynasty"" (thesis (certificate in conservation), Straus Center for Conservation and Technical Studies, August 1987), Unpublished pp. 1-14 passim | Robert D. Mowry, Hare's Fur, Tortoiseshell, and Partridge Feathers: Chinese brown- and black-glazed ceramics, 400-1400, exh. cat., Harvard University Art Museums (Cambridge, MA, 1996) pp. 140-141, no. 36"
entity:artifact:2:205094,bibliography,"Max Loehr and Louisa G. Fitzgerald Huber, Ancient Chinese Jades from the Grenville L. Winthrop Collection in the Fogg Art Museum, Harvard University (Cambridge, MA, Fogg Art Museum, 1975). cat. no. 13, p. 45 | Jenny So, Early Chinese Jades in the Harvard Art Museums (Cambridge, MA, 2019) p. 80, fig. 4"
entity:artifact:2:205095,bibliography,"Eva Sander, ""A Comparative Study of Northern Dark-Glazed Stoneware Bowls from the Song Dynasty"" (thesis (certificate in conservation), Straus Center for Conservation and Technical Studies, August 1987), Unpublished pp. 1-14 passim | Robert D. Mowry, Hare's Fur, Tortoiseshell, and Partridge Feathers: Chinese brown- and black-glazed ceramics, 400-1400, exh. cat., Harvard University Art Museums (Cambridge, MA, 1996) pp. 136-137, no. 34 | Nishida Hiroko and Sato Sâra, ""Tenmoku [Dark-glazed ceramics]"", Heibonsha Limited (Tokyo, Japan, 1999) pp. 109-110, fig. 45"
entity:artifact:2:205134,bibliography,"Max Loehr and Louisa G. Fitzgerald Huber, Ancient Chinese Jades from the Grenville L. Winthrop Collection in the Fogg Art Museum, Harvard University (Cambridge, MA, Fogg Art Museum, 1975). cat. no. 61, p. 70 | Jenny So, Early Chinese Jades in the Harvard Art Museums (Cambridge, MA, 2019) pp. 122-25, cat. 12B"
entity:artifact:2:205135,bibliography,"Max Loehr and Louisa G. Fitzgerald Huber, Ancient Chinese Jades from the Grenville L. Winthrop Collection in the Fogg Art Museum, Harvard University (Cambridge, MA, Fogg Art Museum, 1975). cat. no. 200, pp. 158-159 | Jenny So, Early Chinese Jades in the Harvard Art Museums (Cambridge, MA, 2019) pp. 92-95, cat. 7C"
entity:artifact:2:205136,bibliography,"Max Loehr and Louisa G. Fitzgerald Huber, Ancient Chinese Jades from the Grenville L. Winthrop Collection in the Fogg Art Museum, Harvard University (Cambridge, MA, Fogg Art Museum, 1975). cat. no. 196, p. 155"
entity:artifact:2:205137,bibliography,"Max Loehr and Louisa G. Fitzgerald Huber, Ancient Chinese Jades from the Grenville L. Winthrop Collection in the Fogg Art Museum, Harvard University (Cambridge, MA, Fogg Art Museum, 1975). cat. no. 55, p. 67 | Jenny So, Early Chinese Jades in the Harvard Art Museums (Cambridge, MA, 2019) p. 124, fig. 3"
entity:artifact:2:205138,bibliography,"Max Loehr and Louisa G. Fitzgerald Huber, Ancient Chinese Jades from the Grenville L. Winthrop Collection in the Fogg Art Museum, Harvard University (Cambridge, MA, Fogg Art Museum, 1975). cat. no. 214, p. 167"
entity:artifact:2:205139,bibliography,"Max Loehr and Louisa G. Fitzgerald Huber, Ancient Chinese Jades from the Grenville L. Winthrop Collection in the Fogg Art Museum, Harvard University (Cambridge, MA, Fogg Art Museum, 1975). cat. no. 495a, p. 336"
entity:artifact:2:205140,bibliography,"Max Loehr and Louisa G. Fitzgerald Huber, Ancient Chinese Jades from the Grenville L. Winthrop Collection in the Fogg Art Museum, Harvard University (Cambridge, MA, Fogg Art Museum, 1975). cat. no. 495b, p. 336"
entity:artifact:2:205141,bibliography,"Max Loehr and Louisa G. Fitzgerald Huber, Ancient Chinese Jades from the Grenville L. Winthrop Collection in the Fogg Art Museum, Harvard University (Cambridge, MA, Fogg Art Museum, 1975). cat. no. 115, p. 108"
entity:artifact:2:205142,bibliography,"Max Loehr and Louisa G. Fitzgerald Huber, Ancient Chinese Jades from the Grenville L. Winthrop Collection in the Fogg Art Museum, Harvard University (Cambridge, MA, Fogg Art Museum, 1975). cat. no. 21, p. 49"
entity:artifact:2:205143,bibliography,"Max Loehr and Louisa G. Fitzgerald Huber, Ancient Chinese Jades from the Grenville L. Winthrop Collection in the Fogg Art Museum, Harvard University (Cambridge, MA, Fogg Art Museum, 1975). cat. no. 240, p. 184"
entity:artifact:2:205144,bibliography,"Robert W. Bagley and Haicheng Wang, Art and Artistic Thinking in Ancient China, Asian Art Museum of San Francisco (San Francisco) fig. 11.126a-c | Dorothy W. Gillerman, ed., Grenville L. Winthrop: Retrospective for a Collector, exh. cat., Fogg Art Museum (Cambridge, 1969) no. 021, pp. 18-19, repr. | Max Loehr and Louisa G. Fitzgerald Huber, Ancient Chinese Jades from the Grenville L. Winthrop Collection in the Fogg Art Museum, Harvard University (Cambridge, MA, Fogg Art Museum, 1975). cat. no. 333, p. 222 | Jenny So, Early Chinese Jades in the Harvard Art Museums (Cambridge, MA, 2019) pp. 31-32, fig. 2.1; pp. 130-33, cat. 14C | Katherine Eremin, Angela Chang, and Ariel O'Connor, Jade in the Lab, Early Chinese jades in the Harvard Art Museums, Harvard Art Museum (Cambridge, Massachusetts, 2019), Pages 28-47 Figure 2.1 Page 32"
entity:artifact:2:205156,bibliography,"Jessica Chloros, ""An Investigation of Cobalt Pigment on Islamic Ceramics at the Harvard Art Museums"" (thesis (certificate in conservation), Straus Center for Conservation and Technical Studies, 2008), Unpublished pp. 1-41 passim"
entity:artifact:2:205162,bibliography,"Max Loehr and Louisa G. Fitzgerald Huber, Ancient Chinese Jades from the Grenville L. Winthrop Collection in the Fogg Art Museum, Harvard University (Cambridge, MA, Fogg Art Museum, 1975). cat. no. 48, p. 65"
entity:artifact:2:205163,bibliography,"Max Loehr and Louisa G. Fitzgerald Huber, Ancient Chinese Jades from the Grenville L. Winthrop Collection in the Fogg Art Museum, Harvard University (Cambridge, MA, Fogg Art Museum, 1975). cat. no. 50, p. 64"
entity:artifact:2:205164,bibliography,"Robert W. Bagley and Haicheng Wang, Art and Artistic Thinking in Ancient China, Asian Art Museum of San Francisco (San Francisco) fig. 4.25a | Max Loehr and Louisa G. Fitzgerald Huber, Ancient Chinese Jades from the Grenville L. Winthrop Collection in the Fogg Art Museum, Harvard University (Cambridge, MA, Fogg Art Museum, 1975). cat. no. 12, pp. 44-45"
entity:artifact:2:205165,bibliography,"Sueji Umehara, ed., Shina kogyoku zuroku (Selected Specimens of Chinese Archaic Jade), Kuwana Bunseido (Kyoto, Japan, 1955 (Shôwa 30)) pl. XXX, right | Dorothy W. Gillerman, ed., Grenville L. Winthrop: Retrospective for a Collector, exh. cat., Fogg Art Museum (Cambridge, 1969) no. 004, pp. 6-7, repr. | Max Loehr and Louisa G. Fitzgerald Huber, Ancient Chinese Jades from the Grenville L. Winthrop Collection in the Fogg Art Museum, Harvard University (Cambridge, MA, Fogg Art Museum, 1975). cat. no. 35, p. 57"
entity:artifact:2:205166,bibliography,"Max Loehr and Louisa G. Fitzgerald Huber, Ancient Chinese Jades from the Grenville L. Winthrop Collection in the Fogg Art Museum, Harvard University (Cambridge, MA, Fogg Art Museum, 1975). cat. no. 208, p. 163"
entity:artifact:2:205167,bibliography,"Max Loehr and Louisa G. Fitzgerald Huber, Ancient Chinese Jades from the Grenville L. Winthrop Collection in the Fogg Art Museum, Harvard University (Cambridge, MA, Fogg Art Museum, 1975). cat. no. 243, p. 186"
entity:artifact:2:205168,bibliography,"Max Loehr and Louisa G. Fitzgerald Huber, Ancient Chinese Jades from the Grenville L. Winthrop Collection in the Fogg Art Museum, Harvard University (Cambridge, MA, Fogg Art Museum, 1975). cat. no. 182, p. 140"
entity:artifact:2:205169,bibliography,"Max Loehr and Louisa G. Fitzgerald Huber, Ancient Chinese Jades from the Grenville L. Winthrop Collection in the Fogg Art Museum, Harvard University (Cambridge, MA, Fogg Art Museum, 1975). cat. no. 334, p. 222"
entity:artifact:2:205170,bibliography,"Max Loehr and Louisa G. Fitzgerald Huber, Ancient Chinese Jades from the Grenville L. Winthrop Collection in the Fogg Art Museum, Harvard University (Cambridge, MA, Fogg Art Museum, 1975). cat. no. 65, p. 73"
entity:artifact:2:205171,bibliography,"Max Loehr and Louisa G. Fitzgerald Huber, Ancient Chinese Jades from the Grenville L. Winthrop Collection in the Fogg Art Museum, Harvard University (Cambridge, MA, Fogg Art Museum, 1975). cat. no. 513a, p. 345"
entity:artifact:2:205172,bibliography,"Max Loehr and Louisa G. Fitzgerald Huber, Ancient Chinese Jades from the Grenville L. Winthrop Collection in the Fogg Art Museum, Harvard University (Cambridge, MA, Fogg Art Museum, 1975). cat. no. 361, p. 243"
entity:artifact:2:205185,bibliography,"Yutaka Mino, Freedom of Clay and Brush through Seven Centuries in Northern China: Tz'u-chou Type Wares, 960-1600 A.D., exh. cat., Indianapolis Museum of Art (Indianapolis, 1980) pp. 214-215, cat. 95"
entity:artifact:2:205187,bibliography,"Henry Trubner, Chinese Ceramics, from the prehistoric period through Ch'ien Lung: a loan exhibition from collections in America and Japan, exh. cat., Los Angeles County Museum (Los Angeles, CA, 1952) p. 85, no. 199"
entity:artifact:2:205188,bibliography,"Hope Gumprecht, ""An Investigation of Resist-Decorated Jizhou Ware"" (thesis (certificate in conservation), Straus Center for Conservation and Technical Studies, 1990), Unpublished pp. 1-12 passim"
entity:artifact:2:205191,bibliography,"Max Loehr and Louisa G. Fitzgerald Huber, Ancient Chinese Jades from the Grenville L. Winthrop Collection in the Fogg Art Museum, Harvard University (Cambridge, MA, Fogg Art Museum, 1975). cat. no. 37, p. 58"
entity:artifact:2:205192,bibliography,"Max Loehr and Louisa G. Fitzgerald Huber, Ancient Chinese Jades from the Grenville L. Winthrop Collection in the Fogg Art Museum, Harvard University (Cambridge, MA, Fogg Art Museum, 1975). cat. no. 338, p. 226"
entity:artifact:2:205193,bibliography,"Max Loehr and Louisa G. Fitzgerald Huber, Ancient Chinese Jades from the Grenville L. Winthrop Collection in the Fogg Art Museum, Harvard University (Cambridge, MA, Fogg Art Museum, 1975). cat. no. 52, p. 66"
entity:artifact:2:205194,bibliography,"Max Loehr and Louisa G. Fitzgerald Huber, Ancient Chinese Jades from the Grenville L. Winthrop Collection in the Fogg Art Museum, Harvard University (Cambridge, MA, Fogg Art Museum, 1975). cat. no. 60, p. 70"
entity:artifact:2:205195,bibliography,"Max Loehr and Louisa G. Fitzgerald Huber, Ancient Chinese Jades from the Grenville L. Winthrop Collection in the Fogg Art Museum, Harvard University (Cambridge, MA, Fogg Art Museum, 1975). cat. no. 372, p. 249 | Jenny So, Early Chinese Jades in the Harvard Art Museums (Cambridge, MA, 2019) pp. 228-9, 231, cat. 29A"
entity:artifact:2:205196,bibliography,"Max Loehr and Louisa G. Fitzgerald Huber, Ancient Chinese Jades from the Grenville L. Winthrop Collection in the Fogg Art Museum, Harvard University (Cambridge, MA, Fogg Art Museum, 1975). cat. no. 14, p. 46"
entity:artifact:2:205197,bibliography,"Max Loehr and Louisa G. Fitzgerald Huber, Ancient Chinese Jades from the Grenville L. Winthrop Collection in the Fogg Art Museum, Harvard University (Cambridge, MA, Fogg Art Museum, 1975). cat. no. 86, p. 83"
entity:artifact:2:205198,bibliography,"Max Loehr and Louisa G. Fitzgerald Huber, Ancient Chinese Jades from the Grenville L. Winthrop Collection in the Fogg Art Museum, Harvard University (Cambridge, MA, Fogg Art Museum, 1975). cat. no. 244, p. 186"
entity:artifact:2:205199,bibliography,"Max Loehr and Louisa G. Fitzgerald Huber, Ancient Chinese Jades from the Grenville L. Winthrop Collection in the Fogg Art Museum, Harvard University (Cambridge, MA, Fogg Art Museum, 1975). cat. no. 358, p. 240"
entity:artifact:2:205200,bibliography,"Dr. Minao Hayashi, ""Chugoku kodai saigyoku zuigyoku (Ceremonial jade in ancient China)"", Toho Gakuho (March 1969), no. 40 pl. 56: 4 | Max Loehr and Louisa G. Fitzgerald Huber, Ancient Chinese Jades from the Grenville L. Winthrop Collection in the Fogg Art Museum, Harvard University (Cambridge, MA, Fogg Art Museum, 1975). cat. no. 212, p. 166 | Jenny So, Early Chinese Jades in the Harvard Art Museums (Cambridge, MA, 2019) pp. 88-91, cat. 6C"
entity:artifact:2:205201,bibliography,"Max Loehr and Louisa G. Fitzgerald Huber, Ancient Chinese Jades from the Grenville L. Winthrop Collection in the Fogg Art Museum, Harvard University (Cambridge, MA, Fogg Art Museum, 1975). cat. no. 222, pp. 172-173"
entity:artifact:2:205220,bibliography,"Robert D. Mowry, Hare's Fur, Tortoiseshell, and Partridge Feathers: Chinese brown- and black-glazed ceramics, 400-1400, exh. cat., Harvard University Art Museums (Cambridge, MA, 1996) pp. 230-231, no. 89"
entity:artifact:2:205221,bibliography,"Max Loehr and Louisa G. Fitzgerald Huber, Ancient Chinese Jades from the Grenville L. Winthrop Collection in the Fogg Art Museum, Harvard University (Cambridge, MA, Fogg Art Museum, 1975). cat. no. 39, p. 59"
entity:artifact:2:205222,bibliography,"Max Loehr and Louisa G. Fitzgerald Huber, Ancient Chinese Jades from the Grenville L. Winthrop Collection in the Fogg Art Museum, Harvard University (Cambridge, MA, Fogg Art Museum, 1975). cat. no. 583, p. 404"
entity:artifact:2:205223,bibliography,"Max Loehr and Louisa G. Fitzgerald Huber, Ancient Chinese Jades from the Grenville L. Winthrop Collection in the Fogg Art Museum, Harvard University (Cambridge, MA, Fogg Art Museum, 1975). cat. no. 228, p. 175"
entity:artifact:2:205224,bibliography,"Max Loehr and Louisa G. Fitzgerald Huber, Ancient Chinese Jades from the Grenville L. Winthrop Collection in the Fogg Art Museum, Harvard University (Cambridge, MA, Fogg Art Museum, 1975). cat. no. 30, p. 55"
entity:artifact:2:205226,bibliography,"Max Loehr and Louisa G. Fitzgerald Huber, Ancient Chinese Jades from the Grenville L. Winthrop Collection in the Fogg Art Museum, Harvard University (Cambridge, MA, Fogg Art Museum, 1975). cat. no. 113, p. 107"
entity:artifact:2:205227,bibliography,"Max Loehr and Louisa G. Fitzgerald Huber, Ancient Chinese Jades from the Grenville L. Winthrop Collection in the Fogg Art Museum, Harvard University (Cambridge, MA, Fogg Art Museum, 1975). cat. no. 112, p. 106"
entity:artifact:2:205228,bibliography,"Dorothy W. Gillerman, ed., Grenville L. Winthrop: Retrospective for a Collector, exh. cat., Fogg Art Museum (Cambridge, 1969) no. 024, pp. 20-21, repr. | Max Loehr and Louisa G. Fitzgerald Huber, Ancient Chinese Jades from the Grenville L. Winthrop Collection in the Fogg Art Museum, Harvard University (Cambridge, MA, Fogg Art Museum, 1975). cat. no. 373a, p. 250 | Jenny So, Early Chinese Jades in the Harvard Art Museums (Cambridge, MA, 2019) pp. 228, 230-31, cat. 29B"
entity:artifact:2:205229,bibliography,"Dorothy W. Gillerman, ed., Grenville L. Winthrop: Retrospective for a Collector, exh. cat., Fogg Art Museum (Cambridge, 1969) no. 020, pp. 18-19, repr. | Max Loehr and Louisa G. Fitzgerald Huber, Ancient Chinese Jades from the Grenville L. Winthrop Collection in the Fogg Art Museum, Harvard University (Cambridge, MA, Fogg Art Museum, 1975). cat. no. 114, p. 107 | Jenny So, Early Chinese Jades in the Harvard Art Museums (Cambridge, MA, 2019) pp. 130-32, cat. 14B"
entity:artifact:2:205230,bibliography,"Max Loehr and Louisa G. Fitzgerald Huber, Ancient Chinese Jades from the Grenville L. Winthrop Collection in the Fogg Art Museum, Harvard University (Cambridge, MA, Fogg Art Museum, 1975). cat. no. 379, p. 253 | Jenny So, Early Chinese Jades in the Harvard Art Museums (Cambridge, MA, 2019) pp. 178, 181-83, cat. 23C"
entity:artifact:2:205231,bibliography,"Max Loehr and Louisa G. Fitzgerald Huber, Ancient Chinese Jades from the Grenville L. Winthrop Collection in the Fogg Art Museum, Harvard University (Cambridge, MA, Fogg Art Museum, 1975). cat. no. 116, p. 108"
entity:artifact:2:205240,bibliography,"Hang Tian, Xixia Ciqi [Xixia Ceramics], Wenwu chubanshe (Beijing, 2010) TB3002, pp. 314-315"
entity:artifact:2:205243,bibliography,"Hope Gumprecht, ""An Investigation of Resist-Decorated Jizhou Ware"" (thesis (certificate in conservation), Straus Center for Conservation and Technical Studies, 1990), Unpublished pp. 1-12 passim"
entity:artifact:2:205244,bibliography,"Hope Gumprecht, ""An Investigation of Resist-Decorated Jizhou Ware"" (thesis (certificate in conservation), Straus Center for Conservation and Technical Studies, 1990), Unpublished pp. 1-12 passim"
entity:artifact:2:205249,bibliography,"Alfred Salmony and Florance Waterbury, Chinese Jade Through the Wei Dynasty, Ronald Press (New York, NY, 1963) pl. 10: 2 | Dr. Minao Hayashi, ""Chugoku kodai saigyoku zuigyoku (Ceremonial jade in ancient China)"", Toho Gakuho (March 1969), no. 40 pl. 54: 4 | Takayasu Higuchi, ed., Chugoku bijutsu, dai 4-kan (Chinese Art in Western Collections vol. 4: Bronze and Jade), Kodansha (Tokyo, Japan, 1973) pl. 100 | Max Loehr and Louisa G. Fitzgerald Huber, Ancient Chinese Jades from the Grenville L. Winthrop Collection in the Fogg Art Museum, Harvard University (Cambridge, MA, Fogg Art Museum, 1975). cat. no. 213, p. 166"
entity:artifact:2:205250,bibliography,"Sueji Umehara, ed., Shina kogyoku zuroku (Selected Specimens of Chinese Archaic Jade), Kuwana Bunseido (Kyoto, Japan, 1955 (Shôwa 30)) pl. 37 left | Max Loehr and Louisa G. Fitzgerald Huber, Ancient Chinese Jades from the Grenville L. Winthrop Collection in the Fogg Art Museum, Harvard University (Cambridge, MA, Fogg Art Museum, 1975). cat. no. 225, p. 174"
entity:artifact:2:205251,bibliography,"Max Loehr and Louisa G. Fitzgerald Huber, Ancient Chinese Jades from the Grenville L. Winthrop Collection in the Fogg Art Museum, Harvard University (Cambridge, MA, Fogg Art Museum, 1975). cat. no. 226, p. 174"
entity:artifact:2:205252,bibliography,"Max Loehr and Louisa G. Fitzgerald Huber, Ancient Chinese Jades from the Grenville L. Winthrop Collection in the Fogg Art Museum, Harvard University (Cambridge, MA, Fogg Art Museum, 1975). cat. no. 223, pp. 172-173 | Jenny So, Early Chinese Jades in the Harvard Art Museums (Cambridge, MA, 2019) pp. 92-94, cat. 7B"
entity:artifact:2:205253,bibliography,"Max Loehr and Louisa G. Fitzgerald Huber, Ancient Chinese Jades from the Grenville L. Winthrop Collection in the Fogg Art Museum, Harvard University (Cambridge, MA, Fogg Art Museum, 1975). cat. no. 224, p. 173"
entity:artifact:2:205254,bibliography,"Max Loehr and Louisa G. Fitzgerald Huber, Ancient Chinese Jades from the Grenville L. Winthrop Collection in the Fogg Art Museum, Harvard University (Cambridge, MA, Fogg Art Museum, 1975). cat. no. 219, pp. 170-171"
entity:artifact:2:205255,bibliography,"Max Loehr and Louisa G. Fitzgerald Huber, Ancient Chinese Jades from the Grenville L. Winthrop Collection in the Fogg Art Museum, Harvard University (Cambridge, MA, Fogg Art Museum, 1975). cat. no. 341, p. 228"
entity:artifact:2:205256,bibliography,"Max Loehr and Louisa G. Fitzgerald Huber, Ancient Chinese Jades from the Grenville L. Winthrop Collection in the Fogg Art Museum, Harvard University (Cambridge, MA, Fogg Art Museum, 1975). cat. no. 216, p. 168"
entity:artifact:2:205257,bibliography,"Max Loehr and Louisa G. Fitzgerald Huber, Ancient Chinese Jades from the Grenville L. Winthrop Collection in the Fogg Art Museum, Harvard University (Cambridge, MA, Fogg Art Museum, 1975). cat. no. 344, p. 230"
entity:artifact:2:205258,bibliography,"Max Loehr and Louisa G. Fitzgerald Huber, Ancient Chinese Jades from the Grenville L. Winthrop Collection in the Fogg Art Museum, Harvard University (Cambridge, MA, Fogg Art Museum, 1975). cat. no. 550, p. 383"
entity:artifact:2:205259,bibliography,"Max Loehr and Louisa G. Fitzgerald Huber, Ancient Chinese Jades from the Grenville L. Winthrop Collection in the Fogg Art Museum, Harvard University (Cambridge, MA, Fogg Art Museum, 1975). cat. no. 110, p. 106"
entity:artifact:2:205260,bibliography,"Max Loehr and Louisa G. Fitzgerald Huber, Ancient Chinese Jades from the Grenville L. Winthrop Collection in the Fogg Art Museum, Harvard University (Cambridge, MA, Fogg Art Museum, 1975). cat. no. 69a, p. 74"
entity:artifact:2:205261,bibliography,"Dorothy W. Gillerman, ed., Grenville L. Winthrop: Retrospective for a Collector, exh. cat., Fogg Art Museum (Cambridge, 1969) no. 011, pp. 12-13, repr. | Max Loehr and Louisa G. Fitzgerald Huber, Ancient Chinese Jades from the Grenville L. Winthrop Collection in the Fogg Art Museum, Harvard University (Cambridge, MA, Fogg Art Museum, 1975). cat. no. 210, p. 164"
entity:artifact:2:205263,bibliography,"Dorothy W. Gillerman, ed., Grenville L. Winthrop: Retrospective for a Collector, exh. cat., Fogg Art Museum (Cambridge, 1969) no. 012, pp. 12-13, repr. | Max Loehr and Louisa G. Fitzgerald Huber, Ancient Chinese Jades from the Grenville L. Winthrop Collection in the Fogg Art Museum, Harvard University (Cambridge, MA, Fogg Art Museum, 1975). cat. no. 221, p. 171"
entity:artifact:2:205264,bibliography,"Max Loehr and Louisa G. Fitzgerald Huber, Ancient Chinese Jades from the Grenville L. Winthrop Collection in the Fogg Art Museum, Harvard University (Cambridge, MA, Fogg Art Museum, 1975). cat. no. 198, pp. 156-157"
entity:artifact:2:205265,bibliography,"Max Loehr and Louisa G. Fitzgerald Huber, Ancient Chinese Jades from the Grenville L. Winthrop Collection in the Fogg Art Museum, Harvard University (Cambridge, MA, Fogg Art Museum, 1975). cat. no. 199, pp. 156-157"
entity:artifact:2:205266,bibliography,"Max Loehr and Louisa G. Fitzgerald Huber, Ancient Chinese Jades from the Grenville L. Winthrop Collection in the Fogg Art Museum, Harvard University (Cambridge, MA, Fogg Art Museum, 1975). cat. no. 211, p. 165"
entity:artifact:2:205267,bibliography,"Max Loehr and Louisa G. Fitzgerald Huber, Ancient Chinese Jades from the Grenville L. Winthrop Collection in the Fogg Art Museum, Harvard University (Cambridge, MA, Fogg Art Museum, 1975). cat. no. 498, p. 338 | Jenny So, Early Chinese Jades in the Harvard Art Museums (Cambridge, MA, 2019) pp. 228, 231-33, cat. 29C"
entity:artifact:2:205268,bibliography,"Max Loehr and Louisa G. Fitzgerald Huber, Ancient Chinese Jades from the Grenville L. Winthrop Collection in the Fogg Art Museum, Harvard University (Cambridge, MA, Fogg Art Museum, 1975). cat. no. 167b, p. 133"
entity:artifact:2:205269,bibliography,"Max Loehr and Louisa G. Fitzgerald Huber, Ancient Chinese Jades from the Grenville L. Winthrop Collection in the Fogg Art Museum, Harvard University (Cambridge, MA, Fogg Art Museum, 1975). cat. no. 104, p. 101"
entity:artifact:2:205270,bibliography,"Max Loehr and Louisa G. Fitzgerald Huber, Ancient Chinese Jades from the Grenville L. Winthrop Collection in the Fogg Art Museum, Harvard University (Cambridge, MA, Fogg Art Museum, 1975). cat. no. 582, p. 401"
entity:artifact:2:205271,bibliography,"Max Loehr and Louisa G. Fitzgerald Huber, Ancient Chinese Jades from the Grenville L. Winthrop Collection in the Fogg Art Museum, Harvard University (Cambridge, MA, Fogg Art Museum, 1975). cat. no. 509, p. 344 | Jenny So, Early Chinese Jades in the Harvard Art Museums (Cambridge, MA, 2019) pp. 240, 242, cat. 32C"
entity:artifact:2:205272,bibliography,"Max Loehr and Louisa G. Fitzgerald Huber, Ancient Chinese Jades from the Grenville L. Winthrop Collection in the Fogg Art Museum, Harvard University (Cambridge, MA, Fogg Art Museum, 1975). cat. no. 360, p. 242"
entity:artifact:2:205273,bibliography,"Max Loehr and Louisa G. Fitzgerald Huber, Ancient Chinese Jades from the Grenville L. Winthrop Collection in the Fogg Art Museum, Harvard University (Cambridge, MA, Fogg Art Museum, 1975). cat. no. 56, p. 68"
entity:artifact:2:205274,bibliography,"Sueji Umehara, ed., Shina kogyoku zuroku (Selected Specimens of Chinese Archaic Jade), Kuwana Bunseido (Kyoto, Japan, 1955 (Shôwa 30)) pl. 35 left | Max Loehr and Louisa G. Fitzgerald Huber, Ancient Chinese Jades from the Grenville L. Winthrop Collection in the Fogg Art Museum, Harvard University (Cambridge, MA, Fogg Art Museum, 1975). cat. no. 45, p. 63"
entity:artifact:2:205275,bibliography,"Max Loehr and Louisa G. Fitzgerald Huber, Ancient Chinese Jades from the Grenville L. Winthrop Collection in the Fogg Art Museum, Harvard University (Cambridge, MA, Fogg Art Museum, 1975). cat. no. 227, p. 175"
entity:artifact:2:205276,bibliography,"Max Loehr and Louisa G. Fitzgerald Huber, Ancient Chinese Jades from the Grenville L. Winthrop Collection in the Fogg Art Museum, Harvard University (Cambridge, MA, Fogg Art Museum, 1975). cat. no. 342, p. 229"
entity:artifact:2:205277,bibliography,"Max Loehr and Louisa G. Fitzgerald Huber, Ancient Chinese Jades from the Grenville L. Winthrop Collection in the Fogg Art Museum, Harvard University (Cambridge, MA, Fogg Art Museum, 1975). cat. no. 340, p. 228"
entity:artifact:2:205278,bibliography,"Max Loehr and Louisa G. Fitzgerald Huber, Ancient Chinese Jades from the Grenville L. Winthrop Collection in the Fogg Art Museum, Harvard University (Cambridge, MA, Fogg Art Museum, 1975). cat. no. 218, pp. 168-169"
entity:artifact:2:205279,bibliography,"Max Loehr and Louisa G. Fitzgerald Huber, Ancient Chinese Jades from the Grenville L. Winthrop Collection in the Fogg Art Museum, Harvard University (Cambridge, MA, Fogg Art Museum, 1975). cat. no. 359, p. 241"
entity:artifact:2:205280,bibliography,"Max Loehr and Louisa G. Fitzgerald Huber, Ancient Chinese Jades from the Grenville L. Winthrop Collection in the Fogg Art Museum, Harvard University (Cambridge, MA, Fogg Art Museum, 1975). cat. no. 169, p. 135 | Jenny So, Early Chinese Jades in the Harvard Art Museums (Cambridge, MA, 2019) pp. 114-15, cat. 9"
entity:artifact:2:205281,bibliography,"Max Loehr and Louisa G. Fitzgerald Huber, Ancient Chinese Jades from the Grenville L. Winthrop Collection in the Fogg Art Museum, Harvard University (Cambridge, MA, Fogg Art Museum, 1975). cat. no. 19, p. 49"
entity:artifact:2:205282,bibliography,"Max Loehr and Louisa G. Fitzgerald Huber, Ancient Chinese Jades from the Grenville L. Winthrop Collection in the Fogg Art Museum, Harvard University (Cambridge, MA, Fogg Art Museum, 1975). cat. no. 246, p. 188 | Jenny So, Early Chinese Jades in the Harvard Art Museums (Cambridge, MA, 2019) p. 87, fig. 2"
entity:artifact:2:205283,bibliography,"Max Loehr and Louisa G. Fitzgerald Huber, Ancient Chinese Jades from the Grenville L. Winthrop Collection in the Fogg Art Museum, Harvard University (Cambridge, MA, Fogg Art Museum, 1975). cat. no. 327, p. 219"
entity:artifact:2:205284,bibliography,"Max Loehr and Louisa G. Fitzgerald Huber, Ancient Chinese Jades from the Grenville L. Winthrop Collection in the Fogg Art Museum, Harvard University (Cambridge, MA, Fogg Art Museum, 1975). cat. no. 31, p. 55"
entity:artifact:2:205285,bibliography,"Max Loehr and Louisa G. Fitzgerald Huber, Ancient Chinese Jades from the Grenville L. Winthrop Collection in the Fogg Art Museum, Harvard University (Cambridge, MA, Fogg Art Museum, 1975). cat. no. 51, p. 65"
entity:artifact:2:205286,bibliography,"Max Loehr and Louisa G. Fitzgerald Huber, Ancient Chinese Jades from the Grenville L. Winthrop Collection in the Fogg Art Museum, Harvard University (Cambridge, MA, Fogg Art Museum, 1975). cat. no. 57, p. 68 | Jenny So, Early Chinese Jades in the Harvard Art Museums (Cambridge, MA, 2019) pp. 122, 124, fig. 2"
entity:artifact:2:205287,bibliography,"Dorothy W. Gillerman, ed., Grenville L. Winthrop: Retrospective for a Collector, exh. cat., Fogg Art Museum (Cambridge, 1969) no. 003, pp. 6-7, repr. | Max Loehr and Louisa G. Fitzgerald Huber, Ancient Chinese Jades from the Grenville L. Winthrop Collection in the Fogg Art Museum, Harvard University (Cambridge, MA, Fogg Art Museum, 1975). cat. no. 29, p. 54 | Jenny So, Early Chinese Jades in the Harvard Art Museums (Cambridge, MA, 2019) pp. 126-129, cat. 13"
entity:artifact:2:205288,bibliography,"Max Loehr and Louisa G. Fitzgerald Huber, Ancient Chinese Jades from the Grenville L. Winthrop Collection in the Fogg Art Museum, Harvard University (Cambridge, MA, Fogg Art Museum, 1975). cat. no. 206, p. 161"
entity:artifact:2:205289,bibliography,"Max Loehr and Louisa G. Fitzgerald Huber, Ancient Chinese Jades from the Grenville L. Winthrop Collection in the Fogg Art Museum, Harvard University (Cambridge, MA, Fogg Art Museum, 1975). cat. no. 40, p. 60"
entity:artifact:2:205291,bibliography,"Max Loehr and Louisa G. Fitzgerald Huber, Ancient Chinese Jades from the Grenville L. Winthrop Collection in the Fogg Art Museum, Harvard University (Cambridge, MA, Fogg Art Museum, 1975). cat. no. 381a, p. 254 | Jenny So, Early Chinese Jades in the Harvard Art Museums (Cambridge, MA, 2019) pp. 178, 180, 182-83, cat. 23B"
entity:artifact:2:205292,bibliography,"Max Loehr and Louisa G. Fitzgerald Huber, Ancient Chinese Jades from the Grenville L. Winthrop Collection in the Fogg Art Museum, Harvard University (Cambridge, MA, Fogg Art Museum, 1975). cat. no. 381b, p. 254 | Jenny So, Early Chinese Jades in the Harvard Art Museums (Cambridge, MA, 2019)"
entity:artifact:2:205293,bibliography,"Max Loehr and Louisa G. Fitzgerald Huber, Ancient Chinese Jades from the Grenville L. Winthrop Collection in the Fogg Art Museum, Harvard University (Cambridge, MA, Fogg Art Museum, 1975). cat. no. 166, p. 133"
entity:artifact:2:205294,bibliography,"Max Loehr and Louisa G. Fitzgerald Huber, Ancient Chinese Jades from the Grenville L. Winthrop Collection in the Fogg Art Museum, Harvard University (Cambridge, MA, Fogg Art Museum, 1975). cat. no. 281, p. 203"
entity:artifact:2:205295,bibliography,"Max Loehr and Louisa G. Fitzgerald Huber, Ancient Chinese Jades from the Grenville L. Winthrop Collection in the Fogg Art Museum, Harvard University (Cambridge, MA, Fogg Art Museum, 1975). cat. no. 616, p. 422"
entity:artifact:2:205296,bibliography,"Max Loehr and Louisa G. Fitzgerald Huber, Ancient Chinese Jades from the Grenville L. Winthrop Collection in the Fogg Art Museum, Harvard University (Cambridge, MA, Fogg Art Museum, 1975). cat. no. 384, p. 257"
entity:artifact:2:205297,bibliography,"Robert W. Bagley and Haicheng Wang, Art and Artistic Thinking in Ancient China, Asian Art Museum of San Francisco (San Francisco) fig. 9.62 | Max Loehr and Louisa G. Fitzgerald Huber, Ancient Chinese Jades from the Grenville L. Winthrop Collection in the Fogg Art Museum, Harvard University (Cambridge, MA, Fogg Art Museum, 1975). cat. no. 41, p. 60 | Jenny So, Early Chinese Jades in the Harvard Art Museums (Cambridge, MA, 2019) pp. 122, 124, fig. 1"
entity:artifact:2:205298,bibliography,"Max Loehr and Louisa G. Fitzgerald Huber, Ancient Chinese Jades from the Grenville L. Winthrop Collection in the Fogg Art Museum, Harvard University (Cambridge, MA, Fogg Art Museum, 1975). cat. no. 47, p. 64"
entity:artifact:2:205299,bibliography,"Max Loehr and Louisa G. Fitzgerald Huber, Ancient Chinese Jades from the Grenville L. Winthrop Collection in the Fogg Art Museum, Harvard University (Cambridge, MA, Fogg Art Museum, 1975). cat. no. 215, p. 167"
entity:artifact:2:205300,bibliography,"Max Loehr and Louisa G. Fitzgerald Huber, Ancient Chinese Jades from the Grenville L. Winthrop Collection in the Fogg Art Museum, Harvard University (Cambridge, MA, Fogg Art Museum, 1975). cat. no. 197, p. 156"
entity:artifact:2:205301,bibliography,"Max Loehr and Louisa G. Fitzgerald Huber, Ancient Chinese Jades from the Grenville L. Winthrop Collection in the Fogg Art Museum, Harvard University (Cambridge, MA, Fogg Art Museum, 1975). cat. no. 309, p. 211 | Jenny So, Early Chinese Jades in the Harvard Art Museums (Cambridge, MA, 2019) pp. 166-69, cat. 20C"
entity:artifact:2:205302,bibliography,"Max Loehr and Louisa G. Fitzgerald Huber, Ancient Chinese Jades from the Grenville L. Winthrop Collection in the Fogg Art Museum, Harvard University (Cambridge, MA, Fogg Art Museum, 1975). cat. no. 241, p. 184"
entity:artifact:2:205303,bibliography,"Jenny So, Early Chinese Jades in the Harvard Art Museums (Cambridge, MA, 2019) pp. 319-9, cat. 46"
entity:artifact:2:205330,bibliography,"George J. Lee, ""Numbered Chün Ware"", Transactions of the Oriental Ceramic Society, Oriental Ceramics Society (London, 1945-1946), Vol. 21, pp. 53-63 n.p., plate 17 (bottom) | Kristin A. Mortimer and William G. Klingelhofer, Harvard University Art Museums: A Guide to the Collections, Harvard University Art Museums and Abbeville Press (Cambridge and New York, 1986) no. 41, p. 42"
entity:artifact:2:205331,bibliography,"Rose Kerr, Dazzling Official Jun Wares: From Museums and Collections Around the World, ACC Art Books (Hong Kong, 2021) p. 127, no. 81"
entity:artifact:2:205332,bibliography,"Rose Kerr, Dazzling Official Jun Wares: From Museums and Collections Around the World, ACC Art Books (Hong Kong, 2021) p. 26, no. 9"
entity:artifact:2:205337,bibliography,"Valentine Talland, ""Technical Examination of Southern Chinese Chien Ware and Japanese Copies in the Harvard University Art Museums Collection"" (thesis (certificate in conservation), Straus Center for Conservation and Technical Studies, 1988), Unpublished pp. 1-21 passim"
entity:artifact:2:205338,bibliography,"Eva Sander, ""A Comparative Study of Northern Dark-Glazed Stoneware Bowls from the Song Dynasty"" (thesis (certificate in conservation), Straus Center for Conservation and Technical Studies, August 1987), Unpublished pp. 1-14 passim | Robert D. Mowry, Hare's Fur, Tortoiseshell, and Partridge Feathers: Chinese brown- and black-glazed ceramics, 400-1400, exh. cat., Harvard University Art Museums (Cambridge, MA, 1996) pp. 140-142, no. 37a"
entity:artifact:2:205339,bibliography,"Henry Trubner, Chinese Ceramics, from the prehistoric period through Ch'ien Lung: a loan exhibition from collections in America and Japan, exh. cat., Los Angeles County Museum (Los Angeles, CA, 1952) p. 85, no. 201 | Robert D. Mowry, Hare's Fur, Tortoiseshell, and Partridge Feathers: Chinese brown- and black-glazed ceramics, 400-1400, exh. cat., Harvard University Art Museums (Cambridge, MA, 1996) pp. 140-142, no. 37b"
entity:artifact:2:205340,bibliography,"Eva Sander, ""A Comparative Study of Northern Dark-Glazed Stoneware Bowls from the Song Dynasty"" (thesis (certificate in conservation), Straus Center for Conservation and Technical Studies, August 1987), Unpublished pp. 1-14 passim | Robert D. Mowry, Hare's Fur, Tortoiseshell, and Partridge Feathers: Chinese brown- and black-glazed ceramics, 400-1400, exh. cat., Harvard University Art Museums (Cambridge, MA, 1996) pp. 152-153, no. 45a"
entity:artifact:2:205341,bibliography,"Rose Kerr, Dazzling Official Jun Wares: From Museums and Collections Around the World, ACC Art Books (Hong Kong, 2021) pp. 156-157, no. 100"
entity:artifact:2:205342,bibliography,"George J. Lee, ""Numbered Chün Ware"", Transactions of the Oriental Ceramic Society, Oriental Ceramics Society (London, 1945-1946), Vol. 21, pp. 53-63 n.p., plate 15 | Henry Trubner, Chinese Ceramics, from the prehistoric period through Ch'ien Lung: a loan exhibition from collections in America and Japan, exh. cat., Los Angeles County Museum (Los Angeles, CA, 1952) p. 71, no. 122 | Rose Kerr, Dazzling Official Jun Wares: From Museums and Collections Around the World, ACC Art Books (Hong Kong, 2021) pp. 136-137, no. 87"
entity:artifact:2:205343,bibliography,"Rose Kerr, Dazzling Official Jun Wares: From Museums and Collections Around the World, ACC Art Books (Hong Kong, 2021) pp. 108-109, no. 69"
entity:artifact:2:205344,bibliography,"Tony Sigel, Core-drill sampling with the Sherline milling machine, Core-drill sampling with the Sherline milling machine, ed. Emily Hamilton and Kari Dodson, American Institute for Conservation (https://resources.culturalheritage.org/osg-postprints/v23/sigel/, 2016), 23, Pages 309-321 Figure 4, Page 313; Figure 6, Page 314; Figure 8, Page 315; Figure 9, Page 316; Figure 10, Page 316; figure 11, Page 317; Figure 12, Page 317 | Rose Kerr, Dazzling Official Jun Wares: From Museums and Collections Around the World, ACC Art Books (Hong Kong, 2021) p. 105, no. 66"
entity:artifact:2:205345,bibliography,"Rose Kerr, Dazzling Official Jun Wares: From Museums and Collections Around the World, ACC Art Books (Hong Kong, 2021) pp. 272-273, no. 182"
entity:artifact:2:205346,bibliography,"Rose Kerr, Dazzling Official Jun Wares: From Museums and Collections Around the World, ACC Art Books (Hong Kong, 2021) pp. 276-277, no. 184"
entity:artifact:2:205347,bibliography,"Rose Kerr, Dazzling Official Jun Wares: From Museums and Collections Around the World, ACC Art Books (Hong Kong, 2021) p. 225, no. 147"
entity:artifact:2:205349,bibliography,"Japan Society, Chinese, Corean and Japanese Potteries, exh. cat., Japan Society (New York, NY, 1914) p. 82, no. 292 | Cleveland Museum of Art, Catalogue of the Inaugural Exhibition, exh. cat., Cleveland Museum of Art (Cleveland, OH, 1916) p. 189, no. 98"
entity:artifact:2:205352,bibliography,"Rose Kerr, Dazzling Official Jun Wares: From Museums and Collections Around the World, ACC Art Books (Hong Kong, 2021) p. 271, no. 181"
entity:artifact:2:205355,bibliography,"Henry Trubner, Chinese Ceramics, from the prehistoric period through Ch'ien Lung: a loan exhibition from collections in America and Japan, exh. cat., Los Angeles County Museum (Los Angeles, CA, 1952) p. 72, no. 127 | Rose Kerr, Dazzling Official Jun Wares: From Museums and Collections Around the World, ACC Art Books (Hong Kong, 2021) p. 283, no. 190"
entity:artifact:2:205356,bibliography,"Henry Trubner, Chinese Ceramics, from the prehistoric period through Ch'ien Lung: a loan exhibition from collections in America and Japan, exh. cat., Los Angeles County Museum (Los Angeles, CA, 1952) p. 72, no. 128 | Koyama Fujio, ed., Chinese Ceramics: One Hundred Selected Masterpieces from Collections in Japan, England, France, and America, exh. cat. (Tokyo, 1960) plate 45; p. 34, fig. 32; p. 46"
entity:artifact:2:205357,bibliography,"Rose Kerr, Dazzling Official Jun Wares: From Museums and Collections Around the World, ACC Art Books (Hong Kong, 2021) p. 25, no. 8"
entity:artifact:2:205358,bibliography,"Rose Kerr, Dazzling Official Jun Wares: From Museums and Collections Around the World, ACC Art Books (Hong Kong, 2021) p. 23, no. 6"
entity:artifact:2:205360,bibliography,"Rose Kerr, Dazzling Official Jun Wares: From Museums and Collections Around the World, ACC Art Books (Hong Kong, 2021) p. 30, no. 11"
entity:artifact:2:205361,bibliography,"Sara Moy, ""Why Are They Blue?: A Technical Analysis of Chinese Green and Blue Glazed Celadons"" (thesis (certificate in conservation), Straus Center for Conservation and Technical Studies, 2001), Unpublished pp. 1-48 passim | Lucy Cooper, Susan Costello, Katherine Eremin, Melissa Moy, Kathy King, Marc Walton, Emeline Pouyet Pouyet, Andrew Shortland, and Laure Dussubieux, Numbered Jun Ware - A Technical Study, Journal of the American Institute for Conservation, American Institute for Conservation (10.1080/01971360.2020.1748971, November 19, 2020), 60, 4, Pages 255-268 Figure 2, Page 257 | Lucy Cooper, Susan Costello, Katherine Eremin, Melissa Moy, Kathy King, Marc S. Walton, Emeline Pouyet Pouyet, Andrew Shortland, and Laure Dussubieux, ""Numbered Jun Ware – a technical study"", Journal of the American Institute for Conservation (2021), vol. 60, no. 4, pp. 255-268 p. 257, fig. 2 | Rose Kerr, Dazzling Official Jun Wares: From Museums and Collections Around the World, ACC Art Books (Hong Kong, 2021) p. 66, no. 39"
entity:artifact:2:205362,bibliography,"""China's Coveted Stone in a Striking Show"", Asia Magazine, Asia Society Museum (New York, Sep-Oct 1980) p. 22"
entity:artifact:2:205364,bibliography,"Valentine Talland, ""Technical Examination of Southern Chinese Chien Ware and Japanese Copies in the Harvard University Art Museums Collection"" (thesis (certificate in conservation), Straus Center for Conservation and Technical Studies, 1988), Unpublished pp. 1-21 passim"
entity:artifact:2:205365,bibliography,"Robert D. Mowry, Hare's Fur, Tortoiseshell, and Partridge Feathers: Chinese brown- and black-glazed ceramics, 400-1400, exh. cat., Harvard University Art Museums (Cambridge, MA, 1996) pp. 121-122, no. 22"
entity:artifact:2:205370,bibliography,"Illustrated Catalogue of an Extraordinary Collection of Imperial Jades and Other Beautiful Objects ... : mostly from the private collection of the late Captain J.F. Peel ... to be sold at unrestricted public sale by order of Messrs. Yamanaka & Co. .., auct. cat., American Art Association (New York, NY, 1912) no. 190"
entity:artifact:2:205371,bibliography,"Illustrated Catalogue of an Exhibition of Oriental Art Treasures ; exhibited at the Yamanaka gallery, Boston, Mass., Dec., 1916, auct. cat., Yamanaka & Co. (Boston, Mass., 1916) p. 16, no. 56, pl. XI | ""China's Coveted Stone in a Striking Show"", Asia Magazine, Asia Society Museum (New York, Sep-Oct 1980) pp. 20-21 | James C.Y. Watt, ""Jades for the Scholar's Desk"", Orientations (Hong Kong, February 1981) pp. 36-37"
entity:artifact:2:205381,bibliography,"Illustrated Catalogue of an Extraordinary Collection of Imperial Jades and Other Beautiful Objects ... : mostly from the private collection of the late Captain J.F. Peel ... to be sold at unrestricted public sale by order of Messrs. Yamanaka & Co. .., auct. cat., American Art Association (New York, NY, 1912) no. 225 (illustrated right)"
entity:artifact:2:205382,bibliography,"Illustrated Catalogue of an Extraordinary Collection of Imperial Jades and Other Beautiful Objects ... : mostly from the private collection of the late Captain J.F. Peel ... to be sold at unrestricted public sale by order of Messrs. Yamanaka & Co. .., auct. cat., American Art Association (New York, NY, 1912) no. 225 (illustrated left)"
entity:artifact:2:205383,bibliography,"Illustrated Catalogue of an Extraordinary Collection of Imperial Jades and Other Beautiful Objects ... : mostly from the private collection of the late Captain J.F. Peel ... to be sold at unrestricted public sale by order of Messrs. Yamanaka & Co. .., auct. cat., American Art Association (New York, NY, 1912) no. 225 (illustrated left)"
entity:artifact:2:205389,bibliography,"Illustrated Catalogue of an Extraordinary Collection of Imperial Jades and Other Beautiful Objects ... : mostly from the private collection of the late Captain J.F. Peel ... to be sold at unrestricted public sale by order of Messrs. Yamanaka & Co. .., auct. cat., American Art Association (New York, NY, 1912) no. 219 (illustrated with implements)"
entity:artifact:2:205390,bibliography,"Illustrated Catalogue of an Extraordinary Collection of Imperial Jades and Other Beautiful Objects ... : mostly from the private collection of the late Captain J.F. Peel ... to be sold at unrestricted public sale by order of Messrs. Yamanaka & Co. .., auct. cat., American Art Association (New York, NY, 1912) no. 220 (illustrated with brush holder and other implements)"
entity:artifact:2:205391,bibliography,"Illustrated Catalogue of an Extraordinary Collection of Imperial Jades and Other Beautiful Objects ... : mostly from the private collection of the late Captain J.F. Peel ... to be sold at unrestricted public sale by order of Messrs. Yamanaka & Co. .., auct. cat., American Art Association (New York, NY, 1912) no. 220 (illustrated with brush holder and other implements)"
entity:artifact:2:205396,bibliography,"Jenny So, Early Chinese Jades in the Harvard Art Museums (Cambridge, MA, 2019) pp. 312-3,  fig. 8.6"
entity:artifact:2:205401,bibliography,"Valentine Talland, ""Technical Examination of Southern Chinese Chien Ware and Japanese Copies in the Harvard University Art Museums Collection"" (thesis (certificate in conservation), Straus Center for Conservation and Technical Studies, 1988), Unpublished pp. 1-21 passim"
entity:artifact:2:205404,bibliography,"Mount Holyoke Friends of Art, Chinese Art: A Loan Exhibition Presented by the Mount Holyoke Friends of Art in honor of the John Martyn Warbeke Fund for Oriental Art, exh. cat. (1960) cat. 59"
entity:artifact:2:205405,bibliography,"Illustrated Catalogue of an Extraordinary Collection of Imperial Jades and Other Beautiful Objects ... : mostly from the private collection of the late Captain J.F. Peel ... to be sold at unrestricted public sale by order of Messrs. Yamanaka & Co. .., auct. cat., American Art Association (New York, NY, 1912) no. 221"
entity:artifact:2:205407,bibliography,"Illustrated Catalogue of an Extraordinary Collection of Imperial Jades and Other Beautiful Objects ... : mostly from the private collection of the late Captain J.F. Peel ... to be sold at unrestricted public sale by order of Messrs. Yamanaka & Co. .., auct. cat., American Art Association (New York, NY, 1912) no. 220 (illustrated with implements) | Jenny So, Early Chinese Jades in the Harvard Art Museums (Cambridge, MA, 2019) pp. 20-21, fig. 1.4"
entity:artifact:2:205412,bibliography,"Illustrated Catalogue of an Extraordinary Collection of Imperial Jades and Other Beautiful Objects ... : mostly from the private collection of the late Captain J.F. Peel ... to be sold at unrestricted public sale by order of Messrs. Yamanaka & Co. .., auct. cat., American Art Association (New York, NY, 1912) no. 225 (illustrated right)"
entity:artifact:2:205413,bibliography,"Jenny So, Early Chinese Jades in the Harvard Art Museums (Cambridge, MA, 2019) pp. 88, 90, fig. 2"
entity:artifact:2:205421,bibliography,"Valentine Talland, ""Technical Examination of Southern Chinese Chien Ware and Japanese Copies in the Harvard University Art Museums Collection"" (thesis (certificate in conservation), Straus Center for Conservation and Technical Studies, 1988), Unpublished pp. 1-21 passim"
entity:artifact:2:205431,bibliography,"Jenny So, Early Chinese Jades in the Harvard Art Museums (Cambridge, MA, 2019) pp. 18-19, fig. 1.2"
entity:artifact:2:205435,bibliography,"Illustrated Catalogue of an Extraordinary Collection of Imperial Jades and Other Beautiful Objects ... : mostly from the private collection of the late Captain J.F. Peel ... to be sold at unrestricted public sale by order of Messrs. Yamanaka & Co. .., auct. cat., American Art Association (New York, NY, 1912) no. 219 (illustrated with brush holder and other implements)"
entity:artifact:2:205448,bibliography,"Valentine Talland, ""Technical Examination of Southern Chinese Chien Ware and Japanese Copies in the Harvard University Art Museums Collection"" (thesis (certificate in conservation), Straus Center for Conservation and Technical Studies, 1988), Unpublished pp. 1-21 passim"
entity:artifact:2:205449,bibliography,"Eva Sander, ""A Comparative Study of Northern Dark-Glazed Stoneware Bowls from the Song Dynasty"" (thesis (certificate in conservation), Straus Center for Conservation and Technical Studies, August 1987), Unpublished pp. 1-14 passim"
entity:artifact:2:205459,bibliography,"Fogg Art Museum, The Use of Blue on Chinese Porcelain of the Ming Dynasty 1368-1644, exh. cat., Harvard University Press (Cambridge, Mass., Spring 1947) no. 28a (not illustrated) | Suzanne G. Valenstein, Ming Porcelains: A Retrospective, exh. cat., China Institute in America (New York, 1970) p. 64, no. 36"
entity:artifact:2:205460,bibliography,"Jenny So, Early Chinese Jades in the Harvard Art Museums (Cambridge, MA, 2019) pp. 278-81, cat. 38B, fig. 2"
entity:artifact:2:205496,bibliography,"Henry Trubner, Chinese Ceramics, from the prehistoric period through Ch'ien Lung: a loan exhibition from collections in America and Japan, exh. cat., Los Angeles County Museum (Los Angeles, CA, 1952) p. 107, no. 316 (not illustrated)"
entity:artifact:2:205500,bibliography,"Fogg Art Museum, The Use of Blue on Chinese Porcelain of the Ming Dynasty 1368-1644, exh. cat., Harvard University Press (Cambridge, Mass., Spring 1947) no. 31 (not illustrated)"
entity:artifact:2:205503,bibliography,"Henry Trubner, Chinese Ceramics, from the prehistoric period through Ch'ien Lung: a loan exhibition from collections in America and Japan, exh. cat., Los Angeles County Museum (Los Angeles, CA, 1952) p. 105, no. 306 | Suzanne G. Valenstein, Ming Porcelains: A Retrospective, exh. cat., China Institute in America (New York, 1970) p. 83, no. 55"
entity:artifact:2:205508,bibliography,"Eva Sander, ""A Comparative Study of Northern Dark-Glazed Stoneware Bowls from the Song Dynasty"" (thesis (certificate in conservation), Straus Center for Conservation and Technical Studies, August 1987), Unpublished pp. 1-14 passim"
entity:artifact:2:205509,bibliography,"Lee Malone, Formed in Fire: Chinese Porcelains, exh. cat. (1970-1971) cat. 4"
entity:artifact:2:205517,bibliography,"Fogg Art Museum, The Use of Blue on Chinese Porcelain of the Ming Dynasty 1368-1644, exh. cat., Harvard University Press (Cambridge, Mass., Spring 1947) no. 28b (not illustrated)"
entity:artifact:2:205524,bibliography,"Valentine Talland, ""Technical Examination of Southern Chinese Chien Ware and Japanese Copies in the Harvard University Art Museums Collection"" (thesis (certificate in conservation), Straus Center for Conservation and Technical Studies, 1988), Unpublished pp. 1-21 passim"
entity:artifact:2:205525,bibliography,"Valentine Talland, ""Technical Examination of Southern Chinese Chien Ware and Japanese Copies in the Harvard University Art Museums Collection"" (thesis (certificate in conservation), Straus Center for Conservation and Technical Studies, 1988), Unpublished pp. 1-21 passim"
entity:artifact:2:205526,bibliography,"Robert D. Mowry, Hare's Fur, Tortoiseshell, and Partridge Feathers: Chinese brown- and black-glazed ceramics, 400-1400, exh. cat., Harvard University Art Museums (Cambridge, MA, 1996) pp. 156-157, no. 49"
entity:artifact:2:205527,bibliography,"Carol Warner, ""Black Ware Bowls of the Northern Song Period Glaze Analysis"" (thesis (certificate in conservation), Straus Center for Conservation and Technical Studies, 1992), Unpublished pp. 1-13 passim | Robert D. Mowry, Hare's Fur, Tortoiseshell, and Partridge Feathers: Chinese brown- and black-glazed ceramics, 400-1400, exh. cat., Harvard University Art Museums (Cambridge, MA, 1996) pp. 150-152, no. 44"
entity:artifact:2:205528,bibliography,"Eva Sander, ""A Comparative Study of Northern Dark-Glazed Stoneware Bowls from the Song Dynasty"" (thesis (certificate in conservation), Straus Center for Conservation and Technical Studies, August 1987), Unpublished pp. 1-14 passim | Robert D. Mowry, Hare's Fur, Tortoiseshell, and Partridge Feathers: Chinese brown- and black-glazed ceramics, 400-1400, exh. cat., Harvard University Art Museums (Cambridge, MA, 1996) pp. 132-133, no. 31"
entity:artifact:2:205531,bibliography,"Max Loehr and Louisa G. Fitzgerald Huber, Ancient Chinese Jades from the Grenville L. Winthrop Collection in the Fogg Art Museum, Harvard University (Cambridge, MA, Fogg Art Museum, 1975). cat. no. 25, p. 52"
entity:artifact:2:205532,bibliography,"Henry Trubner, Chinese Ceramics, from the prehistoric period through Ch'ien Lung: a loan exhibition from collections in America and Japan, exh. cat., Los Angeles County Museum (Los Angeles, CA, 1952) p. 85, no. 202 | Robert D. Mowry, Hare's Fur, Tortoiseshell, and Partridge Feathers: Chinese brown- and black-glazed ceramics, 400-1400, exh. cat., Harvard University Art Museums (Cambridge, MA, 1996) pp. 153-154, no. 46"
entity:artifact:2:205533,bibliography,"Eva Sander, ""A Comparative Study of Northern Dark-Glazed Stoneware Bowls from the Song Dynasty"" (thesis (certificate in conservation), Straus Center for Conservation and Technical Studies, August 1987), Unpublished pp. 1-14 passim | Robert D. Mowry, Hare's Fur, Tortoiseshell, and Partridge Feathers: Chinese brown- and black-glazed ceramics, 400-1400, exh. cat., Harvard University Art Museums (Cambridge, MA, 1996) pp. 115-116, no. 18"
entity:artifact:2:205534,bibliography,"Henry Trubner, Chinese Ceramics, from the prehistoric period through Ch'ien Lung: a loan exhibition from collections in America and Japan, exh. cat., Los Angeles County Museum (Los Angeles, CA, 1952) p. 84, no. 197 | Hope Gumprecht, ""An Investigation of Resist-Decorated Jizhou Ware"" (thesis (certificate in conservation), Straus Center for Conservation and Technical Studies, 1990), Unpublished pp. 1-12 passim | Robert D. Mowry, Hare's Fur, Tortoiseshell, and Partridge Feathers: Chinese brown- and black-glazed ceramics, 400-1400, exh. cat., Harvard University Art Museums (Cambridge, MA, 1996) pp. 246-248, no. 99"
entity:artifact:2:205539,bibliography,"Illustrated Catalogue of an Exhibition of Oriental Art Treasures ; exhibited at the Yamanaka gallery, Boston, Mass., Dec., 1916, auct. cat., Yamanaka & Co. (Boston, Mass., 1916) p. 9, no. 12 (illustrated in color, frontispiece) | Mount Holyoke Friends of Art, Chinese Art: A Loan Exhibition Presented by the Mount Holyoke Friends of Art in honor of the John Martyn Warbeke Fund for Oriental Art, exh. cat. (1960) cat. 54"
entity:artifact:2:205540,bibliography,"Henry Trubner, Chinese Ceramics, from the prehistoric period through Ch'ien Lung: a loan exhibition from collections in America and Japan, exh. cat., Los Angeles County Museum (Los Angeles, CA, 1952) p. 61, no. 70"
entity:artifact:2:205541,bibliography,"Robert D. Mowry, Hare's Fur, Tortoiseshell, and Partridge Feathers: Chinese brown- and black-glazed ceramics, 400-1400, exh. cat., Harvard University Art Museums (Cambridge, MA, 1996) pp. 123-125, no. 24"
entity:artifact:2:205544,bibliography,"Max Loehr and Louisa G. Fitzgerald Huber, Ancient Chinese Jades from the Grenville L. Winthrop Collection in the Fogg Art Museum, Harvard University (Cambridge, MA, Fogg Art Museum, 1975). cat. no. 24, p. 52"
entity:artifact:2:205545,bibliography,"Max Loehr and Louisa G. Fitzgerald Huber, Ancient Chinese Jades from the Grenville L. Winthrop Collection in the Fogg Art Museum, Harvard University (Cambridge, MA, Fogg Art Museum, 1975). cat. no. 343, p. 229"
entity:artifact:2:205546,bibliography,"Max Loehr and Louisa G. Fitzgerald Huber, Ancient Chinese Jades from the Grenville L. Winthrop Collection in the Fogg Art Museum, Harvard University (Cambridge, MA, Fogg Art Museum, 1975). cat. no. 209, p. 163"
entity:artifact:2:205547,bibliography,"Robert D. Mowry, Hare's Fur, Tortoiseshell, and Partridge Feathers: Chinese brown- and black-glazed ceramics, 400-1400, exh. cat., Harvard University Art Museums (Cambridge, MA, 1996) pp. 152-153, no. 45b"
entity:artifact:2:205560,bibliography,"Jenny So, Early Chinese Jades in the Harvard Art Museums (Cambridge, MA, 2019) pp. 298-301, cat. 44"
entity:artifact:2:205564,bibliography,"Jenny So, Early Chinese Jades in the Harvard Art Museums (Cambridge, MA, 2019) pp. 250, 252, fig. 2"
entity:artifact:2:205596,bibliography,"Fogg Art Museum, The Use of Blue on Chinese Porcelain of the Ming Dynasty 1368-1644, exh. cat., Harvard University Press (Cambridge, Mass., Spring 1947) no. 34 (not illustrated)"
entity:artifact:2:205597,bibliography,"Fogg Art Museum, The Use of Blue on Chinese Porcelain of the Ming Dynasty 1368-1644, exh. cat., Harvard University Press (Cambridge, Mass., Spring 1947) no. 36 (not illustrated)"
entity:artifact:2:205598,bibliography,"Fogg Art Museum, The Use of Blue on Chinese Porcelain of the Ming Dynasty 1368-1644, exh. cat., Harvard University Press (Cambridge, Mass., Spring 1947) no. 35 (not illustrated)"
entity:artifact:2:205622,bibliography,"Rose Kerr, Dazzling Official Jun Wares: From Museums and Collections Around the World, ACC Art Books (Hong Kong, 2021) pp. 144-145, no. 92"
entity:artifact:2:205648,bibliography,"Henry Trubner, Chinese Ceramics, from the prehistoric period through Ch'ien Lung: a loan exhibition from collections in America and Japan, exh. cat., Los Angeles County Museum (Los Angeles, CA, 1952) p. 48, no. 2 | Clarence Shangraw, Origins of Chinese Ceramics, exh. cat., China House Gallery (New York, NY, 1978) p. 64, no. 15"
entity:artifact:2:205649,bibliography,"Lucy Cooper, Susan Costello, Katherine Eremin, Melissa Moy, Kathy King, Marc Walton, Emeline Pouyet Pouyet, Andrew Shortland, and Laure Dussubieux, Numbered Jun Ware - A Technical Study, Journal of the American Institute for Conservation, American Institute for Conservation (10.1080/01971360.2020.1748971, November 19, 2020), 60, 4, Pages 255-268 Figure 8, Page 261; Figure 10, Page 266 | Lucy Cooper, Susan Costello, Katherine Eremin, Melissa Moy, Kathy King, Marc S. Walton, Emeline Pouyet Pouyet, Andrew Shortland, and Laure Dussubieux, ""Numbered Jun Ware – a technical study"", Journal of the American Institute for Conservation (2021), vol. 60, no. 4, pp. 255-268 pp. 261, 264, 266, figs. 8, 10 | Rose Kerr, Dazzling Official Jun Wares: From Museums and Collections Around the World, ACC Art Books (Hong Kong, 2021) p. 133, no. 85"
entity:artifact:2:205650,bibliography,"Rose Kerr, Dazzling Official Jun Wares: From Museums and Collections Around the World, ACC Art Books (Hong Kong, 2021) pp. 166-167, no. 106"
entity:artifact:2:205651,bibliography,"Rose Kerr, Dazzling Official Jun Wares: From Museums and Collections Around the World, ACC Art Books (Hong Kong, 2021) pp. 134-135, no. 86"
entity:artifact:2:205658,bibliography,"Tony Sigel, Core-drill sampling with the Sherline milling machine, Core-drill sampling with the Sherline milling machine, ed. Emily Hamilton and Kari Dodson, American Institute for Conservation (https://resources.culturalheritage.org/osg-postprints/v23/sigel/, 2016), 23, Pages 309-321 Figure 15, Page 319; Figure 16a-d, Page 319 | Rose Kerr, Dazzling Official Jun Wares: From Museums and Collections Around the World, ACC Art Books (Hong Kong, 2021) pp. 146-147, no. 93"
entity:artifact:2:205659,bibliography,"Rose Kerr, Dazzling Official Jun Wares: From Museums and Collections Around the World, ACC Art Books (Hong Kong, 2021) pp. 168-169, no. 107"
entity:artifact:2:205660,bibliography,"Rose Kerr, Dazzling Official Jun Wares: From Museums and Collections Around the World, ACC Art Books (Hong Kong, 2021) pp. 158-159, no. 101"
entity:artifact:2:205661,bibliography,"Lucy Cooper, Susan Costello, Katherine Eremin, Melissa Moy, Kathy King, Marc Walton, Emeline Pouyet Pouyet, Andrew Shortland, and Laure Dussubieux, Numbered Jun Ware - A Technical Study, Journal of the American Institute for Conservation, American Institute for Conservation (10.1080/01971360.2020.1748971, November 19, 2020), 60, 4, Pages 255-268 Figure 3, Page 258; Figure 4, Page 258 | Lucy Cooper, Susan Costello, Katherine Eremin, Melissa Moy, Kathy King, Marc S. Walton, Emeline Pouyet Pouyet, Andrew Shortland, and Laure Dussubieux, ""Numbered Jun Ware – a technical study"", Journal of the American Institute for Conservation (2021), vol. 60, no. 4, pp. 255-268 pp. 257-258, figs. 3-4 | Rose Kerr, Dazzling Official Jun Wares: From Museums and Collections Around the World, ACC Art Books (Hong Kong, 2021) pp. 138-139, no. 88"
entity:artifact:2:205662,bibliography,"Mount Holyoke Friends of Art, Chinese Art: A Loan Exhibition Presented by the Mount Holyoke Friends of Art in honor of the John Martyn Warbeke Fund for Oriental Art, exh. cat. (1960) cat. 62 | Rose Kerr, Dazzling Official Jun Wares: From Museums and Collections Around the World, ACC Art Books (Hong Kong, 2021) p. 161, no. 103"
entity:artifact:2:205668,bibliography,"George J. Lee, ""Numbered Chün Ware"", Transactions of the Oriental Ceramic Society, Oriental Ceramics Society (London, 1945-1946), Vol. 21, pp. 53-63 n.p., plate 16 (left) | Lucy Cooper, Susan Costello, Katherine Eremin, Melissa Moy, Kathy King, Marc Walton, Emeline Pouyet Pouyet, Andrew Shortland, and Laure Dussubieux, Numbered Jun Ware - A Technical Study, Journal of the American Institute for Conservation, American Institute for Conservation (10.1080/01971360.2020.1748971, November 19, 2020), 60, 4, Pages 255-268 Figure 7, Page 261 | Lucy Cooper, Susan Costello, Katherine Eremin, Melissa Moy, Kathy King, Marc S. Walton, Emeline Pouyet Pouyet, Andrew Shortland, and Laure Dussubieux, ""Numbered Jun Ware – a technical study"", Journal of the American Institute for Conservation (2021), vol. 60, no. 4, pp. 255-268 pp. 260-261, fig. 7 | Rose Kerr, Dazzling Official Jun Wares: From Museums and Collections Around the World, ACC Art Books (Hong Kong, 2021) pp. 130-131, no. 83"
entity:artifact:2:205669,bibliography,"James Cuno, Alvin L. Clark, Jr., Ivan Gaskell, and William W. Robinson, Harvard's Art Museums: 100 Years of Collecting, ed. James Cuno, Harvard University Art Museums and Harry N. Abrams, Inc. (Cambridge, MA, 1996) pp. 58-59 | Stephan Wolohojian and Alvin L. Clark, Jr., Harvard Art Museum/ Handbook, ed. Stephan Wolohojian, Harvard Art Museum (Cambridge, 2008) p. 55 | Rose Kerr, Dazzling Official Jun Wares: From Museums and Collections Around the World, ACC Art Books (Hong Kong, 2021) pp. 176-177, no. 111 | Harvard Art Museums: In Your Hands, Harvard Art Museums and GILES (Cambridge, 2025)"
entity:artifact:2:205670,bibliography,"Rose Kerr, Dazzling Official Jun Wares: From Museums and Collections Around the World, ACC Art Books (Hong Kong, 2021) p. 150, no. 95"
entity:artifact:2:205671,bibliography,"Lucy Cooper, Susan Costello, Katherine Eremin, Melissa Moy, Kathy King, Marc Walton, Emeline Pouyet Pouyet, Andrew Shortland, and Laure Dussubieux, Numbered Jun Ware - A Technical Study, Journal of the American Institute for Conservation, American Institute for Conservation (10.1080/01971360.2020.1748971, November 19, 2020), 60, 4, Pages 255-268 Figure 9, Page 262 | Lucy Cooper, Susan Costello, Katherine Eremin, Melissa Moy, Kathy King, Marc S. Walton, Emeline Pouyet Pouyet, Andrew Shortland, and Laure Dussubieux, ""Numbered Jun Ware – a technical study"", Journal of the American Institute for Conservation (2021), vol. 60, no. 4, pp. 255-268 p. 262, fig. 9 | Rose Kerr, Dazzling Official Jun Wares: From Museums and Collections Around the World, ACC Art Books (Hong Kong, 2021) pp. 148-149, no. 94"
entity:artifact:2:205672,bibliography,"Rose Kerr, Dazzling Official Jun Wares: From Museums and Collections Around the World, ACC Art Books (Hong Kong, 2021) pp. 140-141, no. 89"
entity:artifact:2:205673,bibliography,"Lucy Cooper, Susan Costello, Katherine Eremin, Melissa Moy, Kathy King, Marc Walton, Emeline Pouyet Pouyet, Andrew Shortland, and Laure Dussubieux, Numbered Jun Ware - A Technical Study, Journal of the American Institute for Conservation, American Institute for Conservation (10.1080/01971360.2020.1748971, November 19, 2020), 60, 4, Pages 255-268 Figure 3, Page 258 | Lucy Cooper, Susan Costello, Katherine Eremin, Melissa Moy, Kathy King, Marc S. Walton, Emeline Pouyet Pouyet, Andrew Shortland, and Laure Dussubieux, ""Numbered Jun Ware – a technical study"", Journal of the American Institute for Conservation (2021), vol. 60, no. 4, pp. 255-268 pp. 257-258, fig. 3 | Rose Kerr, Dazzling Official Jun Wares: From Museums and Collections Around the World, ACC Art Books (Hong Kong, 2021) p. 122, no. 77"
entity:artifact:2:205686,bibliography,"Lucy Cooper, Susan Costello, Katherine Eremin, Melissa Moy, Kathy King, Marc Walton, Emeline Pouyet Pouyet, Andrew Shortland, and Laure Dussubieux, Numbered Jun Ware - A Technical Study, Journal of the American Institute for Conservation, American Institute for Conservation (10.1080/01971360.2020.1748971, November 19, 2020), 60, 4, Pages 255-268 Figure 7, Page 261 | Lucy Cooper, Susan Costello, Katherine Eremin, Melissa Moy, Kathy King, Marc S. Walton, Emeline Pouyet Pouyet, Andrew Shortland, and Laure Dussubieux, ""Numbered Jun Ware – a technical study"", Journal of the American Institute for Conservation (2021), vol. 60, no. 4, pp. 255-268 pp. 260-261, fig. 7 | Rose Kerr, Dazzling Official Jun Wares: From Museums and Collections Around the World, ACC Art Books (Hong Kong, 2021) pp. 154-155, no. 99"
entity:artifact:2:205687,bibliography,"Rose Kerr, Dazzling Official Jun Wares: From Museums and Collections Around the World, ACC Art Books (Hong Kong, 2021) pp. 170-171, no. 108"
entity:artifact:2:205688,bibliography,"Rose Kerr, Dazzling Official Jun Wares: From Museums and Collections Around the World, ACC Art Books (Hong Kong, 2021) pp. 164-165, no. 105"
entity:artifact:2:205689,bibliography,"Rose Kerr, Dazzling Official Jun Wares: From Museums and Collections Around the World, ACC Art Books (Hong Kong, 2021) pp. 162-163, no. 104"
entity:artifact:2:205690,bibliography,"Rose Kerr, Dazzling Official Jun Wares: From Museums and Collections Around the World, ACC Art Books (Hong Kong, 2021) p. 114, no. 72"
entity:artifact:2:205691,bibliography,"Rose Kerr, Dazzling Official Jun Wares: From Museums and Collections Around the World, ACC Art Books (Hong Kong, 2021) p. 115, no. 73"
entity:artifact:2:205692,bibliography,"Rose Kerr, Dazzling Official Jun Wares: From Museums and Collections Around the World, ACC Art Books (Hong Kong, 2021) pp. 116-117, no. 74"
entity:artifact:2:205693,bibliography,"George J. Lee, ""Numbered Chün Ware"", Transactions of the Oriental Ceramic Society, Oriental Ceramics Society (London, 1945-1946), Vol. 21, pp. 53-63 n.p., plate 18b and 18c [details of glaze] | Rose Kerr, Dazzling Official Jun Wares: From Museums and Collections Around the World, ACC Art Books (Hong Kong, 2021) p. 123, no. 78"
entity:artifact:2:205694,bibliography,"Rose Kerr, Dazzling Official Jun Wares: From Museums and Collections Around the World, ACC Art Books (Hong Kong, 2021) pp. 110-111, no. 70"
entity:artifact:2:205695,bibliography,"Rose Kerr, Dazzling Official Jun Wares: From Museums and Collections Around the World, ACC Art Books (Hong Kong, 2021) pp. 260-261, no. 174"
entity:artifact:2:205696,bibliography,"Lucy Cooper, Susan Costello, Katherine Eremin, Melissa Moy, Kathy King, Marc Walton, Emeline Pouyet Pouyet, Andrew Shortland, and Laure Dussubieux, Numbered Jun Ware - A Technical Study, Journal of the American Institute for Conservation, American Institute for Conservation (10.1080/01971360.2020.1748971, November 19, 2020), 60, 4, Pages 255-268 Figure 3, Page 258; Pigure 9, Page 262 | Lucy Cooper, Susan Costello, Katherine Eremin, Melissa Moy, Kathy King, Marc S. Walton, Emeline Pouyet Pouyet, Andrew Shortland, and Laure Dussubieux, ""Numbered Jun Ware – a technical study"", Journal of the American Institute for Conservation (2021), vol. 60, no. 4, pp. 255-268 pp. 257-258, 262, figs. 3, 9 | Rose Kerr, Dazzling Official Jun Wares: From Museums and Collections Around the World, ACC Art Books (Hong Kong, 2021) pp. 266-267, no. 178"
entity:artifact:2:205710,bibliography,"Japan Society, Chinese, Corean and Japanese Potteries, exh. cat., Japan Society (New York, NY, 1914) pp. 82-83, no. 293 (illus.) | Cleveland Museum of Art, Catalogue of the Inaugural Exhibition, exh. cat., Cleveland Museum of Art (Cleveland, OH, 1916) p. 188, no. 96-97 | Lucy Cooper, Susan Costello, Katherine Eremin, Melissa Moy, Kathy King, Marc Walton, Emeline Pouyet Pouyet, Andrew Shortland, and Laure Dussubieux, Numbered Jun Ware - A Technical Study, Journal of the American Institute for Conservation, American Institute for Conservation (10.1080/01971360.2020.1748971, November 19, 2020), 60, 4, Pages 255-268 Figure 6, Page 260 | Lucy Cooper, Susan Costello, Katherine Eremin, Melissa Moy, Kathy King, Marc S. Walton, Emeline Pouyet Pouyet, Andrew Shortland, and Laure Dussubieux, ""Numbered Jun Ware – a technical study"", Journal of the American Institute for Conservation (2021), vol. 60, no. 4, pp. 255-268 p. 260, fig. 6 | Rose Kerr, Dazzling Official Jun Wares: From Museums and Collections Around the World, ACC Art Books (Hong Kong, 2021) pp. 118-119, no. 75"
entity:artifact:2:205711,bibliography,"Japan Society, Chinese, Corean and Japanese Potteries, exh. cat., Japan Society (New York, NY, 1914) pp. 82-83, no. 293 | Cleveland Museum of Art, Catalogue of the Inaugural Exhibition, exh. cat., Cleveland Museum of Art (Cleveland, OH, 1916) p. 188, no. 96-97 | Rose Kerr, Dazzling Official Jun Wares: From Museums and Collections Around the World, ACC Art Books (Hong Kong, 2021) pp. 120-121, no. 76"
entity:artifact:2:205712,bibliography,"Japan Society, Chinese, Corean and Japanese Potteries, exh. cat., Japan Society (New York, NY, 1914) pp. 82-83, no. 293 (illus.) | Cleveland Museum of Art, Catalogue of the Inaugural Exhibition, exh. cat., Cleveland Museum of Art (Cleveland, OH, 1916) p. 188, no. 96-97 | Rose Kerr, Dazzling Official Jun Wares: From Museums and Collections Around the World, ACC Art Books (Hong Kong, 2021) pp. 204-205, no. 134"
entity:artifact:2:205713,bibliography,"Rose Kerr, Dazzling Official Jun Wares: From Museums and Collections Around the World, ACC Art Books (Hong Kong, 2021)"
entity:artifact:2:205714,bibliography,"Rose Kerr, Dazzling Official Jun Wares: From Museums and Collections Around the World, ACC Art Books (Hong Kong, 2021) pp. 216-217, no. 142"
entity:artifact:2:205715,bibliography,"Rose Kerr, Dazzling Official Jun Wares: From Museums and Collections Around the World, ACC Art Books (Hong Kong, 2021) pp. 206-207, no. 135"
entity:artifact:2:205716,bibliography,"Carol Warner, ""Black Ware Bowls of the Northern Song Period Glaze Analysis"" (thesis (certificate in conservation), Straus Center for Conservation and Technical Studies, 1992), Unpublished pp. 1-13 passim | Rose Kerr, Dazzling Official Jun Wares: From Museums and Collections Around the World, ACC Art Books (Hong Kong, 2021) pp. 228-229, no. 149"
entity:artifact:2:205717,bibliography,"Henry Trubner, Chinese Ceramics, from the prehistoric period through Ch'ien Lung: a loan exhibition from collections in America and Japan, exh. cat., Los Angeles County Museum (Los Angeles, CA, 1952) p. 71, no.. 123 | Rose Kerr, Dazzling Official Jun Wares: From Museums and Collections Around the World, ACC Art Books (Hong Kong, 2021) pp. 226-227, no. 148"
entity:artifact:2:205719,bibliography,"Lucy Cooper, Susan Costello, Katherine Eremin, Melissa Moy, Kathy King, Marc Walton, Emeline Pouyet Pouyet, Andrew Shortland, and Laure Dussubieux, Numbered Jun Ware - A Technical Study, Journal of the American Institute for Conservation, American Institute for Conservation (10.1080/01971360.2020.1748971, November 19, 2020), 60, 4, Pages 255-268 Figure 5, Page 260 | Lucy Cooper, Susan Costello, Katherine Eremin, Melissa Moy, Kathy King, Marc S. Walton, Emeline Pouyet Pouyet, Andrew Shortland, and Laure Dussubieux, ""Numbered Jun Ware – a technical study"", Journal of the American Institute for Conservation (2021), vol. 60, no. 4, pp. 255-268 p. 260, fig. 5"
entity:artifact:2:205767,bibliography,"Mount Holyoke Friends of Art, Chinese Art: A Loan Exhibition Presented by the Mount Holyoke Friends of Art in honor of the John Martyn Warbeke Fund for Oriental Art, exh. cat. (1960) cat. 61"
entity:artifact:2:205768,bibliography,"Rose Kerr, Dazzling Official Jun Wares: From Museums and Collections Around the World, ACC Art Books (Hong Kong, 2021) pp. 124-125, no. 79"
entity:artifact:2:205769,bibliography,"Japan Society, Chinese, Corean and Japanese Potteries, exh. cat., Japan Society (New York, NY, 1914) pp. 82-83, no. 293 | Cleveland Museum of Art, Catalogue of the Inaugural Exhibition, exh. cat., Cleveland Museum of Art (Cleveland, OH, 1916) p. 188, no. 96-97 | Rose Kerr, Dazzling Official Jun Wares: From Museums and Collections Around the World, ACC Art Books (Hong Kong, 2021) p. 203, no. 133"
entity:artifact:2:205770,bibliography,"Rose Kerr, Dazzling Official Jun Wares: From Museums and Collections Around the World, ACC Art Books (Hong Kong, 2021) p. 258, no. 172"
entity:artifact:2:205771,bibliography,"Henry Trubner, Chinese Ceramics, from the prehistoric period through Ch'ien Lung: a loan exhibition from collections in America and Japan, exh. cat., Los Angeles County Museum (Los Angeles, CA, 1952) p. 71, no. 125 | Rose Kerr, Dazzling Official Jun Wares: From Museums and Collections Around the World, ACC Art Books (Hong Kong, 2021) pp. 264-265, no. 177"
entity:artifact:2:205772,bibliography,"George J. Lee, ""Numbered Chün Ware"", Transactions of the Oriental Ceramic Society, Oriental Ceramics Society (London, 1945-1946), Vol. 21, pp. 53-63 n.p., plate 17 (top) | Kristin A. Mortimer and William G. Klingelhofer, Harvard University Art Museums: A Guide to the Collections, Harvard University Art Museums and Abbeville Press (Cambridge and New York, 1986) no. 41, p. 42 | Rose Kerr, Dazzling Official Jun Wares: From Museums and Collections Around the World, ACC Art Books (Hong Kong, 2021) p. 96, no. 59"
entity:artifact:2:205773,bibliography,"Japan Society, Chinese, Corean and Japanese Potteries, exh. cat., Japan Society (New York, NY, 1914) p. 82, no. 292 | Cleveland Museum of Art, Catalogue of the Inaugural Exhibition, exh. cat., Cleveland Museum of Art (Cleveland, OH, 1916) p. 189, no. 98"
entity:artifact:2:205775,bibliography,"Rose Kerr, Dazzling Official Jun Wares: From Museums and Collections Around the World, ACC Art Books (Hong Kong, 2021) p. 28, no. 10"
entity:artifact:2:205776,bibliography,"Sara Moy, ""Why Are They Blue?: A Technical Analysis of Chinese Green and Blue Glazed Celadons"" (thesis (certificate in conservation), Straus Center for Conservation and Technical Studies, 2001), Unpublished pp. 1-48 passim"
entity:artifact:2:205779,bibliography,"Valentine Talland, ""Technical Examination of Southern Chinese Chien Ware and Japanese Copies in the Harvard University Art Museums Collection"" (thesis (certificate in conservation), Straus Center for Conservation and Technical Studies, 1988), Unpublished pp. 1-21 passim"
entity:artifact:2:205793,bibliography,"Walter Hochstadter, ""Pottery and Stonewares of Shang, Chou, and Han"", Bulletin of the Museum of Far Eastern Antiquities, Ostasiatiska museet (Stockholm, Sweden, 1952), no. 24 p. 81ff, pl. 25, no.97 | Seiichi Mizuno, ""Sekai toji zenshu (Catalogue of World's Ceramics)"", Kawade Shobo (Tokyo, Japan, 1955) pl. 65"
entity:artifact:2:205794,bibliography,"Stanley Kaplan, ""A Note on Late Chou Black Ware"", Far Eastern Ceramic Bulletin (July 1948) | Henry Trubner, Chinese Ceramics, from the prehistoric period through Ch'ien Lung: a loan exhibition from collections in America and Japan, exh. cat., Los Angeles County Museum (Los Angeles, CA, 1952) p. 51, no. 20"
entity:artifact:2:205807,bibliography,"Valentine Talland, ""Technical Examination of Southern Chinese Chien Ware and Japanese Copies in the Harvard University Art Museums Collection"" (thesis (certificate in conservation), Straus Center for Conservation and Technical Studies, 1988), Unpublished pp. 1-21 passim"
entity:artifact:2:205809,bibliography,"Max Loehr, Chinese Art: Symbols and Images, exh. cat., Jewett Arts Center (Wellesley, 1967) pp. 61-62, no. 36"
entity:artifact:2:205851,bibliography,"John Alexander Pope, ""Ming Porcelains in the Davis Collection"", Bulletin of the Fogg Art Museum, President and Fellows of Harvard College (November 1941), vol. IX, no. 5, pp. 95-100 p. 96, fig. 1 | Fogg Art Museum, The Use of Blue on Chinese Porcelain of the Ming Dynasty 1368-1644, exh. cat., Harvard University Press (Cambridge, Mass., Spring 1947) no. 7 (not illustrated) | Christopher Reed, ""Wrong!"", Harvard Magazine (Cambridge, MA, September 2004-October 2004), vol. 107, no. 1, pp. 40-51 p. 1 (partial) and p. 44 (full view and detail)"
entity:artifact:2:205852,bibliography,"Fogg Art Museum, The Use of Blue on Chinese Porcelain of the Ming Dynasty 1368-1644, exh. cat., Harvard University Press (Cambridge, Mass., Spring 1947) no. 40 (not illustrated) | Hugo Munsterberg, Dragons in Chinese Art, exh. cat., China House Gallery (New York, 1971) p. 46, no. 44"
entity:artifact:2:205883,bibliography,"Fogg Art Museum, The Use of Blue on Chinese Porcelain of the Ming Dynasty 1368-1644, exh. cat., Harvard University Press (Cambridge, Mass., Spring 1947) no. 30 (not illustrated)"
entity:artifact:2:205885,bibliography,"John Alexander Pope, ""Ming Porcelains in the Davis Collection"", Bulletin of the Fogg Art Museum, President and Fellows of Harvard College (November 1941), vol. IX, no. 5, pp. 95-100 cover image"
entity:artifact:2:205889,bibliography,"Fogg Art Museum, The Use of Blue on Chinese Porcelain of the Ming Dynasty 1368-1644, exh. cat., Harvard University Press (Cambridge, Mass., Spring 1947) no. 26 (not illustrated)"
entity:artifact:2:205896,bibliography,"Fogg Art Museum, The Use of Blue on Chinese Porcelain of the Ming Dynasty 1368-1644, exh. cat., Harvard University Press (Cambridge, Mass., Spring 1947) no. 27 (not illustrated)"
entity:artifact:2:205922,bibliography,"Fogg Art Museum, The Use of Blue on Chinese Porcelain of the Ming Dynasty 1368-1644, exh. cat., Harvard University Press (Cambridge, Mass., Spring 1947) no. 24 (not illustrated) | Suzanne G. Valenstein, Ming Porcelains: A Retrospective, exh. cat., China Institute in America (New York, 1970) p. 82, no. 54"
entity:artifact:2:205926,bibliography,"Max Loehr, Chinese Art: Symbols and Images, exh. cat., Jewett Arts Center (Wellesley, 1967) pp. 61-63, no. 35"
entity:artifact:2:205929,bibliography,"Fogg Art Museum, The Use of Blue on Chinese Porcelain of the Ming Dynasty 1368-1644, exh. cat., Harvard University Press (Cambridge, Mass., Spring 1947) no. 25 (not illustrated) | Kristin A. Mortimer and William G. Klingelhofer, Harvard University Art Museums: A Guide to the Collections, Harvard University Art Museums and Abbeville Press (Cambridge and New York, 1986) no. 43, p. 43"
entity:artifact:2:205931,bibliography,"Max Loehr, Chinese Art: Symbols and Images, exh. cat., Jewett Arts Center (Wellesley, 1967) pp. 61-62, no. 34"
entity:artifact:2:205933,bibliography,"John Alexander Pope, ""Ming Porcelains in the Davis Collection"", Bulletin of the Fogg Art Museum, President and Fellows of Harvard College (November 1941), vol. IX, no. 5, pp. 95-100 p. 99, fig. 4 | Fogg Art Museum, The Use of Blue on Chinese Porcelain of the Ming Dynasty 1368-1644, exh. cat., Harvard University Press (Cambridge, Mass., Spring 1947) no. 33 (not illustrated)"
entity:artifact:2:205951,bibliography,"John Alexander Pope, ""Ming Porcelains in the Davis Collection"", Bulletin of the Fogg Art Museum, President and Fellows of Harvard College (November 1941), vol. IX, no. 5, pp. 95-100 p. 98, fig. 3 | Fogg Art Museum, The Use of Blue on Chinese Porcelain of the Ming Dynasty 1368-1644, exh. cat., Harvard University Press (Cambridge, Mass., Spring 1947) no. 22 (not illustrated) | Henry Trubner, Chinese Ceramics, from the prehistoric period through Ch'ien Lung: a loan exhibition from collections in America and Japan, exh. cat., Los Angeles County Museum (Los Angeles, CA, 1952) p. 106, no. 313 | Suzanne G. Valenstein, Ming Porcelains: A Retrospective, exh. cat., China Institute in America (New York, 1970) p. 79, no. 51"
entity:artifact:2:205953,bibliography,"Fogg Art Museum, The Use of Blue on Chinese Porcelain of the Ming Dynasty 1368-1644, exh. cat., Harvard University Press (Cambridge, Mass., Spring 1947) no. 10 (not illustrated)"
entity:artifact:2:205959,bibliography,"Jessica Chloros, ""An Investigation of Cobalt Pigment on Islamic Ceramics at the Harvard Art Museums"" (thesis (certificate in conservation), Straus Center for Conservation and Technical Studies, 2008), Unpublished pp. 1-41 passim"
entity:artifact:2:205963,bibliography,"Fogg Art Museum, The Use of Blue on Chinese Porcelain of the Ming Dynasty 1368-1644, exh. cat., Harvard University Press (Cambridge, Mass., Spring 1947) no. 23 (not illustrated) | Henry Trubner, Chinese Ceramics, from the prehistoric period through Ch'ien Lung: a loan exhibition from collections in America and Japan, exh. cat., Los Angeles County Museum (Los Angeles, CA, 1952) p. 104, no. 302"
entity:artifact:2:205966,bibliography,"Henry Trubner, Chinese Ceramics, from the prehistoric period through Ch'ien Lung: a loan exhibition from collections in America and Japan, exh. cat., Los Angeles County Museum (Los Angeles, CA, 1952) p. 107, no. 314 | Suzanne G. Valenstein, Ming Porcelains: A Retrospective, exh. cat., China Institute in America (New York, 1970) p. 85, no. 57"
entity:artifact:2:205969,bibliography,"Henry Trubner, Chinese Ceramics, from the prehistoric period through Ch'ien Lung: a loan exhibition from collections in America and Japan, exh. cat., Los Angeles County Museum (Los Angeles, CA, 1952) p. 106, no. 310 | Jessica Chloros, ""An Investigation of Cobalt Pigment on Islamic Ceramics at the Harvard Art Museums"" (thesis (certificate in conservation), Straus Center for Conservation and Technical Studies, 2008), Unpublished pp. 1-41 passim"
entity:artifact:2:205982,bibliography,"Fogg Art Museum, The Use of Blue on Chinese Porcelain of the Ming Dynasty 1368-1644, exh. cat., Harvard University Press (Cambridge, Mass., Spring 1947) no. 4 (not illustrated)"
entity:artifact:2:205997,bibliography,"Henry Trubner, Chinese Ceramics, from the prehistoric period through Ch'ien Lung: a loan exhibition from collections in America and Japan, exh. cat., Los Angeles County Museum (Los Angeles, CA, 1952) p. 56, no. 46"
entity:artifact:2:206079,bibliography,"Suzuki Kei, Chugoku kaiga sogo zuroku, Amerika Kanada hen (Comprehensive Illustrated Catalog of Chinese Paintings, Volume 1: American and Canadian Collections), University of Tokyo Press (Tokyo, Japan, 1982) pp. I-54 and I-432, no. A 10-009"
entity:artifact:2:206098,bibliography,"Benjamin Rowland, Jr., Masterpieces of Chinese Bird and Flower Painting: a Loan Exhibition, October 30-December 14, 1951, exh. cat., Fogg Art Museum (Cambridge, Mass., 1951) p. 21, cat. 19 (no illustration)"
entity:artifact:2:206123,bibliography,"Valentine Talland, ""Technical Examination of Southern Chinese Chien Ware and Japanese Copies in the Harvard University Art Museums Collection"" (thesis (certificate in conservation), Straus Center for Conservation and Technical Studies, 1988), Unpublished pp. 1-21 passim | Robert D. Mowry, Hare's Fur, Tortoiseshell, and Partridge Feathers: Chinese brown- and black-glazed ceramics, 400-1400, exh. cat., Harvard University Art Museums (Cambridge, MA, 1996) pp. 213-215, no. 79"
entity:artifact:2:206126,bibliography,"""Recent Oriental Acquisitions by Museums"", Parnassus, College Art Association of America (New York, February 1940), vol. 12, no. 2, pp. 45-50 pp. 47, 49, ill."
entity:artifact:2:206188,bibliography,"Henry Trubner, Chinese Ceramics, from the prehistoric period through Ch'ien Lung: a loan exhibition from collections in America and Japan, exh. cat., Los Angeles County Museum (Los Angeles, CA, 1952) p. 51, no. 17 | Seiichi Mizuno, ""Sekai toji zenshu (Catalogue of World's Ceramics)"", Kawade Shobo (Tokyo, Japan, 1955) pl. 47 | Ceramic Art of China, exh. cat., Oriental Ceramics Society (London, England, 1971) pg. 55, no. 9; illus. Pl. 8"
entity:artifact:2:206190,bibliography,"Henry Trubner, Chinese Ceramics, from the prehistoric period through Ch'ien Lung: a loan exhibition from collections in America and Japan, exh. cat., Los Angeles County Museum (Los Angeles, CA, 1952) p. 53, no. 28 | Ceramic Art of China, exh. cat., Oriental Ceramics Society (London, England, 1971) p. 57, no. 14; illus. Pl. 7"
entity:artifact:2:206236,bibliography,"Laurence C. S. Sickman, ""The Kuei of the Prince of San"", Bulletin of the Fogg Art Museum, President and Fellows of Harvard College (Cambridge, Mass., March 1940), vol. 9, no. 2, pp. 28-34 | Chen Mengjia, Yin Zhou qingtongqi fenlei tulu (A corpus of Chinese bronzes in American Collections), Kyuko Shoin (Tokyo, Japan, 1977) A 236"
entity:artifact:2:206304,bibliography,"Suzuki Kei, Chugoku kaiga sogo zuroku, Amerika Kanada hen (Comprehensive Illustrated Catalog of Chinese Paintings, Volume 1: American and Canadian Collections), University of Tokyo Press (Tokyo, Japan, 1982) pp. I-57 and I-432, no. A 10-034"
entity:artifact:2:206328,bibliography,"Felicity Lufkin, Folk Art and Modern Culture in Republican China, Lexington Books (Lanham, Boulder, New York, and London, 2016) p. 75, fig. 3.22"
entity:artifact:2:206379,bibliography,"Felicity Lufkin, Folk Art and Modern Culture in Republican China, Lexington Books (Lanham, Boulder, New York, and London, 2016) p. 131, fig. 5.9"
entity:artifact:2:206440,bibliography,"Felicity Lufkin, Folk Art and Modern Culture in Republican China, Lexington Books (Lanham, Boulder, New York, and London, 2016) p. 131, fig. 5.8"
entity:artifact:2:206472,bibliography,"Henry Trubner, Arts of the Han Dynasty, exh. cat., Chinese Art Society of America (New York, 1961) p. 30, no. 27"
entity:artifact:2:206490,bibliography,"Suzuki Kei, Chugoku kaiga sogo zuroku, Amerika Kanada hen (Comprehensive Illustrated Catalog of Chinese Paintings, Volume 1: American and Canadian Collections), University of Tokyo Press (Tokyo, Japan, 1982) p. 57, no. A 10-030"
entity:artifact:2:206491,bibliography,"Benjamin Rowland, Jr., Masterpieces of Chinese Bird and Flower Painting: a Loan Exhibition, October 30-December 14, 1951, exh. cat., Fogg Art Museum (Cambridge, Mass., 1951) p. 17, cat. 10; pl. III-B | Sherman E. Lee, Chinese Landscape Painting, exh. cat., Cleveland Museum of Art (Cleveland, OH, 1954) cat. no. 22, pp. 40 and 146, repr. p. 40, fig. 22 | Suzuki Kei, Chugoku kaiga sogo zuroku, Amerika Kanada hen (Comprehensive Illustrated Catalog of Chinese Paintings, Volume 1: American and Canadian Collections), University of Tokyo Press (Tokyo, Japan, 1982) pp. I-59 and I-433, no. A 10-050 | Kristin A. Mortimer and William G. Klingelhofer, Harvard University Art Museums: A Guide to the Collections, Harvard University Art Museums and Abbeville Press (Cambridge and New York, 1986) no. 28, p. 33"
entity:artifact:2:206493,bibliography,"Suzuki Kei, Chugoku kaiga sogo zuroku, Amerika Kanada hen (Comprehensive Illustrated Catalog of Chinese Paintings, Volume 1: American and Canadian Collections), University of Tokyo Press (Tokyo, Japan, 1982) p. 59, no. A 10-055"
entity:artifact:2:206494,bibliography,"Suzuki Kei, Chugoku kaiga sogo zuroku, Amerika Kanada hen (Comprehensive Illustrated Catalog of Chinese Paintings, Volume 1: American and Canadian Collections), University of Tokyo Press (Tokyo, Japan, 1982) pp. I-58 and I-432, no. A 10-039"
entity:artifact:2:206497,bibliography,"Suzuki Kei, Chugoku kaiga sogo zuroku, Amerika Kanada hen (Comprehensive Illustrated Catalog of Chinese Paintings, Volume 1: American and Canadian Collections), University of Tokyo Press (Tokyo, Japan, 1982) pp. I-59 and I-433, no. A 10-051"
entity:artifact:2:206498,bibliography,"Larry David Perkins, Intimate Rituals and Personal Devotions: Spiritual Art through the Ages, exh. cat., Samuel P. Harn Museum of Art (Gainesville, FL, 2000) p. 25, fig. 25"
entity:artifact:2:206500,bibliography,"Harvard University Art Museums, Harvard University Art Museums Annual Report 1997-98 (Cambridge, MA, 1999) p. 31"
entity:artifact:2:206522,bibliography,"Eugene Wang, ""Patterns Above and Within: The Picture of the Turning Sphere and Medieval Chinese Astral Imagination"", Books in Numbers, ed. Wilt Idema, Harvard-Yenching Library (Cambridge), pp. 49-90 pp. 49-90; fig. 3.1, fig. 3.2 | Suzuki Kei, Chugoku kaiga sogo zuroku, Amerika Kanada hen (Comprehensive Illustrated Catalog of Chinese Paintings, Volume 1: American and Canadian Collections), University of Tokyo Press (Tokyo, Japan, 1982) pp. I-56 and I-432, no. A 10-023 | Jennifer Purtle, ""Guam Daosheng and the Idea of a Great Woman Artist"", Orientations (Hong Kong, March/April 2018), vol. 49, no. 2, pp. 109-117 p. 116, fig. 9"
entity:artifact:2:206575,bibliography,"Suzuki Kei, Chugoku kaiga sogo zuroku, Amerika Kanada hen (Comprehensive Illustrated Catalog of Chinese Paintings, Volume 1: American and Canadian Collections), University of Tokyo Press (Tokyo, Japan, 1982) p. 56, no. A 10-025 | Hou-mei Sung, Decoded Messages: the Symbolic Language of Chinese Animal Painting, exh. cat., Yale University Press (U.S.) and Cincinnati Art Museum (New Haven, CT; Cincinnati, Ohio, 2009) pp. 201-202, cat. no. 68"
entity:artifact:2:206576,bibliography,"Sherman E. Lee, Chinese Landscape Painting, exh. cat., Cleveland Museum of Art (Cleveland, OH, 1954) cat. no. 28, pp. 61 and 148, repr. (det) p. 61, fig. 28"
entity:artifact:2:206580,bibliography,"Suzuki Kei, Chugoku kaiga sogo zuroku, Amerika Kanada hen (Comprehensive Illustrated Catalog of Chinese Paintings, Volume 1: American and Canadian Collections), University of Tokyo Press (Tokyo, Japan, 1982) p. 60, no. A 10-057 | Richard M. Barnhart, Painters of the Great Ming: The Imperial Court and the Zhe School, exh. cat., Dallas Museum of Art (Dallas, TX, 1993) p. 296, cat. 93 | Li-Tsui Flora Fu, Framing Famous Mountains: Grand Tour and Mingshan Paintings in Sixteenth-century China, The Chinese University Press (Hong Kong, 2009) Plate 1"
entity:artifact:2:206582,bibliography,"Suzuki Kei, Chugoku kaiga sogo zuroku, Amerika Kanada hen (Comprehensive Illustrated Catalog of Chinese Paintings, Volume 1: American and Canadian Collections), University of Tokyo Press (Tokyo, Japan, 1982) pp. I-54 and I-432, no. A 10-007"
entity:artifact:2:20956,bibliography,"Linda Komaroff, ed., The Legacy of Genghis Khan: Courtly Art and Culture in Western Asia, 1256-1353, exh. cat., Yale University Press (New Haven, CT, 2002) p. 29, fig. 25; p. 284, no. 186 | Massumeh Farhad and Mary McWilliams, ed., A Collector’s Passion: Ezzat-Malek Soudavar and Persian Lacquer, Harvard Art Museums and Freer/Sackler Galleries, Smithsonian Institution (Cambridge, MA/Washington, D.C., 2017) pp. 18-19, ill."
entity:artifact:2:20957,bibliography,"Suzanne G. Valenstein, ""Preliminary Findings on a 6th-Century Earthenware Jar"", Oriental Art, Oriental Art Magazine (Singapore, Winter 1997-1998), vol. XLIII, no. 4 p. 11, figs. 22-23 | Harvard University Art Museums, Harvard University Art Museums Annual Report 2004-2005 (Cambridge, MA, 2005) p. 10 | Suzanne G. Valenstein, Cultural Convergence in the Northern Qi Period: A Flamboyant Chinese Ceramic Container, A Research Monograph, The Metropolitan Museum of Art (New York, 2007) pp. 49, 129, figs. 81-82"
entity:artifact:2:20972,bibliography,"The Richard Bryant Hobart Collection of Chinese Ceramics & Paintings, Part Two, auct. cat., Parke-Bernet Galleries, Inc. (New York, 1969) pp. 40-41, no. 214 | Harvard University Art Museums, Harvard University Art Museums Annual Report 2005-2006 (Cambridge, MA, 2007) p. 13 | Stephan Wolohojian and Alvin L. Clark, Jr., Harvard Art Museum/ Handbook, ed. Stephan Wolohojian, Harvard Art Museum (Cambridge, 2008) p. 54"
entity:artifact:2:21116,bibliography,"Robert D. Mowry, The New Chinese Landscape: Recent Acquisitions, exh. cat., Harvard University Art Museums (Cambridge, Mass., 2006) pp. 1, 5, 12; front cover | Kwai Fung Hin Art Gallery, Li Huayi: Landscapes from a Master's Heart, Kwai Fung Art Publishing House and Rizzoli (Hong Kong, 2018) pp. 86-87"
entity:artifact:2:21117,bibliography,"Fine Chinese Ceramics and Works of Art, auct. cat., Sotheby's, New York (New York, March 31-April 1, 2005) lot 3"
entity:artifact:2:4586,bibliography,"Robert D. Mowry, The New Chinese Landscape: Recent Acquisitions, exh. cat., Harvard University Art Museums (Cambridge, Mass., 2006) pp. 5-6, 8-9, 12, fig. 4"
entity:artifact:2:4615,bibliography,"Robert D. Mowry, The New Chinese Landscape: Recent Acquisitions, exh. cat., Harvard University Art Museums (Cambridge, Mass., 2006) pp. 5-6, 8-9, 12, fig. 4"
entity:artifact:2:4640,bibliography,"Robert D. Mowry, The New Chinese Landscape: Recent Acquisitions, exh. cat., Harvard University Art Museums (Cambridge, Mass., 2006) pp. 5-6, 8-9, 12, fig. 4"
entity:artifact:2:4641,bibliography,"Stephan Wolohojian and Alvin L. Clark, Jr., Harvard Art Museum/ Handbook, ed. Stephan Wolohojian, Harvard Art Museum (Cambridge, 2008) p. 32"
entity:artifact:2:4642,bibliography,"Zoe Kwok, The Eternal Feast: Banqueting in Chinese Art from the 10th to the 14th Century, exh. cat., Princeton University Art Museum (New Haven, 2019) pp. 174-177, cat. 43"
entity:artifact:2:48082,bibliography,"Max Oidtmann, Forging the Golden Urn: The Qing Empire and the Politics of Reincarnation in Tibet, Columbia University Press (New York, 2018) p. 202, ill."
entity:artifact:2:48084,bibliography,"Claudia Brown, Great Qing: Painting in China, 1644-1911, University of Washington Press (Seattle and London, 2014) pp. 214-215, fig. 8.11"
entity:artifact:2:48125,bibliography,"Max Oidtmann, Forging the Golden Urn: The Qing Empire and the Politics of Reincarnation in Tibet, Columbia University Press (New York, 2018) p. 202, ill."
entity:artifact:2:48126,bibliography,"Max Oidtmann, Forging the Golden Urn: The Qing Empire and the Politics of Reincarnation in Tibet, Columbia University Press (New York, 2018) Front cover, p. 203, ill."
entity:artifact:2:48127,bibliography,"Max Oidtmann, Forging the Golden Urn: The Qing Empire and the Politics of Reincarnation in Tibet, Columbia University Press (New York, 2018) p. 203, ill."
entity:artifact:2:48128,bibliography,"Max Oidtmann, Forging the Golden Urn: The Qing Empire and the Politics of Reincarnation in Tibet, Columbia University Press (New York, 2018) p. 203, ill."
entity:artifact:2:48145,bibliography,"Max Oidtmann, Forging the Golden Urn: The Qing Empire and the Politics of Reincarnation in Tibet, Columbia University Press (New York, 2018) p. 202, ill."
entity:artifact:2:48146,bibliography,"Max Oidtmann, Forging the Golden Urn: The Qing Empire and the Politics of Reincarnation in Tibet, Columbia University Press (New York, 2018) p. 203, ill."
entity:artifact:2:48182,bibliography,"Max Oidtmann, Forging the Golden Urn: The Qing Empire and the Politics of Reincarnation in Tibet, Columbia University Press (New York, 2018) p. 202, ill."
entity:artifact:2:5144,bibliography,"Robert D. Mowry, The New Chinese Landscape: Recent Acquisitions, exh. cat., Harvard University Art Museums (Cambridge, Mass., 2006) pp. 5-6, 8-9, 12, fig. 4"
entity:artifact:2:5145,bibliography,"Robert D. Mowry, The New Chinese Landscape: Recent Acquisitions, exh. cat., Harvard University Art Museums (Cambridge, Mass., 2006) pp. 5-6, 8-9, 12, fig. 4"
entity:artifact:2:5189,bibliography,"Robert D. Mowry, The New Chinese Landscape: Recent Acquisitions, exh. cat., Harvard University Art Museums (Cambridge, Mass., 2006) pp. 5-6, 8-9, 12, fig. 4"
entity:artifact:2:5204,bibliography,"Robert D. Mowry, The New Chinese Landscape: Recent Acquisitions, exh. cat., Harvard University Art Museums (Cambridge, Mass., 2006) pp. 5-6, 8-9, 12, fig. 4"
entity:artifact:2:5205,bibliography,"Robert D. Mowry, The New Chinese Landscape: Recent Acquisitions, exh. cat., Harvard University Art Museums (Cambridge, Mass., 2006) pp. 5-6, 8-9, 12, fig. 4"
entity:artifact:2:5215,bibliography,"Robert D. Mowry, The New Chinese Landscape: Recent Acquisitions, exh. cat., Harvard University Art Museums (Cambridge, Mass., 2006) pp. 5-6, 8-9, 12, fig. 4"
entity:artifact:2:5216,bibliography,"Robert D. Mowry, The New Chinese Landscape: Recent Acquisitions, exh. cat., Harvard University Art Museums (Cambridge, Mass., 2006) pp. 5-6, 8-9, 12, fig. 4"
entity:artifact:2:5217,bibliography,"Robert D. Mowry, The New Chinese Landscape: Recent Acquisitions, exh. cat., Harvard University Art Museums (Cambridge, Mass., 2006) pp. 5-6, 8-9, 12, fig. 4"
entity:artifact:2:5218,bibliography,"Robert D. Mowry, The New Chinese Landscape: Recent Acquisitions, exh. cat., Harvard University Art Museums (Cambridge, Mass., 2006) pp. 5-6, 8-9, 12, fig. 4"
entity:artifact:2:5219,bibliography,"Robert D. Mowry, The New Chinese Landscape: Recent Acquisitions, exh. cat., Harvard University Art Museums (Cambridge, Mass., 2006) pp. 5-6, 8-9, 12, fig. 4"
entity:artifact:2:5220,bibliography,"Robert D. Mowry, The New Chinese Landscape: Recent Acquisitions, exh. cat., Harvard University Art Museums (Cambridge, Mass., 2006) pp. 5-6, 8-9, 12, fig. 4"
entity:artifact:2:5221,bibliography,"Robert D. Mowry, The New Chinese Landscape: Recent Acquisitions, exh. cat., Harvard University Art Museums (Cambridge, Mass., 2006) pp. 5-6, 8-9, 12, fig. 4"
entity:artifact:2:5222,bibliography,"Robert D. Mowry, The New Chinese Landscape: Recent Acquisitions, exh. cat., Harvard University Art Museums (Cambridge, Mass., 2006) pp. 5-6, 8-9, 12, fig. 4"
entity:artifact:2:5368,bibliography,"Robert D. Mowry, The New Chinese Landscape: Recent Acquisitions, exh. cat., Harvard University Art Museums (Cambridge, Mass., 2006) pp. 5-6, 8-9, 12, fig. 4"
entity:artifact:2:5369,bibliography,"Robert D. Mowry, The New Chinese Landscape: Recent Acquisitions, exh. cat., Harvard University Art Museums (Cambridge, Mass., 2006) pp. 5-6, 8-9, 12, fig. 4"
entity:artifact:2:54342,bibliography,"Zoe Kwok, The Eternal Feast: Banqueting in Chinese Art from the 10th to the 14th Century, exh. cat., Princeton University Art Museum (New Haven, 2019) pp. 163-164, cat. 35"
entity:artifact:2:54474,bibliography,"Robert D. Mowry, Hare's Fur, Tortoiseshell, and Partridge Feathers: Chinese brown- and black-glazed ceramics, 400-1400, exh. cat., Harvard University Art Museums (Cambridge, MA, 1996) pp. 184-186, no. 65"
entity:artifact:2:54481,bibliography,"Robert D. Mowry, Hare's Fur, Tortoiseshell, and Partridge Feathers: Chinese brown- and black-glazed ceramics, 400-1400, exh. cat., Harvard University Art Museums (Cambridge, MA, 1996) pp. 154-155, no. 47"
entity:artifact:2:54939,bibliography,"Hugo Munsterberg, Dragons in Chinese Art, exh. cat., China House Gallery (New York, 1971) p. 58, no. 60"
entity:artifact:2:54940,bibliography,"Robert D. Mowry, Hare's Fur, Tortoiseshell, and Partridge Feathers: Chinese brown- and black-glazed ceramics, 400-1400, exh. cat., Harvard University Art Museums (Cambridge, MA, 1996) pp. 118-120, no. 20"
entity:artifact:2:5499,bibliography,"Robert D. Mowry, The New Chinese Landscape: Recent Acquisitions, exh. cat., Harvard University Art Museums (Cambridge, Mass., 2006) pp. 5-6, 8-9, 12, fig. 4"
entity:artifact:2:5500,bibliography,"Robert D. Mowry, The New Chinese Landscape: Recent Acquisitions, exh. cat., Harvard University Art Museums (Cambridge, Mass., 2006) pp. 5-6, 8-9, 12, fig. 4"
entity:artifact:2:5501,bibliography,"Robert D. Mowry, The New Chinese Landscape: Recent Acquisitions, exh. cat., Harvard University Art Museums (Cambridge, Mass., 2006) pp. 5-6, 8-9, 12, fig. 4"
entity:artifact:2:5502,bibliography,"Robert D. Mowry, The New Chinese Landscape: Recent Acquisitions, exh. cat., Harvard University Art Museums (Cambridge, Mass., 2006) pp. 5-6, 8-9, 12, fig. 4"
entity:artifact:2:5524,bibliography,"Robert D. Mowry, The New Chinese Landscape: Recent Acquisitions, exh. cat., Harvard University Art Museums (Cambridge, Mass., 2006) pp. 5-6, 8-9, 12, fig. 4"
entity:artifact:2:5525,bibliography,"Robert D. Mowry, The New Chinese Landscape: Recent Acquisitions, exh. cat., Harvard University Art Museums (Cambridge, Mass., 2006) pp. 5-6, 8-9, 12, fig. 4"
entity:artifact:2:5673,bibliography,"Robert D. Mowry, The New Chinese Landscape: Recent Acquisitions, exh. cat., Harvard University Art Museums (Cambridge, Mass., 2006) pp. 5-6, 8-9, 12, fig. 4"
entity:artifact:2:6314,bibliography,"Yutaka Mino, Chinese Relics from the Collection of Dr. Ralph Marcove, exh. cat., Indianapolis Museum of Art (1981) p. 54, cat. no. 81"
entity:artifact:2:64558,bibliography,"Robert D. Mowry, Hare's Fur, Tortoiseshell, and Partridge Feathers: Chinese brown- and black-glazed ceramics, 400-1400, exh. cat., Harvard University Art Museums (Cambridge, MA, 1996) pp. 224-225, no. 86"
entity:artifact:2:64559,bibliography,"Robert D. Mowry, Hare's Fur, Tortoiseshell, and Partridge Feathers: Chinese brown- and black-glazed ceramics, 400-1400, exh. cat., Harvard University Art Museums (Cambridge, MA, 1996) pp. 238-240, no. 95"
entity:artifact:2:70462,bibliography,"Marika Sardar, ed., Image? The Power of the Visual, exh. cat., The Aga Khan Museum (Toronto, 2022) pp. 30-31, cat. 2"
entity:artifact:2:70471,bibliography,"Robert D. Mowry, Hare's Fur, Tortoiseshell, and Partridge Feathers: Chinese brown- and black-glazed ceramics, 400-1400, exh. cat., Harvard University Art Museums (Cambridge, MA, 1996) pp. 269-271, no. 112"
entity:artifact:2:70508,bibliography,"Robert D. Mowry, Hare's Fur, Tortoiseshell, and Partridge Feathers: Chinese brown- and black-glazed ceramics, 400-1400, exh. cat., Harvard University Art Museums (Cambridge, MA, 1996) pp. 142-144, no. 38b"
entity:artifact:2:73713,bibliography,"Stephan Wolohojian and Alvin L. Clark, Jr., Harvard Art Museum/ Handbook, ed. Stephan Wolohojian, Harvard Art Museum (Cambridge, 2008) p. 2 | Thomas W. Lentz, ed., Harvard University Art Museums Annual Report 2006-7, Harvard University Art Museums (Cambridge, 2008) p. 12, repr."
entity:artifact:2:77785,bibliography,"Abby Hykin, ""FT-IR Analysis of Asian Lacquers"" (thesis (certificate in conservation), Straus Center for Conservation and Technical Studies, 1993), Unpublished pp. 1-6 passim"
entity:artifact:2:78047,bibliography,"Harvard University Art Museums, Harvard University Art Museums Annual Report 2003-2004 (Cambridge, MA, 2005) p. 22 | Jerome Silbergeld, Outside In: Chinese x American x Contemporary Art, Princeton University Art Museum (Princeton, New Jersey, 2009) p. 241, fig. 3"
entity:artifact:2:78048,bibliography,"James Cahill, ed., The Restless Landscape: Chinese Painting of the Late Ming Period, exh. cat., University Art Museum, Berkeley (Berkeley, California, 1971) Cat. no. 33, pp. 90-95; illustrated on p. 95 | James Cahill, The Distant Mountains: Chinese Painting of the Late Ming Dynasty, 1570-1644, Weatherhill Inc. (New York, 1982) pp. 92–94, pl. 38 | Wai-kam Ho, ed., The Century of Tung Ch'i-ch'ang, Nelson-Atkins Museum of Art and University of Washington Press (Seattle, WA, 1992) pp. 22–23, fig. 5 | Yan jiang diezhang tu’ yu Dong Qichang de zhengzhi yinqing 〈煙江疊嶂圖〉與董其昌的政治隱情, Palace Museum Academic Quarterly 故宮學術季刊 (2019), 36, no. 2 p. 30"
entity:artifact:2:78261,bibliography,"Candace J. Lewis, Into the Afterlife: Han and Six Dynasties Chinese Tomb Sculpture from the Schloss Collection, exh. cat., Vassar College Art Gallery (Poughkeepsie, NY, 1990) pp. 62-63, cat. no. 21, repr."
entity:artifact:2:92536,bibliography,"Sanchita Balachandran, ""Research into the Collecting and Conservation History of Chinese Wall Paintings from Dunhuang in the Harvard University Art Museums"" (thesis (certificate in conservation), Straus Center for Conservation and Technical Studies, 2004), Unpublished passim | Sanchita Balachandran, Object Lessons: The Politics of Preservation and Museum Building in Western China in the Early Twentieth Century, International Journal of Cultural Property (2007), Vol. 14, No. 1, 1-32"
entity:artifact:2:93622,bibliography,"Chinese Ceramics and Works of Art, Spring 2003, auct. cat., The Chinese Porcelain Company (New York, NY, 2003) no. 1, pp. 8-9"
entity:artifact:2:94538,bibliography,"Sueji Umehara, Shina-Kodo Seikwa (Selected Relics of Ancient Chinese Bronzes from Collections in Europe and America), Yamanaka & Co. (Osaka, Japan, 1933) part 1, vol. 2, no. 144 | Exhibition of Ancient Chinese Bronzes and Buddhist Art Dating from Shang Dynasty 1766 B.C. to Yuan Dynasty A.D. 1367, auct. cat., Yamanaka & Co. (New York, NY, October 1938) p. 51, no. 32 | Rong Geng [Jung Keng], Shang Zhou Yiqi Tongkao (The Bronzes of Shang and Chou), Harvard-Yenching Institute (Beijing, 1941) vol. 1, p. 428; vol.2, p. 354, no. 680 | Yumiko Suefusa, ""In Shū seidō iki no bi—jikō no kikei to sōshoku"" [""Yin and Chou Bronzes with Special Reference to Ssü-kuang Type Receptacles""], Kobijutsu, No. 55, pp. 29-61, March 1978 no. 25"
entity:artifact:2:94680,bibliography,"Suzuki Kei, Chugoku kaiga sogo zuroku, Amerika Kanada hen (Comprehensive Illustrated Catalog of Chinese Paintings, Volume 1: American and Canadian Collections), University of Tokyo Press (Tokyo, Japan, 1982) pp. I-58 and I-432, no. A 10-038 | Sören Edgren, Southern Song Printing at Hangzhou, The Museum of Far Eastern Antiquities (Östasiatiska museet) Stockholm, Bulletin no. 61, 1989 p. 204, pl. 15 | Marsha Weidner, ed., Latter Days of the Law: Images of Chinese Buddhism, 850-1850, exh. cat., Spencer Museum of Art (Lawrence, Kansas, 1994) pp. 303-305, cat. 37 | Eugene Wang, Shaping the Lotus Sutra: Buddhist Visual Culture in Medieval China, University of Washington Press (Seattle, 2005) pp. 320-321, fig. 6.2 | Clarissa von Spee, China's Southern Paradise, exh. cat., Cleveland Museum of Art (Cleveland, 2023) pp. 143-145, cat. 43"
entity:artifact:2:97296,bibliography,"Fine Chinese Ceramics and Works of Art, auct. cat., Sotheby's, New York (New York, September 19, 2002) lot 17 | Julie Wertz, Georgina Rayner, Katherine Eremin, Susan Costello, Angela Chang, and Melissa Moy, ""Material investigation of cold-painted funerary ceramics from the Han dynasty"", ICOM-CC 19th Triennial Conference (Beijing, 2021), pp. 1-10 pp. 1, 3, fig. 1.4, 4 | Julie Wertz, Georgina Rayner, Katherine Eremin, Susan Costello, Angela Chang, and Melissa Moy, Material investigation of cold-painted Han dynasty funerary ceramics, ICOM-CC 19th Triennial Conference Preprints, ICOM-CC (https://www.icom-cc-publications-online.org/4263/Material-investigation-of-cold-painted-funerary-ceramics-of-the-Han-dynasty, May 2021) Figure 1, Page 1; Figure 4, Page 3"
entity:artifact:2:99543,bibliography,"Bao pu yi tao: Zhongguo xinshiqi shidai de taoqi yu yuqi [Pottery and Jades of China's Neolithic Age], auct. cat., Yunzhongju guwan youxian gongsi (Taibei Shi, 2001) no. 2"
entity:artifact:2:99777,bibliography,"Jason C. Kuo, Born of Earth and Fire: Chinese Ceramics from the Scheinman Collection, exh. cat., ed. Jason C. Kuo, Baltimore Museum of Art (College Park, MD, 1992) p. 82, no. 61 | Robert D. Mowry, Hare's Fur, Tortoiseshell, and Partridge Feathers: Chinese brown- and black-glazed ceramics, 400-1400, exh. cat., Harvard University Art Museums (Cambridge, MA, 1996) p. 148, no. 42"
entity:artifact:2:99837,bibliography,"Elizabeth LaDuc, ""Technical Study of Chinese Ceramics from the Qijia Culture (c.2200-1600 BCE)"" (2016) | Elizabeth LaDuc and Angela Chang, ""Analysis and Replication Studies of Prehistoric Chinese Ceramics from the Qijia Culture"", MRS Advances (2017), vol. 2, pp. 1849-1867 figs. 1, 6, 15"
entity:artifact:2:99840,bibliography,"Carolyn Kyongshin Koh Choo, Traditional Korean Ceramics: A Look by a Scientist, Designnanoom (Seoul, 2016) p. 161, fig. 7-9"
entity:artifact:2:99888,bibliography,"Bao pu yi tao: Zhongguo xinshiqi shidai de taoqi yu yuqi [Pottery and Jades of China's Neolithic Age], auct. cat., Yunzhongju guwan youxian gongsi (Taibei Shi, 2001) no. 81"
entity:artifact:2:99889,bibliography,"Transitory and Timeless: Ancient Chinese Pottery, auct. cat., The Chinese Porcelain Company (New York, 2002) no. 23, p. 25"
entity:artifact:2:99895,bibliography,"Fine Chinese Ceramics and Works of Art, auct. cat., Sotheby's, New York (New York, September 19, 2002) lot 17 | Julie Wertz, Georgina Rayner, Katherine Eremin, Susan Costello, Angela Chang, and Melissa Moy, ""Material investigation of cold-painted funerary ceramics from the Han dynasty"", ICOM-CC 19th Triennial Conference (Beijing, 2021), pp. 1-10 p. 1, fig. 1.3 | Julie Wertz, Georgina Rayner, Katherine Eremin, Susan Costello, Angela Chang, and Melissa Moy, Material investigation of cold-painted Han dynasty funerary ceramics, ICOM-CC 19th Triennial Conference Preprints, ICOM-CC (https://www.icom-cc-publications-online.org/4263/Material-investigation-of-cold-painted-funerary-ceramics-of-the-Han-dynasty, May 2021) Figure 1, Page 1;"
