from,relation,to
entity:artifact:1:ld1-1643381040022-1643381041048-0,dimensions,35 x 22
entity:artifact:1:ld1-1643381040022-1643381041076-1,dimensions,16 x 12
entity:artifact:1:ld1-1643381040022-1643381042241-1,dimensions,8 x 16
entity:artifact:1:ld1-1643381040022-1643381046516-1,dimensions,8 x 9
entity:artifact:1:ld1-1643381040022-1643381046517-0,dimensions,2 x 9
entity:artifact:1:ld1-1643381040022-1643381049785-0,dimensions,2 x 11
entity:artifact:1:ld1-1643381040022-1643381051352-0,dimensions,8 x 13
entity:artifact:1:ld1-1643381040022-1643381054060-0,dimensions,2 x 4
entity:artifact:1:ld1-1643381040022-1643381054509-0,dimensions,42 x 28 in
entity:artifact:1:ld1-1643381040022-1643381055993-0,dimensions,8 x 13
entity:artifact:1:ld1-1643381040022-1643381057909-1,dimensions,4 x 46
entity:artifact:1:ld1-1643381040022-1643381059066-0,dimensions,2 x 18 in
entity:artifact:1:ld1-1643381040022-1643381060180-0,dimensions,2 x 17
entity:artifact:1:ld1-1643381040022-1643381060244-1,dimensions,2 x 4
entity:artifact:1:ld1-1643381040022-1643381060334-0,dimensions,8 x 4
entity:artifact:1:ld1-1643381040022-1643381062968-0,dimensions,8 x 9 in
entity:artifact:1:ld1-1643381040022-1643381064179-0,dimensions,8 x 28
entity:artifact:1:ld1-1643381040022-1643381066734-0,dimensions,2 x 1
entity:artifact:1:ld1-1643381040022-1643381066735-0,dimensions,4 x 3 x 4 in
entity:artifact:1:ld1-1643390182193-1643390182369-0,dimensions,99 x 43.2 cm
entity:artifact:1:ld1-1643390182193-1643390182789-0,dimensions,23.7 x 8.3 cm
entity:artifact:1:ld1-1643390182193-1643390182964-0,dimensions,8.7 x 13.8 cm
entity:artifact:1:ld1-1643390182193-1643390183661-0,dimensions,156.7 x 360.6 cm
entity:artifact:1:ld1-1643390182193-1643390183796-0,dimensions,173.6 x 381.8 cm
entity:artifact:1:ld1-1643390182193-1643390183796-1,dimensions,173.8 x 381.8 cm
entity:artifact:1:ld1-1643390182193-1643390184157-0,dimensions,22 x 21.4 cm
entity:artifact:1:ld1-1643390182193-1643390184220-1,dimensions,435.5 x 311.2 cm
entity:artifact:1:ld1-1643390182193-1643390184307-0,dimensions,152 x 162 cm
entity:artifact:1:ld1-1643390182193-1643390184337-0,dimensions,108.5 x 49.2 cm
entity:artifact:1:ld1-1643390182193-1643390184342-0,dimensions,27.8 x 24.2 cm
entity:artifact:1:ld1-1643390182193-1643390184345-0,dimensions,38.4 x 314.4 cm
entity:artifact:1:ld1-1643390182193-1643390184347-0,dimensions,61.5 x 41 cm
entity:artifact:1:ld1-1643390182193-1643390184613-0,dimensions,3.3 x 9.2 cm
entity:artifact:1:ld1-1643390182193-1643390184722-0,dimensions,200.8 x 55.2 cm
entity:artifact:1:ld1-1643390182193-1643390184723-0,dimensions,42.7 x 65.1 cm
entity:artifact:1:ld1-1643390182193-1643390184728-0,dimensions,24.2 x 24.4 cm
entity:artifact:1:ld1-1643390182193-1643390184737-0,dimensions,35.8 x 26.8 cm
entity:artifact:1:ld1-1643390182193-1643390184810-0,dimensions,14.4 x 16.8 cm
entity:artifact:1:ld1-1643390182193-1643390184821-0,dimensions,22.7 x 9.8 x 9.6 cm
entity:artifact:1:ld1-1643390182193-1643390184828-0,dimensions,94.5 x 45.8 cm
entity:artifact:1:ld1-1643390182193-1643390184854-0,dimensions,25.4 x 36.3 cm
entity:artifact:1:ld1-1643390182193-1643390184879-0,dimensions,27.7 x 271.1 cm
entity:artifact:1:ld1-1643390182193-1643390185006-0,dimensions,24.9 x 21.5 cm
entity:artifact:1:ld1-1643390182193-1643390185147-1,dimensions,28.9 x 28.8 cm
entity:artifact:1:ld1-1643390182193-1643390185158-0,dimensions,81.3 x 53.5 cm
entity:artifact:1:ld1-1643390182193-1643390185171-0,dimensions,168.5 x 73.1 cm
entity:artifact:1:ld1-1643390182193-1643390185239-0,dimensions,216.5 x 50.1 x 606.5 cm
entity:artifact:1:ld1-1643390182193-1643390185382-0,dimensions,12 x 15.8 cm
entity:artifact:1:ld1-1643390182193-1643390185394-1,dimensions,90.7 x 49.3 cm
entity:artifact:1:ld1-1643390182193-1643390185400-0,dimensions,189.3 x 81.4 cm
entity:artifact:1:ld1-1643390182193-1643390185439-0,dimensions,2.5 x 9.7 cm
entity:artifact:1:ld1-1643390182193-1643390185478-0,dimensions,41.8 x 21.5 x 22.3 cm
entity:artifact:1:ld1-1643390182193-1643390185489-0,dimensions,19 x 23.1 cm
entity:artifact:1:ld1-1643390182193-1643390185502-0,dimensions,84.4 x 44 cm
entity:artifact:1:ld1-1643390182193-1643390185503-0,dimensions,14.9 x 29.7 cm
entity:artifact:1:ld1-1643390182193-1643390185504-0,dimensions,6.9 x 18.6 cm
entity:artifact:1:ld1-1643390182193-1643390185557-0,dimensions,109.9 x 52.7 cm
entity:artifact:1:ld1-1643390182193-1643390185859-1,dimensions,15.7 x 1.1 cm
entity:artifact:1:ld1-1643390182193-1643390185861-1,dimensions,13.8 x 1.1 cm
entity:artifact:1:ld1-1643390182193-1643390185863-0,dimensions,8.2 x 1 cm
entity:artifact:1:ld1-1643390182193-1643390185954-0,dimensions,105.4 x 44.4 cm
entity:artifact:1:ld1-1643390182193-1643390185955-0,dimensions,105.3 x 44.4 cm
entity:artifact:1:ld1-1643390182193-1643390185990-0,dimensions,8 x 9.2 cm
entity:artifact:1:ld1-1643390182193-1643390185990-1,dimensions,3.2 x 10.6 cm
entity:artifact:1:ld1-1643390182193-1643390185991-0,dimensions,2.3 x 10.8 cm
entity:artifact:1:ld1-1643390182193-1643390186230-0,dimensions,56.6 x 638.1 cm
entity:artifact:1:ld1-1643390182193-1643390186427-0,dimensions,14.9 x 15.3 x 9 cm
entity:artifact:1:ld1-1643390182193-1643390186431-0,dimensions,42.9 x 19.6 x 14.1 cm
entity:artifact:1:ld1-1643390182193-1643390186434-0,dimensions,14.3 x 9.6 x 5.8 cm
entity:artifact:1:ld1-1643390182193-1643390186435-0,dimensions,32.7 x 13.8 x 11.3 cm
entity:artifact:1:ld1-1643390182193-1643390186438-0,dimensions,28.9 x 13.4 x 14 cm
entity:artifact:1:ld1-1643390182193-1643390186440-0,dimensions,8.9 x 34.9 x 13.8 cm
entity:artifact:1:ld1-1643390182193-1643390186482-0,dimensions,196.2 x 98.2 cm
entity:artifact:1:ld1-1643390182193-1643390186483-0,dimensions,197.5 x 98.4 cm
entity:artifact:1:ld1-1643390182193-1643390186488-0,dimensions,71.7 x 37.5 cm
entity:artifact:1:ld1-1643390182193-1643390186489-0,dimensions,186.2 x 95.1 cm
entity:artifact:1:ld1-1643390182193-1643390186490-0,dimensions,101.7 x 59.6 cm
entity:artifact:1:ld1-1643390182193-1643390186493-0,dimensions,147 x 74.8 cm
entity:artifact:1:ld1-1643390182193-1643390186498-0,dimensions,25.5 x 24.2 cm
entity:artifact:1:ld1-1643390182193-1643390186502-0,dimensions,17.8 x 22.4 cm
entity:artifact:1:ld1-1643390182193-1643390186507-0,dimensions,41.6 x 29.9 cm
entity:artifact:1:ld1-1643390182193-1643390186509-0,dimensions,117.5 x 58.4 cm
entity:artifact:1:ld1-1643390182193-1643390186515-0,dimensions,13.8 x 147.6 cm
entity:artifact:1:ld1-1643390182193-1643390186517-0,dimensions,25.5 x 189.5 cm
entity:artifact:1:ld1-1643390182193-1643390186518-0,dimensions,30 x 469 cm
entity:artifact:1:ld1-1643390182193-1643390186519-0,dimensions,29.6 x 329 cm
entity:artifact:1:ld1-1643390182193-1643390186521-1,dimensions,21.1 x 292.3 cm
entity:artifact:1:ld1-1643390182193-1643390186522-0,dimensions,35.8 x 323.3 cm
entity:artifact:1:ld1-1643390182193-1643390186523-0,dimensions,34.5 x 265.1 cm
entity:artifact:1:ld1-1643390182193-1643390186525-0,dimensions,26.6 x 322.3 cm
entity:artifact:1:ld1-1643390182193-1643390186526-0,dimensions,30 x 1075.6 cm
entity:artifact:1:ld1-1643390182193-1643390186527-0,dimensions,32.3 x 1062.8 cm
entity:artifact:1:ld1-1643390182193-1643390186528-0,dimensions,29.9 x 406.3 cm
entity:artifact:1:ld1-1643390182193-1643390186529-0,dimensions,41 x 278.3 cm
entity:artifact:1:ld1-1643390182193-1643390186534-0,dimensions,24.8 x 92.6 cm
entity:artifact:1:ld1-1643390182193-1643390186536-0,dimensions,34.3 x 236.9 cm
entity:artifact:1:ld1-1643390182193-1643390186539-0,dimensions,26.1 x 446.5 cm
entity:artifact:1:ld1-1643390182193-1643390186541-0,dimensions,30.7 x 255.5 cm
entity:artifact:1:ld1-1643390182193-1643390186542-0,dimensions,53.1 x 170 cm
entity:artifact:1:ld1-1643390182193-1643390186544-0,dimensions,29.7 x 121.1 cm
entity:artifact:1:ld1-1643390182193-1643390186545-1,dimensions,48.3 x 290.2 cm
entity:artifact:1:ld1-1643390182193-1643390186547-0,dimensions,33.8 x 272.6 cm
entity:artifact:1:ld1-1643390182193-1643390186548-0,dimensions,34.9 x 231.8 cm
entity:artifact:1:ld1-1643390182193-1643390186550-0,dimensions,33.9 x 1121.7 cm
entity:artifact:1:ld1-1643390182193-1643390186551-0,dimensions,25 x 116.6 cm
entity:artifact:1:ld1-1643390182193-1643390186552-0,dimensions,26.9 x 125.5 cm
entity:artifact:1:ld1-1643390182193-1643390186553-0,dimensions,36.2 x 293.3 cm
entity:artifact:1:ld1-1643390182193-1643390186554-0,dimensions,31.5 x 623 cm
entity:artifact:1:ld1-1643390182193-1643390186555-0,dimensions,18.6 x 173.9 cm
entity:artifact:1:ld1-1643390182193-1643390186556-0,dimensions,42 x 252 cm
entity:artifact:1:ld1-1643390182193-1643390186558-1,dimensions,39.5 x 64.8 cm
entity:artifact:1:ld1-1643390182193-1643390186560-0,dimensions,23.4 x 19 cm
entity:artifact:1:ld1-1643390182193-1643390186561-0,dimensions,39.5 x 64.8 cm
entity:artifact:1:ld1-1643390182193-1643390186562-0,dimensions,39.5 x 64.8 cm
entity:artifact:1:ld1-1643390182193-1643390186564-1,dimensions,23.4 x 21.3 cm
entity:artifact:1:ld1-1643390182193-1643390186566-0,dimensions,29.5 x 29.1 cm
entity:artifact:1:ld1-1643390182193-1643390186566-1,dimensions,24.2 x 23.8 cm
entity:artifact:1:ld1-1643390182193-1643390186568-0,dimensions,41.4 x 21.8 cm
entity:artifact:1:ld1-1643390182193-1643390186569-0,dimensions,24.6 x 24.7 cm
entity:artifact:1:ld1-1643390182193-1643390186576-0,dimensions,24.2 x 26.5 cm
entity:artifact:1:ld1-1643390182193-1643390186576-1,dimensions,22.4 x 22.8 cm
entity:artifact:1:ld1-1643390182193-1643390186578-0,dimensions,25.1 x 26.1 cm
entity:artifact:1:ld1-1643390182193-1643390186579-0,dimensions,27 x 30.2 cm
entity:artifact:1:ld1-1643390182193-1643390186579-1,dimensions,27.6 x 25.9 cm
entity:artifact:1:ld1-1643390182193-1643390186581-0,dimensions,24.6 x 27.1 cm
entity:artifact:1:ld1-1643390182193-1643390186583-0,dimensions,20.2 x 21.2 cm
entity:artifact:1:ld1-1643390182193-1643390186584-0,dimensions,25.3 x 25.4 cm
entity:artifact:1:ld1-1643390182193-1643390186584-1,dimensions,29.2 x 26.9 cm
entity:artifact:1:ld1-1643390182193-1643390186585-0,dimensions,20.9 x 21.1 cm
entity:artifact:1:ld1-1643390182193-1643390186586-0,dimensions,21.2 x 21 cm
entity:artifact:1:ld1-1643390182193-1643390186587-0,dimensions,27.5 x 27.6 cm
entity:artifact:1:ld1-1643390182193-1643390186589-0,dimensions,19.5 x 22.3 cm
entity:artifact:1:ld1-1643390182193-1643390186590-0,dimensions,29 x 25.7 cm
entity:artifact:1:ld1-1643390182193-1643390186592-0,dimensions,23.1 x 23 cm
entity:artifact:1:ld1-1643390182193-1643390186593-0,dimensions,20.2 x 22.8 cm
entity:artifact:1:ld1-1643390182193-1643390186594-0,dimensions,27.9 x 34.1 cm
entity:artifact:1:ld1-1643390182193-1643390186597-1,dimensions,31.5 x 26.6 cm
entity:artifact:1:ld1-1643390182193-1643390186598-0,dimensions,27.9 x 34.1 cm
entity:artifact:1:ld1-1643390182193-1643390186599-1,dimensions,33.7 x 23.7 cm
entity:artifact:1:ld1-1643390182193-1643390186600-0,dimensions,35 x 25.2 cm
entity:artifact:1:ld1-1643390182193-1643390186606-1,dimensions,32.6 x 26.2 cm
entity:artifact:1:ld1-1643390182193-1643390186607-0,dimensions,30.8 x 25.2 cm
entity:artifact:1:ld1-1643390182193-1643390186608-0,dimensions,29.5 x 24.9 cm
entity:artifact:1:ld1-1643390182193-1643390186608-1,dimensions,30.9 x 22.8 cm
entity:artifact:1:ld1-1643390182193-1643390186609-0,dimensions,24.9 x 31.7 cm
entity:artifact:1:ld1-1643390182193-1643390186610-0,dimensions,32.6 x 26.7 cm
entity:artifact:1:ld1-1643390182193-1643390186611-0,dimensions,23.9 x 29.1 cm
entity:artifact:1:ld1-1643390182193-1643390186615-1,dimensions,23.4 x 21.8 cm
entity:artifact:1:ld1-1643390182193-1643390186616-0,dimensions,23.4 x 21.8 cm
entity:artifact:1:ld1-1643390182193-1643390186617-0,dimensions,23.5 x 21.8 cm
entity:artifact:1:ld1-1643390182193-1643390186618-0,dimensions,23.4 x 21.8 cm
entity:artifact:1:ld1-1643390182193-1643390186619-0,dimensions,23.4 x 21.7 cm
entity:artifact:1:ld1-1643390182193-1643390186620-0,dimensions,23.4 x 21.9 cm
entity:artifact:1:ld1-1643390182193-1643390186621-0,dimensions,23.4 x 21.8 cm
entity:artifact:1:ld1-1643390182193-1643390186621-1,dimensions,23.4 x 21.8 cm
entity:artifact:1:ld1-1643390182193-1643390186622-0,dimensions,38.6 x 28.8 cm
entity:artifact:1:ld1-1643390182193-1643390186623-0,dimensions,44.5 x 30.3 cm
entity:artifact:1:ld1-1643390182193-1643390186628-0,dimensions,29.9 x 23 cm
entity:artifact:1:ld1-1643390182193-1643390186632-0,dimensions,40.2 x 36.2 cm
entity:artifact:1:ld1-1643390182193-1643390186635-0,dimensions,30.8 x 21.4 cm
entity:artifact:1:ld1-1643390182193-1643390186638-0,dimensions,19.6 x 20.4 cm
entity:artifact:1:ld1-1643390182193-1643390186640-0,dimensions,24.7 x 22.8 cm
entity:artifact:1:ld1-1643390182193-1643390186641-0,dimensions,22 x 22.6 cm
entity:artifact:1:ld1-1643390182193-1643390186642-0,dimensions,32.1 x 25.6 cm
entity:artifact:1:ld1-1643390182193-1643390186645-0,dimensions,25.2 x 36.1 cm
entity:artifact:1:ld1-1643390182193-1643390186650-1,dimensions,29.1 x 20.3 x 14 cm
entity:artifact:1:ld1-1643390182193-1643390186651-0,dimensions,24.8 x 35.6 cm
entity:artifact:1:ld1-1643390182193-1643390186655-0,dimensions,26.3 x 8.6 cm
entity:artifact:1:ld1-1643390182193-1643390186656-0,dimensions,26 x 8.6 x 7.4 cm
entity:artifact:1:ld1-1643390182193-1643390186657-0,dimensions,18 x 7.7 x 7 cm
entity:artifact:1:ld1-1643390182193-1643390186658-0,dimensions,23 x 11.9 x 6.8 cm
entity:artifact:1:ld1-1643390182193-1643390186660-0,dimensions,10.6 x 5.5 cm
entity:artifact:1:ld1-1643390182193-1643390186661-0,dimensions,11.3 x 2.6 cm
entity:artifact:1:ld1-1643390182193-1643390186666-1,dimensions,14 x 1 cm
entity:artifact:1:ld1-1643390182193-1643390186667-0,dimensions,16.9 x 0.9 cm
entity:artifact:1:ld1-1643390182193-1643390186668-1,dimensions,17.8 x 1.3 cm
entity:artifact:1:ld1-1643390182193-1643390186670-0,dimensions,26.9 x 32.2 cm
entity:artifact:1:ld1-1643390182193-1643390186672-1,dimensions,44.1 x 24.6 x 8.7 cm
entity:artifact:1:ld1-1643390182193-1643390186675-0,dimensions,20.2 x 12 x 6 cm
entity:artifact:1:ld1-1643390182193-1643390186676-0,dimensions,91.7 x 39.8 x 23.7 cm
entity:artifact:1:ld1-1643390182193-1643390186677-1,dimensions,30.9 x 18.5 x 6.7 cm
entity:artifact:1:ld1-1643390182193-1643390186680-0,dimensions,71 x 35.1 x 28.1 cm
entity:artifact:1:ld1-1643390182193-1643390186681-1,dimensions,18.8 x 14.3 x 7 cm
entity:artifact:1:ld1-1643390182193-1643390186684-1,dimensions,27.7 x 20.7 cm
entity:artifact:1:ld1-1643390182193-1643390186705-0,dimensions,28.5 x 16.7 cm
entity:artifact:1:ld1-1643390182193-1643390186706-0,dimensions,20.5 x 5.8 cm
entity:artifact:1:ld1-1643390182193-1643390186708-0,dimensions,7.1 x 10.6 cm
entity:artifact:1:ld1-1643390182193-1643390186711-1,dimensions,32.8 x 32.4 cm
entity:artifact:1:ld1-1643390182193-1643390186712-0,dimensions,3.1 x 26.3 cm
entity:artifact:1:ld1-1643390182193-1643390186715-0,dimensions,24.2 x 1.4 cm
entity:artifact:1:ld1-1643390182193-1643390186715-1,dimensions,22.1 x 1.4 cm
entity:artifact:1:ld1-1643390182193-1643390186723-0,dimensions,95.6 x 379.1 cm
entity:artifact:1:ld1-1643390182193-1643390186746-1,dimensions,20.7 x 32.7 cm
entity:artifact:1:ld1-1643390182193-1643390186747-0,dimensions,17.4 x 5.1 cm
entity:artifact:1:ld1-1643390182193-1643390186748-0,dimensions,17.3 x 5.1 cm
entity:artifact:1:ld1-1643390182193-1643390186760-1,dimensions,142 x 113 cm
entity:artifact:1:ld1-1643390182193-1643390186761-0,dimensions,228.7 x 101 cm
entity:artifact:1:ld1-1643390182193-1643390186763-0,dimensions,23.4 x 51.8 cm
entity:artifact:1:ld1-1643390182193-1643390186763-1,dimensions,127.1 x 60.7 cm
entity:artifact:1:ld1-1643390182193-1643390187681-0,dimensions,24.6 x 77.1 cm
entity:artifact:1:ld1-1643390182193-1643390187686-0,dimensions,18.5 x 12.4 x 9.5 cm
entity:artifact:1:ld1-1643390182193-1643390187686-1,dimensions,17.8 x 17 x 1.4 cm
entity:artifact:1:ld1-1643390182193-1643390187687-0,dimensions,19.8 x 21 cm
entity:artifact:1:ld1-1643390182193-1643390187688-0,dimensions,22.9 x 19.1 cm
entity:artifact:1:ld1-1643390182193-1643390187734-0,dimensions,38.3 x 193.2 cm
entity:artifact:1:ld1-1643390182193-1643390187735-0,dimensions,22.6 x 282.8 cm
entity:artifact:1:ld1-1643390182193-1643390187736-0,dimensions,129.3 x 56.6 cm
entity:artifact:1:ld1-1643390182193-1643390187737-0,dimensions,145.5 x 83.1 cm
entity:artifact:1:ld1-1643390182193-1643390187740-0,dimensions,3.4 x 8.3 cm
entity:artifact:1:ld1-1643390182193-1643390187741-0,dimensions,23.7 x 16.1 x 8.9 cm
entity:artifact:1:ld1-1643390182193-1643390187742-0,dimensions,11.3 x 42.3 cm
entity:artifact:1:ld1-1643390182193-1643390187742-1,dimensions,32.4 x 25.3 x 16.9 cm
entity:artifact:1:ld1-1643390182193-1643390187743-0,dimensions,32.6 x 23.9 x 17.5 cm
entity:artifact:1:ld1-1643390182193-1643390187744-0,dimensions,15.9 x 26.5 cm
entity:artifact:1:ld1-1643390182193-1643390187747-0,dimensions,33.4 x 17.7 cm
entity:artifact:1:ld1-1643390182193-1643390187747-1,dimensions,24.8 x 13.5 cm
entity:artifact:1:ld1-1643390182193-1643390187748-0,dimensions,6.4 x 21.4 cm
entity:artifact:1:ld1-1643390182193-1643390187749-0,dimensions,10.1 x 15.9 cm
entity:artifact:1:ld1-1643390182193-1643390187749-1,dimensions,11.2 x 13.8 cm
entity:artifact:1:ld1-1643390182193-1643390187750-0,dimensions,17.9 x 14.2 cm
entity:artifact:1:ld1-1643390182193-1643390187754-0,dimensions,14.6 x 27.1 cm
entity:artifact:1:ld1-1643390182193-1643390187755-0,dimensions,17.8 x 36.2 cm
entity:artifact:1:ld1-1643390182193-1643390187757-0,dimensions,7.1 x 12.6 cm
entity:artifact:1:ld1-1643390182193-1643390187757-1,dimensions,13.4 x 20 cm
entity:artifact:1:ld1-1643390182193-1643390187758-0,dimensions,19.7 x 11.4 x 8.1 cm
entity:artifact:1:ld1-1643390182193-1643390187759-0,dimensions,16.6 x 18.5 cm
entity:artifact:1:ld1-1643390182193-1643390187760-0,dimensions,10.3 x 7.6 cm
entity:artifact:1:ld1-1643390182193-1643390187760-1,dimensions,22.7 x 3 cm
entity:artifact:1:ld1-1643390182193-1643390187761-0,dimensions,22.7 x 3 cm
entity:artifact:1:ld1-1643390182193-1643390187762-0,dimensions,18.1 x 9.3 cm
entity:artifact:1:ld1-1643390182193-1643390187763-0,dimensions,18.1 x 9.3 cm
entity:artifact:1:ld1-1643390182193-1643390187764-1,dimensions,55.4 x 24.1 cm
entity:artifact:1:ld1-1643390182193-1643390187768-0,dimensions,6.8 x 7.5 cm
entity:artifact:1:ld1-1643390182193-1643390187771-0,dimensions,26.8 x 7 cm
entity:artifact:1:ld1-1643390182193-1643390187772-1,dimensions,5.1 x 9.5 cm
entity:artifact:1:ld1-1643390182193-1643390187773-0,dimensions,6.1 x 6.9 cm
entity:artifact:1:ld1-1643390182193-1643390187774-0,dimensions,17.9 x 10.2 cm
entity:artifact:1:ld1-1643390182193-1643390187778-0,dimensions,13.2 x 1.4 cm
entity:artifact:1:ld1-1643390182193-1643390187778-1,dimensions,15.8 x 4.9 cm
entity:artifact:1:ld1-1643390182193-1643390187779-0,dimensions,11.1 x 4.9 cm
entity:artifact:1:ld1-1643390182193-1643390187781-0,dimensions,20.6 x 5.3 cm
entity:artifact:1:ld1-1643390182193-1643390187782-0,dimensions,8.4 x 4.2 cm
entity:artifact:1:ld1-1643390182193-1643390187784-0,dimensions,9.5 x 6.4 cm
entity:artifact:1:ld1-1643390182193-1643390187784-1,dimensions,9.3 x 6.3 cm
entity:artifact:1:ld1-1643390182193-1643390187785-0,dimensions,22.3 x 4.9 cm
entity:artifact:1:ld1-1643390182193-1643390187786-0,dimensions,10.5 x 5.6 cm
entity:artifact:1:ld1-1643390182193-1643390187786-1,dimensions,22.8 x 2.1 cm
entity:artifact:1:ld1-1643390182193-1643390187788-0,dimensions,9.4 x 1 cm
entity:artifact:1:ld1-1643390182193-1643390187789-0,dimensions,16.4 x 1.3 cm
entity:artifact:1:ld1-1643390182193-1643390187790-0,dimensions,9.2 x 1.2 cm
entity:artifact:1:ld1-1643390182193-1643390187790-1,dimensions,18.8 x 1.1 cm
entity:artifact:1:ld1-1643390182193-1643390187791-0,dimensions,6.9 x 0.7 cm
entity:artifact:1:ld1-1643390182193-1643390187793-0,dimensions,16.7 x 1.1 cm
entity:artifact:1:ld1-1643390182193-1643390187797-0,dimensions,21.9 x 1.4 cm
entity:artifact:1:ld1-1643390182193-1643390187798-0,dimensions,14.8 x 1 cm
entity:artifact:1:ld1-1643390182193-1643390187800-0,dimensions,11.5 x 1.2 cm
entity:artifact:1:ld1-1643390182193-1643390187801-0,dimensions,14 x 1.2 cm
entity:artifact:1:ld1-1643390182193-1643390187801-1,dimensions,13.3 x 1.2 cm
entity:artifact:1:ld1-1643390182193-1643390187802-0,dimensions,29.3 x 13.2 x 7.4 cm
entity:artifact:1:ld1-1643390182193-1643390187810-0,dimensions,13.8 x 13.4 x 6.1 cm
entity:artifact:1:ld1-1643390182193-1643390187812-0,dimensions,24.7 x 9.2 cm
entity:artifact:1:ld1-1643390182193-1643390187815-0,dimensions,10 x 6.3 cm
entity:artifact:1:ld1-1643390182193-1643390187816-1,dimensions,25.9 x 7.4 cm
entity:artifact:1:ld1-1643390182193-1643390187817-0,dimensions,25.3 x 6 cm
entity:artifact:1:ld1-1643390182193-1643390187818-0,dimensions,10.8 x 4.9 cm
entity:artifact:1:ld1-1643390182193-1643390187821-1,dimensions,2.8 x 7.7 x 2.6 cm
entity:artifact:1:ld1-1643390182193-1643390187828-0,dimensions,25.9 x 21 cm
entity:artifact:1:ld1-1643390182193-1643390187832-0,dimensions,24.8 x 24.2 cm
entity:artifact:1:ld1-1643390182193-1643390187833-0,dimensions,33.9 x 69.7 cm
entity:artifact:1:ld1-1643390182193-1643390187834-0,dimensions,26.9 x 28.1 cm
entity:artifact:1:ld1-1643390182193-1643390187835-0,dimensions,33.9 x 69.7 cm
entity:artifact:1:ld1-1643390182193-1643390187835-1,dimensions,33.9 x 69.7 cm
entity:artifact:1:ld1-1643390182193-1643390187836-0,dimensions,25.1 x 25.9 cm
entity:artifact:1:ld1-1643390182193-1643390187859-0,dimensions,45.6 x 36.7 cm
entity:artifact:1:ld1-1643390182193-1643390187870-0,dimensions,24.6 x 26 cm
entity:artifact:1:ld1-1643390182193-1643390187871-0,dimensions,25.4 x 30.8 cm
entity:artifact:1:ld1-1643390182193-1643390187873-0,dimensions,26.1 x 30.4 cm
entity:artifact:1:ld1-1643390182193-1643390187874-1,dimensions,25.3 x 26.9 cm
entity:artifact:1:ld1-1643390182193-1643390187875-0,dimensions,24.3 x 25.2 cm
entity:artifact:1:ld1-1643390182193-1643390187876-0,dimensions,29.5 x 31.8 cm
entity:artifact:1:ld1-1643390182193-1643390187880-0,dimensions,25.8 x 27.6 cm
entity:artifact:1:ld1-1643390182193-1643390187880-1,dimensions,25.6 x 20.6 cm
entity:artifact:1:ld1-1643390182193-1643390187881-0,dimensions,30 x 28.5 cm
entity:artifact:1:ld1-1643390182193-1643390187882-0,dimensions,23.9 x 24.1 cm
entity:artifact:1:ld1-1643390182193-1643390187883-0,dimensions,22.5 x 24.2 cm
entity:artifact:1:ld1-1643390182193-1643390187884-0,dimensions,24 x 26.4 cm
entity:artifact:1:ld1-1643390182193-1643390187885-0,dimensions,21.6 x 22.3 cm
entity:artifact:1:ld1-1643390182193-1643390187886-0,dimensions,28.2 x 19.8 cm
entity:artifact:1:ld1-1643390182193-1643390187906-0,dimensions,25.9 x 20.9 cm
entity:artifact:1:ld1-1643390182193-1643390187914-0,dimensions,34.9 x 60.5 cm
entity:artifact:1:ld1-1643390182193-1643390187914-1,dimensions,31.5 x 31.5 cm
entity:artifact:1:ld1-1643390182193-1643390187921-1,dimensions,39.5 x 34.2 cm
entity:artifact:1:ld1-1643390182193-1643390187924-0,dimensions,40.5 x 34.3 cm
entity:artifact:1:ld1-1643390182193-1643390187928-1,dimensions,27.2 x 37 cm
entity:artifact:1:ld1-1643390182193-1643390187935-0,dimensions,22.8 x 255 cm
entity:artifact:1:ld1-1643390182193-1643390187938-0,dimensions,50.9 x 184.2 cm
entity:artifact:1:ld1-1643390182193-1643390187939-0,dimensions,26.4 x 197.3 cm
entity:artifact:1:ld1-1643390182193-1643390187942-0,dimensions,28.2 x 669 cm
entity:artifact:1:ld1-1643390182193-1643390187944-0,dimensions,27.9 x 166 cm
entity:artifact:1:ld1-1643390182193-1643390187946-0,dimensions,23.9 x 237 cm
entity:artifact:1:ld1-1643390182193-1643390187951-0,dimensions,29.6 x 100.2 cm
entity:artifact:1:ld1-1643390182193-1643390187951-1,dimensions,28.6 x 171.8 cm
entity:artifact:1:ld1-1643390182193-1643390187952-0,dimensions,34.6 x 893 cm
entity:artifact:1:ld1-1643390182193-1643390187953-0,dimensions,34.5 x 744 cm
entity:artifact:1:ld1-1643390182193-1643390187954-0,dimensions,35.2 x 328 cm
entity:artifact:1:ld1-1643390182193-1643390187956-0,dimensions,26.2 x 200 cm
entity:artifact:1:ld1-1643390182193-1643390187957-0,dimensions,31.3 x 50 cm
entity:artifact:1:ld1-1643390182193-1643390187959-0,dimensions,29.8 x 229 cm
entity:artifact:1:ld1-1643390182193-1643390187960-0,dimensions,39.1 x 592.5 cm
entity:artifact:1:ld1-1643390182193-1643390187961-0,dimensions,32.4 x 85.9 cm
entity:artifact:1:ld1-1643390182193-1643390187962-0,dimensions,38.8 x 593.8 cm
entity:artifact:1:ld1-1643390182193-1643390187965-0,dimensions,24.3 x 212.4 cm
entity:artifact:1:ld1-1643390182193-1643390187965-1,dimensions,37 x 248.2 cm
entity:artifact:1:ld1-1643390182193-1643390187966-0,dimensions,44.5 x 463.5 cm
entity:artifact:1:ld1-1643390182193-1643390187967-0,dimensions,30.8 x 438 cm
entity:artifact:1:ld1-1643390182193-1643390187973-0,dimensions,28.6 x 138.5 cm
entity:artifact:1:ld1-1643390182193-1643390187974-0,dimensions,43 x 200 cm
entity:artifact:1:ld1-1643390182193-1643390187975-0,dimensions,26.9 x 174 cm
entity:artifact:1:ld1-1643390182193-1643390187976-0,dimensions,32.9 x 520.5 cm
entity:artifact:1:ld1-1643390182193-1643390187979-0,dimensions,30.5 x 237.5 cm
entity:artifact:1:ld1-1643390182193-1643390187981-0,dimensions,31.5 x 89.5 cm
entity:artifact:1:ld1-1643390182193-1643390187982-0,dimensions,40.5 x 297.8 cm
entity:artifact:1:ld1-1643390182193-1643390187983-0,dimensions,36.7 x 321.8 cm
entity:artifact:1:ld1-1643390182193-1643390187984-0,dimensions,36.1 x 216.5 cm
entity:artifact:1:ld1-1643390182193-1643390187987-0,dimensions,41 x 197.3 cm
entity:artifact:1:ld1-1643390182193-1643390187988-0,dimensions,25.5 x 104.2 cm
entity:artifact:1:ld1-1643390182193-1643390187989-0,dimensions,27 x 105.6 cm
entity:artifact:1:ld1-1643390182193-1643390187990-0,dimensions,33.5 x 534.8 cm
entity:artifact:1:ld1-1643390182193-1643390187994-0,dimensions,59 x 365.3 cm
entity:artifact:1:ld1-1643390182193-1643390187994-1,dimensions,34.1 x 51.7 cm
entity:artifact:1:ld1-1643390182193-1643390187995-0,dimensions,31.4 x 194.2 cm
entity:artifact:1:ld1-1643390182193-1643390187997-1,dimensions,32.5 x 248 cm
entity:artifact:1:ld1-1643390182193-1643390188002-1,dimensions,190.1 x 69.1 cm
entity:artifact:1:ld1-1643390182193-1643390188005-0,dimensions,157.7 x 109.7 cm
entity:artifact:1:ld1-1643390182193-1643390188006-0,dimensions,134.3 x 73.4 cm
entity:artifact:1:ld1-1643390182193-1643390188007-0,dimensions,114.9 x 70.7 cm
entity:artifact:1:ld1-1643390182193-1643390188007-1,dimensions,92.3 x 31.9 cm
entity:artifact:1:ld1-1643390182193-1643390188010-0,dimensions,25.4 x 24.7 cm
entity:artifact:1:ld1-1643390182193-1643390188011-1,dimensions,199.5 x 95.8 cm
entity:artifact:1:ld1-1643390182193-1643390188014-1,dimensions,179.6 x 110 cm
entity:artifact:1:ld1-1643390182193-1643390188015-0,dimensions,86 x 40.6 cm
entity:artifact:1:ld1-1643390182193-1643390188016-0,dimensions,166.5 x 84 cm
entity:artifact:1:ld1-1643390182193-1643390188017-0,dimensions,161 x 102.4 cm
entity:artifact:1:ld1-1643390182193-1643390188018-0,dimensions,156 x 103.9 cm
entity:artifact:1:ld1-1643390182193-1643390188020-1,dimensions,124.5 x 88.2 cm
entity:artifact:1:ld1-1643390182193-1643390188021-0,dimensions,118 x 48.5 cm
entity:artifact:1:ld1-1643390182193-1643390188023-0,dimensions,162 x 83.7 cm
entity:artifact:1:ld1-1643390182193-1643390188024-1,dimensions,208.2 x 94.6 cm
entity:artifact:1:ld1-1643390182193-1643390188025-0,dimensions,190.8 x 100.2 cm
entity:artifact:1:ld1-1643390182193-1643390188029-0,dimensions,189.6 x 90.7 cm
entity:artifact:1:ld1-1643390182193-1643390188030-1,dimensions,120.4 x 59.5 cm
entity:artifact:1:ld1-1643390182193-1643390188031-0,dimensions,95.1 x 50.2 cm
entity:artifact:1:ld1-1643390182193-1643390188032-0,dimensions,192.5 x 96.3 cm
entity:artifact:1:ld1-1643390182193-1643390188033-0,dimensions,179.7 x 92.4 cm
entity:artifact:1:ld1-1643390182193-1643390188034-0,dimensions,197.4 x 118.6 cm
entity:artifact:1:ld1-1643390182193-1643390188035-0,dimensions,137.3 x 84.9 cm
entity:artifact:1:ld1-1643390182193-1643390188036-0,dimensions,92.5 x 42 cm
entity:artifact:1:ld1-1643390182193-1643390188039-1,dimensions,197.4 x 90 cm
entity:artifact:1:ld1-1643390182193-1643390188040-0,dimensions,39.2 x 31.6 cm
entity:artifact:1:ld1-1643390182193-1643390188043-1,dimensions,142.5 x 77.5 cm
entity:artifact:1:ld1-1643390182193-1643390188051-0,dimensions,74.3 x 28.4 cm
entity:artifact:1:ld1-1643390182193-1643390188053-0,dimensions,82.1 x 33.1 cm
entity:artifact:1:ld1-1643390182193-1643390188056-0,dimensions,133.2 x 52.2 cm
entity:artifact:1:ld1-1643390182193-1643390188062-0,dimensions,127.3 x 44.2 cm
entity:artifact:1:ld1-1643390182193-1643390188063-0,dimensions,139.9 x 78.3 cm
entity:artifact:1:ld1-1643390182193-1643390188063-1,dimensions,140.8 x 78.8 cm
entity:artifact:1:ld1-1643390182193-1643390188209-0,dimensions,33 x 17.5 x 15.4 cm
entity:artifact:1:ld1-1643390182193-1643390188211-0,dimensions,102.4 x 47.2 x 12.8 cm
entity:artifact:1:ld1-1643390182193-1643390188247-0,dimensions,9.2 x 12.7 x 7.4 cm
entity:artifact:1:ld1-1643390182193-1643390188253-0,dimensions,99.4 x 36 x 31.5 cm
entity:artifact:1:ld1-1643390182193-1643390188273-0,dimensions,17.1 x 1.4 cm
entity:artifact:1:ld1-1643390182193-1643390188279-0,dimensions,14.9 x 10 cm
entity:artifact:1:ld1-1643390182193-1643390188295-0,dimensions,2.2 x 4.8 x 1.1 cm
entity:artifact:1:ld1-1643390182193-1643390188301-0,dimensions,2.2 x 4.5 x 1.2 cm
entity:artifact:1:ld1-1643390182193-1643390188328-0,dimensions,24.3 x 22.9 cm
entity:artifact:1:ld1-1643390182193-1643390188330-0,dimensions,33.7 x 28.1 cm
entity:artifact:1:ld1-1643390182193-1643390188334-0,dimensions,25.6 x 27.3 cm
entity:artifact:1:ld1-1643390182193-1643390188338-0,dimensions,17.4 x 18.5 cm
entity:artifact:1:ld1-1643390182193-1643390188339-0,dimensions,26.8 x 26.2 cm
entity:artifact:1:ld1-1643390182193-1643390188342-0,dimensions,26.1 x 27.9 cm
entity:artifact:1:ld1-1643390182193-1643390188344-0,dimensions,31.5 x 42.3 cm
entity:artifact:1:ld1-1643390182193-1643390188346-0,dimensions,26.7 x 76.5 cm
entity:artifact:1:ld1-1643390182193-1643390188349-0,dimensions,25.2 x 23.8 cm
entity:artifact:1:ld1-1643390182193-1643390188351-0,dimensions,23.2 x 21.1 cm
entity:artifact:1:ld1-1643390182193-1643390188354-0,dimensions,27.5 x 37.2 cm
entity:artifact:1:ld1-1643390182193-1643390188358-0,dimensions,27 x 36.1 cm
entity:artifact:1:ld1-1643390182193-1643390188365-0,dimensions,9.4 x 11.6 cm
entity:artifact:1:ld1-1643390182193-1643390188369-0,dimensions,24.9 x 25.1 cm
entity:artifact:1:ld1-1643390182193-1643390188371-0,dimensions,26.2 x 41.8 cm
entity:artifact:1:ld1-1643390182193-1643390188372-0,dimensions,26.2 x 41.8 cm
entity:artifact:1:ld1-1643390182193-1643390188374-0,dimensions,26.2 x 41.8 cm
entity:artifact:1:ld1-1643390182193-1643390188376-0,dimensions,26.2 x 41.8 cm
entity:artifact:1:ld1-1643390182193-1643390188377-0,dimensions,26.2 x 41.8 cm
entity:artifact:1:ld1-1643390182193-1643390188379-0,dimensions,26.2 x 41.8 cm
entity:artifact:1:ld1-1643390182193-1643390188380-0,dimensions,26.2 x 41.8 cm
entity:artifact:1:ld1-1643390182193-1643390188382-0,dimensions,26.2 x 41.8 cm
entity:artifact:1:ld1-1643390182193-1643390188400-0,dimensions,25.6 x 338.7 cm
entity:artifact:1:ld1-1643390182193-1643390188405-0,dimensions,33.8 x 837.5 cm
entity:artifact:1:ld1-1643390182193-1643390188410-0,dimensions,28.2 x 60 cm
entity:artifact:1:ld1-1643390182193-1643390188417-0,dimensions,29.7 x 217.7 cm
entity:artifact:1:ld1-1643390182193-1643390188419-0,dimensions,26 x 150.5 cm
entity:artifact:1:ld1-1643390182193-1643390188420-0,dimensions,28.3 x 264 cm
entity:artifact:1:ld1-1643390182193-1643390188422-0,dimensions,28.3 x 317.2 cm
entity:artifact:1:ld1-1643390182193-1643390188423-0,dimensions,29.3 x 376.5 cm
entity:artifact:1:ld1-1643390182193-1643390188430-0,dimensions,112 x 61.1 cm
entity:artifact:1:ld1-1643390182193-1643390188434-0,dimensions,96.1 x 49 cm
entity:artifact:1:ld1-1643390182193-1643390188435-0,dimensions,137.6 x 70.9 cm
entity:artifact:1:ld1-1643390182193-1643390188437-0,dimensions,80.3 x 86.2 cm
entity:artifact:1:ld1-1643390182193-1643390188443-0,dimensions,127.1 x 30 cm
entity:artifact:1:ld1-1643390182193-1643390188455-0,dimensions,6.8 x 14.1 x 6 cm
entity:artifact:1:ld1-1643390182193-1643390188514-0,dimensions,19 x 4.8 cm
entity:artifact:1:ld1-1643390182193-1643390188516-0,dimensions,164.5 x 109.1 cm
entity:artifact:1:ld1-1643390182193-1643390188523-0,dimensions,150.1 x 59.3 cm
entity:artifact:1:ld1-1643390182193-1643390188555-0,dimensions,22.4 x 10.3 cm
entity:artifact:1:ld1-1643390182193-1643390188564-0,dimensions,8.8 x 11.7 cm
entity:artifact:1:ld1-1643390182193-1643390188565-0,dimensions,8.8 x 11.8 cm
entity:artifact:1:ld1-1643390182193-1643390188567-0,dimensions,9 x 11.2 cm
entity:artifact:1:ld1-1643390182193-1643390188568-0,dimensions,8.8 x 11.8 cm
entity:artifact:1:ld1-1643390182193-1643390188570-0,dimensions,8.8 x 11.6 cm
entity:artifact:1:ld1-1643390182193-1643390188571-0,dimensions,7 x 11.7 cm
entity:artifact:1:ld1-1643390182193-1643390188573-0,dimensions,28.3 x 29.9 cm
entity:artifact:1:ld1-1643390182193-1643390188574-0,dimensions,7 x 7.2 cm
entity:artifact:1:ld1-1643390182193-1643390188576-0,dimensions,6.7 x 7.5 cm
entity:artifact:1:ld1-1643390182193-1643390188578-0,dimensions,6.3 x 7.4 cm
entity:artifact:1:ld1-1643390182193-1643390188579-0,dimensions,7 x 16.2 cm
entity:artifact:1:ld1-1643390182193-1643390188584-1,dimensions,187.1 x 98.7 cm
entity:artifact:1:ld1-1643390182193-1643390188602-0,dimensions,2.9 x 1.6 cm
entity:artifact:1:ld1-1643390182193-1643390188603-0,dimensions,2.5 x 1.3 cm
entity:artifact:1:ld1-1643390182193-1643390188612-0,dimensions,7.4 x 0.6 cm
entity:artifact:1:ld1-1643390182193-1643390188614-0,dimensions,6.1 x 0.8 cm
entity:artifact:1:ld1-1643390182193-1643390188615-0,dimensions,7.9 x 0.8 cm
entity:artifact:1:ld1-1643390182193-1643390188646-0,dimensions,27.6 x 18.3 x 8.8 cm
entity:artifact:1:ld1-1643390182193-1643390188647-0,dimensions,32.3 x 12 x 9.8 cm
entity:artifact:1:ld1-1643390182193-1643390188653-0,dimensions,30.9 x 15.9 x 7.6 cm
entity:artifact:1:ld1-1643390182193-1643390188676-0,dimensions,32 x 551.2 cm
entity:artifact:1:ld1-1643390182193-1643390188682-0,dimensions,6 x 3.4 x 2.5 cm
entity:artifact:1:ld1-1643390182193-1643390188685-0,dimensions,16.5 x 27.2 x 20.5 cm
entity:artifact:1:ld1-1643390182193-1643390188691-0,dimensions,48.8 x 33.3 x 27.8 cm
entity:artifact:1:ld1-1643390182193-1643390188703-1,dimensions,20.5 x 12.1 x 4.5 cm
entity:artifact:1:ld1-1643390182193-1643390188708-0,dimensions,22.9 x 11.5 cm
entity:artifact:1:ld1-1643390182193-1643390188708-1,dimensions,35.8 x 11.3 x 10.1 cm
entity:artifact:1:ld1-1643390182193-1643390188709-0,dimensions,23 x 12.3 cm
entity:artifact:1:ld1-1643390182193-1643390188710-0,dimensions,24.9 x 8.8 x 5.9 cm
entity:artifact:1:ld1-1643390182193-1643390188720-1,dimensions,28.7 x 254 cm
entity:artifact:1:ld1-1643390182193-1643390188722-0,dimensions,151.3 x 66.1 cm
entity:artifact:1:ld1-1643390182193-1643390188722-1,dimensions,121.8 x 53.6 cm
entity:artifact:1:ld1-1643390182193-1643390188724-0,dimensions,63.4 x 41.4 x 27.4 cm
entity:artifact:1:ld1-1643390182193-1643390188727-0,dimensions,47.6 x 19.3 x 23.3 cm
entity:artifact:1:ld1-1643390182193-1643390188728-0,dimensions,41.2 x 45.1 x 14.3 cm
entity:artifact:1:ld1-1643390182193-1643390188728-1,dimensions,81.5 x 73.3 x 16.1 cm
entity:artifact:1:ld1-1643390182193-1643390188730-0,dimensions,36.9 x 21.9 x 7.2 cm
entity:artifact:1:ld1-1643390182193-1643390188739-0,dimensions,18.2 x 25.2 cm
entity:artifact:1:ld1-1643390182193-1643390188741-0,dimensions,10.7 x 22.7 cm
entity:artifact:1:ld1-1643390182193-1643390188741-1,dimensions,8.1 x 18.7 cm
entity:artifact:1:ld1-1643390182193-1643390188745-0,dimensions,10.8 x 1.8 cm
entity:artifact:1:ld1-1643390182193-1643390188746-0,dimensions,4.3 x 2.4 cm
entity:artifact:1:ld1-1643390182193-1643390188747-0,dimensions,16.5 x 9.6 cm
entity:artifact:1:ld1-1643390182193-1643390188748-0,dimensions,6 x 8.6 cm
entity:artifact:1:ld1-1643390182193-1643390188748-1,dimensions,5.8 x 9.8 cm
entity:artifact:1:ld1-1643390182193-1643390188749-0,dimensions,4.7 x 4.7 cm
entity:artifact:1:ld1-1643390182193-1643390188750-0,dimensions,2.9 x 3.8 cm
entity:artifact:1:ld1-1643390182193-1643390188751-0,dimensions,6.1 x 10 cm
entity:artifact:1:ld1-1643390182193-1643390188751-1,dimensions,5.8 x 5.3 cm
entity:artifact:1:ld1-1643390182193-1643390188752-0,dimensions,10.6 x 6.5 cm
entity:artifact:1:ld1-1643390182193-1643390188755-0,dimensions,4.8 x 6.8 cm
entity:artifact:1:ld1-1643390182193-1643390188757-0,dimensions,3 x 3.1 cm
entity:artifact:1:ld1-1643390182193-1643390188758-0,dimensions,1.9 x 3.2 cm
entity:artifact:1:ld1-1643390182193-1643390188759-0,dimensions,3.1 x 5.1 cm
entity:artifact:1:ld1-1643390182193-1643390188761-0,dimensions,4.8 x 9.8 cm
entity:artifact:1:ld1-1643390182193-1643390188764-0,dimensions,17.5 x 3.6 cm
entity:artifact:1:ld1-1643390182193-1643390188766-0,dimensions,11.2 x 3.2 cm
entity:artifact:1:ld1-1643390182193-1643390188767-0,dimensions,8 x 9.7 cm
entity:artifact:1:ld1-1643390182193-1643390188768-0,dimensions,6.3 x 3.7 cm
entity:artifact:1:ld1-1643390182193-1643390188769-0,dimensions,10.1 x 4 cm
entity:artifact:1:ld1-1643390182193-1643390188770-0,dimensions,3.5 x 6.2 cm
entity:artifact:1:ld1-1643390182193-1643390188771-1,dimensions,7.6 x 30.5 cm
entity:artifact:1:ld1-1643390182193-1643390188772-0,dimensions,65.3 x 29.7 x 25.6 cm
entity:artifact:1:ld1-1643390182193-1643390188773-0,dimensions,32.1 x 23.2 x 18.8 cm
entity:artifact:1:ld1-1643390182193-1643390188774-0,dimensions,42.7 x 25.3 x 32.2 cm
entity:artifact:1:ld1-1643390182193-1643390188776-0,dimensions,86.6 x 146.2 x 17 cm
entity:artifact:1:ld1-1643390182193-1643390188778-1,dimensions,14.6 x 6.7 x 9.9 cm
entity:artifact:1:ld1-1643390182193-1643390188787-0,dimensions,170 x 53.5 cm
entity:artifact:1:ld1-1643390182193-1643390188788-0,dimensions,17.8 x 57 cm
entity:artifact:1:ld1-1643390182193-1643390188789-0,dimensions,174.5 x 56 cm
entity:artifact:1:ld1-1643390182193-1643390188789-1,dimensions,166.7 x 52.5 cm
entity:artifact:1:ld1-1643390182193-1643390188790-0,dimensions,168.5 x 52.5 cm
entity:artifact:1:ld1-1643390182193-1643390188820-0,dimensions,3 x 3.8 cm
entity:artifact:1:ld1-1643390182193-1643390188828-0,dimensions,8.4 x 9.5 cm
entity:artifact:1:ld1-1643390182193-1643390188834-0,dimensions,14 x 12 x 5.9 cm
entity:artifact:1:ld1-1643390182193-1643390188835-0,dimensions,12.1 x 9.6 x 4.8 cm
entity:artifact:1:ld1-1643390182193-1643390188836-0,dimensions,13.2 x 11.1 x 10 cm
entity:artifact:1:ld1-1643390182193-1643390188850-0,dimensions,32.1 x 14.1 cm
entity:artifact:1:ld1-1643390182193-1643390188862-0,dimensions,6.2 x 4.3 cm
entity:artifact:1:ld1-1643390182193-1643390188863-0,dimensions,4.2 x 8.8 cm
entity:artifact:1:ld1-1643390182193-1643390188864-0,dimensions,131.4 x 82 x 32.6 cm
entity:artifact:1:ld1-1643390182193-1643390188877-1,dimensions,77.8 x 31.5 x 18.8 cm
entity:artifact:1:ld1-1643390182193-1643390188891-0,dimensions,29.5 x 327.5 cm
entity:artifact:1:ld1-1643390182193-1643390188892-0,dimensions,29.3 x 322.4 cm
entity:artifact:1:ld1-1643390182193-1643390188893-0,dimensions,26.1 x 100.6 cm
entity:artifact:1:ld1-1643390182193-1643390188903-0,dimensions,125.1 x 75.2 cm
entity:artifact:1:ld1-1643390182193-1643390188903-1,dimensions,128 x 75.2 cm
entity:artifact:1:ld1-1643390182193-1643390188907-0,dimensions,84.1 x 27.4 cm
entity:artifact:1:ld1-1643390182193-1643390188920-0,dimensions,4.8 x 2.9 x 0.5 cm
entity:artifact:1:ld1-1643390182193-1643390188921-0,dimensions,4.9 x 2.3 x 0.5 cm
entity:artifact:1:ld1-1643390182193-1643390188921-1,dimensions,5.1 x 2.4 x 0.3 cm
entity:artifact:1:ld1-1643390182193-1643390188922-0,dimensions,10.6 x 4 x 0.2 cm
entity:artifact:1:ld1-1643390182193-1643390188923-0,dimensions,9.5 x 6.7 x 0.6 cm
entity:artifact:1:ld1-1643390182193-1643390188926-0,dimensions,47.1 x 157.5 x 17.4 cm
entity:artifact:1:ld1-1643390182193-1643390188926-1,dimensions,47.1 x 158.2 x 17.2 cm
entity:artifact:1:ld1-1643390182193-1643390188956-0,dimensions,106.7 x 36.3 cm
entity:artifact:1:ld1-1643390182193-1643390188957-0,dimensions,36.3 x 298 cm
entity:artifact:1:ld1-1643390182193-1643390188959-0,dimensions,28.5 x 689 cm
entity:artifact:1:ld1-1643390182193-1643390188960-0,dimensions,33.8 x 794.8 cm
entity:artifact:1:ld1-1643390182193-1643390188962-1,dimensions,29.1 x 117.3 cm
entity:artifact:1:ld1-1643390182193-1643390188963-0,dimensions,34.7 x 354.5 cm
entity:artifact:1:ld1-1643390182193-1643390188964-0,dimensions,18.9 x 22.1 cm
entity:artifact:1:ld1-1643390182193-1643390188965-0,dimensions,24.2 x 24.7 cm
entity:artifact:1:ld1-1643390182193-1643390188966-0,dimensions,22 x 25 cm
entity:artifact:1:ld1-1643390182193-1643390188967-0,dimensions,23.7 x 25.2 cm
entity:artifact:1:ld1-1643390182193-1643390188968-0,dimensions,25.3 x 29.5 cm
entity:artifact:1:ld1-1643390182193-1643390188970-0,dimensions,129.8 x 63 cm
entity:artifact:1:ld1-1643390182193-1643390188988-0,dimensions,78.1 x 42 cm
entity:artifact:1:ld1-1643390182193-1643390188990-0,dimensions,130.6 x 50.8 cm
entity:artifact:1:ld1-1643390182193-1643390188992-1,dimensions,81 x 23.7 cm
entity:artifact:1:ld1-1643390182193-1643390189005-0,dimensions,6.1 x 6.9 cm
entity:artifact:1:ld1-1643390182193-1643390189006-0,dimensions,5.4 x 4.5 cm
entity:artifact:1:ld1-1643390182193-1643390189007-0,dimensions,4.1 x 2.6 cm
entity:artifact:1:ld1-1643390182193-1643390189008-0,dimensions,6 x 9.1 cm
entity:artifact:1:ld1-1643390182193-1643390189009-0,dimensions,12.6 x 6.2 x 6.2 cm
entity:artifact:1:ld1-1643390182193-1643390189009-1,dimensions,12.6 x 6.4 x 6.2 cm
entity:artifact:1:ld1-1643390182193-1643390189014-0,dimensions,13.8 x 1.7 cm
entity:artifact:1:ld1-1643390182193-1643390189020-0,dimensions,67 x 55.5 x 22 cm
entity:artifact:1:ld1-1643390182193-1643390189020-1,dimensions,39.5 x 14.3 cm
entity:artifact:1:ld1-1643390182193-1643390189027-0,dimensions,11.3 x 10.8 x 8.7 cm
entity:artifact:1:ld1-1643390182193-1643390189028-0,dimensions,7 x 6 cm
entity:artifact:1:ld1-1643390182193-1643390189030-1,dimensions,15.8 x 4.7 cm
entity:artifact:1:ld1-1643390182193-1643390189031-0,dimensions,10.4 x 4 cm
entity:artifact:1:ld1-1643390182193-1643390189032-0,dimensions,5.1 x 5.2 cm
entity:artifact:1:ld1-1643390182193-1643390189032-1,dimensions,8 x 7.9 cm
entity:artifact:1:ld1-1643390182193-1643390189033-0,dimensions,8 x 7.9 cm
entity:artifact:1:ld1-1643390182193-1643390189034-0,dimensions,9.1 x 0.8 cm
entity:artifact:1:ld1-1643390182193-1643390189041-0,dimensions,2.4 x 3.9 cm
entity:artifact:1:ld1-1643390182193-1643390189042-0,dimensions,9.6 x 2 cm
entity:artifact:1:ld1-1643390182193-1643390189047-1,dimensions,13.8 x 26.5 cm
entity:artifact:1:ld1-1643390182193-1643390189049-0,dimensions,31.3 x 30.5 x 11.7 cm
entity:artifact:1:ld1-1643390182193-1643390189050-0,dimensions,29.8 x 31.1 cm
entity:artifact:1:ld1-1643390182193-1643390189052-0,dimensions,36.7 x 17 x 33.5 cm
entity:artifact:1:ld1-1643390182193-1643390189053-0,dimensions,28 x 61.4 cm
entity:artifact:1:ld1-1643390182193-1643390189054-0,dimensions,8.6 x 31.4 x 0.8 cm
entity:artifact:1:ld1-1643390182193-1643390189054-1,dimensions,19.3 x 96.4 x 15.9 cm
entity:artifact:1:ld1-1643390182193-1643390189055-0,dimensions,60.3 x 234 x 23.5 cm
entity:artifact:1:ld1-1643390182193-1643390189060-0,dimensions,3.9 x 17.1 cm
entity:artifact:1:ld1-1643390182193-1643390189062-0,dimensions,18.1 x 4 cm
entity:artifact:1:ld1-1643390182193-1643390189078-1,dimensions,3.4 x 9.4 x 3 cm
entity:artifact:1:ld1-1643390182193-1643390189080-0,dimensions,4 x 2.7 cm
entity:artifact:1:ld1-1643390182193-1643390189081-0,dimensions,3.8 x 2.7 cm
entity:artifact:1:ld1-1643390182193-1643390189083-0,dimensions,3 x 3.6 cm
entity:artifact:1:ld1-1643390182193-1643390189084-0,dimensions,3.6 x 1.5 cm
entity:artifact:1:ld1-1643390182193-1643390189085-1,dimensions,5.6 x 1.3 cm
entity:artifact:1:ld1-1643390182193-1643390189086-0,dimensions,7.8 x 1.3 cm
entity:artifact:1:ld1-1643390182193-1643390189088-0,dimensions,4.5 x 5.6 cm
entity:artifact:1:ld1-1643390182193-1643390189089-0,dimensions,4 x 5.2 cm
entity:artifact:1:ld1-1643390182193-1643390189090-0,dimensions,4 x 2.6 cm
entity:artifact:1:ld1-1643390182193-1643390189090-1,dimensions,3.7 x 2.6 cm
entity:artifact:1:ld1-1643390182193-1643390189091-0,dimensions,23.8 x 3 x 5.3 cm
entity:artifact:1:ld1-1643390182193-1643390189094-0,dimensions,12.2 x 9.6 x 10.9 cm
entity:artifact:1:ld1-1643390182193-1643390189095-0,dimensions,4.7 x 2.7 cm
entity:artifact:1:ld1-1643390182193-1643390189096-0,dimensions,4.7 x 2.8 cm
entity:artifact:1:ld1-1643390182193-1643390189097-0,dimensions,4.2 x 2.6 cm
entity:artifact:1:ld1-1643390182193-1643390189097-1,dimensions,4.2 x 2.6 cm
entity:artifact:1:ld1-1643390182193-1643390189098-0,dimensions,4.4 x 3.4 cm
entity:artifact:1:ld1-1643390182193-1643390189105-0,dimensions,1.9 x 3 cm
entity:artifact:1:ld1-1643390182193-1643390189107-0,dimensions,6.4 x 2.8 cm
entity:artifact:1:ld1-1643390182193-1643390189110-0,dimensions,3.8 x 1.1 cm
entity:artifact:1:ld1-1643390182193-1643390189111-0,dimensions,4.5 x 1.8 cm
entity:artifact:1:ld1-1643390182193-1643390189112-0,dimensions,2.8 x 1.2 cm
entity:artifact:1:ld1-1643390182193-1643390189115-0,dimensions,18.2 x 2.7 cm
entity:artifact:1:ld1-1643390182193-1643390189117-0,dimensions,24 x 3.3 x 2.9 cm
entity:artifact:1:ld1-1643390182193-1643390189125-1,dimensions,11.4 x 6.4 cm
entity:artifact:1:ld1-1643390182193-1643390189126-0,dimensions,3.2 x 0.6 cm
entity:artifact:1:ld1-1643390182193-1643390189130-0,dimensions,9 x 4.6 cm
entity:artifact:1:ld1-1643390182193-1643390189130-1,dimensions,8.6 x 4.1 cm
entity:artifact:1:ld1-1643390182193-1643390189131-0,dimensions,9.8 x 4.7 cm
entity:artifact:1:ld1-1643390182193-1643390189134-0,dimensions,3.2 x 3.8 cm
entity:artifact:1:ld1-1643390182193-1643390189135-1,dimensions,2.6 x 2 cm
entity:artifact:1:ld1-1643390182193-1643390189140-1,dimensions,4.7 x 1.9 x 2.9 cm
entity:artifact:1:ld1-1643390182193-1643390189141-0,dimensions,4.1 x 1.6 x 2.2 cm
entity:artifact:1:ld1-1643390182193-1643390189142-0,dimensions,3.9 x 2.9 cm
entity:artifact:1:ld1-1643390182193-1643390189146-0,dimensions,3.4 x 4.7 cm
entity:artifact:1:ld1-1643390182193-1643390189147-0,dimensions,3.5 x 5.4 cm
entity:artifact:1:ld1-1643390182193-1643390189147-1,dimensions,3.2 x 5.6 cm
entity:artifact:1:ld1-1643390182193-1643390189148-0,dimensions,4.5 x 5.1 cm
entity:artifact:1:ld1-1643390182193-1643390189149-0,dimensions,4.9 x 5.5 cm
entity:artifact:1:ld1-1643390182193-1643390189158-0,dimensions,6.4 x 2.1 cm
entity:artifact:1:ld1-1643390182193-1643390189160-0,dimensions,5.2 x 3.8 cm
entity:artifact:1:ld1-1643390182193-1643390189167-0,dimensions,25 x 26.1 cm
entity:artifact:1:ld1-1643390182193-1643390189168-0,dimensions,74.6 x 39.2 cm
entity:artifact:1:ld1-1643390182193-1643390189199-1,dimensions,111 x 146.5 cm
entity:artifact:1:ld1-1643390182193-1643390189221-0,dimensions,5.8 x 5.9 cm
entity:artifact:1:ld1-1643390182193-1643390189222-0,dimensions,5.8 x 5.4 cm
entity:artifact:1:ld1-1643390182193-1643390189223-0,dimensions,5.8 x 5.4 cm
entity:artifact:1:ld1-1643390182193-1643390189224-0,dimensions,5.8 x 5.4 cm
entity:artifact:1:ld1-1643390182193-1643390189224-1,dimensions,5.8 x 5.4 cm
entity:artifact:1:ld1-1643390182193-1643390189225-0,dimensions,5.8 x 5.4 cm
entity:artifact:1:ld1-1643390182193-1643390189226-0,dimensions,3.3 x 4.9 cm
entity:artifact:1:ld1-1643390182193-1643390189229-0,dimensions,19.7 x 95.3 x 16.5 cm
entity:artifact:1:ld1-1643390182193-1643390189233-1,dimensions,1.6 x 6.5 cm
entity:artifact:1:ld1-1643390182193-1643390189238-0,dimensions,6.2 x 3.6 cm
entity:artifact:1:ld1-1643390182193-1643390189239-0,dimensions,2.5 x 6.5 cm
entity:artifact:1:ld1-1643390182193-1643390189240-0,dimensions,1.8 x 3.9 cm
entity:artifact:1:ld1-1643390182193-1643390189240-1,dimensions,6.5 x 8.1 cm
entity:artifact:1:ld1-1643390182193-1643390189241-0,dimensions,2.3 x 7 cm
entity:artifact:1:ld1-1643390182193-1643390189242-0,dimensions,9 x 5.4 cm
entity:artifact:1:ld1-1643390182193-1643390189243-0,dimensions,5.8 x 6.6 cm
entity:artifact:1:ld1-1643390182193-1643390189244-0,dimensions,17 x 4.3 cm
entity:artifact:1:ld1-1643390182193-1643390189246-1,dimensions,10.1 x 2.5 cm
entity:artifact:1:ld1-1643390182193-1643390189248-0,dimensions,1.6 x 1.5 cm
entity:artifact:1:ld1-1643390182193-1643390189248-1,dimensions,7 x 4.8 cm
entity:artifact:1:ld1-1643390182193-1643390189251-0,dimensions,4 x 3.5 cm
entity:artifact:1:ld1-1643390182193-1643390189252-0,dimensions,4 x 3.6 cm
entity:artifact:1:ld1-1643390182193-1643390189252-1,dimensions,4 x 3.5 cm
entity:artifact:1:ld1-1643390182193-1643390189254-1,dimensions,145.8 x 80.8 cm
entity:artifact:1:ld1-1643390182193-1643390189256-1,dimensions,188.2 x 96.1 cm
entity:artifact:1:ld1-1643390182193-1643390189257-0,dimensions,27.2 x 19.1 cm
entity:artifact:1:ld1-1643390182193-1643390189258-0,dimensions,99.7 x 46.9 cm
entity:artifact:1:ld1-1643390182193-1643390189261-0,dimensions,101.4 x 63.3 cm
entity:artifact:1:ld1-1643390182193-1643390189261-1,dimensions,144.6 x 58.9 cm
entity:artifact:1:ld1-1643390182193-1643390189263-0,dimensions,162.9 x 96.9 cm
entity:artifact:1:ld1-1643390182193-1643390189266-0,dimensions,126.8 x 87 cm
entity:artifact:1:ld1-1643390182193-1643390189267-0,dimensions,95.3 x 42.1 cm
entity:artifact:1:ld1-1643390182193-1643390189268-0,dimensions,128.2 x 60 cm
entity:artifact:1:ld1-1643390182193-1643390189269-0,dimensions,130.1 x 87.1 cm
entity:artifact:1:ld1-1643390182193-1643390189269-1,dimensions,109.4 x 50.7 cm
entity:artifact:1:ld1-1643390182193-1643390189271-0,dimensions,119.1 x 67.7 cm
entity:artifact:1:ld1-1643390182193-1643390189271-1,dimensions,100.6 x 41.4 cm
entity:artifact:1:ld1-1643390182193-1643390189273-0,dimensions,136.6 x 71.1 cm
entity:artifact:1:ld1-1643390182193-1643390189275-0,dimensions,82.1 x 48.7 cm
entity:artifact:1:ld1-1643390182193-1643390189275-1,dimensions,50.5 x 49.3 cm
entity:artifact:1:ld1-1643390182193-1643390189276-0,dimensions,63.4 x 39.5 cm
entity:artifact:1:ld1-1643390182193-1643390189277-0,dimensions,72.5 x 32 cm
entity:artifact:1:ld1-1643390182193-1643390189278-0,dimensions,80.5 x 50.2 cm
entity:artifact:1:ld1-1643390182193-1643390189280-0,dimensions,132.6 x 58.6 cm
entity:artifact:1:ld1-1643390182193-1643390189281-0,dimensions,159.3 x 87.4 cm
entity:artifact:1:ld1-1643390182193-1643390189282-0,dimensions,174 x 94.6 cm
entity:artifact:1:ld1-1643390182193-1643390189283-1,dimensions,249.6 x 99.2 cm
entity:artifact:1:ld1-1643390182193-1643390189284-0,dimensions,104.2 x 25.1 cm
entity:artifact:1:ld1-1643390182193-1643390189287-0,dimensions,53.5 x 73.1 cm
entity:artifact:1:ld1-1643390182193-1643390189290-0,dimensions,21 x 29 cm
entity:artifact:1:ld1-1643390182193-1643390189292-0,dimensions,119.8 x 89.2 cm
entity:artifact:1:ld1-1643390182193-1643390189293-0,dimensions,100 x 42 cm
entity:artifact:1:ld1-1643390182193-1643390189295-0,dimensions,81 x 43.3 cm
entity:artifact:1:ld1-1643390182193-1643390189297-0,dimensions,137.9 x 65.4 cm
entity:artifact:1:ld1-1643390182193-1643390189299-1,dimensions,157.5 x 70.5 cm
entity:artifact:1:ld1-1643390182193-1643390189301-1,dimensions,176.3 x 92 cm
entity:artifact:1:ld1-1643390182193-1643390189302-0,dimensions,187.8 x 120.5 cm
entity:artifact:1:ld1-1643390182193-1643390189303-0,dimensions,144.8 x 72.9 cm
entity:artifact:1:ld1-1643390182193-1643390189305-0,dimensions,127.9 x 55.6 cm
entity:artifact:1:ld1-1643390182193-1643390189306-0,dimensions,118.4 x 62.5 cm
entity:artifact:1:ld1-1643390182193-1643390189306-1,dimensions,41 x 57.5 cm
entity:artifact:1:ld1-1643390182193-1643390189308-0,dimensions,167.6 x 80 cm
entity:artifact:1:ld1-1643390182193-1643390189310-0,dimensions,122.7 x 62.5 cm
entity:artifact:1:ld1-1643390182193-1643390189313-0,dimensions,149.4 x 81.1 cm
entity:artifact:1:ld1-1643390182193-1643390189314-0,dimensions,156.2 x 88.8 cm
entity:artifact:1:ld1-1643390182193-1643390189315-0,dimensions,148.4 x 94 cm
entity:artifact:1:ld1-1643390182193-1643390189316-0,dimensions,61.5 x 59.9 cm
entity:artifact:1:ld1-1643390182193-1643390189317-0,dimensions,184.6 x 68.4 cm
entity:artifact:1:ld1-1643390182193-1643390189318-0,dimensions,232 x 135.7 cm
entity:artifact:1:ld1-1643390182193-1643390189320-0,dimensions,47 x 77 cm
entity:artifact:1:ld1-1643390182193-1643390189322-0,dimensions,4.6 x 5.6 x 3.5 cm
entity:artifact:1:ld1-1643390182193-1643390189323-0,dimensions,4.5 x 7.2 x 7.2 cm
entity:artifact:1:ld1-1643390182193-1643390189331-0,dimensions,256 x 166.5 cm
entity:artifact:1:ld1-1643390182193-1643390189335-1,dimensions,158.2 x 100.3 cm
entity:artifact:1:ld1-1643390182193-1643390189338-0,dimensions,134.6 x 81 cm
entity:artifact:1:ld1-1643390182193-1643390189339-0,dimensions,30.8 x 228.2 cm
entity:artifact:1:ld1-1643390182193-1643390189340-0,dimensions,27.6 x 122.2 cm
entity:artifact:1:ld1-1643390182193-1643390189341-0,dimensions,27.3 x 559.5 cm
entity:artifact:1:ld1-1643390182193-1643390189341-1,dimensions,12.1 x 14.3 cm
entity:artifact:1:ld1-1643390182193-1643390189342-0,dimensions,20.4 x 9.4 cm
entity:artifact:1:ld1-1643390182193-1643390189343-0,dimensions,5.4 x 10 cm
entity:artifact:1:ld1-1643390182193-1643390189344-0,dimensions,425 x 142.5 cm
entity:artifact:1:ld1-1643390182193-1643390189346-0,dimensions,18.1 x 3.6 cm
entity:artifact:1:ld1-1643390182193-1643390189351-0,dimensions,10.2 x 7.3 cm
entity:artifact:1:ld1-1643390182193-1643390189352-0,dimensions,22 x 15.2 x 0.7 cm
entity:artifact:1:ld1-1643390182193-1643390189354-0,dimensions,18.8 x 7.7 x 7.8 cm
entity:artifact:1:ld1-1643390182193-1643390189356-0,dimensions,49.2 x 8.4 x 0.5 cm
entity:artifact:1:ld1-1643390182193-1643390189357-1,dimensions,36.5 x 7.4 x 0.3 cm
entity:artifact:1:ld1-1643390182193-1643390189358-0,dimensions,35.9 x 8.9 x 0.3 cm
entity:artifact:1:ld1-1643390182193-1643390189359-0,dimensions,34 x 7.9 x 0.4 cm
entity:artifact:1:ld1-1643390182193-1643390189360-0,dimensions,37 x 8.2 x 0.3 cm
entity:artifact:1:ld1-1643390182193-1643390189361-0,dimensions,38.7 x 8.1 x 0.4 cm
entity:artifact:1:ld1-1643390182193-1643390189361-1,dimensions,29.6 x 7.5 x 0.3 cm
entity:artifact:1:ld1-1643390182193-1643390189364-1,dimensions,6.3 x 6.6 cm
entity:artifact:1:ld1-1643390182193-1643390189366-1,dimensions,3.6 x 7.1 cm
entity:artifact:1:ld1-1643390182193-1643390189369-0,dimensions,5.2 x 2.9 cm
entity:artifact:1:ld1-1643390182193-1643390189370-0,dimensions,14.5 x 9.2 cm
entity:artifact:1:ld1-1643390182193-1643390189375-0,dimensions,32.5 x 301.5 cm
entity:artifact:1:ld1-1643390182193-1643390189376-0,dimensions,129.5 x 75 cm
entity:artifact:1:ld1-1643390182193-1643390189377-1,dimensions,91.7 x 40.2 cm
entity:artifact:1:ld1-1643390182193-1643390189380-0,dimensions,151.3 x 98.1 cm
entity:artifact:1:ld1-1643390182193-1643390189386-0,dimensions,6.2 x 3.1 cm
entity:artifact:1:ld1-1643390182193-1643390189387-0,dimensions,8.7 x 4 cm
entity:artifact:1:ld1-1643390182193-1643390189388-0,dimensions,11.4 x 2.1 cm
entity:artifact:1:ld1-1643390182193-1643390189389-0,dimensions,11.2 x 2 cm
entity:artifact:1:ld1-1643390182193-1643390189390-1,dimensions,12.6 x 1.8 cm
entity:artifact:1:ld1-1643390182193-1643390189391-0,dimensions,11.6 x 1.7 cm
entity:artifact:1:ld1-1643390182193-1643390189392-0,dimensions,11.6 x 1.7 cm
entity:artifact:1:ld1-1643390182193-1643390189393-0,dimensions,8.6 x 1.8 cm
entity:artifact:1:ld1-1643390182193-1643390189394-0,dimensions,5.3 x 1.9 cm
entity:artifact:1:ld1-1643390182193-1643390189395-0,dimensions,15.6 x 1.6 cm
entity:artifact:1:ld1-1643390182193-1643390189395-1,dimensions,6.1 x 1.4 cm
entity:artifact:1:ld1-1643390182193-1643390189397-0,dimensions,3.7 x 2.7 cm
entity:artifact:1:ld1-1643390182193-1643390189398-0,dimensions,3.6 x 2.6 cm
entity:artifact:1:ld1-1643390182193-1643390189400-1,dimensions,9.4 x 0.9 cm
entity:artifact:1:ld1-1643390182193-1643390189404-0,dimensions,16.5 x 1.5 cm
entity:artifact:1:ld1-1643390182193-1643390189410-0,dimensions,28.5 x 69.4 cm
entity:artifact:1:ld1-1643390182193-1643390189411-1,dimensions,17.6 x 6 x 4.6 cm
entity:artifact:1:ld1-1643390182193-1643390189413-0,dimensions,81.6 x 33 x 13.5 cm
entity:artifact:1:ld1-1643390182193-1643390189414-0,dimensions,19.6 x 13.3 x 13 cm
entity:artifact:1:ld1-1643390182193-1643390189416-0,dimensions,8.5 x 16.3 cm
entity:artifact:1:ld1-1643390182193-1643390189416-1,dimensions,188.4 x 60.2 cm
entity:artifact:1:ld1-1643390182193-1643390189422-0,dimensions,17.6 x 21.9 cm
entity:artifact:1:ld1-1643390182193-1643390189425-0,dimensions,2.4 x 3.1 cm
entity:artifact:1:ld1-1643390182193-1643390189428-0,dimensions,21.3 x 3.5 cm
entity:artifact:1:ld1-1643390182193-1643390189429-0,dimensions,16.1 x 2.7 cm
entity:artifact:1:ld1-1643390182193-1643390189429-1,dimensions,23.8 x 3.9 cm
entity:artifact:1:ld1-1643390182193-1643390189433-1,dimensions,13.2 x 4.5 cm
entity:artifact:1:ld1-1643390182193-1643390189435-0,dimensions,17.4 x 1.6 cm
entity:artifact:1:ld1-1643390182193-1643390189437-0,dimensions,3.7 x 1.5 cm
entity:artifact:1:ld1-1643390182193-1643390189438-0,dimensions,5.4 x 1.3 cm
entity:artifact:1:ld1-1643390182193-1643390189439-0,dimensions,3.1 x 1.5 cm
entity:artifact:1:ld1-1643390182193-1643390189440-0,dimensions,7.7 x 31.5 cm
entity:artifact:1:ld1-1643390182193-1643390189440-1,dimensions,19 x 6.7 cm
entity:artifact:1:ld1-1643390182193-1643390189442-0,dimensions,24.8 x 3.5 x 1.7 cm
entity:artifact:1:ld1-1643390182193-1643390189443-0,dimensions,27.2 x 4.3 x 0.8 cm
entity:artifact:1:ld1-1643390182193-1643390189443-1,dimensions,19.9 x 4.9 cm
entity:artifact:1:ld1-1643390182193-1643390189444-0,dimensions,13.4 x 5.3 cm
entity:artifact:1:ld1-1643390182193-1643390189445-0,dimensions,14.5 x 6.9 x 3.1 cm
entity:artifact:1:ld1-1643390182193-1643390189445-1,dimensions,5.6 x 5.6 x 1.8 cm
entity:artifact:1:ld1-1643390182193-1643390189449-1,dimensions,3.1 x 5.6 cm
entity:artifact:1:ld1-1643390182193-1643390189450-0,dimensions,3.8 x 5.9 cm
entity:artifact:1:ld1-1643390182193-1643390189451-1,dimensions,3.5 x 3.8 cm
entity:artifact:1:ld1-1643390182193-1643390189453-0,dimensions,7.3 x 7.4 cm
entity:artifact:1:ld1-1643390182193-1643390189454-0,dimensions,8.4 x 8.3 cm
entity:artifact:1:ld1-1643390182193-1643390189460-0,dimensions,7.5 x 7.5 cm
entity:artifact:1:ld1-1643390182193-1643390189462-1,dimensions,1 x 0.8 x 8.3 cm
entity:artifact:1:ld1-1643390182193-1643390189463-0,dimensions,6.6 x 1.3 x 3.5 cm
entity:artifact:1:ld1-1643390182193-1643390189464-0,dimensions,13.2 x 16 x 1.6 cm
entity:artifact:1:ld1-1643390182193-1643390189467-0,dimensions,5.3 x 5.8 cm
entity:artifact:1:ld1-1643390182193-1643390189468-0,dimensions,3.1 x 6.1 cm
entity:artifact:1:ld1-1643390182193-1643390189470-1,dimensions,4.1 x 3.7 cm
entity:artifact:1:ld1-1643390182193-1643390189471-0,dimensions,2.4 x 3.2 cm
entity:artifact:1:ld1-1643390182193-1643390189475-1,dimensions,3.6 x 4.4 cm
entity:artifact:1:ld1-1643390182193-1643390189477-0,dimensions,7.2 x 2.6 cm
entity:artifact:1:ld1-1643390182193-1643390189477-1,dimensions,6.5 x 1.2 cm
entity:artifact:1:ld1-1643390182193-1643390189478-0,dimensions,5.6 x 3.3 cm
entity:artifact:1:ld1-1643390182193-1643390189481-1,dimensions,3.5 x 4.3 cm
entity:artifact:1:ld1-1643390182193-1643390189485-0,dimensions,11.1 x 3.4 cm
entity:artifact:1:ld1-1643390182193-1643390189486-1,dimensions,6.5 x 0.4 cm
entity:artifact:1:ld1-1643390182193-1643390189487-0,dimensions,10.1 x 2.5 cm
entity:artifact:1:ld1-1643390182193-1643390189488-0,dimensions,1.4 x 3.3 cm
entity:artifact:1:ld1-1643390182193-1643390189488-1,dimensions,1.4 x 3.3 cm
entity:artifact:1:ld1-1643390182193-1643390189497-0,dimensions,88.4 x 47.3 x 28.5 cm
entity:artifact:1:ld1-1643390182193-1643390189498-0,dimensions,36 x 24.5 x 24 cm
entity:artifact:1:ld1-1643390182193-1643390189499-0,dimensions,4 x 14.1 cm
entity:artifact:1:ld1-1643390182193-1643390189500-0,dimensions,5.5 x 2.9 cm
entity:artifact:1:ld1-1643390182193-1643390189500-1,dimensions,13.4 x 2.2 cm
entity:artifact:1:ld1-1643390182193-1643390189501-0,dimensions,14.1 x 2.3 cm
entity:artifact:1:ld1-1643390182193-1643390189502-0,dimensions,14.1 x 2.2 cm
entity:artifact:1:ld1-1643390182193-1643390189502-1,dimensions,9.5 x 2.2 cm
entity:artifact:1:ld1-1643390182193-1643390189505-0,dimensions,191.5 x 132.5 cm
entity:artifact:1:ld1-1643390182193-1643390189506-0,dimensions,272.5 x 163.5 cm
entity:artifact:1:ld1-1643390182193-1643390189514-0,dimensions,101.7 x 40.9 x 26.7 cm
entity:artifact:1:ld1-1643390182193-1643390189517-0,dimensions,13.7 x 6.4 x 6.5 cm
entity:artifact:1:ld1-1643390182193-1643390189518-0,dimensions,33.7 x 4.6 x 0.9 cm
entity:artifact:1:ld1-1643390182193-1643390189525-0,dimensions,16.3 x 8.6 cm
entity:artifact:1:ld1-1643390182193-1643390189526-0,dimensions,8.4 x 17.6 x 0.7 cm
entity:artifact:1:ld1-1643390182193-1643390189526-1,dimensions,21.9 x 1.6 cm
entity:artifact:1:ld1-1643390182193-1643390189527-0,dimensions,15.6 x 1 cm
entity:artifact:1:ld1-1643390182193-1643390189529-1,dimensions,3.4 x 1.2 cm
entity:artifact:1:ld1-1643390182193-1643390189533-1,dimensions,19.2 x 8.1 x 8.2 cm
entity:artifact:1:ld1-1643390182193-1643390189537-0,dimensions,21.3 x 12.8 cm
entity:artifact:1:ld1-1643390182193-1643390189545-0,dimensions,160.3 x 106.2 cm
entity:artifact:1:ld1-1643390182193-1643390189546-0,dimensions,166.4 x 88.7 cm
entity:artifact:1:ld1-1643390182193-1643390189546-1,dimensions,29.7 x 125.3 cm
entity:artifact:1:ld1-1643390182193-1643390189548-0,dimensions,49.8 x 36.5 cm
entity:artifact:1:ld1-1643390182193-1643390189550-0,dimensions,13.1 x 14.3 cm
entity:artifact:1:ld1-1643390182193-1643390189551-0,dimensions,28.5 x 7.5 x 7.6 cm
entity:artifact:1:ld1-1643390182193-1643390189552-0,dimensions,14.7 x 1.1 cm
entity:artifact:1:ld1-1643390182193-1643390189555-0,dimensions,15 x 18.3 cm
entity:artifact:1:ld1-1643390182193-1643390189555-1,dimensions,8.1 x 31.3 cm
entity:artifact:1:ld1-1643390182193-1643390189572-1,dimensions,8.1 x 2.7 cm
entity:artifact:1:ld1-1643390182193-1643390189575-0,dimensions,6.9 x 3.1 cm
entity:artifact:1:ld1-1643390182193-1643390189576-0,dimensions,32.6 x 3.9 x 5.4 cm
entity:artifact:1:ld1-1643390182193-1643390189577-0,dimensions,24.6 x 3.4 x 5.4 cm
entity:artifact:1:ld1-1643390182193-1643390189578-0,dimensions,26.8 x 6.3 x 7.3 cm
entity:artifact:1:ld1-1643390182193-1643390189579-0,dimensions,5.2 x 7.8 x 7 cm
entity:artifact:1:ld1-1643390182193-1643390189580-0,dimensions,4.5 x 8.3 cm
entity:artifact:1:ld1-1643390182193-1643390189581-0,dimensions,6.1 x 9.8 x 3.6 cm
entity:artifact:1:ld1-1643390182193-1643390189582-0,dimensions,3.5 x 9.4 x 6.5 cm
entity:artifact:1:ld1-1643390182193-1643390189583-0,dimensions,4.9 x 8.4 x 5.7 cm
entity:artifact:1:ld1-1643390182193-1643390189583-1,dimensions,7.8 x 8.1 x 2.8 cm
entity:artifact:1:ld1-1643390182193-1643390189584-0,dimensions,4.6 x 3.5 cm
entity:artifact:1:ld1-1643390182193-1643390189585-0,dimensions,5.1 x 3.1 cm
entity:artifact:1:ld1-1643390182193-1643390189585-1,dimensions,4.6 x 2.3 cm
entity:artifact:1:ld1-1643390182193-1643390189586-0,dimensions,8.2 x 4 cm
entity:artifact:1:ld1-1643390182193-1643390189587-0,dimensions,4.6 x 6.7 cm
entity:artifact:1:ld1-1643390182193-1643390189588-0,dimensions,2.8 x 7.7 cm
entity:artifact:1:ld1-1643390182193-1643390189589-0,dimensions,8.3 x 7.1 cm
entity:artifact:1:ld1-1643390182193-1643390189590-0,dimensions,8.3 x 6.8 cm
entity:artifact:1:ld1-1643390182193-1643390189591-0,dimensions,14.2 x 7.2 cm
entity:artifact:1:ld1-1643390182193-1643390189593-1,dimensions,4.6 x 6.6 cm
entity:artifact:1:ld1-1643390182193-1643390189594-0,dimensions,4.3 x 5.7 x 1.2 cm
entity:artifact:1:ld1-1643390182193-1643390189601-0,dimensions,7.9 x 7.1 cm
entity:artifact:1:ld1-1643390182193-1643390189602-0,dimensions,20.4 x 5.9 cm
entity:artifact:1:ld1-1643390182193-1643390189602-1,dimensions,20.1 x 6 cm
entity:artifact:1:ld1-1643390182193-1643390189605-0,dimensions,3.9 x 6.2 cm
entity:artifact:1:ld1-1643390182193-1643390189609-0,dimensions,16 x 30.1 cm
entity:artifact:1:ld1-1643390182193-1643390189610-0,dimensions,11.3 x 3.5 cm
entity:artifact:1:ld1-1643390182193-1643390189610-1,dimensions,7.1 x 2.6 cm
entity:artifact:1:ld1-1643390182193-1643390189611-0,dimensions,11.5 x 3.5 cm
entity:artifact:1:ld1-1643390182193-1643390189612-0,dimensions,11.3 x 6.7 cm
entity:artifact:1:ld1-1643390182193-1643390189613-1,dimensions,34.2 x 26.3 cm
entity:artifact:1:ld1-1643390182193-1643390189614-0,dimensions,33.9 x 26.1 cm
entity:artifact:1:ld1-1643390182193-1643390189617-0,dimensions,43.7 x 8.8 x 0.7 cm
entity:artifact:1:ld1-1643390182193-1643390189618-0,dimensions,36.5 x 7.2 x 0.8 cm
entity:artifact:1:ld1-1643390182193-1643390189619-0,dimensions,26.9 x 6.8 x 0.4 cm
entity:artifact:1:ld1-1643390182193-1643390189619-1,dimensions,29 x 5.4 x 0.3 cm
entity:artifact:1:ld1-1643390182193-1643390189620-0,dimensions,27.6 x 6.5 x 0.5 cm
entity:artifact:1:ld1-1643390182193-1643390189623-0,dimensions,6.5 x 9.5 x 9.4 cm
entity:artifact:1:ld1-1643390182193-1643390189624-0,dimensions,8.1 x 7.4 x 7.5 cm
entity:artifact:1:ld1-1643390182193-1643390189625-0,dimensions,27.3 x 1.7 cm
entity:artifact:1:ld1-1643390182193-1643390189626-0,dimensions,20.5 x 1.2 cm
entity:artifact:1:ld1-1643390182193-1643390189626-1,dimensions,17.5 x 1 cm
entity:artifact:1:ld1-1643390182193-1643390189627-0,dimensions,18.6 x 1 cm
entity:artifact:1:ld1-1643390182193-1643390189628-0,dimensions,17.6 x 1.3 cm
entity:artifact:1:ld1-1643390182193-1643390189629-0,dimensions,16.4 x 1.2 cm
entity:artifact:1:ld1-1643390182193-1643390189630-0,dimensions,14.9 x 1.1 cm
entity:artifact:1:ld1-1643390182193-1643390189630-1,dimensions,15.2 x 0.9 cm
entity:artifact:1:ld1-1643390182193-1643390189633-0,dimensions,6.9 x 8 x 1 cm
entity:artifact:1:ld1-1643390182193-1643390189634-0,dimensions,3.2 x 7.2 x 2.4 cm
entity:artifact:1:ld1-1643390182193-1643390189634-1,dimensions,2.9 x 5.1 x 6.2 cm
entity:artifact:1:ld1-1643390182193-1643390189635-0,dimensions,3.5 x 24.9 cm
entity:artifact:1:ld1-1643390182193-1643390189661-0,dimensions,113.2 x 57.1 cm
entity:artifact:1:ld1-1643390182193-1643390189663-0,dimensions,105.1 x 61.2 cm
entity:artifact:1:ld1-1643390182193-1643390189664-0,dimensions,60.1 x 39.5 cm
entity:artifact:1:ld1-1643390182193-1643390189665-0,dimensions,99.5 x 53.5 cm
entity:artifact:1:ld1-1643390182193-1643390189666-0,dimensions,189.5 x 98.2 cm
entity:artifact:1:ld1-1643390182193-1643390189667-0,dimensions,180.3 x 105.7 cm
entity:artifact:1:ld1-1643390182193-1643390189668-0,dimensions,190.8 x 104.1 cm
entity:artifact:1:ld1-1643390182193-1643390189679-0,dimensions,34.3 x 34.2 cm
entity:artifact:1:ld1-1643390182193-1643390189681-0,dimensions,103.6 x 61 cm
entity:artifact:1:ld1-1643390182193-1643390189681-1,dimensions,129 x 63 cm
entity:artifact:1:ld1-1643390182193-1643390189682-0,dimensions,35 x 54 cm
entity:artifact:1:ld1-1643390182193-1643390189684-1,dimensions,95.1 x 33.5 cm
entity:artifact:1:ld1-1643390182193-1643390189685-0,dimensions,24.7 x 27.7 cm
entity:artifact:1:ld1-1643390182193-1643390189690-0,dimensions,20.7 x 27.5 cm
entity:artifact:1:ld1-1643390182193-1643390189699-0,dimensions,162 x 85.4 cm
entity:artifact:1:ld1-1643390182193-1643390189700-0,dimensions,30.5 x 114.5 cm
entity:artifact:1:ld1-1643390182193-1643390189701-0,dimensions,27.2 x 101.5 cm
entity:artifact:1:ld1-1643390182193-1643390189702-0,dimensions,122.6 x 68.6 cm
entity:artifact:1:ld1-1643390182193-1643390189703-0,dimensions,157.1 x 93.5 cm
entity:artifact:1:ld1-1643390182193-1643390189703-1,dimensions,158.9 x 89.2 cm
entity:artifact:1:ld1-1643390182193-1643390189704-0,dimensions,174.2 x 94.2 cm
entity:artifact:1:ld1-1643390182193-1643390189706-0,dimensions,148.8 x 110.3 cm
entity:artifact:1:ld1-1643390182193-1643390189707-0,dimensions,172.9 x 99.3 cm
entity:artifact:1:ld1-1643390182193-1643390189708-0,dimensions,154.6 x 81.3 cm
entity:artifact:1:ld1-1643390182193-1643390189709-0,dimensions,184.6 x 99.9 cm
entity:artifact:1:ld1-1643390182193-1643390189710-0,dimensions,24.2 x 24.5 cm
entity:artifact:1:ld1-1643390182193-1643390189717-0,dimensions,107.9 x 51.9 cm
entity:artifact:1:ld1-1643390182193-1643390189736-0,dimensions,5 x 6.8 x 2.2 cm
entity:artifact:1:ld1-1643390182193-1643390189737-0,dimensions,3.5 x 6.6 x 0.4 cm
entity:artifact:1:ld1-1643390182193-1643390189739-0,dimensions,5.7 x 7.8 x 7.7 cm
entity:artifact:1:ld1-1643390182193-1643390189746-0,dimensions,75 x 36 cm
entity:artifact:1:ld1-1643390182193-1643390189816-0,dimensions,3.6 x 5 x 1.7 cm
entity:artifact:1:ld1-1643390182193-1643390189819-0,dimensions,7.1 x 12.7 cm
entity:artifact:1:ld1-1643390182193-1643390189820-0,dimensions,3.5 x 1.6 x 1.2 cm
entity:artifact:1:ld1-1643390182193-1643390189821-0,dimensions,2.3 x 2 x 0.9 cm
entity:artifact:1:ld1-1643390182193-1643390189824-0,dimensions,2.7 x 7.8 x 1.7 cm
entity:artifact:1:ld1-1643390182193-1643390189829-0,dimensions,3.7 x 4 cm
entity:artifact:1:ld1-1643390182193-1643390189829-1,dimensions,3.7 x 4 cm
entity:artifact:1:ld1-1643390182193-1643390189830-0,dimensions,3.7 x 4 cm
entity:artifact:1:ld1-1643390182193-1643390189831-0,dimensions,3.7 x 4 cm
entity:artifact:1:ld1-1643390182193-1643390189832-0,dimensions,3.7 x 4 cm
entity:artifact:1:ld1-1643390182193-1643390189833-0,dimensions,3.7 x 4 cm
entity:artifact:1:ld1-1643390182193-1643390189857-0,dimensions,18.7 x 2.3 x 6.5 cm
entity:artifact:1:ld1-1643390182193-1643390189859-1,dimensions,3.7 x 1.3 cm
entity:artifact:1:ld1-1643390182193-1643390189860-0,dimensions,3.3 x 1.4 cm
entity:artifact:1:ld1-1643390182193-1643390189866-0,dimensions,3.3 x 1.2 cm
entity:artifact:1:ld1-1643390182193-1643390189883-0,dimensions,7.7 x 5.4 x 2.2 cm
entity:artifact:1:ld1-1643390182193-1643390189884-0,dimensions,18.7 x 1.3 cm
entity:artifact:1:ld1-1643390182193-1643390189886-0,dimensions,16.3 x 16.3 x 0.9 cm
entity:artifact:1:ld1-1643390182193-1643390189895-0,dimensions,18.3 x 4.3 x 0.9 cm
entity:artifact:1:ld1-1643390182193-1643390189897-0,dimensions,18.4 x 4.3 cm
entity:artifact:1:ld1-1643390182193-1643390189898-0,dimensions,16.5 x 4 x 1.1 cm
entity:artifact:1:ld1-1643390182193-1643390189901-1,dimensions,19.7 x 1.4 cm
entity:artifact:1:ld1-1643390182193-1643390189902-0,dimensions,2 x 5.6 cm
entity:artifact:1:ld1-1643390182193-1643390189903-0,dimensions,4.8 x 7.3 cm
entity:artifact:1:ld1-1643390182193-1643390189904-0,dimensions,4.4 x 5.6 x 5.4 cm
entity:artifact:1:ld1-1643390182193-1643390189906-0,dimensions,2.9 x 6 cm
entity:artifact:1:ld1-1643390182193-1643390189908-0,dimensions,18.9 x 1.3 cm
entity:artifact:1:ld1-1643390182193-1643390189913-0,dimensions,16.9 x 1.2 cm
entity:artifact:1:ld1-1643390182193-1643390189920-0,dimensions,20.8 x 1.1 cm
entity:artifact:1:ld1-1643390182193-1643390189923-0,dimensions,9.6 x 11.8 cm
entity:artifact:1:ld1-1643390182193-1643390189924-0,dimensions,10.4 x 13.9 x 13.9 cm
entity:artifact:1:ld1-1643390182193-1643390189925-1,dimensions,17.7 x 1.3 cm
entity:artifact:1:ld1-1643390182193-1643390189933-1,dimensions,15.8 x 22.6 x 0.6 cm
entity:artifact:1:ld1-1643390182193-1643390189934-0,dimensions,31.8 x 1.4 cm
entity:artifact:1:ld1-1643390182193-1643390189936-0,dimensions,14 x 0.5 cm
entity:artifact:1:ld1-1643390182193-1643390189937-0,dimensions,16.6 x 1.2 cm
entity:artifact:1:ld1-1643390182193-1643390189937-1,dimensions,17.3 x 1.3 cm
entity:artifact:1:ld1-1643390182193-1643390189938-0,dimensions,18.6 x 1.4 cm
entity:artifact:1:ld1-1643390182193-1643390189941-0,dimensions,16.7 x 1.4 cm
entity:artifact:1:ld1-1643390182193-1643390189942-0,dimensions,21.3 x 1.2 cm
entity:artifact:1:ld1-1643390182193-1643390189949-0,dimensions,14.5 x 6.7 x 7 cm
entity:artifact:1:ld1-1643390182193-1643390189954-0,dimensions,121.9 x 67.4 cm
entity:artifact:1:ld1-1643390182193-1643390189956-0,dimensions,49.9 x 49.9 cm
entity:artifact:1:ld1-1643390182193-1643390189956-1,dimensions,126.5 x 60.5 cm
entity:artifact:1:ld1-1643390182193-1643390189957-0,dimensions,105.5 x 79.3 cm
entity:artifact:1:ld1-1643390182193-1643390189959-0,dimensions,157.6 x 89.5 cm
entity:artifact:1:ld1-1643390182193-1643390189962-0,dimensions,75.8 x 58.7 cm
entity:artifact:1:ld1-1643390182193-1643390189963-0,dimensions,101.9 x 47.6 cm
entity:artifact:1:ld1-1643390182193-1643390189965-1,dimensions,119.4 x 63.3 cm
entity:artifact:1:ld1-1643390182193-1643390189967-0,dimensions,61.2 x 102.3 cm
entity:artifact:1:ld1-1643390182193-1643390189968-0,dimensions,169.3 x 81.3 cm
entity:artifact:1:ld1-1643390182193-1643390189969-0,dimensions,116.7 x 119.9 cm
entity:artifact:1:ld1-1643390182193-1643390189971-0,dimensions,136.4 x 60.2 cm
entity:artifact:1:ld1-1643390182193-1643390189972-1,dimensions,181.2 x 98.8 cm
entity:artifact:1:ld1-1643390182193-1643390189975-0,dimensions,163.7 x 221.5 cm
entity:artifact:1:ld1-1643390182193-1643390189976-0,dimensions,156.8 x 76.8 cm
entity:artifact:1:ld1-1643390182193-1643390189979-0,dimensions,29.2 x 31.4 cm
entity:artifact:1:ld1-1643390182193-1643390189980-0,dimensions,44.9 x 1223 cm
entity:artifact:1:ld1-1643390182193-1643390189982-0,dimensions,31.7 x 364.2 cm
entity:artifact:1:ld1-1643390182193-1643390189998-0,dimensions,103.1 x 58.8 cm
entity:artifact:1:ld1-1643390182193-1643390190000-0,dimensions,9 x 7.2 cm
entity:artifact:1:ld1-1643390182193-1643390190004-0,dimensions,19 x 1.2 cm
entity:artifact:1:ld1-1643390182193-1643390190004-1,dimensions,16.3 x 1.6 cm
entity:artifact:1:ld1-1643390182193-1643390190005-0,dimensions,11.1 x 1.2 cm
entity:artifact:1:ld1-1643390182193-1643390190006-0,dimensions,10.9 x 10.9 x 1.3 cm
entity:artifact:1:ld1-1643390182193-1643390190007-0,dimensions,18.9 x 1.1 cm
entity:artifact:1:ld1-1643390182193-1643390190015-0,dimensions,46.7 x 807.4 cm
entity:artifact:1:ld1-1643390182193-1643390190017-0,dimensions,48.3 x 570.5 cm
entity:artifact:1:ld1-1643390182193-1643390190018-0,dimensions,28.3 x 222.4 cm
entity:artifact:1:ld1-1643390182193-1643390190020-0,dimensions,47.3 x 33.2 cm
entity:artifact:1:ld1-1643390182193-1643390190020-1,dimensions,47.6 x 33.9 cm
entity:artifact:1:ld1-1643390182193-1643390190022-0,dimensions,18.6 x 25.7 cm
entity:artifact:1:ld1-1643390182193-1643390190025-0,dimensions,96.5 x 52.8 cm
entity:artifact:1:ld1-1643390182193-1643390190026-0,dimensions,98.6 x 50.2 cm
entity:artifact:1:ld1-1643390182193-1643390190027-1,dimensions,105 x 52.1 cm
entity:artifact:1:ld1-1643390182193-1643390190032-0,dimensions,104.7 x 101.4 cm
entity:artifact:1:ld1-1643390182193-1643390190033-0,dimensions,65.6 x 115.3 cm
entity:artifact:1:ld1-1643390182193-1643390190040-1,dimensions,25 x 27.7 cm
entity:artifact:1:ld1-1643390182193-1643390190061-0,dimensions,136.2 x 39 x 36.5 cm
entity:artifact:1:ld1-1643390182193-1643390190071-1,dimensions,7.6 x 1.1 cm
entity:artifact:1:ld1-1643390182193-1643390190072-0,dimensions,8.4 x 1.7 cm
entity:artifact:1:ld1-1643390182193-1643390190074-0,dimensions,11.6 x 2.6 cm
entity:artifact:1:ld1-1643390182193-1643390190077-0,dimensions,7.8 x 11.6 cm
entity:artifact:1:ld1-1643390182193-1643390190078-0,dimensions,4.8 x 8.6 cm
entity:artifact:1:ld1-1643390182193-1643390190079-1,dimensions,7.3 x 2 cm
entity:artifact:1:ld1-1643390182193-1643390190080-0,dimensions,5.2 x 3.1 cm
entity:artifact:1:ld1-1643390182193-1643390190081-0,dimensions,8.4 x 5 cm
entity:artifact:1:ld1-1643390182193-1643390190082-0,dimensions,5.9 x 6.2 cm
entity:artifact:1:ld1-1643390182193-1643390190083-0,dimensions,5.4 x 7.2 cm
entity:artifact:1:ld1-1643390182193-1643390190084-0,dimensions,7.5 x 12.1 x 1 cm
entity:artifact:1:ld1-1643390182193-1643390190085-0,dimensions,12 x 3.8 cm
entity:artifact:1:ld1-1643390182193-1643390190087-0,dimensions,9.7 x 4.1 cm
entity:artifact:1:ld1-1643390182193-1643390190088-0,dimensions,14 x 1.2 cm
entity:artifact:1:ld1-1643390182193-1643390190089-0,dimensions,11.2 x 2.5 cm
entity:artifact:1:ld1-1643390182193-1643390190090-0,dimensions,20.3 x 2.9 cm
entity:artifact:1:ld1-1643390182193-1643390190156-0,dimensions,3.5 x 5.1 cm
entity:artifact:1:ld1-1643390182193-1643390190164-0,dimensions,2.8 x 7.1 x 2.1 cm
entity:artifact:1:ld1-1643390182193-1643390190165-0,dimensions,3.5 x 7.1 x 2.1 cm
entity:artifact:1:ld1-1643390182193-1643390190178-0,dimensions,106.1 x 49.7 cm
entity:artifact:1:ld1-1643390182193-1643390190180-0,dimensions,67.3 x 36.3 cm
entity:artifact:1:ld1-1643390182193-1643390190183-0,dimensions,126.7 x 70 cm
entity:artifact:1:ld1-1643390182193-1643390190184-0,dimensions,72 x 59.3 cm
entity:artifact:1:ld1-1643390182193-1643390190186-0,dimensions,109.6 x 87 cm
entity:artifact:1:ld1-1643390182193-1643390190187-0,dimensions,50 x 49.4 cm
entity:artifact:1:ld1-1643390182193-1643390190192-0,dimensions,103.4 x 37.6 cm
entity:artifact:1:ld1-1643390182193-1643390190193-0,dimensions,53.3 x 74.3 cm
entity:artifact:1:ld1-1643390182193-1643390190195-0,dimensions,117.5 x 75.9 cm
entity:artifact:1:ld1-1643390182193-1643390190197-0,dimensions,26.3 x 1.6 cm
entity:artifact:1:ld1-1643390182193-1643390190198-0,dimensions,24.7 x 1.4 cm
entity:artifact:1:ld1-1643390182193-1643390190200-0,dimensions,24.5 x 1.3 cm
entity:artifact:1:ld1-1643390182193-1643390190202-0,dimensions,22.4 x 1.4 cm
entity:artifact:1:ld1-1643390182193-1643390190204-0,dimensions,23.6 x 1.4 cm
entity:artifact:1:ld1-1643390182193-1643390190206-0,dimensions,22.1 x 1.4 cm
entity:artifact:1:ld1-1643390182193-1643390190207-0,dimensions,22.5 x 1.7 cm
entity:artifact:1:ld1-1643390182193-1643390190209-0,dimensions,21.2 x 1.3 cm
entity:artifact:1:ld1-1643390182193-1643390190211-0,dimensions,19 x 1.7 cm
entity:artifact:1:ld1-1643390182193-1643390190212-0,dimensions,18.5 x 1.2 cm
entity:artifact:1:ld1-1643390182193-1643390190214-0,dimensions,19.3 x 2.4 cm
entity:artifact:1:ld1-1643390182193-1643390190216-0,dimensions,16.1 x 1.5 cm
entity:artifact:1:ld1-1643390182193-1643390190218-0,dimensions,0.4 x 17.1 cm
entity:artifact:1:ld1-1643390182193-1643390190219-0,dimensions,16 x 1.4 cm
entity:artifact:1:ld1-1643390182193-1643390190221-0,dimensions,17.3 x 1.2 cm
entity:artifact:1:ld1-1643390182193-1643390190224-0,dimensions,14.4 x 0.4 cm
entity:artifact:1:ld1-1643390182193-1643390190226-0,dimensions,14.4 x 1.1 cm
entity:artifact:1:ld1-1643390182193-1643390190232-0,dimensions,9.5 x 29.4 x 0.7 cm
entity:artifact:1:ld1-1643390182193-1643390190233-0,dimensions,10.8 x 6.1 x 6 cm
entity:artifact:1:ld1-1643390182193-1643390190235-0,dimensions,9.3 x 6.4 x 6.4 cm
entity:artifact:1:ld1-1643390182193-1643390190237-0,dimensions,11.3 x 5.9 x 6 cm
entity:artifact:1:ld1-1643390182193-1643390190241-0,dimensions,8.4 x 23.1 cm
entity:artifact:1:ld1-1643390182193-1643390190253-0,dimensions,1.7 x 2.2 cm
entity:artifact:1:ld1-1643390182193-1643390190254-0,dimensions,1.9 x 2.1 cm
entity:artifact:1:ld1-1643390182193-1643390190261-0,dimensions,5.5 x 6.6 x 0.7 cm
entity:artifact:1:ld1-1643390182193-1643390190264-0,dimensions,3.4 x 7.9 x 0.5 cm
entity:artifact:1:ld1-1643390182193-1643390190266-0,dimensions,3.3 x 9.5 x 0.8 cm
entity:artifact:1:ld1-1643390182193-1643390190268-0,dimensions,3.5 x 6.8 cm
entity:artifact:1:ld1-1643390182193-1643390190272-0,dimensions,1.9 x 8.1 cm
entity:artifact:1:ld1-1643390182193-1643390190274-0,dimensions,1.6 x 8.6 cm
entity:artifact:1:ld1-1643390182193-1643390190275-0,dimensions,2.1 x 7.9 cm
entity:artifact:1:ld1-1643390182193-1643390190277-0,dimensions,7.7 x 0.4 cm
entity:artifact:1:ld1-1643390182193-1643390190279-0,dimensions,7.3 x 0.5 cm
entity:artifact:1:ld1-1643390182193-1643390190280-0,dimensions,1.1 x 7.1 cm
entity:artifact:1:ld1-1643390182193-1643390190282-0,dimensions,39.1 x 7.1 x 0.6 cm
entity:artifact:1:ld1-1643390182193-1643390190286-0,dimensions,13.4 x 0.9 cm
entity:artifact:1:ld1-1643390182193-1643390190308-0,dimensions,4 x 6.6 cm
entity:artifact:1:ld1-1643390182193-1643390190311-0,dimensions,19.8 x 9.8 cm
entity:artifact:1:ld1-1643390182193-1643390190340-0,dimensions,64.9 x 43.6 cm
entity:artifact:1:ld1-1643390182193-1643390190363-0,dimensions,130 x 78.1 cm
entity:artifact:1:ld1-1643390182193-1643390190365-0,dimensions,175.7 x 105.7 cm
entity:artifact:1:ld1-1643390182193-1643390190366-0,dimensions,140.1 x 75.8 cm
entity:artifact:1:ld1-1643390182193-1643390190410-0,dimensions,2.7 x 0.4 cm
entity:artifact:1:ld1-1643390182193-1643390190412-0,dimensions,4 x 1.1 cm
entity:artifact:1:ld1-1643390182193-1643390190548-0,dimensions,3.9 x 3.4 cm
entity:artifact:1:ld1-1643390182193-1643390190683-0,dimensions,72 x 18.6 x 0.8 cm
entity:artifact:1:ld1-1643390182193-1643390190687-0,dimensions,153.2 x 75.7 cm
entity:artifact:1:ld1-1643390182193-1643390190688-0,dimensions,151.4 x 68.9 cm
entity:artifact:1:ld1-1643390182193-1643390190694-0,dimensions,46.4 x 31.2 cm
entity:artifact:1:ld1-1643390182193-1643390190695-0,dimensions,143.8 x 43.2 cm
entity:artifact:1:ld1-1643390182193-1643390190696-0,dimensions,139.6 x 102.2 cm
entity:artifact:1:ld1-1643390182193-1643390190698-0,dimensions,36.1 x 195 cm
entity:artifact:1:ld1-1643390182193-1643390190701-0,dimensions,29.4 x 174.6 cm
entity:artifact:1:ld1-1643390182193-1643390190705-0,dimensions,20.8 x 6.9 x 6.9 cm
entity:artifact:1:ld1-1643390182193-1643390190708-0,dimensions,18.5 x 1.3 cm
entity:artifact:1:ld1-1643390182193-1643390190713-0,dimensions,7.1 x 9.4 x 9.5 cm
entity:artifact:1:ld1-1643390182193-1643390190716-0,dimensions,24.3 x 1.4 cm
entity:artifact:1:ld1-1643390182193-1643390190717-0,dimensions,15.4 x 1.1 cm
entity:artifact:1:ld1-1643390182193-1643390190718-0,dimensions,15.7 x 1.1 cm
entity:artifact:1:ld1-1643390182193-1643390190720-0,dimensions,16.1 x 1.3 cm
entity:artifact:1:ld1-1643390182193-1643390190721-0,dimensions,14 x 1.5 cm
entity:artifact:1:ld1-1643390182193-1643390190723-0,dimensions,18.6 x 0.5 cm
entity:artifact:1:ld1-1643390182193-1643390190724-0,dimensions,17.2 x 1 cm
entity:artifact:1:ld1-1643390182193-1643390190732-0,dimensions,10.3 x 11.7 x 0.8 cm
entity:artifact:1:ld1-1643390182193-1643390190736-0,dimensions,141.5 x 82.3 cm
entity:artifact:1:ld1-1643390182193-1643390190738-0,dimensions,154.7 x 82.3 cm
entity:artifact:1:ld1-1643390182193-1643390190740-0,dimensions,147.5 x 78.1 cm
entity:artifact:1:ld1-1643390182193-1643390190747-0,dimensions,18.6 x 1.3 cm
entity:artifact:1:ld1-1643390182193-1643390190749-0,dimensions,4.3 x 7.2 cm
entity:artifact:1:ld1-1643390182193-1643390190751-0,dimensions,22.7 x 38.5 cm
entity:artifact:1:ld1-1643390182193-1643390190752-0,dimensions,19.5 x 19.5 cm
entity:artifact:1:ld1-1643390182193-1643390190754-0,dimensions,24.9 x 4.3 x 4.3 cm
entity:artifact:1:ld1-1643390182193-1643390190755-0,dimensions,5.7 x 4.5 cm
entity:artifact:1:ld1-1643390182193-1643390190758-0,dimensions,30.5 x 468.3 cm
entity:artifact:1:ld1-1643390182193-1643390190973-0,dimensions,14.8 x 2.9 cm
entity:artifact:1:ld1-1643390182193-1643390190975-0,dimensions,11.1 x 15.8 cm
entity:artifact:1:ld1-1643390182193-1643390190981-0,dimensions,6.6 x 5.5 x 6.4 cm
entity:artifact:1:ld1-1643390182193-1643390190987-0,dimensions,4.3 x 16 cm
entity:artifact:1:ld1-1643390182193-1643390190999-0,dimensions,68.8 x 30 cm
entity:artifact:1:ld1-1643390182193-1643390191009-0,dimensions,3 x 2.5 cm
entity:artifact:1:ld1-1643390182193-1643390191011-0,dimensions,1.5 x 2.6 x 2.6 cm
entity:artifact:1:ld1-1643390182193-1643390191020-0,dimensions,14.7 x 20 cm
entity:artifact:1:ld1-1643390182193-1643390191021-0,dimensions,8.6 x 8.1 cm
entity:artifact:1:ld1-1643390182193-1643390191025-0,dimensions,6 x 7.8 x 8.2 cm
entity:artifact:1:ld1-1643390182193-1643390191040-0,dimensions,23.5 x 1.2 cm
entity:artifact:1:ld1-1643390182193-1643390191041-0,dimensions,23.6 x 1.4 cm
entity:artifact:1:ld1-1643390182193-1643390191043-0,dimensions,17.6 x 1.1 cm
entity:artifact:1:ld1-1643390182193-1643390191047-0,dimensions,16 x 1.1 cm
entity:artifact:1:ld1-1643390182193-1643390191050-0,dimensions,19.5 x 1.5 cm
entity:artifact:1:ld1-1643390182193-1643390191053-0,dimensions,16 x 1.2 cm
entity:artifact:1:ld1-1643390182193-1643390191055-0,dimensions,14.7 x 1.2 cm
entity:artifact:1:ld1-1643390182193-1643390191058-0,dimensions,14.1 x 0.9 cm
entity:artifact:1:ld1-1643390182193-1643390191059-0,dimensions,30 x 1.5 cm
entity:artifact:1:ld1-1643390182193-1643390191061-0,dimensions,11 x 0.5 cm
entity:artifact:1:ld1-1643390182193-1643390191062-0,dimensions,11.2 x 0.8 cm
entity:artifact:1:ld1-1643390182193-1643390191066-0,dimensions,24.7 x 0.8 cm
entity:artifact:1:ld1-1643390182193-1643390191071-0,dimensions,13.3 x 17.7 x 1.2 cm
entity:artifact:1:ld1-1643390182193-1643390191072-0,dimensions,16.7 x 14.9 cm
entity:artifact:1:ld1-1643390182193-1643390191074-0,dimensions,4.6 x 5.8 cm
entity:artifact:1:ld1-1643390182193-1643390191082-0,dimensions,5 x 7.3 cm
entity:artifact:1:ld1-1643390182193-1643390191082-1,dimensions,3.7 x 7.6 x 7.5 cm
entity:artifact:1:ld1-1643390182193-1643390191083-0,dimensions,1.8 x 8.5 cm
entity:artifact:1:ld1-1643390182193-1643390191084-0,dimensions,1.6 x 8.2 cm
entity:artifact:1:ld1-1643390182193-1643390191085-0,dimensions,1.6 x 7.9 cm
entity:artifact:1:ld1-1643390182193-1643390191086-0,dimensions,5.6 x 6.9 x 6.8 cm
entity:artifact:1:ld1-1643390182193-1643390191088-0,dimensions,7.7 x 12 cm
entity:artifact:1:ld1-1643390182193-1643390191090-1,dimensions,17.5 x 1.4 cm
entity:artifact:1:ld1-1643390182193-1643390191091-0,dimensions,25.5 x 1.2 cm
entity:artifact:1:ld1-1643390182193-1643390191093-0,dimensions,6.2 x 31.1 x 0.8 cm
entity:artifact:1:ld1-1643390182193-1643390191094-1,dimensions,7.3 x 14.1 cm
entity:artifact:1:ld1-1643390182193-1643390191095-0,dimensions,7.1 x 6.1 cm
entity:artifact:1:ld1-1643390182193-1643390191096-0,dimensions,14.3 x 8.1 x 6.4 cm
entity:artifact:1:ld1-1643390182193-1643390191097-0,dimensions,3.8 x 9.8 cm
entity:artifact:1:ld1-1643390182193-1643390191097-1,dimensions,6 x 11 cm
entity:artifact:1:ld1-1643390182193-1643390191098-0,dimensions,5.2 x 10 cm
entity:artifact:1:ld1-1643390182193-1643390191099-0,dimensions,33.8 x 4.1 x 5.2 cm
entity:artifact:1:ld1-1643390182193-1643390191104-1,dimensions,4.7 x 3 cm
entity:artifact:1:ld1-1643390182193-1643390191105-0,dimensions,4.7 x 2.9 cm
entity:artifact:1:ld1-1643390182193-1643390191106-0,dimensions,18.1 x 15.3 x 14.8 cm
entity:artifact:1:ld1-1643390182193-1643390191106-1,dimensions,5.8 x 7.1 cm
entity:artifact:1:ld1-1643390182193-1643390191107-0,dimensions,22.6 x 7.8 x 6.4 cm
entity:artifact:1:ld1-1643390182193-1643390191110-0,dimensions,22.5 x 1.2 cm
entity:artifact:1:ld1-1643390182193-1643390191116-0,dimensions,8.9 x 13.3 cm
entity:artifact:1:ld1-1643390182193-1643390191125-1,dimensions,19 x 25.6 cm
entity:artifact:1:ld1-1643390182193-1643390191127-1,dimensions,108 x 57.8 cm
entity:artifact:1:ld1-1643390182193-1643390191128-0,dimensions,110.5 x 33.9 cm
entity:artifact:1:ld1-1643390182193-1643390191129-0,dimensions,147.3 x 53 cm
entity:artifact:1:ld1-1643390182193-1643390191129-1,dimensions,159.1 x 90.5 cm
entity:artifact:1:ld1-1643390182193-1643390191130-0,dimensions,87 x 55.7 cm
entity:artifact:1:ld1-1643390182193-1643390191132-0,dimensions,142.7 x 97.8 cm
entity:artifact:1:ld1-1643390182193-1643390191132-1,dimensions,60.2 x 69.5 cm
entity:artifact:1:ld1-1643390182193-1643390191133-0,dimensions,139.6 x 78.9 cm
entity:artifact:1:ld1-1643390182193-1643390191134-0,dimensions,129.3 x 50.4 cm
entity:artifact:1:ld1-1643390182193-1643390191136-0,dimensions,111.5 x 34.5 cm
entity:artifact:1:ld1-1643390182193-1643390191137-0,dimensions,28.8 x 88 cm
entity:artifact:1:ld1-1643390182193-1643390191140-1,dimensions,156 x 99.6 cm
entity:artifact:1:ld1-1643390182193-1643390191141-0,dimensions,150 x 95.7 cm
entity:artifact:1:ld1-1643390182193-1643390191142-0,dimensions,212.3 x 100.3 cm
entity:artifact:1:ld1-1643390182193-1643390191143-1,dimensions,112.9 x 51.5 cm
entity:artifact:1:ld1-1643390182193-1643390191144-0,dimensions,63.4 x 36.6 cm
entity:artifact:1:ld1-1643390182193-1643390191145-0,dimensions,129.4 x 56.4 cm
entity:artifact:1:ld1-1643390182193-1643390191146-0,dimensions,117.3 x 52.9 cm
entity:artifact:1:ld1-1643390182193-1643390191146-1,dimensions,130.2 x 49.6 cm
entity:artifact:1:ld1-1643390182193-1643390191147-0,dimensions,175 x 93.8 cm
entity:artifact:1:ld1-1643390182193-1643390191148-0,dimensions,174.6 x 95.9 cm
entity:artifact:1:ld1-1643390182193-1643390191149-0,dimensions,218.3 x 120 cm
entity:artifact:1:ld1-1643390182193-1643390191149-1,dimensions,161.1 x 72.1 cm
entity:artifact:1:ld1-1643390182193-1643390191150-0,dimensions,181.1 x 102.4 cm
entity:artifact:1:ld1-1643390182193-1643390191151-0,dimensions,136.7 x 71.3 cm
entity:artifact:1:ld1-1643390182193-1643390191152-1,dimensions,191 x 94.4 cm
entity:artifact:1:ld1-1643390182193-1643390191153-0,dimensions,93.5 x 47.6 cm
entity:artifact:1:ld1-1643390182193-1643390191155-1,dimensions,115 x 59.2 cm
entity:artifact:1:ld1-1643390182193-1643390191157-0,dimensions,158.7 x 92.9 cm
entity:artifact:1:ld1-1643390182193-1643390191158-0,dimensions,161.9 x 86.9 cm
entity:artifact:1:ld1-1643390182193-1643390191158-1,dimensions,151.7 x 97 cm
entity:artifact:1:ld1-1643390182193-1643390191159-0,dimensions,108.6 x 36.6 cm
entity:artifact:1:ld1-1643390182193-1643390191160-0,dimensions,198.9 x 103.9 cm
entity:artifact:1:ld1-1643390182193-1643390191162-0,dimensions,154 x 94.2 cm
entity:artifact:1:ld1-1643390182193-1643390191163-0,dimensions,136.4 x 94.2 cm
entity:artifact:1:ld1-1643390182193-1643390191165-0,dimensions,55.7 x 105 cm
entity:artifact:1:ld1-1643390182193-1643390191168-0,dimensions,203.9 x 64.5 cm
entity:artifact:1:ld1-1643390182193-1643390191169-0,dimensions,127.4 x 61.9 cm
entity:artifact:1:ld1-1643390182193-1643390191169-1,dimensions,165.5 x 68.9 cm
entity:artifact:1:ld1-1643390182193-1643390191171-0,dimensions,146.8 x 82 cm
entity:artifact:1:ld1-1643390182193-1643390191171-1,dimensions,84.3 x 61.6 cm
entity:artifact:1:ld1-1643390182193-1643390191172-0,dimensions,99.9 x 65.5 cm
entity:artifact:1:ld1-1643390182193-1643390191173-0,dimensions,30.6 x 770 cm
entity:artifact:1:ld1-1643390182193-1643390191176-0,dimensions,36.8 x 504.5 cm
entity:artifact:1:ld1-1643390182193-1643390191176-1,dimensions,38.1 x 833.3 cm
entity:artifact:1:ld1-1643390182193-1643390191177-0,dimensions,21.3 x 82 cm
entity:artifact:1:ld1-1643390182193-1643390191179-1,dimensions,148.5 x 74 cm
entity:artifact:1:ld1-1643390182193-1643390191184-0,dimensions,4.7 x 16.4 cm
entity:artifact:1:ld1-1643390182193-1643390191185-0,dimensions,19.5 x 21.5 cm
entity:artifact:1:ld1-1643390182193-1643390191186-0,dimensions,120.8 x 340 cm
entity:artifact:1:ld1-1643390182193-1643390191187-0,dimensions,159.3 x 334.5 cm
entity:artifact:1:ld1-1643390182193-1643390191197-0,dimensions,125.8 x 64.1 x 11.9 cm
entity:artifact:1:ld1-1643390182193-1643390191198-0,dimensions,151.3 x 62.9 x 31.3 cm
entity:artifact:1:ld1-1643390182193-1643390191198-1,dimensions,26.1 x 17.3 cm
entity:artifact:1:ld1-1643390182193-1643390191199-0,dimensions,19.8 x 19 cm
entity:artifact:1:ld1-1643390182193-1643390191200-0,dimensions,90.1 x 26.7 x 66 cm
entity:artifact:1:ld1-1643390182193-1643390191201-1,dimensions,37.7 x 137.7 x 17.8 cm
entity:artifact:1:ld1-1643390182193-1643390191204-0,dimensions,74.6 x 165.5 x 25 cm
entity:artifact:1:ld1-1643390182193-1643390191210-0,dimensions,27.2 x 40.4 cm
entity:artifact:1:ld1-1643390182193-1643390191210-1,dimensions,25.9 x 18.2 cm
entity:artifact:1:ld1-1643390182193-1643390191211-0,dimensions,16.2 x 29.5 cm
entity:artifact:1:ld1-1643390182193-1643390191212-0,dimensions,14.1 x 24.2 cm
entity:artifact:1:ld1-1643390182193-1643390191212-1,dimensions,52.4 x 4.8 cm
entity:artifact:1:ld1-1643390182193-1643390191214-0,dimensions,34.5 x 27 cm
entity:artifact:1:ld1-1643390182193-1643390191214-1,dimensions,24.9 x 22.6 x 13.7 cm
entity:artifact:1:ld1-1643390182193-1643390191220-1,dimensions,20.1 x 19.6 x 23.1 cm
entity:artifact:1:ld1-1643390182193-1643390191221-0,dimensions,28 x 52.4 cm
entity:artifact:1:ld1-1643390182193-1643390191235-0,dimensions,27.2 x 1.7 cm
entity:artifact:1:ld1-1643390182193-1643390191244-0,dimensions,24.3 x 1.7 cm
entity:artifact:1:ld1-1643390182193-1643390191245-0,dimensions,55 x 4.1 cm
entity:artifact:1:ld1-1643390182193-1643390191294-0,dimensions,6.6 x 5.6 x 0.6 cm
entity:artifact:1:ld1-1643390182193-1643390191294-1,dimensions,6.9 x 5.4 x 0.6 cm
entity:artifact:1:ld1-1643390182193-1643390191296-0,dimensions,5.1 x 9.8 x 11.3 cm
entity:artifact:1:ld1-1643390182193-1643390191296-1,dimensions,59.8 x 46 cm
entity:artifact:1:ld1-1643390182193-1643390191297-0,dimensions,60 x 30.2 cm
entity:artifact:1:ld1-1643390182193-1643390191298-0,dimensions,36 x 27.2 cm
entity:artifact:1:ld1-1643390182193-1643390191300-0,dimensions,19.3 x 1.5 cm
entity:artifact:1:ld1-1643390182193-1643390191301-0,dimensions,6.4 x 5 cm
entity:artifact:1:ld1-1643390182193-1643390191304-0,dimensions,9.6 x 3.4 x 0.4 cm
entity:artifact:1:ld1-1643390182193-1643390191308-0,dimensions,4.6 x 9.3 x 8.2 cm
entity:artifact:1:ld1-1643390182193-1643390191308-1,dimensions,6.4 x 7.8 cm
entity:artifact:1:ld1-1643390182193-1643390191310-0,dimensions,2.3 x 4.6 cm
entity:artifact:1:ld1-1643390182193-1643390191329-0,dimensions,46 x 741.7 cm
entity:artifact:1:ld1-1643390182193-1643390191340-0,dimensions,36.1 x 42.3 cm
entity:artifact:1:ld1-1643390182193-1643390191341-0,dimensions,25.8 x 29.1 cm
entity:artifact:1:ld1-1643390182193-1643390191342-0,dimensions,29.7 x 26 cm
entity:artifact:1:ld1-1643390182193-1643390191342-1,dimensions,26.6 x 37.6 cm
entity:artifact:1:ld1-1643390182193-1643390191343-0,dimensions,34.1 x 223.1 cm
entity:artifact:1:ld1-1643390182193-1643390191346-0,dimensions,16.8 x 87 cm
entity:artifact:1:ld1-1643390182193-1643390191349-0,dimensions,5.6 x 14.6 cm
entity:artifact:1:ld1-1643390182193-1643390191350-1,dimensions,23.2 x 37.2 cm
entity:artifact:1:ld1-1643390182193-1643390191354-0,dimensions,3.3 x 7.9 x 0.5 cm
entity:artifact:1:ld1-1643390182193-1643390191354-1,dimensions,6.4 x 9.6 x 0.6 cm
entity:artifact:1:ld1-1643390182193-1643390191356-1,dimensions,4.5 x 13.2 x 10.6 cm
entity:artifact:1:ld1-1643390182193-1643390191377-1,dimensions,15.3 x 16.4 cm
entity:artifact:1:ld1-1643390182193-1643390191378-0,dimensions,12.9 x 23.1 x 17 cm
entity:artifact:1:ld1-1643390182193-1643390191379-0,dimensions,7.9 x 25.6 cm
entity:artifact:1:ld1-1643390182193-1643390191379-1,dimensions,25.6 x 4.3 x 7.7 cm
entity:artifact:1:ld1-1643390182193-1643390191396-0,dimensions,4.7 x 13 x 0.5 cm
entity:artifact:1:ld1-1643390182193-1643390191397-0,dimensions,3.1 x 11.3 x 0.5 cm
entity:artifact:1:ld1-1643390182193-1643390191397-1,dimensions,9.9 x 3.4 x 0.6 cm
entity:artifact:1:ld1-1643390182193-1643390191399-0,dimensions,1.5 x 7.2 x 0.5 cm
entity:artifact:1:ld1-1643390182193-1643390191399-1,dimensions,6.1 x 15.1 x 0.5 cm
entity:artifact:1:ld1-1643390182193-1643390191400-0,dimensions,6.4 x 14.7 x 0.5 cm
entity:artifact:1:ld1-1643390182193-1643390191433-0,dimensions,6.9 x 6.4 cm
entity:artifact:1:ld1-1643390182193-1643390191471-0,dimensions,19.7 x 1.5 cm
entity:artifact:1:ld1-1643390182193-1643390191531-0,dimensions,28.1 x 34 x 24.4 cm
entity:artifact:1:ld1-1643390182193-1643390191999-0,dimensions,11.8 x 20.4 cm
entity:artifact:1:ld1-1643390182193-1643390192020-0,dimensions,10.6 x 1.8 x 2.2 cm
entity:artifact:1:ld1-1643390182193-1643390192021-0,dimensions,19.9 x 1.4 x 4 cm
entity:artifact:1:ld1-1643390182193-1643390192029-0,dimensions,2.8 x 9.5 cm
entity:artifact:1:ld1-1643390182193-1643390192033-1,dimensions,26.9 x 29 cm
entity:artifact:1:ld1-1643390182193-1643390192060-0,dimensions,39.5 x 11.7 x 34 cm
entity:artifact:1:ld1-1643390182193-1643390192061-0,dimensions,43.1 x 14.8 x 37.6 cm
entity:artifact:1:ld1-1643390182193-1643390192355-0,dimensions,20.5 x 17.7 x 32 cm
entity:artifact:1:ld1-1643390182193-1643390192464-1,dimensions,146.8 x 85.2 cm
entity:artifact:1:ld1-1643390182193-1643390192477-0,dimensions,16.8 x 13.2 cm
entity:artifact:1:ld1-1643390182193-1643390192478-0,dimensions,8.1 x 15.7 cm
entity:artifact:1:ld1-1643390182193-1643390192479-0,dimensions,13.5 x 16.9 cm
entity:artifact:1:ld1-1643390182193-1643390192480-0,dimensions,17.8 x 10.9 cm
entity:artifact:1:ld1-1643390182193-1643390192482-0,dimensions,19.2 x 6.7 x 0.5 cm
entity:artifact:1:ld1-1643390182193-1643390192486-0,dimensions,172.5 x 51.8 x 42.9 cm
entity:artifact:1:ld1-1643390182193-1643390192488-1,dimensions,22.5 x 20.3 x 1.1 cm
entity:artifact:1:ld1-1643390182193-1643390192492-0,dimensions,30.4 x 18.6 x 10.6 cm
entity:artifact:1:ld1-1643390182193-1643390192493-0,dimensions,99.6 x 81.2 x 27.7 cm
entity:artifact:1:ld1-1643390182193-1643390192894-1,dimensions,13.6 x 2.1 x 0.4 cm
entity:artifact:1:ld1-1643390182193-1643390192895-0,dimensions,41.2 x 41.2 cm
entity:artifact:1:ld1-1643390182193-1643390192897-0,dimensions,43.4 x 43.4 cm
entity:artifact:1:ld1-1643390182193-1643390192897-1,dimensions,43.1 x 43.1 cm
entity:artifact:1:ld1-1643390182193-1643390192898-0,dimensions,46.8 x 46.8 cm
entity:artifact:1:ld1-1643390182193-1643390192899-0,dimensions,13.6 x 19.3 x 0.7 cm
entity:artifact:1:ld1-1643390182193-1643390192899-1,dimensions,5.7 x 25.4 x 3.5 cm
entity:artifact:1:ld1-1643390182193-1643390192900-0,dimensions,4.2 x 22.8 x 2.9 cm
entity:artifact:1:ld1-1643390182193-1643390192901-0,dimensions,9 x 2.5 x 3.3 cm
entity:artifact:1:ld1-1643390182193-1643390192902-0,dimensions,8.9 x 2.5 x 3.3 cm
entity:artifact:1:ld1-1643390182193-1643390192903-0,dimensions,8.1 x 7.2 cm
entity:artifact:1:ld1-1643390182193-1643390192904-0,dimensions,5.4 x 4.3 cm
entity:artifact:1:ld1-1643390182193-1643390192905-0,dimensions,3.5 x 5.3 cm
entity:artifact:1:ld1-1643390182193-1643390192905-1,dimensions,8.2 x 3 cm
entity:artifact:1:ld1-1643390182193-1643390192906-0,dimensions,6 x 3.7 cm
entity:artifact:1:ld1-1643390182193-1643390192907-0,dimensions,9.6 x 1.1 x 3.2 cm
entity:artifact:1:ld1-1643390182193-1643390192907-1,dimensions,9.5 x 1.2 x 3.1 cm
entity:artifact:1:ld1-1643390182193-1643390192908-0,dimensions,9.6 x 2.8 x 1.1 cm
entity:artifact:1:ld1-1643390182193-1643390192909-0,dimensions,9.5 x 1 x 3 cm
entity:artifact:1:ld1-1643390182193-1643390192909-1,dimensions,8.8 x 1 x 2.7 cm
entity:artifact:1:ld1-1643390182193-1643390192910-0,dimensions,10.5 x 5 x 5.5 cm
entity:artifact:1:ld1-1643390182193-1643390193582-0,dimensions,166 x 93 cm
entity:artifact:1:ld1-1643390182193-1643390193586-0,dimensions,22.5 x 22.4 cm
entity:artifact:1:ld1-1643390182193-1643390193772-0,dimensions,19 x 10.9 x 1 cm
entity:artifact:1:ld1-1643390182193-1643390193859-0,dimensions,23.1 x 22.6 cm
entity:artifact:1:ld1-1643390182193-1643390194307-0,dimensions,178.7 x 95.9 cm
entity:artifact:1:ld1-1643390182193-1643390194308-0,dimensions,125.6 x 62.2 cm
entity:artifact:1:ld1-1643390182193-1643390195107-0,dimensions,9.1 x 5.7 cm
entity:artifact:1:ld1-1643390182193-1643390195115-1,dimensions,9.6 x 3.2 x 1.3 cm
entity:artifact:1:ld1-1643390182193-1643390195165-0,dimensions,13.9 x 5.5 x 1.5 cm
entity:artifact:1:ld1-1643390182193-1643390195165-1,dimensions,28 x 4.7 x 2.8 cm
entity:artifact:1:ld1-1643390182193-1643390195166-0,dimensions,8.8 x 12 x 15.3 cm
entity:artifact:1:ld1-1643390182193-1643390195167-0,dimensions,7.3 x 7 x 6.8 cm
entity:artifact:1:ld1-1643390182193-1643390195204-1,dimensions,5 x 8.9 cm
entity:artifact:1:ld1-1643390182193-1643390196424-1,dimensions,1.2 x 0.7 cm
entity:artifact:1:ld1-1643390182193-1643390196425-0,dimensions,4.2 x 2.4 cm
entity:artifact:1:ld1-1643390182193-1643390196425-1,dimensions,10.2 x 3.5 cm
entity:artifact:1:ld1-1643390182193-1643390196426-0,dimensions,3.3 x 2 cm
entity:artifact:1:ld1-1643390182193-1643390196427-0,dimensions,3.1 x 1.1 cm
entity:artifact:1:ld1-1643390182193-1643390199601-0,dimensions,4.7 x 3.2 cm
entity:artifact:1:ld1-1643390182193-1643390199654-0,dimensions,2.8 x 3.5 cm
entity:artifact:1:ld1-1643390182193-1643390199654-1,dimensions,3.7 x 2.5 cm
entity:artifact:1:ld1-1643390182193-1643390199655-0,dimensions,2.2 x 1.6 cm
entity:artifact:1:ld1-1643390182193-1643390201839-1,dimensions,31.5 x 29.1 cm
entity:artifact:1:ld1-1643390182193-1643390201840-0,dimensions,32.2 x 32.5 cm
entity:artifact:1:ld1-1643390182193-1643390202065-1,dimensions,16.8 x 5.4 x 0.6 cm
entity:artifact:1:ld1-1643390182193-1643390202105-0,dimensions,2.9 x 8.1 x 8.1 cm
entity:artifact:1:ld1-1643390182193-1643390202127-1,dimensions,425 x 195 cm
entity:artifact:1:ld1-1643390182193-1643390202182-1,dimensions,6 x 4.1 cm
entity:artifact:1:ld1-1643390182193-1643390202183-0,dimensions,7 x 2.7 cm
entity:artifact:1:ld1-1643390182193-1643390202184-0,dimensions,3 x 7.8 cm
entity:artifact:1:ld1-1643390182193-1643390202184-1,dimensions,14.5 x 3.8 cm
entity:artifact:1:ld1-1643390182193-1643390202185-0,dimensions,15.9 x 3.4 cm
entity:artifact:1:ld1-1643390182193-1643390202870-0,dimensions,13.3 x 27.2 x 25.8 cm
entity:artifact:1:ld1-1643390182193-1643390203101-0,dimensions,20.5 x 12.8 x 10.4 cm
entity:artifact:1:ld1-1643390182193-1643390203114-0,dimensions,21.3 x 16.9 x 16.9 cm
entity:artifact:1:ld1-1643390182193-1643390203129-0,dimensions,15.5 x 32.1 x 23.5 cm
entity:artifact:1:ld1-1643390182193-1643390203302-0,dimensions,2.6 x 3 x 0.5 cm
entity:artifact:1:ld1-1643398738600-1643398745136-0,dimensions,2 x 5
entity:artifact:1:ld1-1643398738600-1643398745213-0,dimensions,16 x 6
entity:artifact:1:ld1-1643399887910-1643399887993-1,dimensions,28.4 x 12.5 cm
entity:artifact:1:ld1-1643399887910-1643399887994-0,dimensions,16.5 x 4.1 cm
entity:artifact:1:ld1-1643399887910-1643399888017-0,dimensions,23 x 24 cm
entity:artifact:1:ld1-1643399887910-1643399888017-1,dimensions,18 x 37 cm
entity:artifact:1:ld1-1643399887910-1643399888029-1,dimensions,69.9 x 18.6 cm
entity:artifact:1:ld1-1643399887910-1643399888064-1,dimensions,26.4 x 15.9 cm
entity:artifact:1:ld1-1643399887910-1643399888095-0,dimensions,27.8 x 10.7 cm
entity:artifact:1:ld1-1643399887910-1643399888348-2,dimensions,27.1 x 27.1 cm
entity:artifact:1:ld1-1643399887910-1643399888555-1,dimensions,10.6 x 8.4 cm
entity:artifact:1:ld1-1643399887910-1643399890463-1,dimensions,30.5 x 42.3 cm
entity:artifact:1:ld1-1643399887910-1643399890528-1,dimensions,126.4 x 53 cm
entity:artifact:1:ld1-1643399887910-1643399890536-1,dimensions,31.1 x 26.7 cm
entity:artifact:1:ld1-1643399887910-1643399890538-0,dimensions,33 x 21 cm
entity:artifact:1:ld1-1643399887910-1643399890545-0,dimensions,34.3 x 39.4 cm
entity:artifact:1:ld1-1643399887910-1643399890545-1,dimensions,34 x 31.1 cm
entity:artifact:1:ld1-1643399887910-1643399890546-0,dimensions,33 x 31.1 cm
entity:artifact:1:ld1-1643399887910-1643399890547-1,dimensions,19 x 43.8 cm
entity:artifact:1:ld1-1643399887910-1643399890556-0,dimensions,7 x 22 cm
entity:artifact:1:ld1-1643399887910-1643399890582-1,dimensions,31.7 x 15.5 cm
entity:artifact:1:ld1-1643399887910-1643399890583-0,dimensions,10.5 x 14 cm
entity:artifact:1:ld1-1643399887910-1643399890584-1,dimensions,60.6 x 62.5 cm
entity:artifact:1:ld1-1643399887910-1643399890585-1,dimensions,60.3 x 62.5 cm
entity:artifact:1:ld1-1643399887910-1643399890614-1,dimensions,49 x 44.5 cm
entity:artifact:1:ld1-1643399887910-1643399890785-0,dimensions,81 x 74 cm
entity:artifact:1:ld1-1643399887910-1643399890868-1,dimensions,3.1 x 21.3 cm
entity:artifact:1:ld1-1643399887910-1643399891576-2,dimensions,59.7 x 26.4 cm
entity:artifact:1:ld1-1643399887910-1643399891577-1,dimensions,32.5 x 56.7 cm
entity:artifact:1:ld1-1643399887910-1643399891590-0,dimensions,70.5 x 51.5 cm
entity:artifact:1:ld1-1643399887910-1643399891600-0,dimensions,44.6 x 23.5 cm
entity:artifact:1:ld1-1643399887910-1643399891605-1,dimensions,16.4 x 23.3 cm
entity:artifact:1:ld1-1643399887910-1643399891610-1,dimensions,30.7 x 16.1 cm
entity:artifact:1:ld1-1643399887910-1643399891618-1,dimensions,51.6 x 52.3 cm
entity:artifact:1:ld1-1643399887910-1643399891619-0,dimensions,102.7 x 74.6 cm
entity:artifact:1:ld1-1643399887910-1643399891620-0,dimensions,57.7 x 72.6 cm
entity:artifact:1:ld1-1643399887910-1643399891621-0,dimensions,19.7 x 38.5 cm
entity:artifact:1:ld1-1643399887910-1643399891621-1,dimensions,41.3 x 19.3 cm
entity:artifact:1:ld1-1643399887910-1643399891622-0,dimensions,29.8 x 46.1 cm
entity:artifact:1:ld1-1643399887910-1643399891623-0,dimensions,66 x 25.3 cm
entity:artifact:1:ld1-1643399887910-1643399891623-1,dimensions,17.2 x 31.8 cm
entity:artifact:1:ld1-1643399887910-1643399891624-0,dimensions,13.3 x 23.1 cm
entity:artifact:1:ld1-1643399887910-1643399892812-1,dimensions,21.5 x 8.9 cm
entity:artifact:1:ld1-1643399887910-1643399892840-1,dimensions,95.9 x 70.5 cm
entity:artifact:1:ld1-1643399887910-1643399892842-1,dimensions,26 x 41.9 cm
entity:artifact:1:ld1-1643399887910-1643399892844-0,dimensions,18.4 x 34 cm
entity:artifact:1:ld1-1643399887910-1643399892845-0,dimensions,25.4 x 40.6 cm
entity:artifact:1:ld1-1643399887910-1643399892846-1,dimensions,23.5 x 39.4 cm
entity:artifact:1:ld1-1643399887910-1643399892984-1,dimensions,9.9 x 17 cm
entity:artifact:1:ld1-1643399887910-1643399892985-1,dimensions,12 x 16.5 cm
entity:artifact:1:ld1-1643399887910-1643399893572-1,dimensions,56.5 x 33 cm
entity:artifact:1:ld1-1643399887910-1643399893576-0,dimensions,19.7 x 34.3 cm
entity:artifact:1:ld1-1643399887910-1643399893590-0,dimensions,124.5 x 73.2 cm
entity:artifact:1:ld1-1643399887910-1643399893748-0,dimensions,125 x 37 x 5.7 cm
entity:artifact:1:ld1-1643399887910-1643399895416-0,dimensions,9 x 6 x 1.5 cm
entity:artifact:1:ld1-1643399887910-1643399895818-0,dimensions,4 X 32
entity:artifact:1:ld1-1643399887910-1643399895967-0,dimensions,19.6 x 13.8 cm
entity:artifact:1:ld1-1643399887910-1643399898198-0,dimensions,22.3 x 18.7 cm
entity:artifact:1:ld1-1643399887910-1643399900964-1,dimensions,19.4 x 31.1 cm
entity:artifact:1:ld1-1643399887910-1643399900965-1,dimensions,19 x 30.5 cm
entity:artifact:1:ld1-1643399887910-1643399901005-1,dimensions,51.2 x 32 cm
entity:artifact:1:ld1-1643399887910-1643399901036-1,dimensions,96.7 x 16.7 cm
entity:artifact:1:ld1-1643399887910-1643399901037-0,dimensions,79.8 x 158 cm
entity:artifact:1:ld1-1643399887910-1643399901037-1,dimensions,255.2 x 77.8 cm
entity:artifact:1:ld1-1643399887910-1643399901128-1,dimensions,253.5 x 74.7 cm
entity:artifact:1:ld1-1643399887910-1643399901356-1,dimensions,153.2 x 49.8 cm
entity:artifact:1:ld1-1643399887910-1643399901821-1,dimensions,24.1 x 33 cm
entity:artifact:1:ld1-1643399887910-1643399901822-0,dimensions,27 x 45.4 cm
entity:artifact:1:ld1-1643399887910-1643399901822-1,dimensions,24.4 x 54.5 cm
entity:artifact:1:ld1-1643399887910-1643399901823-0,dimensions,10 x 58.6 cm
entity:artifact:1:ld1-1643399887910-1643399901830-0,dimensions,9 x 9 x 7.7 cm
entity:artifact:1:ld1-1643399887910-1643399901830-1,dimensions,8.5 x 8.9 x 7.4 cm
entity:artifact:1:ld1-1643399887910-1643399901831-1,dimensions,3.6 x 48.4 x 41.6 cm
entity:artifact:1:ld1-1643399887910-1643399901831-2,dimensions,9 x 9 x 7.5 cm
entity:artifact:1:ld1-1643399887910-1643399901832-0,dimensions,8.2 x 8.7 x 7.5 cm
entity:artifact:1:ld1-1643399887910-1643399901832-1,dimensions,8.2 x 9 x 7.7 cm
entity:artifact:1:ld1-1643399887910-1643399901833-0,dimensions,8 x 8.5 x 7.5 cm
entity:artifact:1:ld1-1643399887910-1643399901834-0,dimensions,8.4 x 8.5 x 7.6 cm
entity:artifact:1:ld1-1643399887910-1643399901834-1,dimensions,8.5 x 9 x 7.4 cm
entity:artifact:1:ld1-1643399887910-1643399901835-0,dimensions,9 x 9 x 7.6 cm
entity:artifact:1:ld1-1643399887910-1643399901835-1,dimensions,8 x 9.5 x 7.7 cm
entity:artifact:1:ld1-1643399887910-1643399901836-0,dimensions,5.5 x 8.9 x 6.5 cm
entity:artifact:1:ld1-1643399887910-1643399901836-1,dimensions,8.5 x 8.3 x 6.7 cm
entity:artifact:1:ld1-1643399887910-1643399901836-2,dimensions,26 x 21.8 x 14 cm
entity:artifact:1:ld1-1643399887910-1643399901837-0,dimensions,25.6 x 20 x 13.5 cm
entity:artifact:1:ld1-1643399887910-1643399901837-1,dimensions,17 x 18.5 x 12.8 cm
entity:artifact:1:ld1-1643399887910-1643399901838-0,dimensions,9.6 x 12.8 x 19.3cm
entity:artifact:1:ld1-1643399887910-1643399901842-1,dimensions,11 x 43.4 x 34 cm
entity:artifact:1:ld1-1643399887910-1643399901846-0,dimensions,32.3 x 42 x 49.7cm
entity:artifact:1:ld1-1643399887910-1643399901941-0,dimensions,12 x 20.6 x 12.2 cm
entity:artifact:1:ld1-1643399887910-1643399902225-1,dimensions,21.4 x 18 cm
entity:artifact:1:ld1-1643399887910-1643399902226-2,dimensions,33.5 x 19 x 15 cm
entity:artifact:1:ld1-1643399887910-1643399902227-0,dimensions,24 x 34 cm
entity:artifact:1:ld1-1643399887910-1643399902229-0,dimensions,30.4 x 18.5 cm
entity:artifact:1:ld1-1643399887910-1643399902229-1,dimensions,30.5 x 16.4 cm
entity:artifact:1:ld1-1643399887910-1643399902230-0,dimensions,24.5 x 12 cm
entity:artifact:1:ld1-1643399887910-1643399902231-0,dimensions,24 x 13 cm
entity:artifact:1:ld1-1643399887910-1643399902232-1,dimensions,16.1 x 17.5 cm
entity:artifact:1:ld1-1643399887910-1643399902233-0,dimensions,31 x 14 x 11 cm
entity:artifact:1:ld1-1643399887910-1643399902235-0,dimensions,13.8 x 8.2 cm
entity:artifact:1:ld1-1643399887910-1643399902348-1,dimensions,25.5 x 255 cm
entity:artifact:1:ld1-1643399887910-1643399902353-0,dimensions,195.5 x 76 cm
entity:artifact:1:ld1-1643399887910-1643399902498-0,dimensions,59.6 x 32.8 cm
entity:artifact:1:ld1-1643399887910-1643399902498-1,dimensions,20.3 x 36.2 cm
entity:artifact:1:ld1-1643399887910-1643399902499-0,dimensions,54.7 x 23.9 cm
entity:artifact:1:ld1-1643399887910-1643399902499-1,dimensions,60 x 71.5 cm
entity:artifact:1:ld1-1643399887910-1643399902500-0,dimensions,67.5 x 73.5 cm
entity:artifact:1:ld1-1643399887910-1643399902500-1,dimensions,104 x 69 cm
entity:artifact:1:ld1-1643399887910-1643399902554-0,dimensions,113 x 128.3 cm
entity:artifact:1:ld1-1643399887910-1643399902558-1,dimensions,191.1 x 77 cm
entity:artifact:1:ld1-1643399887910-1643399902559-1,dimensions,72.3 x 295 cm
entity:artifact:1:ld1-1643399887910-1643399902567-1,dimensions,247 x 103.4 cm
entity:artifact:1:ld1-1643399887910-1643399902579-0,dimensions,142 x 14 x 26 cm
entity:artifact:1:ld1-1643399887910-1643399902579-1,dimensions,142 x 14 x 26 cm
entity:artifact:1:ld1-1643399887910-1643399903326-0,dimensions,7.1 x 5.5 x 3.3 cm
entity:artifact:1:ld1-1643399887910-1643399903326-1,dimensions,6.3 x 5.9 cm
entity:artifact:1:ld1-1643399887910-1643399905135-0,dimensions,20.3 x 29.8 cm
entity:artifact:1:ld1-1643399887910-1643399905893-0,dimensions,14.5 x 31 cm
entity:artifact:1:ld1-1643399887910-1643399906966-0,dimensions,18.6 x 36 x 18.3 cm
entity:artifact:1:ld1-1643399887910-1643399912627-0,dimensions,33 x 7 cm
entity:artifact:1:ld1-1643399887910-1643399912627-1,dimensions,41 x 7.5 cm
entity:artifact:1:ld1-1643399887910-1643399912631-1,dimensions,31 x 5 cm
entity:artifact:1:ld1-1643399887910-1643399912632-0,dimensions,29 x 14.5 cm
entity:artifact:1:ld1-1643399887910-1643399912632-1,dimensions,35 x 9 cm
entity:artifact:1:ld1-1643399887910-1643399912724-1,dimensions,31 x 9.5 cm
entity:artifact:1:ld1-1643399887910-1643399912790-0,dimensions,29.8 x 52 cm
entity:artifact:1:ld1-1643399887910-1643399912856-1,dimensions,83 x 48 cm
entity:artifact:1:ld1-1643399887910-1643399913258-1,dimensions,25.5 x 39.5 cm
entity:artifact:1:ld1-1643399887910-1643399913396-0,dimensions,60.7 x 4.6 cm
entity:artifact:1:ld1-1643399887910-1643399913397-1,dimensions,69.5 x 8.1 cm
entity:artifact:1:ld1-1643399887910-1643399913401-0,dimensions,51.5 x 18.3 cm
entity:artifact:1:ld1-1643399887910-1643399913405-1,dimensions,7.6 x 21.6 cm
entity:artifact:1:ld1-1643399887910-1643399913408-0,dimensions,6.7 x 17.8 cm
entity:artifact:1:ld1-1643399887910-1643399913409-0,dimensions,11.7 x 29.3 cm
entity:artifact:1:ld1-1643399887910-1643399913918-1,dimensions,29.2 x 57.2 cm
entity:artifact:1:ld1-1643399887910-1643399913919-0,dimensions,36.2 x 27.6 cm
entity:artifact:1:ld1-1643399887910-1643399914150-0,dimensions,97.2 x 292.1 cm
entity:artifact:1:ld1-1643399887910-1643399914169-0,dimensions,30 x 33 cm
entity:artifact:1:ld1-1643399887910-1643399914174-0,dimensions,30.5 x 33.5 cm
entity:artifact:1:ld1-1643399887910-1643399914175-0,dimensions,28.4 x 28.7 cm
entity:artifact:1:ld1-1643399887910-1643399914221-0,dimensions,134 x 177.8 cm
entity:artifact:1:ld1-1643399887910-1643399914321-0,dimensions,18.5 x 400 cm
entity:artifact:1:ld1-1643399887910-1643399914568-0,dimensions,286 x 51.5 cm
entity:artifact:1:ld1-1643399887910-1643399914568-1,dimensions,286 x 51.5 cm
entity:artifact:1:ld1-1643399887910-1643399914569-1,dimensions,286 x 51.5 cm
entity:artifact:1:ld1-1643399887910-1643399914711-0,dimensions,105.4 x 132.1 cm
entity:artifact:1:ld1-1643399887910-1643399915439-0,dimensions,35 x 6 cm
entity:artifact:1:ld1-1643399887910-1643399915439-1,dimensions,34.9 x 6 cm
entity:artifact:1:ld1-1643399887910-1643399915801-0,dimensions,58.4 x 62.2 cm
entity:artifact:1:ld1-1643399887910-1643399915851-0,dimensions,30 x 6 cm
entity:artifact:1:ld1-1643399887910-1643399916186-0,dimensions,49 x 7 cm
entity:artifact:1:ld1-1643399887910-1643399916188-2,dimensions,31.5 x 32 cm
entity:artifact:1:ld1-1643399887910-1643399916189-0,dimensions,31.5 x 32 cm
entity:artifact:1:ld1-1643399887910-1643399916189-1,dimensions,29 x 29 cm
entity:artifact:1:ld1-1643399887910-1643399916190-0,dimensions,29 x 29 cm
entity:artifact:1:ld1-1643399887910-1643399916353-2,dimensions,76.2 x 62.2 cm
entity:artifact:1:ld1-1643399887910-1643399916833-0,dimensions,226 x 226 cm
entity:artifact:1:ld1-1643399887910-1643399916865-0,dimensions,100 x 6.5 cm
entity:artifact:1:ld1-1643399887910-1643399919346-0,dimensions,24.8 x 31.9 cm
entity:artifact:1:ld1-1643399887910-1643399919355-1,dimensions,23.8 x 38.9 cm
entity:artifact:1:ld1-1643399887910-1643399919359-1,dimensions,40.6 x 55.9 cm
entity:artifact:1:ld1-1643399887910-1643399919361-1,dimensions,16.3 x 25.5 cm
entity:artifact:1:ld1-1643399887910-1643399919376-0,dimensions,47.7 x 32.6 cm
entity:artifact:1:ld1-1643399887910-1643399919378-0,dimensions,31.2 x 46.5 cm
entity:artifact:1:ld1-1643399887910-1643399919379-1,dimensions,24.9 x 20.9 cm
entity:artifact:1:ld1-1643399887910-1643399919380-0,dimensions,32.7 x 22.5 cm
entity:artifact:1:ld1-1643399887910-1643399919380-1,dimensions,26.5 x 10.4 cm
entity:artifact:1:ld1-1643399887910-1643399919381-0,dimensions,23.3 x 17.9 cm
entity:artifact:1:ld1-1643399887910-1643399919381-1,dimensions,22.8 x 18.1 cm
entity:artifact:1:ld1-1643399887910-1643399919382-1,dimensions,25.3 x 32 cm
entity:artifact:1:ld1-1643399887910-1643399919383-0,dimensions,24.9 x 31.8 cm
entity:artifact:1:ld1-1643399887910-1643399919913-0,dimensions,20.5 x 20.3 cm
entity:artifact:1:ld1-1643399887910-1643399920351-2,dimensions,318.4 x 72.4 cm
entity:artifact:1:ld1-1643399887910-1643399920418-1,dimensions,59.9 x 45.3 cm
entity:artifact:1:ld1-1643399887910-1643399920423-0,dimensions,37.5 x 240 cm
entity:artifact:1:ld1-1643399887910-1643399920423-1,dimensions,142.2 x 204.5 cm
entity:artifact:1:ld1-1643399887910-1643399920424-0,dimensions,191.5 x 48 cm
entity:artifact:1:ld1-1643399887910-1643399920596-1,dimensions,10.3 x 24.5 cm
entity:artifact:1:ld1-1643399887910-1643399920597-0,dimensions,16.8 x 22.9 cm
entity:artifact:1:ld1-1643399887910-1643399920597-1,dimensions,21.3 x 7.6 cm
entity:artifact:1:ld1-1643399887910-1643399920597-2,dimensions,16 x 9.7 cm
entity:artifact:1:ld1-1643399887910-1643399920598-0,dimensions,27.5 x 12.5 cm
entity:artifact:1:ld1-1643399887910-1643399920598-1,dimensions,24.5 x 4.7 cm
entity:artifact:1:ld1-1643399887910-1643399920599-0,dimensions,25.1 x 8.8 cm
entity:artifact:1:ld1-1643399887910-1643399920599-1,dimensions,30.2 x 7.5 cm
entity:artifact:1:ld1-1643399887910-1643399920600-0,dimensions,41.3 x 3.8 cm
entity:artifact:1:ld1-1643399887910-1643399920600-1,dimensions,25.5 x 15 cm
entity:artifact:1:ld1-1643399887910-1643399920601-0,dimensions,10.8 x 22.1 cm
entity:artifact:1:ld1-1643399887910-1643399920601-1,dimensions,23.7 x 13.8 cm
entity:artifact:1:ld1-1643399887910-1643399920601-2,dimensions,20.2 x 9.7 cm
entity:artifact:1:ld1-1643399887910-1643399920602-0,dimensions,12.5 x 31.2 cm
entity:artifact:1:ld1-1643399887910-1643399920602-1,dimensions,14.5 x 12.3 cm
entity:artifact:1:ld1-1643399887910-1643399920828-1,dimensions,22.5 x 41 cm
entity:artifact:1:ld1-1643399887910-1643399921342-0,dimensions,22 x 32 cm
entity:artifact:1:ld1-1643399887910-1643399921539-1,dimensions,25.1 x 8.6 cm
entity:artifact:1:ld1-1643399887910-1643399921662-0,dimensions,20.7 x 30.1 cm
entity:artifact:1:ld1-1643399887910-1643399922086-1,dimensions,168.5 x 165 cm
entity:artifact:1:ld1-1643399887910-1643399922213-0,dimensions,239 x 216 cm
entity:artifact:1:ld1-1643399887910-1643399922925-0,dimensions,15.2 x 26 cm
entity:artifact:1:ld1-1643399887910-1643399922935-0,dimensions,20.3 x 34.6 cm
entity:artifact:1:ld1-1643399887910-1643399922941-0,dimensions,27 x 45.7 cm
entity:artifact:1:ld1-1643399887910-1643399922944-1,dimensions,18.4 x 32.7 cm
entity:artifact:1:ld1-1643399887910-1643399922945-0,dimensions,19.4 x 31.1 cm
entity:artifact:1:ld1-1643399887910-1643399923680-1,dimensions,19.7 x 33 cm
entity:artifact:1:ld1-1643399887910-1643399923684-0,dimensions,42.2 x 24.1 cm
entity:artifact:1:ld1-1643399887910-1643399924134-1,dimensions,127 x 78.5 cm
entity:artifact:1:ld1-1643399887910-1643399924622-1,dimensions,119 x 39 cm
entity:artifact:1:ld1-1643399887910-1643399924869-1,dimensions,191 x 109 cm
entity:artifact:1:ld1-1643399887910-1643399924870-0,dimensions,282 x 92.5 cm
entity:artifact:1:ld1-1643399887910-1643399924870-1,dimensions,296 x 122 cm
entity:artifact:1:ld1-1643399887910-1643399925655-0,dimensions,90 x 89 cm
entity:artifact:1:ld1-1643399887910-1643399925656-0,dimensions,22.5 x 8 cm
entity:artifact:1:ld1-1643399887910-1643399925656-1,dimensions,22.5 x 8 cm
entity:artifact:1:ld1-1643399887910-1643399928545-1,dimensions,2.1 x 7.6 x 6.5 cm
entity:artifact:1:ld1-1643399887910-1643399928734-0,dimensions,14 x 10 cm
entity:artifact:1:ld1-1643399887910-1643399928741-0,dimensions,38.8 x 18.4 cm
entity:artifact:1:ld1-1643399887910-1643399929091-1,dimensions,195 x 159 cm
entity:artifact:1:ld1-1643399887910-1643399929194-0,dimensions,54 x 56 cm
entity:artifact:1:ld1-1643399887910-1643399929194-1,dimensions,13.7 x 27.9 cm
entity:artifact:1:ld1-1643399887910-1643399929206-1,dimensions,14.6 x 30.3 cm
entity:artifact:1:ld1-1643399887910-1643399929207-0,dimensions,45.1 x 22.5 cm
entity:artifact:1:ld1-1643399887910-1643399929782-0,dimensions,148 x 141.9 cm
entity:artifact:1:ld1-1643399887910-1643399931341-0,dimensions,7 x 9.5 x 7 cm
entity:artifact:1:ld1-1643399887910-1643399931450-0,dimensions,24.1 x 45.7 cm
entity:artifact:1:ld1-1643399887910-1643399931528-0,dimensions,131 x 50 cm
entity:artifact:1:ld1-1643399887910-1643399931528-1,dimensions,131 x 50 cm
entity:artifact:1:ld1-1643399887910-1643399931709-0,dimensions,38 x 188 cm
entity:artifact:1:ld1-1643399887910-1643399932216-0,dimensions,30.3 x 46.8 cm
entity:artifact:1:ld1-1643399887910-1643399932219-0,dimensions,18.2 x 6 x 5.5 cm
entity:artifact:1:ld1-1643399887910-1643399932271-0,dimensions,51.3 x 20.8 cm
entity:artifact:1:ld1-1643399887910-1643399932525-0,dimensions,140 x 218.4 cm
entity:artifact:1:ld1-1643399887910-1643399932867-0,dimensions,22.9 x 15.2 cm
entity:artifact:1:ld1-1643399887910-1643399933882-0,dimensions,76 x 155 cm
entity:artifact:1:ld1-1643399887910-1643399934430-0,dimensions,100 x 55 cm
entity:artifact:1:ld1-1643399887910-1643399934431-0,dimensions,105 x 80 cm
entity:artifact:1:ld1-1643399887910-1643399935114-0,dimensions,24.9 x 17.6 cm
entity:artifact:1:ld1-1643399887910-1643399935121-0,dimensions,27.3 x 38.1 x 47.6 cm
entity:artifact:1:ld1-1643399887910-1643399935127-0,dimensions,17.6 x 24.9 cm
entity:artifact:1:ld1-1643399887910-1643399935550-0,dimensions,63 x 18 cm
entity:artifact:1:ld1-1643399887910-1643399935914-0,dimensions,60.3 x 54.6 cm
entity:artifact:1:ld1-1643399887910-1643399936071-1,dimensions,62 x 26.5 cm
entity:artifact:1:ld1-1643399887910-1643399936098-1,dimensions,25 x 15.2 cm
entity:artifact:1:ld1-1643399887910-1643399936100-0,dimensions,27 x 14.5 cm
entity:artifact:1:ld1-1643399887910-1643399936143-0,dimensions,84.5 x 49 x 52 cm
entity:artifact:1:ld1-1643399887910-1643399936145-1,dimensions,47 x 74.9 cm
entity:artifact:1:ld1-1643399887910-1643399937246-0,dimensions,55 x 9 cm
entity:artifact:1:ld1-1643399887910-1643399937271-1,dimensions,149.9 x 104.1 cm
entity:artifact:1:ld1-1643399887910-1643399937978-0,dimensions,16 x 3.6 cm
entity:artifact:1:ld1-1643399887910-1643399937979-0,dimensions,14 x 34 cm
entity:artifact:1:ld1-1643399887910-1643399937979-1,dimensions,17.5 x 43 cm
entity:artifact:1:ld1-1643399887910-1643399937980-0,dimensions,12.5 x 30.5 cm
entity:artifact:1:ld1-1643399887910-1643399938062-0,dimensions,8 x 6.5 cm
entity:artifact:1:ld1-1643399887910-1643399938261-1,dimensions,248 x 67 cm
entity:artifact:1:ld1-1643399887910-1643399939178-0,dimensions,34.4 x 21 cm
entity:artifact:1:ld1-1643399887910-1643399940613-0,dimensions,37.4 x 16 x 10.7 cm
entity:artifact:1:ld1-1643399887910-1643399940614-0,dimensions,186 x 36 cm
entity:artifact:1:ld1-1643399887910-1643399940614-1,dimensions,250 x 37.5 cm
entity:artifact:1:ld1-1643399887910-1643399940615-0,dimensions,40 x 18 cm
entity:artifact:1:ld1-1643399887910-1643399940615-1,dimensions,37 x 18 cm
entity:artifact:1:ld1-1643399887910-1643399940616-0,dimensions,41 x 20 cm
entity:artifact:1:ld1-1643399887910-1643399940616-1,dimensions,43 x 38 cm
entity:artifact:1:ld1-1643399887910-1643399940617-0,dimensions,43 x 38 cm
entity:artifact:1:ld1-1643399887910-1643399940731-0,dimensions,128 x 184.2 cm
entity:artifact:1:ld1-1643399887910-1643399940785-0,dimensions,61.2 x 38 cm
entity:artifact:1:ld1-1643399887910-1643399940788-0,dimensions,10 x 6 x 3 cm
entity:artifact:1:ld1-1643399887910-1643399940788-1,dimensions,11 x 13 x 5.5 cm
entity:artifact:1:ld1-1643399887910-1643399940789-0,dimensions,6.2 x 15.2 cm
entity:artifact:1:ld1-1643399887910-1643399940794-0,dimensions,10 x 8 x 4.4 cm
entity:artifact:1:ld1-1643399887910-1643399940795-0,dimensions,5.7 x 11 cm
entity:artifact:1:ld1-1643399887910-1643399940846-0,dimensions,46 x 46 x 23.5 cm
entity:artifact:1:ld1-1643399887910-1643399941129-0,dimensions,37.4 x 110.3 cm
entity:artifact:1:ld1-1643399887910-1643399941479-0,dimensions,25 x 9.5 x 7 cm
entity:artifact:1:ld1-1643399887910-1643399941727-1,dimensions,22 x 52 x 31.4 cm
entity:artifact:1:ld1-1643399887910-1643399941747-0,dimensions,2.3 x 10.3 x 8 cm
entity:artifact:1:ld1-1643399887910-1643399942115-0,dimensions,145.5 x 103 cm
entity:artifact:1:ld1-1643399887910-1643399942279-0,dimensions,16.6 x 6 x 5 cm
entity:artifact:1:ld1-1643399887910-1643399942561-1,dimensions,41.9 x 38.1 cm
entity:artifact:1:ld1-1643399887910-1643399942836-1,dimensions,75 x 33 cm
entity:artifact:1:ld1-1643399887910-1643399942836-2,dimensions,82 x 54.5 cm
entity:artifact:1:ld1-1643399887910-1643399942890-2,dimensions,244 x 75.5 cm
entity:artifact:1:ld1-1643399887910-1643399944219-0,dimensions,103 x 54.5 cm
entity:artifact:1:ld1-1643399887910-1643399944233-0,dimensions,50.8 x 89.5 cm
entity:artifact:1:ld1-1643399887910-1643399944247-1,dimensions,19.1 x 19.1 cm
entity:artifact:1:ld1-1643399887910-1643399944252-2,dimensions,26 x 30.2 cm
entity:artifact:1:ld1-1643399887910-1643399944692-1,dimensions,91.5 x 274 cm
entity:artifact:1:ld1-1643399887910-1643399945400-0,dimensions,64.5 x 207 cm
entity:artifact:1:ld1-1643399887910-1643399947060-0,dimensions,43 x 17.5 cm
entity:artifact:1:ld1-1643399887910-1643399947370-1,dimensions,56 x 35 cm
entity:artifact:1:ld1-1643399887910-1643399947371-0,dimensions,56 x 35 cm
entity:artifact:1:ld1-1643399887910-1643399947381-1,dimensions,43.1 x 20 cm
entity:artifact:1:ld1-1643399887910-1643399947382-0,dimensions,44 x 17.3 cm
entity:artifact:1:ld1-1643399887910-1643399947383-0,dimensions,43.6 x 18.5 cm
entity:artifact:1:ld1-1643399887910-1643399947383-1,dimensions,43.2 x 18 cm
entity:artifact:1:ld1-1643399887910-1643399947388-0,dimensions,45 x 20 cm
entity:artifact:1:ld1-1643399887910-1643399948007-0,dimensions,5.8 x 3.3 x 1.2 cm
entity:artifact:1:ld1-1643399887910-1643399948132-0,dimensions,4.3 x 3.2 x 1.2 cm
entity:artifact:1:ld1-1643399887910-1643399954421-1,dimensions,5.7 x 1.9 cm
entity:artifact:1:ld1-1643399887910-1643399954424-0,dimensions,6.3 x 4.5 x 1.9 cm
entity:artifact:1:ld1-1643399887910-1643399954425-0,dimensions,8.3 x 3.2 cm
entity:artifact:1:ld1-1643399887910-1643399954426-0,dimensions,6.4 x 4.5 x 2.6 cm
entity:artifact:1:ld1-1643399887910-1643399954511-0,dimensions,7.1 x 16.6 cm
entity:artifact:1:ld1-1643399887910-1643399954520-0,dimensions,5.3 x 28 cm
entity:artifact:1:ld1-1643399887910-1643399955055-0,dimensions,34.9 x 41.9 cm
entity:artifact:1:ld1-1643399887910-1643399955624-0,dimensions,29 x 11 x 5.4 cm
entity:artifact:1:ld1-1643399887910-1643399955624-1,dimensions,38 x 15.4 x 12 cm
entity:artifact:1:ld1-1643399887910-1643399955625-0,dimensions,24.5 x 23.5 x 10.5 cm
entity:artifact:1:ld1-1643399887910-1643399955625-2,dimensions,25.6 x 17 x 11.5 cm
entity:artifact:1:ld1-1643399887910-1643399957123-0,dimensions,7.4 x 3.6 x 2.5 cm
entity:artifact:1:ld1-1643399887910-1643399957123-1,dimensions,8.2 x 5 x 2 cm
entity:artifact:1:ld1-1643399887910-1643399957232-0,dimensions,46.6 x 30.8 cm
entity:artifact:1:ld1-1643399887910-1643399957232-1,dimensions,46.5 x 31 cm
entity:artifact:1:ld1-1643399887910-1643399959119-0,dimensions,127 x 52.5 cm
entity:artifact:1:ld1-1643399887910-1643399959139-1,dimensions,48.6 x 57.2 cm
entity:artifact:1:ld1-1643399887910-1643399959144-0,dimensions,2.4 x 23 cm
entity:artifact:1:ld1-1643399887910-1643399959430-1,dimensions,64.5 x 20 cm
entity:artifact:1:ld1-1643399887910-1643399965117-1,dimensions,8.2 x 9 x 6.9 cm
entity:artifact:1:ld1-1643399887910-1643399965118-0,dimensions,8 x 9 x 6.8 cm
entity:artifact:1:ld1-1643399887910-1643399965119-1,dimensions,4.5 x 7.6
entity:artifact:1:ld1-1643399887910-1643399965120-0,dimensions,2.7 x 12 cm
entity:artifact:1:ld1-1643399887910-1643399965122-1,dimensions,2 x 13 x 9 cm
entity:artifact:1:ld1-1643399887910-1643399965123-1,dimensions,12.5 x 7.5
entity:artifact:1:ld1-1643399887910-1643399965150-0,dimensions,11 x 12.7 x 8.2 cm
entity:artifact:1:ld1-1643399887910-1643399968459-1,dimensions,139.7 x 116.8 cm
entity:artifact:1:ld1-1643399887910-1643399969605-1,dimensions,65 x 50 cm
entity:artifact:1:ld1-1643399887910-1643399969606-0,dimensions,78 x 74 cm
entity:artifact:1:ld1-1643399887910-1643399969618-0,dimensions,16.5 x 78.7 cm
entity:artifact:1:ld1-1643399887910-1643399969900-0,dimensions,15.2 x 22.9 cm
entity:artifact:1:ld1-1643399887910-1643399973001-0,dimensions,19.1 x 27.6 cm
entity:artifact:1:ld1-1643399887910-1643399973091-0,dimensions,21.6 x 16.5 cm
entity:artifact:1:ld1-1643399887910-1643399973091-1,dimensions,23.5 x 18.4 cm
entity:artifact:1:ld1-1643399887910-1643399973093-0,dimensions,24.1 x 21.3 cm
entity:artifact:1:ld1-1643399887910-1643399973093-1,dimensions,27.3 x 21.3 cm
entity:artifact:1:ld1-1643399887910-1643399973094-0,dimensions,27.3 x 21.3 cm
entity:artifact:1:ld1-1643399887910-1643399973105-0,dimensions,24.1 x 21.0 cm
entity:artifact:1:ld1-1643399887910-1643399973109-1,dimensions,24.4 x 21.0 cm
entity:artifact:1:ld1-1643399887910-1643399973112-1,dimensions,23.2 x 21.3 cm
entity:artifact:1:ld1-1643399887910-1643399975197-0,dimensions,161 x 66 cm
entity:artifact:1:ld1-1643399887910-1643399975518-0,dimensions,200.7 x 127 cm
entity:artifact:1:ld1-1643399887910-1643399976105-1,dimensions,40.6 x 55.9 cm
entity:artifact:1:ld1-1643399887910-1643399976117-1,dimensions,42.2 x 60.3 x 2.5 cm
entity:artifact:1:ld1-1643399887910-1643399976254-0,dimensions,29 x 11.6 x 15cm
entity:artifact:1:ld1-1643399887910-1643399976254-1,dimensions,29 x 11.6 x 15cm
entity:artifact:1:ld1-1643399887910-1643399982872-0,dimensions,342.9 x 111.8 cm
entity:artifact:2:100098,dimensions,8 x 15.9 cm (3 1/8 x 6 1/4 in.)
entity:artifact:2:100099,dimensions,6.7 x 16.2 cm (2 5/8 x 6 3/8 in.)
entity:artifact:2:100180,dimensions,box and cover: H. 5.1 x Diam. 12.1 cm (2 x 4 3/4 in.)
entity:artifact:2:100181,dimensions,20.2 x 11.8 cm (7 15/16 x 4 5/8 in.)
entity:artifact:2:101448,dimensions,H. 10 x W. 3.3 x D. 3.2 cm (3 15/16 x 1 5/16 x 1 1/4 in.)
entity:artifact:2:101449,dimensions,39.5 x 26 x 16 cm (15 9/16 x 10 1/4 x 6 5/16 in.)
entity:artifact:2:101784,dimensions,23.5 x 12.9 cm (9 1/4 x 5 1/16 in.)
entity:artifact:2:101785,dimensions,10 x 12.5 cm (3 15/16 x 4 15/16 in.)
entity:artifact:2:101796,dimensions,H. 25.6 x Diam. 15.9 cm (10 1/16 x 6 1/4 in.)
entity:artifact:2:10916,dimensions,31.12 x 22.23 cm (12 1/4 x 8 3/4 in.)
entity:artifact:2:10917,dimensions,31.12 x 22.23 cm (12 1/4 x 8 3/4 in.)
entity:artifact:2:10918,dimensions,31.12 x 22.23 cm (12 1/4 x 8 3/4 in.)
entity:artifact:2:10919,dimensions,26.35 x 16.51 cm (10 3/8 x 6 1/2 in.)
entity:artifact:2:10955,dimensions,31.12 x 22.23 cm (12 1/4 x 8 3/4 in.)
entity:artifact:2:10956,dimensions,26.35 x 16.51 cm (10 3/8 x 6 1/2 in.)
entity:artifact:2:10957,dimensions,26.35 x 16.51 cm (10 3/8 x 6 1/2 in.)
entity:artifact:2:117343,dimensions,62.5 x 23.5 x 12.5 cm (24 5/8 x 9 1/4 x 4 15/16 in.)
entity:artifact:2:117351,dimensions,19.3 x 21.2 cm (7 5/8 x 8 3/8 in.)
entity:artifact:2:12532,dimensions,26.35 x 16.51 cm (10 3/8 x 6 1/2 in.)
entity:artifact:2:12533,dimensions,26.35 x 16.51 cm (10 3/8 x 6 1/2 in.)
entity:artifact:2:12534,dimensions,26.35 x 16.51 cm (10 3/8 x 6 1/2 in.)
entity:artifact:2:12653,dimensions,26.35 x 16.51 cm (10 3/8 x 6 1/2 in.)
entity:artifact:2:12851,dimensions,26.35 x 16.51 cm (10 3/8 x 6 1/2 in.)
entity:artifact:2:12867,dimensions,26.35 x 16.51 cm (10 3/8 x 6 1/2 in.)
entity:artifact:2:12895,dimensions,26.35 x 16.51 cm (10 3/8 x 6 1/2 in.)
entity:artifact:2:141460,dimensions,23.5 x 6.5 x 7 cm (9 1/4 x 2 9/16 x 2 3/4 in.)
entity:artifact:2:141848,dimensions,18.5 x 12 x 12 cm (7 5/16 x 4 3/4 x 4 3/4 in.)
entity:artifact:2:141855,dimensions,6.3 x 12.2 cm (2 1/2 x 4 13/16 in.)
entity:artifact:2:141949,dimensions,23.5 x 6.5 x 7 cm (9 1/4 x 2 9/16 x 2 3/4 in.)
entity:artifact:2:142045,dimensions,9.2 x 6.7 cm (3 5/8 x 2 5/8 in.)
entity:artifact:2:142050,dimensions,70 x 22 x 10 cm (27 9/16 x 8 11/16 x 3 15/16 in.)
entity:artifact:2:142051,dimensions,70 x 22 x 10 cm (27 9/16 x 8 11/16 x 3 15/16 in.)
entity:artifact:2:142052,dimensions,27 x 7 x 4.5 cm (10 5/8 x 2 3/4 x 1 3/4 in.)
entity:artifact:2:142053,dimensions,33.3 x 15.5 x 5.5 cm (13 1/8 x 6 1/8 x 2 3/16 in.)
entity:artifact:2:142054,dimensions,34.5 x 13 x 19.5 cm (13 9/16 x 5 1/8 x 7 11/16 in.)
entity:artifact:2:142055,dimensions,34.5 x 13 x 19.5 cm (13 9/16 x 5 1/8 x 7 11/16 in.)
entity:artifact:2:142056,dimensions,H. 37.5 x Diam. 24 cm (14 3/4 x 9 7/16 in.)
entity:artifact:2:142066,dimensions,2 x 16 x 12 cm (13/16 x 6 5/16 x 4 3/4 in.)
entity:artifact:2:142067,dimensions,32.5 x 9.5 x 6 cm (12 13/16 x 3 3/4 x 2 3/8 in.)
entity:artifact:2:1429,dimensions,"entire painting, including title: H. 17 x W. 300 cm (6 11/16 x 118 1/8 in.)
mounting: H. 17.78 cm (7 in.)"
entity:artifact:2:1430,dimensions,"2003.207.1: H. 37 x L. 30.5 x W. 15.5 cm (14 9/16 x 12 x 6 1/8 in.)
2003.207.2: H. 36 x L. 31.5 x W. 13 cm (14 3/16 x 12 3/8 x 5 1/8 in.)"
entity:artifact:2:143022,dimensions,sheet: 120.9 x 81.5 cm (47 5/8 x 32 1/16 in.)
entity:artifact:2:143056,dimensions,H. 4.9 x Diam. 14.5 cm (1 15/16 x 5 11/16 in.)
entity:artifact:2:143057,dimensions,H. 9.5 x Diam. 13.4 cm (3 3/4 x 5 1/4 in.)
entity:artifact:2:143089,dimensions,7.5 x 18.5 cm (2 15/16 x 7 5/16 in.)
entity:artifact:2:143090,dimensions,H. 5.2 x W. 14.1 x D. 9.4 cm (2 1/16 x 5 9/16 x 3 11/16 in.)
entity:artifact:2:143091,dimensions,H. 13.7 x Diam. 18.2 cm (5 3/8 x 7 3/16 in.)
entity:artifact:2:1432,dimensions,each sculpture: 12 x 18.5 x 7.5 cm (4 3/4 x 7 5/16 x 2 15/16 in.)
entity:artifact:2:143354,dimensions,H. 6.5 x Diam. 6.8 cm (2 9/16 x 2 11/16 in.)
entity:artifact:2:143355,dimensions,2.2 x 7.8 x 6.1 cm (7/8 x 3 1/16 x 2 3/8 in.)
entity:artifact:2:145348,dimensions,80.5 x 35.5 x 18.5 cm (31 11/16 x 14 x 7 5/16 in.)
entity:artifact:2:145349,dimensions,81 x 36.5 x 19 cm (31 7/8 x 14 3/8 x 7 1/2 in.)
entity:artifact:2:145350,dimensions,70 x 31.5 x 20.5 cm (27 9/16 x 12 3/8 x 8 1/16 in.)
entity:artifact:2:145359,dimensions,9 x 5.4 cm (3 9/16 x 2 1/8 in.)
entity:artifact:2:145437,dimensions,10.3 x 7.7 cm (4 1/16 x 3 1/16 in.)
entity:artifact:2:146193,dimensions,9 x 7.8 cm (3 9/16 x 3 1/16 in.)
entity:artifact:2:146194,dimensions,2.2 x 9.9 x 4.5 cm (7/8 x 3 7/8 x 1 3/4 in.)
entity:artifact:2:146195,dimensions,2.8 x 6.2 x 5.3 cm (1 1/8 x 2 7/16 x 2 1/16 in.)
entity:artifact:2:146262,dimensions,81.5 x 26 x 23 cm (32 1/16 x 10 1/4 x 9 1/16 in.)
entity:artifact:2:146263,dimensions,38 x 10 x 9 cm (14 15/16 x 3 15/16 x 3 9/16 in.)
entity:artifact:2:146264,dimensions,H. 18 × W. 12 × D. 11.5 cm (7 1/16 × 4 3/4 × 4 1/2 in.)
entity:artifact:2:146265,dimensions,H. 37 x W. 30.5 x D.15.5 cm (14 9/16 x 12 x 6 1/8 in.)
entity:artifact:2:146266,dimensions,H. 36 x W. 31.5 x D. 13 cm (14 3/16 x 12 3/8 x 5 1/8 in.)
entity:artifact:2:146267,dimensions,43 x 12.5 x 14 cm (16 15/16 x 4 15/16 x 5 1/2 in.)
entity:artifact:2:146268,dimensions,12 x 18.5 x 7.5 cm (4 3/4 x 7 5/16 x 2 15/16 in.)
entity:artifact:2:146269,dimensions,57.5 x 21.5 x 16.5 cm (22 5/8 x 8 7/16 x 6 1/2 in.)
entity:artifact:2:146431,dimensions,31 x 14 x 15.5 cm (12 3/16 x 5 1/2 x 6 1/8 in.)
entity:artifact:2:146432,dimensions,31 x 28.5 x 9 cm (12 3/16 x 11 1/4 x 3 9/16 in.)
entity:artifact:2:146433,dimensions,H. 4.8 x Diam. 13.6 cm (1 7/8 x 5 3/8 in.)
entity:artifact:2:146434,dimensions,H. 17.5 x Diam. 15 cm (6 7/8 x 5 7/8 in.)
entity:artifact:2:146482,dimensions,H. 27.5 x W. 8 x D. 7.5 cm (10 13/16 x 3 1/8 x 2 15/16 in.)
entity:artifact:2:146484,dimensions,H. 20.6 x W. 18.3 x D. 13.5 cm (8 1/8 x 7 3/16 x 5 5/16 in.)
entity:artifact:2:146486,dimensions,H. 18 × W. 12 × D. 11.5 cm (7 1/16 × 4 3/4 × 4 1/2 in.)
entity:artifact:2:146487,dimensions,47.5 x 16 x 13.5 cm (18 11/16 x 6 5/16 x 5 5/16 in.)
entity:artifact:2:146488,dimensions,65.5 x 57.5 x 29 cm (25 13/16 x 22 5/8 x 11 7/16 in.)
entity:artifact:2:146489,dimensions,12 x 18.5 x 7.5 cm (4 3/4 x 7 5/16 x 2 15/16 in.)
entity:artifact:2:146490,dimensions,63 x 33.5 x 14.5 cm (24 13/16 x 13 3/16 x 5 11/16 in.)
entity:artifact:2:146491,dimensions,55.5 x 20.5 x 17.5 cm (21 7/8 x 8 1/16 x 6 7/8 in.)
entity:artifact:2:146492,dimensions,60.5 x 37.5 x 20.5 cm (23 13/16 x 14 3/4 x 8 1/16 in.)
entity:artifact:2:146523,dimensions,31 x 9 x 6.5 cm (12 3/16 x 3 9/16 x 2 9/16 in.)
entity:artifact:2:146524,dimensions,H. 35 x W. 27.5 x D. 16.5 cm (13 3/4 x 10 13/16 x 6 1/2 in.)
entity:artifact:2:146525,dimensions,H. 43 x W. 16.5 x D. 24 cm (16 15/16 x 6 1/2 x 9 7/16 in.)
entity:artifact:2:146526,dimensions,20 x 6 x 4.5 cm (7 7/8 x 2 3/8 x 1 3/4 in.)
entity:artifact:2:146527,dimensions,81.5 x 26 x 23 cm (32 1/16 x 10 1/4 x 9 1/16 in.)
entity:artifact:2:146528,dimensions,44 x 11.5 x 10 cm (17 5/16 x 4 1/2 x 3 15/16 in.)
entity:artifact:2:146529,dimensions,H. 18 × W. 12 × D. 11.5 cm (7 1/16 × 4 3/4 × 4 1/2 in.)
entity:artifact:2:146554,dimensions,H. 59.8 x W. 25 (across handles) x Diam. 20.5 cm (23 9/16 x 9 13/16 x 8 1/16 in.)
entity:artifact:2:146559,dimensions,H. 33.5 x W. 25 x D. 19.5 cm (13 3/16 x 9 13/16 x 7 11/16 in.)
entity:artifact:2:146561,dimensions,43.5 x 12 x 8.5 cm (17 1/8 x 4 3/4 x 3 3/8 in.)
entity:artifact:2:146562,dimensions,20 x 6 x 4.5 cm (7 7/8 x 2 3/8 x 1 3/4 in.)
entity:artifact:2:146563,dimensions,28.5 x 11 x 6 cm (11 1/4 x 4 5/16 x 2 3/8 in.)
entity:artifact:2:146564,dimensions,103.2 x 26 x 21 cm (40 5/8 x 10 1/4 x 8 1/4 in.)
entity:artifact:2:146565,dimensions,H. 18 × W. 12 × D. 11.5 cm (7 1/16 × 4 3/4 × 4 1/2 in.)
entity:artifact:2:146566,dimensions,40.5 x 35.5 x 13.5 cm (15 15/16 x 14 x 5 5/16 in.)
entity:artifact:2:146567,dimensions,31.5 x 16.5 x 9 cm (12 3/8 x 6 1/2 x 3 9/16 in.)
entity:artifact:2:146568,dimensions,51 x 15 x 12.5 cm (20 1/16 x 5 7/8 x 4 15/16 in.)
entity:artifact:2:146569,dimensions,26 x 40 x 19 cm (10 1/4 x 15 3/4 x 7 1/2 in.)
entity:artifact:2:146570,dimensions,12 x 28 x 10 cm (4 3/4 x 11 x 3 15/16 in.)
entity:artifact:2:146571,dimensions,89.5 x 28 x 19 cm (35 1/4 x 11 x 7 1/2 in.)
entity:artifact:2:146575,dimensions,7.5 x 6 cm (2 15/16 x 2 3/8 in.)
entity:artifact:2:146576,dimensions,17 x 12.5 x 11 cm (6 11/16 x 4 15/16 x 4 5/16 in.)
entity:artifact:2:146577,dimensions,5.5 x 26.5 x 23.5 cm (2 3/16 x 10 7/16 x 9 1/4 in.)
entity:artifact:2:146578,dimensions,1.7 x 11 x 10.8 cm (11/16 x 4 5/16 x 4 1/4 in.)
entity:artifact:2:146579,dimensions,2 x 10.7 x 10.6 cm (13/16 x 4 3/16 x 4 3/16 in.)
entity:artifact:2:146580,dimensions,H. 27 x W. 33.5 x D. 18 cm (10 5/8 x 13 3/16 x 7 1/16 in.)
entity:artifact:2:146583,dimensions,H. 27.5 x W. 8 x D. 7.5 cm (10 13/16 x 3 1/8 x 2 15/16 in.)
entity:artifact:2:146585,dimensions,H. 38.8 x W. 13.5 x D. 12 cm (15 1/4 x 5 5/16 x 4 3/4 in.)
entity:artifact:2:146626,dimensions,H. 45 x W. 15.5 x D. 12.8 cm (17 11/16 x 6 1/8 x 5 1/16 in.)
entity:artifact:2:146627,dimensions,37 x 27.5 x 11.5 cm (14 9/16 x 10 13/16 x 4 1/2 in.)
entity:artifact:2:146628,dimensions,51 x 15 x 12.5 cm (20 1/16 x 5 7/8 x 4 15/16 in.)
entity:artifact:2:146629,dimensions,H. 29 x W. 30.5 x D. 9 cm (11 7/16 x 12 x 3 9/16 in.)
entity:artifact:2:146693,dimensions,H. 3.2 x Diam. 15.8 cm (1 1/4 x 6 1/4 in.)
entity:artifact:2:146694,dimensions,H. 4.3 x Diam. 14.5 cm (1 11/16 x 5 11/16 in.)
entity:artifact:2:146709,dimensions,H. 4.5 x Diam. 14 cm (1 3/4 x 5 1/2 in.)
entity:artifact:2:146710,dimensions,18.5 x 14.5 x 5.5 cm (7 5/16 x 5 11/16 x 2 3/16 in.)
entity:artifact:2:146711,dimensions,9.5 x 12.5 x 4 cm (3 3/4 x 4 15/16 x 1 9/16 in.)
entity:artifact:2:146712,dimensions,H. 64 x W. 19 x D. 15.5 cm (25 3/16 x 7 1/2 x 6 1/8 in.)
entity:artifact:2:146713,dimensions,38.5 x 36.5 x 20.5 cm (15 3/16 x 14 3/8 x 8 1/16 in.)
entity:artifact:2:146748,dimensions,32 x 12 x 12.5 cm (12 5/8 x 4 3/4 x 4 15/16 in.)
entity:artifact:2:146749,dimensions,17 x 12.5 x 11 cm (6 11/16 x 4 15/16 x 4 5/16 in.)
entity:artifact:2:146750,dimensions,17 x 22.5 x 9 cm (6 11/16 x 8 7/8 x 3 9/16 in.)
entity:artifact:2:146751,dimensions,8 x 10.5 x 5 cm (3 1/8 x 4 1/8 x 1 15/16 in.)
entity:artifact:2:146752,dimensions,12 x 12.5 x 6 cm (4 3/4 x 4 15/16 x 2 3/8 in.)
entity:artifact:2:146753,dimensions,9 x 17 x 6 cm (3 9/16 x 6 11/16 x 2 3/8 in.)
entity:artifact:2:146754,dimensions,H. 49.5 x W. 16 x D. 12 cm (19 1/2 x 6 5/16 x 4 3/4 in.)
entity:artifact:2:146755,dimensions,33 x 24 x 11 cm (13 x 9 7/16 x 4 5/16 in.)
entity:artifact:2:146756,dimensions,38 x 30 x 18 cm (14 15/16 x 11 13/16 x 7 1/16 in.)
entity:artifact:2:146757,dimensions,37.5 x 35.5 x 20.5 cm (14 3/4 x 14 x 8 1/16 in.)
entity:artifact:2:146758,dimensions,"painting proper: H. 136.3 × W. 93.2 cm (53 11/16 × 36 11/16 in.)
overall mounting, including roller ends and suspension cord: H. 246.5 × W. 121.5 cm (97 1/16 × 47 13/16 in.)"
entity:artifact:2:146759,dimensions,10 x 28.3 x 14 cm (3 15/16 x 11 1/8 x 5 1/2 in.)
entity:artifact:2:146760,dimensions,"H. 19 x Diam. 12.5 cm (7 1/2 x 4 15/16 in.)
across handles: W. 14.6 cm (5 3/4 in.)"
entity:artifact:2:146761,dimensions,H. 8.3 x Diam. 15 cm (3 1/4 x 5 7/8 in.)
entity:artifact:2:146771,dimensions,26.5 x 31.5 x 8 cm (10 7/16 x 12 3/8 x 3 1/8 in.)
entity:artifact:2:146772,dimensions,17 x 12.5 x 11 cm (6 11/16 x 4 15/16 x 4 5/16 in.)
entity:artifact:2:147176,dimensions,H. 3.2 x Diam. 15.7 cm (1 1/4 x 6 3/16 in.)
entity:artifact:2:147177,dimensions,H. 14.2 x Diam. 11.8 cm (5 9/16 x 4 5/8 in.)
entity:artifact:2:147219,dimensions,H. 20.5 x Diam. 20 cm (8 1/16 x 7 7/8 in.)
entity:artifact:2:147220,dimensions,H. 20.6 x Diam. 27.5 cm (8 1/8 x 10 13/16 in.)
entity:artifact:2:147441,dimensions,H. 8.5 x Diam. 18.5 cm (3 3/8 x 7 5/16 in.)
entity:artifact:2:147442,dimensions,H. 34.2 x W. (across handles) 35.6 x Diam. 29.5 cm (13 7/16 x 14 x 11 5/8 in.)
entity:artifact:2:148273,dimensions,H. 12.9 x W. (across handles) 19 x Diam. 15.2 cm (5 1/16 x 7 1/2 x 6 in.)
entity:artifact:2:148274,dimensions,H. 15.8 x W. 19 x D. 14.5 cm (6 1/4 x 7 1/2 x 5 11/16 in.)
entity:artifact:2:148464,dimensions,H. 37.8 x Diam. 29 cm (14 7/8 x 11 7/16 in.)
entity:artifact:2:148465,dimensions,H. 14.5 x Diam. 13.5 cm (5 11/16 x 5 5/16 in.)
entity:artifact:2:148466,dimensions,H. 15.9 x W. (across handles) 10 x Diam. 6.8 cm (6 1/4 x 3 15/16 x 2 11/16 in.)
entity:artifact:2:148467,dimensions,H. 12.1 x W. (across handles) 12.8 x Diam. 10 cm (4 3/4 x 5 1/16 x 3 15/16 in.)
entity:artifact:2:148468,dimensions,H. 16.4 x W. (across handles) 17.5 x Diam. 10.5 cm (6 7/16 x 6 7/8 x 4 1/8 in.)
entity:artifact:2:148469,dimensions,H. 12 x W. 5.2 x D. 4.5 cm (4 3/4 x 2 1/16 x 1 3/4 in.)
entity:artifact:2:148472,dimensions,with cover: H. 7.4 x Diam. 10 cm (2 15/16 x 3 15/16 in.)
entity:artifact:2:148478,dimensions,H. 34.7 x Diam. 22.7 cm (13 11/16 x 8 15/16 in.)
entity:artifact:2:148479,dimensions,H. 11 x Diam. 30.5 cm (4 5/16 x 12 in.)
entity:artifact:2:148480,dimensions,H. 19.2 x W. (across handles) 27.3 x Diam. 23.2 cm (7 9/16 x 10 3/4 x 9 1/8 in.)
entity:artifact:2:148553,dimensions,H. 10.4 x W. (across handles) 23.7 x Diam. 15.7 cm (4 1/8 x 9 5/16 x 6 3/16 in.)
entity:artifact:2:148554,dimensions,H. 12.5 x Diam. 31.5 cm (4 15/16 x 12 3/8 in.)
entity:artifact:2:148555,dimensions,H. 22.8 x Diam. 14 x W. 15.5 cm (9 x 5 1/2 x 6 1/8 in.)
entity:artifact:2:148556,dimensions,H. 13 x Diam. 21.2 cm (5 1/8 x 8 3/8 in.)
entity:artifact:2:148608,dimensions,H. 8 x W. 11.5 x Diam. 9.8 cm (3 1/8 x 4 1/2 x 3 7/8 in.)
entity:artifact:2:148609,dimensions,H. 16.2 x W. 32.2 x Diam. 26 cm (6 3/8 x 12 11/16 x 10 1/4 in.)
entity:artifact:2:149462,dimensions,H. 16.2 x W. (across handles) 14.5 x Diam. 12.2 cm (6 3/8 x 5 11/16 x 4 13/16 in.)
entity:artifact:2:149463,dimensions,H. 12 x W. (across handles) 15 x Diam. 14.5 cm (4 3/4 x 5 7/8 x 5 11/16 in.)
entity:artifact:2:149464,dimensions,5.9 x 12 cm (2 5/16 x 4 3/4 in.)
entity:artifact:2:149507,dimensions,H. 27.2 x W. (across handles) 24.5 x Diam. 22 cm (10 11/16 x 9 5/8 x 8 11/16 in.)
entity:artifact:2:149508,dimensions,H. 17.5 x Diam. 19.5 cm (6 7/8 x 7 11/16 in.)
entity:artifact:2:149509,dimensions,H. 19 x Diam. 22.2 cm (7 1/2 x 8 3/4 in.)
entity:artifact:2:149540,dimensions,H. 15 x Diam. 10.5 cm (5 7/8 x 4 1/8 in.)
entity:artifact:2:149541,dimensions,H. 9.3 x W. (across handles) 10.3 x Diam. 10 cm (3 11/16 x 4 1/16 x 3 15/16 in.)
entity:artifact:2:149542,dimensions,H. 10.6 x W. 14 x D. 10 cm (4 3/16 x 5 1/2 x 3 15/16 in.)
entity:artifact:2:149543,dimensions,H. 9.5 x Diam. 20.3 cm (3 3/4 x 8 in.)
entity:artifact:2:149544,dimensions,H. 3.0 x W. 12.0 cm (1 3/16 x 4 3/4 in.)
entity:artifact:2:149545,dimensions,H. 16.7 x Diam. 13 cm (6 9/16 x 5 1/8 in.)
entity:artifact:2:149547,dimensions,with cover: H. 12 x Diam. 8.4 cm (4 3/4 x 3 5/16 in.)
entity:artifact:2:149551,dimensions,H. 12.2 x W. (across handles) 9.4 x Diam. 8.8 cm (4 13/16 x 3 11/16 x 3 7/16 in.)
entity:artifact:2:149552,dimensions,H. 20.3 x W. (across handles) 22 x Diam. 22.5 cm (8 x 8 11/16 x 8 7/8 in.)
entity:artifact:2:149553,dimensions,H. 27.8 x W. (across vessel and lower handle) 23.6 x Diam. 20.2 cm (10 15/16 x 9 5/16 x 7 15/16 in.)
entity:artifact:2:149554,dimensions,bowl and cover: H. 12.5 x Diam. 15.6 cm (4 15/16 x 6 1/8 in.)
entity:artifact:2:149555,dimensions,H. 7.6 × Diam. 16.8 cm (3 × 6 5/8 in.)
entity:artifact:2:149556,dimensions,H. 12.5 x Diam. 19.8 cm (4 15/16 x 7 13/16 in.)
entity:artifact:2:149557,dimensions,H. 12.6 x Diam. 7.3 cm (4 15/16 x 2 7/8 in.)
entity:artifact:2:149558,dimensions,H. 10.8 x Diam. 8.2 cm (4 1/4 x 3 1/4 in.)
entity:artifact:2:160276,dimensions,H. 18.4 x Diam. 21.9 cm (7 1/4 x 8 5/8 in.)
entity:artifact:2:16235,dimensions,26.35 x 16.51 cm (10 3/8 x 6 1/2 in.)
entity:artifact:2:16377,dimensions,26.35 x 16.51 cm (10 3/8 x 6 1/2 in.)
entity:artifact:2:16400,dimensions,26.35 x 16.51 cm (10 3/8 x 6 1/2 in.)
entity:artifact:2:164893,dimensions,H. 8.8 x Diam. 12 cm (3 7/16 x 4 3/4 in.)
entity:artifact:2:164894,dimensions,H. 25.3 x Diam. 12 cm (9 15/16 x 4 3/4 in.)
entity:artifact:2:16492,dimensions,26.35 x 16.51 cm (10 3/8 x 6 1/2 in.)
entity:artifact:2:165054,dimensions,H. 7.5 x Diam. 18.4 cm (2 15/16 x 7 1/4 in.)
entity:artifact:2:165055,dimensions,H. 12.2 x Diam. 13 cm (4 13/16 x 5 1/8 in.)
entity:artifact:2:165056,dimensions,including cover: H. 14.3 x Diam. 12.2 cm (5 5/8 x 4 13/16 in.)
entity:artifact:2:165242,dimensions,H. 4.5 x Diam. 12 cm (1 3/4 x 4 3/4 in.)
entity:artifact:2:165247,dimensions,H. 22.1 x Diam. 18.1 cm (8 11/16 x 7 1/8 in.)
entity:artifact:2:16635,dimensions,paper: 55.7 x 23.2 cm (21 15/16 x 9 1/8 in.)
entity:artifact:2:16636,dimensions,paper: 55.7 x 23.2 cm (21 15/16 x 9 1/8 in.)
entity:artifact:2:16637,dimensions,paper: 55.7 x 23.2 cm (21 15/16 x 9 1/8 in.)
entity:artifact:2:16643,dimensions,paper: 55.7 x 23.2 cm (21 15/16 x 9 1/8 in.)
entity:artifact:2:16700,dimensions,paper: 58 x 30.1 cm (22 13/16 x 11 7/8 in.)
entity:artifact:2:167086,dimensions,H. 7.5 x Diam. 6.2 cm (2 15/16 x 2 7/16 in.)
entity:artifact:2:167160,dimensions,H. 7 x Diam. 22 cm (2 3/4 x 8 11/16 in.)
entity:artifact:2:167598,dimensions,H. 19.8 x Diam. 15.8 cm (7 13/16 x 6 1/4 in.)
entity:artifact:2:167599,dimensions,H. 21.5 x Diam. 23 cm (8 7/16 x 9 1/16 in.)
entity:artifact:2:167600,dimensions,4.5 x 5.1 cm (1 3/4 x 2 in.)
entity:artifact:2:167601,dimensions,2.3 x 4.2 x 6.6 cm (7/8 x 1 5/8 x 2 5/8 in.)
entity:artifact:2:167602,dimensions,1.4 x 4.5 x 2.8 cm (9/16 x 1 3/4 x 1 1/8 in.)
entity:artifact:2:167603,dimensions,H. 13 x Diam. 31.5 cm (5 1/8 x 12 3/8 in.)
entity:artifact:2:167756,dimensions,18.5 x 10.2 cm (7 5/16 x 4 in.)
entity:artifact:2:167758,dimensions,3.5 x 3 cm (1 3/8 x 1 3/16 in.)
entity:artifact:2:167759,dimensions,3.7 x 6.7 x 10.1 cm (1 7/16 x 2 5/8 x 4 in.)
entity:artifact:2:167760,dimensions,H. 4.9 x Diam. 15.1 cm (1 15/16 x 5 15/16 in.)
entity:artifact:2:16827,dimensions,paper: 55.7 x 23.2 cm (21 15/16 x 9 1/8 in.)
entity:artifact:2:16829,dimensions,paper: 55.7 x 23.2 cm (21 15/16 x 9 1/8 in.)
entity:artifact:2:16891,dimensions,paper: 55.7 x 23.2 cm (21 15/16 x 9 1/8 in.)
entity:artifact:2:169022,dimensions,3.3 x 3.5 cm (1 5/16 x 1 3/8 in.)
entity:artifact:2:169023,dimensions,H. 5.3 x Diam. 15.2 cm (2 1/16 x 6 in.)
entity:artifact:2:169025,dimensions,H. 24.3 x Diam. 11.3 cm (9 9/16 x 4 7/16 in.)
entity:artifact:2:16917,dimensions,paper: 55.7 x 23.2 cm (21 15/16 x 9 1/8 in.)
entity:artifact:2:16918,dimensions,paper: 55.7 x 23.2 cm (21 15/16 x 9 1/8 in.)
entity:artifact:2:16925,dimensions,paper: 55.7 x 23.2 cm (21 15/16 x 9 1/8 in.)
entity:artifact:2:16926,dimensions,paper: 55.7 x 23.2 cm (21 15/16 x 9 1/8 in.)
entity:artifact:2:16932,dimensions,paper: 55.7 x 23.2 cm (21 15/16 x 9 1/8 in.)
entity:artifact:2:169456,dimensions,1.9 x 6.6 x 4.1 cm (3/4 x 2 5/8 x 1 5/8 in.)
entity:artifact:2:169457,dimensions,2.3 x 8.1 x 5.2 cm (7/8 x 3 3/16 x 2 1/16 in.)
entity:artifact:2:169458,dimensions,H. 14.4 x Diam. 14 cm (5 11/16 x 5 1/2 in.)
entity:artifact:2:169493,dimensions,H. 7.7 x Diam. 15.9 cm (3 1/16 x 6 1/4 in.)
entity:artifact:2:169494,dimensions,H. 9 x Diam. 19.2 cm (3 9/16 x 7 9/16 in.)
entity:artifact:2:169509,dimensions,25.1 x 16.5 cm (9 7/8 x 6 1/2 in.)
entity:artifact:2:16956,dimensions,paper: 55.7 x 23.2 cm (21 15/16 x 9 1/8 in.)
entity:artifact:2:16957,dimensions,paper: 55.7 x 23.2 cm (21 15/16 x 9 1/8 in.)
entity:artifact:2:170143,dimensions,5 x 17.5 cm (1 15/16 x 6 7/8 in.)
entity:artifact:2:173145,dimensions,H. 26 x W. 14.3 x Diam. 13.5 cm (10 1/4 x 5 5/8 x 5 5/16 in.)
entity:artifact:2:173146,dimensions,H. 26.7 x W. (across handles) 35 x Diam. 32.6 cm (10 1/2 x 13 3/4 x 12 13/16 in.)
entity:artifact:2:173147,dimensions,H. 52.6 x Diam. 40 cm (20 11/16 x 15 3/4 in.)
entity:artifact:2:173148,dimensions,H. 18 x W. 25.5 x Diam. 20.1 cm (7 1/16 x 10 1/16 x 7 15/16 in.)
entity:artifact:2:173149,dimensions,with cover: H. 25.9 x Diam. 20 cm (10 3/16 x 7 7/8 in.)
entity:artifact:2:173150,dimensions,with cover: H. 21.3 x Diam. 21 cm (8 3/8 x 8 1/4 in.)
entity:artifact:2:173592,dimensions,H. 23 x Diam. 14.8 cm (9 1/16 x 5 13/16 in.)
entity:artifact:2:173593,dimensions,H. 45 x Diam. 23.7 cm (17 11/16 x 9 5/16 in.)
entity:artifact:2:173612,dimensions,H. 40.2 x W. (across handles) 47 x Diam. 42.2 cm (15 13/16 x 18 1/2 x 16 5/8 in.)
entity:artifact:2:173613,dimensions,H. 37.4 x Diam. 28.6 cm (14 3/4 x 11 1/4 in.)
entity:artifact:2:173614,dimensions,H. 32 x Diam. 26.1 cm (12 5/8 x 10 1/4 in.)
entity:artifact:2:173615,dimensions,with cover: H. 20.2 x Diam. 21 cm (7 15/16 x 8 1/4 in.)
entity:artifact:2:173616,dimensions,H. 20.3 x W. (across handles)14.1 x Diam. 11.4 cm (8 x 5 9/16 x 4 1/2 in.)
entity:artifact:2:173621,dimensions,H. (with cover) 13.1 x W. (across handles) 14.3 x Diam. 11.5 cm (5 3/16 x 5 5/8 x 4 1/2 in.)
entity:artifact:2:173622,dimensions,H. 36.2 x Diam. 21.5 cm (14 1/4 x 8 7/16 in.)
entity:artifact:2:173623,dimensions,H. 19.2 x W. 17.6 x D. 10 cm (7 9/16 x 6 15/16 x 3 15/16 in.)
entity:artifact:2:174173,dimensions,H. 6 x Diam. 23.7 cm (2 3/8 x 9 5/16 in.)
entity:artifact:2:174174,dimensions,H. 18.9 x W. (across handle and spout) 13.5 x Diam. 12.5 cm (7 7/16 x 5 5/16 x 4 15/16 in.)
entity:artifact:2:174175,dimensions,H. 40 x Diam. 33.2 cm (15 3/4 x 13 1/16 in.)
entity:artifact:2:174176,dimensions,H. 17.5 x W. (across handles) 24.6 x Diam. 20.1 cm (6 7/8 x 9 11/16 x 7 15/16 in.)
entity:artifact:2:174177,dimensions,H. 25.8 x Diam. 20 cm (10 3/16 x 7 7/8 in.)
entity:artifact:2:174249,dimensions,H. 9.5 x W. (across handles) 11.4 x Diam. 10 cm (3 3/4 x 4 1/2 x 3 15/16 in.)
entity:artifact:2:174250,dimensions,H. 13.8 x Diam. 9.2 cm (5 7/16 x 3 5/8 in.)
entity:artifact:2:174251,dimensions,H. 10.9 x Diam. 9 cm (4 5/16 x 3 9/16 in.)
entity:artifact:2:174253,dimensions,H. 4.5 x Diam. 20.1 cm (1 3/4 x 7 15/16 in.)
entity:artifact:2:174254,dimensions,8 x 10 cm (3 1/8 x 3 15/16 in.)
entity:artifact:2:174432,dimensions,H. 23.2 x W. (across handles) 20.5 x Diam. 16 cm (9 1/8 x 8 1/16 x 6 5/16 in.)
entity:artifact:2:174433,dimensions,21.5 x 26.1 x 15.2 cm (8 7/16 x 10 1/4 x 6 in.)
entity:artifact:2:174435,dimensions,14.6 x 16.6 x 15.6 cm (5 3/4 x 6 9/16 x 6 1/8 in.)
entity:artifact:2:174440,dimensions,3.2 x 4.9 x 6.1 cm (1 1/4 x 1 15/16 x 2 3/8 in.)
entity:artifact:2:174441,dimensions,6.2 x 7.1 cm (2 7/16 x 2 13/16 in.)
entity:artifact:2:174444,dimensions,H. 3.8 x Diam. 13.6 cm (1 1/2 x 5 3/8 in.)
entity:artifact:2:174445,dimensions,H. 24.2 x Diam. 23.2 cm (9 1/2 x 9 1/8 in.)
entity:artifact:2:174446,dimensions,H. 8.6 x Diam. 19.1 cm (3 3/8 x 7 1/2 in.)
entity:artifact:2:174780,dimensions,11.9 x 5.8 x 4.9 cm (4 11/16 x 2 5/16 x 1 15/16 in.)
entity:artifact:2:174782,dimensions,57.7 x 57.3 cm (22 11/16 x 22 9/16 in.)
entity:artifact:2:174783,dimensions,5.7 x 7.3 cm (2 1/4 x 2 7/8 in.)
entity:artifact:2:174784,dimensions,H. 15 x Diam. 7.1 cm (5 7/8 x 2 13/16 in.)
entity:artifact:2:174785,dimensions,H. 16.5 x W. 10.4 x D. 9.2 cm (6 1/2 x 4 1/8 x 3 5/8 in.)
entity:artifact:2:174786,dimensions,H. 3.8 x W. (across legs) 12.3 x Diam. 10.2 cm (1 1/2 x 4 13/16 x 4 in.)
entity:artifact:2:174787,dimensions,H. 14.1 x Diam. 7 cm (5 9/16 x 2 3/4 in.)
entity:artifact:2:174788,dimensions,max dimensions: H. 13.7 x Diam. 12.2 cm (5 3/8 x 4 13/16 in.)
entity:artifact:2:174841,dimensions,H. 6.2 x Diam. 17.2 cm (2 7/16 x 6 3/4 in.)
entity:artifact:2:174843,dimensions,H. 23.2 x Diam. 15.1 cm (9 1/8 x 5 15/16 in.)
entity:artifact:2:174844,dimensions,5.1 x 9 x 5.4 cm (2 x 3 9/16 x 2 1/8 in.)
entity:artifact:2:174845,dimensions,5.1 x 7.6 cm (2 x 3 in.)
entity:artifact:2:174846,dimensions,4.5 x 7.5 cm (1 3/4 x 2 15/16 in.)
entity:artifact:2:174848,dimensions,H. 6.4 x L. 12.9 x W. 5.7 cm (2 1/2 x 5 1/16 x 2 1/4 in.)
entity:artifact:2:174849,dimensions,H. 11 x Diam. 14.1 cm (4 5/16 x 5 9/16 in.)
entity:artifact:2:174850,dimensions,H. 9.2 x Diam. 10.2 cm (3 5/8 x 4 in.)
entity:artifact:2:174902,dimensions,H. 11.5 x Diam. 16 cm (4 1/2 x 6 5/16 in.)
entity:artifact:2:174903,dimensions,H. 3.6 x Diam. 13.3 cm (1 7/16 x 5 1/4 in.)
entity:artifact:2:174965,dimensions,9.8 x 7.5 x 4.2 cm (3 7/8 x 2 15/16 x 1 5/8 in.)
entity:artifact:2:174966,dimensions,H. 41.4 x Diam. 23 cm (16 5/16 x 9 1/16 in.)
entity:artifact:2:174967,dimensions,H. 40.9 x Diam. 23 cm (16 1/8 x 9 1/16 in.)
entity:artifact:2:174968,dimensions,"painting proper: H. 155.6 x W. 58.6 cm (61 1/4 x 23 1/16 in.)
mounting, including  cord and roller ends: H. 247 x W. 88 cm (97 1/4 x 34 5/8 in.)"
entity:artifact:2:174969,dimensions,H. 20 x Diam. 15 cm (7 7/8 x 5 7/8 in.) (with cover)
entity:artifact:2:175140,dimensions,7.8 x 6.1 x 5.2 cm (3 1/16 x 2 3/8 x 2 1/16 in.)
entity:artifact:2:175141,dimensions,8.9 x 8.5 x 2.9 cm (3 1/2 x 3 3/8 x 1 1/8 in.)
entity:artifact:2:175142,dimensions,"painting proper: 133.7 × 61.8 cm (52 5/8 × 24 5/16 in.)
with mounting, including cord and roller ends: 230 × 91.5 cm (90 9/16 × 36 in.)"
entity:artifact:2:175143,dimensions,H. 24.3 x Diam. 22.7 cm (9 9/16 x 8 15/16 in.)
entity:artifact:2:175364,dimensions,H. 15.3 x Diam. 14 cm (6 x 5 1/2 in.)
entity:artifact:2:175365,dimensions,H. 4.9 x Diam. 9 cm (1 15/16 x 3 9/16 in.)
entity:artifact:2:175366,dimensions,H. 5.5 x Diam. 16.6 cm (2 3/16 x 6 9/16 in.)
entity:artifact:2:175367,dimensions,17.7 x 15 cm (6 15/16 x 5 7/8 in.)
entity:artifact:2:175369,dimensions,H. 5.9 x Diam. 17.7 cm (2 5/16 x 6 15/16 in.)
entity:artifact:2:175370,dimensions,H. 6.5 x Diam. 18.4 cm (2 9/16 x 7 1/4 in.)
entity:artifact:2:175371,dimensions,H. 6.5 x Diam. 18.6 cm (2 9/16 x 7 5/16 in.)
entity:artifact:2:175372,dimensions,11.9 x 6 x 4.7 cm (4 11/16 x 2 3/8 x 1 7/8 in.)
entity:artifact:2:175400,dimensions,3.7 x 3 cm (1 7/16 x 1 3/16 in.)
entity:artifact:2:175403,dimensions,H. 8.4 x Diam. 22.1 cm (3 5/16 x 8 11/16 in.)
entity:artifact:2:175805,dimensions,6.4 x 3.4 cm (2 1/2 x 1 5/16 in.)
entity:artifact:2:175806,dimensions,5.7 x 4.6 cm (2 1/4 x 1 13/16 in.)
entity:artifact:2:175807,dimensions,7.6 x 4.3 x 3.4 cm (3 x 1 11/16 x 1 5/16 in.)
entity:artifact:2:175808,dimensions,15.9 x 11 x 4.2 cm (6 1/4 x 4 5/16 x 1 5/8 in.)
entity:artifact:2:175809,dimensions,10.7 x 5.9 x 4.1 cm (4 3/16 x 2 5/16 x 1 5/8 in.)
entity:artifact:2:176272,dimensions,with cover: H. 20.7 x Diam. 19.2 cm (8 1/8 x 7 9/16 in.)
entity:artifact:2:176273,dimensions,with cover: H. 4.8 x Diam. 8.5 cm (1 7/8 x 3 3/8 in.)
entity:artifact:2:176274,dimensions,H. 42.5 x W. (across handles) 44.9 x Diam. 42.5 cm (16 3/4 x 17 11/16 x 16 3/4 in.)
entity:artifact:2:176275,dimensions,1.6 x 7.5 x 3.5 cm (5/8 x 2 15/16 x 1 3/8 in.)
entity:artifact:2:176276,dimensions,4 x 6 cm (1 9/16 x 2 3/8 in.)
entity:artifact:2:176277,dimensions,3.1 x 6.3 x 4 cm (1 1/4 x 2 1/2 x 1 9/16 in.)
entity:artifact:2:176278,dimensions,5 x 4.7 cm (1 15/16 x 1 7/8 in.)
entity:artifact:2:176279,dimensions,7.2 x 8.5 cm (2 13/16 x 3 3/8 in.)
entity:artifact:2:176359,dimensions,4.4 x 10.2 cm (1 3/4 x 4 in.)
entity:artifact:2:176360,dimensions,H. 22.7 x Diam. 31.5 cm (8 15/16 x 12 3/8 in.)
entity:artifact:2:176362,dimensions,H. 17.8 x Diam. 11 cm (7 x 4 5/16 in.)
entity:artifact:2:176363,dimensions,87.4 x 30 x 18 cm (34 7/16 x 11 13/16 x 7 1/16 in.)
entity:artifact:2:176365,dimensions,H. 42.2 x Diam. 38.2 cm (16 5/8 x 15 1/16 in.)
entity:artifact:2:176366,dimensions,H. 34.2 x Diam. 24.6 cm (13 7/16 x 9 11/16 in.)
entity:artifact:2:176367,dimensions,6 x 5.2 cm (2 3/8 x 2 1/16 in.)
entity:artifact:2:176368,dimensions,8 x 3.9 cm (3 1/8 x 1 9/16 in.)
entity:artifact:2:176369,dimensions,5.6 x 4.9 x 6.8 cm (2 3/16 x 1 15/16 x 2 11/16 in.)
entity:artifact:2:176655,dimensions,H. 59.3 x Diam. 24.9 x W. 25.8 cm (23 3/8 x 9 13/16 x 10 3/16 in.)
entity:artifact:2:176656,dimensions,3.9 x 16.8 cm (1 9/16 x 6 5/8 in.)
entity:artifact:2:176657,dimensions,H. 4.2 x Diam. 10.3 cm (1 5/8 x 4 1/16 in.)
entity:artifact:2:176658,dimensions,6.9 x 17.9 cm (2 11/16 x 7 1/16 in.)
entity:artifact:2:176659,dimensions,H. 26.2 x Diam. 10.5 cm (10 5/16 x 4 1/8 in.)
entity:artifact:2:176660,dimensions,2.8 x 10.3 x 7.1 cm (1 1/8 x 4 1/16 x 2 13/16 in.)
entity:artifact:2:176661,dimensions,2.5 x 8.4 x 3.9 cm (1 x 3 5/16 x 1 9/16 in.)
entity:artifact:2:176662,dimensions,7.5 x 6.2 x 3.9 cm (2 15/16 x 2 7/16 x 1 9/16 in.)
entity:artifact:2:176663,dimensions,12.3 x 6.2 x 9.1 cm (4 13/16 x 2 7/16 x 3 9/16 in.)
entity:artifact:2:176664,dimensions,11.3 x 8 cm (4 7/16 x 3 1/8 in.)
entity:artifact:2:176893,dimensions,H. 27.1 x Diam. 24.1 cm (10 11/16 x 9 1/2 in.)
entity:artifact:2:176894,dimensions,H. 38.8 x W. (across handles) 41.5 x Diam. 37 cm (15 1/4 x 16 5/16 x 14 9/16 in.)
entity:artifact:2:176895,dimensions,H. 35.5 x W. 34.5 (across handles) x Diam. 31 cm (14 x 13 9/16 x 12 3/16 in.)
entity:artifact:2:176896,dimensions,H. 11.2 x W. 10.3 (across handles) x Diam. 10.1 cm (4 7/16 x 4 1/16 x 4 in.)
entity:artifact:2:176897,dimensions,H. 40.8 x Diam. 35.5 cm (16 1/16 x 14 in.)
entity:artifact:2:176898,dimensions,H. 9.8 x Diam. 12.5 cm (3 7/8 x 4 15/16 in.)
entity:artifact:2:176899,dimensions,12.6 x 12.3 x 14.2 cm (4 15/16 x 4 13/16 x 5 9/16 in.)
entity:artifact:2:176900,dimensions,2.5 x 8.4 x 3.9 cm (1 x 3 5/16 x 1 9/16 in.)
entity:artifact:2:176901,dimensions,7.5 x 6.8 cm (2 15/16 x 2 11/16 in.)
entity:artifact:2:176902,dimensions,4 x 2.2 x 3.4 cm (1 9/16 x 7/8 x 1 5/16 in.)
entity:artifact:2:176954,dimensions,H. 11.2 x Diam. 12.1 cm (4 7/16 x 4 3/4 in.)
entity:artifact:2:176955,dimensions,H. 19.8 x W. (across handles) 20.1 x Diam. 20.6 cm (7 13/16 x 7 15/16 x 8 1/8 in.)
entity:artifact:2:176956,dimensions,H. 22.8 x W. 222.5 x D. 18.4 cm (9 x 87 5/8 x 7 1/4 in.)
entity:artifact:2:176957,dimensions,H. 21 x W. (across handles) 17.3 x Diam. 13.2 cm (8 1/4 x 6 13/16 x 5 3/16 in.)
entity:artifact:2:176958,dimensions,"painting proper: H. 144.6 x W. 36.9 cm (56 15/16 x 14 1/2 in.)
mounting, including cord and roller ends: H. 287 x W. 69.9 cm (113 x 27 1/2 in.)"
entity:artifact:2:176960,dimensions,9.4 x 11.5 cm (3 11/16 x 4 1/2 in.)
entity:artifact:2:176962,dimensions,with cover: H. 22.9 x Diam. 21.5 cm (9 x 8 7/16 in.)
entity:artifact:2:176963,dimensions,4.9 x 11.7 cm (1 15/16 x 4 5/8 in.)
entity:artifact:2:176964,dimensions,H. 10.8 x Diam. 16 cm (4 1/4 x 6 5/16 in.)
entity:artifact:2:176965,dimensions,H. 13.3 x W. 12.5 x Diam. 15.9 cm (5 1/4 x 4 15/16 x 6 1/4 in.)
entity:artifact:2:176966,dimensions,H. 12.5 x Diam. 12.2 cm (4 15/16 x 4 13/16 in.)
entity:artifact:2:176967,dimensions,H. 23.5 x W. 22 x Diam. 19.9 cm (9 1/4 x 8 11/16 x 7 13/16 in.)
entity:artifact:2:176968,dimensions,H. 28.8 x W. (across handles) 31 x Diam. 27.2 cm (11 5/16 x 12 3/16 x 10 11/16 in.)
entity:artifact:2:176969,dimensions,H. 7.9 x Diam. 14.2 cm (3 1/8 x 5 9/16 in.)
entity:artifact:2:176970,dimensions,H. 5.8 x Diam. 6.2 cm (2 5/16 x 2 7/16 in.)
entity:artifact:2:176971,dimensions,H. 17.8 x W. (across legs) 18.9 x Diam. 16.8 cm (7 x 7 7/16 x 6 5/8 in.)
entity:artifact:2:176972,dimensions,H. 28.4 x Diam. 16 cm (11 3/16 x 6 5/16 in.)
entity:artifact:2:176993,dimensions,1.4 x 8.5 cm (9/16 x 3 3/8 in.)
entity:artifact:2:176994,dimensions,H. 32.5 x W. (across handles) 18.5 x Diam. 17 cm (12 13/16 x 7 5/16 x 6 11/16 in.)
entity:artifact:2:176995,dimensions,H. 13.3 x W. (across handles) 14.2 x Diam. 13.4 cm (5 1/4 x 5 9/16 x 5 1/4 in.)
entity:artifact:2:176996,dimensions,H. 16 x W. (across legs) 19.3 x Diam. 20 cm (6 5/16 x 7 5/8 x 7 7/8 in.)
entity:artifact:2:176997,dimensions,with cover: H. 16 x Diam. 9.4 cm (6 5/16 x 3 11/16 in.)
entity:artifact:2:177002,dimensions,H. 6.6 x Diam. 19.4 cm (2 5/8 x 7 5/8 in.)
entity:artifact:2:178067,dimensions,1.1 g
entity:artifact:2:178068,dimensions,"weight: 3.86 g, diameter: 2.4 cm (15/16 in.)"
entity:artifact:2:178612,dimensions,2.1 x 6.3 x 3.8 cm (13/16 x 2 1/2 x 1 1/2 in.)
entity:artifact:2:178613,dimensions,2.2 x 8.1 cm (7/8 x 3 3/16 in.)
entity:artifact:2:178614,dimensions,H. 24.7 x W. 27.1 x D. 26.5 cm (9 3/4 x 10 11/16 x 10 7/16 in.)
entity:artifact:2:178615,dimensions,H. 13 x W. (across handles) 15.5 x Diam. 12.6 cm (5 1/8 x 6 1/8 x 4 15/16 in.)
entity:artifact:2:178616,dimensions,H. 25.5 x Diam. 20.4 cm (10 1/16 x 8 1/16 in.)
entity:artifact:2:178617,dimensions,H. 5 x W. (across handle) 11.5 x Diam. 11.1 cm (1 15/16 x 4 1/2 x 4 3/8 in.)
entity:artifact:2:178618,dimensions,H. 23.8 x W. 27 x D. 18 cm (9 3/8 x 10 5/8 x 7 1/16 in.)
entity:artifact:2:179575,dimensions,2.6 x 11.8 cm (1 x 4 5/8 in.)
entity:artifact:2:179580,dimensions,H. 3.3 x Diam. 12.4 cm (1 5/16 x 4 7/8 in.)
entity:artifact:2:179581,dimensions,H. 3.3 x Diam. 12 cm (1 5/16 x 4 3/4 in.)
entity:artifact:2:179582,dimensions,1.2 x 8.7 cm (1/2 x 3 7/16 in.)
entity:artifact:2:179583,dimensions,2.9 x 14.7 x 9 cm (1 1/8 x 5 13/16 x 3 9/16 in.)
entity:artifact:2:179584,dimensions,1.3 x 8.7 cm (1/2 x 3 7/16 in.)
entity:artifact:2:179585,dimensions,1.3 x 8.6 cm (1/2 x 3 3/8 in.)
entity:artifact:2:179586,dimensions,4.7 x 11.2 cm (1 7/8 x 4 7/16 in.)
entity:artifact:2:179597,dimensions,3.8 x 8.3 x 5.1 cm (1 1/2 x 3 1/4 x 2 in.)
entity:artifact:2:179605,dimensions,1.4 x 8.6 cm (9/16 x 3 3/8 in.)
entity:artifact:2:179606,dimensions,3.5 x 15.5 x 11.5 cm (1 3/8 x 6 1/8 x 4 1/2 in.)
entity:artifact:2:179607,dimensions,2.6 x 6.8 x 4.2 cm (1 x 2 11/16 x 1 5/8 in.)
entity:artifact:2:179608,dimensions,1.3 x 8.8 cm (1/2 x 3 7/16 in.)
entity:artifact:2:180588,dimensions,"max.: H. 4.2 × Diam. 8.4 cm (1 5/8 × 3 5/16 in.)
foot: Diam. 3.1 cm (1 1/4 in.)"
entity:artifact:2:180589,dimensions,6.7 x 8.3 cm (2 5/8 x 3 1/4 in.)
entity:artifact:2:180590,dimensions,2.7 x 10.3 cm (1 1/16 x 4 1/16 in.)
entity:artifact:2:180591,dimensions,2.7 x 13.4 cm (1 1/16 x 5 1/4 in.)
entity:artifact:2:180592,dimensions,6.7 x 6.7 cm (2 5/8 x 2 5/8 in.)
entity:artifact:2:180593,dimensions,with cover: H. 5.4 × Diam. 13.1 cm (2 1/8 × 5 3/16 in.)
entity:artifact:2:180594,dimensions,2.8 x 13.4 cm (1 1/8 x 5 1/4 in.)
entity:artifact:2:180595,dimensions,2.6 x 13.4 cm (1 x 5 1/4 in.)
entity:artifact:2:180730,dimensions,6.7 x 6.9 cm (2 5/8 x 2 11/16 in.)
entity:artifact:2:180731,dimensions,16.5 x 6.8 cm (6 1/2 x 2 11/16 in.)
entity:artifact:2:180732,dimensions,H. 21.8 x Diam. 13.1 cm (8 9/16 x 5 3/16 in.)
entity:artifact:2:180733,dimensions,2.5 x 6.2 x 3.9 cm (1 x 2 7/16 x 1 9/16 in.)
entity:artifact:2:180734,dimensions,7.9 x 13.2 cm (3 1/8 x 5 3/16 in.)
entity:artifact:2:180735,dimensions,with cover: H. 12.8 × W. (across spout) 12 × Diam. 9.6 cm (5 1/16 × 4 3/4 × 3 3/4 in.)
entity:artifact:2:181756,dimensions,3.73 g
entity:artifact:2:182174,dimensions,H. 41.9 x W. 43.5 x D. 23.6 cm (16 1/2 x 17 1/8 x 9 5/16 in.)
entity:artifact:2:182232,dimensions,H. 3 x Diam. 14.4 cm (1 3/16 x 5 11/16 in.)
entity:artifact:2:182233,dimensions,6.5 x 21.6 cm (2 9/16 x 8 1/2 in.)
entity:artifact:2:182234,dimensions,3 x 15 cm (1 3/16 x 5 7/8 in.)
entity:artifact:2:182235,dimensions,H. 2.6 × Diam. 6.3 × W. (across spout) 6.9 cm (1 × 2 1/2 × 2 11/16 in.)
entity:artifact:2:182236,dimensions,4 x 19 cm (1 9/16 x 7 1/2 in.)
entity:artifact:2:182237,dimensions,9.3 x 13.5 cm (3 11/16 x 5 5/16 in.)
entity:artifact:2:182242,dimensions,4.8 x 8.7 cm (1 7/8 x 3 7/16 in.)
entity:artifact:2:182243,dimensions,2.5 x 10.9 cm (1 x 4 5/16 in.)
entity:artifact:2:182244,dimensions,4 x 9 cm (1 9/16 x 3 9/16 in.)
entity:artifact:2:182245,dimensions,7.5 x 13.2 cm (2 15/16 x 5 3/16 in.)
entity:artifact:2:182246,dimensions,7.4 x 20.9 cm (2 15/16 x 8 1/4 in.)
entity:artifact:2:182247,dimensions,5.8 x 9.3 cm (2 5/16 x 3 11/16 in.)
entity:artifact:2:182443,dimensions,H. 30.9 x Diam. 22.1 cm (12 3/16 x 8 11/16 in.)
entity:artifact:2:182444,dimensions,H. 18.4 x Diam. 12.3 cm (7 1/4 x 4 13/16 in.)
entity:artifact:2:182445,dimensions,H. 17.3 x W. 14.4 cm (6 13/16 x 5 11/16 in.)
entity:artifact:2:182446,dimensions,H. 12.2 x W. (across handle) 19.9 x Diam. 16.8 cm (4 13/16 x 7 13/16 x 6 5/8 in.)
entity:artifact:2:182448,dimensions,6 x 14.7 cm (2 3/8 x 5 13/16 in.)
entity:artifact:2:182449,dimensions,H. 11.5 x Diam. 10 cm (4 1/2 x 3 15/16 in.)
entity:artifact:2:182450,dimensions,H. 7.3 x Diam. 12.7 cm (2 7/8 x 5 in.)
entity:artifact:2:182452,dimensions,H. 15.6 x W. (across handles) 21.6 x Diam. 18.7 cm (6 1/8 x 8 1/2 x 7 3/8 in.)
entity:artifact:2:182453,dimensions,H. 36.2 x Diam. 20 cm (14 1/4 x 7 7/8 in.)
entity:artifact:2:182454,dimensions,H. 21.5 x Diam. 17.2 cm (8 7/16 x 6 3/4 in.)
entity:artifact:2:182455,dimensions,H. 5.7 x Diam. 13.5 cm (2 1/4 x 5 5/16 in.)
entity:artifact:2:182456,dimensions,H. 19.9 x W. (across handles) 17 cm (7 13/16 x 6 11/16 in.)
entity:artifact:2:182460,dimensions,H. 23.4 x Diam. 8.8 cm (9 3/16 x 3 7/16 in.)
entity:artifact:2:182461,dimensions,H. 16 x Diam. 14.6 cm (6 5/16 x 5 3/4 in.)
entity:artifact:2:182462,dimensions,with cover: H. 24.2 x Diam. 20.5 cm (9 1/2 x 8 1/16 in.)
entity:artifact:2:182487,dimensions,H. 20.1 x W. (across handles) 15.4 x Diam. 13.6 cm (7 15/16 x 6 1/16 x 5 3/8 in.)
entity:artifact:2:182488,dimensions,H. 9.2 x Diam. 15.3 cm (3 5/8 x 6 in.)
entity:artifact:2:182489,dimensions,H. 28.7 x Diam. 35.4 cm (11 5/16 x 13 15/16 in.)
entity:artifact:2:182490,dimensions,5.8 x 6.3 cm (2 5/16 x 2 1/2 in.)
entity:artifact:2:182491,dimensions,including cover: H. 6.4 x Diam. 10.6 cm (2 1/2 x 4 3/16 in.)
entity:artifact:2:182492,dimensions,H. 13.8 x Diam. 12.7 cm (5 7/16 x 5 in.)
entity:artifact:2:182524,dimensions,H. 12.8 x Diam. 23.3 cm (5 1/16 x 9 3/16 in.)
entity:artifact:2:182526,dimensions,H. 26.4 x W. 13 x L. 30 cm (10 3/8 x 5 1/8 x 11 13/16 in.)
entity:artifact:2:182527,dimensions,H. 18.6 x Diam. 15.2 cm (7 5/16 x 6 in.)
entity:artifact:2:182528,dimensions,H. 18.6 x Diam. 15.5 cm (7 5/16 x 6 1/8 in.)
entity:artifact:2:182529,dimensions,H. 31.4 x Diam. 21 cm (12 3/8 x 8 1/4 in.)
entity:artifact:2:182530,dimensions,with cover: H. 12.8 x Diam. 13.6 cm (5 1/16 x 5 3/8 in.)
entity:artifact:2:182595,dimensions,H. 13 x Diam. 11.9 cm (5 1/8 x 4 11/16 in.)
entity:artifact:2:182596,dimensions,H. 11 x Diam. 12.5 cm (4 5/16 x 4 15/16 in.)
entity:artifact:2:182605,dimensions,H. 24.4 x W. (across handles) 15.7 x Diam. 13.2 cm (9 5/8 x 6 3/16 x 5 3/16 in.)
entity:artifact:2:182606,dimensions,H. 16.3 x Diam. 12.9 cm (6 7/16 x 5 1/16 in.)
entity:artifact:2:182607,dimensions,H. 27 x Diam. 21.1 cm (10 5/8 x 8 5/16 in.)
entity:artifact:2:182655,dimensions,H. 32.2 x Diam. 21.5 cm (12 11/16 x 8 7/16 in.)
entity:artifact:2:18384,dimensions,34.5 x 13 x 19.5 cm (13 9/16 x 5 1/8 x 7 11/16 in.)
entity:artifact:2:18385,dimensions,23.5 x 6.5 x 7 cm (9 1/4 x 2 9/16 x 2 3/4 in.)
entity:artifact:2:18386,dimensions,ensemble: H. 43.5 cm (17 1/8 in.)
entity:artifact:2:18387,dimensions,greatest dimen.: 31 cm (12 3/16 in.)
entity:artifact:2:184431,dimensions,2.87 g
entity:artifact:2:185032,dimensions,H. 7.4 x Diam. 8.9 cm (2 15/16 x 3 1/2 in.)
entity:artifact:2:185033,dimensions,H. 7.4 x Diam. 8.9 cm (2 15/16 x 3 1/2 in.)
entity:artifact:2:185034,dimensions,H. 3.2 x Diam. 14.6 cm (1 1/4 x 5 3/4 in.)
entity:artifact:2:185035,dimensions,H. 6.5 x Diam. 21.7 cm (2 9/16 x 8 9/16 in.)
entity:artifact:2:185127,dimensions,H. 33.6 x Diam. 24.7 cm (13 1/4 x 9 3/4 in.)
entity:artifact:2:185128,dimensions,H. 12 x W. 16.1 cm (4 3/4 x 6 5/16 in.)
entity:artifact:2:185129,dimensions,H. 11.6 x W. (across handle) 13.6 x Diam. 11.8 cm (4 9/16 x 5 3/8 x 4 5/8 in.)
entity:artifact:2:185449,dimensions,H. 7.4 x Diam. 8.9 cm (2 15/16 x 3 1/2 in.)
entity:artifact:2:185450,dimensions,"max.: H. 22 × mouth Diam. 15 cm (8 11/16 × 5 7/8 in.)
base: Diam. 10.5 cm (4 1/8 in.)"
entity:artifact:2:185451,dimensions,with cover: H. 44 x Diam. 28.5 cm (17 5/16 x 11 1/4 in.)
entity:artifact:2:185452,dimensions,H. 37.8 x Diam. (top) 16.4 cm (14 7/8 x 6 7/16 in.)
entity:artifact:2:185453,dimensions,H. 16.4 x W. 11 cm (6 7/16 x 4 5/16 in.)
entity:artifact:2:185759,dimensions,H. 11.7 x Diam. 15.2 cm (4 5/8 x 6 in.)
entity:artifact:2:185760,dimensions,H. 7.4 x Diam. 8.9 cm (2 15/16 x 3 1/2 in.)
entity:artifact:2:185761,dimensions,H. 7.4 x Diam. 8.9 cm (2 15/16 x 3 1/2 in.)
entity:artifact:2:185762,dimensions,H. 5.2 x Diam. 7.5 cm (2 1/16 x 2 15/16 in.)
entity:artifact:2:185763,dimensions,H. 8.4 x Diam. 9.6 cm (3 5/16 x 3 3/4 in.)
entity:artifact:2:185764,dimensions,H. 12.6 x Diam. 13.4 cm (4 15/16 x 5 1/4 in.)
entity:artifact:2:186302,dimensions,65 x 170 cm (25 9/16 x 66 15/16 in.)
entity:artifact:2:186658,dimensions,H. 42.7 x W. 43.8 x D. 24.5 cm (16 13/16 x 17 1/4 x 9 5/8 in.)
entity:artifact:2:186659,dimensions,H. 33.2 x Diam. 22 cm (13 1/16 x 8 11/16 in.)
entity:artifact:2:186742,dimensions,H. 4.2 x Diam. 9.8 cm (1 5/8 x 3 7/8 in.)
entity:artifact:2:186744,dimensions,H. 15.9 x W. 14.6 x Diam. 11.6 cm (6 1/4 x 5 3/4 x 4 9/16 in.)
entity:artifact:2:186745,dimensions,H. 5.8 x Diam. 25.8 cm (2 5/16 x 10 3/16 in.)
entity:artifact:2:186746,dimensions,with cover: H. 43.7 x Diam. 28.4 cm (17 3/16 x 11 3/16 in.)
entity:artifact:2:186747,dimensions,H. 27.7 x Diam. 21.1 cm (10 7/8 x 8 5/16 in.)
entity:artifact:2:186931,dimensions,H. 27.3 x Diam. 17.5 cm (10 3/4 x 6 7/8 in.) (with cover)
entity:artifact:2:186932,dimensions,H. 13.4 x W. 15.9 cm (5 1/4 x 6 1/4 in.)
entity:artifact:2:186933,dimensions,H. 6 x W. 7.3 cm (2 3/8 x 2 7/8 in.)
entity:artifact:2:186934,dimensions,H. 25.8 x Diam. 24.1 cm (10 3/16 x 9 1/2 in.)
entity:artifact:2:186935,dimensions,H. 7.4 x Diam. 17 cm (2 15/16 x 6 11/16 in.)
entity:artifact:2:187002,dimensions,H. 4.9 x Diam. 26.5 cm (1 15/16 x 10 7/16 in.)
entity:artifact:2:187003,dimensions,H. 13.1 x Diam. 13.7 cm (5 3/16 x 5 3/8 in.)
entity:artifact:2:187004,dimensions,with cover: H. 3.4 x Diam. 9.3 cm (1 5/16 x 3 11/16 in.)
entity:artifact:2:187005,dimensions,H. 8.8 x Diam. 19.7 cm (3 7/16 x 7 3/4 in.)
entity:artifact:2:187274,dimensions,H. 5.4 x W. 6.8 cm (2 1/8 x 2 11/16 in.)
entity:artifact:2:187275,dimensions,4.3 x 5.3 cm (1 11/16 x 2 1/16 in.)
entity:artifact:2:18758,dimensions,31 x 28.5 x 14.5 cm (12 3/16 x 11 1/4 x 5 11/16 in.)
entity:artifact:2:18759,dimensions,each figure: H. 27.5 x W. 8 x D. 7.5 cm (10 13/16 x 3 1/8 x 2 15/16 in.)
entity:artifact:2:187802,dimensions,H. 22.4 x Diam. 22.4 cm (8 13/16 x 8 13/16 in.)
entity:artifact:2:188082,dimensions,H. 42.5 x Diam. 37.6 cm (16 3/4 x 14 13/16 in.)
entity:artifact:2:188083,dimensions,H. 43.3 x Diam. 37.2 cm (17 1/16 x 14 5/8 in.)
entity:artifact:2:188084,dimensions,H. 10.7 x Diam. 14.6 cm (4 3/16 x 5 3/4 in.)
entity:artifact:2:188085,dimensions,H. 10.2 x Diam. 20.4 cm (4 x 8 1/16 in.)
entity:artifact:2:188153,dimensions,H. 27.6 x Diam. 34.8 cm (10 7/8 x 13 11/16 in.)
entity:artifact:2:188154,dimensions,H. 36.2 x W. (across handles) 41.8 x Diam. 35.6 cm (14 1/4 x 16 7/16 x 14 in.)
entity:artifact:2:188155,dimensions,H. 6.5 x Diam. 20.2 cm (2 9/16 x 7 15/16 in.)
entity:artifact:2:188156,dimensions,H. 6 x W. 8.2 cm (2 3/8 x 3 1/4 in.)
entity:artifact:2:188157,dimensions,H. 6.4 x W. 6.4 cm (2 1/2 x 2 1/2 in.)
entity:artifact:2:188169,dimensions,H. 4.6 x Diam. 8.9 cm (1 13/16 x 3 1/2 in.)
entity:artifact:2:18856,dimensions,"H. 3.2 x W. 1.9 x D. 0.2 cm (1 1/4 x 3/4 x 1/16 in.)
Weight 2 g"
entity:artifact:2:18857,dimensions,greatest dimen.: 38.5 cm (15 3/16 in.)
entity:artifact:2:188954,dimensions,H. 18.9 x Diam. 11.3 cm (7 7/16 x 4 7/16 in.)
entity:artifact:2:189064,dimensions,H. (with cover) 2.9 x Diam. 4.8 cm (1 1/8 x 1 7/8 in.)
entity:artifact:2:189065,dimensions,including cover: H. 3.4 x Diam. 6.7 cm (1 5/16 x 2 5/8 in.)
entity:artifact:2:189066,dimensions,H. (with cover) 2.6 x Diam. 4.2 cm (1 x 1 5/8 in.)
entity:artifact:2:189067,dimensions,H. 29 x L. 50 x W. 30.5 cm (11 7/16 x 19 11/16 x 12 in.)
entity:artifact:2:189098,dimensions,"painting proper: H. 132.1 x W. 43.5 cm (52 x 17 1/8 in.)
mounting, including cord and roller ends: H. 242.6 x W. 66.7 cm (95 1/2 x 26 1/4 in.)"
entity:artifact:2:189099,dimensions,H. 4.5 x Diam. 11.8 cm (1 3/4 x 4 5/8 in.)
entity:artifact:2:189158,dimensions,H. 7.7 x Diam. 10.4 cm (3 1/16 x 4 1/8 in.)
entity:artifact:2:189159,dimensions,with cover: H. 3.3 x Diam. 5 cm (1 5/16 x 1 15/16 in.)
entity:artifact:2:189160,dimensions,9 x 11.7 cm (3 9/16 x 4 5/8 in.)
entity:artifact:2:189161,dimensions,H. 42.3 x W. 45.5 x Diam. 42 cm (16 5/8 x 17 15/16 x 16 9/16 in.)
entity:artifact:2:189162,dimensions,H. 3.3 x L. 12.7 x W. 9.8 cm (1 5/16 x 5 x 3 7/8 in.)
entity:artifact:2:189163,dimensions,H. 12.5 x L. 15.2 x W. 6.6 cm (4 15/16 x 6 x 2 5/8 in.)
entity:artifact:2:189165,dimensions,including cover: H. 4.5 x Diam. 11 cm (1 3/4 x 4 5/16 in.)
entity:artifact:2:189200,dimensions,H. 20 x W. 11 x D. 11 cm (7 7/8 x 4 5/16 x 4 5/16 in.)
entity:artifact:2:189201,dimensions,9.1 x 17.8 x 11.3 cm (3 9/16 x 7 x 4 7/16 in.)
entity:artifact:2:189202,dimensions,H. 5 x Diam. 15.2 cm (1 15/16 x 6 in.)
entity:artifact:2:189203,dimensions,including cover: H. 3.8 x Diam. 7.4 cm (1 1/2 x 2 15/16 in.)
entity:artifact:2:189204,dimensions,H. 11 x L.14.1 x W. 9 cm (4 5/16 x 5 9/16 x 3 9/16 in.)
entity:artifact:2:189205,dimensions,H. 14.3 x Diam. 10.9 cm (5 5/8 x 4 5/16 in.)
entity:artifact:2:189219,dimensions,43 x 35 x 3 cm (16 15/16 x 13 3/4 x 1 3/16 in.)
entity:artifact:2:189235,dimensions,H. 34 x Diam. 41.3 cm (13 3/8 x 16 1/4 in.)
entity:artifact:2:189432,dimensions,4.6 x 6.2 cm (1 13/16 x 2 7/16 in.)
entity:artifact:2:189465,dimensions,"each painting: 16.6 x 22.1 cm (6 9/16 x 8 11/16 in.)
overall: 20 x 27 cm (7 7/8 x 10 5/8 in.)"
entity:artifact:2:189565,dimensions,H. 17.2 x Diam. 11.9 cm (6 3/4 x 4 11/16 in.)
entity:artifact:2:189739,dimensions,H. 34.1 x Diam. 32.4 cm (13 7/16 x 12 3/4 in.)
entity:artifact:2:189837,dimensions,41 cm (16 1/8 in.)
entity:artifact:2:189839,dimensions,24 cm (9 7/16 in.)
entity:artifact:2:189840,dimensions,40.6 cm (16 in.)
entity:artifact:2:189841,dimensions,24.1 x 39.9 cm (9 1/2 x 15 11/16 in.)
entity:artifact:2:189843,dimensions,32.4 cm (12 3/4 in.)
entity:artifact:2:189844,dimensions,"painting proper: H. 28.1 x W. 183.3 cm (11 1/16 x 72 3/16 in.)
with mounting: H. 32.4 cm (12 3/4 in.)"
entity:artifact:2:190122,dimensions,38.8 cm (15 1/4 in.)
entity:artifact:2:190125,dimensions,"painting proper: 68.2 x 32.9 cm (26 7/8 x 12 15/16 in.)
with mounting: 106.8 x 51 cm (42 1/16 x 20 1/16 in.)"
entity:artifact:2:190136,dimensions,36 cm (14 3/16 in.)
entity:artifact:2:190137,dimensions,H. 26.5 x W. 16.5 cm (10 7/16 x 6 1/2 in.)
entity:artifact:2:190138,dimensions,"H. 29.9 cm (11 3/4 in.)
mounting: H. 35.8 cm (14 1/8 in.)"
entity:artifact:2:190139,dimensions,29.7 cm (11 11/16 in.)
entity:artifact:2:190142,dimensions,34.5 cm (13 9/16 in.)
entity:artifact:2:190144,dimensions,33.6 cm (13 1/4 in.)
entity:artifact:2:190145,dimensions,"painting proper: H. 28.9 x L. 477.6 cm (11 3/8 x 188 in.)
with mount: H. 31.6 cm (12 7/16 in.)"
entity:artifact:2:190147,dimensions,"painting proper: H. 24 × W. 272.8 cm (9 7/16 × 107 3/8 in.)
with mounting: H. 25 cm (9 13/16 in.)"
entity:artifact:2:190148,dimensions,39.5 cm (15 9/16 in.)
entity:artifact:2:190156,dimensions,3.7 x 4.9 cm (1 7/16 x 1 15/16 in.)
entity:artifact:2:190157,dimensions,3.5 x 5.3 cm (1 3/8 x 2 1/16 in.)
entity:artifact:2:190158,dimensions,2.5 x 1.9 cm (1 x 3/4 in.)
entity:artifact:2:190159,dimensions,H. 29.9 x Diam. 25 cm (11 3/4 x 9 13/16 in.)
entity:artifact:2:190160,dimensions,H. 3.7 x L. 10.3 x W. 7.8 cm (1 7/16 x 4 1/16 x 3 1/16 in.)
entity:artifact:2:190161,dimensions,H. 19.2 x Diam. 18 cm (7 9/16 x 7 1/16 in.)
entity:artifact:2:190162,dimensions,H. 10 x Diam. 15.5 cm (3 15/16 x 6 1/8 in.)
entity:artifact:2:190163,dimensions,H. 34.6 x Diam. 27 cm (13 5/8 x 10 5/8 in.)
entity:artifact:2:190164,dimensions,H. 8.5 x W. 23.8 x D. 10.6 cm (3 3/8 x 9 3/8 x 4 3/16 in.)
entity:artifact:2:190165,dimensions,H. 26.2 x Diam. 37.9 x W. 34.5 cm (10 5/16 x 14 15/16 x 13 9/16 in.) (across handles)
entity:artifact:2:190167,dimensions,32.3 cm (12 11/16 in.)
entity:artifact:2:190168,dimensions,35.4 x 28.6 cm (13 15/16 x 11 1/4 in.)
entity:artifact:2:190169,dimensions,35.7 cm (14 1/16 in.)
entity:artifact:2:190170,dimensions,H. 29.2 × W. 38.7 cm (11 1/2 × 15 1/4 in.)
entity:artifact:2:190184,dimensions,"painting proper: H. 27.3 cm (10 3/4 in.)
with mounting: H. 34.3 cm (13 1/2 in.)"
entity:artifact:2:190185,dimensions,"painting proper: H. 30.9 cm (12 3/16 in.)
silk mount: H. 33.9 cm (13 3/8 in.)"
entity:artifact:2:190201,dimensions,4.8 x 10.5 x 4 cm (1 7/8 x 4 1/8 x 1 9/16 in.)
entity:artifact:2:190202,dimensions,3.1 x 5.8 x 2.5 cm (1 1/4 x 2 5/16 x 1 in.)
entity:artifact:2:190203,dimensions,4.7 x 6.8 x 7.5 cm (1 7/8 x 2 11/16 x 2 15/16 in.)
entity:artifact:2:190209,dimensions,H. 9.6 x L. 28.6 x W. 20 cm (3 3/4 x 11 1/4 x 7 7/8 in.)
entity:artifact:2:190213,dimensions,2.8 x 4.6 x 5.1 cm (1 1/8 x 1 13/16 x 2 in.)
entity:artifact:2:190214,dimensions,3.1 x 2.5 cm (1 1/4 x 1 in.)
entity:artifact:2:190215,dimensions,3.5 x 5.1 cm (1 3/8 x 2 in.)
entity:artifact:2:190216,dimensions,3.7 x 3.7 cm (1 7/16 x 1 7/16 in.)
entity:artifact:2:190217,dimensions,H. 33.5 x Diam. 22.2 cm (13 3/16 x 8 3/4 in.)
entity:artifact:2:190218,dimensions,H. 2.4 x Diam. 13.2 cm (15/16 x 5 3/16 in.)
entity:artifact:2:190471,dimensions,H. 33 x Diam. 18.3 cm (13 x 7 3/16 in.)
entity:artifact:2:190472,dimensions,H. 9.3 x Diam. 15 cm (3 11/16 x 5 7/8 in.)
entity:artifact:2:190506,dimensions,3.1 x 3.1 cm (1 1/4 x 1 1/4 in.)
entity:artifact:2:190507,dimensions,4 x 2.5 cm (1 9/16 x 1 in.)
entity:artifact:2:190809,dimensions,H. 10.9 x Diam. 17.9 cm (4 5/16 x 7 1/16 in.)
entity:artifact:2:190810,dimensions,H. (with cover) 6.5 x Diam. 7 cm (2 9/16 x 2 3/4 in.)
entity:artifact:2:190811,dimensions,H. 26.7 x W. 13.6 x D. 19.2 cm (10 1/2 x 5 3/8 x 7 9/16 in.)
entity:artifact:2:190813,dimensions,3.3 x 1.9 cm (1 5/16 x 3/4 in.)
entity:artifact:2:190814,dimensions,5.4 x 5.3 cm (2 1/8 x 2 1/16 in.)
entity:artifact:2:190815,dimensions,3.3 x 11.2 x 5 cm (1 5/16 x 4 7/16 x 1 15/16 in.)
entity:artifact:2:190816,dimensions,7.8 x 5.6 cm (3 1/16 x 2 3/16 in.)
entity:artifact:2:190850,dimensions,H. 39.5 x W. 44.5 x D. 30.7 cm (15 9/16 x 17 1/2 x 12 1/16 in.)
entity:artifact:2:190851,dimensions,with cover: H. 6.8 x Diam. 15.8 cm (2 11/16 x 6 1/4 in.)
entity:artifact:2:190853,dimensions,29.6 x 31.1 cm (11 5/8 x 12 1/4 in.)
entity:artifact:2:190854,dimensions,H. 19.6 x L. 34.2 x D. 16.3 cm (7 11/16 x 13 7/16 x 6 7/16 in.)
entity:artifact:2:190916,dimensions,4.4 x 11 x 9.5 cm (1 3/4 x 4 5/16 x 3 3/4 in.)
entity:artifact:2:190917,dimensions,7.1 x 12 x 5.3 cm (2 13/16 x 4 3/4 x 2 1/16 in.)
entity:artifact:2:190928,dimensions,H. 21.3 x Diam. 28.9 cm (8 3/8 x 11 3/8 in.)
entity:artifact:2:190929,dimensions,H. 33.8 x Diam. 21.9 cm (13 5/16 x 8 5/8 in.)
entity:artifact:2:190930,dimensions,H. 3.9 x Diam. 12 cm (1 9/16 x 4 3/4 in.)
entity:artifact:2:190996,dimensions,H. 10.8 x W. 9.5 x Diam. 10.5 cm (4 1/4 x 3 3/4 x 4 1/8 in.)
entity:artifact:2:190997,dimensions,H. 14.6 x Diam. 21.7 cm (5 3/4 x 8 9/16 in.)
entity:artifact:2:190998,dimensions,H. 10.9 x W. 20.2 x L. 26.4 cm (4 5/16 x 7 15/16 x 10 3/8 in.)
entity:artifact:2:191000,dimensions,H. 9.4 x W. (across handles) 11 x Diam. 9 cm (3 11/16 x 4 5/16 x 3 9/16 in.)
entity:artifact:2:191001,dimensions,H. 41.2 x W. (across handles) 43.1 x Diam. 41.4 cm (16 1/4 x 16 15/16 x 16 5/16 in.)
entity:artifact:2:191002,dimensions,26.8 x 16.4 cm (10 9/16 x 6 7/16 in.)
entity:artifact:2:191003,dimensions,H. 10.6 x Diam. 12.2 cm (4 3/16 x 4 13/16 in.)
entity:artifact:2:191004,dimensions,H. 17.5 x Diam. 20.3 cm (6 7/8 x 8 in.)
entity:artifact:2:191006,dimensions,4.1 x 3.5 cm (1 5/8 x 1 3/8 in.)
entity:artifact:2:191054,dimensions,H. 13.4 x Diam. 14.6 cm (5 1/4 x 5 3/4 in.)
entity:artifact:2:191055,dimensions,H. 15.9 x Diam. 11.6 cm (6 1/4 x 4 9/16 in.)
entity:artifact:2:191056,dimensions,H. 22.3 x W. 29.2 x Diam. 24.3 cm (8 3/4 x 11 1/2 x 9 9/16 in.)
entity:artifact:2:191057,dimensions,H. 22.3 x W. (across handles) 29.7 x Diam. 24.1 cm (8 3/4 x 11 11/16 x 9 1/2 in.)
entity:artifact:2:191059,dimensions,2.1 x 3.7 x 1.6 cm (13/16 x 1 7/16 x 5/8 in.)
entity:artifact:2:191323,dimensions,H. 3.9 x Diam. 8.8 cm (1 9/16 x 3 7/16 in.)
entity:artifact:2:191325,dimensions,H. 16.0 x Diam. 9.1 cm (6 5/16 x 3 9/16 in.)
entity:artifact:2:191326,dimensions,H. 17.8 x D. 24.5 cm (7 x 9 5/8 in.)
entity:artifact:2:191328,dimensions,H. 2.2 x Diam. 14.5 cm (7/8 x 5 11/16 in.)
entity:artifact:2:191329,dimensions,H. 23.8 x W. (across spout) 38.2 x Diam. 34.3 cm (9 3/8 x 15 1/16 x 13 1/2 in.)
entity:artifact:2:192051,dimensions,H. 6.2 x W. 12.9 x D. 8.8 cm (2 7/16 x 5 1/16 x 3 7/16 in.)
entity:artifact:2:192060,dimensions,H. 6.6 x Diam. 9.5 cm (2 5/8 x 3 3/4 in.)
entity:artifact:2:192061,dimensions,H. 49 x Diam. 28 cm (19 5/16 x 11 in.)
entity:artifact:2:192062,dimensions,H. 7.9 x Diam. 5 cm (3 1/8 x 1 15/16 in.)
entity:artifact:2:192063,dimensions,H. 8.4 x Diam. 21.8 cm (3 5/16 x 8 9/16 in.)
entity:artifact:2:192138,dimensions,H. 13.7 x W. (across spout and body) 21.1 x Diam. (below handles) 19.1 cm (5 3/8 x 8 5/16 x 7 1/2 in.)
entity:artifact:2:192140,dimensions,H. 38 x W. 15.9 x D. 18.9 cm (14 15/16 x 6 1/4 x 7 7/16 in.)
entity:artifact:2:192166,dimensions,H. 8.4 x Diam. 18.3 cm (3 5/16 x 7 3/16 in.)
entity:artifact:2:19252,dimensions,"H. 3.5 x W. 1.7 x D. 0.2 cm (1 3/8 x 11/16 x 1/16 in.)
Weight 2 g"
entity:artifact:2:19253,dimensions,"H. 3.1 x W. 1.6 x D. 0.2 cm (1 1/4 x 5/8 x 1/16 in.)
Weight 2 g"
entity:artifact:2:19254,dimensions,"H. 2.3 x W. 1.5 x D. 0.2 cm (7/8 x 9/16 x 1/16 in.)
Weight 2 g"
entity:artifact:2:19255,dimensions,70 cm (27 9/16 in.)
entity:artifact:2:19256,dimensions,greatest dimen.: 17 cm (6 11/16 in.)
entity:artifact:2:19277,dimensions,with cover: H. 33.8 x Diam. 31 cm (13 5/16 x 12 3/16 in.)
entity:artifact:2:192947,dimensions,H. 51.1 x Diam. 56.5 cm (20 1/8 x 22 1/4 in.)
entity:artifact:2:192948,dimensions,H. 17.7 x L. 20.4 x W. 10 cm (6 15/16 x 8 1/16 x 3 15/16 in.)
entity:artifact:2:192949,dimensions,H. 37.2 x Diam. 51.2 cm (14 5/8 x 20 3/16 in.)
entity:artifact:2:193284,dimensions,"0.2 x 0.8 x 13 cm (1/16 x 5/16 x 5 1/8 in.)
unspecified: 59 g"
entity:artifact:2:193287,dimensions,H. 26 x Diam. 12.4 cm (10 1/4 x 4 7/8 in.)
entity:artifact:2:193288,dimensions,H. 10.6 x Diam. 12 cm (4 3/16 x 4 3/4 in.)
entity:artifact:2:193289,dimensions,H. 6.5 x Diam. 9.5 cm (2 9/16 x 3 3/4 in.)
entity:artifact:2:193290,dimensions,H. 27 x Diam. 14 cm (10 5/8 x 5 1/2 in.)
entity:artifact:2:193291,dimensions,H. 31.7 x Diam. 19.6 cm (12 1/2 x 7 11/16 in.)
entity:artifact:2:193292,dimensions,H. 16.2 x Diam. 8.1 cm (6 3/8 x 3 3/16 in.)
entity:artifact:2:194025,dimensions,H. 94 x Diam. 44.2 cm (37 x 17 3/8 in.)
entity:artifact:2:195548,dimensions,6.3 x 12.1 cm (2 1/2 x 4 3/4 in.)
entity:artifact:2:195600,dimensions,H. 17.4 x Diam. 17.1 cm (6 7/8 x 6 3/4 in.)
entity:artifact:2:195610,dimensions,H. 45.5 x Diam. 29 cm (17 15/16 x 11 7/16 in.)
entity:artifact:2:195611,dimensions,H. 45 x Diam. 35 cm (17 11/16 x 13 3/4 in.)
entity:artifact:2:196417,dimensions,H. 37 x W. (across handles) 24 cm (14 9/16 x 9 7/16 in.)
entity:artifact:2:196420,dimensions,6.5 x 9.7 cm (2 9/16 x 3 13/16 in.)
entity:artifact:2:19684,dimensions,1.18 g
entity:artifact:2:19685,dimensions,1.28 g
entity:artifact:2:196983,dimensions,including cover: H. 23.5 x Diam. 22.5 cm (9 1/4 x 8 7/8 in.)
entity:artifact:2:196985,dimensions,6.5 x 5.5 cm (2 9/16 x 2 3/16 in.)
entity:artifact:2:196994,dimensions,H. 46 x Diam. 30 cm (18 1/8 x 11 13/16 in.)
entity:artifact:2:196995,dimensions,H. 13.4 x Diam. 8 cm (5 1/4 x 3 1/8 in.)
entity:artifact:2:196996,dimensions,H. 17.5 x Diam. 22 x W. 19.1 cm (6 7/8 x 8 11/16 x 7 1/2 in.) (across handles)
entity:artifact:2:196997,dimensions,H. 18.1 x Diam. 21 cm (7 1/8 x 8 1/4 in.)
entity:artifact:2:196998,dimensions,H. 25.8 x W. 11.5 x Diam. 16.3 cm (10 3/16 x 4 1/2 x 6 7/16 in.)
entity:artifact:2:197026,dimensions,H. 50.6 x Diam. 31.7 cm (19 15/16 x 12 1/2 in.)
entity:artifact:2:197027,dimensions,H. 45.2 x Diam. 33.5 cm (17 13/16 x 13 3/16 in.)
entity:artifact:2:197028,dimensions,H. 7.2 x Diam. 16.9 cm (2 13/16 x 6 5/8 in.)
entity:artifact:2:197049,dimensions,H. 34.8 x Diam. 46 cm (13 11/16 x 18 1/8 in.)
entity:artifact:2:197050,dimensions,H. 5.7 x Diam. 27.3 cm (2 1/4 x 10 3/4 in.)
entity:artifact:2:197051,dimensions,7.8 x 15 x 10.5 cm (3 1/16 x 5 7/8 x 4 1/8 in.)
entity:artifact:2:197058,dimensions,H. 19.4 x Diam. 17.5 cm (7 5/8 x 6 7/8 in.)
entity:artifact:2:197060,dimensions,H. 20.2 x Diam. 29.2 cm (7 15/16 x 11 1/2 in.)
entity:artifact:2:197474,dimensions,H. 7.9 x Diam. 19.5 cm (3 1/8 x 7 11/16 in.)
entity:artifact:2:197514,dimensions,max.: H. 2.9 × W. 4.8 × D. 3.8 cm (1 1/8 × 1 7/8 × 1 1/2 in.)
entity:artifact:2:197515,dimensions,max.: H. 3.8 × Dia. 5.4 cm (1 1/2 × 2 1/8 in.)
entity:artifact:2:197658,dimensions,7.6 x 12.1 x 3.7 cm (3 x 4 3/4 x 1 7/16 in.)
entity:artifact:2:197660,dimensions,14.3 x 12.8 cm (5 5/8 x 5 1/16 in.)
entity:artifact:2:197661,dimensions,H. 40.3 x Diam. 38.7 cm (15 7/8 x 15 1/4 in.)
entity:artifact:2:197665,dimensions,H. 8.5 x Diam. 16.8 cm (3 3/8 x 6 5/8 in.)
entity:artifact:2:197666,dimensions,H. 55.3 x Diam. 51.5 cm (21 3/4 x 20 1/4 in.)
entity:artifact:2:197972,dimensions,H. 9.3 x Diam. 16.8 cm (3 11/16 x 6 5/8 in.)
entity:artifact:2:197974,dimensions,H. 5.2 x Diam. 11.3 cm (2 1/16 x 4 7/16 in.)
entity:artifact:2:198016,dimensions,Diam. 14 cm (5 1/2 in.)
entity:artifact:2:198019,dimensions,H. 67.8 x Diam. 43 cm (26 11/16 x 16 15/16 in.)
entity:artifact:2:198020,dimensions,"painting proper: H. 126 x W. 28.2 cm (49 5/8 x 11 1/8 in.)
mounting, including cord and roller ends:H.  235 x W. 57.5 cm (92 1/2 x 22 5/8 in.)"
entity:artifact:2:198022,dimensions,H. 18.1 x Diam. 24 cm (7 1/8 x 9 7/16 in.)
entity:artifact:2:198023,dimensions,H. 37.9 x Diam. 41 cm (14 15/16 x 16 1/8 in.)
entity:artifact:2:198095,dimensions,H. 3.5 x Diam. 13.3 cm (1 3/8 x 5 1/4 in.)
entity:artifact:2:198096,dimensions,H. 4.5 x Diam. 19.9 cm (1 3/4 x 7 13/16 in.)
entity:artifact:2:198104,dimensions,H. 29.7 x W. 30 x Diam. 26 cm (11 11/16 x 11 13/16 x 10 1/4 in.)
entity:artifact:2:198105,dimensions,4.8 x 6 x 2.5 cm (1 7/8 x 2 3/8 x 1 in.)
entity:artifact:2:198106,dimensions,H. 4 x Diam. 9.2 cm (1 9/16 x 3 5/8 in.)
entity:artifact:2:198241,dimensions,H. 2.5 x Diam. 9.5 cm (1 x 3 3/4 in.)
entity:artifact:2:198244,dimensions,H. 17.8 x Diam. 27.4 cm (7 x 10 13/16 in.)
entity:artifact:2:198246,dimensions,H. 23.2 x Diam. 15 cm (9 1/8 x 5 7/8 in.)
entity:artifact:2:198247,dimensions,H. 18.4 x Diam. 18.4 cm (7 1/4 x 7 1/4 in.)
entity:artifact:2:198462,dimensions,H. 8.3 × Diam. 17 cm (3 1/4 × 6 11/16 in.)
entity:artifact:2:198532,dimensions,max.: H. 3.4 × W. 4.3 × D. 4.3 cm (1 5/16 × 1 11/16 × 1 11/16 in.)
entity:artifact:2:198568,dimensions,H. 4 x Diam. 7.3 cm (1 9/16 x 2 7/8 in.)
entity:artifact:2:198858,dimensions,max.: H. 5 × W. 10.1 × D. 8.5 cm (1 15/16 × 4 × 3 3/8 in.)
entity:artifact:2:198961,dimensions,H. 13.8 x W. 3.5 x D. 2 cm (5 7/16 x 1 3/8 x 13/16 in.)
entity:artifact:2:198963,dimensions,"W. 1.7 x L. 6.2 x Thickness 0.3 cm (11/16 x 2 7/16 x 1/8 in.)
Weight 7 g"
entity:artifact:2:198964,dimensions,"24 x 6.3 x 0.8 cm (9 7/16 x 2 1/2 x 5/16 in.)
unspecified: 227 g"
entity:artifact:2:198965,dimensions,"6.2 x 1.4 x 0.6 cm (2 7/16 x 9/16 x 1/4 in.)
unspecified: 10 g"
entity:artifact:2:198967,dimensions,"6.7 x 2 x 0.9 cm (2 5/8 x 13/16 x 3/8 in.)
unspecified: 22 g"
entity:artifact:2:198984,dimensions,26.4 x 32.9 cm (10 3/8 x 12 15/16 in.)
entity:artifact:2:198988,dimensions,H. 16.2 x W. 3.4 x D. 2 cm (6 3/8 x 1 5/16 x 13/16 in.)
entity:artifact:2:198991,dimensions,"Diam. 11.9 × Thickness 0.7 cm (4 11/16 × 1/4 in.)
214 g"
entity:artifact:2:198992,dimensions,H. 7.4 x Diam. 14.1 cm (2 15/16 x 5 9/16 in.)
entity:artifact:2:199013,dimensions,H. 2.5 x W. 14.9 x D. 5.2 cm (1 x 5 7/8 x 2 1/16 in.)
entity:artifact:2:199014,dimensions,"1.5 x 24.1 cm (9/16 x 9 1/2 in.)
unspecified: 1414 g"
entity:artifact:2:199017,dimensions,"5 x 2.4 x 0.4 cm (1 15/16 x 15/16 x 3/16 in.)
unspecified: 8 g"
entity:artifact:2:199178,dimensions,"H. 17.2 x W. 5.8 x D. 0.5 cm (6 3/4 x 2 5/16 x 3/16 in.)
Weight 89 g"
entity:artifact:2:199179,dimensions,H. 26.4 x W. 32.9 cm (10 3/8 x 12 15/16 in.)
entity:artifact:2:199183,dimensions,"H. 4.1 x W. 3.5 x D. 0.3 cm (1 5/8 x 1 3/8 x 1/8 in.)
Weight 7 g"
entity:artifact:2:199184,dimensions,"H. 3.2 x W. 1.4 x D. 0.8 cm (1 1/4 x 9/16 x 5/16 in.)
Weight 8 g"
entity:artifact:2:199379,dimensions,max.: H. 3.3 × W. 14.7 × D. 6 cm (1 5/16 × 5 13/16 × 2 3/8 in.)
entity:artifact:2:199427,dimensions,L. 32 cm (12 5/8 in.)
entity:artifact:2:199428,dimensions,H. 5.9 x Diam. 12.2 cm (2 5/16 x 4 13/16 in.)
entity:artifact:2:199429,dimensions,H. 4.8 x Diam. 27.9 cm (1 7/8 x 11 in.)
entity:artifact:2:199432,dimensions,H. 3.9 x Diam. 25.2 cm (1 9/16 x 9 15/16 in.)
entity:artifact:2:199433,dimensions,H. 3.8 x Diam. 21.9 cm (1 1/2 x 8 5/8 in.)
entity:artifact:2:199592,dimensions,"L. 14.4 x D. 3.4 x W. 1.8 cm (5 11/16 x 1 5/16 x 11/16 in.)
Weight 92 g"
entity:artifact:2:199593,dimensions,"H. 21.7 x W. 17.1 x D. 15.2 cm (8 9/16 x 6 3/4 x 6 in.)
Weight 3508.25 g"
entity:artifact:2:199594,dimensions,H. 26.4 x W. 32.9 cm (10 3/8 x 12 15/16 in.)
entity:artifact:2:199595,dimensions,H. 26.4 x W. 32.9 cm (10 3/8 x 12 15/16 in.)
entity:artifact:2:199607,dimensions,"image: 26 x 32 cm (10 1/4 x 12 5/8 in.)
overall: 32 x 38 cm (12 5/8 x 14 15/16 in.)"
entity:artifact:2:199626,dimensions,"max.: H. 4.4 × Diam. 18.7 cm (1 3/4 × 7 3/8 in.)
foot: Diam. 6.2 cm (2 7/16 in.)"
entity:artifact:2:199628,dimensions,"12.8 x 8.4 x 1.5 cm (5 1/16 x 3 5/16 x 9/16 in.)
272 g"
entity:artifact:2:199629,dimensions,"W. 6.8 x Thickness 0.3 cm (2 11/16 x 1/8 in.)
unspecified: 16 g"
entity:artifact:2:199631,dimensions,26.4 x 32.9 cm (10 3/8 x 12 15/16 in.)
entity:artifact:2:199633,dimensions,H. 19.1 x Diam. 20.2 x W. (across handles) 24 cm (7 1/2 x 7 15/16 x 9 7/16 in.)
entity:artifact:2:199634,dimensions,H. 13.6 x Diam. 12.5 x W. (across handle) 18.2 cm (5 3/8 x 4 15/16 x 7 3/16 in.)
entity:artifact:2:199635,dimensions,"26.2 x 8.2 x 0.8 cm (10 5/16 x 3 1/4 x 5/16 in.)
unspecified: 237 g"
entity:artifact:2:199636,dimensions,26.4 x 32.9 cm (10 3/8 x 12 15/16 in.)
entity:artifact:2:199646,dimensions,H. 2.6 x Diam. 23.8 cm (1 x 9 3/8 in.)
entity:artifact:2:199647,dimensions,L. 24.4 x W. 17 cm (9 5/8 x 6 11/16 in.)
entity:artifact:2:199648,dimensions,L. 20.6 x W. 18.4 cm (8 1/8 x 7 1/4 in.)
entity:artifact:2:199685,dimensions,"painting proper: H. 24.4 x W. 28.6 cm (9 5/8 x 11 1/4 in.)
mounting, including cord and roller ends: H. 147.3 x W. 43.2 cm (58 x 17 in.)"
entity:artifact:2:199690,dimensions,"H. 11.8 x W. 1.7 x Thickness 1 cm (4 5/8 x 11/16 x 3/8 in.)
Weight 43 g"
entity:artifact:2:199691,dimensions,H. 3.7 x Diam. 20.5 cm (1 7/16 x 8 1/16 in.)
entity:artifact:2:199692,dimensions,H. 9.0 x Diam. 10.6 cm (3 9/16 x 4 3/16 in.)
entity:artifact:2:199693,dimensions,H. 27.9 x Diam. 16.3 cm (11 x 6 7/16 in.)
entity:artifact:2:199694,dimensions,26.4 x 32.9 cm (10 3/8 x 12 15/16 in.)
entity:artifact:2:199695,dimensions,26.4 x 32.9 cm (10 3/8 x 12 15/16 in.)
entity:artifact:2:199710,dimensions,31.5 x 251 cm (12 3/8 x 98 13/16 in.)
entity:artifact:2:199712,dimensions,H. 17.5 x Diam. 16.2 cm (6 7/8 x 6 3/8 in.)
entity:artifact:2:199713,dimensions,H. 26.4 cm (10 3/8 in.)
entity:artifact:2:199714,dimensions,H. 2.6 x Diam. 24.1 cm (1 x 9 1/2 in.)
entity:artifact:2:199715,dimensions,H. 2.3 x Diam. 24 cm (7/8 x 9 7/16 in.)
entity:artifact:2:199721,dimensions,H. 13.5 x Diam. 8.3 cm (5 5/16 x 3 1/4 in.)
entity:artifact:2:199722,dimensions,H. 39.8 x Diam. 17 cm (15 11/16 x 6 11/16 in.)
entity:artifact:2:199724,dimensions,H. 3.5 x Diam. 21.2 cm (1 3/8 x 8 3/8 in.)
entity:artifact:2:199752,dimensions,"base only, max.: H. 5.4 × W. 10 × D. 6.6 cm (2 1/8 × 3 15/16 × 2 5/8 in.)
vessel and stand, max.: H. 21 cm (8 1/4 in.)"
entity:artifact:2:199753,dimensions,max.: H. 12.7 × W. 9 × D. 6.1 cm (5 × 3 9/16 × 2 3/8 in.)
entity:artifact:2:199754,dimensions,stand max.: H. 6.1 × W. 12.3 × D. 11.5 cm (2 3/8 × 4 13/16 × 4 1/2 in.)
entity:artifact:2:199755,dimensions,max.: H. 4 × W. 8 × D. 6.3 cm (1 9/16 × 3 1/8 × 2 1/2 in.)
entity:artifact:2:199756,dimensions,"max.: H. 3.1 × W. 9.4 × D. 6.1 cm (1 1/4 × 3 11/16 × 2 3/8 in.)
vessel and stand, max.: H. 18.2 cm (7 3/16 in.)"
entity:artifact:2:199757,dimensions,stand only: H. 1.3 × W. 12.3 × D. 8.2 cm (1/2 × 4 13/16 × 3 1/4 in.)
entity:artifact:2:199805,dimensions,12.5 x 18.4 x 8.3 cm (4 15/16 x 7 1/4 x 3 1/4 in.)
entity:artifact:2:200087,dimensions,20.7 x 24.5 x 18 cm (8 1/8 x 9 5/8 x 7 1/16 in.)
entity:artifact:2:200100,dimensions,280 x 80 cm (110 1/4 x 31 1/2 in.)
entity:artifact:2:200101,dimensions,2.5 x 26.2 x 15.1 cm (1 x 10 5/16 x 5 15/16 in.)
entity:artifact:2:200245,dimensions,H. 27 x Diam. 14 cm (10 5/8 x 5 1/2 in.)
entity:artifact:2:200286,dimensions,H. 30 x Diam. 33.4 cm (11 13/16 x 13 1/8 in.)
entity:artifact:2:200497,dimensions,H. 17.9 x W. 15 x D. 12.3 cm (7 1/16 x 5 7/8 x 4 13/16 in.)
entity:artifact:2:200542,dimensions,17.3 x 4.6 x 2.4 cm (6 13/16 x 1 13/16 x 15/16 in.)
entity:artifact:2:200547,dimensions,H. 19.8 x Diam. 17.5 cm (7 13/16 x 6 7/8 in.)
entity:artifact:2:200583,dimensions,"max.: H. 2.3 × Diam. 11.4 cm (7/8 × 4 1/2 in.)
foot: Diam. 4 cm (1 9/16 in.)"
entity:artifact:2:200584,dimensions,H. 18.6 x L. 16.6 x W. 6.8 cm (7 5/16 x 6 9/16 x 2 11/16 in.)
entity:artifact:2:200715,dimensions,Diam. 36.2 cm (14 1/4 in.)
entity:artifact:2:200716,dimensions,H. 17.78 x Diam. 16.51 cm (7 x 6 1/2 in.)
entity:artifact:2:200718,dimensions,176.2 x 310.2 cm (69 3/8 x 122 1/8 in.)
entity:artifact:2:200719,dimensions,H. 3.0 x Diam. 15.8 cm (1 3/16 x 6 1/4 in.)
entity:artifact:2:200760,dimensions,H. 31 x W. 24.8 x Diam. 19.7 cm (12 3/16 x 9 3/4 x 7 3/4 in.)
entity:artifact:2:200761,dimensions,19.4 x 19.4 x 17.1 cm (7 5/8 x 7 5/8 x 6 3/4 in.)
entity:artifact:2:200763,dimensions,including cover: H. 4.7 x Diam. 12.7 cm (1 7/8 x 5 in.)
entity:artifact:2:200764,dimensions,including cover: H. 55.1 x W. 22.2 x D. 22.2 cm (21 11/16 x 8 3/4 x 8 3/4 in.)
entity:artifact:2:200817,dimensions,H. 31.5 cm (12 3/8 in.)
entity:artifact:2:200818,dimensions,H. 31.8 x Diam. 32.5 cm (12 1/2 x 12 13/16 in.)
entity:artifact:2:200821,dimensions,H. 15.5 x Diam. 16.1 cm (6 1/8 x 6 5/16 in.)
entity:artifact:2:200837,dimensions,L. 27.9 x W. 7.5 cm (11 x 2 15/16 in.)
entity:artifact:2:200838,dimensions,L. 29.2 x W. 6.7 cm (11 1/2 x 2 5/8 in.)
entity:artifact:2:200839,dimensions,L. 19.8 x W. 1.4 cm (7 13/16 x 9/16 in.)
entity:artifact:2:200840,dimensions,L. 24.1 x W. 3.8 cm (9 1/2 x 1 1/2 in.)
entity:artifact:2:200855,dimensions,20.1 x 8.8 cm (7 15/16 x 3 7/16 in.)
entity:artifact:2:200856,dimensions,painting proper: H. 66 x W. 93 cm (26 x 36 5/8 in.)
entity:artifact:2:200867,dimensions,H. 4.8 × Diam. 11.3 cm (1 7/8 × 4 7/16 in.)
entity:artifact:2:200868,dimensions,15.3 x 14.7 cm (6 x 5 13/16 in.)
entity:artifact:2:200900,dimensions,4.2 x 13.5 cm (1 5/8 x 5 5/16 in.)
entity:artifact:2:200901,dimensions,5.1 x 15.1 cm (2 x 5 15/16 in.)
entity:artifact:2:200907,dimensions,"max.: H. 4.8 × Diam. 17.8 cm (1 7/8 × 7 in.)
foot: Diam. 5.7 cm (2 1/4 in.)"
entity:artifact:2:200939,dimensions,30.8 x 24.13 cm (12 1/8 x 9 1/2 in.)
entity:artifact:2:200940,dimensions,22.54 x 31.12 cm (8 7/8 x 12 1/4 in.)
entity:artifact:2:200941,dimensions,8.1 x 18 cm (3 3/16 x 7 1/16 in.)
entity:artifact:2:200942,dimensions,H: 25.6 x W: 16.5 x Depth: 13.8 cm (10 1/16 x 6 1/2 x 5 7/16 in.)
entity:artifact:2:200949,dimensions,8.1 x 12.2 cm (3 3/16 x 4 13/16 in.)
entity:artifact:2:200950,dimensions,"max.: H. 6.1 × Diam. 10.5 cm (2 3/8 × 4 1/8 in.)
mouth: Diam. 10.2 cm (4 in.)
foot: Diam. 4.7 cm (1 7/8 in.)"
entity:artifact:2:200957,dimensions,L. 17.6 x W. 1.4 cm (6 15/16 x 9/16 in.)
entity:artifact:2:200958,dimensions,L. 14.6 x W. 1.9 cm (5 3/4 x 3/4 in.)
entity:artifact:2:200978,dimensions,6.7 x 12.4 cm (2 5/8 x 4 7/8 in.)
entity:artifact:2:200980,dimensions,8.1 x 17.9 cm (3 3/16 x 7 1/16 in.)
entity:artifact:2:200981,dimensions,H. 10.6 x W. 2.4 x D. 2.6 cm (4 3/16 x 15/16 x 1 in.)
entity:artifact:2:201011,dimensions,5.9 x 11.8 cm (2 5/16 x 4 5/8 in.)
entity:artifact:2:201013,dimensions,2.2 x 5 x 3.9 cm (7/8 x 1 15/16 x 1 9/16 in.)
entity:artifact:2:201014,dimensions,"max.: H. 5.5 × body Diam. 7.2 cm (2 3/16 × 2 13/16 in.)
mouth: Diam. 6.4 cm (2 1/2 in.)"
entity:artifact:2:201038,dimensions,H. 6.2 x Diam. 12.7 cm (2 7/16 x 5 in.)
entity:artifact:2:201063,dimensions,Diam. 12.7 cm (5 in.)
entity:artifact:2:201064,dimensions,"L. 14.3 cm (5 5/8 in.)
complete mirror: Diam. 14.9 cm (5 7/8 in.)"
entity:artifact:2:201065,dimensions,"L. 13 cm (5 1/8 in.)
complete mirror: Diam. 14.9 cm (5 7/8 in.)"
entity:artifact:2:201066,dimensions,L. 25.7 cm (10 1/8 in.)
entity:artifact:2:201067,dimensions,L. 15.9 cm (6 1/4 in.)
entity:artifact:2:201068,dimensions,L. 7.9 cm (3 1/8 in.)
entity:artifact:2:201069,dimensions,L. 6.7 cm (2 5/8 in.)
entity:artifact:2:201086,dimensions,16.6 x 22.1 cm (6 9/16 x 8 11/16 in.)
entity:artifact:2:201090,dimensions,sight: H. 73 x W. 35.6 cm (28 3/4 x 14 in.)
entity:artifact:2:201091,dimensions,sight: H. 19 x W. 46.4 cm (7 1/2 x 18 1/4 in.)
entity:artifact:2:201099,dimensions,31.1 x 21.9 cm (12 1/4 x 8 5/8 in.)
entity:artifact:2:201116,dimensions,139.7 cm (55 in.)
entity:artifact:2:201141,dimensions,16.6 x 22.1 cm (6 9/16 x 8 11/16 in.)
entity:artifact:2:201146,dimensions,17.3 x 48.8 cm (6 13/16 x 19 3/16 in.)
entity:artifact:2:201147,dimensions,sight: H. 170.2 x W. 68.6 cm (67 x 27 in.)
entity:artifact:2:201158,dimensions,H. 17 x W. 52 cm (6 11/16 x 20 1/2 in.)
entity:artifact:2:201173,dimensions,16.6 x 22.1 cm (6 9/16 x 8 11/16 in.)
entity:artifact:2:201174,dimensions,16.6 x 22.1 cm (6 9/16 x 8 11/16 in.)
entity:artifact:2:201175,dimensions,16.6 x 22.1 cm (6 9/16 x 8 11/16 in.)
entity:artifact:2:201176,dimensions,16.6 x 22.1 cm (6 9/16 x 8 11/16 in.)
entity:artifact:2:201240,dimensions,L. 24.8 x W. 10.9 cm (9 3/4 x 4 5/16 in.)
entity:artifact:2:201242,dimensions,25.8 cm (10 3/16 in.)
entity:artifact:2:201243,dimensions,24.4 x 65.2 cm (9 5/8 x 25 11/16 in.)
entity:artifact:2:201244,dimensions,24.3 x 65.1 cm (9 9/16 x 25 5/8 in.)
entity:artifact:2:201247,dimensions,14 x 9 cm (5 1/2 x 3 9/16 in.)
entity:artifact:2:201257,dimensions,17.7 x 10.1 cm (6 15/16 x 4 in.)
entity:artifact:2:201258,dimensions,18.5 x 10.2 cm (7 5/16 x 4 in.)
entity:artifact:2:201259,dimensions,19 x 6.2 cm (7 1/2 x 2 7/16 in.)
entity:artifact:2:201260,dimensions,19.5 x 8.4 cm (7 11/16 x 3 5/16 in.)
entity:artifact:2:201261,dimensions,16.2 x 11.8 cm (6 3/8 x 4 5/8 in.)
entity:artifact:2:201269,dimensions,26.67 x 16.19 cm (10 1/2 x 6 3/8 in.)
entity:artifact:2:201270,dimensions,26.67 x 16.19 cm (10 1/2 x 6 3/8 in.)
entity:artifact:2:201271,dimensions,26.67 x 16.19 cm (10 1/2 x 6 3/8 in.)
entity:artifact:2:201272,dimensions,26.67 x 16.19 cm (10 1/2 x 6 3/8 in.)
entity:artifact:2:201273,dimensions,26.67 x 16.19 cm (10 1/2 x 6 3/8 in.)
entity:artifact:2:201274,dimensions,28.58 x 17.15 cm (11 1/4 x 6 3/4 in.)
entity:artifact:2:201275,dimensions,28.58 x 17.15 cm (11 1/4 x 6 3/4 in.)
entity:artifact:2:201276,dimensions,26.35 x 16.51 cm (10 3/8 x 6 1/2 in.)
entity:artifact:2:201277,dimensions,26.35 x 16.51 cm (10 3/8 x 6 1/2 in.)
entity:artifact:2:201282,dimensions,13.02 x 8.26 cm (5 1/8 x 3 1/4 in.)
entity:artifact:2:201283,dimensions,13.02 x 8.26 cm (5 1/8 x 3 1/4 in.)
entity:artifact:2:201285,dimensions,H. 3.81 x Diam. 7.3 cm (1 1/2 x 2 7/8 in.)
entity:artifact:2:201286,dimensions,H. 18.42 x Diam. 13.34 cm (7 1/4 x 5 1/4 in.)
entity:artifact:2:201288,dimensions,26.35 x 16.51 cm (10 3/8 x 6 1/2 in.)
entity:artifact:2:201303,dimensions,31.12 x 22.23 cm (12 1/4 x 8 3/4 in.)
entity:artifact:2:201311,dimensions,H. 9.3 x Diam. 7 cm (3 11/16 x 2 3/4 in.)
entity:artifact:2:201318,dimensions,"L. 9.5 cm (3 3/4 in.)
complete mirror: Diam. 14.9 cm (5 7/8 in.)"
entity:artifact:2:201320,dimensions,H. 9.53 x Diam. 17.15 cm (3 3/4 x 6 3/4 in.)
entity:artifact:2:201327,dimensions,19 x 10 cm (7 1/2 x 3 15/16 in.)
entity:artifact:2:201328,dimensions,11.5 x 6.2 cm (4 1/2 x 2 7/16 in.)
entity:artifact:2:201329,dimensions,4.4 x 16.8 cm (1 3/4 x 6 5/8 in.)
entity:artifact:2:201330,dimensions,8.1 x 15.3 cm (3 3/16 x 6 in.)
entity:artifact:2:201331,dimensions,7.3 x 12.8 cm (2 7/8 x 5 1/16 in.)
entity:artifact:2:201332,dimensions,22.2 x 13.5 cm (8 3/4 x 5 5/16 in.)
entity:artifact:2:201333,dimensions,18 x 11.1 cm (7 1/16 x 4 3/8 in.)
entity:artifact:2:201350,dimensions,13.02 x 8.26 cm (5 1/8 x 3 1/4 in.)
entity:artifact:2:201351,dimensions,13.02 x 8.26 cm (5 1/8 x 3 1/4 in.)
entity:artifact:2:201352,dimensions,13.02 x 8.26 cm (5 1/8 x 3 1/4 in.)
entity:artifact:2:201355,dimensions,6.35 cm (2 1/2 in.)
entity:artifact:2:201357,dimensions,26.67 x 16.19 cm (10 1/2 x 6 3/8 in.)
entity:artifact:2:201358,dimensions,26.67 x 16.19 cm (10 1/2 x 6 3/8 in.)
entity:artifact:2:201359,dimensions,128.27 x 16.19 cm (50 1/2 x 6 3/8 in.)
entity:artifact:2:201360,dimensions,26.67 x 16.19 cm (10 1/2 x 6 3/8 in.)
entity:artifact:2:201361,dimensions,26.67 x 16.19 cm (10 1/2 x 6 3/8 in.)
entity:artifact:2:201362,dimensions,26.67 x 16.19 cm (10 1/2 x 6 3/8 in.)
entity:artifact:2:201363,dimensions,26.67 x 16.19 cm (10 1/2 x 6 3/8 in.)
entity:artifact:2:201370,dimensions,24.9 x 9.3 cm (9 13/16 x 3 11/16 in.)
entity:artifact:2:201391,dimensions,24.1 x 65.4 cm (9 1/2 x 25 3/4 in.)
entity:artifact:2:201392,dimensions,24.1 x 66.7 cm (9 1/2 x 26 1/4 in.)
entity:artifact:2:201402,dimensions,28.58 x 17.15 cm (11 1/4 x 6 3/4 in.)
entity:artifact:2:201403,dimensions,28.58 x 17.15 cm (11 1/4 x 6 3/4 in.)
entity:artifact:2:201404,dimensions,28.58 x 17.15 cm (11 1/4 x 6 3/4 in.)
entity:artifact:2:201412,dimensions,H. 92.7 x W. 34 cm (36 1/2 x 13 3/8 in.)
entity:artifact:2:201447,dimensions,16.6 x 22.1 cm (6 9/16 x 8 11/16 in.)
entity:artifact:2:201448,dimensions,16.6 x 22.1 cm (6 9/16 x 8 11/16 in.)
entity:artifact:2:201449,dimensions,16.6 x 22.1 cm (6 9/16 x 8 11/16 in.)
entity:artifact:2:201450,dimensions,16.6 x 22.1 cm (6 9/16 x 8 11/16 in.)
entity:artifact:2:201455,dimensions,8.8 x 13.9 cm (3 7/16 x 5 1/2 in.)
entity:artifact:2:201456,dimensions,8.3 x 8.7 cm (3 1/4 x 3 7/16 in.)
entity:artifact:2:201457,dimensions,4.8 x 7.7 cm (1 7/8 x 3 1/16 in.)
entity:artifact:2:201458,dimensions,3.3 x 6.7 cm (1 5/16 x 2 5/8 in.)
entity:artifact:2:201459,dimensions,5.3 x 12.6 cm (2 1/16 x 4 15/16 in.)
entity:artifact:2:201460,dimensions,5.2 x 11.5 cm (2 1/16 x 4 1/2 in.)
entity:artifact:2:201463,dimensions,5.7 x 1.8 x 0.7 cm (2 1/4 x 11/16 x 1/4 in.)
entity:artifact:2:201464,dimensions,2.9 x 16 x 9.6 cm (1 1/8 x 6 5/16 x 3 3/4 in.)
entity:artifact:2:201465,dimensions,5.5 x 9 cm (2 3/16 x 3 9/16 in.)
entity:artifact:2:201466,dimensions,5.6 x 10 cm (2 3/16 x 3 15/16 in.)
entity:artifact:2:201469,dimensions,H. 8.2 x Diam. 9.7 cm (3 1/4 x 3 13/16 in.)
entity:artifact:2:201470,dimensions,Diam. 7.1 cm (2 13/16 in.)
entity:artifact:2:201471,dimensions,16.7 x 11.1 cm (6 9/16 x 4 3/8 in.)
entity:artifact:2:201472,dimensions,H. 11.3 x Diam. 13 cm (4 7/16 x 5 1/8 in.)
entity:artifact:2:201473,dimensions,13.1 x 15.5 cm (5 3/16 x 6 1/8 in.)
entity:artifact:2:201474,dimensions,H. 4.5 x Diam. 9.2 cm (1 3/4 x 3 5/8 in.)
entity:artifact:2:201475,dimensions,H. 10 x Diam. 7.8 cm (3 15/16 x 3 1/16 in.)
entity:artifact:2:201478,dimensions,7.9 x 10.2 cm (3 1/8 x 4 in.)
entity:artifact:2:201479,dimensions,3.8 x 1.7 cm (1 1/2 x 11/16 in.)
entity:artifact:2:201480,dimensions,10.4 x 4.3 cm (4 1/8 x 1 11/16 in.)
entity:artifact:2:201481,dimensions,5.9 x 22.5 cm (2 5/16 x 8 7/8 in.)
entity:artifact:2:201482,dimensions,4.5 x 13.9 cm (1 3/4 x 5 1/2 in.)
entity:artifact:2:201483,dimensions,13.3 x 13.7 cm (5 1/4 x 5 3/8 in.)
entity:artifact:2:201484,dimensions,8.4 x 12.2 cm (3 5/16 x 4 13/16 in.)
entity:artifact:2:201486,dimensions,15 x 10.4 cm (5 7/8 x 4 1/8 in.)
entity:artifact:2:201487,dimensions,8.5 x 12.5 cm (3 3/8 x 4 15/16 in.)
entity:artifact:2:201491,dimensions,86.4 cm (34 in.)
entity:artifact:2:201494,dimensions,15.88 cm (6 1/4 in.)
entity:artifact:2:201495,dimensions,H. 2.54 x Diam. 10.8 cm (1 x 4 1/4 in.)
entity:artifact:2:201502,dimensions,H. 26.5 x W. 50.3 cm (10 7/16 x 19 13/16 in.)
entity:artifact:2:201507,dimensions,including cover: H. 4.2 x W. 6.8 x D. 6.1 cm (1 5/8 x 2 11/16 x 2 3/8 in.)
entity:artifact:2:201508,dimensions,11.7 x 4.1 x 3.5 cm (4 5/8 x 1 5/8 x 1 3/8 in.)
entity:artifact:2:201518,dimensions,7.2 x 4 x 1.3 cm (2 13/16 x 1 9/16 x 1/2 in.)
entity:artifact:2:201519,dimensions,frontispiece: 27.4 x 44.1 cm (10 13/16 x 17 3/8 in.)
entity:artifact:2:201528,dimensions,H. 16.8 x W. 50.1 cm (6 5/8 x 19 3/4 in.)
entity:artifact:2:201529,dimensions,8.3 x 5.3 x 0.7 cm (3 1/4 x 2 1/16 x 1/4 in.)
entity:artifact:2:201530,dimensions,H. 12.5 x Diam. 11.2 cm (4 15/16 x 4 7/16 in.)
entity:artifact:2:201531,dimensions,17.2 x 16.5 x 20.1 cm (6 3/4 x 6 1/2 x 7 15/16 in.)
entity:artifact:2:201532,dimensions,18.3 x 18.7 x 17.2 cm (7 3/16 x 7 3/8 x 6 3/4 in.)
entity:artifact:2:201533,dimensions,30.2 x 11.4 cm (11 7/8 x 4 1/2 in.)
entity:artifact:2:201536,dimensions,13.1 x 5.7 cm (5 3/16 x 2 1/4 in.)
entity:artifact:2:201537,dimensions,6.7 x 14.2 cm (2 5/8 x 5 9/16 in.)
entity:artifact:2:201539,dimensions,11 x 12.6 cm (4 5/16 x 4 15/16 in.)
entity:artifact:2:201540,dimensions,12.5 x 13.8 cm (4 15/16 x 5 7/16 in.)
entity:artifact:2:201541,dimensions,10.9 x 14.6 cm (4 5/16 x 5 3/4 in.)
entity:artifact:2:201542,dimensions,9 x 14.2 cm (3 9/16 x 5 9/16 in.)
entity:artifact:2:201543,dimensions,10.2 x 4.4 cm (4 x 1 3/4 in.)
entity:artifact:2:201544,dimensions,5.8 x 9.7 cm (2 5/16 x 3 13/16 in.)
entity:artifact:2:201546,dimensions,24.4 x 15.1 cm (9 5/8 x 5 15/16 in.)
entity:artifact:2:201550,dimensions,including cover: H. 5.8 x Diam. 7.3 cm (2 5/16 x 2 7/8 in.)
entity:artifact:2:201551,dimensions,9 x 4.5 x 3 cm (3 9/16 x 1 3/4 x 1 3/16 in.)
entity:artifact:2:201552,dimensions,13.2 x 4.8 x 2.9 cm (5 3/16 x 1 7/8 x 1 1/8 in.)
entity:artifact:2:201553,dimensions,H. 7.5 x W. 209.8 cm (2 15/16 x 82 5/8 in.)
entity:artifact:2:201554,dimensions,H. 16.6 x W. 22.1 cm (6 9/16 x 8 11/16 in.)
entity:artifact:2:201558,dimensions,4.6 x 16.5 cm (1 13/16 x 6 1/2 in.)
entity:artifact:2:201559,dimensions,7.2 x 19.1 cm (2 13/16 x 7 1/2 in.)
entity:artifact:2:201560,dimensions,9.2 x 13.5 cm (3 5/8 x 5 5/16 in.)
entity:artifact:2:201561,dimensions,5.3 x 11.1 cm (2 1/16 x 4 3/8 in.)
entity:artifact:2:201562,dimensions,16 x 17.1 cm (6 5/16 x 6 3/4 in.)
entity:artifact:2:201563,dimensions,6.1 x 9.3 cm (2 3/8 x 3 11/16 in.)
entity:artifact:2:201564,dimensions,8.2 x 13.7 cm (3 1/4 x 5 3/8 in.)
entity:artifact:2:201565,dimensions,24.6 x 8.8 cm (9 11/16 x 3 7/16 in.)
entity:artifact:2:201571,dimensions,31.75 cm (12 1/2 in.)
entity:artifact:2:201591,dimensions,23.9 x 12.2 cm (9 7/16 x 4 13/16 in.)
entity:artifact:2:201592,dimensions,20.2 x 11.1 cm (7 15/16 x 4 3/8 in.)
entity:artifact:2:201593,dimensions,14 x 5.6 cm (5 1/2 x 2 3/16 in.)
entity:artifact:2:201594,dimensions,17.6 x 7.5 cm (6 15/16 x 2 15/16 in.)
entity:artifact:2:201595,dimensions,20 x 5.9 cm (7 7/8 x 2 5/16 in.)
entity:artifact:2:201610,dimensions,H. 5.1 × W. 4.4 × D. 4.4 cm (2 × 1 3/4 × 1 3/4 in.)
entity:artifact:2:201611,dimensions,13.02 x 8.26 cm (5 1/8 x 3 1/4 in.)
entity:artifact:2:201613,dimensions,26.67 x 16.19 cm (10 1/2 x 6 3/8 in.)
entity:artifact:2:201614,dimensions,26.67 x 16.19 cm (10 1/2 x 6 3/8 in.)
entity:artifact:2:201615,dimensions,26.67 x 16.19 cm (10 1/2 x 6 3/8 in.)
entity:artifact:2:201616,dimensions,26.67 x 16.19 cm (10 1/2 x 6 3/8 in.)
entity:artifact:2:201636,dimensions,18.4 x 13.7 x 10.5 cm (7 1/4 x 5 3/8 x 4 1/8 in.)
entity:artifact:2:201637,dimensions,23.8 x 12 cm (9 3/8 x 4 3/4 in.)
entity:artifact:2:201644,dimensions,11.2 x 5.2 cm (4 7/16 x 2 1/16 in.)
entity:artifact:2:201645,dimensions,3.2 x 2.2 cm (1 1/4 x 7/8 in.)
entity:artifact:2:201646,dimensions,10.9 x 4.7 cm (4 5/16 x 1 7/8 in.)
entity:artifact:2:201647,dimensions,3.3 x 15.4 cm (1 5/16 x 6 1/16 in.)
entity:artifact:2:201648,dimensions,14.8 x 8.1 cm (5 13/16 x 3 3/16 in.)
entity:artifact:2:201649,dimensions,6.2 x 7.2 cm (2 7/16 x 2 13/16 in.)
entity:artifact:2:201650,dimensions,5.9 x 14.3 cm (2 5/16 x 5 5/8 in.)
entity:artifact:2:201657,dimensions,9.9 x 14.9 cm (3 7/8 x 5 7/8 in.)
entity:artifact:2:201659,dimensions,23.8 x 10.3 cm (9 3/8 x 4 1/16 in.)
entity:artifact:2:201660,dimensions,19.3 x 11.2 cm (7 5/8 x 4 7/16 in.)
entity:artifact:2:201661,dimensions,11.6 x 4.9 x 4 cm (4 9/16 x 1 15/16 x 1 9/16 in.)
entity:artifact:2:201664,dimensions,4.8 x 10.8 cm (1 7/8 x 4 1/4 in.)
entity:artifact:2:201665,dimensions,24 x 10 cm (9 7/16 x 3 15/16 in.)
entity:artifact:2:201666,dimensions,25.5 x 9.3 cm (10 1/16 x 3 11/16 in.)
entity:artifact:2:201667,dimensions,10.4 x 4.2 x 3.9 cm (4 1/8 x 1 5/8 x 1 9/16 in.)
entity:artifact:2:201668,dimensions,8.8 x 4.2 x 2.9 cm (3 7/16 x 1 5/8 x 1 1/8 in.)
entity:artifact:2:201669,dimensions,8.5 x 3.3 x 3 cm (3 3/8 x 1 5/16 x 1 3/16 in.)
entity:artifact:2:201670,dimensions,4.7 x 1.7 x 1.1 cm (1 7/8 x 11/16 x 7/16 in.)
entity:artifact:2:201671,dimensions,9.6 x 15 cm (3 3/4 x 5 7/8 in.)
entity:artifact:2:201672,dimensions,5.5 x 16 cm (2 3/16 x 6 5/16 in.)
entity:artifact:2:201673,dimensions,7.7 x 16.2 cm (3 1/16 x 6 3/8 in.)
entity:artifact:2:201677,dimensions,21.4 x 27.2 cm (8 7/16 x 10 11/16 in.)
entity:artifact:2:201678,dimensions,Diam. 28.9 x H. 2.1 cm (11 3/8 x 13/16 in.)
entity:artifact:2:201680,dimensions,H. 29.3 x Diam. 16.2 cm (11 9/16 x 6 3/8 in.)
entity:artifact:2:201681,dimensions,H. 17.7 x Diam. 7 cm (6 15/16 x 2 3/4 in.)
entity:artifact:2:201682,dimensions,H. 70.5 x W. (across sleeves) 152.4 cm (27 3/4 x 60 in.)
entity:artifact:2:201685,dimensions,5 x 5.2 x 5.2 cm (1 15/16 x 2 1/16 x 2 1/16 in.)
entity:artifact:2:201686,dimensions,H. 16.6 cm (6 9/16 in.)
entity:artifact:2:201687,dimensions,"rock: H. 66 x W. 35 cm (26 x 13 3/4 in.)
rock with base: H. 76.9 x W. 35 x D. 20.5 cm (30 1/4 x 13 3/4 x 8 1/16 in.)"
entity:artifact:2:201688,dimensions,32.4 x 23.5 cm (12 3/4 x 9 1/4 in.)
entity:artifact:2:201689,dimensions,33.7 x 22.8 cm (13 1/4 x 9 in.)
entity:artifact:2:201690,dimensions,paper: 35.2 x 24.1 cm (13 7/8 x 9 1/2 in.)
entity:artifact:2:201692,dimensions,sight: 57.3 x 11.1 cm (22 9/16 x 4 3/8 in.)
entity:artifact:2:201693,dimensions,including cover: H. 3 x Diam. 8.8 cm (1 3/16 x 3 7/16 in.)
entity:artifact:2:201694,dimensions,H. 9 x Diam. 8.3 cm (3 9/16 x 3 1/4 in.)
entity:artifact:2:201695,dimensions,H. 15.1 x W. 19.9 x D. 1.4 cm (5 15/16 x 7 13/16 x 9/16 in.)
entity:artifact:2:201698,dimensions,Diam. 10.8 cm (4 1/4 in.)
entity:artifact:2:201699,dimensions,H. 12.7 cm (5 in.)
entity:artifact:2:201704,dimensions,H. 8.26 cm (3 1/4 in.)
entity:artifact:2:201705,dimensions,33.02 cm (13 in.)
entity:artifact:2:201706,dimensions,17.78 x 33.97 cm (7 x 13 3/8 in.)
entity:artifact:2:201714,dimensions,10 x 10.8 cm (3 15/16 x 4 1/4 in.)
entity:artifact:2:201715,dimensions,8.1 x 8.1 cm (3 3/16 x 3 3/16 in.)
entity:artifact:2:201716,dimensions,3.1 x 9.2 cm (1 1/4 x 3 5/8 in.)
entity:artifact:2:201717,dimensions,6.5 x 7 cm (2 9/16 x 2 3/4 in.)
entity:artifact:2:201719,dimensions,7.8 x 4.7 cm (3 1/16 x 1 7/8 in.)
entity:artifact:2:201720,dimensions,10.3 x 10.3 cm (4 1/16 x 4 1/16 in.)
entity:artifact:2:201721,dimensions,11 x 13 cm (4 5/16 x 5 1/8 in.)
entity:artifact:2:201722,dimensions,5.4 x 4.6 cm (2 1/8 x 1 13/16 in.)
entity:artifact:2:201723,dimensions,9.2 x 6.1 cm (3 5/8 x 2 3/8 in.)
entity:artifact:2:201724,dimensions,5.6 x 4.1 cm (2 3/16 x 1 5/8 in.)
entity:artifact:2:201725,dimensions,6.2 x 7.4 cm (2 7/16 x 2 15/16 in.)
entity:artifact:2:201726,dimensions,12 x 10.8 cm (4 3/4 x 4 1/4 in.)
entity:artifact:2:201737,dimensions,H. 2.54 x Diam. 10.8 cm (1 x 4 1/4 in.)
entity:artifact:2:201742,dimensions,5.3 x 10.8 cm (2 1/16 x 4 1/4 in.)
entity:artifact:2:201743,dimensions,Diam. 6 cm (2 3/8 in.)
entity:artifact:2:201744,dimensions,38.8 x 44 cm (15 1/4 x 17 5/16 in.)
entity:artifact:2:201751,dimensions,"painting proper: H. 65.5 × W. 30 cm (25 13/16 × 11 13/16 in.)
overall mounting including roller ends and suspension cord: H. 246.1 × W. 59.7 cm (96 7/8 × 23 1/2 in.)"
entity:artifact:2:201753,dimensions,H. 2.5 x Diam. 14.6 cm (1 x 5 3/4 in.)
entity:artifact:2:201757,dimensions,4.8 x 20.3 cm (1 7/8 x 8 in.)
entity:artifact:2:201758,dimensions,4.9 x 12.4 x 19.5 cm (1 15/16 x 4 7/8 x 7 11/16 in.)
entity:artifact:2:201759,dimensions,8.8 x 13.2 cm (3 7/16 x 5 3/16 in.)
entity:artifact:2:201760,dimensions,2.9 x 5 cm (1 1/8 x 1 15/16 in.)
entity:artifact:2:201761,dimensions,4.5 x 14.6 x 4.9 cm (1 3/4 x 5 3/4 x 1 15/16 in.)
entity:artifact:2:201762,dimensions,10.4 x 4.8 cm (4 1/8 x 1 7/8 in.)
entity:artifact:2:201763,dimensions,6.6 x 10.5 cm (2 5/8 x 4 1/8 in.)
entity:artifact:2:201764,dimensions,8 x 11.8 cm (3 1/8 x 4 5/8 in.)
entity:artifact:2:201765,dimensions,3.8 x 11.3 x 14.8 cm (1 1/2 x 4 7/16 x 5 13/16 in.)
entity:artifact:2:201766,dimensions,4.8 x 17.4 cm (1 7/8 x 6 7/8 in.)
entity:artifact:2:201767,dimensions,8.4 x 10.4 cm (3 5/16 x 4 1/8 in.)
entity:artifact:2:201774,dimensions,H. 7.4 x Diam. 21.7 cm (2 15/16 x 8 9/16 in.)
entity:artifact:2:201778,dimensions,"max.: H. 9.8 × Diam. 14.5 cm (3 7/8 × 5 11/16 in.)
mouth: Diam. 14.3 cm (5 5/8 in.)"
entity:artifact:2:201779,dimensions,H. 17.2 x Diam. 7 cm (6 3/4 x 2 3/4 in.)
entity:artifact:2:201780,dimensions,1.3 x 3.6 x 0.4 cm (1/2 x 1 7/16 x 3/16 in.)
entity:artifact:2:201781,dimensions,4.2 x 4.2 cm (1 5/8 x 1 5/8 in.)
entity:artifact:2:201782,dimensions,81.2 x 60 cm (31 15/16 x 23 5/8 in.)
entity:artifact:2:201783,dimensions,H. 16.2 x Diam. 16 cm (6 3/8 x 6 5/16 in.)
entity:artifact:2:201784,dimensions,H. 22.8 x Diam. 13.7 cm (9 x 5 3/8 in.)
entity:artifact:2:201785,dimensions,including cover: H. 6.2 x Diam. 11.1 cm (2 7/16 x 4 3/8 in.)
entity:artifact:2:201786,dimensions,H. 17.7 x Diam. 10 cm (6 15/16 x 3 15/16 in.)
entity:artifact:2:201787,dimensions,H. 5.1 x Diam. 13.6 cm (2 x 5 3/8 in.)
entity:artifact:2:201792,dimensions,including cover: 42.8 x 21 x 21 cm (16 7/8 x 8 1/4 x 8 1/4 in.)
entity:artifact:2:201793,dimensions,"97.8 x 37.7 cm (38 1/2 x 14 13/16 in.)
mounting: 185.4 x 61 cm (73 x 24 in.)"
entity:artifact:2:201794,dimensions,H. 20.1 x Diam. 17.1 cm (7 15/16 x 6 3/4 in.)
entity:artifact:2:201795,dimensions,H. 11.4 x Diam. 13 cm (4 1/2 x 5 1/8 in.)
entity:artifact:2:201796,dimensions,Diam. 6.9 cm (2 11/16 in.)
entity:artifact:2:201797,dimensions,14.1 x 30.4 x 17.5 cm (5 9/16 x 11 15/16 x 6 7/8 in.)
entity:artifact:2:201798,dimensions,H. 1.5 x Diam. 14.3 cm (9/16 x 5 5/8 in.)
entity:artifact:2:201801,dimensions,4.3 x 3.8 cm (1 11/16 x 1 1/2 in.)
entity:artifact:2:201802,dimensions,including cover: H. 3 x Diam. 6.6 cm (1 3/16 x 2 5/8 in.)
entity:artifact:2:201803,dimensions,1.6 x 15.3 x 2.8 cm (5/8 x 6 x 1 1/8 in.)
entity:artifact:2:201804,dimensions,H. 1.8 x Diam. 12.8 cm (11/16 x 5 1/16 in.)
entity:artifact:2:201805,dimensions,30.3 x 12.8 x 16.2 cm (11 15/16 x 5 1/16 x 6 3/8 in.)
entity:artifact:2:201806,dimensions,27.7 x 13.2 x 16.3 cm (10 7/8 x 5 3/16 x 6 7/16 in.)
entity:artifact:2:201807,dimensions,H. 27.0 x W. 13.1 x D. 13.1 cm (10 5/8 x 5 3/16 x 5 3/16 in.)
entity:artifact:2:201808,dimensions,H. 8.2 x W. 8 x Depth. 7.4 cm (3 1/4 x 3 1/8 x 2 15/16 in.)
entity:artifact:2:201813,dimensions,34.61 cm (13 5/8 in.)
entity:artifact:2:201816,dimensions,4.76 x 11.11 cm (1 7/8 x 4 3/8 in.)
entity:artifact:2:201817,dimensions,H. 34.29 x Diam. 21.59 cm (13 1/2 x 8 1/2 in.)
entity:artifact:2:201818,dimensions,H. 26.04 x Diam. 26.35 cm (10 1/4 x 10 3/8 in.)
entity:artifact:2:201819,dimensions,5.3 x 10.8 cm (2 1/16 x 4 1/4 in.)
entity:artifact:2:201820,dimensions,32 x 20.3 cm (12 5/8 x 8 in.)
entity:artifact:2:201827,dimensions,16.5 x 11.2 x 1.1 cm (6 1/2 x 4 7/16 x 7/16 in.)
entity:artifact:2:201828,dimensions,10.4 x 3.3 x 1.2 cm (4 1/8 x 1 5/16 x 1/2 in.)
entity:artifact:2:201829,dimensions,6.3 x 2.7 x 1.2 cm (2 1/2 x 1 1/16 x 1/2 in.)
entity:artifact:2:201830,dimensions,7.2 x 16.4 cm (2 13/16 x 6 7/16 in.)
entity:artifact:2:201831,dimensions,7.3 x 13 cm (2 7/8 x 5 1/8 in.)
entity:artifact:2:201832,dimensions,5.4 x 16.3 cm (2 1/8 x 6 7/16 in.)
entity:artifact:2:201833,dimensions,1.8 x 16.2 cm (11/16 x 6 3/8 in.)
entity:artifact:2:201834,dimensions,4.3 x 18.1 cm (1 11/16 x 7 1/8 in.)
entity:artifact:2:201835,dimensions,2.3 x 19 cm (7/8 x 7 1/2 in.)
entity:artifact:2:201836,dimensions,4.1 x 14.4 cm (1 5/8 x 5 11/16 in.)
entity:artifact:2:201837,dimensions,10.7 x 20.2 cm (4 3/16 x 7 15/16 in.)
entity:artifact:2:201838,dimensions,7.2 x 16.4 cm (2 13/16 x 6 7/16 in.)
entity:artifact:2:201839,dimensions,11.9 x 14.7 cm (4 11/16 x 5 13/16 in.)
entity:artifact:2:201840,dimensions,H. 4.7 x Diam. 18.5 cm (1 7/8 x 7 5/16 in.)
entity:artifact:2:201841,dimensions,H. 4.8 x Diam. 5.9 cm (1 7/8 x 2 5/16 in.)
entity:artifact:2:201842,dimensions,H. 11.8 x Diam. 6.8 cm (4 5/8 x 2 11/16 in.)
entity:artifact:2:201843,dimensions,H. 11.8 x Diam. 6.8 cm (4 5/8 x 2 11/16 in.)
entity:artifact:2:201844,dimensions,H. 15.2 x Diam. 9.5 x W. (across spout) 12.5 cm (6 x 3 3/4 x 4 15/16 in.)
entity:artifact:2:201849,dimensions,H. 13.4 x Diam. 18 cm (5 1/4 x 7 1/16 in.)
entity:artifact:2:201850,dimensions,painting proper max.: H. 22.2 x W. 49.8 cm (8 3/4 x 19 5/8 in.)
entity:artifact:2:201851,dimensions,sight: H. 15.4 x L. 33 cm (6 1/16 x 13 in.)
entity:artifact:2:201854,dimensions,"each printed page: H. 24.3 x W. 31.1 cm (9 9/16 x 12 1/4 in.)
each album page, with mounting: H. 26.4 x W. 32.7 cm (10 3/8 x 12 7/8 in.)
album closed: H. 26.4 x W. 32.7 x D. 6.4 cm (10 3/8 x 12 7/8 x 2 1/2 in.)"
entity:artifact:2:201884,dimensions,H. 13.7 x Diam. 16.5 cm (5 3/8 x 6 1/2 in.)
entity:artifact:2:201885,dimensions,Diam. 19.2 cm (7 9/16 in.)
entity:artifact:2:201904,dimensions,21.5 cm (8 7/16 in.)
entity:artifact:2:201905,dimensions,H. 28.5 x W. 15.5 x D. 13 cm (11 1/4 x 6 1/8 x 5 1/8 in.)
entity:artifact:2:201927,dimensions,35.6 x 29.6 cm (14 x 11 5/8 in.)
entity:artifact:2:201928,dimensions,35.6 x 29.6 cm (14 x 11 5/8 in.)
entity:artifact:2:201929,dimensions,35.6 x 29.6 cm (14 x 11 5/8 in.)
entity:artifact:2:201930,dimensions,35.6 x 29.6 cm (14 x 11 5/8 in.)
entity:artifact:2:201931,dimensions,35.6 x 29.6 cm (14 x 11 5/8 in.)
entity:artifact:2:201934,dimensions,26.67 cm (10 1/2 in.)
entity:artifact:2:201936,dimensions,"17.5 × 57.3 cm (6 7/8 × 22 9/16 in.)
mat: 55.9 × 71.1 cm (22 × 28 in.)"
entity:artifact:2:201939,dimensions,12.4 x 8.5 cm (4 7/8 x 3 3/8 in.)
entity:artifact:2:201940,dimensions,7.5 x 7.7 cm (2 15/16 x 3 1/16 in.)
entity:artifact:2:201941,dimensions,9 x 4.3 x 3.7 cm (3 9/16 x 1 11/16 x 1 7/16 in.)
entity:artifact:2:201942,dimensions,12.1 x 4.7 x 4.1 cm (4 3/4 x 1 7/8 x 1 5/8 in.)
entity:artifact:2:201943,dimensions,6.7 x 4 x 3.8 cm (2 5/8 x 1 9/16 x 1 1/2 in.)
entity:artifact:2:201944,dimensions,8.8 x 4.7 x 2 cm (3 7/16 x 1 7/8 x 13/16 in.)
entity:artifact:2:201945,dimensions,6.6 x 13.7 cm (2 5/8 x 5 3/8 in.)
entity:artifact:2:201947,dimensions,23.5 x 32.39 cm (9 1/4 x 12 3/4 in.)
entity:artifact:2:201948,dimensions,9.84 x 20.32 cm (3 7/8 x 8 in.)
entity:artifact:2:201949,dimensions,W. 21.3 x D. 6 cm (8 3/8 x 2 3/8 in.)
entity:artifact:2:201956,dimensions,Diam. 12.4 cm (4 7/8 in.)
entity:artifact:2:201957,dimensions,Diam. 12.4 cm (4 7/8 in.)
entity:artifact:2:201963,dimensions,46.8 cm (18 7/16 in.)
entity:artifact:2:201965,dimensions,H. 25.3 cm (9 15/16 in.)
entity:artifact:2:201973,dimensions,sight: H. 25 x W. 28.8 cm (9 13/16 x 11 5/16 in.)
entity:artifact:2:201974,dimensions,sight: H. 25 x W. 28.8 cm (9 13/16 x 11 5/16 in.)
entity:artifact:2:201975,dimensions,H. 31 x Diam. 15.6 cm (12 3/16 x 6 1/8 in.)
entity:artifact:2:201976,dimensions,"painting proper: H. 140.2 × W. 94.5 cm (55 3/16 × 37 3/16 in.)
overall mounting, including roller ends and suspension cord: H. 245.5 × W. 122.8 cm (96 5/8 × 48 3/8 in.)"
entity:artifact:2:201977,dimensions,32.7 x 21.6 cm (12 7/8 x 8 1/2 in.)
entity:artifact:2:201978,dimensions,H. 5.9 x W. 14.9 cm (2 5/16 x 5 7/8 in.)
entity:artifact:2:201979,dimensions,H. 31.3 cm (12 5/16 in.)
entity:artifact:2:201980,dimensions,33.3 x 21.9 cm (13 1/8 x 8 5/8 in.)
entity:artifact:2:201983,dimensions,H. 11.2 x W. 22.7 x D. 5.6 cm (4 7/16 x 8 15/16 x 2 3/16 in.)
entity:artifact:2:201993,dimensions,54.61 x 36.83 cm (21 1/2 x 14 1/2 in.)
entity:artifact:2:201998,dimensions,H. 10.16 x Diam. 19.37 cm (4 x 7 5/8 in.)
entity:artifact:2:202004,dimensions,11.7 x 10.6 cm (4 5/8 x 4 3/16 in.)
entity:artifact:2:202005,dimensions,5.2 x 12.4 cm (2 1/16 x 4 7/8 in.)
entity:artifact:2:202008,dimensions,12.5 x 5.8 cm (4 15/16 x 2 5/16 in.)
entity:artifact:2:202009,dimensions,16.8 x 8 cm (6 5/8 x 3 1/8 in.)
entity:artifact:2:202010,dimensions,11.6 x 4.1 x 4.1 cm (4 9/16 x 1 5/8 x 1 5/8 in.)
entity:artifact:2:202011,dimensions,8.3 x 5.2 x 2 cm (3 1/4 x 2 1/16 x 13/16 in.)
entity:artifact:2:202012,dimensions,7.6 x 16 cm (3 x 6 5/16 in.)
entity:artifact:2:202013,dimensions,24.2 x 14 cm (9 1/2 x 5 1/2 in.)
entity:artifact:2:202014,dimensions,8.5 x 18 cm (3 3/8 x 7 1/16 in.)
entity:artifact:2:202015,dimensions,10.2 x 10.9 cm (4 x 4 5/16 in.)
entity:artifact:2:202016,dimensions,3.1 x 9.2 cm (1 1/4 x 3 5/8 in.)
entity:artifact:2:202022,dimensions,32.4 x 22.9 cm (12 3/4 x 9 in.)
entity:artifact:2:202023,dimensions,"19.7 x 49.3 cm (7 3/4 x 19 7/16 in.)
frame: 59.1 x 74.3 cm (23 1/4 x 29 1/4 in.)"
entity:artifact:2:202024,dimensions,18.3 x 10.5 x 7.3 cm (7 3/16 x 4 1/8 x 2 7/8 in.)
entity:artifact:2:202026,dimensions,L. 23.6 x W. 33.5 cm (9 5/16 x 13 3/16 in.)
entity:artifact:2:202027,dimensions,H. 3.6 x Diam. 17.5 cm (1 7/16 x 6 7/8 in.)
entity:artifact:2:202028,dimensions,H. 4.8 x Diam. 5.9 cm (1 7/8 x 2 5/16 in.)
entity:artifact:2:202029,dimensions,H. 7.5 x Diam. 8.1 cm (2 15/16 x 3 3/16 in.)
entity:artifact:2:202036,dimensions,35.6 x 29.6 cm (14 x 11 5/8 in.)
entity:artifact:2:202037,dimensions,35.6 x 29.6 cm (14 x 11 5/8 in.)
entity:artifact:2:202039,dimensions,3.18 x 6.99 cm (1 1/4 x 2 3/4 in.)
entity:artifact:2:202040,dimensions,H. 10.16 x Diam. 19.37 cm (4 x 7 5/8 in.)
entity:artifact:2:202041,dimensions,8.89 x 11.75 cm (3 1/2 x 4 5/8 in.)
entity:artifact:2:202042,dimensions,22.86 x 23.5 cm (9 x 9 1/4 in.)
entity:artifact:2:202043,dimensions,2.8 cm (1 1/8 in.)
entity:artifact:2:202044,dimensions,Diam. 15 x Depth 0.6 cm (5 7/8 x 1/4 in.)
entity:artifact:2:202045,dimensions,D. 0.6 x Diam. 7.7 cm (1/4 x 3 1/16 in.)
entity:artifact:2:202046,dimensions,18.8 x 19 cm (7 3/8 x 7 1/2 in.)
entity:artifact:2:202048,dimensions,with cover: H. 73 cm (28 3/4 in.)
entity:artifact:2:202049,dimensions,30.7 x 10.5 x 6 cm (12 1/16 x 4 1/8 x 2 3/8 in.)
entity:artifact:2:202052,dimensions,"max.: H. 7.4 × Diam. 16.1 cm (2 15/16 × 6 5/16 in.)
foot: Diam. 5.3 cm (2 1/16 in.)"
entity:artifact:2:202053,dimensions,Diam. 13.2 cm (5 3/16 in.)
entity:artifact:2:202061,dimensions,12 x 14.7 cm (4 3/4 x 5 13/16 in.)
entity:artifact:2:202062,dimensions,14.6 x 12.2 cm (5 3/4 x 4 13/16 in.)
entity:artifact:2:202063,dimensions,12.8 x 11.5 x 11.2 cm (5 1/16 x 4 1/2 x 4 7/16 in.)
entity:artifact:2:202064,dimensions,8.6 x 11.4 cm (3 3/8 x 4 1/2 in.)
entity:artifact:2:202065,dimensions,7 x 11.9 cm (2 3/4 x 4 11/16 in.)
entity:artifact:2:202071,dimensions,10.5 x 29.5 cm (4 1/8 x 11 5/8 in.)
entity:artifact:2:202072,dimensions,91.2 x 29.2 cm (35 7/8 x 11 1/2 in.)
entity:artifact:2:202074,dimensions,H. 6.35 cm (2 1/2 in.)
entity:artifact:2:202084,dimensions,H. 31.8 x W. 8.3 cm (12 1/2 x 3 1/4 in.)
entity:artifact:2:202085,dimensions,H. 6.5 x Diam. 18.5 cm (2 9/16 x 7 5/16 in.)
entity:artifact:2:202089,dimensions,H. 9 x Diam. 19.4 cm (3 9/16 x 7 5/8 in.)
entity:artifact:2:202109,dimensions,H. 15 x W. 14 cm (5 7/8 x 5 1/2 in.)
entity:artifact:2:202111,dimensions,"3.3 x 5.7 x 1.3 cm (1 5/16 x 2 1/4 x 1/2 in.)
unspecified: 41 g"
entity:artifact:2:202114,dimensions,27.4 x 25.6 cm (10 13/16 x 10 1/16 in.)
entity:artifact:2:202115,dimensions,31.75 x 27.31 cm (12 1/2 x 10 3/4 in.)
entity:artifact:2:202116,dimensions,sight: H. 25 x W. 28.8 cm (9 13/16 x 11 5/16 in.)
entity:artifact:2:202117,dimensions,sight: H. 25 x W. 28.8 cm (9 13/16 x 11 5/16 in.)
entity:artifact:2:202119,dimensions,paper: 49.2 x 31.1 cm (19 3/8 x 12 1/4 in.)
entity:artifact:2:202120,dimensions,33 x 25.4 cm (13 x 10 in.)
entity:artifact:2:202121,dimensions,"painting proper: H. 109.2 × W. 57 cm (43 × 22 7/16 in.)
overall mounting, including roller ends and suspension cord: H. 175.3 × W. 83.2 cm (69 × 32 3/4 in.)"
entity:artifact:2:202122,dimensions,5.7 x 7.1 cm (2 1/4 x 2 13/16 in.)
entity:artifact:2:202126,dimensions,H. 4.6 x W. 18 cm (1 13/16 x 7 1/16 in.)
entity:artifact:2:202127,dimensions,H. 22.9 x W. 18.4 cm (9 x 7 1/4 in.)
entity:artifact:2:202128,dimensions,"painting proper: H. 139.5 × W. 94.2 cm (54 15/16 × 37 1/16 in.)
overall mounting, including roller ends and suspension cord: H. 245.9 × W. 122.8 cm (96 13/16 × 48 3/8 in.)"
entity:artifact:2:202130,dimensions,sight: H. 25 x W. 28.8 cm (9 13/16 x 11 5/16 in.)
entity:artifact:2:202131,dimensions,sight: H. 25 x W. 28.8 cm (9 13/16 x 11 5/16 in.)
entity:artifact:2:202132,dimensions,34.3 x 26.7 cm (13 1/2 x 10 1/2 in.)
entity:artifact:2:202133,dimensions,H. 11.4 x Diam. 9.4 cm (4 1/2 x 3 11/16 in.)
entity:artifact:2:202134,dimensions,Diam. 13 cm (5 1/8 in.)
entity:artifact:2:202136,dimensions,H. 42.5 x L. 228.6 cm (16 3/4 x 90 in.)
entity:artifact:2:202181,dimensions,H. 7.2 x Diam. 18.5 cm (2 13/16 x 7 5/16 in.)
entity:artifact:2:202185,dimensions,8.3 x 5.8 cm (3 1/4 x 2 5/16 in.)
entity:artifact:2:202200,dimensions,Diam. 18.2 cm (7 3/16 in.)
entity:artifact:2:202213,dimensions,H. 2.9 x W. 5.1 cm (1 1/8 x 2 in.)
entity:artifact:2:202239,dimensions,H. 5.2 x Diam. 8.1 cm (2 1/16 x 3 3/16 in.)
entity:artifact:2:202259,dimensions,paper: 34.9 x 25.1 cm (13 3/4 x 9 7/8 in.)
entity:artifact:2:202260,dimensions,171.5 x 41.2 cm (67 1/2 x 16 1/4 in.)
entity:artifact:2:202261,dimensions,30.5 cm (12 in.)
entity:artifact:2:202266,dimensions,H. 8.6 x Diam. 15.2 cm (3 3/8 x 6 in.)
entity:artifact:2:202267,dimensions,H. 8.6 x Diam. 15.2 cm (3 3/8 x 6 in.)
entity:artifact:2:202281,dimensions,33.3 x 25.9 cm (13 1/8 x 10 3/16 in.)
entity:artifact:2:202282,dimensions,paper: 48.2 x 31.7 cm (19 x 12 1/2 in.)
entity:artifact:2:202283,dimensions,paper: 49.5 x 31.1 cm (19 1/2 x 12 1/4 in.)
entity:artifact:2:202284,dimensions,paper: 48.2 x 31.1 cm (19 x 12 1/4 in.)
entity:artifact:2:202285,dimensions,paper: 48.5 x 30.7 cm (19 1/8 x 12 1/16 in.)
entity:artifact:2:202286,dimensions,paper: 48.2 x 30.7 cm (19 x 12 1/16 in.)
entity:artifact:2:202287,dimensions,painting proper max.: H. 22.2 x W. 48.6 cm (8 3/4 x 19 1/8 in.)
entity:artifact:2:202288,dimensions,painting proper max.: H. 23.9 x W. 52.9 cm (9 7/16 x 20 13/16 in.)
entity:artifact:2:202366,dimensions,141 x 213 cm (55 1/2 x 83 7/8 in.)
entity:artifact:2:202370,dimensions,"painting proper: H. 119.5 x W. 62.3 cm (47 1/16 x 24 1/2 in.)
overall mounting with roller ends and cord: H. 263.5 x W. 89.5 cm (103 3/4 x 35 1/4 in.)"
entity:artifact:2:202371,dimensions,184.5 x 82.2 cm (72 5/8 x 32 3/8 in.)
entity:artifact:2:202379,dimensions,max.: H. 23.5 x W. 22.8 cm (9 1/4 x 9 in.)
entity:artifact:2:202380,dimensions,"painting proper: H. 73.6 × W. 39.3 cm (29 × 15 1/2 in.)
overall mounting including roller ends and suspension cord: H. 196.2 × W. 65.4 cm (77 1/4 × 25 3/4 in.)"
entity:artifact:2:202382,dimensions,"7.7 x 1.2 x 0.4 cm (3 1/16 x 1/2 x 3/16 in.)
unspecified: 8 g"
entity:artifact:2:202383,dimensions,"4.1 x 0.8 x 0.4 cm (1 5/8 x 5/16 x 3/16 in.)
unspecified: 2 g"
entity:artifact:2:202384,dimensions,"11.7 x 1.3 x 0.5 cm (4 5/8 x 1/2 x 3/16 in.)
unspecified: 13 g"
entity:artifact:2:202385,dimensions,"10.6 x 3.5 x 0.4 cm (4 3/16 x 1 3/8 x 3/16 in.)
unspecified: 28 g"
entity:artifact:2:202388,dimensions,"overall (max.): H. 8 × Diam. (across points) 48.9 cm (3 1/8 × 19 1/4 in.)
footring: Diam. 25.2 cm (9 15/16 in.)"
entity:artifact:2:202389,dimensions,overall dimensions (approximate): 30 x 240.5 cm (11 13/16 x 94 11/16 in.)
entity:artifact:2:202390,dimensions,overall dimensions (approximate): 29.9 x 291 cm (11 3/4 x 114 9/16 in.)
entity:artifact:2:202392,dimensions,"painting proper: H. 139.7 × W. 94.2 cm (55 × 37 1/16 in.)
overall mounting, including roller ends and suspension cord: H. 245.3 × 122.8 cm (W. 96 9/16 × 48 3/8 in.)"
entity:artifact:2:202393,dimensions,"painting proper: H. 140.1 × W. 94.3 cm (55 3/16 × 37 1/8 in.)
overall mounting, including roller ends and suspension cord: H. 246 × W. 122.8 cm (96 7/8 × 48 3/8 in.)"
entity:artifact:2:202400,dimensions,137.5 x 222 cm (54 1/8 x 87 3/8 in.)
entity:artifact:2:202433,dimensions,H. 32.5 x W. 23.5 cm (12 13/16 x 9 1/4 in.)
entity:artifact:2:202444,dimensions,"H. 24.1 x W. 11.2 x D. 11.8 cm (9 1/2 x 4 7/16 x 4 5/8 in.)
with base: H. 28.7 cm (11 5/16 in.)"
entity:artifact:2:202447,dimensions,H. 21 x W. 17 cm (8 1/4 x 6 11/16 in.)
entity:artifact:2:202448,dimensions,L. 2.5 cm (1 in.)
entity:artifact:2:202476,dimensions,"painting proper: 106.6 × 16.8 cm (41 15/16 × 6 5/8 in.)
mounting, silk only: 186.7 × 42.2 cm (73 1/2 × 16 5/8 in.)
mounting, including cord and roller: 191.1 × 45.1 cm (75 1/4 × 17 3/4 in.)"
entity:artifact:2:202477,dimensions,D. 12.38 cm (4 7/8 in.)
entity:artifact:2:202478,dimensions,H. 7.2 x W. 8.8 cm (2 13/16 x 3 7/16 in.)
entity:artifact:2:202479,dimensions,H. 11.5 x W. 6.9 x D. 5.6 cm (4 1/2 x 2 11/16 x 2 3/16 in.)
entity:artifact:2:202480,dimensions,H. 3.2 x W. 13.3 x D. 9.5 cm (1 1/4 x 5 1/4 x 3 3/4 in.)
entity:artifact:2:202487,dimensions,H. 11.2 x W. 23.1 x D. 17.3 cm (4 7/16 x 9 1/8 x 6 13/16 in.)
entity:artifact:2:202492,dimensions,H. 13.3 x Diam. 9.5 cm (5 1/4 x 3 3/4 in.)
entity:artifact:2:202494,dimensions,H. 4.6 x Diam. 20.2 cm (1 13/16 x 7 15/16 in.)
entity:artifact:2:202502,dimensions,H. 22 x Diam. 20.5 cm (8 11/16 x 8 1/16 in.)
entity:artifact:2:202504,dimensions,H. 42.9 x W. 29.8 cm (16 7/8 x 11 3/4 in.)
entity:artifact:2:202505,dimensions,painting proper: H. 130.2 x W. 62.9 cm (51 1/4 x 24 3/4 in.)
entity:artifact:2:202506,dimensions,17.4 x 12.7 cm (6 7/8 x 5 in.)
entity:artifact:2:202507,dimensions,18.6 x 18.5 x 5.7 cm (7 5/16 x 7 5/16 x 2 1/4 in.)
entity:artifact:2:202508,dimensions,H. 23 x W. 16.5 cm (9 1/16 x 6 1/2 in.)
entity:artifact:2:202509,dimensions,H. 23 x W. 16.5 cm (9 1/16 x 6 1/2 in.)
entity:artifact:2:202511,dimensions,H. 22.9 x Diam. 18.4 cm (9 x 7 1/4 in.)
entity:artifact:2:202514,dimensions,H. 27.9 cm (11 in.)
entity:artifact:2:202523,dimensions,H. 6.2 x Diam. 8.4 cm (2 7/16 x 3 5/16 in.)
entity:artifact:2:202529,dimensions,H. 25 cm (9 13/16 in.)
entity:artifact:2:202535,dimensions,H. 7.8 x Diam. 18.6 cm (3 1/16 x 7 5/16 in.)
entity:artifact:2:202578,dimensions,"painting proper: H. 61 × W. 39.2 cm (24 × 15 7/16 in.)
overall mounting, including roller ends and suspension cord: H. 197.2 × W. 47 cm (77 5/8 × 18 1/2 in.)"
entity:artifact:2:202581,dimensions,32.39 x 40.32 cm (12 3/4 x 15 7/8 in.)
entity:artifact:2:202582,dimensions,32.39 x 40.32 cm (12 3/4 x 15 7/8 in.)
entity:artifact:2:202583,dimensions,Image: H. 32.6 cm x W. 38.7 cm (12 13/16 x 15 1/4 in.)
entity:artifact:2:202603,dimensions,32.39 x 40.32 cm (12 3/4 x 15 7/8 in.)
entity:artifact:2:202604,dimensions,140 x 75 cm (55 1/8 x 29 1/2 in.)
entity:artifact:2:202608,dimensions,H. 192.1 × W. 81.3 cm (75 5/8 × 32 in.)
entity:artifact:2:202614,dimensions,H. 16.8 x W. 11 x D. 11.7 cm (6 5/8 x 4 5/16 x 4 5/8 in.)
entity:artifact:2:202634,dimensions,H. 7.4 x Diam. 8.1 cm (2 15/16 x 3 3/16 in.)
entity:artifact:2:202666,dimensions,H. 5.1 × W. 5.2 × L. 9.7 cm (2 × 2 1/16 × 3 13/16 in.)
entity:artifact:2:202690,dimensions,H. 1 x Diam. 13.2 cm (3/8 x 5 3/16 in.)
entity:artifact:2:202691,dimensions,H. 4.1 x Diam. 19.1 cm (1 5/8 x 7 1/2 in.)
entity:artifact:2:202692,dimensions,18.7 x 24.3 cm (7 3/8 x 9 9/16 in.)
entity:artifact:2:202693,dimensions,32.39 x 40.32 cm (12 3/4 x 15 7/8 in.)
entity:artifact:2:202694,dimensions,32.39 x 40.32 cm (12 3/4 x 15 7/8 in.)
entity:artifact:2:202700,dimensions,108.9 x 83.2 cm (42 7/8 x 32 3/4 in.)
entity:artifact:2:202701,dimensions,155 x 91.5 cm (61 x 36 in.)
entity:artifact:2:202703,dimensions,image only: H. 60.1 x W. 92.4 cm (23 11/16 x 36 3/8 in.)
entity:artifact:2:202712,dimensions,32.3 x 31.3 cm (12 11/16 x 12 5/16 in.)
entity:artifact:2:202734,dimensions,H. 7.1 cm x Diam. 8.6 cm (2 13/16 x 3 3/8 in.)
entity:artifact:2:202745,dimensions,4.5 x 9.2 x 8.4 cm (1 3/4 x 3 5/8 x 3 5/16 in.)
entity:artifact:2:202752,dimensions,"painting proper: H. 48.6 × W. 31.2 cm (19 1/8 × 12 5/16 in.)
overall mounting, including roller ends and suspension cord: H. 249.9 × W. 66 cm (98 3/8 × 26 in.)"
entity:artifact:2:202753,dimensions,95 x 30 cm (37 3/8 x 11 13/16 in.)
entity:artifact:2:202754,dimensions,"painting proper: 198.1 x 108 cm (78 x 42 1/2 in.)
mounting: 337.8 x 137.2 cm (133 x 54 in.)"
entity:artifact:2:202758,dimensions,H. 23 x W. 16.5 cm (9 1/16 x 6 1/2 in.)
entity:artifact:2:202759,dimensions,"L. 8.7 x Diam. 1.1 cm (3 7/16 x 7/16 in.)
unspecified: 19 g"
entity:artifact:2:202760,dimensions,"16.8 x 1.4 x 1.1 cm (6 5/8 x 9/16 x 7/16 in.)
unspecified: 49 g"
entity:artifact:2:202761,dimensions,"8.6 x 3.2 cm (3 3/8 x 1 1/4 in.)
unspecified: 122 g"
entity:artifact:2:202762,dimensions,"2.2 x 3 cm (7/8 x 1 3/16 in.)
Weight: 24 g"
entity:artifact:2:202763,dimensions,12.6 x 1.4 cm (4 15/16 x 9/16 in.)
entity:artifact:2:202764,dimensions,"7.6 x 1 x 0.4 cm (3 x 3/8 x 3/16 in.)
unspecified: 7 g"
entity:artifact:2:202765,dimensions,"L. 9.5 x W. 1.6 x Thickness 0.3 cm (3 3/4 x 5/8 x 1/8 in.)
Weight 15 g"
entity:artifact:2:202766,dimensions,"8.7 x 2.8 x 0.3 cm (3 7/16 x 1 1/8 x 1/8 in.)
unspecified: 17 g"
entity:artifact:2:202767,dimensions,"7.2 x 1.9 x 0.6 cm (2 13/16 x 3/4 x 1/4 in.)
unspecified: 19 g"
entity:artifact:2:202768,dimensions,"painting proper: H. 73.6 x W. 45.1 cm (29 x 17 3/4 in.)
mounting, including cord and roller ends: H. 209.6 x W. 65.4 cm (82 1/2 x 25 3/4 in.)"
entity:artifact:2:202769,dimensions,135 x 65.7 cm (53 1/8 x 25 7/8 in.)
entity:artifact:2:202770,dimensions,"W. 2.3 x L. 7.5 x Thickness 0.4 cm (7/8 x 2 15/16 x 3/16 in.)
Weight 12 g"
entity:artifact:2:202771,dimensions,"9.8 x 1.3 x 0.3 cm (3 7/8 x 1/2 x 1/8 in.)
unspecified: 8 g"
entity:artifact:2:202772,dimensions,"8 x 1.2 x 0.3 cm (3 1/8 x 1/2 x 1/8 in.)
unspecified: 7 g"
entity:artifact:2:202773,dimensions,"W. 1.6 x L. 9.1 x Thickness 0.5 cm (5/8 x 3 9/16 x 3/16 in.)
Weight 14 g"
entity:artifact:2:202774,dimensions,"12.4 x 1.4 x 0.4 cm (4 7/8 x 9/16 x 3/16 in.)
unspecified: 12 g"
entity:artifact:2:202775,dimensions,"8.6 x 3 x 0.3 cm (3 3/8 x 1 3/16 x 1/8 in.)
unspecified: 16 g"
entity:artifact:2:202776,dimensions,139.2 x 229 cm (54 13/16 x 90 3/16 in.)
entity:artifact:2:202777,dimensions,H. 2.38 x D. 5.56 cm (15/16 x 2 3/16 in.)
entity:artifact:2:202782,dimensions,including cover: H. 14.5 x Diam. 13.8 cm (5 11/16 x 5 7/16 in.)
entity:artifact:2:202783,dimensions,"8.6 x 2.4 x 0.4 cm (3 3/8 x 15/16 x 3/16 in.)
unspecified: 18 g"
entity:artifact:2:202784,dimensions,"7.1 x 1.5 x 0.4 cm (2 13/16 x 9/16 x 3/16 in.)
unspecified: 6 g"
entity:artifact:2:202785,dimensions,"6.6 x 1.6 x 0.3 cm (2 5/8 x 5/8 x 1/8 in.)
unspecified: 5 g"
entity:artifact:2:202786,dimensions,"9.7 x 1.3 x 0.4 cm (3 13/16 x 1/2 x 3/16 in.)
unspecified: 8 g"
entity:artifact:2:202787,dimensions,"8 x 1.2 x 0.3 cm (3 1/8 x 1/2 x 1/8 in.)
unspecified: 7 g"
entity:artifact:2:202788,dimensions,"8.8 x 1.2 x 0.3 cm (3 7/16 x 1/2 x 1/8 in.)
unspecified: 7 g"
entity:artifact:2:202789,dimensions,"L. 16.1 x W. 0.9 x Thickness 0.3 cm (6 5/16 x 3/8 x 1/8 in.)
Weight 9 g"
entity:artifact:2:202790,dimensions,"L. 16.3 x W. 0.8 x Thickness 0.4 cm (6 7/16 x 5/16 x 3/16 in.)
Weight 11 g"
entity:artifact:2:202791,dimensions,"painting proper: H. 30.7 × W. 29.5 cm (12 1/16 × 11 5/8 in.)
overall mounting, including roller ends and suspension cord: H. 122.5 × W. 53.5 cm (48 1/4 × 21 1/16 in.)"
entity:artifact:2:202793,dimensions,overall dimensions (approximate): 31.3 x 333.7 cm (12 5/16 x 131 3/8 in.)
entity:artifact:2:202794,dimensions,32.39 x 40.32 cm (12 3/4 x 15 7/8 in.)
entity:artifact:2:202802,dimensions,H. 5.1 x Diam. 7 cm (2 x 2 3/4 in.)
entity:artifact:2:202804,dimensions,32.39 x 40.32 cm (12 3/4 x 15 7/8 in.)
entity:artifact:2:202805,dimensions,133.35 x 18.1 cm (52 1/2 x 7 1/8 in.)
entity:artifact:2:202806,dimensions,53.34 x 92.08 cm (21 x 36 1/4 in.)
entity:artifact:2:202808,dimensions,119 cm (46 7/8 in.)
entity:artifact:2:202809,dimensions,H. 23 x W. 16.5 cm (9 1/16 x 6 1/2 in.)
entity:artifact:2:202831,dimensions,26.4 x 29.5 cm (10 3/8 x 11 5/8 in.)
entity:artifact:2:202833,dimensions,H. 23 x W. 16.5 cm (9 1/16 x 6 1/2 in.)
entity:artifact:2:202837,dimensions,H. 27.9 cm (11 in.)
entity:artifact:2:202842,dimensions,32.39 x 40.32 cm (12 3/4 x 15 7/8 in.)
entity:artifact:2:202846,dimensions,H. 4.9 x L. 9.2 x W. 7.9 cm (1 15/16 x 3 5/8 x 3 1/8 in.)
entity:artifact:2:202871,dimensions,H. 17.4 x W. 12.7 cm (6 7/8 x 5 in.)
entity:artifact:2:202887,dimensions,173 x 47 cm (68 1/8 x 18 1/2 in.)
entity:artifact:2:202913,dimensions,H. 3.8 x L. 5.7 cm (1 1/2 x 2 1/4 in.)
entity:artifact:2:202918,dimensions,H. 44.4 x W. 25.2 x D. 15.4 cm (17 5/16 x 9 15/16 x 6 1/16 in.)
entity:artifact:2:202919,dimensions,"max.: H. 11.9 × Diam. 14.7 cm (4 11/16 × 5 13/16 in.)
mouth: Diam. 11.6 cm (4 9/16 in.)
foot: Diam. 7.9 cm (3 1/8 in.)"
entity:artifact:2:202920,dimensions,H. 28.6 x L. 21 cm (11 1/4 x 8 1/4 in.)
entity:artifact:2:202923,dimensions,H. 6 cm (2 3/8 in.)
entity:artifact:2:202927,dimensions,H. 29.8 x Diam. 20.3 cm (11 3/4 x 8 in.)
entity:artifact:2:202931,dimensions,max.: H. 24.4 x W. 23.2 cm (9 5/8 x 9 1/8 in.)
entity:artifact:2:202947,dimensions,H. 32.2 x W. 45.5 cm (12 11/16 x 17 15/16 in.)
entity:artifact:2:202952,dimensions,16.2 x 11.4 cm (6 3/8 x 4 1/2 in.)
entity:artifact:2:202955,dimensions,Image: H. 38.7 cm x W. 27.6 cm (15 1/4 x 10 7/8 in.)
entity:artifact:2:202958,dimensions,H. 7.8 x Diam. 18.6 cm (3 1/16 x 7 5/16 in.)
entity:artifact:2:202975,dimensions,H. 2.5 x Diam. 19.1 cm (1 x 7 1/2 in.)
entity:artifact:2:202976,dimensions,H. 2.5 x Diam. 14.1 cm (1 x 5 9/16 in.)
entity:artifact:2:202977,dimensions,"painting proper: H. 64.8 x W. 121.9 cm (25 1/2 x 48 in.)
mounting, including cord and roller ends: H. 261.6 x W. 88.9 cm (103 x 35 in.)"
entity:artifact:2:202978,dimensions,painting proper: H. 132.1 x W. 63.5 cm (52 x 25 in.)
entity:artifact:2:202982,dimensions,H. 5.7 cm x Diam. 5.5 cm (2 1/4 x 2 3/16 in.)
entity:artifact:2:202990,dimensions,H. 39.4 cm (15 1/2 in.)
entity:artifact:2:202991,dimensions,18.4 cm (7 1/4 in.)
entity:artifact:2:202997,dimensions,irregular: 152.2 x 169.2 cm (59 15/16 x 66 5/8 in.)
entity:artifact:2:203000,dimensions,irregular: 11.1 x 65.4 x 60.1 cm (4 3/8 x 25 3/4 x 23 11/16 in.)
entity:artifact:2:203004,dimensions,95 x 51 cm (37 3/8 x 20 1/16 in.)
entity:artifact:2:203005,dimensions,H. 10.2 x Diam. 23.2 cm (4 x 9 1/8 in.)
entity:artifact:2:203006,dimensions,H. 10.8 x Diam. 25.4 cm (4 1/4 x 10 in.)
entity:artifact:2:203012,dimensions,H. 44.5 cm (17 1/2 in.)
entity:artifact:2:203025,dimensions,154 x 42 cm (60 5/8 x 16 9/16 in.)
entity:artifact:2:203031,dimensions,H. 15.2 cm (6 in.)
entity:artifact:2:203032,dimensions,Diam. 22.9 cm (9 in.)
entity:artifact:2:203040,dimensions,irregular: 147.4 x 114 cm (58 1/16 x 44 7/8 in.)
entity:artifact:2:203041,dimensions,145 x 213 cm (57 1/16 x 83 7/8 in.)
entity:artifact:2:203042,dimensions,H. 4.1 x W. 7.3 cm (1 5/8 x 2 7/8 in.)
entity:artifact:2:203046,dimensions,H. 33 x W. 20.3 cm (13 x 8 in.)
entity:artifact:2:203047,dimensions,H. 47 cm (18 1/2 in.)
entity:artifact:2:203079,dimensions,H. 47 cm (18 1/2 in.)
entity:artifact:2:203086,dimensions,"painting proper: H. 50.5 × W. 35 cm (19 7/8 × 13 3/4 in.)
overall mounting including roller ends and suspension cord: H. 214 × W. 59.1 cm (84 1/4 × 23 1/4 in.)
colophon obove painting: H. 15.5 × W. 35.2 cm (6 1/8 × 13 7/8 in.)"
entity:artifact:2:203087,dimensions,H. 17.4 x W. 27.6 cm (6 7/8 x 10 7/8 in.)
entity:artifact:2:203124,dimensions,H. 3.2 cm x Diam. 18.1 cm (1 1/4 x 7 1/8 in.)
entity:artifact:2:203125,dimensions,H. 5.9 cm x Diam. 14.4 cm (2 5/16 x 5 11/16 in.)
entity:artifact:2:203126,dimensions,H. 5.2 cm x Diam. 6.5 cm (2 1/16 x 2 9/16 in.)
entity:artifact:2:203127,dimensions,H. 6.1cm  x Diam. 12.5 cm (2 3/8 x 4 15/16 in.)
entity:artifact:2:203128,dimensions,H. 4.0 cm x Diam. 5.9 cm (1 9/16 x 2 5/16 in.)
entity:artifact:2:203150,dimensions,"overall (max.): H. 11.0 × Diam. 20.8 cm (4 5/16 × 8 3/16 in.)
footring: H. 1.5 × Diam. 12.5 × Thickness 0.5 cm (9/16 × 4 15/16 × 3/16 in.)"
entity:artifact:2:203170,dimensions,H. 3.9 cm x Diam. 19.7 cm (1 9/16 x 7 3/4 in.)
entity:artifact:2:203174,dimensions,H. 33.8 x Diam. 12.5 cm (13 5/16 x 4 15/16 in.)
entity:artifact:2:203175,dimensions,H. 23 x Diam. 25.5 cm (9 1/16 x 10 1/16 in.)
entity:artifact:2:203187,dimensions,H. 2.9 cm x Diam. 15.5 cm (1 1/8 x 6 1/8 in.)
entity:artifact:2:203189,dimensions,H. 13.8 x Diam. 11.5 cm (5 7/16 x 4 1/2 in.)
entity:artifact:2:203191,dimensions,"max.: H. 4.4 × Diam. 18.2 cm (1 3/4 × 7 3/16 in.)
foot: Diam. 6.2 cm (2 7/16 in.)"
entity:artifact:2:203221,dimensions,H. 4.5 cm x Diam. 20.1 cm (1 3/4 x 7 15/16 in.)
entity:artifact:2:203222,dimensions,H. 5.7 cm x Diam. 6.9 cm (2 1/4 x 2 11/16 in.)
entity:artifact:2:203223,dimensions,"H. 1.7 x W. 4.2 cm (11/16 x 1 5/8 in.)
unspecified: 28 g"
entity:artifact:2:203224,dimensions,"5.2 x 3.1 x 0.3 cm (2 1/16 x 1 1/4 x 1/8 in.)
unspecified: 6 g"
entity:artifact:2:203225,dimensions,"4.9 x 1.9 x 1.1 cm (1 15/16 x 3/4 x 7/16 in.)
unspecified: 23 g"
entity:artifact:2:203226,dimensions,"H. 6.2 x W. 3.2 x D. 1.2 cm (2 7/16 x 1 1/4 x 1/2 in.)
Weight 34 g"
entity:artifact:2:203230,dimensions,"7.3 x 2 x 0.4 cm (2 7/8 x 13/16 x 3/16 in.)
unspecified: 10 g"
entity:artifact:2:203242,dimensions,max.: H. 11.8 × W. 12.7 × D. 9.3 cm (4 5/8 × 5 × 3 11/16 in.)
entity:artifact:2:203243,dimensions,H. 10.3 x Diam. 10.2 cm (4 1/16 x 4 in.)
entity:artifact:2:203244,dimensions,max.: H. 7.6 × W. 12.1 × D. 9.1 cm (3 × 4 3/4 × 3 9/16 in.)
entity:artifact:2:203245,dimensions,"H. 20.2 x W. 18.2 x D. 1.5 cm (7 15/16 x 7 3/16 x 9/16 in.)
mirror: Diam. 16.2 cm (6 3/8 in.)"
entity:artifact:2:203246,dimensions,"image proper: H. 90.4 × W. 53.5 cm (35 9/16 × 21 1/16 in.)
silk mounting only: H. 157.5 × W. 73.3 cm (62 × 28 7/8 in.)
mounting, including cord and roller ends: H. 163 × W. 78.5 cm (64 3/16 × 30 7/8 in.)
mounting board: H. 170 × W. 94 cm (66 15/16 × 37 in.)"
entity:artifact:2:203247,dimensions,"2.2 x 8.6 x 0.5 cm (7/8 x 3 3/8 x 3/16 in.)
unspecified: 15 g"
entity:artifact:2:203248,dimensions,"2.7 x 5.5 x 0.2 cm (1 1/16 x 2 3/16 x 1/16 in.)
unspecified: 5 g"
entity:artifact:2:203249,dimensions,"0.3 x 3.8 cm (1/8 x 1 1/2 in.)
unspecified: 7 g"
entity:artifact:2:203250,dimensions,"8.1 x 2.5 x 0.2 cm (3 3/16 x 1 x 1/16 in.)
unspecified: 9 g"
entity:artifact:2:203251,dimensions,"2.6 x 1.1 x 1.1 cm (1 x 7/16 x 7/16 in.)
unspecified: 6 g"
entity:artifact:2:203252,dimensions,"L. 8.5 x W. 2.6 x D. 1.4 cm (3 3/8 x 1 x 9/16 in.)
Weight 46 g"
entity:artifact:2:203253,dimensions,"L. 11.7 x W. 2.4 cm (4 5/8 x 15/16 in.)
Weight 80 g"
entity:artifact:2:203254,dimensions,H. 13.97 cm (5 1/2 in.)
entity:artifact:2:203256,dimensions,H. 36.8 x W. 48.9 cm (14 1/2 x 19 1/4 in.)
entity:artifact:2:203257,dimensions,H. (at center) 17.8 x W. 52.7 cm (7 x 20 3/4 in.)
entity:artifact:2:203259,dimensions,H. 49.8 x L. 53.3 cm (19 5/8 x 21 in.)
entity:artifact:2:203260,dimensions,H. 58 x L. 60 cm (22 13/16 x 23 5/8 in.)
entity:artifact:2:203261,dimensions,H. 101.5 cm (39 15/16 in.)
entity:artifact:2:203262,dimensions,160 x 99.1 cm (63 x 39 in.)
entity:artifact:2:203272,dimensions,H. 27.5 x Diam. 16 cm (10 13/16 x 6 5/16 in.)
entity:artifact:2:203276,dimensions,Diam. 10.2 cm (4 in.)
entity:artifact:2:203277,dimensions,9.2 x 3.2 cm (3 5/8 x 1 1/4 in.)
entity:artifact:2:203279,dimensions,Diam. 13.3 cm (5 1/4 in.)
entity:artifact:2:203280,dimensions,book closed: 15.2 x 20.3 cm (6 x 8 in.)
entity:artifact:2:203282,dimensions,H. 19.7 cm (7 3/4 in.)
entity:artifact:2:203285,dimensions,"L. 7.3 x W. 2.7 cm (2 7/8 x 1 1/16 in.)
unspecified: 41 g"
entity:artifact:2:203286,dimensions,"6.3 x 2.4 x 0.6 cm (2 1/2 x 15/16 x 1/4 in.)
unspecified: 11 g"
entity:artifact:2:203287,dimensions,"6 x 1.3 cm (2 3/8 x 1/2 in.)
unspecified: 16 g"
entity:artifact:2:203288,dimensions,"8.4 x 0.5 x 3 cm (3 5/16 x 3/16 x 1 3/16 in.)
unspecified: 95 g"
entity:artifact:2:203289,dimensions,"2.3 x 2.7 cm (7/8 x 1 1/16 in.)
Weight: 22 g"
entity:artifact:2:203294,dimensions,"9.2 x 2.3 x 0.3 cm (3 5/8 x 7/8 x 1/8 in.)
unspecified: 9 g"
entity:artifact:2:203295,dimensions,"9.2 x 3 x 0.5 cm (3 5/8 x 1 3/16 x 3/16 in.)
unspecified: 29 g"
entity:artifact:2:203301,dimensions,L. 4.2 cm (1 5/8 in.)
entity:artifact:2:203307,dimensions,H. 34.2 x L. 33 cm (13 7/16 x 13 in.)
entity:artifact:2:203308,dimensions,Diam. 22.5 cm (8 7/8 in.)
entity:artifact:2:203309,dimensions,107 x 47.5 cm (42 1/8 x 18 11/16 in.)
entity:artifact:2:203312,dimensions,190.5 x 97.2 cm (75 x 38 1/4 in.)
entity:artifact:2:203319,dimensions,Diam. 10.2 cm (4 in.)
entity:artifact:2:203329,dimensions,10.16 cm (4 in.)
entity:artifact:2:203330,dimensions,Diam. 27.7 x W. 15.4 cm (10 7/8 x 6 1/16 in.)
entity:artifact:2:203350,dimensions,H. 22.4 x W. 19.7 x D. 11.2 cm (8 13/16 x 7 3/4 x 4 7/16 in.)
entity:artifact:2:203352,dimensions,L. 4.2 cm (1 5/8 in.)
entity:artifact:2:203353,dimensions,largest bead: Diam. 1.1 cm (7/16 in.)
entity:artifact:2:203359,dimensions,Diam. 24.1 cm (9 1/2 in.)
entity:artifact:2:203362,dimensions,"L. 12.5 x W. 3.8 cm (4 15/16 x 1 1/2 in.)
unspecified: 162 g"
entity:artifact:2:203363,dimensions,0.5 x 4 cm (3/16 x 1 9/16 in.)
entity:artifact:2:203364,dimensions,"8.6 x 2.2 x 2.4 cm (3 3/8 x 7/8 x 15/16 in.)
unspecified: 28 g"
entity:artifact:2:203365,dimensions,"2.9 x 4 x 1.4 cm (1 1/8 x 1 9/16 x 9/16 in.)
unspecified: 17 g"
entity:artifact:2:203366,dimensions,"2.8 x 4.1 x 1.5 cm (1 1/8 x 1 5/8 x 9/16 in.)
unspecified: 19 g"
entity:artifact:2:203367,dimensions,"5.8 x 3.6 x 0.3 cm (2 5/16 x 1 7/16 x 1/8 in.)
unspecified: 11 g"
entity:artifact:2:203368,dimensions,"H. 2.4 x W. 2.4 x Depth 0.8 cm (15/16 x 15/16 x 5/16 in.)
Weight: 20 g"
entity:artifact:2:203369,dimensions,"15.5 x 3.2 cm (6 1/8 x 1 1/4 in.)
unspecified: 148 g"
entity:artifact:2:203370,dimensions,"4.3 x 6.6 x 6.6 cm (1 11/16 x 2 5/8 x 2 5/8 in.)
unspecified: 429 g"
entity:artifact:2:203371,dimensions,"L. 11 x Diam. 0.8 cm (4 5/16 x 5/16 in.)
unspecified: 13 g"
entity:artifact:2:203372,dimensions,Diam. 44.2 cm (17 3/8 in.)
entity:artifact:2:203373,dimensions,H. 8.26 cm (3 1/4 in.)
entity:artifact:2:203374,dimensions,H. 17 x W. 22.6 cm (6 11/16 x 8 7/8 in.)
entity:artifact:2:203383,dimensions,"image: 33.3 × 59.7 cm (13 1/8 × 23 1/2 in.)
paper: 35.2 × 63 cm (13 7/8 × 24 13/16 in.)"
entity:artifact:2:203397,dimensions,H. 47.3 cm (18 5/8 in.)
entity:artifact:2:203402,dimensions,H. 37.5 cm (14 3/4 in.)
entity:artifact:2:203404,dimensions,H. (including handle) 26.7 cm (10 1/2 in.)
entity:artifact:2:203419,dimensions,H. 4.6 cm x Diam. 13.1 cm (1 13/16 x 5 3/16 in.)
entity:artifact:2:203438,dimensions,146 x 211 cm (57 1/2 x 83 1/16 in.)
entity:artifact:2:203439,dimensions,max. H. 141 x W. 150 cm (55 1/2 x 59 1/16 in.)
entity:artifact:2:203440,dimensions,61.6 x 61.4 cm (24 1/4 x 24 3/16 in.)
entity:artifact:2:203467,dimensions,sight: 104.9 x 170 cm (41 5/16 x 66 15/16 in.)
entity:artifact:2:203476,dimensions,L. 30.48 cm (12 in.)
entity:artifact:2:203478,dimensions,H. 23.5 x Diam. 24.13 cm (9 1/4 x 9 1/2 in.)
entity:artifact:2:203482,dimensions,Diam. 21.2 x Thickness 1.8 cm (8 3/8 x 11/16 in.)
entity:artifact:2:203483,dimensions,H. 8.8 x Diam. 19 cm (3 7/16 x 7 1/2 in.)
entity:artifact:2:203484,dimensions,H. 5.5 x Diam. 11.8 cm (2 3/16 x 4 5/8 in.)
entity:artifact:2:203485,dimensions,max.: H. 6.5 × W. 11.8 × D. 7.4 cm (2 9/16 × 4 5/8 × 2 15/16 in.)
entity:artifact:2:203486,dimensions,H. 12.7 x W. 3.8 cm (5 x 1 1/2 in.)
entity:artifact:2:203487,dimensions,max.: H. 8.2 × W. 11.9 × D. 6.9 cm (3 1/4 × 4 11/16 × 2 11/16 in.)
entity:artifact:2:203488,dimensions,max.: H. 6.3 × W. 10.6 × D. 7.3 cm (2 1/2 × 4 3/16 × 2 7/8 in.)
entity:artifact:2:203489,dimensions,max.: H. 11.3 × W. 17.3 × D. 9.4 cm (4 7/16 × 6 13/16 × 3 11/16 in.)
entity:artifact:2:203490,dimensions,max.: H. 8.4 × W. 17.7 × D. 15.1 cm (3 5/16 × 6 15/16 × 5 15/16 in.)
entity:artifact:2:203491,dimensions,H. 4.8 x Diam. 12.3 cm (1 7/8 x 4 13/16 in.)
entity:artifact:2:203492,dimensions,max.: H. 10.4 × W. 24 × D. 9.6 cm (4 1/16 × 9 7/16 × 3 13/16 in.)
entity:artifact:2:203493,dimensions,max.: H. 12.2 × W. 16.1 × D. 9.1 cm (4 13/16 × 6 5/16 × 3 9/16 in.)
entity:artifact:2:203495,dimensions,H. 3.8 x W. 3.1 x D. 0.8 cm (1 1/2 x 1 1/4 x 5/16 in.)
entity:artifact:2:203496,dimensions,2.86 x 15.88 cm (1 1/8 x 6 1/4 in.)
entity:artifact:2:203522,dimensions,H. 45.5 x Diam. 33.5 cm (17 15/16 x 13 3/16 in.)
entity:artifact:2:203523,dimensions,H. 56 x Diam. 28 cm (22 1/16 x 11 in.)
entity:artifact:2:203524,dimensions,H. 41.2 x W. 26 x D. 7.5 cm (16 1/4 x 10 1/4 x 2 15/16 in.)
entity:artifact:2:203525,dimensions,H. 37.5 x W. 15.9 cm (14 3/4 x 6 1/4 in.)
entity:artifact:2:203526,dimensions,H. 40 x W. 16.1 cm (15 3/4 x 6 5/16 in.)
entity:artifact:2:203527,dimensions,H. 11.1 x W. 7.3 x D. 2.5 cm (4 3/8 x 2 7/8 x 1 in.)
entity:artifact:2:203528,dimensions,H. 12.0 x W. 8.5 x D. 2.6 cm (4 3/4 x 3 3/8 x 1 in.)
entity:artifact:2:203529,dimensions,8.6 x 12.6 cm (3 3/8 x 4 15/16 in.)
entity:artifact:2:203530,dimensions,H. 175 x W. 115 cm (68 7/8 x 45 1/4 in.)
entity:artifact:2:203531,dimensions,20 x 39.5 x 22.8 cm (7 7/8 x 15 9/16 x 9 in.)
entity:artifact:2:203535,dimensions,H. 38.2 x L. 36.8 x D. 12 cm (15 1/16 x 14 1/2 x 4 3/4 in.)
entity:artifact:2:203536,dimensions,H. 21.3 cm (8 3/8 in.)
entity:artifact:2:203537,dimensions,H. 10.7 cm (4 3/16 in.)
entity:artifact:2:203538,dimensions,H. 43.7 cm (17 3/16 in.)
entity:artifact:2:203539,dimensions,H. 31.5 cm (12 3/8 in.)
entity:artifact:2:203540,dimensions,H. 45.7 cm (18 in.)
entity:artifact:2:203541,dimensions,H. 45.7 cm (18 in.)
entity:artifact:2:203542,dimensions,H. 39.7 cm (15 5/8 in.)
entity:artifact:2:203543,dimensions,H. 13.7 cm (5 3/8 in.)
entity:artifact:2:203544,dimensions,H. 25.4 cm (10 in.)
entity:artifact:2:203545,dimensions,H. 20.8 cm (8 3/16 in.)
entity:artifact:2:203546,dimensions,H. 21.6 cm (8 1/2 in.)
entity:artifact:2:203547,dimensions,H. 31.5 cm (12 3/8 in.)
entity:artifact:2:203548,dimensions,H. 28.5 cm (11 1/4 in.)
entity:artifact:2:203549,dimensions,H. 14.3 cm (5 5/8 in.)
entity:artifact:2:203560,dimensions,H. 39.4 cm (15 1/2 in.)
entity:artifact:2:203564,dimensions,max.: 7.2 × 13.1 × 7.9 cm (2 13/16 × 5 3/16 × 3 1/8 in.)
entity:artifact:2:203565,dimensions,H. 13.9 cm (5 1/2 in.)
entity:artifact:2:203566,dimensions,max.: H. 13.9 × W. 18.9 × D. 11.8 cm (5 1/2 × 7 7/16 × 4 5/8 in.)
entity:artifact:2:203567,dimensions,max.: H. 7.9 × W. 10.1 × D. 6.9 cm (3 1/8 × 4 × 2 11/16 in.)
entity:artifact:2:203568,dimensions,max.: H. 6.3 × Dia. 13.3 cm (2 1/2 × 5 1/4 in.)
entity:artifact:2:203581,dimensions,9.8 cm (3 7/8 in.)
entity:artifact:2:203584,dimensions,max: H. 6.9 × W. 12.3 × D. 7.8 cm (2 11/16 × 4 13/16 × 3 1/16 in.)
entity:artifact:2:203585,dimensions,H. 7.6 cm (3 in.)
entity:artifact:2:203586,dimensions,max.: H. 5.9 × W. 6.9 × D. 6.5 cm (2 5/16 × 2 11/16 × 2 9/16 in.)
entity:artifact:2:203587,dimensions,max.: H. 3.3 × W. 5.2 × D. 4 cm (1 5/16 × 2 × 1 9/16 in.)
entity:artifact:2:203588,dimensions,"max.: H. 6.4 × Dia. 12.3 cm (2 1/2 × 4 13/16 in.)
foot: Dia. 5 cm (1 15/16 in.)"
entity:artifact:2:203589,dimensions,max.: H. 13 × W. 31.5 × D. 8.8 cm (5 1/8 × 12 3/8 × 3 1/2 in.)
entity:artifact:2:203591,dimensions,"vessel max.: H. 18 × W. 15.2 × D. 13.5 cm (7 1/16 × 6 × 5 5/16 in.)
with stand: H. 24 cm (9 7/16 in.)"
entity:artifact:2:203593,dimensions,H. 29 x Diam. 25 cm (11 7/16 x 9 13/16 in.)
entity:artifact:2:203598,dimensions,sight: L. 13.97 x W. 12.7 cm (5 1/2 x 5 in.)
entity:artifact:2:203599,dimensions,H. 23.9 x Diam. 30.2 cm (9 7/16 x 11 7/8 in.)
entity:artifact:2:203600,dimensions,with cover: H. 6.6 x W. 17.9 x D. 12.2 cm (2 5/8 x 7 1/16 x 4 13/16 in.)
entity:artifact:2:203601,dimensions,H. 37.5 x L. 52 cm (14 3/4 x 20 1/2 in.)
entity:artifact:2:203602,dimensions,max.: H. 5.3 × W. 6.6 × D. 5.6 cm (2 1/16 × 2 5/8 × 2 3/16 in.)
entity:artifact:2:203603,dimensions,H. 12.5 x W. 18 x D. 10 cm (4 15/16 x 7 1/16 x 3 15/16 in.)
entity:artifact:2:203604,dimensions,max.: H. 10.8 × W. 15.3 × D. 10 cm (4 1/4 × 6 × 3 15/16 in.)
entity:artifact:2:203605,dimensions,max.: H. 5.2 × W. 8.7 × D. 7.3 cm (2 1/16 × 3 7/16 × 2 7/8 in.)
entity:artifact:2:203606,dimensions,H. 6.5 x Diam. 22.4 cm (2 9/16 x 8 13/16 in.)
entity:artifact:2:203607,dimensions,H. 26.4 x W. 32.9 cm (10 3/8 x 12 15/16 in.)
entity:artifact:2:203608,dimensions,"4.3 x 3.2 x 0.5 cm (1 11/16 x 1 1/4 x 3/16 in.)
unspecified: 14 g"
entity:artifact:2:203609,dimensions,"4.6 x 2.7 x 0.6 cm (1 13/16 x 1 1/16 x 1/4 in.)
unspecified: 6 g"
entity:artifact:2:203610,dimensions,max. H. 22.9 × W. 11.7 × D. 9.8 cm (9 × 4 5/8 × 3 7/8 in.)
entity:artifact:2:203611,dimensions,max. H. 18.8 × W. 15.9 × D. 10.2 cm (7 3/8 × 6 1/4 × 4 in.)
entity:artifact:2:203612,dimensions,max. H. 5.3 × W. 15.4 × D. 10.5 cm (2 1/16 × 6 1/16 × 4 1/8 in.)
entity:artifact:2:203613,dimensions,91.4 x 26.3 cm (36 x 10 3/8 in.)
entity:artifact:2:203615,dimensions,H. 29.5 x W. 9.5 x D. 8.3 cm (11 5/8 x 3 3/4 x 3 1/4 in.)
entity:artifact:2:203616,dimensions,27 x 7.5 cm (10 5/8 x 2 15/16 in.)
entity:artifact:2:203619,dimensions,H. 36.8 x L. 37.4 cm (14 1/2 x 14 3/4 in.)
entity:artifact:2:203620,dimensions,H. 41.7 x L. 46.4 cm (16 7/16 x 18 1/4 in.)
entity:artifact:2:203622,dimensions,5.24 x 9.84 cm (2 1/16 x 3 7/8 in.)
entity:artifact:2:203623,dimensions,10.6 x 24.6 x 21.4 cm (4 3/16 x 9 11/16 x 8 7/16 in.)
entity:artifact:2:203629,dimensions,H. 17.2 x Diam. 40.6 cm (6 3/4 x 16 in.)
entity:artifact:2:203632,dimensions,H. 83.3 x L. 58.4 cm (32 13/16 x 23 in.)
entity:artifact:2:203634,dimensions,"91 × 51.3 cm (35 13/16 × 20 3/16 in.)
Rolled: 5.7 × 7 × 71.4 cm (2 1/4 × 2 3/4 × 28 1/8 in.)
Overall with mount: 255.3 × 72 cm (100 1/2 × 28 3/8 in.)"
entity:artifact:2:203638,dimensions,H. 3 x W. 6.9 cm (1 3/16 x 2 11/16 in.)
entity:artifact:2:203654,dimensions,max.: H. 8.5 × Dia. 10.5 cm (3 5/16 × 4 1/8 in.)
entity:artifact:2:203655,dimensions,max.: H. 13.4 × W. 15.7 × D. 8.5 cm (5 1/4 × 6 3/16 × 3 3/8 in.)
entity:artifact:2:203656,dimensions,max.: H. 6 × W. 5.8 × D. 5.8 cm (2 3/8 × 2 5/16 × 2 5/16 in.)
entity:artifact:2:203657,dimensions,15 x 14 x 9.8 cm (5 7/8 x 5 1/2 x 3 7/8 in.)
entity:artifact:2:203658,dimensions,max.: H. 3.7 × Dia. 8.8 cm (1 7/16 × 3 7/16 in.)
entity:artifact:2:203661,dimensions,max.: H. 14.5 × W. 8.5 × D. 7.7 cm (5 11/16 × 3 5/16 × 3 1/16 in.)
entity:artifact:2:203662,dimensions,max.: H. 5.3 × W. 13.2 × D. 9.4 cm (2 1/8 × 5 3/16 × 3 11/16 in.)
entity:artifact:2:203663,dimensions,max.: H. 12.5 × W. 16.5 × D. 9.6 cm (4 7/8 × 6 1/2 × 3 3/4 in.)
entity:artifact:2:203664,dimensions,max.: H. 7.1 × W. 13 × D. 8.2 cm (2 13/16 × 5 1/8 × 3 1/4 in.)
entity:artifact:2:203665,dimensions,max.: H. 7 × W. 14.8 × D. 9.7 cm (2 3/4 × 5 13/16 × 3 13/16 in.)
entity:artifact:2:203667,dimensions,Diam. 16.51 cm (6 1/2 in.)
entity:artifact:2:203670,dimensions,27.3 x 25.4 cm (10 3/4 x 10 in.)
entity:artifact:2:203671,dimensions,H. 23.8 x Diam. 13 cm (9 3/8 x 5 1/8 in.)
entity:artifact:2:203672,dimensions,max.: H. 8.6 × W. 14.7 × D. 8.2 cm (3 3/8 × 5 13/16 × 3 1/4 in.)
entity:artifact:2:203673,dimensions,20.4 x 36.6 x 19.3 cm (8 1/16 x 14 7/16 x 7 5/8 in.)
entity:artifact:2:203674,dimensions,"0.3 x 3.8 cm (1/8 x 1 1/2 in.)
unspecified: 6 g"
entity:artifact:2:203675,dimensions,"1.5 x 3.4 x 0.5 cm (9/16 x 1 5/16 x 3/16 in.)
unspecified: 4 g"
entity:artifact:2:203676,dimensions,"3.6 x 4.1 x 0.2 cm (1 7/16 x 1 5/8 x 1/16 in.)
unspecified: 5 g"
entity:artifact:2:203677,dimensions,"3.3 x 4.1 x 0.2 cm (1 5/16 x 1 5/8 x 1/16 in.)
unspecified: 5 g"
entity:artifact:2:203678,dimensions,"12 x 0.4 cm (4 3/4 x 3/16 in.)
unspecified: 50 g"
entity:artifact:2:203679,dimensions,"4.1 x 2.6 x 1 cm (1 5/8 x 1 x 3/8 in.)
unspecified: 9 g"
entity:artifact:2:203680,dimensions,"L. 11.8 x W. 2.2 cm (4 5/8 x 7/8 in.)
unspecified: 51 g"
entity:artifact:2:203681,dimensions,"8.6 x 2.2 x 2.4 cm (3 3/8 x 7/8 x 15/16 in.)
unspecified: 28 g"
entity:artifact:2:203683,dimensions,"L. 8.7 x Diam. 1.1 cm (3 7/16 x 7/16 in.)
unspecified: 19 g"
entity:artifact:2:203684,dimensions,Diam. 14.2 x H. 1.4 cm (5 9/16 x 9/16 in.)
entity:artifact:2:203685,dimensions,max.: H. 4.9 × W. 12.7 × D. 9.1 cm (1 15/16 × 5 × 3 9/16 in.)
entity:artifact:2:203686,dimensions,max.: H. 5.9 × W. 10.7 × D. 7.1 cm (2 5/16 × 4 3/16 × 2 13/16 in.)
entity:artifact:2:203687,dimensions,max.: H. 8.7 × W. 4.3 × D. 3.4 cm (3 7/16 × 1 11/16 × 1 5/16 in.)
entity:artifact:2:203688,dimensions,max.: H. 7.1 × W. 10.2 × D. 6.8 cm (2 13/16 × 4 × 2 11/16 in.)
entity:artifact:2:203689,dimensions,cup max.: H. 4.7 × W. 11.6 × D. 7.7 cm (1 7/8 × 4 9/16 × 3 1/16 in.)
entity:artifact:2:203690,dimensions,max.: H. 10.5 × W. 10.8 × D. 7.4 cm (4 1/8 × 4 1/4 × 2 15/16 in.)
entity:artifact:2:203691,dimensions,max.: H. 13.4 × W. 15.8 × D. 10.7 cm (5 1/4 × 6 1/4 × 4 3/16 in.)
entity:artifact:2:203692,dimensions,14.2 x 10.7 x 8.3 cm (5 9/16 x 4 3/16 x 3 1/4 in.)
entity:artifact:2:203693,dimensions,H. 14.5 x W. 5.8 x D. 4.7 cm (5 11/16 x 2 5/16 x 1 7/8 in.)
entity:artifact:2:203694,dimensions,H. 26 x W. 25.3 cm (10 1/4 x 9 15/16 in.)
entity:artifact:2:203695,dimensions,"2.6 x 3.3 x 0.3 cm (1 x 1 5/16 x 1/8 in.)
unspecified: 5 g"
entity:artifact:2:203696,dimensions,"2.6 x 3.5 x 0.3 cm (1 x 1 3/8 x 1/8 in.)
unspecified: 5 g"
entity:artifact:2:203703,dimensions,39.3 x 37.4 cm (15 1/2 x 14 3/4 in.)
entity:artifact:2:203704,dimensions,94.5 x 34 cm (37 3/16 x 13 3/8 in.)
entity:artifact:2:203705,dimensions,H. 108 cm (42 1/2 in.)
entity:artifact:2:203707,dimensions,H. 27.3 × W. 26.7 cm (10 3/4 × 10 1/2 in.)
entity:artifact:2:203714,dimensions,"L.13 x W. 1.6 cm (5 1/8 x 5/8 in.)
unspecified: 84 g"
entity:artifact:2:203715,dimensions,H. 6.1 × Diam. 29.3 cm (2 3/8 × 11 9/16 in.)
entity:artifact:2:203716,dimensions,"H. 2.3 x Diam. 1.8 cm (7/8 x 11/16 in.)
unspecified: 15 g"
entity:artifact:2:203717,dimensions,"H. 2.3 x Diam. 1.8 cm (7/8 x 11/16 in.)
unspecified: 15 g"
entity:artifact:2:203718,dimensions,H. 19 x W. 10.3 x D. 10.1 cm (7 1/2 x 4 1/16 x 4 in.)
entity:artifact:2:203728,dimensions,6.5 x 10.2 cm (2 9/16 x 4 in.)
entity:artifact:2:203730,dimensions,irregular: 194.5 x 371.1 cm (76 9/16 x 146 1/8 in.)
entity:artifact:2:203734,dimensions,130.8 x 39 cm (51 1/2 x 15 3/8 in.)
entity:artifact:2:203735,dimensions,130 x 52 cm (51 3/16 x 20 1/2 in.)
entity:artifact:2:203748,dimensions,H. 29.9 cm (11 3/4 in.)
entity:artifact:2:203749,dimensions,H. 19 cm (7 1/2 in.)
entity:artifact:2:203750,dimensions,21.4 x 6.1 cm (8 7/16 x 2 3/8 in.)
entity:artifact:2:203761,dimensions,irregular: 205 x 407.2 cm (80 11/16 x 160 5/16 in.)
entity:artifact:2:203780,dimensions,H. 43 x W. 28.5 x D. 29.5 cm (16 15/16 x 11 1/4 x 11 5/8 in.)
entity:artifact:2:203781,dimensions,2.7 x 15.8 cm (1 1/16 x 6 1/4 in.)
entity:artifact:2:203782,dimensions,22.1 x 15.7 cm (8 11/16 x 6 3/16 in.)
entity:artifact:2:203783,dimensions,16.9 x 40.2 x 7 cm (6 5/8 x 15 13/16 x 2 3/4 in.)
entity:artifact:2:203784,dimensions,H. 20 x W. 9.7 x D. 12.8 cm (7 7/8 x 3 13/16 x 5 1/16 in.)
entity:artifact:2:203785,dimensions,H. 8.7 x L. 49.5 x D. 5.2 cm (3 7/16 x 19 1/2 x 2 1/16 in.)
entity:artifact:2:203788,dimensions,H. 25.4 x W. 30.6 x D. 21.3 cm (10 x 12 1/16 x 8 3/8 in.)
entity:artifact:2:203789,dimensions,H. 19.1 cm (7 1/2 in.)
entity:artifact:2:203790,dimensions,H. 25.7 x W. 177 cm (10 1/8 x 69 11/16 in.)
entity:artifact:2:203791,dimensions,sight: H. 5 x W. 24.5 x D. 18 cm (1 15/16 x 9 5/8 x 7 1/16 in.)
entity:artifact:2:203792,dimensions,H. 12.8 x Diam. 18.9 cm (5 1/16 x 7 7/16 in.)
entity:artifact:2:203799,dimensions,H. 20.57 cm (8 1/8 in.)
entity:artifact:2:203800,dimensions,H. 19.1 cm (7 1/2 in.)
entity:artifact:2:203801,dimensions,H. 21.6 cm (8 1/2 in.)
entity:artifact:2:203802,dimensions,H. 48.3 cm (19 in.)
entity:artifact:2:203803,dimensions,H. 16.5 cm (6 1/2 in.)
entity:artifact:2:203804,dimensions,H. 45.2 cm (17 13/16 in.)
entity:artifact:2:203805,dimensions,H. 7.6 cm (3 in.)
entity:artifact:2:203806,dimensions,H. 19.8 cm (7 13/16 in.)
entity:artifact:2:203807,dimensions,H. 17.8 cm (7 in.)
entity:artifact:2:203808,dimensions,H. 18.3 cm (7 3/16 in.)
entity:artifact:2:203809,dimensions,H. 7.9 x Diam. 13.3 cm (3 1/8 x 5 1/4 in.)
entity:artifact:2:203814,dimensions,H. 31 cm (12 3/16 in.)
entity:artifact:2:203815,dimensions,H. 24.1 cm (9 1/2 in.)
entity:artifact:2:203816,dimensions,H. 17.3 cm (6 13/16 in.)
entity:artifact:2:203817,dimensions,H. 19.1 cm (7 1/2 in.)
entity:artifact:2:203818,dimensions,H. 24.4 cm (9 5/8 in.)
entity:artifact:2:203819,dimensions,H. 45.2 cm (17 13/16 in.)
entity:artifact:2:203820,dimensions,H. 15.2 cm (6 in.)
entity:artifact:2:203821,dimensions,H. 38.1 cm (15 in.)
entity:artifact:2:203822,dimensions,H. 14.7 cm (5 13/16 in.)
entity:artifact:2:203823,dimensions,H. 35.6 cm (14 in.)
entity:artifact:2:203824,dimensions,H. 33 cm (13 in.)
entity:artifact:2:203825,dimensions,H. 22.9 cm (9 in.)
entity:artifact:2:203829,dimensions,"painting proper: 132.1 x 72.4 cm (52 x 28 1/2 in.)
panel: 162.6 x 97.8 cm (64 x 38 1/2 in.)"
entity:artifact:2:203830,dimensions,H. 7.62 x Diam. 31.43 cm (3 x 12 3/8 in.)
entity:artifact:2:203831,dimensions,H. 6.03 cm (2 3/8 in.)
entity:artifact:2:203832,dimensions,H. 13.7 cm (5 3/8 in.)
entity:artifact:2:203833,dimensions,H. 19.8 cm (7 13/16 in.)
entity:artifact:2:203834,dimensions,56.39 cm (22 3/16 in.)
entity:artifact:2:203835,dimensions,H. 14 cm (5 1/2 in.)
entity:artifact:2:203836,dimensions,H. 22.9 cm (9 in.)
entity:artifact:2:203837,dimensions,H. 21.3 cm (8 3/8 in.)
entity:artifact:2:203838,dimensions,H. 18.3 cm (7 3/16 in.)
entity:artifact:2:203839,dimensions,H. 20.8 cm (8 3/16 in.)
entity:artifact:2:203840,dimensions,H. 7.3 x Diam. 14 cm (2 7/8 x 5 1/2 in.)
entity:artifact:2:203841,dimensions,H. 22.9 cm (9 in.)
entity:artifact:2:203842,dimensions,H. 16.3 cm (6 7/16 in.)
entity:artifact:2:203843,dimensions,H. 18.8 cm (7 3/8 in.)
entity:artifact:2:203844,dimensions,H. 17.8 cm (7 in.)
entity:artifact:2:203845,dimensions,H. 44.2 cm (17 3/8 in.)
entity:artifact:2:203846,dimensions,H. 18.8 cm (7 3/8 in.)
entity:artifact:2:203847,dimensions,H. 18 cm (7 1/16 in.)
entity:artifact:2:203863,dimensions,"H. 8.3 x W. 4.1 x D. 3.2 cm (3 1/4 x 1 5/8 x 1 1/4 in.)
unspecified: 199 g"
entity:artifact:2:203865,dimensions,H. 2.5 x W. 68 x D. 39.5 cm (1 x 26 3/4 x 15 9/16 in.)
entity:artifact:2:203866,dimensions,H. 27.3 x W. 20.4 x D. 16.3 cm (10 3/4 x 8 1/16 x 6 7/16 in.)
entity:artifact:2:203867,dimensions,H. 51 x W. 47.8 x D. 29.6 cm (20 1/16 x 18 13/16 x 11 5/8 in.)
entity:artifact:2:203870,dimensions,H. (to top of handle) 29.2 x W. 18.1 cm (11 1/2 x 7 1/8 in.)
entity:artifact:2:203872,dimensions,H. 20.1 x W. 16.5 x D. 12.3 cm (7 15/16 x 6 1/2 x 4 13/16 in.)
entity:artifact:2:203873,dimensions,Diam. 19 cm (7 1/2 in.)
entity:artifact:2:203875,dimensions,H. 11.4 cm (4 1/2 in.)
entity:artifact:2:203876,dimensions,H. 19.8 cm (7 13/16 in.)
entity:artifact:2:203877,dimensions,H. 19.7 cm (7 3/4 in.)
entity:artifact:2:203878,dimensions,H. 14.7 cm (5 13/16 in.)
entity:artifact:2:203879,dimensions,H. 32.5 cm (12 13/16 in.)
entity:artifact:2:203880,dimensions,H. 16.8 cm (6 5/8 in.)
entity:artifact:2:203881,dimensions,H. 13.2 cm (5 3/16 in.)
entity:artifact:2:203882,dimensions,H. 18.3 cm (7 3/16 in.)
entity:artifact:2:203883,dimensions,H. 45.7 cm (18 in.)
entity:artifact:2:203884,dimensions,H. 3.3 cm (1 5/16 in.)
entity:artifact:2:203885,dimensions,H. 22.9 cm (9 in.)
entity:artifact:2:203886,dimensions,H. 42.7 cm (16 13/16 in.)
entity:artifact:2:203887,dimensions,H. 17.8 cm (7 in.)
entity:artifact:2:203888,dimensions,H. 27.4 cm (10 13/16 in.)
entity:artifact:2:203889,dimensions,H. 21.9 cm (8 5/8 in.)
entity:artifact:2:203890,dimensions,H. 23.7 cm (9 5/16 in.)
entity:artifact:2:203894,dimensions,H. 33.02 cm (13 in.)
entity:artifact:2:203895,dimensions,H. 6 x W. 9.5 cm (2 3/8 x 3 3/4 in.)
entity:artifact:2:203896,dimensions,max.: H. 6.5 × W. 14.1 × D. 8.2 cm (2 9/16 × 5 9/16 × 3 1/4 in.)
entity:artifact:2:203899,dimensions,max.: H. 9.2 × W. 17.6 × D. 10.2 cm (3 5/8 × 6 15/16 × 4 in.)
entity:artifact:2:203900,dimensions,max. : H. 3.2 × W. 4.2 × D. 4.2 cm (1 1/4 × 1 11/16 × 1 11/16 in.)
entity:artifact:2:203901,dimensions,max.: H. 4.3 × Dia. 4.4 cm (1 11/16 × 1 11/16 in.)
entity:artifact:2:203904,dimensions,"max.: H. 10.2 × Dia. 10.3 cm (4 × 4 1/16 in.)
foot max.: Dia. 4.4 cm (1 3/4 in.)"
entity:artifact:2:203905,dimensions,1.7 x 14 x 8.5 cm (11/16 x 5 1/2 x 3 3/8 in.)
entity:artifact:2:203906,dimensions,max.: H. 14.3 × W. 18 × D. 10.5 cm (5 5/8 × 7 1/16 × 4 1/8 in.)
entity:artifact:2:203907,dimensions,"max.: H. 23.5 × W. 17.5 × D. 11 cm (9 1/4 × 6 7/8 × 4 5/16 in.)
with wood stand, max.: H. 21 cm (8 1/4 in.)"
entity:artifact:2:203908,dimensions,max.: H. 13.5 × W. 9.4 × D. 7.6 cm (5 5/16 × 3 11/16 × 3 in.)
entity:artifact:2:203909,dimensions,max.: H. 10 × W. 12.7 × D. 9.8 cm (3 15/16 × 5 × 3 7/8 in.)
entity:artifact:2:203910,dimensions,max.: H. 8.3 × W. 13.3 × D. 9.7 cm (3 1/4 × 5 1/4 × 3 13/16 in.)
entity:artifact:2:203911,dimensions,H. 39.9 cm (15 11/16 in.)
entity:artifact:2:203912,dimensions,"max.: H. 4.1 × Diam. 7.6 cm (1 5/8 × 3 in.)
foot: Diam. 2.7 cm (1 1/16 in.)"
entity:artifact:2:203913,dimensions,H. 37.3 cm (14 11/16 in.)
entity:artifact:2:203914,dimensions,H. 23.9 cm (9 7/16 in.)
entity:artifact:2:203915,dimensions,H. 34.3 cm (13 1/2 in.)
entity:artifact:2:203916,dimensions,H. 13.2 cm (5 3/16 in.)
entity:artifact:2:203917,dimensions,H. 27.9 cm (11 in.)
entity:artifact:2:203918,dimensions,H. 24.6 cm (9 11/16 in.)
entity:artifact:2:203919,dimensions,H. 25.7 cm (10 1/8 in.)
entity:artifact:2:203920,dimensions,H. 10.2 x Diam. 19.8 cm (4 x 7 13/16 in.)
entity:artifact:2:203921,dimensions,H. 8.3 cm (3 1/4 in.)
entity:artifact:2:203922,dimensions,H. 20.6 cm (8 1/8 in.)
entity:artifact:2:203926,dimensions,H. 19.1 cm (7 1/2 in.)
entity:artifact:2:203927,dimensions,H. 36.8 cm (14 1/2 in.)
entity:artifact:2:203928,dimensions,H. 16.3 cm (6 7/16 in.)
entity:artifact:2:203929,dimensions,H. 13.7 cm (5 3/8 in.)
entity:artifact:2:203942,dimensions,3.8 x 14 x 10.3 cm (1 1/2 x 5 1/2 x 4 1/16 in.)
entity:artifact:2:203943,dimensions,max.: H. 6 × W. 11.6 × D. 7.4 cm (2 3/8 × 4 9/16 × 2 15/16 in.)
entity:artifact:2:203944,dimensions,"H. 22.4 x W. 17.6 cm (8 13/16 x 6 15/16 in.)
Weight 1936.27 g"
entity:artifact:2:203945,dimensions,H. 35.5 x Diam. 25.8 cm (14 x 10 3/16 in.)
entity:artifact:2:203946,dimensions,H. 19.7 x L. 16.5 x Diam. 6.3 cm (7 3/4 x 6 1/2 x 2 1/2 in.)
entity:artifact:2:203947,dimensions,H. to top of handle 27.5 cm x W. across handles 33.5 cm x D. 21.9 cm (10 13/16 x 13 3/16 x 8 5/8 in.)
entity:artifact:2:203950,dimensions,"H. 8.4 x W. 12.5 cm (3 5/16 x 4 15/16 in.)
Diam. of mirror 9 cm (3 9/16 in.)"
entity:artifact:2:203951,dimensions,H. 15.4 x W. 7.4 cm (6 1/16 x 2 15/16 in.)
entity:artifact:2:203953,dimensions,H. 51.5 x Diam. 38.6 cm (20 1/4 x 15 3/16 in.)
entity:artifact:2:203956,dimensions,H. 4.2 x Diam. 10.3 cm (1 5/8 x 4 1/16 in.)
entity:artifact:2:203968,dimensions,including cover: H. 14.5 x Diam. 13.7 cm (5 11/16 x 5 3/8 in.)
entity:artifact:2:203969,dimensions,H. 36.8 cm (14 1/2 in.)
entity:artifact:2:203970,dimensions,H. 22.9 cm (9 in.)
entity:artifact:2:203971,dimensions,Diam. 11.4 cm (4 1/2 in.)
entity:artifact:2:203974,dimensions,max.: H. 10.1 × W. 15.1 × D. 8.3 cm (4 × 5 15/16 × 3 1/4 in.)
entity:artifact:2:203975,dimensions,max.: H. 8.8 × Dia. 11 cm (3 7/16 × 4 5/16 in.)
entity:artifact:2:203977,dimensions,max.: H. 8 × W. 12.3 × D. 9.7 cm (3 1/8 × 4 13/16 × 3 13/16 in.)
entity:artifact:2:203978,dimensions,max.: H. 27.4 × W. 11.3 × D. 9.8 cm (10 13/16 × 4 7/16 × 3 7/8 in.)
entity:artifact:2:203979,dimensions,Diam. 24.8 x Thickness 1.9 cm (9 3/4 x 3/4 in.)
entity:artifact:2:203980,dimensions,Diam. 27.8 cm (10 15/16 in.)
entity:artifact:2:203981,dimensions,Diam. 15.8 x Thickness 1.4 cm (6 1/4 x 9/16 in.)
entity:artifact:2:203982,dimensions,H. 23.1 x W. 27.7 x Diam. 22.9 cm (9 1/8 x 10 7/8 x 9 in.)
entity:artifact:2:203983,dimensions,H. 26.9 x W. 25.5 x D. 19.3 cm (10 9/16 x 10 1/16 x 7 5/8 in.)
entity:artifact:2:203984,dimensions,H. 13.9 x L. 24.2 x W. 8 cm (5 1/2 x 9 1/2 x 3 1/8 in.)
entity:artifact:2:203985,dimensions,27 x 22.2 x 17.6 cm (10 5/8 x 8 3/4 x 6 15/16 in.)
entity:artifact:2:203986,dimensions,H. 29 x W. 18.8 x D. 17.7 cm (11 7/16 x 7 3/8 x 6 15/16 in.)
entity:artifact:2:203987,dimensions,"H. 35.5 x W. 22.5 x D. 16.7 cm (14 x 8 7/8 x 6 9/16 in.)
Weight 15 lb."
entity:artifact:2:203988,dimensions,"H. 30.2 x W. 20.1 x D. 17.6 cm (11 7/8 x 7 15/16 x 6 15/16 in.)
Weight 6020.02 g (lid 2476.33 g, vessel 3543.69 g)"
entity:artifact:2:203989,dimensions,"L. 27.1 x Diam. of cup 4.9 cm (10 11/16 x 1 15/16 in.)
Weight 255.15 g"
entity:artifact:2:203990,dimensions,7.9 x 40 x 11.6 cm (3 1/8 x 15 3/4 x 4 9/16 in.)
entity:artifact:2:203991,dimensions,H. (with handle) 30.3 x W. 23.2 x D. 16.1 cm (11 15/16 x 9 1/8 x 6 5/16 in.)
entity:artifact:2:203992,dimensions,"66 x 45 x 40 cm (26 x 17 11/16 x 15 3/4 in.)
108 lb."
entity:artifact:2:203993,dimensions,"H. 94 x W. 53.1 cm (37 x 20 7/8 in.)
mount: H. 106 x W. 59.1 x D. 12.4 cm (41 3/4 x 23 1/4 x 4 7/8 in.)"
entity:artifact:2:203994,dimensions,"H. 25.7 x W. 19.0 x Diam. 15.4 cm (10 1/8 x 7 1/2 x 6 1/16 in.)
Weight 2523.11 g"
entity:artifact:2:203995,dimensions,H. 30.0 x W. 25.5 x D. 19.4 cm (11 13/16 x 10 1/16 x 7 5/8 in.)
entity:artifact:2:203996,dimensions,H. 101.6 x W. 29.2 cm (40 x 11 1/2 in.)
entity:artifact:2:203997,dimensions,"sculpture with attached circular base and tang (not visible): H. 98.4 x W. 26.7 x D. 18.4 cm (38 3/4 x 10 1/2 x 7 1/4 in.)
display dimensions (sculpture with separate lotus base): H. 109.5 x W. 31.1 x D. 31.8 cm (43 1/8 x 12 1/4 x 12 1/2 in.)"
entity:artifact:2:203998,dimensions,H. 101.6 x W. 29.2 cm (40 x 11 1/2 in.)
entity:artifact:2:203999,dimensions,H. 84 x W. 27 x D. 12 cm (33 1/16 x 10 5/8 x 4 3/4 in.)
entity:artifact:2:204000,dimensions,sight: H. 103 x W. 48 x D. 18 cm (40 9/16 x 18 7/8 x 7 1/16 in.)
entity:artifact:2:204001,dimensions,H. 69 x W. 35.5 x D. 19 cm (27 3/16 x 14 x 7 1/2 in.)
entity:artifact:2:204002,dimensions,H. 44 x W. 33 x D. 28.2 cm (17 5/16 x 13 x 11 1/8 in.)
entity:artifact:2:204003,dimensions,H. 45.5 x W. 20 x D. 15 cm (17 15/16 x 7 7/8 x 5 7/8 in.)
entity:artifact:2:204004,dimensions,H. 37.0 x W. 16.0 x D. 11.5 cm (14 9/16 x 6 5/16 x 4 1/2 in.)
entity:artifact:2:204005,dimensions,H. 16.0 x W. 6.0 x D. 3.0 cm (6 5/16 x 2 3/8 x 1 3/16 in.)
entity:artifact:2:204006,dimensions,H. 23.4 x W. 7.6 cm (9 3/16 x 3 in.)
entity:artifact:2:204007,dimensions,H. 55 x W. 18.2 x D. 18.2 cm (21 5/8 x 7 3/16 x 7 3/16 in.)
entity:artifact:2:204008,dimensions,H. 15.8 x W. 5.6 x D. 4.5 cm (6 1/4 x 2 3/16 x 1 3/4 in.)
entity:artifact:2:204015,dimensions,H. 13.5 x Diam. 22.5 cm (5 5/16 x 8 7/8 in.)
entity:artifact:2:204016,dimensions,"crystal ball and stand: H. 32 cm (12 5/8 in.)
crystal ball: Diam. 20 cm (7 7/8 in.)"
entity:artifact:2:204025,dimensions,H. 50.8 x W. 6.7 cm (20 x 10 1/2 in.)
entity:artifact:2:204032,dimensions,10.1 x 9.2 x 3 cm (4 x 3 5/8 x 1 3/16 in.)
entity:artifact:2:204033,dimensions,22.4 x 9.9 cm (8 13/16 x 3 7/8 in.)
entity:artifact:2:204034,dimensions,39.4 x 41.3 cm (15 1/2 x 16 1/4 in.)
entity:artifact:2:204035,dimensions,"H. 5.5 x W. 5.1 x D. 4.7 cm (2 3/16 x 2 x 1 7/8 in.)
with base: H. 14 x Diam. 7 cm (5 1/2 x 2 3/4 in.)"
entity:artifact:2:204037,dimensions,H. 4 x W. 14.2 x D. 10.1 cm (1 9/16 x 5 9/16 x 4 in.)
entity:artifact:2:204038,dimensions,H. 5.3 x W. 16 x D. 12.5 cm (2 1/16 x 6 5/16 x 4 15/16 in.)
entity:artifact:2:204040,dimensions,5.9 x 1.9 cm (2 5/16 x 3/4 in.)
entity:artifact:2:204041,dimensions,H. 13.2 x W. 4.3 x D. 2.5 cm (5 3/16 x 1 11/16 x 1 in.)
entity:artifact:2:204042,dimensions,sight: 74.5 x 38.1 cm (29 5/16 x 15 in.)
entity:artifact:2:204043,dimensions,H. 90 cm (35 7/16 in.)
entity:artifact:2:204044,dimensions,H. 70 x W. 39 x D. 23 cm (27 9/16 x 15 3/8 x 9 1/16 in.)
entity:artifact:2:204045,dimensions,H. 68 x W. 40 x D. 27 cm (26 3/4 x 15 3/4 x 10 5/8 in.)
entity:artifact:2:204046,dimensions,H. 104.2 x W. 28.8 cm (41 x 11 5/16 in.)
entity:artifact:2:204047,dimensions,"sculpture with attached circular base and tang (not visible): H. 103.5 x W. 25.4 x D. 14.6 cm (40 3/4 x 10 x 5 3/4 in.)
display dimensions sculpture with separate lotus base): H. 110.5 x W. 27 x D. 26.7 cm (43 1/2 x 10 5/8 x 10 1/2 in.)"
entity:artifact:2:204048,dimensions,H. 61 x W. 34.7 x D. 30.3 cm (24 x 13 11/16 x 11 15/16 in.)
entity:artifact:2:204049,dimensions,"H. 158 x W. 34.3 x D. 33 cm (62 3/16 x 13 1/2 x 13 in.)
Weight 530 lb."
entity:artifact:2:204050,dimensions,41 x 22.3 x 20.1 cm (16 1/8 x 8 3/4 x 7 15/16 in.)
entity:artifact:2:204051,dimensions,H. 63.5 x W. 31.2 cm (25 x 12 5/16 in.)
entity:artifact:2:204052,dimensions,H. 44.5 x W. 19.5 x D. 14 cm (17 1/2 x 7 11/16 x 5 1/2 in.)
entity:artifact:2:204066,dimensions,H. 23.18 x W. 22.23 cm (9 1/8 x 8 3/4 in.)
entity:artifact:2:204069,dimensions,H. 24.7 x W. 15.1 x Depth.15.2 cm (9 3/4 x 5 15/16 x 6 in.)
entity:artifact:2:204070,dimensions,"sculpture (without base): H. 36 x W/ 22 x D. 16.8 cm (14 3/16 x 8 11/16 x 6 5/8 in.)
with base: H. 39.5 cm (15 9/16 in.)"
entity:artifact:2:204071,dimensions,H. 38.0 x W. 15.2 x D. 9.3 cm (14 15/16 x 6 x 3 11/16 in.)
entity:artifact:2:204072,dimensions,"painting proper: H. 99.6 x W. 62.8 cm (39 3/16 x 24 3/4 in.)
mounting overall, including suspension cord and roller ends: H. 153.8 x W. 73 cm (60 9/16 x 28 3/4 in.)"
entity:artifact:2:204073,dimensions,H. 12.6 x W. 4.8 cm (4 15/16 x 1 7/8 in.)
entity:artifact:2:204074,dimensions,H. 32 x W. 24 x D. 13 cm (12 5/8 x 9 7/16 x 5 1/8 in.)
entity:artifact:2:204075,dimensions,H. 9.0 x W. 6.0 x D. 3.0 cm (3 9/16 x 2 3/8 x 1 3/16 in.)
entity:artifact:2:204076,dimensions,H. 11.7 x W. 8.0 x D. 2.7 cm (4 5/8 x 3 1/8 x 1 1/16 in.)
entity:artifact:2:204077,dimensions,H. 12.0 x W. 7.4 x D. 3.5 cm (4 3/4 x 2 15/16 x 1 3/8 in.)
entity:artifact:2:204078,dimensions,H. 10.1 x W. 4.6 x D. 4.6 cm (4 x 1 13/16 x 1 13/16 in.)
entity:artifact:2:204080,dimensions,H. 7.6 x Diam. 21 cm (3 x 8 1/4 in.)
entity:artifact:2:204081,dimensions,including lotus pedestal: H. 78 x W. 29.2 x D. 26 cm (30 11/16 x 11 1/2 x 10 1/4 in.)
entity:artifact:2:204082,dimensions,7 x 9.2 cm (2 3/4 x 3 5/8 in.)
entity:artifact:2:204083,dimensions,H. 7.1 x Diam. 9.3 cm (2 13/16 x 3 11/16 in.)
entity:artifact:2:204084,dimensions,H. 4.8 x Diam. 8.3 cm (1 7/8 x 3 1/4 in.)
entity:artifact:2:204085,dimensions,H. 8.9 x W. 6.6 cm (3 1/2 x 2 5/8 in.)
entity:artifact:2:204086,dimensions,H. 16.5 × L. 34.3 × W. 12.4 cm (6 1/2 × 13 1/2 × 4 7/8 in.)
entity:artifact:2:204087,dimensions,H. 16.2 × L. 34.5 × W. 12.5 cm (6 3/8 × 13 9/16 × 4 15/16 in.)
entity:artifact:2:204088,dimensions,Diam. 23 cm (9 1/16 in.)
entity:artifact:2:204089,dimensions,"Diam. 22.6 cm (8 7/8 in.)
Weight: 1077 g"
entity:artifact:2:204090,dimensions,"12.2 cm (4 13/16 in.)
412 g"
entity:artifact:2:204091,dimensions,Diam. 27.6 cm (10 7/8 in.)
entity:artifact:2:204092,dimensions,Diam. 30.6 cm (12 1/16 in.)
entity:artifact:2:204093,dimensions,H. 24.9 x Diam. 20.7 cm (9 13/16 x 8 1/8 in.)
entity:artifact:2:204094,dimensions,"H. 24.6 x W. 21.6 x Diam. 20.9 cm (9 11/16 x 8 1/2 x 8 1/4 in.)
Weight 3827.19 g"
entity:artifact:2:204102,dimensions,10.48 x 25.08 x 16.51 cm (4 1/8 x 9 7/8 x 6 1/2 in.)
entity:artifact:2:204104,dimensions,24.77 x 19.05 cm (9 3/4 x 7 1/2 in.)
entity:artifact:2:204107,dimensions,H. with cover 26.2 cm x W. max. 26.5 cm x Diam. mouth 18.8 cm (10 5/16 x 10 7/16 x 7 3/8 in.)
entity:artifact:2:204115,dimensions,Diam. 24 cm (9 7/16 in.)
entity:artifact:2:204116,dimensions,Diam. 23.3 cm (9 3/16 in.)
entity:artifact:2:204117,dimensions,Diam. 24 cm (9 7/16 in.)
entity:artifact:2:204118,dimensions,Diam. 13.4 cm (5 1/4 in.)
entity:artifact:2:204120,dimensions,H. 61.5 x W. 40 x D. 18 cm (24 3/16 x 15 3/4 x 7 1/16 in.)
entity:artifact:2:204121,dimensions,including base: 65.4 x 47.6 x 22.9 cm (25 3/4 x 18 3/4 x 9 in.)
entity:artifact:2:204122,dimensions,"H. 10.2 x W. 5.5 x D. 4.8 cm (4 x 2 3/16 x 1 7/8 in.)
with base: H. 19.7 x W. 9.2 x D. 5.1 cm (7 3/4 x 3 5/8 x 2 in.)"
entity:artifact:2:204124,dimensions,"H. 49.2 x W. 12.2 cm (19 3/8 x 4 13/16 in.)
with mount: H. 53.3 x W. 14 x D. 8.9 cm (21 x 5 1/2 x 3 1/2 in.)"
entity:artifact:2:204125,dimensions,"H. 47 x W. 13.1 cm (18 1/2 x 5 3/16 in.)
with mount: H. 52.1 x W. 14 x D. 8.9 cm (20 1/2 x 5 1/2 x 3 1/2 in.)"
entity:artifact:2:204126,dimensions,16.2 x 26.4 cm (6 3/8 x 10 3/8 in.)
entity:artifact:2:204127,dimensions,H. 23.4 cm (9 3/16 in.)
entity:artifact:2:204130,dimensions,H. 30.3 x W. 22.6 x Diam. 20.8 cm (11 15/16 x 8 7/8 x 8 3/16 in.)
entity:artifact:2:204131,dimensions,7.9 x 7.9 x 0.7 cm (3 1/8 x 3 1/8 x 1/4 in.)
entity:artifact:2:204132,dimensions,80.5 x 77.9 cm (31 11/16 x 30 11/16 in.)
entity:artifact:2:204133,dimensions,75.5 x 70.2 cm (29 3/4 x 27 5/8 in.)
entity:artifact:2:204134,dimensions,H. (without handle) 29.2 cm (11 1/2 in.)
entity:artifact:2:204138,dimensions,H. 76.3 x W. 69.2 cm (30 1/16 x 27 1/4 in.)
entity:artifact:2:204139,dimensions,max: H. 37 x W. 35 cm (14 9/16 x 13 3/4 in.)
entity:artifact:2:204140,dimensions,"H. 109.5 x W. 75 x D. 47 cm (43 1/8 x 29 1/2 x 18 1/2 in.)
Weight 699 lb."
entity:artifact:2:204141,dimensions,"sculpture with attached circular base and tang (not visible): H. 104.1 x W. 25.4 x D. 15.9 cm (41 x 10 x 6 1/4 in.)
display dimensions (sculpture with separate lotus base): H. 117.2 x W. 31.8 x D. 30.5 cm (46 1/8 x 12 1/2 x 12 in.)"
entity:artifact:2:204142,dimensions,"sight: H. 91.7 x W. 38.5 x D. 22.86 cm (36 1/8 x 15 3/16 x 9 in.)
weight 163 lb."
entity:artifact:2:204147,dimensions,H. 6.7 x Diam. 12.7 cm (2 5/8 x 5 in.)
entity:artifact:2:204149,dimensions,H. 20.5 cm (8 1/16 in.)
entity:artifact:2:204150,dimensions,H. 14 cm (5 1/2 in.)
entity:artifact:2:204151,dimensions,18.1 cm (7 1/8 in.)
entity:artifact:2:204152,dimensions,H. 16 cm (6 5/16 in.)
entity:artifact:2:204153,dimensions,H. 16 cm (6 5/16 in.)
entity:artifact:2:204155,dimensions,H. 31.2 cm (12 5/16 in.)
entity:artifact:2:204163,dimensions,H. 24.4 cm (9 5/8 in.)
entity:artifact:2:204164,dimensions,H. 5.1 cm (2 in.)
entity:artifact:2:204168,dimensions,H. 40.6 x Diam. 26.7 cm (16 x 10 1/2 in.)
entity:artifact:2:204169,dimensions,35 x 18.6 cm (13 3/4 x 7 5/16 in.)
entity:artifact:2:204175,dimensions,11.5 x 6.5 x 8 cm (4 1/2 x 2 9/16 x 3 1/8 in.)
entity:artifact:2:204176,dimensions,17 x 8 x 6.3 cm (6 11/16 x 3 1/8 x 2 1/2 in.)
entity:artifact:2:204177,dimensions,H. 22.8 cm (9 in.)
entity:artifact:2:204178,dimensions,H. 26 cm (10 1/4 in.)
entity:artifact:2:204186,dimensions,5.6 x 6.5 cm (2 3/16 x 2 9/16 in.)
entity:artifact:2:204196,dimensions,H. 111 x W. 27 cm (43 11/16 x 10 5/8 in.)
entity:artifact:2:204197,dimensions,H. 110 x W. 26 cm (43 5/16 x 10 1/4 in.)
entity:artifact:2:204198,dimensions,H. 20.5 x W. 17 x L. 30.8 cm (8 1/16 x 6 11/16 x 12 1/8 in.)
entity:artifact:2:204199,dimensions,Diam. 25.1 cm (9 7/8 in.)
entity:artifact:2:204207,dimensions,11 x 11 x 8 cm (4 5/16 x 4 5/16 x 3 1/8 in.)
entity:artifact:2:204208,dimensions,H. 30.5 cm (12 in.)
entity:artifact:2:204212,dimensions,without handle: H. 22.9 cm (9 in.)
entity:artifact:2:204213,dimensions,H. 19.7 × W. 17.9 cm (7 3/4 × 7 1/16 in.)
entity:artifact:2:204214,dimensions,H. (with handle) 21.1 × W. 21.3 cm (8 5/16 × 8 3/8 in.)
entity:artifact:2:204217,dimensions,217.17cm x 407.67cm: 407.7 x 217.2 cm (160 1/2 x 85 1/2 in.)
entity:artifact:2:204219,dimensions,H. 108 x W. 27 cm (42 1/2 x 10 5/8 in.)
entity:artifact:2:204220,dimensions,H. 107 x W. 26.5 cm (42 1/8 x 10 7/16 in.)
entity:artifact:2:204228,dimensions,8.5 x 14.5 x 11.2 cm (3 3/8 x 5 11/16 x 4 7/16 in.)
entity:artifact:2:204233,dimensions,Diam. 13.3 cm (5 1/4 in.)
entity:artifact:2:204234,dimensions,H. 19.7 x W. 8.5 x L. 23 cm (7 3/4 x 3 3/8 x 9 1/16 in.)
entity:artifact:2:204235,dimensions,"18.3 x 4.2 x 1 cm (7 3/16 x 1 5/8 x 3/8 in.)
unspecified: 178 g"
entity:artifact:2:204236,dimensions,"2.7 x 5.7 cm (1 1/16 x 2 1/4 in.)
unspecified: 3 g"
entity:artifact:2:204237,dimensions,"2.7 x 5.8 cm (1 1/16 x 2 5/16 in.)
unspecified: 3 g"
entity:artifact:2:204238,dimensions,"9.1 x 2.2 x 0.5 cm (3 9/16 x 7/8 x 3/16 in.)
unspecified: 26 g"
entity:artifact:2:204239,dimensions,"9.1 x 2.2 x 0.5 cm (3 9/16 x 7/8 x 3/16 in.)
unspecified: 26 g"
entity:artifact:2:204240,dimensions,"8 x 2.2 x 0.4 cm (3 1/8 x 7/8 x 3/16 in.)
unspecified: 15 g"
entity:artifact:2:204242,dimensions,"Diam. 23 cm (9 1/16 in.)
Weight: 555 g"
entity:artifact:2:204243,dimensions,"H. 12 x W. 12 cm (4 3/4 x 4 3/4 in.)
Weight 264 g"
entity:artifact:2:204244,dimensions,19.7 x 12.4 cm (7 3/4 x 4 7/8 in.)
entity:artifact:2:204245,dimensions,H. 7 x L. 11.5 x W. 4.4 cm (2 3/4 x 4 1/2 x 1 3/4 in.)
entity:artifact:2:204246,dimensions,H. 7 x L. 11.4 x W. 4.4 cm (2 3/4 x 4 1/2 x 1 3/4 in.)
entity:artifact:2:204247,dimensions,H. 2.9 x Diam. 4.1 cm (1 1/8 x 1 5/8 in.)
entity:artifact:2:204248,dimensions,H. 3 x Max. Dia. 10.3 cm (1 3/16 x 4 1/16 in.)
entity:artifact:2:204249,dimensions,Max. H. 5.6 x W. 9 cm (2 3/16 x 3 9/16 in.)
entity:artifact:2:204250,dimensions,Diam. 36.8 cm (14 1/2 in.)
entity:artifact:2:204251,dimensions,H. 12.5 x Diam. of base 7.1 cm (4 15/16 x 2 13/16 in.)
entity:artifact:2:204252,dimensions,L. 31.4 cm (12 3/8 in.)
entity:artifact:2:204253,dimensions,H. 3 × Diam. 5.3 cm (1 3/16 × 2 1/16 in.)
entity:artifact:2:204254,dimensions,H. 3 × Diam. 5.8 cm (1 3/16 × 2 5/16 in.)
entity:artifact:2:204255,dimensions,H. 10.2 x W. 2.5 cm (4 x 1 in.)
entity:artifact:2:204260,dimensions,L. 28 cm (11 in.)
entity:artifact:2:204261,dimensions,H. 10 x W. 7 x D. 7 cm (3 15/16 x 2 3/4 x 2 3/4 in.)
entity:artifact:2:204262,dimensions,"H. 9.2 x W. 6 x D. 6.2 cm (3 5/8 x 2 3/8 x 2 7/16 in.)
with base: H. 18 cm (7 1/16 in.)"
entity:artifact:2:204265,dimensions,H. 6.3 x W. 5 cm (2 1/2 x 1 15/16 in.)
entity:artifact:2:204266,dimensions,"1.2 x 0.4 x 6.7 cm (1/2 x 3/16 x 2 5/8 in.)
unspecified: 14 g"
entity:artifact:2:204267,dimensions,"6.5 x 1.2 x 0.5 cm (2 9/16 x 1/2 x 3/16 in.)
unspecified: 7 g"
entity:artifact:2:204268,dimensions,"7 x 1.2 x 0.4 cm (2 3/4 x 1/2 x 3/16 in.)
unspecified: 7 g"
entity:artifact:2:204269,dimensions,"Diam. 16.7 cm (6 9/16 in.)
Weight: 394 g"
entity:artifact:2:204270,dimensions,"Diam. 18.5 cm (7 5/16 in.)
Weight: 500 g"
entity:artifact:2:204271,dimensions,H. 4 x W. 14.4 x D. 10.6 cm (1 9/16 x 5 11/16 x 4 3/16 in.)
entity:artifact:2:204272,dimensions,"Diam. 10.5 cm (4 1/8 in.)
Weight: 81 g"
entity:artifact:2:204273,dimensions,"Diam. 7.9 cm (3 1/8 in.)
Weight: 38 g"
entity:artifact:2:204274,dimensions,"Diam. 24.6 cm (9 11/16 in.)
Weight: 840 g"
entity:artifact:2:204275,dimensions,Diam. 27.8 cm (10 15/16 in.)
entity:artifact:2:204276,dimensions,"Diam. 17.1 cm (6 3/4 in.)
Weight 394 g"
entity:artifact:2:204277,dimensions,"Diam. 22 cm (8 11/16 in.)
Weight 637.5 g"
entity:artifact:2:204278,dimensions,Diam. 13.4 x Thickness 1.6 cm (5 1/4 x 5/8 in.)
entity:artifact:2:204279,dimensions,H. 6.4 × L. 40.5 × W. 4.4 cm (2 1/2 × 15 15/16 × 1 3/4 in.)
entity:artifact:2:204280,dimensions,H. 9.3 × L. 30.8 × W. 5.1 cm (3 11/16 × 12 1/8 × 2 in.)
entity:artifact:2:204281,dimensions,H. 4.7 x L. 9.5 x W. 2.4 cm (1 7/8 x 3 3/4 x 15/16 in.)
entity:artifact:2:204282,dimensions,"22.2 x 5.4 x 6 cm (8 3/4 x 2 1/8 x 2 3/8 in.)
unspecified: 376 g"
entity:artifact:2:204283,dimensions,12 x 1.6 cm (4 3/4 x 5/8 in.)
entity:artifact:2:204285,dimensions,"2.7 x 5.4 cm (1 1/16 x 2 1/8 in.)
unspecified: 3 g"
entity:artifact:2:204286,dimensions,"2.7 x 5.2 cm (1 1/16 x 2 1/16 in.)
unspecified: 3 g"
entity:artifact:2:204287,dimensions,"W. 2.4 x Chord 10.7 x Thickness 0.4 cm (15/16 x 4 3/16 x 3/16 in.)
38 g"
entity:artifact:2:204288,dimensions,"0.4 x 6 cm (3/16 x 2 3/8 in.)
unspecified: 23 g"
entity:artifact:2:204289,dimensions,H. 7.2 x L. 13.4 x W. 4.6 cm (2 13/16 x 5 1/4 x 1 13/16 in.)
entity:artifact:2:204290,dimensions,H. 14.5 x Diam. 11.1 cm (5 11/16 x 4 3/8 in.)
entity:artifact:2:204292,dimensions,"0.5 x 4.9 cm (3/16 x 1 15/16 in.)
unspecified: 18 g"
entity:artifact:2:204293,dimensions,"0.6 x 16.5 cm (1/4 x 6 1/2 in.)
unspecified: 301 g"
entity:artifact:2:204294,dimensions,"0.8 x 8.1 x 19.8 cm (5/16 x 3 3/16 x 7 13/16 in.)
unspecified: 302 g"
entity:artifact:2:204295,dimensions,"Chord 14.1 x W. 4 x Thickness 0.4 cm (5 9/16 x 1 9/16 x 3/16 in.)
Weight 61 g"
entity:artifact:2:204296,dimensions,H. 10.5 × Diam. 4.3 cm (4 1/8 × 1 11/16 in.)
entity:artifact:2:204297,dimensions,H. 10.5 × Diam. 4.3 cm (4 1/8 × 1 11/16 in.)
entity:artifact:2:204298,dimensions,H. 14.1 × Diam. 3.6 cm (5 9/16 × 1 7/16 in.)
entity:artifact:2:204299,dimensions,H. 14.2 × Diam. 3.7 cm (5 9/16 × 1 7/16 in.)
entity:artifact:2:204300,dimensions,H. 4.3 × Diam. 4.3 cm (1 11/16 × 1 11/16 in.)
entity:artifact:2:204301,dimensions,H. 4.3 × Diam. 4.3 cm (1 11/16 × 1 11/16 in.)
entity:artifact:2:204302,dimensions,H. 25.2 x W. 8.4 x D. 4 cm (9 15/16 x 3 5/16 x 1 9/16 in.)
entity:artifact:2:204303,dimensions,"H. with handle 21.9 x W. 14.6 x D. 12.7 cm (8 5/8 x 5 3/4 x 5 in.)
Weight 1791.69 g"
entity:artifact:2:204304,dimensions,"Diam. 20.1 cm (7 15/16 in.)
Weight: 550 g"
entity:artifact:2:204305,dimensions,"Diam. 19.1 cm (7 1/2 in.)
Weight 444 g"
entity:artifact:2:204306,dimensions,"Diam. 11.8 cm (4 5/8 in.)
Weight 224 g"
entity:artifact:2:204307,dimensions,"Diam. 17.8 x Thickness 0.9 cm (7 x 3/8 in.)
Weight 690 g"
entity:artifact:2:204308,dimensions,"Diam. 10.9 cm (4 5/16 in.)
Weight: 184 g"
entity:artifact:2:204309,dimensions,"Diam. 13.9 cm (5 1/2 in.)
Weight 595 g"
entity:artifact:2:204310,dimensions,"H. 12.5 x W. 12.3 cm (4 15/16 x 4 13/16 in.)
Weight: 226 g"
entity:artifact:2:204311,dimensions,H. 29.1 x L. 32.6 x W. 12.1 cm (11 7/16 x 12 13/16 x 4 3/4 in.)
entity:artifact:2:204312,dimensions,H. 13.4 x L. 24.9 x W. 8.1 cm (5 1/4 x 9 13/16 x 3 3/16 in.)
entity:artifact:2:204313,dimensions,"H. 16.4 x W. 14.3 x D. 19.8 cm (6 7/16 x 5 5/8 x 7 13/16 in.)
Weight 1550.72 g"
entity:artifact:2:204314,dimensions,H. 22.2 x W. 20.8 x Diam. (mouth) 20.1 cm (8 3/4 x 8 3/16 x 7 15/16 in.)
entity:artifact:2:204315,dimensions,10 x 15.4 x 5.3 cm (3 15/16 x 6 1/16 x 2 1/16 in.)
entity:artifact:2:204316,dimensions,H. 5.6 × Diam. 18.7 cm (2 3/16 × 7 3/8 in.)
entity:artifact:2:204317,dimensions,Diam. 14.2 cm (5 9/16 in.)
entity:artifact:2:204319,dimensions,24.8 x 14.5 x 17.8 cm (9 3/4 x 5 11/16 x 7 in.)
entity:artifact:2:204320,dimensions,H. 20.5 x W. 13 cm (8 1/16 x 5 1/8 in.)
entity:artifact:2:204322,dimensions,H. 7.6 x Diam. 7.6 cm (3 x 3 in.)
entity:artifact:2:204324,dimensions,H. 28.3 x W. 7 x D. 4 cm (11 1/8 x 2 3/4 x 1 9/16 in.)
entity:artifact:2:204325,dimensions,H. 28 x W. 7 x D. 3.5 cm (11 x 2 3/4 x 1 3/8 in.)
entity:artifact:2:204326,dimensions,16 x 18 x 5.2 cm (6 5/16 x 7 1/16 x 2 1/16 in.)
entity:artifact:2:204327,dimensions,H. 25.4 cm (10 in.)
entity:artifact:2:204328,dimensions,H. 24.5 cm (9 5/8 in.)
entity:artifact:2:204343,dimensions,Diam. 19 cm (7 1/2 in.)
entity:artifact:2:204344,dimensions,H. 25.8 x Diam. 20.2 cm (10 3/16 x 7 15/16 in.)
entity:artifact:2:204345,dimensions,"H. 17.2 (with lid) x W. 15.0 x D. 13.9 cm (6 3/4 x 5 7/8 x 5 1/2 in.)
Weight 1628.68 g"
entity:artifact:2:204346,dimensions,12 x 15.5 x 5.2 cm (4 3/4 x 6 1/8 x 2 1/16 in.)
entity:artifact:2:204347,dimensions,H. 27.5 x W. 28.3 x D. 20.5 cm (10 13/16 x 11 1/8 x 8 1/16 in.)
entity:artifact:2:204348,dimensions,46.9 x 41.8 cm (18 7/16 x 16 7/16 in.)
entity:artifact:2:204349,dimensions,Diam. 12.4 x Thickness 1.1 cm (4 7/8 x 7/16 in.)
entity:artifact:2:204350,dimensions,"H. 56.5 x W. 40 x D. 34.4 cm (22 1/4 x 15 3/4 x 13 9/16 in.)
Weight 75 lb."
entity:artifact:2:204351,dimensions,"H. 51.2 x W. 36.8 x D. 31.1 cm (20 3/16 x 14 1/2 x 12 1/4 in.)
Weight 66 lb."
entity:artifact:2:204352,dimensions,"H. 89 x W. 41.7 cm (35 1/16 x 16 7/16 in.)
mount: 102.6 x 48.3 x 10.2 cm (40 3/8 x 19 x 4 in.)"
entity:artifact:2:204353,dimensions,90.3 x 37.6 cm (35 9/16 x 14 13/16 in.)
entity:artifact:2:204354,dimensions,max: H. 39 x W. 41.5 cm (15 3/8 x 16 5/16 in.)
entity:artifact:2:204355,dimensions,"H. 94.4 x W. 38.8 cm (H. 37 3/16 x W. 15 1/4 in.)
in its mount: 106.7 x 46.5 x 11.3 cm (42 x 18 5/16 x 4 7/16 in.)"
entity:artifact:2:204356,dimensions,"H. 19.3 x Diam. 26.6 cm (7 5/8 x 10 1/2 in.)
Weight 4637.98 g"
entity:artifact:2:204357,dimensions,"Diam. 14 cm (5 1/2 in.)
Weight 476 g"
entity:artifact:2:204358,dimensions,Diam. 23.8 cm (9 3/8 in.)
entity:artifact:2:204359,dimensions,H. 6.5 x W. 8.7 x D. 1.2 cm (2 9/16 x 3 7/16 x 1/2 in.)
entity:artifact:2:204360,dimensions,48.2 x 36.3 cm (19 x 14 5/16 in.)
entity:artifact:2:204361,dimensions,sight: 66.04 x 46.36 x 36.83 cm (26 x 18 1/4 x 14 1/2 in.)
entity:artifact:2:204362,dimensions,H. 27.8 x W. 39 x D. 14.9 cm (10 15/16 x 15 3/8 x 5 7/8 in.)
entity:artifact:2:204363,dimensions,94.1 x 41.8 cm (37 1/16 x 16 7/16 in.)
entity:artifact:2:204364,dimensions,max: H. 37.5 x W. 39 cm (14 3/4 x 15 3/8 in.)
entity:artifact:2:204365,dimensions,"H. 94.2 x W. 39.8 cm (37 1/16 x 15 11/16 in.)
in its mount: H. 105.4 x W. 50 x D. 11.5 cm (41 1/2 x 19 11/16 x 4 1/2 in.)"
entity:artifact:2:204366,dimensions,43 x 26 cm (16 15/16 x 10 1/4 in.)
entity:artifact:2:204367,dimensions,13.2 x 26.2 x 26.2 cm (5 3/16 x 10 5/16 x 10 5/16 in.)
entity:artifact:2:204368,dimensions,H. 52.1 x W. 34.7 x Diam. 31.6 cm (20 1/2 x 13 11/16 x 12 7/16 in.)
entity:artifact:2:204374,dimensions,8.5 x 4.8 x 4.5 cm (3 3/8 x 1 7/8 x 1 3/4 in.)
entity:artifact:2:204375,dimensions,H. 7.3 x Diam. 15.6 cm (2 7/8 x 6 1/8 in.)
entity:artifact:2:204376,dimensions,H. 15.2 cm (6 in.)
entity:artifact:2:204377,dimensions,8.2 × 59 cm (3 1/4 × 23 1/4 in.)
entity:artifact:2:204379,dimensions,H. 4.5 x Diam. 3.5 cm (1 3/4 x 1 3/8 in.)
entity:artifact:2:204384,dimensions,5.4 x 14.6 x 6.9 cm (2 1/8 x 5 3/4 x 2 11/16 in.)
entity:artifact:2:204386,dimensions,H. 18.6 x W. 10.3 x D. 2.9 cm (7 5/16 x 4 1/16 x 1 1/8 in.)
entity:artifact:2:204387,dimensions,H. 5.8 x W. 5.3 x L. 8 cm (2 5/16 x 2 1/16 x 3 1/8 in.)
entity:artifact:2:204388,dimensions,H. 4.6 x L. 9.5 x W. 2.5 cm (1 13/16 x 3 3/4 x 1 in.)
entity:artifact:2:204389,dimensions,"H. 14.6 x W. 3.3 x D. 3.5 cm (5 3/4 x 1 5/16 x 1 3/8 in.)
Weight 288 g"
entity:artifact:2:204390,dimensions,3.8 x 2.1 x 1.8 cm (1 1/2 x 13/16 x 11/16 in.)
entity:artifact:2:204391,dimensions,H. 9.7 x W. 12.4 x Diam 9.9 cm (3 13/16 x 4 7/8 x 3 7/8 in.)
entity:artifact:2:204392,dimensions,"14 x 4.3 x 0.5 cm (5 1/2 x 1 11/16 x 3/16 in.)
unspecified: 60 g"
entity:artifact:2:204393,dimensions,"Diam. 15.1 cm (5 15/16 in.)
Weight: 350 g"
entity:artifact:2:204394,dimensions,"Diam. 13.6 cm (5 3/8 in.)
Weight 156 g"
entity:artifact:2:204395,dimensions,14.4 x 11.1 cm (5 11/16 x 4 3/8 in.)
entity:artifact:2:204396,dimensions,2.8 x 9.3 x 7.5 cm (1 1/8 x 3 11/16 x 2 15/16 in.)
entity:artifact:2:204398,dimensions,4.5 x 10.3 x 10 cm (1 3/4 x 4 1/16 x 3 15/16 in.)
entity:artifact:2:204399,dimensions,H. 6.4 x W. 5 cm (2 1/2 x 1 15/16 in.)
entity:artifact:2:204400,dimensions,H. 12.9 x W. 3.9 x D. 3 cm (5 1/16 x 1 9/16 x 1 3/16 in.)
entity:artifact:2:204401,dimensions,H. 9 x W. 3.4 x D. 3 cm (3 9/16 x 1 5/16 x 1 3/16 in.)
entity:artifact:2:204402,dimensions,H. 16.5 cm (6 1/2 in.)
entity:artifact:2:204403,dimensions,H. 17.5 cm (6 7/8 in.)
entity:artifact:2:204407,dimensions,5.3 x 8.2 x 7.5 cm (2 1/16 x 3 1/4 x 2 15/16 in.)
entity:artifact:2:204408,dimensions,H. 22.2 cm (8 3/4 in.)
entity:artifact:2:204409,dimensions,H. 21.3 cm (8 3/8 in.)
entity:artifact:2:204410,dimensions,10 cm (3 15/16 in.)
entity:artifact:2:204412,dimensions,"Ox: H. 18.4 × W. 30.5 × D. 14 cm (7 1/4 × 12 × 5 1/2 in.)
Stand: H. 5.7 × W. 21 × D. 14 cm (2 1/4 × 8 1/4 × 5 1/2 in.)"
entity:artifact:2:204413,dimensions,13.34 x 35.56 cm (5 1/4 x 14 in.)
entity:artifact:2:204416,dimensions,H. 1.7 x W. 5.8 cm (11/16 x 2 5/16 in.)
entity:artifact:2:204417,dimensions,H. 14.0 x W. 7.0 x D. 3.2 cm (5 1/2 x 2 3/4 x 1 1/4 in.)
entity:artifact:2:204418,dimensions,H. 11.5 x W. 5.1 x D. 2.5 cm (4 1/2 x 2 x 1 in.)
entity:artifact:2:204421,dimensions,H. 15.2 x W. 15.2 x D. 1.8 cm (6 x 6 x 11/16 in.)
entity:artifact:2:204422,dimensions,H. 79 x W. 94.9 cm (31 1/8 x 37 3/8 in.)
entity:artifact:2:204423,dimensions,"73 x 39 cm (28 3/4 x 15 3/8 in.)
in its mount: 106 x 55.5 x 12.2 cm (41 3/4 x 21 7/8 x 4 13/16 in.)"
entity:artifact:2:204424,dimensions,"sculpture with attached circular base and tang (not visible): H. 97.8 x W. 26 x D. 17.1 cm (38 1/2 x 10 1/4 x 6 3/4 in.)
display dimensions (sculpture with separate lotus base): H. 107.6 x W. 32.1 x D. 31.1 cm (42 3/8 x 12 5/8 x 12 1/4 in.)"
entity:artifact:2:204425,dimensions,H. 65 x W. 36 x D. 17 cm (25 9/16 x 14 3/16 x 6 11/16 in.)
entity:artifact:2:204426,dimensions,H. 36 x W. 17.2 x D. 19 cm (14 3/16 x 6 3/4 x 7 1/2 in.)
entity:artifact:2:204427,dimensions,H. 32 x W. 18.3 x D. 18.6 cm (12 5/8 x 7 3/16 x 7 5/16 in.)
entity:artifact:2:204428,dimensions,H. 36 x W. 25 x D. 21.5 cm (14 3/16 x 9 13/16 x 8 7/16 in.)
entity:artifact:2:204429,dimensions,H. 74.3 x W. 64.2 cm (29 1/4 x 25 1/4 in.)
entity:artifact:2:204430,dimensions,77 x 74.9 cm (30 5/16 x 29 1/2 in.)
entity:artifact:2:204431,dimensions,"90.5 x 79.2 cm (35 5/8 x 31 3/16 in.)
403 lb."
entity:artifact:2:204432,dimensions,91.4 x 81.1 cm (36 x 31 15/16 in.)
entity:artifact:2:204434,dimensions,H. 33.5 x W. 25 cm (13 3/16 x 9 13/16 in.)
entity:artifact:2:204435,dimensions,H. 11.2 x W. 2.8 x D. 2.8 cm (4 7/16 x 1 1/8 x 1 1/8 in.)
entity:artifact:2:204436,dimensions,H. 16.2 x W. 9.7 x D. 5.6 cm (6 3/8 x 3 13/16 x 2 3/16 in.)
entity:artifact:2:204440,dimensions,max: H. 40 x W. 34 cm (15 3/4 x 13 3/8 in.)
entity:artifact:2:204441,dimensions,max: 40.5 x 32 cm (15 15/16 x 12 5/8 in.)
entity:artifact:2:204444,dimensions,L. 25.4 cm (10 in.)
entity:artifact:2:204447,dimensions,H. 5.4 cm (2 1/8 in.)
entity:artifact:2:204448,dimensions,H. 5.4 cm (2 1/8 in.)
entity:artifact:2:204449,dimensions,8 × 7.5 cm (3 1/8 × 2 15/16 in.)
entity:artifact:2:204450,dimensions,L. 24.8 × W. 4.2 cm (9 3/4 × 1 5/8 in.)
entity:artifact:2:204451,dimensions,L. 10.8 × W. 4.3 cm (4 1/4 × 1 11/16 in.)
entity:artifact:2:204452,dimensions,L. 6.7 cm (2 5/8 in.)
entity:artifact:2:204453,dimensions,Diam. 6 cm (2 3/8 in.)
entity:artifact:2:204454,dimensions,Diam. 6 cm (2 3/8 in.)
entity:artifact:2:204455,dimensions,H. 5.4 x L. 11.1 cm (2 1/8 x 4 3/8 in.)
entity:artifact:2:204457,dimensions,L. 29.2 cm (11 1/2 in.)
entity:artifact:2:204458,dimensions,H. 32.7 x W. 13.8 x D. 9.1 cm (12 7/8 x 5 7/16 x 3 9/16 in.)
entity:artifact:2:204459,dimensions,H. 3.6 x W. 10.3 x D. 10 cm (1 7/16 x 4 1/16 x 3 15/16 in.)
entity:artifact:2:204460,dimensions,H. 9.8 x W. (across handles) 13.7 x Diam. 6.5 cm (3 7/8 x 5 3/8 x 2 9/16 in.)
entity:artifact:2:204461,dimensions,5.4 x 10.5 x 6.5 cm (2 1/8 x 4 1/8 x 2 9/16 in.)
entity:artifact:2:204462,dimensions,5.3 x 10.5 x 6.5 cm (2 1/16 x 4 1/8 x 2 9/16 in.)
entity:artifact:2:204463,dimensions,Diam. 30.3 x Max. Thickness 1 cm (11 15/16 x 3/8 in.)
entity:artifact:2:204464,dimensions,"Diam. 14.3 cm (5 5/8 in.)
Weight: 252 g"
entity:artifact:2:204465,dimensions,"H. 14.6 x W. 14.5 cm (5 3/4 x 5 11/16 in.)
Weight: 452 g"
entity:artifact:2:204466,dimensions,Diam. 24.3 cm (9 9/16 in.)
entity:artifact:2:204467,dimensions,Diam. 1.7 cm (11/16 in.)
entity:artifact:2:204468,dimensions,H. 3.2 x L. 9.7 x W. 3.8 cm (1 1/4 x 3 13/16 x 1 1/2 in.)
entity:artifact:2:204471,dimensions,4.7 x 1.5 x 1.5 cm (1 7/8 x 9/16 x 9/16 in.)
entity:artifact:2:204473,dimensions,L. 53.7 cm (21 1/8 in.)
entity:artifact:2:204476,dimensions,L. 25.4 cm (10 in.)
entity:artifact:2:204477,dimensions,W. 17 cm (6 11/16 in.)
entity:artifact:2:204478,dimensions,L. 10.7 × W. 5.6 cm (4 3/16 × 2 3/16 in.)
entity:artifact:2:204479,dimensions,L. 10.7 × W. 5.6 cm (4 3/16 × 2 3/16 in.)
entity:artifact:2:204480,dimensions,"H. 8.5 x W. 2.5 x D. 0.8 cm (3 3/8 x 1 x 5/16 in.)
Weight 53 g"
entity:artifact:2:204481,dimensions,"H. 1.9 x L. 3 x Thickness 0.6 cm (3/4 x 1 3/16 x 1/4 in.)
Weight 5 g"
entity:artifact:2:204482,dimensions,"H. 5.5 x W. 3.4 x D. 3.2 cm (2 3/16 x 1 5/16 x 1 1/4 in.)
Weight 88 g"
entity:artifact:2:204483,dimensions,"6 x 0.7 x 0.7 cm (2 3/8 x 1/4 x 1/4 in.)
unspecified: 9 g"
entity:artifact:2:204484,dimensions,"5.9 x 0.6 x 0.9 cm (2 5/16 x 1/4 x 3/8 in.)
unspecified: 8 g"
entity:artifact:2:204485,dimensions,"H. 11 x W. 3.1 x D. 2 cm (4 5/16 x 1 1/4 x 13/16 in.)
Weight 91 g"
entity:artifact:2:204486,dimensions,"7.8 x 2.3 x 2 cm (3 1/16 x 7/8 x 13/16 in.)
unspecified: 69 g"
entity:artifact:2:204487,dimensions,"4.3 x 1.9 x 0.4 cm (1 11/16 x 3/4 x 3/16 in.)
unspecified: 6 g"
entity:artifact:2:204488,dimensions,"3.6 x 2.7 x 0.3 cm (1 7/16 x 1 1/16 x 1/8 in.)
unspecified: 6 g"
entity:artifact:2:204489,dimensions,"1 x 15.8 cm (3/8 x 6 1/4 in.)
unspecified: 476 g"
entity:artifact:2:204490,dimensions,"0.9 x 16.9 cm (3/8 x 6 5/8 in.)
unspecified: 467 g"
entity:artifact:2:204491,dimensions,"Diam. 18.1 x Thickness 0.3 cm (7 1/8 x 1/8 in.)
Weight 166 g"
entity:artifact:2:204492,dimensions,H. 3.1 x Diam. 9.1 cm (1 1/4 x 3 9/16 in.)
entity:artifact:2:204493,dimensions,H. 5.7 x Diam. 12.5 cm (2 1/4 x 4 15/16 in.)
entity:artifact:2:204495,dimensions,L. 13 x W. 7.5 cm (5 1/8 x 2 15/16 in.)
entity:artifact:2:204496,dimensions,Diam. 17.3 cm (6 13/16 in.)
entity:artifact:2:204497,dimensions,H. 3.5 x Diam. 17.5 cm (1 3/8 x 6 7/8 in.)
entity:artifact:2:204498,dimensions,L. 8 x W. 3.4 cm (3 1/8 x 1 5/16 in.)
entity:artifact:2:204499,dimensions,L. 16 x W. 1.7 cm (6 5/16 x 11/16 in.)
entity:artifact:2:204501,dimensions,L. 7.8 x W. 2 cm (3 1/16 x 13/16 in.)
entity:artifact:2:204506,dimensions,45.7 x 4.9 cm (18 x 1 15/16 in.)
entity:artifact:2:204508,dimensions,H. 23.5 x Diam. 24 cm (9 1/4 x 9 7/16 in.)
entity:artifact:2:204509,dimensions,H. 22 x Diam. 22 cm (8 11/16 x 8 11/16 in.)
entity:artifact:2:204510,dimensions,H. 2.5 x W. 7.6 x D. 3.9 cm (1 x 3 x 1 9/16 in.)
entity:artifact:2:204511,dimensions,H. 16.2 x Diam. 15.2 cm (6 3/8 x 6 in.)
entity:artifact:2:204512,dimensions,H. 3 x W. 5 cm (1 3/16 x 1 15/16 in.)
entity:artifact:2:204513,dimensions,L. 15.4 x W. 6.5 cm (6 1/16 x 2 9/16 in.)
entity:artifact:2:204514,dimensions,H. 10.2 x Diam. 13.7 cm (4 x 5 3/8 in.)
entity:artifact:2:204515,dimensions,H. 14.5 x Diam. 12 cm (5 11/16 x 4 3/4 in.)
entity:artifact:2:204517,dimensions,H. 30.9 x Diam. 15.2 cm (12 3/16 x 6 in.)
entity:artifact:2:204521,dimensions,H. 4.3 x Max. Dia. 8.6 cm (1 11/16 x 3 3/8 in.)
entity:artifact:2:204523,dimensions,"0.6 x 12 cm (1/4 x 4 3/4 in.)
unspecified: 144 g"
entity:artifact:2:204524,dimensions,"0.7 x 9.9 cm (1/4 x 3 7/8 in.)
unspecified: 89 g"
entity:artifact:2:204525,dimensions,"H. 13.2 x W. 6.3 x D. 6.3 cm (5 3/16 x 2 1/2 x 2 1/2 in.)
Weight 1092 g"
entity:artifact:2:204526,dimensions,"H. 14.5 x W. 7.2 x D. 7.2 cm (5 11/16 x 2 13/16 x 2 13/16 in.)
Weight 1072 g"
entity:artifact:2:204527,dimensions,"H. 5 x W. 7.5 x D. 7.5 cm (1 15/16 x 2 15/16 x 2 15/16 in.)
Weight 480 g"
entity:artifact:2:204528,dimensions,"H. 16.6 x W. 8 x D. 8 cm (6 9/16 x 3 1/8 x 3 1/8 in.)
Weight 1956 g"
entity:artifact:2:204529,dimensions,"0.5 x 9.4 cm (3/16 x 3 11/16 in.)
unspecified: 55 g"
entity:artifact:2:204530,dimensions,"1 x 7.2 cm (3/8 x 2 13/16 in.)
unspecified: 35 g"
entity:artifact:2:204531,dimensions,"W. 0.7 x L. 6.7 x Thickness 1.2 cm (1/4 x 2 5/8 x 1/2 in.)
Weight 8 g"
entity:artifact:2:204532,dimensions,"W. 0.7 x L. 6.7 x Thickness 1.1 cm (1/4 x 2 5/8 x 7/16 in.)
Weight 8 g"
entity:artifact:2:204533,dimensions,"H. 11.3 x W. 7 x Thickness 0.7 cm (4 7/16 x 2 3/4 x 1/4 in.)
Weight 298 g"
entity:artifact:2:204534,dimensions,"H. 10.1 x Diam. 6.7 x Thickness 0.3 cm (4 x 2 5/8 x 1/8 in.)
216 g"
entity:artifact:2:204535,dimensions,"5 cm (1 15/16 in.)
unspecified: 13 g"
entity:artifact:2:204536,dimensions,"1.5 x 13.2 cm (9/16 x 5 3/16 in.)
unspecified: 382 g"
entity:artifact:2:204537,dimensions,"0.7 x 23.6 cm (1/4 x 9 5/16 in.)
unspecified: 719 g"
entity:artifact:2:204538,dimensions,"0.6 x 18.2 cm (1/4 x 7 3/16 in.)
unspecified: 344 g"
entity:artifact:2:204539,dimensions,"0.3 x 14.2 cm (1/8 x 5 9/16 in.)
unspecified: 121 g"
entity:artifact:2:204540,dimensions,"0.6 x 9.8 cm (1/4 x 3 7/8 in.)
unspecified: 78 g"
entity:artifact:2:204541,dimensions,"Diam. 8.8 x Thickness 0.4 cm (3 7/16 x 3/16 in.)
Weight 46 g"
entity:artifact:2:204542,dimensions,"3.1 x 8.2 cm (1 1/4 x 3 1/4 in.)
unspecified: 137 g"
entity:artifact:2:204543,dimensions,"0.4 x 7.1 cm (3/16 x 2 13/16 in.)
unspecified: 25 g"
entity:artifact:2:204544,dimensions,"0.7 x 5.9 cm (1/4 x 2 5/16 in.)
unspecified: 41 g"
entity:artifact:2:204545,dimensions,"0.5 x 5 cm (3/16 x 1 15/16 in.)
unspecified: 19 g"
entity:artifact:2:204546,dimensions,"Diam. 4.2 × Thickness 0.6 cm (1 5/8 × 1/4 in.)
15 g"
entity:artifact:2:204547,dimensions,"Length 9.7 x Chord 7.9 x Thickness 0.4 cm (3 13/16 x 3 1/8 x 3/16 in.)
Weight 83 g"
entity:artifact:2:204548,dimensions,"6.3 x 13 x 5.1 cm (2 1/2 x 5 1/8 x 2 in.)
706 g"
entity:artifact:2:204549,dimensions,7.9 x 18 x 6.1 cm (3 1/8 x 7 1/16 x 2 3/8 in.)
entity:artifact:2:204550,dimensions,"2.9 x 1.4 x 0.6 cm (1 1/8 x 9/16 x 1/4 in.)
unspecified: 6 g"
entity:artifact:2:204551,dimensions,"0.5 x 4.8 cm (3/16 x 1 7/8 in.)
unspecified: 16 g"
entity:artifact:2:204552,dimensions,"0.8 x 14.2 cm (5/16 x 5 9/16 in.)
unspecified: 286 g"
entity:artifact:2:204553,dimensions,"Diam. 14.9 x Thickness 0.6 cm (5 7/8 x 1/4 in.)
Weight 279 g"
entity:artifact:2:204554,dimensions,"0.5 x 10 cm (3/16 x 3 15/16 in.)
unspecified: 79 g"
entity:artifact:2:204555,dimensions,"0.5 x 9.3 cm (3/16 x 3 11/16 in.)
unspecified: 62 g"
entity:artifact:2:204557,dimensions,"L. 29 x W. 6 x Thickness (of blade) 0.5 cm (11 7/16 x 2 3/8 x 3/16 in.)
Weight 251 g"
entity:artifact:2:204558,dimensions,"23 x 7.5 x 0.5 cm (9 1/16 x 2 15/16 x 3/16 in.)
unspecified: 171 g"
entity:artifact:2:204559,dimensions,"21 x 5.8 x 0.6 cm (8 1/4 x 2 5/16 x 1/4 in.)
unspecified: 142 g"
entity:artifact:2:204560,dimensions,"23.8 x 5.9 x 0.6 cm (9 3/8 x 2 5/16 x 1/4 in.)
unspecified: 217 g"
entity:artifact:2:204561,dimensions,"24.2 x 7.5 x 0.7 cm (9 1/2 x 2 15/16 x 1/4 in.)
unspecified: 423 g"
entity:artifact:2:204562,dimensions,8 x 2.1 x 1.1 cm (3 1/8 x 13/16 x 7/16 in.)
entity:artifact:2:204563,dimensions,"L. 30.0 x W. 6.1 x Thickness 0.7 cm (11 13/16 x 2 3/8 x 1/4 in.)
Weight 482 g"
entity:artifact:2:204564,dimensions,"H. 7.7 x Diam. 11.2 cm (3 1/16 x 4 7/16 in.)
Weight 543 g"
entity:artifact:2:204565,dimensions,L. 24.2 x W. 7.4 x D. 3.3 cm (9 1/2 x 2 15/16 x 1 5/16 in.)
entity:artifact:2:204566,dimensions,L. 28.5 x W. 5.5 x D. 2.5 cm (11 1/4 x 2 3/16 x 1 in.)
entity:artifact:2:204567,dimensions,H. 22.2 x W. 15.7 x Thickness 1.5 cm (8 3/4 x 6 3/16 x 9/16 in.)
entity:artifact:2:204568,dimensions,"0.4 x 14.3 cm (3/16 x 5 5/8 in.)
unspecified: 171 g"
entity:artifact:2:204569,dimensions,"0.6 x 11.6 cm (1/4 x 4 9/16 in.)
unspecified: 121 g"
entity:artifact:2:204570,dimensions,"0.5 x 4.9 cm (3/16 x 1 15/16 in.)
unspecified: 18 g"
entity:artifact:2:204571,dimensions,"Diam. 10.1 x Thickness 0.5 cm (4 x 3/16 in.)
Weight 44 g"
entity:artifact:2:204572,dimensions,"10 x 1.9 cm (3 15/16 x 3/4 in.)
unspecified: 55 g"
entity:artifact:2:204573,dimensions,"Diam. 13.5 x Thickness 0.5 cm (5 5/16 x 3/16 in.)
143 g"
entity:artifact:2:204574,dimensions,"Diameter 16.1 x Thickness of collar 0.6 cm x Thickness 0.4 (6 5/16 x 1/4 x 3/16 in.)
Weight 202 g"
entity:artifact:2:204575,dimensions,"Diam. 18.2 x Thickness of Collar 0.8 x Thickness 0.3 cm (7 3/16 x 5/16 x 1/8 in.)
Weight 207 g"
entity:artifact:2:204576,dimensions,"Diam. 11 x Thickness 0.4 cm (4 5/16 x 3/16 in.)
Weight 74 g"
entity:artifact:2:204577,dimensions,"0.5 x 16.5 cm (3/16 x 6 1/2 in.)
unspecified: 312 g"
entity:artifact:2:204578,dimensions,"H. 4.3 x W. 5 x D. 5 cm (1 11/16 x 1 15/16 x 1 15/16 in.)
Weight 132 g"
entity:artifact:2:204579,dimensions,"Diam. 10 x Thickness 0.9 cm (3 15/16 x 3/8 in.)
Weight 157 g"
entity:artifact:2:204580,dimensions,"H. 18.9 x W. 14 x D. 9.5 x Thickness 0.7 cm (7 7/16 x 5 1/2 x 3 3/4 x 1/4 in.)
Weight 1034 g"
entity:artifact:2:204581,dimensions,"H. 26 x W. 8.3 cm (10 1/4 x 3 1/4 in.)
Weight 512 g"
entity:artifact:2:204582,dimensions,"9.8 x 1.1 x 0.4 cm (3 7/8 x 7/16 x 3/16 in.)
unspecified: 7 g"
entity:artifact:2:204583,dimensions,"0.5 x 12.6 cm (3/16 x 4 15/16 in.)
unspecified: 118 g"
entity:artifact:2:204584,dimensions,"0.5 x 8.7 cm (3/16 x 3 7/16 in.)
unspecified: 54 g"
entity:artifact:2:204585,dimensions,"0.9 x 7.3 cm (3/8 x 2 7/8 in.)
unspecified: 76 g"
entity:artifact:2:204586,dimensions,"0.6 x 4.8 cm (1/4 x 1 7/8 in.)
unspecified: 20 g"
entity:artifact:2:204587,dimensions,"L. 20.8 x W. 4.8 x Thickness 0.5 cm (8 3/16 x 1 7/8 x 3/16 in.)
Weight: 116 g"
entity:artifact:2:204588,dimensions,"24.8 x 5.8 x 0.5 cm (9 3/4 x 2 5/16 x 3/16 in.)
unspecified: 229 g"
entity:artifact:2:204589,dimensions,"H. 22.5 x W. 5.3 x Thickness 0.4 cm (8 7/8 x 2 1/16 x 3/16 in.)
Weight 173 g"
entity:artifact:2:204590,dimensions,"17.3 x 2.8 x 1.7 cm (6 13/16 x 1 1/8 x 11/16 in.)
unspecified: 147 g"
entity:artifact:2:204591,dimensions,"29.5 x 6.2 x 0.6 cm (11 5/8 x 2 7/16 x 1/4 in.)
unspecified: 433 g"
entity:artifact:2:204592,dimensions,"25.5 x 4.4 x 0.4 cm (10 1/16 x 1 3/4 x 3/16 in.)
unspecified: 168 g"
entity:artifact:2:204593,dimensions,"L. 20.5 x W. 4.8 x Thickness 0.7 cm (8 1/16 x 1 7/8 x 1/4 in.)
Weight 206 g"
entity:artifact:2:204594,dimensions,"guard: 1.1 x 5.4 x 2.7 cm (7/16 x 2 1/8 x 1 1/16 in.)
sword: 62 cm (24 7/16 in.)"
entity:artifact:2:204595,dimensions,1.2 x 5.1 x 2 cm (1/2 x 2 x 13/16 in.)
entity:artifact:2:204596,dimensions,45.7 x 5.2 x 4 cm (18 x 2 1/16 x 1 9/16 in.)
entity:artifact:2:204597,dimensions,39 x 10 x 0.8 cm (15 3/8 x 3 15/16 x 5/16 in.)
entity:artifact:2:204598,dimensions,L. 32.5 x W. 5.5 x D. 2.8 cm (12 13/16 x 2 3/16 x 1 1/8 in.)
entity:artifact:2:204599,dimensions,"0.4 x 4.7 cm (3/16 x 1 7/8 in.)
unspecified: 14 g"
entity:artifact:2:204600,dimensions,"0.4 x 4.3 cm (3/16 x 1 11/16 in.)
unspecified: 12 g"
entity:artifact:2:204602,dimensions,"Diam. 17.4 × Thickness 0.7 cm (6 7/8 × 1/4 in.)
473 g"
entity:artifact:2:204603,dimensions,"0.3 x 10.9 cm (1/8 x 4 5/16 in.)
unspecified: 70 g"
entity:artifact:2:204604,dimensions,"0.6 x 18.2 cm (1/4 x 7 3/16 in.)
unspecified: 398 g"
entity:artifact:2:204605,dimensions,"H. 16.5 x W. 11 x D. 3.8 cm (6 1/2 x 4 5/16 x 1 1/2 in.)
Weight 630 g"
entity:artifact:2:204606,dimensions,"H. 5.1 x W. (of vessel) 4.4 x D. 4.1 cm (2 x 1 3/4 x 1 5/8 in.)
Weight 168 g"
entity:artifact:2:204607,dimensions,"H. 6 cm (2 3/8 in.)
Weight 22 g"
entity:artifact:2:204608,dimensions,"0.5 x 14.7 cm (3/16 x 5 13/16 in.)
unspecified: 201 g"
entity:artifact:2:204609,dimensions,"0.7 x 19.3 cm (1/4 x 7 5/8 in.)
unspecified: 414 g"
entity:artifact:2:204610,dimensions,"0.5 x 7.4 cm (3/16 x 2 15/16 in.)
unspecified: 50 g"
entity:artifact:2:204611,dimensions,"Diam. 22 x Thickness 0.7 cm (8 11/16 x 1/4 in.)
Weight 623 g"
entity:artifact:2:204612,dimensions,"Diam. 20.6 x Thickness 0.6 cm (8 1/8 x 1/4 in.)
Weight 445 g"
entity:artifact:2:204613,dimensions,"L. 27.8 x W. 6.7 x Thickness 0.5 cm (10 15/16 x 2 5/8 x 3/16 in.)
Weight 309 g"
entity:artifact:2:204614,dimensions,"22.5 x 5.1 x 0.5 cm (8 7/8 x 2 x 3/16 in.)
unspecified: 155 g"
entity:artifact:2:204615,dimensions,"14.7 x 4.9 x 0.4 cm (5 13/16 x 1 15/16 x 3/16 in.)
unspecified: 75 g"
entity:artifact:2:204616,dimensions,"24.2 x 6.6 x 0.4 cm (9 1/2 x 2 5/8 x 3/16 in.)
unspecified: 273 g"
entity:artifact:2:204617,dimensions,"3.7 x 4.6 x 0.4 cm (1 7/16 x 1 13/16 x 3/16 in.)
unspecified: 32 g"
entity:artifact:2:204618,dimensions,L. 40.2 x W. 9.4 x Thickness 1.0 cm (15 13/16 x 3 11/16 x 3/8 in.)
entity:artifact:2:204619,dimensions,L. 35.5 x W. 7.7 x Thickness 1.3 cm (14 x 3 1/16 x 1/2 in.)
entity:artifact:2:204620,dimensions,H. 21.1 x W. 13.7 x D. 3.2 cm (8 5/16 x 5 3/8 x 1 1/4 in.)
entity:artifact:2:204621,dimensions,H. 9.6 x W. 12.9 x D. 3.0 cm (3 3/4 x 5 1/16 x 1 3/16 in.)
entity:artifact:2:204622,dimensions,9.6 cm (3 3/4 in.)
entity:artifact:2:204623,dimensions,Diam. 9.6 x Thickness 2.7 cm (3 3/4 x 1 1/16 in.)
entity:artifact:2:204624,dimensions,Diam. 9.6 × Thickness 2.8 cm (3 3/4 × 1 1/8 in.)
entity:artifact:2:204625,dimensions,"16 cm (6 5/16 in.)
unspecified: 346 g"
entity:artifact:2:204626,dimensions,H. 25.1 x W. 8.7 x D. 4.1 cm (9 7/8 x 3 7/16 x 1 5/8 in.)
entity:artifact:2:204627,dimensions,L. 27.7 × W. 4.6 cm (10 7/8 × 1 13/16 in.)
entity:artifact:2:204628,dimensions,"1.9 x 22.8 cm (3/4 x 9 in.)
unspecified: 1644 g"
entity:artifact:2:204630,dimensions,"22 x 5.1 x 0.5 cm (8 11/16 x 2 x 3/16 in.)
unspecified: 98 g"
entity:artifact:2:204631,dimensions,"Chord 14.4 x W. 4.1 x Thickness 0.5 cm (5 11/16 x 1 5/8 x 3/16 in.)
Weight 76 g"
entity:artifact:2:204632,dimensions,"ensemble: Diam. 14.5 x Thickness 0.5 cm (5 11/16 x 3/16 in.)
Weight 156 g"
entity:artifact:2:204633,dimensions,H. 7.3 × Diam. 3.8 cm (2 7/8 × 1 1/2 in.)
entity:artifact:2:204634,dimensions,H. 7.5 × Diam. 3.8 cm (2 15/16 × 1 1/2 in.)
entity:artifact:2:204635,dimensions,4.2 x 2.9 x 14.9 cm (1 5/8 x 1 1/8 x 5 7/8 in.)
entity:artifact:2:204636,dimensions,H. 3.6 x W. 5.3 x L. 7.6 cm (1 7/16 x 2 1/16 x 3 in.)
entity:artifact:2:204637,dimensions,H. 5.8 x Diam. 7.2 cm (2 5/16 x 2 13/16 in.)
entity:artifact:2:204638,dimensions,H. 5.9 x Diam. 7.1 cm (2 5/16 x 2 13/16 in.)
entity:artifact:2:204639,dimensions,H. 26.6 x W. 12.2 x Thickness 0.4 cm (10 1/2 x 4 13/16 x 3/16 in.)
entity:artifact:2:204640,dimensions,H. 10 × L. 36.7 × W. 3.5 cm (3 15/16 × 14 7/16 × 1 3/8 in.)
entity:artifact:2:204641,dimensions,L. 20.7 x W. 4.0 x D. 3.1 cm (8 1/8 x 1 9/16 x 1 1/4 in.)
entity:artifact:2:204642,dimensions,Diam. 9.5 × Thickness 2.6 cm (3 3/4 × 1 in.)
entity:artifact:2:204643,dimensions,"0.5 x 5.4 x 2.9 cm (3/16 x 2 1/8 x 1 1/8 in.)
unspecified: 9 g"
entity:artifact:2:204644,dimensions,"0.3 x 16.5 cm (1/8 x 6 1/2 in.)
unspecified: 205 g"
entity:artifact:2:204645,dimensions,"Diam. 4.4 x Thickness 0.5 cm (1 3/4 x 3/16 in.)
Weight 16 g"
entity:artifact:2:204646,dimensions,Diam. 9.6 x Thickness 2.9 cm (3 3/4 x 1 1/8 in.)
entity:artifact:2:204647,dimensions,4.4 x 3.5 x 14 cm (1 3/4 x 1 3/8 x 5 1/2 in.)
entity:artifact:2:204648,dimensions,H. 3.5 x W. 5.4 x L. 7.6 cm (1 3/8 x 2 1/8 x 3 in.)
entity:artifact:2:204649,dimensions,L. 25.6 × W. 4.4 cm (10 1/16 × 1 3/4 in.)
entity:artifact:2:204650,dimensions,H. 5.8 x Diam. 7.2 cm (2 5/16 x 2 13/16 in.)
entity:artifact:2:204651,dimensions,H. 17.2 x W. 11.3 x Thickness 0.4 cm (6 3/4 x 4 7/16 x 3/16 in.)
entity:artifact:2:204652,dimensions,H. 14.2 x W. 1.9 x D. 2 cm (5 9/16 x 3/4 x 13/16 in.)
entity:artifact:2:204653,dimensions,"10.5 cm (4 1/8 in.)
unspecified: 89 g"
entity:artifact:2:204654,dimensions,H. 16.1 x W. 10 x D. 0.5 cm (6 5/16 x 3 15/16 x 3/16 in.)
entity:artifact:2:204655,dimensions,H. 8.1 × L. 41.7 × W. 3.1 cm (3 3/16 × 16 7/16 × 1 1/4 in.)
entity:artifact:2:204656,dimensions,H. 8.7 x W. 8.7 x L. 11.5 cm (3 7/16 x 3 7/16 x 4 1/2 in.)
entity:artifact:2:204657,dimensions,"23 x 3.4 x 3.9 cm (9 1/16 x 1 5/16 x 1 9/16 in.)
unspecified: 219 g"
entity:artifact:2:204658,dimensions,21.1 x 5.1 x 3.3 cm (8 5/16 x 2 x 1 5/16 in.)
entity:artifact:2:204659,dimensions,20 x 1.5 x 4 cm (7 7/8 x 9/16 x 1 9/16 in.)
entity:artifact:2:204660,dimensions,L. 19.3 x W. 1.1 x D. 3.9 cm (7 5/8 x 7/16 x 1 9/16 in.)
entity:artifact:2:204661,dimensions,"L. 15.4 x W. 4.1 x D. 3.2 cm (6 1/16 x 1 5/8 x 1 1/4 in.)
Weight 230 g"
entity:artifact:2:204662,dimensions,L. 8.4 × W. 5 cm (3 5/16 × 1 15/16 in.)
entity:artifact:2:204663,dimensions,"9.9 x 2.1 x 0.4 cm (3 7/8 x 13/16 x 3/16 in.)
unspecified: 21 g"
entity:artifact:2:204664,dimensions,"Diam. 7.5 x W. 1.5 x Thickness 0.9 cm (2 15/16 x 9/16 x 3/8 in.)
Weight 50 g"
entity:artifact:2:204665,dimensions,"Diam. 7.5 x Thickness 0.5 cm (2 15/16 x 3/16 in.)
W. of ring 1.1 cm (7/16 in.)
Weight 28 g"
entity:artifact:2:204666,dimensions,3.1 x 1.9 x 1.9 cm (1 1/4 x 3/4 x 3/4 in.)
entity:artifact:2:204671,dimensions,L. 15 cm (5 7/8 in.)
entity:artifact:2:204673,dimensions,H. 5.3 × Diam. 3 cm (2 1/16 × 1 3/16 in.)
entity:artifact:2:204674,dimensions,H. 5.3 × Diam. 3 cm (2 1/16 × 1 3/16 in.)
entity:artifact:2:204675,dimensions,L. 40 cm (15 3/4 in.)
entity:artifact:2:204677,dimensions,H. 5.4 x L. 11.1 cm (2 1/8 x 4 3/8 in.)
entity:artifact:2:204678,dimensions,L. 15.9 cm (6 1/4 in.)
entity:artifact:2:204681,dimensions,"3.9 x 3.1 x 1.2 cm (1 9/16 x 1 1/4 x 1/2 in.)
unspecified: 15 g"
entity:artifact:2:204682,dimensions,"H. 2.9 x W. 4.8 x D. 2.3 cm (1 1/8 x 1 7/8 x 7/8 in.)
Weight 52 g"
entity:artifact:2:204683,dimensions,"H. 6.6 x W. 11.1 x Thickness 0.4 cm (2 5/8 x 4 3/8 x 3/16 in.)
Weight 55 g"
entity:artifact:2:204684,dimensions,"H. 7.7 x W. 12 x Thickness 0.5 cm (3 1/16 x 4 3/4 x 3/16 in.)
Weight 35 g"
entity:artifact:2:204685,dimensions,"11.9 x 6.4 x 0.3 cm (4 11/16 x 2 1/2 x 1/8 in.)
unspecified: 47 g"
entity:artifact:2:204686,dimensions,"H. 7.4 x W. 8.5 x Thickness 0.6 cm (2 15/16 x 3 3/8 x 1/4 in.)
Weight 51 g"
entity:artifact:2:204687,dimensions,"13.4 x 5.7 x 0.5 cm (5 1/4 x 2 1/4 x 3/16 in.)
unspecified: 58 g"
entity:artifact:2:204688,dimensions,H. 3.1 x Diam. 15.9 cm (1 1/4 x 6 1/4 in.)
entity:artifact:2:204689,dimensions,H. 11.4 x Diam. 15.5 cm (4 1/2 x 6 1/8 in.)
entity:artifact:2:204690,dimensions,H. 28.3 cm (11 1/8 in.)
entity:artifact:2:204691,dimensions,H. 22.2 x W. 15 x D. 15.2 cm (8 3/4 x 5 7/8 x 6 in.)
entity:artifact:2:204692,dimensions,H. 7.6 x Diam. 9.5 cm (3 x 3 3/4 in.)
entity:artifact:2:204693,dimensions,H. 4.5 x Diam. 7.6 cm (1 3/4 x 3 in.)
entity:artifact:2:204694,dimensions,H. 14.2 x Diam. 10.1 cm (5 9/16 x 4 in.)
entity:artifact:2:204695,dimensions,"11.7 x 1.9 x 0.7 cm (4 5/8 x 3/4 x 1/4 in.)
unspecified: 22 g"
entity:artifact:2:204696,dimensions,W. 19.1 x D. 19.1 cm (7 1/2 x 7 1/2 in.)
entity:artifact:2:204697,dimensions,H. 17.9 x Diam. 15.5 cm (7 1/16 x 6 1/8 in.)
entity:artifact:2:204702,dimensions,"5.4 x 2.9 x 0.7 cm (2 1/8 x 1 1/8 x 1/4 in.)
unspecified: 20 g"
entity:artifact:2:204703,dimensions,"4.5 x 8.2 x 0.5 cm (1 3/4 x 3 1/4 x 3/16 in.)
unspecified: 26 g"
entity:artifact:2:204704,dimensions,"5 x 7.1 x 0.5 cm (1 15/16 x 2 13/16 x 3/16 in.)
unspecified: 21 g"
entity:artifact:2:204705,dimensions,"4 x 12 x 0.5 cm (1 9/16 x 4 3/4 x 3/16 in.)
unspecified: 25 g"
entity:artifact:2:204706,dimensions,"14 x 8.9 x 0.5 cm (5 1/2 x 3 1/2 x 3/16 in.)
unspecified: 61 g"
entity:artifact:2:204707,dimensions,"11 x 4.9 x 0.5 cm (4 5/16 x 1 15/16 x 3/16 in.)
unspecified: 45 g"
entity:artifact:2:204708,dimensions,"10.5 x 4.3 x 0.6 cm (4 1/8 x 1 11/16 x 1/4 in.)
unspecified: 49 g"
entity:artifact:2:204709,dimensions,"H. 6.4 x W. 2.8 x Thickness 1 cm (2 1/2 x 1 1/8 x 3/8 in.)
Weight 27 g"
entity:artifact:2:204710,dimensions,"H. 2.8 x W. 1.8 x D. 1.1 cm (1 1/8 x 11/16 x 7/16 in.)
Weight 7 g"
entity:artifact:2:204711,dimensions,"2 x 1.4 x 1.1 cm (13/16 x 9/16 x 7/16 in.)
unspecified: 4 g"
entity:artifact:2:204712,dimensions,"4.2 x 2.4 x 0.4 cm (1 5/8 x 15/16 x 3/16 in.)
unspecified: 8 g"
entity:artifact:2:204713,dimensions,H. 3.81 x Diam. 12.38 cm (1 1/2 x 4 7/8 in.)
entity:artifact:2:204714,dimensions,Diam. 17.8 cm (7 in.)
entity:artifact:2:204715,dimensions,H. 7.5 x Diam. 5.2 cm (2 15/16 x 2 1/16 in.)
entity:artifact:2:204716,dimensions,H. 9.1 x Diam. 14.5 cm (3 9/16 x 5 11/16 in.)
entity:artifact:2:204717,dimensions,H. 5.6 x Diam. 9.5 cm (2 3/16 x 3 3/4 in.)
entity:artifact:2:204718,dimensions,H. 5.3 x Diam. 12 cm (2 1/16 x 4 3/4 in.)
entity:artifact:2:204719,dimensions,H. 5.3 x Diam. 12 cm (2 1/16 x 4 3/4 in.)
entity:artifact:2:204720,dimensions,H. 7.6 x Diam. 12.4 cm (3 x 4 7/8 in.)
entity:artifact:2:204721,dimensions,each: L. 9.5 x W. 4.2 cm (3 3/4 x 1 5/8 in.)
entity:artifact:2:204722,dimensions,25.4 x 22.1 cm (10 x 8 11/16 in.)
entity:artifact:2:204723,dimensions,Diam. 12.7 cm (5 in.)
entity:artifact:2:204724,dimensions,31.4 x 15.8 x 8.8 cm (12 3/8 x 6 1/4 x 3 7/16 in.)
entity:artifact:2:204725,dimensions,H. 15.2 x W. 12.6 x D. 7.6 cm (6 x 4 15/16 x 3 in.)
entity:artifact:2:204726,dimensions,"23.8 x 10 x 0.7 cm (9 3/8 x 3 15/16 x 1/4 in.)
unspecified: 23 g"
entity:artifact:2:204727,dimensions,"7 x 11.4 x 0.6 cm (2 3/4 x 4 1/2 x 1/4 in.)
unspecified: 55 g"
entity:artifact:2:204728,dimensions,"4.7 x 2.8 x 1.2 cm (1 7/8 x 1 1/8 x 1/2 in.)
unspecified: 35 g"
entity:artifact:2:204729,dimensions,"H. 3.4 x W. 1.8 x D. 1.3 cm (1 5/16 x 11/16 x 1/2 in.)
Weight 10 g"
entity:artifact:2:204730,dimensions,"3.6 x 2.3 x 0.7 cm (1 7/16 x 7/8 x 1/4 in.)
unspecified: 10 g"
entity:artifact:2:204731,dimensions,"2 x 6.4 x 0.3 cm (13/16 x 2 1/2 x 1/8 in.)
unspecified: 6 g"
entity:artifact:2:204732,dimensions,"8 x 3.5 x 0.4 cm (3 1/8 x 1 3/8 x 3/16 in.)
unspecified: 15 g"
entity:artifact:2:204733,dimensions,"L. 20.9 x W. 1.9 cm (8 1/4 x 3/4 in.)
unspecified: 164 g"
entity:artifact:2:204734,dimensions,"L. 8.3 x W. 3.7 x D. 3.1 cm (3 1/4 x 1 7/16 x 1 1/4 in.)
unspecified: 56 g"
entity:artifact:2:204735,dimensions,"L. 23.8 x W. 4 cm (9 3/8 x 1 9/16 in.)
unspecified: 190 g"
entity:artifact:2:204736,dimensions,"13.3 x 1.6 cm (5 1/4 x 5/8 in.)
unspecified: 78 g"
entity:artifact:2:204737,dimensions,"H. 5.5 x L. 10 x W. 6.7 cm (2 3/16 x 3 15/16 x 2 5/8 in.)
Weight 402 g"
entity:artifact:2:204738,dimensions,"H. 1.8 x W. 4.2 x D. 0.2 cm (11/16 x 1 5/8 x 1/16 in.)
Weight 2 g"
entity:artifact:2:204739,dimensions,"3.8 x 2.4 x 0.4 cm (1 1/2 x 15/16 x 3/16 in.)
unspecified: 7 g"
entity:artifact:2:204740,dimensions,"10.1 x 1.9 x 0.6 cm (4 x 3/4 x 1/4 in.)
unspecified: 39 g"
entity:artifact:2:204741,dimensions,"L. 5.1 x W. 1.2 cm (2 x 1/2 in.)
Weight 10 g"
entity:artifact:2:204742,dimensions,"8.4 x 4.5 x 2.4 cm (3 5/16 x 1 3/4 x 15/16 in.)
90 g"
entity:artifact:2:204743,dimensions,"H. 2.3 x W. 4.6 x D. 0.2 cm (7/8 x 1 13/16 x 1/16 in.)
Weight 4 g"
entity:artifact:2:204744,dimensions,"H. 3.1 x W. 4.5 x D. 0.3 cm (1 1/4 x 1 3/4 x 1/8 in.)
Weight 6 g"
entity:artifact:2:204745,dimensions,"L. 19.1 x H. 8.8 x Thickness 0.5 cm (7 1/2 x 3 7/16 x 3/16 in.)
Weight 170 g"
entity:artifact:2:204746,dimensions,"H. 8.5 x L. 19.1 x Thickness 0.4 cm (3 3/8 x 7 1/2 x 3/16 in.)
Weight 148 g"
entity:artifact:2:204747,dimensions,"H. 1.9 x L. 4.5 x D. 2.5 cm (3/4 x 1 3/4 x 1 in.)
Weight 34 g"
entity:artifact:2:204748,dimensions,"1 x 3.6 x 0.6 cm (3/8 x 1 7/16 x 1/4 in.)
unspecified: 5 g"
entity:artifact:2:204749,dimensions,"H. 5.8 x W. 2.8 x D. 1.8 cm (2 5/16 x 1 1/8 x 11/16 in.)
Weight 44 g"
entity:artifact:2:204750,dimensions,"5.3 x 2.7 x 0.8 cm (2 1/16 x 1 1/16 x 5/16 in.)
unspecified: 20 g"
entity:artifact:2:204751,dimensions,"3 x 4.5 x 0.4 cm (1 3/16 x 1 3/4 x 3/16 in.)
unspecified: 10 g"
entity:artifact:2:204756,dimensions,"8.5 x 1.2 x 0.6 cm (3 3/8 x 1/2 x 1/4 in.)
12 g"
entity:artifact:2:204757,dimensions,"2 x 19.6 x 0.5 cm (13/16 x 7 11/16 x 3/16 in.)
unspecified: 46 g"
entity:artifact:2:204758,dimensions,"chord 10 x w. 2 x th. 0.4 cm (3 15/16 x 13/16 x 3/16 in.)
25 g"
entity:artifact:2:204759,dimensions,"4.2 x 2.3 x 1.5 cm (1 5/8 x 7/8 x 9/16 in.)
unspecified: 18 g"
entity:artifact:2:204760,dimensions,"5.4 x 3.2 x 0.8 cm (2 1/8 x 1 1/4 x 5/16 in.)
unspecified: 23 g"
entity:artifact:2:204761,dimensions,"H. 5.6 x W. 3.2 x Thickness 0.8 cm (2 3/16 x 1 1/4 x 5/16 in.)
Weight 31 g"
entity:artifact:2:204762,dimensions,"6 x 2.7 x 1 cm (2 3/8 x 1 1/16 x 3/8 in.)
unspecified: 29 g"
entity:artifact:2:204763,dimensions,"5.1 x 1.5 x 0.8 cm (2 x 9/16 x 5/16 in.)
unspecified: 11 g"
entity:artifact:2:204764,dimensions,"L. 3.7 x W. 1.3 cm (1 7/16 x 1/2 in.)
unspecified: 12 g"
entity:artifact:2:204765,dimensions,"4 x 12.1 x 0.5 cm (1 9/16 x 4 3/4 x 3/16 in.)
unspecified: 26 g"
entity:artifact:2:204766,dimensions,"4.8 x 9.4 x 0.5 cm (1 7/8 x 3 11/16 x 3/16 in.)
unspecified: 35 g"
entity:artifact:2:204767,dimensions,"4 x 2.4 x 0.3 cm (1 9/16 x 15/16 x 1/8 in.)
unspecified: 8 g"
entity:artifact:2:204768,dimensions,"6.2 x 1.7 x 0.8 cm (2 7/16 x 11/16 x 5/16 in.)
unspecified: 15 g"
entity:artifact:2:204769,dimensions,"3.9 x 2.5 x 0.4 cm (1 9/16 x 1 x 3/16 in.)
unspecified: 8 g"
entity:artifact:2:204770,dimensions,"3.9 x 2.5 x 0.4 cm (1 9/16 x 1 x 3/16 in.)
unspecified: 8 g"
entity:artifact:2:204771,dimensions,L. 12.3 x W. 2.5 cm (4 13/16 x 1 in.)
entity:artifact:2:204772,dimensions,"H. 2 x W. 1.9 x D. 1 cm (13/16 x 3/4 x 3/8 in.)
Weight 7 g"
entity:artifact:2:204773,dimensions,"3.3 x 6.1 x 0.4 cm (1 5/16 x 2 3/8 x 3/16 in.)
19 g"
entity:artifact:2:204774,dimensions,"H. 14.7 x W. 1 x Thickness 0.7 cm (5 13/16 x 3/8 x 1/4 in.)
Weight 26 g"
entity:artifact:2:204775,dimensions,"L. 14.7 x W. 2.9 cm (5 13/16 x 1 1/8 in.)
unspecified: 109 g"
entity:artifact:2:204776,dimensions,"8.1 x 4.1 cm (3 3/16 x 1 5/8 in.)
unspecified: 72 g"
entity:artifact:2:204777,dimensions,"11.7 x 4 x 0.5 cm (4 5/8 x 1 9/16 x 3/16 in.)
unspecified: 48 g"
entity:artifact:2:204778,dimensions,"H. 3 x W. 2.8 x D. 0.2 cm (1 3/16 x 1 1/8 x 1/16 in.)
Weight 4 g"
entity:artifact:2:204779,dimensions,"H. 3.9 x W. 3 x D. 0.2 cm (1 9/16 x 1 3/16 x 1/16 in.)
Weight 6 g"
entity:artifact:2:204780,dimensions,"H. 13 x W. 7.8 x Thickness 0.5 cm (5 1/8 x 3 1/16 x 3/16 in.)
Weight 62 g"
entity:artifact:2:204781,dimensions,"H. 4.8 x W. 13.1 x Thickness 0.4 cm (1 7/8 x 5 3/16 x 3/16 in.)
Weight 47 g"
entity:artifact:2:204782,dimensions,"H. 3.8 x W. 9 x Thickness 0.4 cm (1 1/2 x 3 9/16 x 3/16 in.)
Weight 26 g"
entity:artifact:2:204783,dimensions,"H. 3.6 x W. 3.5 x D. 1.7 cm (1 7/16 x 1 3/8 x 11/16 in.)
Weight 32 g"
entity:artifact:2:204784,dimensions,"H. 4.1 x W. 11.5 x D. 0.5 cm (1 5/8 x 4 1/2 x 3/16 in.)
Weight 41 g"
entity:artifact:2:204785,dimensions,"H. 2.6 x W. 4 x Thicknes 0.4 cm (1 x 1 9/16 x 3/16 in.)
Weight 6 g"
entity:artifact:2:204786,dimensions,"H. 6 x W. 1.5 x D. 0.4 cm (2 3/8 x 9/16 x 3/16 in.)
Weight 6 g"
entity:artifact:2:204787,dimensions,"H. 2.3 x W. 1.2 x D. 0.5 cm (7/8 x 1/2 x 3/16 in.)
Weight 2 g"
entity:artifact:2:204788,dimensions,"L. 10.3 x W. 3.5 cm (4 1/16 x 1 3/8 in.)
unspecified: 85 g"
entity:artifact:2:204789,dimensions,"3.6 x 6.2 x 0.4 cm (1 7/16 x 2 7/16 x 3/16 in.)
unspecified: 16 g"
entity:artifact:2:204790,dimensions,"H. 2.1 x W. 3.5 x D. 0.3 cm (13/16 x 1 3/8 x 1/8 in.)
Weight 5 g"
entity:artifact:2:204791,dimensions,"H. 2.2 x W. 2.9 x D. 0.3 cm (7/8 x 1 1/8 x 1/8 in.)
Weight 3 g"
entity:artifact:2:204792,dimensions,"H. 3.5 x W. 1.5 x D. 2 cm (1 3/8 x 9/16 x 13/16 in.)
Weight 20 g"
entity:artifact:2:204793,dimensions,"H. 3 x W. 2.3 cm (1 3/16 x 7/8 in.)
unspecified: 18 g"
entity:artifact:2:204794,dimensions,"H. 4.3 x W. 2.8 cm (1 11/16 x 1 1/8 in.)
Weight 54 g"
entity:artifact:2:204795,dimensions,"L. 8.2 x Diam. 1 cm (3 1/4 x 3/8 in.)
Weight 10 g"
entity:artifact:2:204796,dimensions,"H. 6 x W. 2 x D. 1.5 cm (2 3/8 x 13/16 x 9/16 in.)
Weight 19 g"
entity:artifact:2:204797,dimensions,"H. 5 x W. 1.7 x Thickness 0.7 cm (1 15/16 x 11/16 x 1/4 in.)
Weight 11 g"
entity:artifact:2:204798,dimensions,"Diam. 14.7 x Thickness 0.4 cm (5 13/16 x 3/16 in.)
116 g"
entity:artifact:2:204799,dimensions,"Diam. 17.6 x Thickness 0.7 cm (6 15/16 x 1/4 in.)
Weight 311 g"
entity:artifact:2:204800,dimensions,"Diam. 16.2 x Thickness 0.3 cm (6 3/8 x 1/8 in.)
109 g"
entity:artifact:2:204801,dimensions,"9.1 x 3 x 0.4 cm (3 9/16 x 1 3/16 x 3/16 in.)
unspecified: 15 g"
entity:artifact:2:204802,dimensions,"Length 22.2 x Thickness 0.6 cm (8 3/4 x 1/4 in.)
20 g"
entity:artifact:2:204803,dimensions,"Length 22.2 x Thickness 0.6 cm (8 3/4 x 1/4 in.)
20 g"
entity:artifact:2:204804,dimensions,"6.3 x 3.6 x 2.7 cm (2 1/2 x 1 7/16 x 1 1/16 in.)
unspecified: 133 g"
entity:artifact:2:204805,dimensions,"H. 4.2 x W. 5.3 x D. 2.7 cm (1 5/8 x 2 1/16 x 1 1/16 in.)
Weight 85 g"
entity:artifact:2:204806,dimensions,"5.4 x 0.5 cm (2 1/8 x 3/16 in.)
unspecified: 18 g"
entity:artifact:2:204807,dimensions,"3.3 x 5.7 x 0.3 cm (1 5/16 x 2 1/4 x 1/8 in.)
unspecified: 45 g"
entity:artifact:2:204808,dimensions,"9.1 x 3.8 x 2.7 cm (3 9/16 x 1 1/2 x 1 1/16 in.)
unspecified: 143 g"
entity:artifact:2:204809,dimensions,"4.6 x 1.9 x 0.5 cm (1 13/16 x 3/4 x 3/16 in.)
unspecified: 6 g"
entity:artifact:2:204810,dimensions,"H. 8.7 x W. 2.4 cm (3 7/16 x 15/16 in.)
Weight 67 g"
entity:artifact:2:204811,dimensions,"H. 5.9 x W. 6.8 x D. 2.4 cm (2 5/16 x 2 11/16 x 15/16 in.)
Weight 57 g"
entity:artifact:2:204812,dimensions,"H. 4.8 x W. 1.8 x Thickness 0.5 cm (1 7/8 x 11/16 x 3/16 in.)
Weight 9 g"
entity:artifact:2:204813,dimensions,"H. 4.8 x W. 1.8 x Thickness 0.5 cm (1 7/8 x 11/16 x 3/16 in.)
Weight 9 g"
entity:artifact:2:204814,dimensions,"3.3 x 2.8 cm (1 5/16 x 1 1/8 in.)
unspecified: 15 g"
entity:artifact:2:204815,dimensions,"H. 4.6 x W. 2 x Thickness 0.9 cm (1 13/16 x 13/16 x 3/8 in.)
Weight 13 g"
entity:artifact:2:204816,dimensions,"L. 4.1 x W. 1.3 cm (1 5/8 x 1/2 in.)
unspecified: 12 g"
entity:artifact:2:204817,dimensions,"4.8 x 2.2 x 0.4 cm (1 7/8 x 7/8 x 3/16 in.)
unspecified: 6 g"
entity:artifact:2:204818,dimensions,"Diam. 13.8 x Thickness 1.2 cm (5 7/16 x 1/2 in.)
Weight 373 g"
entity:artifact:2:204819,dimensions,"0.6 x 11.6 cm (1/4 x 4 9/16 in.)
unspecified: 162 g"
entity:artifact:2:204820,dimensions,"Max. H. 2.5 x Diam. 8.5 x Thickness of Ring 1.5 cm (1 x 3 3/8 x 9/16 in.)
168 g"
entity:artifact:2:204821,dimensions,"H. 2.4 x Diam. 9.6 x Thickness of ring 1.2 cm (15/16 x 3 3/4 x 1/2 in.)
Weight 184 g"
entity:artifact:2:204822,dimensions,"2.7 x 2.1 x 11.9 cm (1 1/16 x 13/16 x 4 11/16 in.)
unspecified: 456 g"
entity:artifact:2:204823,dimensions,"Diam. 15.2 x Thickness 0.8 cm (6 x 5/16 in.)
187 g"
entity:artifact:2:204824,dimensions,"Diam. 13.2 x Thickness 0.6 cm (5 3/16 x 1/4 in.)
Weight 142 g"
entity:artifact:2:204825,dimensions,"0.3 x 1.3 x 9.6 cm (1/8 x 1/2 x 3 3/4 in.)
unspecified: 54 g"
entity:artifact:2:204826,dimensions,"0.4 x 2.4 x 14.8 cm (3/16 x 15/16 x 5 13/16 in.)
unspecified: 168 g"
entity:artifact:2:204827,dimensions,"Diam. 13.5 x Max. Th. at collar 1.2 cm (5 5/16 x 1/2 in.)
Th. 0.4 cm (3/16 in.)
99 g"
entity:artifact:2:204828,dimensions,"0.8 x 17.5 cm (5/16 x 6 7/8 in.)
unspecified: 329 g"
entity:artifact:2:204829,dimensions,"0.3 x 14.1 cm (1/8 x 5 9/16 in.)
unspecified: 113 g"
entity:artifact:2:204830,dimensions,"Diam. 11.4 x Thickness 0.6 cm (4 1/2 x 1/4 in.)
Weight 116 g"
entity:artifact:2:204831,dimensions,"Diam. 13.8 x Thickness 0.4 cm (5 7/16 x 3/16 in.)
134 g"
entity:artifact:2:204832,dimensions,"Diam. 13.8 x Thickness 0.4 cm (5 7/16 x 3/16 in.)
130 g"
entity:artifact:2:204833,dimensions,"0.3 x 14 cm (1/8 x 5 1/2 in.)
unspecified: 120 g"
entity:artifact:2:204834,dimensions,"0.5 x 4.8 cm (3/16 x 1 7/8 in.)
unspecified: 18 g"
entity:artifact:2:204835,dimensions,"2.9 x 0.8 x 7.2 cm (1 1/8 x 5/16 x 2 13/16 in.)
unspecified: 128 g"
entity:artifact:2:204836,dimensions,"1.6 x 5.3 x 4.4 cm (5/8 x 2 1/16 x 1 3/4 in.)
unspecified: 46 g"
entity:artifact:2:204837,dimensions,"H. 8.5 x W. 7.1 x D. 7.1 cm (3 3/8 x 2 13/16 x 2 13/16 in.)
Weight 664 g"
entity:artifact:2:204838,dimensions,"0.3 x 10.2 cm (1/8 x 4 in.)
unspecified: 40 g"
entity:artifact:2:204839,dimensions,"0.7 x 5.2 cm (1/4 x 2 1/16 in.)
unspecified: 14 g"
entity:artifact:2:204840,dimensions,"0.2 x 4.5 cm (1/16 x 1 3/4 in.)
unspecified: 9 g"
entity:artifact:2:204841,dimensions,"base: 2 x 2 cm (13/16 x 13/16 in.)
rings: Diam. 2.4 cm (15/16 in.)
20 g"
entity:artifact:2:204842,dimensions,"3.9 x 0.4 x 3.5 cm (1 9/16 x 3/16 x 1 3/8 in.)
unspecified: 40 g"
entity:artifact:2:204843,dimensions,"6.8 x 1.9 x 1 cm (2 11/16 x 3/4 x 3/8 in.)
unspecified: 26 g"
entity:artifact:2:204844,dimensions,"4.7 x 2.2 x 0.5 cm (1 7/8 x 7/8 x 3/16 in.)
unspecified: 7 g"
entity:artifact:2:204845,dimensions,"1 x 14.4 cm (3/8 x 5 11/16 in.)
unspecified: 308 g"
entity:artifact:2:204846,dimensions,"0.5 x 14.1 cm (3/16 x 5 9/16 in.)
unspecified: 142 g"
entity:artifact:2:204847,dimensions,"1.4 x 17.9 cm (9/16 x 7 1/16 in.)
791 g"
entity:artifact:2:204848,dimensions,"12 x 2.4 x 1.5 cm (4 3/4 x 15/16 x 9/16 in.)
unspecified: 50 g"
entity:artifact:2:204849,dimensions,"16.4 x 1.5 cm (6 7/16 x 9/16 in.)
unspecified: 64 g"
entity:artifact:2:204850,dimensions,"4.8 x 3.5 cm (1 7/8 x 1 3/8 in.)
unspecified: 71 g"
entity:artifact:2:204851,dimensions,"4.3 x 3.3 x 2.1 cm (1 11/16 x 1 5/16 x 13/16 in.)
unspecified: 19 g"
entity:artifact:2:204852,dimensions,"4.6 x 6.3 x 0.4 cm (1 13/16 x 2 1/2 x 3/16 in.)
unspecified: 92 g"
entity:artifact:2:204853,dimensions,"4 x 0.3 x 5.7 cm (1 9/16 x 1/8 x 2 1/4 in.)
unspecified: 65 g"
entity:artifact:2:204854,dimensions,"Diam. 14.2 x Thickness 0.3 cm (5 9/16 x 1/8 in.)
Weight 52 g"
entity:artifact:2:204855,dimensions,"0.2 x 10.2 cm (1/16 x 4 in.)
unspecified: 36 g"
entity:artifact:2:204856,dimensions,"4.9 x 6.9 x 0.4 cm (1 15/16 x 2 11/16 x 3/16 in.)
unspecified: 32 g"
entity:artifact:2:204857,dimensions,"1.8 x 0.4 x 7 cm (11/16 x 3/16 x 2 3/4 in.)
unspecified: 43 g"
entity:artifact:2:204858,dimensions,"2.2 x 0.7 x 8.5 cm (7/8 x 1/4 x 3 3/8 in.)
unspecified: 97 g"
entity:artifact:2:204859,dimensions,"1 x 5.9 cm (3/8 x 2 5/16 in.)
unspecified: 60 g"
entity:artifact:2:204860,dimensions,"H. 5.4 x Diam. 6 x Thickness of ring 0.6 cm (2 1/8 x 2 3/8 x 1/4 in.)
Weight 120 g"
entity:artifact:2:204861,dimensions,"0.4 x 11.2 cm (3/16 x 4 7/16 in.)
unspecified: 52 g"
entity:artifact:2:204862,dimensions,"Diam. 16.5 x Thickness 0.7 cm (6 1/2 x 1/4 in.)
211 g"
entity:artifact:2:204863,dimensions,Diam. 26.8 x Thickness 0.9 cm (10 9/16 x 3/8 in.)
entity:artifact:2:204864,dimensions,"0.7 x 17.4 cm (1/4 x 6 7/8 in.)
unspecified: 563 g"
entity:artifact:2:204865,dimensions,"H. 2.6 x Diam. 4.3 x Thickness 0.5 cm (1 x 1 11/16 x 3/16 in.)
31 g"
entity:artifact:2:204866,dimensions,"5.5 x 6 x 6 cm (2 3/16 x 2 3/8 x 2 3/8 in.)
unspecified: 193 g"
entity:artifact:2:204867,dimensions,"H. 2.6 x Diam. 5.6 x Thickness 0.5 cm (1 x 2 3/16 x 3/16 in.)
Weight 75 g"
entity:artifact:2:204868,dimensions,"H. 4.4 x W. 9.2 x D. 9.2 cm (1 3/4 x 3 5/8 x 3 5/8 in.)
Weight 756 g"
entity:artifact:2:204869,dimensions,"H. 7.5 x W. 7 x D. 7 cm (2 15/16 x 2 3/4 x 2 3/4 in.)
Weight 423 g"
entity:artifact:2:204870,dimensions,"0.9 x 11.2 cm (3/8 x 4 7/16 in.)
unspecified: 205 g"
entity:artifact:2:204871,dimensions,"7.2 x 1.5 x 0.3 cm (2 13/16 x 9/16 x 1/8 in.)
unspecified: 9 g"
entity:artifact:2:204872,dimensions,"0.2 x 4.5 cm (1/16 x 1 3/4 in.)
unspecified: 9 g"
entity:artifact:2:204873,dimensions,"5.8 x 1.3 x 0.3 cm (2 5/16 x 1/2 x 1/8 in.)
unspecified: 6 g"
entity:artifact:2:204874,dimensions,"13.5 x 16 x 8.5 cm (5 5/16 x 6 5/16 x 3 3/8 in.)
638 g"
entity:artifact:2:204875,dimensions,"L. 13.5 x W. 9.8 x Thickness 0.3 cm (5 5/16 x 3 7/8 x 1/8 in.)
Weight 254 g"
entity:artifact:2:204876,dimensions,"L. 13.5 x W. 9.6 x Thickness 0.3 cm (5 5/16 x 3 3/4 x 1/8 in.)
Weight 252 g"
entity:artifact:2:204879,dimensions,L. 3.2 x Diam. 0.7 cm (1 1/4 x 1/4 in.)
entity:artifact:2:204880,dimensions,L. 6.3 x W. 2.7 cm (2 1/2 x 1 1/16 in.)
entity:artifact:2:204881,dimensions,"H. 3.5 x W. 2.2 x D. 0.2 cm (1 3/8 x 7/8 x 1/16 in.)
Weight 2 g"
entity:artifact:2:204882,dimensions,"3.7 x 6.1 x 0.5 cm (1 7/16 x 2 3/8 x 3/16 in.)
unspecified: 17 g"
entity:artifact:2:204883,dimensions,"1 x 5.2 x 0.5 cm (3/8 x 2 1/16 x 3/16 in.)
unspecified: 5 g"
entity:artifact:2:204884,dimensions,"44.6 x 8 x 0.2 cm (17 9/16 x 3 1/8 x 1/16 in.)
unspecified: 105 g"
entity:artifact:2:204885,dimensions,"8.2 x 2.2 x 0.9 cm (3 1/4 x 7/8 x 3/8 in.)
unspecified: 30 g"
entity:artifact:2:204886,dimensions,"H. 3.9 x W. 1.1 x D. 0.8 cm (1 9/16 x 7/16 x 5/16 in.)
Weight 5 g"
entity:artifact:2:204887,dimensions,H. 2.8 x Diam. 1.8 cm (1 1/8 x 11/16 in.)
entity:artifact:2:204888,dimensions,"H. 2.9 x W. 1 x D. 0.7 cm (1 1/8 x 3/8 x 1/4 in.)
Weight 5 g"
entity:artifact:2:204890,dimensions,"H. 4.3 x W. 1.1 x D. 0.7 cm (1 11/16 x 7/16 x 1/4 in.)
Weight 6 g"
entity:artifact:2:204891,dimensions,"41.8 x 10.4 x 1 cm (16 7/16 x 4 1/8 x 3/8 in.)
unspecified: 549 g"
entity:artifact:2:204893,dimensions,"29.6 x 8.3 x 1 cm (11 5/8 x 3 1/4 x 3/8 in.)
unspecified: 395 g"
entity:artifact:2:204894,dimensions,"18.8 x 4.7 x 0.3 cm (7 3/8 x 1 7/8 x 1/8 in.)
unspecified: 45 g"
entity:artifact:2:204895,dimensions,"L. 15.7 x W. 5.3 x Thickness 0.3 cm (6 3/16 x 2 1/16 x 1/8 in.)
Weight 45 g"
entity:artifact:2:204896,dimensions,"7.4 x 1.2 x 0.6 cm (2 15/16 x 1/2 x 1/4 in.)
unspecified: 15 g"
entity:artifact:2:204897,dimensions,"0.4 x 1.5 x 9.4 cm (3/16 x 9/16 x 3 11/16 in.)
unspecified: 51 g"
entity:artifact:2:204898,dimensions,"5.5 x 3.1 x 0.7 cm (2 3/16 x 1 1/4 x 1/4 in.)
unspecified: 23 g"
entity:artifact:2:204899,dimensions,"7 x 2.3 x 1.9 cm (2 3/4 x 7/8 x 3/4 in.)
unspecified: 64 g"
entity:artifact:2:204900,dimensions,"6.1 x 4.1 x 1.7 cm (2 3/8 x 1 5/8 x 11/16 in.)
unspecified: 72 g"
entity:artifact:2:204901,dimensions,"4.2 x 2 x 0.4 cm (1 5/8 x 13/16 x 3/16 in.)
unspecified: 6 g"
entity:artifact:2:204902,dimensions,"H. 2.6 x W. 4 x D. 0.4 cm (1 x 1 9/16 x 3/16 in.)
Weight 7 g"
entity:artifact:2:204903,dimensions,"H. 7.8 x W. 4.5 x D. 0.3 cm (3 1/16 x 1 3/4 x 1/8 in.)
Weight 8 g"
entity:artifact:2:204904,dimensions,"H. 8 x W. 1.3 x D. 0.4 cm (3 1/8 x 1/2 x 3/16 in.)
Weight 4 g"
entity:artifact:2:204905,dimensions,"W. 1.9 x L. 11 x Thickness 0.3 cm (3/4 x 4 5/16 x 1/8 in.)
Weight 11 g"
entity:artifact:2:204906,dimensions,"H. 3.9 x W. 4.3 x D. 0.2 cm (1 9/16 x 1 11/16 x 1/16 in.)
Weight 5 g"
entity:artifact:2:204907,dimensions,"H. 4.4 x W. 4.8 x D. 0.3 cm (1 3/4 x 1 7/8 x 1/8 in.)
Weight 6 g"
entity:artifact:2:204908,dimensions,"4 x 3.8 x 0.4 cm (1 9/16 x 1 1/2 x 3/16 in.)
unspecified: 9 g"
entity:artifact:2:204909,dimensions,"4.3 x 0.6 x 6.3 cm (1 11/16 x 1/4 x 2 1/2 in.)
unspecified: 113 g"
entity:artifact:2:204910,dimensions,"8 x 3 x 2.5 cm (3 1/8 x 1 3/16 x 1 in.)
unspecified: 63 g"
entity:artifact:2:204911,dimensions,"14 x 22 x 0.5 cm (5 1/2 x 8 11/16 x 3/16 in.)
unspecified: 26 g"
entity:artifact:2:204912,dimensions,"4.3 x 4.5 x 0.5 cm (1 11/16 x 1 3/4 x 3/16 in.)
unspecified: 25 g"
entity:artifact:2:204913,dimensions,"H. 9 x W. 1.5 x D. 0.3 cm (3 9/16 x 9/16 x 1/8 in.)
Weight 11 g"
entity:artifact:2:204914,dimensions,"H. 2.9 x W. 5 x D. 0.3 cm (1 1/8 x 1 15/16 x 1/8 in.)
Weight 7 g"
entity:artifact:2:204915,dimensions,"H. 6.2 x W. 4 x D. 0.3 cm (2 7/16 x 1 9/16 x 1/8 in.)
Weight 13 g"
entity:artifact:2:204916,dimensions,"H. 5.1 x W. 4.7 x D. 0.2 cm (2 x 1 7/8 x 1/16 in.)
Weight 7 g"
entity:artifact:2:204917,dimensions,"H. 2.7 x W. 4.2 x D. 0.3 cm (1 1/16 x 1 5/8 x 1/8 in.)
Weight 6 g"
entity:artifact:2:204919,dimensions,"15.1 x 4.7 x 0.3 cm (5 15/16 x 1 7/8 x 1/8 in.)
31 g"
entity:artifact:2:204920,dimensions,"6.6 x 2 x 0.6 cm (2 5/8 x 13/16 x 1/4 in.)
unspecified: 14 g"
entity:artifact:2:204921,dimensions,"W. 1.1 x L. 10.2 x Thickness 0.3 cm (7/16 x 4 x 1/8 in.)
Weight 6 g"
entity:artifact:2:204922,dimensions,"H. 3 x W. 1.2 x D. 0.7 cm (1 3/16 x 1/2 x 1/4 in.)
Weight 6 g"
entity:artifact:2:204923,dimensions,"39.8 x 7.5 x 0.5 cm (15 11/16 x 2 15/16 x 3/16 in.)
unspecified: 239 g"
entity:artifact:2:204924,dimensions,"H. 38 x W. 10.4 x Thickness 0.8 cm (14 15/16 x 4 1/8 x 5/16 in.)
Weight 446 g"
entity:artifact:2:204925,dimensions,"30.7 x 7.6 x 1.1 cm (12 1/16 x 3 x 7/16 in.)
unspecified: 442 g"
entity:artifact:2:204926,dimensions,"26 x 7 x 0.7 cm (10 1/4 x 2 3/4 x 1/4 in.)
unspecified: 192 g"
entity:artifact:2:204927,dimensions,"H. 27.4 x W. 7.8 x D. 1 cm (10 13/16 x 3 1/16 x 3/8 in.)
Weight 334 g"
entity:artifact:2:204928,dimensions,"24.3 x 5 x 0.3 cm (9 9/16 x 1 15/16 x 1/8 in.)
unspecified: 105 g"
entity:artifact:2:204929,dimensions,"21.4 x 4 x 0.5 cm (8 7/16 x 1 9/16 x 3/16 in.)
unspecified: 79 g"
entity:artifact:2:204930,dimensions,"19.5 x 6 x 0.4 cm (7 11/16 x 2 3/8 x 3/16 in.)
unspecified: 100 g"
entity:artifact:2:204931,dimensions,"16.3 x 4.6 x 0.2 cm (6 7/16 x 1 13/16 x 1/16 in.)
unspecified: 29 g"
entity:artifact:2:204932,dimensions,H. 10.9 x Diam. 15.9 cm (4 5/16 x 6 1/4 in.)
entity:artifact:2:204933,dimensions,"H. 8 x W. 2 x D. 0.4 cm (3 1/8 x 13/16 x 3/16 in.)
Weight 19 g"
entity:artifact:2:204934,dimensions,"3.1 x 6.6 x 0.4 cm (1 1/4 x 2 5/8 x 3/16 in.)
unspecified: 10 g"
entity:artifact:2:204935,dimensions,"3.2 x 6.5 x 0.4 cm (1 1/4 x 2 9/16 x 3/16 in.)
unspecified: 10 g"
entity:artifact:2:204936,dimensions,"0.2 x 4.4 cm (1/16 x 1 3/4 in.)
unspecified: 7 g"
entity:artifact:2:204937,dimensions,"2.4 x 4.7 x 0.5 cm (15/16 x 1 7/8 x 3/16 in.)
unspecified: 8 g"
entity:artifact:2:204938,dimensions,"2.3 x 1.2 x 1.6 cm (7/8 x 1/2 x 5/8 in.)
unspecified: 5 g"
entity:artifact:2:204939,dimensions,"H. 3.5 x W. 6.2 x D. 0.3 cm (1 3/8 x 2 7/16 x 1/8 in.)
Weight 9 g"
entity:artifact:2:204940,dimensions,"12.7 x 9.5 x 0.4 cm (5 x 3 3/4 x 3/16 in.)
unspecified: 109 g"
entity:artifact:2:204941,dimensions,"17.7 x 6.3 x 0.4 cm (6 15/16 x 2 1/2 x 3/16 in.)
unspecified: 81 g"
entity:artifact:2:204942,dimensions,"H. 17.8 x W. 6.8 x D. 0.8 cm (7 x 2 11/16 x 5/16 in.)
Weight 148 g"
entity:artifact:2:204943,dimensions,"H. 2.7 x W. 6.2 x D. 0.3 cm (1 1/16 x 2 7/16 x 1/8 in.)
Weight 6 g"
entity:artifact:2:204944,dimensions,"H. 5.5 x W. 2.9 x D. 0.3 cm (2 3/16 x 1 1/8 x 1/8 in.)
Weight 8 g"
entity:artifact:2:204945,dimensions,"H. 2.3 x W. 3.5 x D. 0.4 cm (7/8 x 1 3/8 x 3/16 in.)
Weight 6 g"
entity:artifact:2:204946,dimensions,"H. 3 x W. 7.7 x D. 0.2 cm (1 3/16 x 3 1/16 x 1/16 in.)
Weight 9 g"
entity:artifact:2:204947,dimensions,"H. 4.1 x W. 2.2 x D. 0.2 cm (1 5/8 x 7/8 x 1/16 in.)
Weight 3 g"
entity:artifact:2:204948,dimensions,"W. 5.2 x D. 0.4 cm (2 1/16 x 3/16 in.)
Weight 3 g"
entity:artifact:2:204949,dimensions,"13.3 x 5.2 x 0.4 cm (5 1/4 x 2 1/16 x 3/16 in.)
48 g"
entity:artifact:2:204950,dimensions,"16 x 8.6 x 0.5 cm (6 5/16 x 3 3/8 x 3/16 in.)
unspecified: 146 g"
entity:artifact:2:204951,dimensions,"10.8 x 3.3 x 0.7 cm (4 1/4 x 1 5/16 x 1/4 in.)
unspecified: 44 g"
entity:artifact:2:204952,dimensions,"H. 9.2 x W. 4.2 x D. 1 cm (3 5/8 x 1 5/8 x 3/8 in.)
Weight 59 g"
entity:artifact:2:204953,dimensions,"H. 2.5 x W. 6.5 x D. 0.3 cm (1 x 2 9/16 x 1/8 in.)
Weight 9 g"
entity:artifact:2:204955,dimensions,"H. 13.7 x W. 5.6 x Thickness 0.9 cm (5 3/8 x 2 3/16 x 3/8 in.)
Weight 151 g"
entity:artifact:2:204956,dimensions,"H. 11 x W. 4 x D. 0.6 cm (4 5/16 x 1 9/16 x 1/4 in.)
Weight 63 g"
entity:artifact:2:204957,dimensions,"15.3 x 3.9 x 0.4 cm (6 x 1 9/16 x 3/16 in.)
unspecified: 57 g"
entity:artifact:2:204958,dimensions,"H. 1.6 x W. 3.1 x D. 0.5 cm (5/8 x 1 1/4 x 3/16 in.)
Weight 3 g"
entity:artifact:2:204959,dimensions,"3.1 x 2.2 x 0.4 cm (1 1/4 x 7/8 x 3/16 in.)
unspecified: 5 g"
entity:artifact:2:204960,dimensions,"L. 8.4 x W. 3.2 x Thickness 0.5 cm (3 5/16 x 1 1/4 x 3/16 in.)
Weight 29 g"
entity:artifact:2:204961,dimensions,"2.3 x 3.5 x 0.5 cm (7/8 x 1 3/8 x 3/16 in.)
unspecified: 5 g"
entity:artifact:2:204962,dimensions,"3.8 x 4.7 x 0.3 cm (1 1/2 x 1 7/8 x 1/8 in.)
unspecified: 8 g"
entity:artifact:2:204963,dimensions,"3.8 x 4.7 x 0.3 cm (1 1/2 x 1 7/8 x 1/8 in.)
unspecified: 9 g"
entity:artifact:2:204964,dimensions,"6 x 2.4 x 0.6 cm (2 3/8 x 15/16 x 1/4 in.)
unspecified: 13 g"
entity:artifact:2:204965,dimensions,"1.8 x 3.3 x 0.4 cm (11/16 x 1 5/16 x 3/16 in.)
unspecified: 4 g"
entity:artifact:2:204966,dimensions,"6.1 x 2 x 0.5 cm (2 3/8 x 13/16 x 3/16 in.)
unspecified: 7 g"
entity:artifact:2:204967,dimensions,"H. 2.6 x W. 5 x Thickness 0.4 cm (1 x 1 15/16 x 3/16 in.)
Weight 8 g"
entity:artifact:2:204968,dimensions,"7.2 x 1.3 x 0.4 cm (2 13/16 x 1/2 x 3/16 in.)
unspecified: 8 g"
entity:artifact:2:204969,dimensions,"7 x 2.7 x 0.3 cm (2 3/4 x 1 1/16 x 1/8 in.)
unspecified: 9 g"
entity:artifact:2:204970,dimensions,"4 x 2.8 x 0.2 cm (1 9/16 x 1 1/8 x 1/16 in.)
unspecified: 5 g"
entity:artifact:2:204971,dimensions,"4.1 x 3.1 x 0.1 cm (1 5/8 x 1 1/4 x 1/16 in.)
unspecified: 4 g"
entity:artifact:2:204972,dimensions,"H. 13.8 x W. 2.5 x D. 0.3 cm (5 7/16 x 1 x 1/8 in.)
Weight 17 g"
entity:artifact:2:204973,dimensions,"H. 12.7 x W. 3.8 x D. 0.3 cm (5 x 1 1/2 x 1/8 in.)
Weight 24 g"
entity:artifact:2:204974,dimensions,"29.5 x 10.2 x 3.3 cm (11 5/8 x 4 x 1 5/16 in.)
unspecified: 2256 g"
entity:artifact:2:204975,dimensions,"7.6 x 1.5 x 0.3 cm (3 x 9/16 x 1/8 in.)
unspecified: 6 g"
entity:artifact:2:204976,dimensions,"7.6 x 0.8 cm (3 x 5/16 in.)
unspecified: 8 g"
entity:artifact:2:204977,dimensions,"L. 8.7 x W. 3.2 cm (3 7/16 x 1 1/4 in.)
Weight 16 g"
entity:artifact:2:204978,dimensions,"L. 7.9 x Thickness 1.3 cm (3 1/8 x 1/2 in.)
24 g"
entity:artifact:2:204979,dimensions,"3.3 x 0.4 cm (1 5/16 x 3/16 in.)
unspecified: 6 g"
entity:artifact:2:204980,dimensions,"H. 19.5 x W. 9.1 x Thickness 1.3 cm (7 11/16 x 3 9/16 x 1/2 in.)
Weight 404 g"
entity:artifact:2:204981,dimensions,"7.3 x 2.3 x 3.3 cm (2 7/8 x 7/8 x 1 5/16 in.)
unspecified: 8 g"
entity:artifact:2:204982,dimensions,"5.5 x 1.5 x 0.5 cm (2 3/16 x 9/16 x 3/16 in.)
unspecified: 6 g"
entity:artifact:2:204983,dimensions,"5.1 x 2.1 x 0.5 cm (2 x 13/16 x 3/16 in.)
unspecified: 10 g"
entity:artifact:2:204984,dimensions,"5.4 x 1.2 x 0.4 cm (2 1/8 x 1/2 x 3/16 in.)
unspecified: 5 g"
entity:artifact:2:204985,dimensions,"4.9 x 8.4 x 0.4 cm (1 15/16 x 3 5/16 x 3/16 in.)
unspecified: 23 g"
entity:artifact:2:204986,dimensions,"5.5 x 1.6 x 0.6 cm (2 3/16 x 5/8 x 1/4 in.)
unspecified: 11 g"
entity:artifact:2:204987,dimensions,"10.3 x 2.2 x 0.4 cm (4 1/16 x 7/8 x 3/16 in.)
unspecified: 18 g"
entity:artifact:2:204988,dimensions,"8.5 x 6.5 x 0.7 cm (3 3/8 x 2 9/16 x 1/4 in.)
unspecified: 79 g"
entity:artifact:2:204989,dimensions,"H. 23 x W. 6.5 x D. 0.4 cm (9 1/16 x 2 9/16 x 3/16 in.)
Weight 127 g"
entity:artifact:2:204990,dimensions,"21.8 x 8.3 x 0.3 cm (8 9/16 x 3 1/4 x 1/8 in.)
unspecified: 144 g"
entity:artifact:2:204991,dimensions,"27 x 14.7 x 0.8 cm (10 5/8 x 5 13/16 x 5/16 in.)
unspecified: 575 g"
entity:artifact:2:204992,dimensions,"H. 3 x W. 5.7 x Thickness 0.3 cm (1 3/16 x 2 1/4 x 1/8 in.)
Weight 9 g"
entity:artifact:2:204993,dimensions,"H. 8.6 x W. 2.5 x Thickness 0.5 cm (3 3/8 x 1 x 3/16 in.)
Weight 18 g"
entity:artifact:2:204994,dimensions,"3.4 x 5.8 x 0.4 cm (1 5/16 x 2 5/16 x 3/16 in.)
unspecified: 11 g"
entity:artifact:2:204995,dimensions,"4.1 x 3.3 x 0.2 cm (1 5/8 x 1 5/16 x 1/16 in.)
unspecified: 7 g"
entity:artifact:2:204996,dimensions,"L. 14.5 x W. 5.1 cm (5 11/16 x 2 in.)
Weight 69 g"
entity:artifact:2:204997,dimensions,"28.5 x 7.7 x 0.4 cm (11 1/4 x 3 1/16 x 3/16 in.)
unspecified: 228 g"
entity:artifact:2:204998,dimensions,"H. 15.4 x W. 7.6 x D. 1.1 cm (6 1/16 x 3 x 7/16 in.)
Weight 290 g"
entity:artifact:2:204999,dimensions,"3.6 x 9.6 x 0.4 cm (1 7/16 x 3 3/4 x 3/16 in.)
unspecified: 29 g"
entity:artifact:2:205004,dimensions,"8.1 x 2 x 0.4 cm (3 3/16 x 13/16 x 3/16 in.)
unspecified: 10 g"
entity:artifact:2:205005,dimensions,"8.8 x 2.4 x 0.4 cm (3 7/16 x 15/16 x 3/16 in.)
unspecified: 32 g"
entity:artifact:2:205006,dimensions,"7.5 x 1.6 x 0.4 cm (2 15/16 x 5/8 x 3/16 in.)
unspecified: 14 g"
entity:artifact:2:205007,dimensions,"Chord 8.6 x W. 1.7 x Thickness 0.4 cm (3 3/8 x 11/16 x 3/16 in.)
Weight 11 g"
entity:artifact:2:205008,dimensions,"8.7 x 7 x 0.5 cm (3 7/16 x 2 3/4 x 3/16 in.)
unspecified: 47 g"
entity:artifact:2:205009,dimensions,"11.7 x 2.8 x 2.5 cm (4 5/8 x 1 1/8 x 1 in.)
unspecified: 199 g"
entity:artifact:2:205010,dimensions,6.2 x 1.4 x 0.2 cm (2 7/16 x 9/16 x 1/16 in.)
entity:artifact:2:205011,dimensions,"8.5 x 1.2 x 0.6 cm (3 3/8 x 1/2 x 1/4 in.)
12 g"
entity:artifact:2:205012,dimensions,"7.6 x 1.7 x 0.3 cm (3 x 11/16 x 1/8 in.)
unspecified: 6 g"
entity:artifact:2:205013,dimensions,"10.5 x 2 x 0.3 cm (4 1/8 x 13/16 x 1/8 in.)
unspecified: 18 g"
entity:artifact:2:205014,dimensions,"10.3 x 2.7 x 0.3 cm (4 1/16 x 1 1/16 x 1/8 in.)
unspecified: 22 g"
entity:artifact:2:205015,dimensions,"H. 6.1 x W. 2.1 x Thickness 0.3 cm (2 3/8 x 13/16 x 1/8 in.)
Weight 9 g"
entity:artifact:2:205016,dimensions,"9.2 x 2.5 x 2.2 cm (3 5/8 x 1 x 7/8 in.)
unspecified: 121 g"
entity:artifact:2:205017,dimensions,"9.3 x 2.4 x 2.3 cm (3 11/16 x 15/16 x 7/8 in.)
unspecified: 129 g"
entity:artifact:2:205018,dimensions,"9.3 x 2.5 x 2.2 cm (3 11/16 x 1 x 7/8 in.)
unspecified: 128 g"
entity:artifact:2:205019,dimensions,"L. 4.8 x Diam. 2.7 cm (1 7/8 x 1 1/16 in.)
46 g"
entity:artifact:2:205020,dimensions,"H. 3.7 x W. 4.8 x Thickness 0.5 cm (1 7/16 x 1 7/8 x 3/16 in.)
Weight 18 g"
entity:artifact:2:205021,dimensions,"H. 3.1 x W. 4 x D. 1.3 cm (1 1/4 x 1 9/16 x 1/2 in.)
Weight 24 g"
entity:artifact:2:205022,dimensions,"H. 3.4 x W. 4.6 x D. 0.3 cm (1 5/16 x 1 13/16 x 1/8 in.)
Weight 6 g"
entity:artifact:2:205023,dimensions,"4.3 x 0.4 x 7 cm (1 11/16 x 3/16 x 2 3/4 in.)
unspecified: 107 g"
entity:artifact:2:205024,dimensions,"6.6 x 4 x 0.3 cm (2 5/8 x 1 9/16 x 1/8 in.)
unspecified: 14 g"
entity:artifact:2:205025,dimensions,"W. 2.2 x L. 10.7 x Thickness 0.3 cm (7/8 x 4 3/16 x 1/8 in.)
Weight 13 g"
entity:artifact:2:205026,dimensions,"11.7 x 8.8 x 0.7 cm (4 5/8 x 3 7/16 x 1/4 in.)
unspecified: 152 g"
entity:artifact:2:205027,dimensions,"9.3 x 9.4 x 0.4 cm (3 11/16 x 3 11/16 x 3/16 in.)
unspecified: 71 g"
entity:artifact:2:205028,dimensions,"H. 10.5 x W. 7.9 x Thickness 0.4 cm (4 1/8 x 3 1/8 x 3/16 in.)
Weight 69 g"
entity:artifact:2:205029,dimensions,"17.7 x 13.4 x 0.4 cm (6 15/16 x 5 1/4 x 3/16 in.)
unspecified: 203 g"
entity:artifact:2:205030,dimensions,"16.1 x 13.3 x 0.5 cm (6 5/16 x 5 1/4 x 3/16 in.)
unspecified: 278 g"
entity:artifact:2:205031,dimensions,"15.3 x 15.1 x 0.6 cm (6 x 5 15/16 x 1/4 in.)
unspecified: 256 g"
entity:artifact:2:205032,dimensions,"11 x 2 x 0.8 cm (4 5/16 x 13/16 x 5/16 in.)
unspecified: 41 g"
entity:artifact:2:205033,dimensions,"1.7 x 4 x 0.3 cm (11/16 x 1 9/16 x 1/8 in.)
unspecified: 4 g"
entity:artifact:2:205034,dimensions,"1.7 x 2.8 x 0.5 cm (11/16 x 1 1/8 x 3/16 in.)
unspecified: 2 g"
entity:artifact:2:205035,dimensions,"8 x 4 x 0.6 cm (3 1/8 x 1 9/16 x 1/4 in.)
unspecified: 42 g"
entity:artifact:2:205036,dimensions,"7 x 1.7 x 0.4 cm (2 3/4 x 11/16 x 3/16 in.)
unspecified: 9 g"
entity:artifact:2:205037,dimensions,"H. 2.2 x W. 4.5 x Thickness 0.3 cm (7/8 x 1 3/4 x 1/8 in.)
Weight 4 g"
entity:artifact:2:205038,dimensions,"4.4 x 2.7 x 0.3 cm (1 3/4 x 1 1/16 x 1/8 in.)
unspecified: 5 g"
entity:artifact:2:205042,dimensions,"33 x 13.8 x 0.4 cm (13 x 5 7/16 x 3/16 in.)
unspecified: 465 g"
entity:artifact:2:205044,dimensions,"L. 56.2 x W. 3.7 x Thickness 1 cm (22 1/8 x 1 7/16 x 3/8 in.)
Weight 546 g"
entity:artifact:2:205045,dimensions,"7.3 x 2.3 x 0.4 cm (2 7/8 x 7/8 x 3/16 in.)
unspecified: 12 g"
entity:artifact:2:205046,dimensions,"4.3 x 1.3 x 0.3 cm (1 11/16 x 1/2 x 1/8 in.)
unspecified: 3 g"
entity:artifact:2:205047,dimensions,"4.2 x 1.3 x 0.3 cm (1 5/8 x 1/2 x 1/8 in.)
unspecified: 3 g"
entity:artifact:2:205048,dimensions,"4.5 x 3.1 x 0.4 cm (1 3/4 x 1 1/4 x 3/16 in.)
unspecified: 10 g"
entity:artifact:2:205049,dimensions,"6.7 x 4.1 x 0.5 cm (2 5/8 x 1 5/8 x 3/16 in.)
unspecified: 20 g"
entity:artifact:2:205050,dimensions,"5.8 x 2.8 x 0.5 cm (2 5/16 x 1 1/8 x 3/16 in.)
unspecified: 12 g"
entity:artifact:2:205051,dimensions,"11.6 x 2.8 x 2.6 cm (4 9/16 x 1 1/8 x 1 in.)
unspecified: 192 g"
entity:artifact:2:205052,dimensions,"11.5 x 3 x 2.7 cm (4 1/2 x 1 3/16 x 1 1/16 in.)
unspecified: 187 g"
entity:artifact:2:205053,dimensions,"9.3 x 2.5 x 2.1 cm (3 11/16 x 1 x 13/16 in.)
unspecified: 116 g"
entity:artifact:2:205054,dimensions,"1.3 x 3.6 x 1.8 cm (1/2 x 1 7/16 x 11/16 in.)
unspecified: 17 g"
entity:artifact:2:205055,dimensions,"2.5 x 4.6 x 3.5 cm (1 x 1 13/16 x 1 3/8 in.)
unspecified: 61 g"
entity:artifact:2:205057,dimensions,"3.3 x 5.5 x 0.2 cm (1 5/16 x 2 3/16 x 1/16 in.)
unspecified: 7 g"
entity:artifact:2:205058,dimensions,"H. 6.5 x W. 11.8 x Thickness 0.5 cm (2 9/16 x 4 5/8 x 3/16 in.)
Weight 29 g"
entity:artifact:2:205059,dimensions,"11.9 x 6.4 x 0.3 cm (4 11/16 x 2 1/2 x 1/8 in.)
unspecified: 43 g"
entity:artifact:2:205060,dimensions,"H. 7.5 x W. 8.8 x Thickness 0.6 cm (2 15/16 x 3 7/16 x 1/4 in.)
Weight 51 g"
entity:artifact:2:205061,dimensions,"H. 5.5 x L. 15 x Thickness 0.7 cm (2 3/16 x 5 7/8 x 1/4 in.)
Weight 97 g"
entity:artifact:2:205062,dimensions,"4.7 x 6.7 x 0.6 cm (1 7/8 x 2 5/8 x 1/4 in.)
unspecified: 32 g"
entity:artifact:2:205063,dimensions,"2.1 x 1.3 x 0.8 cm (13/16 x 1/2 x 5/16 in.)
unspecified: 5 g"
entity:artifact:2:205064,dimensions,"H. 2.8 x W. 1.7 x D. 0.9 cm (1 1/8 x 11/16 x 3/8 in.)
Weight 6 g"
entity:artifact:2:205065,dimensions,"H. 7.4 x W. 1.5 x D. 0.4 cm (2 15/16 x 9/16 x 3/16 in.)
Weight 7 g"
entity:artifact:2:205066,dimensions,"H. 7.4 x W. 1.5 x D. 0.4 cm (2 15/16 x 9/16 x 3/16 in.)
Weight 7 g"
entity:artifact:2:205067,dimensions,"10.9 x 2.5 x 2.6 cm (4 5/16 x 1 x 1 in.)
unspecified: 157 g"
entity:artifact:2:205068,dimensions,"10.6 x 2.5 x 2.3 cm (4 3/16 x 1 x 7/8 in.)
unspecified: 130 g"
entity:artifact:2:205069,dimensions,"11.7 x 3 x 2.8 cm (4 5/8 x 1 3/16 x 1 1/8 in.)
unspecified: 164 g"
entity:artifact:2:205070,dimensions,"11.8 x 3 x 2.7 cm (4 5/8 x 1 3/16 x 1 1/16 in.)
unspecified: 172 g"
entity:artifact:2:205071,dimensions,"2.8 x 1.4 x 0.5 cm (1 1/8 x 9/16 x 3/16 in.)
unspecified: 4 g"
entity:artifact:2:205072,dimensions,H. 5 × Diam. 12.2 cm (1 15/16 × 4 13/16 in.)
entity:artifact:2:205073,dimensions,30.5 x 16 cm (12 x 6 5/16 in.)
entity:artifact:2:205074,dimensions,sight: 25 x 28.7 cm (9 13/16 x 11 5/16 in.)
entity:artifact:2:205075,dimensions,sight: 25 x 28.7 cm (9 13/16 x 11 5/16 in.)
entity:artifact:2:205076,dimensions,Diam. 16.5 cm (6 1/2 in.)
entity:artifact:2:205077,dimensions,"L. 26.5 x W. 7.2 x Thickness 0.5 cm (10 7/16 x 2 13/16 x 3/16 in.)
Weight 137 g"
entity:artifact:2:205078,dimensions,10 x 12.5 cm (3 15/16 x 4 15/16 in.)
entity:artifact:2:205079,dimensions,H. 5.4 x Diam. 18.9 cm (2 1/8 x 7 7/16 in.)
entity:artifact:2:205080,dimensions,H. 4.8 x Diam. 9.2 cm (1 7/8 x 3 5/8 in.)
entity:artifact:2:205081,dimensions,H. 4.8 x Diam. 9.3 cm (1 7/8 x 3 11/16 in.)
entity:artifact:2:205082,dimensions,"24.4 x 5 x 0.3 cm (9 5/8 x 1 15/16 x 1/8 in.)
unspecified: 105 g"
entity:artifact:2:205083,dimensions,H. 6.3 x W. 11.1 x D. 9.8 cm (2 1/2 x 4 3/8 x 3 7/8 in.)
entity:artifact:2:205085,dimensions,H. 5.4 × Diam. 19.5 cm (2 1/8 × 7 11/16 in.)
entity:artifact:2:205086,dimensions,"overall, with lid on: max. H. 9.8 × W.13.6 × D.13.6 cm (3 7/8 × 5 3/8 × 5 3/8 in.)"
entity:artifact:2:205087,dimensions,2.5 x 12.9 x 9.4 cm (1 x 5 1/16 x 3 11/16 in.)
entity:artifact:2:205088,dimensions,H.7 x W. 11.2 x D. 5.6 cm (2 3/4 x 4 7/16 x 2 3/16 in.)
entity:artifact:2:205090,dimensions,sight: 25 x 28.7 cm (9 13/16 x 11 5/16 in.)
entity:artifact:2:205091,dimensions,sight: 25 x 28.7 cm (9 13/16 x 11 5/16 in.)
entity:artifact:2:205094,dimensions,"H. 18.5 x W. 11.5 x Thickness 0.6 cm (7 5/16 x 4 1/2 x 1/4 in.)
Weight 257 g"
entity:artifact:2:205095,dimensions,5.7 x 19.2 cm (2 1/4 x 7 9/16 in.)
entity:artifact:2:205096,dimensions,H. 8.9 x Diam. 20.3 cm (3 1/2 x 8 in.)
entity:artifact:2:205107,dimensions,33.66 x 6.99 cm (13 1/4 x 2 3/4 in.)
entity:artifact:2:205108,dimensions,11.75 x 6.99 cm (4 5/8 x 2 3/4 in.)
entity:artifact:2:205109,dimensions,H. 20.96 x Diam. 5.08 cm (8 1/4 x 2 in.)
entity:artifact:2:205110,dimensions,H. 2.86 x Diam. 19.69 cm (1 1/8 x 7 3/4 in.)
entity:artifact:2:205111,dimensions,2.25 x 1.13 cm (7/8 x 7/16 in.)
entity:artifact:2:205113,dimensions,H. 1.25 x Diam. 4.5 cm (1/2 x 1 3/4 in.)
entity:artifact:2:205114,dimensions,H. 3.18 x Diam. 12.07 cm (1 1/4 x 4 3/4 in.)
entity:artifact:2:205115,dimensions,H. 11.1 x W. 7.6 cm (4 3/8 x 3 in.)
entity:artifact:2:205122,dimensions,H. 5.72 x Diam. 16.51 cm (2 1/4 x 6 1/2 in.)
entity:artifact:2:205123,dimensions,32.39 x 8.26 cm (12 3/4 x 3 1/4 in.)
entity:artifact:2:205124,dimensions,3.81 x 2.54 cm (1 1/2 x 1 in.)
entity:artifact:2:205125,dimensions,6.67 x 2.86 cm (2 5/8 x 1 1/8 in.)
entity:artifact:2:205126,dimensions,H. 5.72 x Diam. 15.24 cm (2 1/4 x 6 in.)
entity:artifact:2:205127,dimensions,H. 3.81 x Diam. 11.43 cm (1 1/2 x 4 1/2 in.)
entity:artifact:2:205128,dimensions,6.35 x 18.42 cm (2 1/2 x 7 1/4 in.)
entity:artifact:2:205129,dimensions,7.62 x 25.4 cm (3 x 10 in.)
entity:artifact:2:205133,dimensions,H. 5.08 x Diam. 11.75 cm (2 x 4 5/8 in.)
entity:artifact:2:205134,dimensions,"H. 36 x W. 5.7 x D. 0.5 cm (14 3/16 x 2 1/4 x 3/16 in.)
Weight 164 g"
entity:artifact:2:205135,dimensions,"31.3 x 6 x 0.4 cm (12 5/16 x 2 3/8 x 3/16 in.)
unspecified: 179 g"
entity:artifact:2:205136,dimensions,"29 x 5.1 x 0.8 cm (11 7/16 x 2 x 5/16 in.)
unspecified: 245 g"
entity:artifact:2:205137,dimensions,"35.2 x 7.4 x 0.6 cm (13 7/8 x 2 15/16 x 1/4 in.)
unspecified: 208 g"
entity:artifact:2:205138,dimensions,"50 x 9.1 x 0.9 cm (19 11/16 x 3 9/16 x 3/8 in.)
unspecified: 648 g"
entity:artifact:2:205139,dimensions,"H. 11.6 x W. 1.8 x D. 0.5 cm (4 9/16 x 11/16 x 3/16 in.)
Weight 31 g"
entity:artifact:2:205140,dimensions,"H. 11.6 x W. 1.8 x D. 0.5 cm (4 9/16 x 11/16 x 3/16 in.)
Weight 31 g"
entity:artifact:2:205141,dimensions,"H. 12.2 x W. 2.2 x D. 0.7 cm (4 13/16 x 7/8 x 1/4 in.)
Weight 40 g"
entity:artifact:2:205142,dimensions,"H. 10 x W. 3.3 x D. 0.6 cm (3 15/16 x 1 5/16 x 1/4 in.)
Weight 38 g"
entity:artifact:2:205143,dimensions,"H. 10.2 x W. 2.5 x D. 0.4 cm (4 x 1 x 3/16 in.)
Weight 24 g"
entity:artifact:2:205144,dimensions,"H. 7.5 x W. 2.9 x Thickness 0.2 cm (2 15/16 x 1 1/8 x 1/16 in.)
Weight 9 g"
entity:artifact:2:205145,dimensions,H. 3.33 x Diam. 12.7 cm (1 5/16 x 5 in.)
entity:artifact:2:205146,dimensions,H. 7.62 x Diam. 20.32 cm (3 x 8 in.)
entity:artifact:2:205147,dimensions,H. 3.8 x Dia. 14 cm (1 1/2 x 5 1/2 in.)
entity:artifact:2:205148,dimensions,5.08 x 21.59 cm (2 x 8 1/2 in.)
entity:artifact:2:205149,dimensions,5.08 x 25.4 cm (2 x 10 in.)
entity:artifact:2:205150,dimensions,8.26 x 19.69 cm (3 1/4 x 7 3/4 in.)
entity:artifact:2:205155,dimensions,L. 25.2 x W. 5 cm (9 15/16 x 1 15/16 in.)
entity:artifact:2:205156,dimensions,H. 2.7 x Diam. 5.1 cm (1 1/16 x 2 in.)
entity:artifact:2:205157,dimensions,H. 12.1 x W. 7 cm (4 3/4 x 2 3/4 in.)
entity:artifact:2:205158,dimensions,H. 28.3 x Diam. 15.2 cm (11 1/8 x 6 in.)
entity:artifact:2:205159,dimensions,H. 6.2 x W. 4.6 cm (2 7/16 x 1 13/16 in.)
entity:artifact:2:205160,dimensions,H. 3.9 x Diam. 17.1 cm (1 9/16 x 6 3/4 in.)
entity:artifact:2:205161,dimensions,H. 3.1 x Diam. 15.9 cm (1 1/4 x 6 1/4 in.)
entity:artifact:2:205162,dimensions,"26.2 x 6.7 x 0.5 cm (10 5/16 x 2 5/8 x 3/16 in.)
unspecified: 136 g"
entity:artifact:2:205163,dimensions,"32.9 x 7.7 x 0.7 cm (12 15/16 x 3 1/16 x 1/4 in.)
unspecified: 233 g"
entity:artifact:2:205164,dimensions,"L. 16.5 x W. 13.2 x Thickness 0.7 cm (6 1/2 x 5 3/16 x 1/4 in.)
Weight 325 g"
entity:artifact:2:205165,dimensions,"30 x 7.3 x 0.9 cm (11 13/16 x 2 7/8 x 3/8 in.)
unspecified: 302 g"
entity:artifact:2:205166,dimensions,"L. 51.4 x W. 7.8 x Thickness 0.9 cm (20 1/4 x 3 1/16 x 3/8 in.)
Weight 741 g"
entity:artifact:2:205167,dimensions,"H. 11.8 x W. 2.4 x Thickness 0.3 cm (4 5/8 x 15/16 x 1/8 in.)
Weight 22 g"
entity:artifact:2:205168,dimensions,"H. 6.4 x W. 5.5 x Thickness 0.9 cm (2 1/2 x 2 3/16 x 3/8 in.)
Weight 67 g"
entity:artifact:2:205169,dimensions,"H. 6.1 x W. 2.3 x Thickness 0.5 cm (2 3/8 x 7/8 x 3/16 in.)
Weight 20 g"
entity:artifact:2:205170,dimensions,"H. 10 x W. 2.6 x D. 0.3 cm (3 15/16 x 1 x 1/8 in.)
Weight 11 g"
entity:artifact:2:205171,dimensions,"5 x 2.4 x 0.4 cm (1 15/16 x 15/16 x 3/16 in.)
unspecified: 8 g"
entity:artifact:2:205172,dimensions,"30.2 x 6.5 x 7.5 cm (11 7/8 x 2 9/16 x 2 15/16 in.)
unspecified: 3521 g"
entity:artifact:2:205173,dimensions,5.08 x 33.02 cm (2 x 13 in.)
entity:artifact:2:205182,dimensions,H. 2.86 x Diam. 6.99 cm (1 1/8 x 2 3/4 in.)
entity:artifact:2:205183,dimensions,H. 21.6 x Diam. 12.7 cm (8 1/2 x 5 in.)
entity:artifact:2:205184,dimensions,H. 22.1 cm (8 11/16 in.)
entity:artifact:2:205185,dimensions,H. 20.6 x Diam. 9.5 cm (8 1/8 x 3 3/4 in.)
entity:artifact:2:205186,dimensions,H. 26.7 x Diam. 14.4 cm (10 1/2 x 5 11/16 in.)
entity:artifact:2:205187,dimensions,H. 6 x Diam. 17.6 cm (2 3/8 x 6 15/16 in.)
entity:artifact:2:205189,dimensions,H. 8.3 × Diam. 21.3 cm (3 1/4 × 8 3/8 in.)
entity:artifact:2:205190,dimensions,L. 10.5 x W. 7.6 cm (4 1/8 x 3 in.)
entity:artifact:2:205191,dimensions,"34.2 x 8.6 x 0.6 cm (13 7/16 x 3 3/8 x 1/4 in.)
unspecified: 339 g"
entity:artifact:2:205192,dimensions,"25.7 x 10.5 x 0.8 cm (10 1/8 x 4 1/8 x 5/16 in.)
unspecified: 511 g"
entity:artifact:2:205193,dimensions,"H. 48.5 x W. 9.3 x D. 0.6 cm (19 1/8 x 3 11/16 x 1/4 in.)
Weight 431 g"
entity:artifact:2:205194,dimensions,"29.8 x 8.6 x 0.5 cm (11 3/4 x 3 3/8 x 3/16 in.)
unspecified: 203 g"
entity:artifact:2:205195,dimensions,"H. 11.7 x W. 2.7 x Thickness 0.9 cm (4 5/8 x 1 1/16 x 3/8 in.)
Weight 55 g"
entity:artifact:2:205196,dimensions,"11 x 6.5 x 1.4 cm (4 5/16 x 2 9/16 x 9/16 in.)
unspecified: 221 g"
entity:artifact:2:205197,dimensions,"H. 8 x W. 2.7 x D. 0.5 cm (3 1/8 x 1 1/16 x 3/16 in.)
Weight 13 g"
entity:artifact:2:205198,dimensions,"H. 6 x W. 2.6 x D. 0.3 cm (2 3/8 x 1 x 1/8 in.)
Weight 9 g"
entity:artifact:2:205199,dimensions,"H. 24.7 x W. 6.5 x D. 7.3 cm (9 3/4 x 2 9/16 x 2 7/8 in.)
Weight 2832 g"
entity:artifact:2:205200,dimensions,"59.5 x 10.4 x 0.9 cm (23 7/16 x 4 1/8 x 3/8 in.)
unspecified: 1230 g"
entity:artifact:2:205201,dimensions,"33.2 x 10.4 x 0.8 cm (13 1/16 x 4 1/8 x 5/16 in.)
unspecified: 376 g"
entity:artifact:2:205203,dimensions,33 x 10.1 cm (13 x 4 in.)
entity:artifact:2:205204,dimensions,33 x 10.1 cm (13 x 4 in.)
entity:artifact:2:205205,dimensions,H. 2.9 x Diam. 5.4 cm (1 1/8 x 2 1/8 in.)
entity:artifact:2:205211,dimensions,3.02 x 12.7 cm (1 3/16 x 5 in.)
entity:artifact:2:205212,dimensions,H. 5.08 cm x Diam. 20.32 cm (2 x 8 in.)
entity:artifact:2:205213,dimensions,H. 3.81 x Diam. 12.07 cm (1 1/2 x 4 3/4 in.)
entity:artifact:2:205214,dimensions,4.76 x 1.27 cm (1 7/8 x 1/2 in.)
entity:artifact:2:205215,dimensions,H. 4.45 x Diam. 12.7 cm (1 3/4 x 5 in.)
entity:artifact:2:205217,dimensions,H. 3.49 x Diam. 11.43 cm (1 3/8 x 4 1/2 in.)
entity:artifact:2:205218,dimensions,6.99 x 2.22 cm (2 3/4 x 7/8 in.)
entity:artifact:2:205219,dimensions,6.99 x 1.91 cm (2 3/4 x 3/4 in.)
entity:artifact:2:205220,dimensions,H. 3.3 x Diam. 12.8 cm (1 5/16 x 5 1/16 in.)
entity:artifact:2:205221,dimensions,"H. 22.3 x W. 5.7 x D. 0.6 cm (8 3/4 x 2 1/4 x 1/4 in.)
Weight 131 g"
entity:artifact:2:205222,dimensions,"H. 12.5 x W. 7.5 x D. 0.5 cm (4 15/16 x 2 15/16 x 3/16 in.)
Weight 103 g"
entity:artifact:2:205223,dimensions,"24.5 x 7.2 x 0.2 cm (9 5/8 x 2 13/16 x 1/16 in.)
unspecified: 60 g"
entity:artifact:2:205224,dimensions,"23.5 x 7.5 x 0.5 cm (9 1/4 x 2 15/16 x 3/16 in.)
unspecified: 154 g"
entity:artifact:2:205226,dimensions,"H. 12.7 x W. 2.6 x Thickness 0.4 cm (5 x 1 x 3/16 in.)
Weight 28 g"
entity:artifact:2:205227,dimensions,"H. 12.2 x W. 2.4 x D. 0.9 cm (4 13/16 x 15/16 x 3/8 in.)
Weight 87 g"
entity:artifact:2:205228,dimensions,"H. 11.8 x W. 1.7 x Thickness 1 cm (4 5/8 x 11/16 x 3/8 in.)
Weight 42 g"
entity:artifact:2:205229,dimensions,"H. 20.2 x W. 1.7 x Thickness 0.7 cm (7 15/16 x 11/16 x 1/4 in.)
Weight 51 g"
entity:artifact:2:205230,dimensions,"H. 7.1 x W. 6.9 x D. 1 cm (2 13/16 x 2 11/16 x 3/8 in.)
Weight 114 g"
entity:artifact:2:205231,dimensions,"H. 8.9 x W. 2.1 x D. 0.4 cm (3 1/2 x 13/16 x 3/16 in.)
Weight 19 g"
entity:artifact:2:205232,dimensions,H. 17.15 x Diam. 7.62 cm (6 3/4 x 3 in.)
entity:artifact:2:205233,dimensions,H. 2.86 x Diam. 9.53 cm (1 1/8 x 3 3/4 in.)
entity:artifact:2:205234,dimensions,5.72 x 12.07 cm (2 1/4 x 4 3/4 in.)
entity:artifact:2:205238,dimensions,H. 7.94 cm (3 1/8 in.)
entity:artifact:2:205239,dimensions,H. 6.03 x Diam. 8.26 cm (2 3/8 x 3 1/4 in.)
entity:artifact:2:205240,dimensions,H. 25.8 x Diam. 14.5 cm (10 3/16 x 5 11/16 in.)
entity:artifact:2:205241,dimensions,H. 25.7 x Diam. 11.1 cm (10 1/8 x 4 3/8 in.)
entity:artifact:2:205242,dimensions,H. 21.6 x Diam. 8.9 cm (8 1/2 x 3 1/2 in.)
entity:artifact:2:205243,dimensions,H. 5.3 x Diam. 15.6 cm (2 1/16 x 6 1/8 in.)
entity:artifact:2:205244,dimensions,H. 4.1 x Diam. 13.3 cm (1 5/8 x 5 1/4 in.)
entity:artifact:2:205245,dimensions,H. 6.4 x W. 5.4 cm (2 1/2 x 2 1/8 in.)
entity:artifact:2:205246,dimensions,H. 16.5 x  W. 16.5 cm (6 1/2 x 6 1/2 in.)
entity:artifact:2:205247,dimensions,H. 37.9 x Diam. 16.2 cm (14 15/16 x 6 3/8 in.)
entity:artifact:2:205248,dimensions,H. 7.5 x Diam. 5.2 cm (2 15/16 x 2 1/16 in.)
entity:artifact:2:205249,dimensions,"55.6 x 10.4 x  1 cm (21 7/8 x 4 1/8 x 3/8 in.)
unspecified: 1361 g"
entity:artifact:2:205250,dimensions,"30 x 6.5 x 0.2 cm (11 13/16 x 2 9/16 x 1/16 in.)
unspecified: 74 g"
entity:artifact:2:205251,dimensions,"29.4 x 7.1 x 0.3 cm (11 9/16 x 2 13/16 x 1/8 in.)
unspecified: 80 g"
entity:artifact:2:205252,dimensions,"32 x 6.5 x 0.3 cm (12 5/8 x 2 9/16 x 1/8 in.)
unspecified: 77 g"
entity:artifact:2:205253,dimensions,"32 x 6.5 x 0.3 cm (12 5/8 x 2 9/16 x 1/8 in.)
unspecified: 82 g"
entity:artifact:2:205254,dimensions,"L. 37.2 x H. 6.2 x Thickness 0.7 cm (14 5/8 x 2 7/16 x 1/4 in.)
unspecified: 302 g"
entity:artifact:2:205255,dimensions,"26.5 x 5.5 x 0.6 cm (10 7/16 x 2 3/16 x 1/4 in.)
unspecified: 259 g"
entity:artifact:2:205256,dimensions,"34.2 x 5 x 0.7 cm (13 7/16 x 1 15/16 x 1/4 in.)
weight: 198 g"
entity:artifact:2:205257,dimensions,"36.5 x 7.3 x 0.5 cm (14 3/8 x 2 7/8 x 3/16 in.)
unspecified: 253 g"
entity:artifact:2:205258,dimensions,"H. 5.3 x W. 0.9 x D. 0.9 cm (2 1/16 x 3/8 x 3/8 in.)
Weight 9 g"
entity:artifact:2:205259,dimensions,"H. 4.5 x W. 5 x Diam. 4.3 cm (1 3/4 x 1 15/16 x 1 11/16 in.)
106 g"
entity:artifact:2:205260,dimensions,"6.6 x 2 x 0.5 cm (2 5/8 x 13/16 x 3/16 in.)
unspecified: 13 g"
entity:artifact:2:205261,dimensions,"W. 11.2 x L. 61 x Thickness 0.7 cm (4 7/16 x 24 x 1/4 in.)
Weight 926 g"
entity:artifact:2:205262,dimensions,L. 27.5 x W. 5.7 cm (10 13/16 x 2 1/4 in.)
entity:artifact:2:205263,dimensions,"L. 37.2 x W. 8.8 x Thickness 0.6 cm (14 5/8 x 3 7/16 x 1/4 in.)
Weight 318 g"
entity:artifact:2:205264,dimensions,"H. 32.5 x W. 6 x Thickness 1.4 cm (12 13/16 x 2 3/8 x 9/16 in.)
unspecified: 541 g"
entity:artifact:2:205265,dimensions,"H. 34.6 x W. 6.5 x Thickness 1.4 cm (13 5/8 x 2 9/16 x 9/16 in.)
Weight 660 g"
entity:artifact:2:205266,dimensions,"52.6 x 8.8 x 0.2 cm (20 11/16 x 3 7/16 x 1/16 in.)
unspecified: 255 g"
entity:artifact:2:205267,dimensions,"H. 6.1 x D. 1.6 cm (2 3/8 x 5/8 in.)
Weight 18 g"
entity:artifact:2:205268,dimensions,"H. 2.9 x W. 1 x D. 0.7 cm (1 1/8 x 3/8 x 1/4 in.)
Weight 5 g"
entity:artifact:2:205269,dimensions,"7.6 x 7 x 1.1 cm (3 x 2 3/4 x 7/16 in.)
unspecified: 33 g"
entity:artifact:2:205270,dimensions,"0.9 x 0.9 x 1 cm (3/8 x 3/8 x 3/8 in.)
unspecified: 2 g"
entity:artifact:2:205271,dimensions,"W. 4.7 x L. 7.1 x Thickness 0.5 cm (1 7/8 x 2 13/16 x 3/16 in.)
Weight 36 g"
entity:artifact:2:205272,dimensions,"30.5 x 6.3 x 7.1 cm (12 x 2 1/2 x 2 13/16 in.)
unspecified: 3604 g"
entity:artifact:2:205273,dimensions,"27.8 x 5.6 x 0.6 cm (10 15/16 x 2 3/16 x 1/4 in.)
unspecified: 127 g"
entity:artifact:2:205274,dimensions,"L. 25.5 x W. 4.2 x Thickness 0.4 cm (10 1/16 x 1 5/8 x 3/16 in.)
Weight 66 g"
entity:artifact:2:205275,dimensions,"30.5 x 7.5 x 0.5 cm (12 x 2 15/16 x 3/16 in.)
unspecified: 116 g"
entity:artifact:2:205276,dimensions,"39 x 8 x 0.8 cm (15 3/8 x 3 1/8 x 5/16 in.)
unspecified: 474 g"
entity:artifact:2:205277,dimensions,"40.5 x 7.5 x 0.6 cm (15 15/16 x 2 15/16 x 1/4 in.)
unspecified: 384 g"
entity:artifact:2:205278,dimensions,"H. 42.2 x  W. 6 x Thickness 0.8 cm (16 5/8 x 2 3/8 x 5/16 in.)
Weight 428 g"
entity:artifact:2:205279,dimensions,"26 x 6.4 x 7.3 cm (10 1/4 x 2 1/2 x 2 7/8 in.)
unspecified: 2935 g"
entity:artifact:2:205280,dimensions,"H. 3.8 x Diam. 7 x Thickness 0.6 cm (1 1/2 x 2 3/4 x 1/4 in.)
Weight 115 g"
entity:artifact:2:205281,dimensions,"H. 5 x W. 4.5 x D. 0.3 cm (1 15/16 x 1 3/4 x 1/8 in.)
Weight 13 g"
entity:artifact:2:205282,dimensions,"H. 5 x W. 4.1 x Thickness 0.4 cm (1 15/16 x 1 5/8 x 3/16 in.)
Weight 18 g"
entity:artifact:2:205283,dimensions,"H. 9.5 x W. 1.8 x D. 0.6 cm (3 3/4 x 11/16 x 1/4 in.)
Weight 29 g"
entity:artifact:2:205284,dimensions,"H. 31.2 x W. 7.6 x D. 0.5 cm (12 5/16 x 3 x 3/16 in.)
Weight 199 g"
entity:artifact:2:205285,dimensions,"21.2 x 5.3 x 0.4 cm (8 3/8 x 2 1/16 x 3/16 in.)
unspecified: 65 g"
entity:artifact:2:205286,dimensions,"21.2 x 6.2 x 0.3 cm (8 3/8 x 2 7/16 x 1/8 in.)
unspecified: 72 g"
entity:artifact:2:205287,dimensions,"22.9 x 6 x 0.6 cm (9 x 2 3/8 x 1/4 in.)
unspecified: 121 g"
entity:artifact:2:205288,dimensions,"18.1 x 4.9 x 0.2 cm (7 1/8 x 1 15/16 x 1/16 in.)
unspecified: 32 g"
entity:artifact:2:205289,dimensions,"21.7 x 6.2 x 0.6 cm (8 9/16 x 2 7/16 x 1/4 in.)
unspecified: 130 g"
entity:artifact:2:205290,dimensions,H. 6.5 x Diam. 15.2 cm (2 9/16 x 6 in.)
entity:artifact:2:205291,dimensions,"4.3 x 3 x 0.5 cm (1 11/16 x 1 3/16 x 3/16 in.)
unspecified: 15 g"
entity:artifact:2:205292,dimensions,"4.1 x 2.9 x 0.5 cm (1 5/8 x 1 1/8 x 3/16 in.)
unspecified: 12 g"
entity:artifact:2:205293,dimensions,"4.5 x 1 x 0.4 cm (1 3/4 x 3/8 x 3/16 in.)
unspecified: 3 g"
entity:artifact:2:205294,dimensions,"H. 10 x W. 1.8 x D. 0.3 cm (3 15/16 x 11/16 x 1/8 in.)
Weight 8 g"
entity:artifact:2:205295,dimensions,"14.4 x 1.5 x 0.3 cm (5 11/16 x 9/16 x 1/8 in.)
unspecified: 18 g"
entity:artifact:2:205296,dimensions,"H. 6.2 x D. 1 cm (2 7/16 x 3/8 in.)
Weight 10 g"
entity:artifact:2:205297,dimensions,"L. 34.2 x W. 8 x Thickness 0.9 cm (13 7/16 x 3 1/8 x 3/8 in.)
Weight 370 g"
entity:artifact:2:205298,dimensions,"29.8 x 8.4 x 0.5 cm (11 3/4 x 3 5/16 x 3/16 in.)
unspecified: 187 g"
entity:artifact:2:205299,dimensions,"H. 40.5 x W. 9.7 x D. 0.4 cm (15 15/16 x 3 13/16 x 3/16 in.)
Weight 270 g"
entity:artifact:2:205300,dimensions,"21.3 x 4.3 x 0.5 cm (8 3/8 x 1 11/16 x 3/16 in.)
unspecified: 99 g"
entity:artifact:2:205301,dimensions,"L. 3.8 x W. 2.1 x Thickness 0.9 cm (1 1/2 x 13/16 x 3/8 in.)
Weight 7 g"
entity:artifact:2:205302,dimensions,"H. 9.9 x W. 2.2 x D. 0.4 cm (3 7/8 x 7/8 x 3/16 in.)
Weight 16 g"
entity:artifact:2:205303,dimensions,"cap: H. 4.1 x W. 5.8 x D. 4 cm (1 5/8 x 2 5/16 x 1 9/16 in.)
pin: L. 11.3 cm (4 7/16 in.)"
entity:artifact:2:205305,dimensions,H. 27.3 x W. 15.1 cm (10 3/4 x 5 15/16 in.)
entity:artifact:2:205306,dimensions,L. 6.4 x W. 13 cm (2 1/2 x 5 1/8 in.)
entity:artifact:2:205329,dimensions,"max.: H. 8.8 × W. 24.4 × D. 25 cm (3 7/16 × 9 5/8 × 9 13/16 in.)
base: W. 15.3 × D. 15.9 cm (6 × 6 1/4 in.)
weight: 1471.2 g"
entity:artifact:2:205330,dimensions,"max.: H. 7.9 × W. 23 × D. 18.2 cm (3 1/8 × 9 1/16 × 7 3/16 in.)
base: W. 17.7 × D. 13.5 cm (6 15/16 × 5 5/16 in.)
with flower pot: H. 20 cm (7 7/8 in.)
weight: 1028.9 g"
entity:artifact:2:205331,dimensions,"max.: H. 20 × Diam. 25.3 cm (7 7/8 × 9 15/16 in.)
base: Diam. 13.5 cm (5 5/16 in.)
weight: 2098.2 g"
entity:artifact:2:205332,dimensions,"max.: H. 4.3 × Diam. 8.9 cm (1 11/16 × 3 1/2 in.)
mouth: Diam. 8.5 cm (3 3/8 in.)
foot: Diam. 3.2 cm (1 1/4 in.)"
entity:artifact:2:205333,dimensions,"max.: H. 3.7 × Diam. 8.5 cm (1 7/16 × 3 3/8 in.)
foot: Diam. 3.5 cm (1 3/8 in.)"
entity:artifact:2:205334,dimensions,"max.: H. 3.2 × Diam. 15.4 cm (1 1/4 × 6 1/16 in.)
foot: Diam. 5.1 cm (2 in.)"
entity:artifact:2:205336,dimensions,"screen only, without stand: H. 25.7 × W. 16.6 × max. D. 1.9 cm (10 1/8 × 6 9/16 × 3/4 in.)
overall, screen on stand: H. 31.8 × W. 21.5 × D. 13.6 cm (12 1/2 × 8 7/16 × 5 3/8 in.)"
entity:artifact:2:205337,dimensions,H. 5.1 x W. 5 x D. 2 cm (2 x 1 15/16 x 13/16 in.)
entity:artifact:2:205338,dimensions,H. 4.5 × Diam. 16.5 cm (1 3/4 × 6 1/2 in.)
entity:artifact:2:205339,dimensions,H. 4.9 × Diam. 16.3 cm (1 15/16 × 6 7/16 in.)
entity:artifact:2:205340,dimensions,H. 4.1 × Diam. 11 cm (1 5/8 × 4 5/16 in.)
entity:artifact:2:205341,dimensions,"max.: H. 16.2 × W. 24.3 × D. 23 cm (6 3/8 × 9 9/16 × 9 1/16 in.)
base: W. 12 × W. 11.7 cm (4 3/4 × 4 5/8 in.)
weight: 2067.7 g"
entity:artifact:2:205342,dimensions,"max.: H. 20.3 × W. 29.3 × D. 27.8 cm (8 × 11 9/16 × 10 15/16 in.)
base: W. 14.5 × D. 13.8 cm (5 11/16 × 5 7/16 in.)
weight: 3461.3 g"
entity:artifact:2:205343,dimensions,"max.: H. 12.7 × W. 22.1 × D. 14.4 cm (5 × 8 11/16 × 5 11/16 in.)
base: W. 13.9 × D. 8.5 cm (5 1/2 × 3 3/8 in.)
weight: 1118.8 g"
entity:artifact:2:205344,dimensions,"max.: H. 13.2 × W. 23.5 × D. 15.5 cm (5 3/16 × 9 1/4 × 6 1/8 in.)
base: W. 15.3 × D. 10.5 cm (6 × 4 1/8 in.)
weight: 1464.7 g"
entity:artifact:2:205345,dimensions,"max.: H. 19.5 × mouth Diam. 20.7 cm (7 11/16 × 8 1/8 in.)
body: Diam. 19.7 cm (7 3/4 in.)
base: Diam. 12.5 cm (4 15/16 in.)
weight: 2094.8 g"
entity:artifact:2:205346,dimensions,"max.: H. 17.5 × body Diam. 18.8 cm (6 7/8 × 7 3/8 in.)
mouth: Diam. 18.4 cm (7 1/4 in.)
base: Diam. 11.3 cm (4 7/16 in.)
weight: 1818.9 g"
entity:artifact:2:205347,dimensions,"max.: H. 9.4 × Diam. 24.3 cm (3 11/16 × 9 9/16 in.)
base: Diam. 17.5 cm (6 7/8 in.)
weight: 1611.1 g"
entity:artifact:2:205348,dimensions,"max.: H. 7.6 × Diam. 20 cm (3 × 7 7/8 in.)
base: Diam. 14.2 cm (5 9/16 in.)
weight: 1060.4 g"
entity:artifact:2:205349,dimensions,max.: H. 5.6 × Diam. 10.6 cm (2 3/16 × 4 3/16 in.)
entity:artifact:2:205350,dimensions,"max.: H. 8.9 × Diam. 14.9 cm (3 1/2 × 5 7/8 in.)
base: Diam. 8.9 cm (3 1/2 in.)
weight: 863.2 g"
entity:artifact:2:205351,dimensions,"max.: H. 12.1 × Diam. 27.6 cm (4 3/4 × 10 7/8 in.)
foot: Diam. 13.1 cm (5 3/16 in.)"
entity:artifact:2:205352,dimensions,"max.: H. 19 × mouth Diam. 20.7 cm (7 1/2 × 8 1/8 in.)
body: Diam. 20 cm (7 7/8 in.)
base: Diam. 12.7 cm (5 in.)
weight: 2265.9 g"
entity:artifact:2:205353,dimensions,"max.: H. 6.9 × Diam. 18.7 cm (2 11/16 × 7 3/8 in.)
base: Diam. 13.2 cm (5 3/16 in.)
weight: 836.6 g"
entity:artifact:2:205354,dimensions,"max.: H. 6.7 × Diam. 18.9 cm (2 5/8 × 7 7/16 in.)
base: Diam. 13.4 cm (5 1/4 in.)
weight: 891.1 g"
entity:artifact:2:205355,dimensions,"max.: H. 25.1 × mouth Diam. 20.9 cm (9 7/8 × 8 1/4 in.)
foot: Diam. 13.3 cm (5 1/4 in.)
weight: 3261.6 g"
entity:artifact:2:205356,dimensions,"max.: H. 11.6 × Diam. 34.5 cm (4 9/16 × 13 9/16 in.)
base: Diam. 20.9 cm (8 1/4 in.)"
entity:artifact:2:205357,dimensions,"max.: H. 4.2 × Diam. 8.7 cm (1 5/8 × 3 7/16 in.)
mouth: Diam. 8.5 cm (3 3/8 in.)
foot: Diam. 3.2 cm (1 1/4 in.)"
entity:artifact:2:205358,dimensions,"max.: H. 4.2 × Diam. 8.8 cm (1 5/8 × 3 7/16 in.)
mouth: Diam. 8.5 cm (3 3/8 in.)
foot: Diam. 3 cm (1 3/16 in.)"
entity:artifact:2:205359,dimensions,"max.: H. 4.1 × Diam. 8.7 cm (1 5/8 × 3 7/16 in.)
mouth: Diam. 8.4 cm (3 5/16 in.)
foot: Diam. 3.1 cm (1 1/4 in.)"
entity:artifact:2:205360,dimensions,H. 4.3 x Diam. 8.4 cm (1 11/16 x 3 5/16 in.)
entity:artifact:2:205361,dimensions,"max.: H. 2 × Diam. 11.6 cm (13/16 × 4 9/16 in.)
foot: Diam. 4.7 cm (1 7/8 in.)"
entity:artifact:2:205362,dimensions,H. 14.5 x W. 17.8 x D. 5.8 cm (5 11/16 x 7 x 2 5/16 in.)
entity:artifact:2:205363,dimensions,2.8 x 5.1 x 2.7 cm (1 1/8 x 2 x 1 1/16 in.)
entity:artifact:2:205364,dimensions,H. 4.9 x W. 7.9 x D. 7 cm (1 15/16 x 3 1/8 x 2 3/4 in.)
entity:artifact:2:205365,dimensions,H. 4.4 x Diam. 14.8 cm (1 3/4 x 5 13/16 in.)
entity:artifact:2:205366,dimensions,"max.: H. 3.6 × W. 10.6 cm (1 7/16 × 4 3/16 in.)
bowl body: H. 3.1 × Diam. 8.8 cm (1 1/4 × 3 7/16 in.)"
entity:artifact:2:205367,dimensions,5.9 x 14.7 x 10.6 cm (2 5/16 x 5 13/16 x 4 3/16 in.)
entity:artifact:2:205368,dimensions,3.7 x 8.7 x 6.9 cm (1 7/16 x 3 7/16 x 2 11/16 in.)
entity:artifact:2:205369,dimensions,18.8 x 17 x 6.7 cm (7 3/8 x 6 11/16 x 2 5/8 in.)
entity:artifact:2:205370,dimensions,with cover: H. 13.4 × Diam. 10.1 × W. (across handles) 14 cm (5 1/4 × 4 × 5 1/2 in.)
entity:artifact:2:205371,dimensions,17.9 x 13.5 x 10.9 cm (7 1/16 x 5 5/16 x 4 5/16 in.)
entity:artifact:2:205372,dimensions,6.9 x 11.2 x 5.5 cm (2 11/16 x 4 7/16 x 2 3/16 in.)
entity:artifact:2:205373,dimensions,H. 17.8 × Diam. 18.4 cm (7 × 7 1/4 in.)
entity:artifact:2:205375,dimensions,H. 6.6 x Diam. 18.4 cm (2 5/8 x 7 1/4 in.)
entity:artifact:2:205376,dimensions,sight: 25 x 28.7 cm (9 13/16 x 11 5/16 in.)
entity:artifact:2:205378,dimensions,"max.: H. 10 × Diam. 23.5 cm (3 15/16 × 9 1/4 in.)
mouth: Diam. 23.3 cm (9 3/16 in.)"
entity:artifact:2:205379,dimensions,"overall, with lid on: max. H. 22 × W. 15.5 × D. 10.3 cm (8 11/16 × 6 1/8 × 4 1/16 in.)"
entity:artifact:2:205381,dimensions,Diam. 18.0 x Thickness (max.) 1.4 cm (7 1/16 x 9/16 in.)
entity:artifact:2:205382,dimensions,Diam. 18.0 x Thickness (max.) 1.6 cm (7 1/16 x 5/8 in.)
entity:artifact:2:205383,dimensions,H. 19.8 x W. 20.6 x D. 5.5 cm (7 13/16 x 8 1/8 x 2 3/16 in.)
entity:artifact:2:205384,dimensions,H. 20.6 x W. 18.4 cm (8 1/8 x 7 1/4 in.)
entity:artifact:2:205388,dimensions,H. 5.6 x Diam. 19.7 cm (2 3/16 x 7 3/4 in.)
entity:artifact:2:205389,dimensions,"H. 15.6 × Diam. 16.8 cm (6 1/8 × 6 5/8 in.)
Thickness 1.3 cm (1/2 in.)"
entity:artifact:2:205391,dimensions,16.6 cm (6 9/16 in.)
entity:artifact:2:205394,dimensions,"painting proper: 124.8 × 124.3 cm (49 1/8 × 48 15/16 in.)
with mounting: 221 × 130.2 cm (87 × 51 1/4 in.)"
entity:artifact:2:205395,dimensions,"max.: H. 4.4 × Diam. 18.1 cm (1 3/4 × 7 1/8 in.)
foot: Diam. 6.2 cm (2 7/16 in.)"
entity:artifact:2:205396,dimensions,with lid: H. 19.3 x W. 21.8 x D. 8.8 cm (7 5/8 x 8 9/16 x 3 7/16 in.)
entity:artifact:2:205400,dimensions,H. 4.76 x Diam. 11.75 cm (1 7/8 x 4 5/8 in.)
entity:artifact:2:205401,dimensions,H. 5.4 x Diam. 12.07 cm (2 1/8 x 4 3/4 in.)
entity:artifact:2:205402,dimensions,H. 4.8 × Diam. 12.4 cm (1 7/8 × 4 7/8 in.)
entity:artifact:2:205403,dimensions,H. 5.1 x Diam. 15.7 cm (2 x 6 3/16 in.)
entity:artifact:2:205404,dimensions,H. 5 x Diam. 16.1 cm (1 15/16 x 6 5/16 in.)
entity:artifact:2:205405,dimensions,H. 29.8 × W. 13 cm (11 3/4 × 5 1/8 in.)
entity:artifact:2:205407,dimensions,"H. 15.1 × Diam. 17 cm (5 15/16 × 6 11/16 in.)
Thickness 1.6 cm (5/8 in.)"
entity:artifact:2:205408,dimensions,H. 10.5 x W. 17.1 x D. 7 cm (4 1/8 x 6 3/4 x 2 3/4 in.)
entity:artifact:2:205410,dimensions,"max.: H. 9.5 × Diam. 20.7 cm (3 3/4 × 8 1/8 in.)
foot: Diam. 6.8 cm (2 11/16 in.)"
entity:artifact:2:205411,dimensions,"max.: H. 13 × Diam. 7.2 cm (5 1/8 × 2 13/16 in.)
mouth: Diam. 1.9 cm (3/4 in.)
base: Diam. 4.1 cm (1 5/8 in.)"
entity:artifact:2:205412,dimensions,H. 19.8 x W. 20.5 x D. 5.5 cm (7 13/16 x 8 1/16 x 2 3/16 in.)
entity:artifact:2:205413,dimensions,38.4 x 17.7 cm (15 1/8 x 6 15/16 in.)
entity:artifact:2:205414,dimensions,8.3 x 35.5 cm (3 1/4 x 14 in.)
entity:artifact:2:205415,dimensions,H. 33 x W. 13 cm (13 x 5 1/8 in.)
entity:artifact:2:205417,dimensions,H. 14.9 x W. 7.6 cm (5 7/8 x 3 in.)
entity:artifact:2:205418,dimensions,"overall, with lid on: H. 4.5 × Diam. 5.7 cm (1 3/4 × 2 1/4 in.)
vessel only, without lid: H. 2.7 × Diam. 5.7 cm (1 1/16 × 2 1/4 in.)
lid only: H. 2.4 × Diam. 2.5 cm (15/16 × 1 in.)"
entity:artifact:2:205419,dimensions,H. 6.4 × Diam. 13.3 cm (2 1/2 × 5 1/4 in.)
entity:artifact:2:205420,dimensions,H. 8.5 x Diam. 13.8 cm (3 3/8 x 5 7/16 in.)
entity:artifact:2:205421,dimensions,H. 7.3 x Diam. 18.42 cm (2 7/8 x 7 1/4 in.)
entity:artifact:2:205424,dimensions,H. 16.19 x W. 12.38 x D. 12.38 cm (6 3/8 x 4 7/8 x 4 7/8 in.)
entity:artifact:2:205431,dimensions,"overall, with lid: H. 16.5 x W. 18.5 x D. 10.7 cm (6 1/2 x 7 5/16 x 4 3/16 in.)"
entity:artifact:2:205435,dimensions,"overall, jade handle and brush: L. 31.5 × max. Diam. 3.5 cm (12 3/8 × 1 3/8 in.)
jade handle only: Diam. 1.5 × L. 23.3 cm (9/16 × 9 3/16 in.)"
entity:artifact:2:205441,dimensions,H. 6 x Diam. 18.3 cm (2 3/8 x 7 3/16 in.)
entity:artifact:2:205445,dimensions,"overall, with lid on: H. 7.3 × Diam. 11.6 cm (2 7/8 × 4 9/16 in.)
bowl only: H. 4.8 × Diam. 11.6 cm (1 7/8 × 4 9/16 in.)
lid only: H. 3.2 × Diam. 10.6 cm (1 1/4 × 4 3/16 in.)"
entity:artifact:2:205448,dimensions,H. 6.4 x Diam. 13 cm (2 1/2 x 5 1/8 in.)
entity:artifact:2:205450,dimensions,20.6 x 11.4 cm (8 1/8 x 4 1/2 in.)
entity:artifact:2:205457,dimensions,Diam. 11.6 cm (4 9/16 in.)
entity:artifact:2:205458,dimensions,H. 12.1 cm (4 3/4 in.)
entity:artifact:2:205459,dimensions,H. 4.5 x Diam. 21.5 cm (1 3/4 x 8 7/16 in.)
entity:artifact:2:205460,dimensions,"stand: H. 48.3 × W.  32.1 × D. 17.8 cm (19 × 12 5/8 × 7 in.)
disk: Diam. 23.2 cm (9 1/8 in.)"
entity:artifact:2:205465,dimensions,3.8 cm (1 1/2 in.)
entity:artifact:2:205467,dimensions,H. 23.2 × W. 15.3 × D. 10.8 cm (9 1/8 × 6 × 4 1/4 in.)
entity:artifact:2:205469,dimensions,H. 3.2 x Diam. 6.4 cm (1 1/4 x 2 1/2 in.)
entity:artifact:2:205472,dimensions,H. 8.2 x W. 9.5 x D. 1.1 cm (3 1/4 x 3 3/4 x 7/16 in.)
entity:artifact:2:205473,dimensions,H. 5.87 x Diam. 27.94 cm (2 5/16 x 11 in.)
entity:artifact:2:205474,dimensions,H. 3.81 x Diam. 19.37 cm (1 1/2 x 7 5/8 in.)
entity:artifact:2:205475,dimensions,"max.: H. 5.7 × Diam. 8.2 cm (2 1/4 × 3 1/4 in.)
cup mouth: Diam. 6.3 cm (2 1/2 in.)
disc foot: Diam. 4.5 cm (1 3/4 in.)"
entity:artifact:2:205476,dimensions,H. 13 × Diam. 5.1 cm (5 1/8 × 2 in.)
entity:artifact:2:205484,dimensions,Diam. 7 cm (2 3/4 in.)
entity:artifact:2:205485,dimensions,H. 21.6 cm (8 1/2 in.)
entity:artifact:2:205489,dimensions,H. 5.1 x W. 5.4 cm (2 x 2 1/8 in.)
entity:artifact:2:205496,dimensions,H. 11.1 x Diam. 14.9 cm (4 3/8 x 5 7/8 in.)
entity:artifact:2:205497,dimensions,W. 17.8 x D. 17.8 cm (7 x 7 in.)
entity:artifact:2:205498,dimensions,H. 6.3 x Diam. 9 cm (2 1/2 x 3 9/16 in.)
entity:artifact:2:205499,dimensions,Diam. 12.7 cm (5 in.)
entity:artifact:2:205500,dimensions,Diam. 15.2 cm (6 in.)
entity:artifact:2:205501,dimensions,H. 3.8 x Diam. 6.4 cm (1 1/2 x 2 1/2 in.)
entity:artifact:2:205502,dimensions,Diam. 14.6 cm (5 3/4 in.)
entity:artifact:2:205503,dimensions,H. 5.7 x W. 14.3 x D. 10.8 cm (2 1/4 x 5 5/8 x 4 1/4 in.)
entity:artifact:2:205504,dimensions,H. 20.3 cm (8 in.)
entity:artifact:2:205505,dimensions,Diam. 19.7 cm (7 3/4 in.)
entity:artifact:2:205507,dimensions,H. 4.1 x Diam. 12.4 cm (1 5/8 x 4 7/8 in.)
entity:artifact:2:205508,dimensions,H. 2.4 x Diam. 13.5 cm (15/16 x 5 5/16 in.)
entity:artifact:2:205513,dimensions,Diam. 12.1 cm (4 3/4 in.)
entity:artifact:2:205515,dimensions,H. 3.8 x Diam. 6.4 cm (1 1/2 x 2 1/2 in.)
entity:artifact:2:205516,dimensions,H. 13.3 cm (5 1/4 in.)
entity:artifact:2:205517,dimensions,H. 4.8 x Diam. 21.3 cm (1 7/8 x 8 3/8 in.)
entity:artifact:2:205520,dimensions,0.9 x 6.6 cm (3/8 x 2 5/8 in.)
entity:artifact:2:205522,dimensions,H. 2.8 x W. 3.5 cm (1 1/8 x 1 3/8 in.)
entity:artifact:2:205523,dimensions,"max.: H. 2.4 × Diam. 11.6 cm (15/16 × 4 9/16 in.)
foot: Diam. 4.2 cm (1 5/8 in.)"
entity:artifact:2:205524,dimensions,H. 7 x W. 15 x D. 13.5 cm (2 3/4 x 5 7/8 x 5 5/16 in.)
entity:artifact:2:205525,dimensions,H. 6.5 x W. 11 x D. 9.5 cm (2 9/16 x 4 5/16 x 3 3/4 in.)
entity:artifact:2:205526,dimensions,8.4 x 15.6 cm (3 5/16 x 6 1/8 in.)
entity:artifact:2:205527,dimensions,7.5 x 13.6 cm (2 15/16 x 5 3/8 in.)
entity:artifact:2:205528,dimensions,H. 5 × Diam. 15.2 cm (1 15/16 × 6 in.)
entity:artifact:2:205529,dimensions,stand only: H. 14 × W. 21.5 × D. 13.6 cm (5 1/2 × 8 7/16 × 5 3/8 in.)
entity:artifact:2:205531,dimensions,"H. 21.3 x W. 4.3 x Thickness 0.8 cm (8 3/8 x 1 11/16 x 5/16 in.)
Weight 158 g"
entity:artifact:2:205532,dimensions,9.1 x 19.4 cm (3 9/16 x 7 5/8 in.)
entity:artifact:2:205533,dimensions,H. 5.7 x Diam. 18.4 cm (2 1/4 x 7 1/4 in.)
entity:artifact:2:205534,dimensions,6 x 17 cm (2 3/8 x 6 11/16 in.)
entity:artifact:2:205535,dimensions,sight: 25 x 28.7 cm (9 13/16 x 11 5/16 in.)
entity:artifact:2:205536,dimensions,sight: 25 x 28.7 cm (9 13/16 x 11 5/16 in.)
entity:artifact:2:205537,dimensions,21.4 x 8.9 x 4.6 cm (8 7/16 x 3 1/2 x 1 13/16 in.)
entity:artifact:2:205538,dimensions,H. 22.3 × W. 15.1 × D. 12 cm (8 3/4 × 5 15/16 × 4 3/4 in.)
entity:artifact:2:205539,dimensions,H. 4.8 x Diam. 18.5 cm (1 7/8 x 7 5/16 in.)
entity:artifact:2:205540,dimensions,H. 6.9 x Diam. 30 cm (2 11/16 x 11 13/16 in.)
entity:artifact:2:205541,dimensions,20.9 x 17.5 cm (8 1/4 x 6 7/8 in.)
entity:artifact:2:205544,dimensions,"H. 20.4 x W. 5.3 x Thickness 0.9 cm (8 1/16 x 2 1/16 x 3/8 in.)
Weight 184 g"
entity:artifact:2:205545,dimensions,"37 x 7 x 0.5 cm (14 9/16 x 2 3/4 x 3/16 in.)
unspecified: 255 g"
entity:artifact:2:205546,dimensions,"43.8 x 6.8 x 0.9 cm (17 1/4 x 2 11/16 x 3/8 in.)
unspecified: 562 g"
entity:artifact:2:205547,dimensions,H. 4.1 × Diam. 10.9 cm (1 5/8 × 4 5/16 in.)
entity:artifact:2:205548,dimensions,41.91 x 6.03 cm (16 1/2 x 2 3/8 in.)
entity:artifact:2:205549,dimensions,24.13 x 4.45 cm (9 1/2 x 1 3/4 in.)
entity:artifact:2:205550,dimensions,41.59 x 5.72 cm (16 3/8 x 2 1/4 in.)
entity:artifact:2:205552,dimensions,H. 2.2 x Diam. 3.2 cm (7/8 x 1 1/4 in.)
entity:artifact:2:205560,dimensions,"Diam. 10.5 × Thickness 0.5 cm (4 1/8 × 3/16 in.)
Diameter of hole 4 cm (1 9/16 in.)"
entity:artifact:2:205564,dimensions,4.8 × 3.1 × 0.6 cm (1 7/8 × 1 1/4 × 1/4 in.)
entity:artifact:2:205572,dimensions,H. 2 x Diam. 3.5 cm (13/16 x 1 3/8 in.)
entity:artifact:2:205573,dimensions,Diam. 41.59 cm (16 3/8 in.)
entity:artifact:2:205574,dimensions,27.15 x 6.35 cm (10 11/16 x 2 1/2 in.)
entity:artifact:2:205575,dimensions,21.27 x 7.3 cm (8 3/8 x 2 7/8 in.)
entity:artifact:2:205576,dimensions,33.66 x 3.49 cm (13 1/4 x 1 3/8 in.)
entity:artifact:2:205577,dimensions,H. 5.7 x Diam. 12 cm (2 1/4 x 4 3/4 in.)
entity:artifact:2:205590,dimensions,9.21 x 14.92 x 14.92 cm (3 5/8 x 5 7/8 x 5 7/8 in.)
entity:artifact:2:205591,dimensions,Diam. 14.61 cm (5 3/4 in.)
entity:artifact:2:205592,dimensions,Length 12.38 cm (4 7/8 in.)
entity:artifact:2:205594,dimensions,Length 10.8 cm (4 1/4 in.)
entity:artifact:2:205596,dimensions,H. 12.5 x W. 17.5 x D. 7 cm (4 15/16 x 6 7/8 x 2 3/4 in.)
entity:artifact:2:205597,dimensions,L. 15.9 x Diam. 1.3 cm (6 1/4 x 1/2 in.)
entity:artifact:2:205598,dimensions,H. 5 x L. 31.7 x D. 11.7 cm (1 15/16 x 12 1/2 x 4 5/8 in.)
entity:artifact:2:205599,dimensions,H. 14.7 x Diam. 12.4 cm (5 13/16 x 4 7/8 in.)
entity:artifact:2:205612,dimensions,sight: H. 25 x W. 28.7 cm (9 13/16 x 11 5/16 in.)
entity:artifact:2:205613,dimensions,sight: H. 25 x W. 28.7 cm (9 13/16 x 11 5/16 in.)
entity:artifact:2:205614,dimensions,sight: 25 x 28.7 cm (9 13/16 x 11 5/16 in.)
entity:artifact:2:205615,dimensions,sight: 25 x 28.7 cm (9 13/16 x 11 5/16 in.)
entity:artifact:2:205616,dimensions,sight: 25 x 28.7 cm (9 13/16 x 11 5/16 in.)
entity:artifact:2:205617,dimensions,sight: 25 x 28.7 cm (9 13/16 x 11 5/16 in.)
entity:artifact:2:205618,dimensions,sight: 25 x 28.7 cm (9 13/16 x 11 5/16 in.)
entity:artifact:2:205619,dimensions,sight: 25 x 28.7 cm (9 13/16 x 11 5/16 in.)
entity:artifact:2:205620,dimensions,sight: 25 x 28.7 cm (9 13/16 x 11 5/16 in.)
entity:artifact:2:205621,dimensions,sight: 25 x 28.7 cm (9 13/16 x 11 5/16 in.)
entity:artifact:2:205622,dimensions,"max.: H. 19.4 × W. 27.3 × D. 27 cm (7 5/8 × 10 3/4 × 10 5/8 in.)
base: W. 13.9 × D. 13.5 cm (5 1/2 × 5 5/16 in.)
weight: 2474.9 g"
entity:artifact:2:205625,dimensions,including cover: H. 6.6 x Diam. 8 cm (2 5/8 x 3 1/8 in.)
entity:artifact:2:205626,dimensions,Length 59.06 cm (23 1/4 in.)
entity:artifact:2:205627,dimensions,44.61 x 9.05 cm (17 9/16 x 3 9/16 in.)
entity:artifact:2:205628,dimensions,Diam. 4.6 cm (1 13/16 in.)
entity:artifact:2:205629,dimensions,27.94 x 9.53 cm (11 x 3 3/4 in.)
entity:artifact:2:205630,dimensions,13.02 x 4.13 x 4.13 cm (5 1/8 x 1 5/8 x 1 5/8 in.)
entity:artifact:2:205631,dimensions,L. 3.81 cm (1 1/2 in.)
entity:artifact:2:205635,dimensions,H. 2.2 x Diam. 3.2 cm (7/8 x 1 1/4 in.)
entity:artifact:2:205641,dimensions,sight: H. 25 x W. 28.7 cm (9 13/16 x 11 5/16 in.)
entity:artifact:2:205642,dimensions,sight: H. 25 x W. 28.7 cm (9 13/16 x 11 5/16 in.)
entity:artifact:2:205643,dimensions,sight: 25 x 28.7 cm (9 13/16 x 11 5/16 in.)
entity:artifact:2:205644,dimensions,sight: 25 x 28.7 cm (9 13/16 x 11 5/16 in.)
entity:artifact:2:205645,dimensions,sight: 25 x 28.7 cm (9 13/16 x 11 5/16 in.)
entity:artifact:2:205646,dimensions,sight: 25 x 28.7 cm (9 13/16 x 11 5/16 in.)
entity:artifact:2:205647,dimensions,sight: 25 x 28.7 cm (9 13/16 x 11 5/16 in.)
entity:artifact:2:205648,dimensions,H. 11.8 x Diam. 26.6 cm (4 5/8 x 10 1/2 in.)
entity:artifact:2:205649,dimensions,"max.: H. 19 × W. 28.5 × D. 28.4 cm (7 1/2 × 11 1/4 × 11 3/16 in.)
base: W. 14.3 × D. 14.3 cm (5 5/8 × 5 5/8 in.)
weight: 2873.2 g"
entity:artifact:2:205650,dimensions,"max.: H. 14.8 × W. 21.5 × D. 22.1 cm (5 13/16 × 8 7/16 × 8 11/16 in.)
base: W. 11.4 × D. 11.4 cm (4 1/2 × 4 1/2 in.)
weight: 1657.1 g"
entity:artifact:2:205651,dimensions,"max.: H. 20.5 × W. 29.4 × D. 28 cm (8 1/16 × 11 9/16 × 11 in.)
base: W. 14.8 × D. 14.8 cm (5 13/16 × 5 13/16 in.)
weight: 3819.8 g"
entity:artifact:2:205652,dimensions,sight: 25 x 28.7 cm (9 13/16 x 11 5/16 in.)
entity:artifact:2:205653,dimensions,sight: 25 x 28.7 cm (9 13/16 x 11 5/16 in.)
entity:artifact:2:205654,dimensions,sight: 25 x 28.7 cm (9 13/16 x 11 5/16 in.)
entity:artifact:2:205655,dimensions,sight: 25 x 28.7 cm (9 13/16 x 11 5/16 in.)
entity:artifact:2:205656,dimensions,sight: 25 x 28.7 cm (9 13/16 x 11 5/16 in.)
entity:artifact:2:205657,dimensions,3.6 x 20.5 x 20.6 cm (1 7/16 x 8 1/16 x 8 1/8 in.)
entity:artifact:2:205658,dimensions,"max.: H. 17.9 × W. 26.2 × D. 26 cm (7 1/16 × 10 5/16 × 10 1/4 in.)
base: W. 12.7 × D. 12.7 cm (5 × 5 in.)
weight: 2001.7 g"
entity:artifact:2:205659,dimensions,"max.: H. 14.2 × W. 21.6 × D. 21.3 cm (5 9/16 × 8 1/2 × 8 3/8 in.)
base: W. 10.7 × D. 10.5 cm (4 3/16 × 4 1/8 in.)
weight: 1307.7 g"
entity:artifact:2:205660,dimensions,"max.: H. 16.5 × W. 23.6 × D. 22.9 cm (6 1/2 × 9 5/16 × 9 in.)
base: W. 12.1 × D. 11.7 cm (4 3/4 × 4 5/8 in.)
weight: 1884.2 g"
entity:artifact:2:205661,dimensions,"max.: H. 20.8 × W. 29.2 × D. 27.7 cm (8 3/16 × 11 1/2 × 10 7/8 in.)
base: W. 15 × D. 14.2 cm (5 7/8 × 5 9/16 in.)
weight: 3266.5 g"
entity:artifact:2:205662,dimensions,"max.: H. 15.9 × W. 24 × D. 23 cm (6 1/4 × 9 7/16 × 9 1/16 in.)
base: W. 12 × D. 11.8 cm (4 3/4 × 4 5/8 in.)
weight: 1954 g"
entity:artifact:2:205663,dimensions,sight: 25 x 28.7 cm (9 13/16 x 11 5/16 in.)
entity:artifact:2:205664,dimensions,sight: 25 x 28.7 cm (9 13/16 x 11 5/16 in.)
entity:artifact:2:205665,dimensions,sight: 25 x 28.7 cm (9 13/16 x 11 5/16 in.)
entity:artifact:2:205666,dimensions,sight: 25 x 28.7 cm (9 13/16 x 11 5/16 in.)
entity:artifact:2:205667,dimensions,3.7 x 6.6 x 5.7 cm (1 7/16 x 2 5/8 x 2 1/4 in.)
entity:artifact:2:205668,dimensions,"max.: H. 20.2 × W. 28.5 × D. 28.4 cm (7 15/16 × 11 1/4 × 11 3/16 in.)
base: W. 14.2 × D. 14.2 cm (5 9/16 × 5 9/16 in.)
weight: 2762.9 g"
entity:artifact:2:205669,dimensions,"max.: H. 18 × W. 26.2 × D. 26.1 cm (7 1/16 × 10 5/16 × 10 1/4 in.)
base: W. 12.7 × D. 12.7 cm (5 × 5 in.)
weight: 2403.4 g"
entity:artifact:2:205670,dimensions,"max.: H. 18.9 × W. 26.8 × D. 26 cm (7 7/16 × 10 9/16 × 10 1/4 in.)
base: W. 13.5 × D. 13 cm (5 5/16 × 5 1/8 in.)
weight: 2897.4 g"
entity:artifact:2:205671,dimensions,"max.: H. 18.2 × W. 27.1 × D. 26 cm (7 3/16 × 10 11/16 × 10 1/4 in.)
base: W. 13.7 × D. 13.2 cm (5 3/8 × 5 3/16 in.)
weight: 2943.5 g"
entity:artifact:2:205672,dimensions,"max.: H. 20.3 × W. 29 × D. 27.5 cm (8 × 11 7/16 × 10 13/16 in.)
base: W. 14.6 × D. 14 cm (5 3/4 × 5 1/2 in.)
weight: 3096 g"
entity:artifact:2:205673,dimensions,"max.: H. 14.8 × W. 20.8 × D. 16.3 cm (5 13/16 × 8 3/16 × 6 7/16 in.)
base: W. 12.5 × D. 10 cm (4 15/16 × 3 15/16 in.)
weight: 1804.2 g"
entity:artifact:2:205686,dimensions,"max.: H. 16.3 × W. 24.8 × D. 23.4 cm (6 7/16 × 9 3/4 × 9 3/16 in.)
base: W. 12.4 × D. 12.2 cm (4 7/8 × 4 13/16 in.)
weight: 2114.8 g"
entity:artifact:2:205687,dimensions,"max.: H. 14.3 × W. 22 × D. 21 cm (5 5/8 × 8 11/16 × 8 1/4 in.)
base: W. 11.2 × D. 10.8 cm (4 7/16 × 4 1/4 in.)
weight: 1697.2 g"
entity:artifact:2:205688,dimensions,"max.: H. 15.1 × W. 22.3 × D. 21.6 cm (5 15/16 × 8 3/4 × 8 1/2 in.)
base: W. 11.3 × D. 11 cm (4 7/16 × 4 5/16 in.)
weight: 1741.9 g"
entity:artifact:2:205689,dimensions,"max.: H. 15.9 × W. 23.2 × D. 22.4 cm (6 1/4 × 9 1/8 × 8 13/16 in.)
base: W. 11.7 × D. 11.4 cm (4 5/8 × 4 1/2 in.)
weight: 1829.7 g"
entity:artifact:2:205690,dimensions,"max.: H. 14.8 × W. 20.5 × D. 16 cm (5 13/16 × 8 1/16 × 6 5/16 in.)
base: W. 12.8 × D. 10 cm (5 1/16 × 3 15/16 in.)
weight: 1795.9 g"
entity:artifact:2:205691,dimensions,"max.: H. 14.8 × W. 20.4 × D. 16.1 cm (5 13/16 × 8 1/16 × 6 5/16 in.)
base: W. 12.7 × D. 10 cm (5 × 3 15/16 in.)
weight: 1908.4 g"
entity:artifact:2:205692,dimensions,"max.: H. 15 × W. 20.5 × D. 16.4 cm (5 7/8 × 8 1/16 × 6 7/16 in.)
base: W. 12.9 × D. 10 cm (5 1/16 × 3 15/16 in.)
weight: 1722.3 g"
entity:artifact:2:205693,dimensions,"max.: H. 15 × W. 20.5 × D. 16 cm (5 7/8 × 8 1/16 × 6 5/16 in.)
base: W. 12.7 × D. 9.8 cm (5 × 3 7/8 in.)
weight: 1847.8 g"
entity:artifact:2:205694,dimensions,"max.: H. 12.5 × W. 21.4 × D. 13.8 cm (4 15/16 × 8 7/16 × 5 7/16 in.)
base: W. 13.2 × D. 8.6 cm (5 3/16 × 3 3/8 in.)
weight: 1150.9 g"
entity:artifact:2:205695,dimensions,"max.: H. 25.8 × body Diam. 26.8 cm (10 3/16 × 10 9/16 in.)
mouth: Diam. 26.5 cm (10 7/16 in.)
base: Diam. 16.2 cm (6 3/8 in.)
weight: > 4000 g"
entity:artifact:2:205696,dimensions,"max.: H. 22.8 × mouth Diam. 23.7 cm (9 × 9 5/16 in.)
body: Diam. 23.7 cm (9 5/16 in.)
base: Diam. 13.7 cm (5 3/8 in.)
weight: 3218.1 g"
entity:artifact:2:205710,dimensions,"max.: H. 15 × W. 20.4 × D. 16.2 cm (5 7/8 × 8 1/16 × 6 3/8 in.)
base: W. 12.8 × D. 9.7 cm (5 1/16 × 3 13/16 in.)
weight: 1810.7 g"
entity:artifact:2:205711,dimensions,"max.: H. 15.1 × W. 20.4 × D. 16.3 cm (5 15/16 × 8 1/16 × 6 7/16 in.)
base: W. 12.6 × D. 9.7 cm (4 15/16 × 3 13/16 in.)
weight: 2016.4 g"
entity:artifact:2:205712,dimensions,"max.: H. 4.3 × W. 18.4 × D. 14.6 cm (1 11/16 × 7 1/4 × 5 3/4 in.)
base max.: W. 15.5 × D. 14.5 cm (6 1/8 × 5 11/16 in.)
weight: 672.7 g"
entity:artifact:2:205713,dimensions,"max.: H. 12 × W. 21 × D. 16.1 cm (4 3/4 × 8 1/4 × 6 5/16 in.)
base: W. 12.4 × D. 9.2 cm (4 7/8 × 3 5/8 in.)
weight: 926.2 g"
entity:artifact:2:205714,dimensions,"max.: H. 6.5 × W. 19.7 × D. 16.5 cm (2 9/16 × 7 3/4 × 6 1/2 in.)
base: W. 15.3 × D. 12 cm (6 × 4 3/4 in.)
weight: 673.8 g"
entity:artifact:2:205715,dimensions,"max.: H. 6.5 × W. 20.5 × D. 14 cm (2 9/16 × 8 1/16 × 5 1/2 in.)
base: W. 15.3 × D. 10.5 cm (6 × 4 1/8 in.)
weight: 706.8 g"
entity:artifact:2:205716,dimensions,"max.: H. 9.2 × Diam. 24.1 cm (3 5/8 × 9 1/2 in.)
base: Diam. 17.5 cm (6 7/8 in.)
weight: 1653.2 g"
entity:artifact:2:205717,dimensions,"max.: H. 9.2 × Diam. 24.4 cm (3 5/8 × 9 5/8 in.)
base: Diam. 17.6 cm (6 15/16 in.)
weight: 1670.8 g"
entity:artifact:2:205718,dimensions,"max.: H. 8.8 × Diam. 24.4 cm (3 7/16 × 9 5/8 in.)
base: Diam. 18 cm (7 1/16 in.)
weight: 1730.6 g"
entity:artifact:2:205719,dimensions,"max.: H. 7 × Diam. 18.9 cm (2 3/4 × 7 7/16 in.)
base: Diam. 13.5 cm (5 5/16 in.)
weight: 926.6 g"
entity:artifact:2:205720,dimensions,"max.: H. 6.7 × Diam. 17.6 cm (2 5/8 × 6 15/16 in.)
base: Diam. 13 cm (5 1/8 in.)
weight: 754.4 g"
entity:artifact:2:205734,dimensions,H. 3.49 x L. 8.57 cm (1 3/8 x 3 3/8 in.)
entity:artifact:2:205735,dimensions,22.54 x 2.06 cm (8 7/8 x 13/16 in.)
entity:artifact:2:205741,dimensions,W. 4.45 x D. 4.45 cm (1 3/4 x 1 3/4 in.)
entity:artifact:2:205752,dimensions,H. 4.76 x W. 6.03 cm (1 7/8 x 2 3/8 in.)
entity:artifact:2:205753,dimensions,H. 7.3 cm (2 7/8 in.)
entity:artifact:2:205767,dimensions,"max.: H. 7.8 × Diam. 18.2 cm (3 1/16 × 7 3/16 in.)
foot: Diam. 6 cm (2 3/8 in.)"
entity:artifact:2:205768,dimensions,"max.: H. 15 × W. 20.5 × D. 16 cm (5 7/8 × 8 1/16 × 6 5/16 in.)
base: W. 12.7 × D. 9.8 cm (5 × 3 7/8 in.)
weight: 1736.9 g"
entity:artifact:2:205769,dimensions,"max.: H. 5.4 × W. 18.2 × D. 14.4 cm (2 1/8 × 7 3/16 × 5 11/16 in.)
base: W. 15.2 × D. 11.3 cm (6 × 4 7/16 in.)
weight: 769.6 g"
entity:artifact:2:205770,dimensions,"max.: H. 24.7 × mouth Diam. 26.6 cm (9 3/4 × 10 1/2 in.)
body: Diam. 26.3 cm (10 3/8 in.)
base: Diam. 16.2 cm (6 3/8 in.)
weight: > 4000 g"
entity:artifact:2:205771,dimensions,"max.: H. 22.3 × mouth Diam. 23.8 cm (8 3/4 × 9 3/8 in.)
body: Diam. 23.3 cm (9 3/16 in.)
base: Diam. 13.5 cm (5 5/16 in.)
weight: 3388.2 g"
entity:artifact:2:205772,dimensions,"max.: H. 16.5 × W. 26.5 × D. 21.5 cm (6 1/2 × 10 7/16 × 8 7/16 in.)
base: W. 17 × D. 12.3 cm (6 11/16 × 4 13/16 in.)
with basin: H. 20 cm (7 7/8 in.)
weight: 1729 g"
entity:artifact:2:205773,dimensions,"max.: H. 10.6 × Diam. 15.2 cm (4 3/16 × 6 in.)
base: Diam. 10.1 cm (4 in.)
weight: 1605.2 g"
entity:artifact:2:205774,dimensions,"max.: H. 4.3 × Diam. 8.8 cm (1 11/16 × 3 7/16 in.)
mouth: Diam. 8.5 cm (3 3/8 in.)
foot: Diam. 3.1 cm (1 1/4 in.)"
entity:artifact:2:205775,dimensions,"max.: H. 4.3 × Diam. 8.8 cm (1 11/16 × 3 7/16 in.)
mouth: Diam. 8.5 cm (3 3/8 in.)
foot: Diam. 3.2 cm (1 1/4 in.)"
entity:artifact:2:205776,dimensions,H. 2.9 x Diam. 15.6 cm (1 1/8 x 6 1/8 in.)
entity:artifact:2:205777,dimensions,H. 28.6 x W. 14.1 x D. 5.8 cm (11 1/4 x 5 9/16 x 2 5/16 in.)
entity:artifact:2:205778,dimensions,with cover: H. 15.6 x Diam. 14.3 x W. (across handles) 15.9 cm (6 1/8 x 5 5/8 x 6 1/4 in.)
entity:artifact:2:205779,dimensions,H. 6.3 x W. 12.8 x D. 12 cm (2 1/2 x 5 1/16 x 4 3/4 in.)
entity:artifact:2:205780,dimensions,44.13 x 11.75 cm (17 3/8 x 4 5/8 in.)
entity:artifact:2:205781,dimensions,45.09 x 12.22 cm (17 3/4 x 4 13/16 in.)
entity:artifact:2:205782,dimensions,19.84 x 6.99 cm (7 13/16 x 2 3/4 in.)
entity:artifact:2:205783,dimensions,33.34 x 6.35 cm (13 1/8 x 2 1/2 in.)
entity:artifact:2:205784,dimensions,Diam. 4.13 cm (1 5/8 in.)
entity:artifact:2:205786,dimensions,sight: 25 x 28.7 cm (9 13/16 x 11 5/16 in.)
entity:artifact:2:205787,dimensions,sight: 25 x 28.7 cm (9 13/16 x 11 5/16 in.)
entity:artifact:2:205788,dimensions,sight: 25 x 28.7 cm (9 13/16 x 11 5/16 in.)
entity:artifact:2:205789,dimensions,sight: 25 x 28.7 cm (9 13/16 x 11 5/16 in.)
entity:artifact:2:205792,dimensions,H. 6.0 x Diam. 8.5 cm (2 3/8 x 3 3/8 in.)
entity:artifact:2:205793,dimensions,H. 12.7 x Diam. 19.3 cm (5 x 7 5/8 in.)
entity:artifact:2:205794,dimensions,H. 12.5 x Diam. 17 cm (4 15/16 x 6 11/16 in.)
entity:artifact:2:205796,dimensions,36.4 x 38.7 cm (14 5/16 x 15 1/4 in.)
entity:artifact:2:205797,dimensions,36.3 x 38.7 cm (14 5/16 x 15 1/4 in.)
entity:artifact:2:205798,dimensions,36.6 x 38.8 cm (14 7/16 x 15 1/4 in.)
entity:artifact:2:205799,dimensions,36.6 x 38.7 cm (14 7/16 x 15 1/4 in.)
entity:artifact:2:205800,dimensions,36.3 x 38.8 cm (14 5/16 x 15 1/4 in.)
entity:artifact:2:205801,dimensions,35.5 x 40.4 cm (14 x 15 7/8 in.)
entity:artifact:2:205802,dimensions,36.1 x 38.5 cm (14 3/16 x 15 3/16 in.)
entity:artifact:2:205803,dimensions,36.5 x 38.7 cm (14 3/8 x 15 1/4 in.)
entity:artifact:2:205804,dimensions,sight: 25 x 28.7 cm (9 13/16 x 11 5/16 in.)
entity:artifact:2:205805,dimensions,sight: 25 x 28.7 cm (9 13/16 x 11 5/16 in.)
entity:artifact:2:205806,dimensions,sight: 25 x 28.7 cm (9 13/16 x 11 5/16 in.)
entity:artifact:2:205807,dimensions,H. 6.5 x W. 7.5 x Diam. 12.4 cm (2 9/16 x 2 15/16 x 4 7/8 in.)
entity:artifact:2:205808,dimensions,sight: 25 x 28.7 cm (9 13/16 x 11 5/16 in.)
entity:artifact:2:205809,dimensions,sight: 25 x 28.7 cm (9 13/16 x 11 5/16 in.)
entity:artifact:2:205810,dimensions,sight: 25 x 28.7 cm (9 13/16 x 11 5/16 in.)
entity:artifact:2:205811,dimensions,sight: 25 x 28.7 cm (9 13/16 x 11 5/16 in.)
entity:artifact:2:205812,dimensions,sight: 25 x 28.7 cm (9 13/16 x 11 5/16 in.)
entity:artifact:2:205813,dimensions,sight: 25 x 28.7 cm (9 13/16 x 11 5/16 in.)
entity:artifact:2:205814,dimensions,sight: 25 x 28.7 cm (9 13/16 x 11 5/16 in.)
entity:artifact:2:205815,dimensions,sight: 25 x 28.7 cm (9 13/16 x 11 5/16 in.)
entity:artifact:2:205816,dimensions,sight: 25 x 28.7 cm (9 13/16 x 11 5/16 in.)
entity:artifact:2:205817,dimensions,sight: 25 x 28.7 cm (9 13/16 x 11 5/16 in.)
entity:artifact:2:205818,dimensions,sight: 25 x 28.7 cm (9 13/16 x 11 5/16 in.)
entity:artifact:2:205819,dimensions,sight: 25 x 28.7 cm (9 13/16 x 11 5/16 in.)
entity:artifact:2:205820,dimensions,sight: 25 x 28.7 cm (9 13/16 x 11 5/16 in.)
entity:artifact:2:205821,dimensions,sight: 25 x 28.7 cm (9 13/16 x 11 5/16 in.)
entity:artifact:2:205822,dimensions,sight: 25 x 28.7 cm (9 13/16 x 11 5/16 in.)
entity:artifact:2:205823,dimensions,sight: 25 x 28.7 cm (9 13/16 x 11 5/16 in.)
entity:artifact:2:205824,dimensions,sight: 25 x 28.7 cm (9 13/16 x 11 5/16 in.)
entity:artifact:2:205825,dimensions,sight: 25 x 28.7 cm (9 13/16 x 11 5/16 in.)
entity:artifact:2:205826,dimensions,H. 27.3 x Diam. 20 cm (10 3/4 x 7 7/8 in.)
entity:artifact:2:205830,dimensions,36.4 x 38.7 cm (14 5/16 x 15 1/4 in.)
entity:artifact:2:205831,dimensions,36.4 x 38.6 cm (14 5/16 x 15 3/16 in.)
entity:artifact:2:205832,dimensions,36.5 x 38.7 cm (14 3/8 x 15 1/4 in.)
entity:artifact:2:205833,dimensions,36.4 x 38.7 cm (14 5/16 x 15 1/4 in.)
entity:artifact:2:205835,dimensions,H. 3.4 x Diam. 13.9 cm (1 5/16 x 5 1/2 in.)
entity:artifact:2:205836,dimensions,H. 24.1 x L. 31.4 cm (9 1/2 x 12 3/8 in.)
entity:artifact:2:205842,dimensions,sight: 25 x 28.7 cm (9 13/16 x 11 5/16 in.)
entity:artifact:2:205843,dimensions,sight: 25 x 28.7 cm (9 13/16 x 11 5/16 in.)
entity:artifact:2:205844,dimensions,sight: 25 x 28.7 cm (9 13/16 x 11 5/16 in.)
entity:artifact:2:205845,dimensions,sight: 25 x 28.7 cm (9 13/16 x 11 5/16 in.)
entity:artifact:2:205846,dimensions,sight: 25 x 28.7 cm (9 13/16 x 11 5/16 in.)
entity:artifact:2:205847,dimensions,sight: 25 x 28.7 cm (9 13/16 x 11 5/16 in.)
entity:artifact:2:205848,dimensions,sight: 25 x 28.7 cm (9 13/16 x 11 5/16 in.)
entity:artifact:2:205849,dimensions,sight: 25 x 28.7 cm (9 13/16 x 11 5/16 in.)
entity:artifact:2:205850,dimensions,sight: 25 x 28.7 cm (9 13/16 x 11 5/16 in.)
entity:artifact:2:205851,dimensions,including cover: H. 10.9 x Diam. 13.2 cm (4 5/16 x 5 3/16 in.)
entity:artifact:2:205852,dimensions,H. 11.7 x Diam. 13 cm (4 5/8 x 5 1/8 in.)
entity:artifact:2:205860,dimensions,H. 19.1 x Diam. 17.5 cm (7 1/2 x 6 7/8 in.)
entity:artifact:2:205861,dimensions,H. 19.1 x W. 10.2 x D. 7 cm (7 1/2 x 4 x 2 3/4 in.)
entity:artifact:2:205863,dimensions,H. 8.1 x Diam. 18.4 cm (3 3/16 x 7 1/4 in.)
entity:artifact:2:205866,dimensions,35.6 x 40.4 cm (14 x 15 7/8 in.)
entity:artifact:2:205867,dimensions,36.4 x 38.7 cm (14 5/16 x 15 1/4 in.)
entity:artifact:2:205868,dimensions,35.4 x 40.4 cm (13 15/16 x 15 7/8 in.)
entity:artifact:2:205871,dimensions,H. 25.4 x L. 31.4 cm (10 x 12 3/8 in.)
entity:artifact:2:205876,dimensions,H. 9.9 x Diam. 17.9 cm (3 7/8 x 7 1/16 in.)
entity:artifact:2:205878,dimensions,35.5 x 40.2 cm (14 x 15 13/16 in.)
entity:artifact:2:205879,dimensions,36.5 x 38.9 cm (14 3/8 x 15 5/16 in.)
entity:artifact:2:205880,dimensions,36.5 x 38.7 cm (14 3/8 x 15 1/4 in.)
entity:artifact:2:205881,dimensions,H. 19 x W. 10.7 x D. 10.7 cm (7 1/2 x 4 3/16 x 4 3/16 in.)
entity:artifact:2:205882,dimensions,H. 11.5 x Diam. 15 cm (4 1/2 x 5 7/8 in.)
entity:artifact:2:205883,dimensions,H. 5.3 x Diam. 9.2 cm (2 1/16 x 3 5/8 in.)
entity:artifact:2:205884,dimensions,H. 3.8 x Diam. 16.5 cm (1 1/2 x 6 1/2 in.)
entity:artifact:2:205885,dimensions,H. 5 x W. 11.7 x D. 11.7 cm (1 15/16 x 4 5/8 x 4 5/8 in.)
entity:artifact:2:205886,dimensions,H. 22.2 x Diam. 10.5 cm (8 3/4 x 4 1/8 in.)
entity:artifact:2:205887,dimensions,H. 3.1 x Diam. 8.9 cm (1 1/4 x 3 1/2 in.)
entity:artifact:2:205888,dimensions,H. 9.5 x Diam. 5.3 cm (3 3/4 x 2 1/16 in.)
entity:artifact:2:205889,dimensions,H. 2.3 x Diam. 7.9 cm (7/8 x 3 1/8 in.)
entity:artifact:2:205890,dimensions,H. 4.5 x Diam. 18.4 cm (1 3/4 x 7 1/4 in.)
entity:artifact:2:205891,dimensions,H. 4.8 x Diam. 8.9 cm (1 7/8 x 3 1/2 in.)
entity:artifact:2:205896,dimensions,H. 3.8 x Diam. 9.9 cm (1 1/2 x 3 7/8 in.)
entity:artifact:2:205897,dimensions,4.8 x 12 x 5 cm (1 7/8 x 4 3/4 x 1 15/16 in.)
entity:artifact:2:205898,dimensions,H. 26.6 x Diam. 21.5 cm (10 1/2 x 8 7/16 in.)
entity:artifact:2:205906,dimensions,H. 5.7 x Diam. 12.4 cm (2 1/4 x 4 7/8 in.)
entity:artifact:2:205907,dimensions,36.4 x 38.7 cm (14 5/16 x 15 1/4 in.)
entity:artifact:2:205908,dimensions,35.4 x 40.4 cm (13 15/16 x 15 7/8 in.)
entity:artifact:2:205909,dimensions,36.4 x 38.8 cm (14 5/16 x 15 1/4 in.)
entity:artifact:2:205910,dimensions,36.4 x 38.8 cm (14 5/16 x 15 1/4 in.)
entity:artifact:2:205911,dimensions,36.4 x 38.7 cm (14 5/16 x 15 1/4 in.)
entity:artifact:2:205912,dimensions,36.5 x 38.7 cm (14 3/8 x 15 1/4 in.)
entity:artifact:2:205913,dimensions,sight: 25 x 28.7 cm (9 13/16 x 11 5/16 in.)
entity:artifact:2:205914,dimensions,sight: 25 x 28.7 cm (9 13/16 x 11 5/16 in.)
entity:artifact:2:205915,dimensions,sight: 25 x 28.7 cm (9 13/16 x 11 5/16 in.)
entity:artifact:2:205916,dimensions,sight: 25 x 28.7 cm (9 13/16 x 11 5/16 in.)
entity:artifact:2:205917,dimensions,sight: 25 x 28.7 cm (9 13/16 x 11 5/16 in.)
entity:artifact:2:205918,dimensions,sight: 25 x 28.7 cm (9 13/16 x 11 5/16 in.)
entity:artifact:2:205919,dimensions,sight: 25 x 28.7 cm (9 13/16 x 11 5/16 in.)
entity:artifact:2:205920,dimensions,sight: 25 x 28.7 cm (9 13/16 x 11 5/16 in.)
entity:artifact:2:205921,dimensions,sight: 25 x 28.7 cm (9 13/16 x 11 5/16 in.)
entity:artifact:2:205922,dimensions,H. 2.8 x Diam. 12.8 cm (1 1/8 x 5 1/16 in.)
entity:artifact:2:205923,dimensions,sight: H. 25 x W. 28.7 cm (9 13/16 x 11 5/16 in.)
entity:artifact:2:205924,dimensions,sight: 25 x 28.7 cm (9 13/16 x 11 5/16 in.)
entity:artifact:2:205925,dimensions,sight: 25 x 28.7 cm (9 13/16 x 11 5/16 in.)
entity:artifact:2:205926,dimensions,sight: 25 x 28.7 cm (9 13/16 x 11 5/16 in.)
entity:artifact:2:205927,dimensions,sight: 25 x 28.7 cm (9 13/16 x 11 5/16 in.)
entity:artifact:2:205928,dimensions,sight: 25 x 28.7 cm (9 13/16 x 11 5/16 in.)
entity:artifact:2:205929,dimensions,H. 21.2 x Diam. 12.4 cm (8 3/8 x 4 7/8 in.)
entity:artifact:2:205930,dimensions,H. 2.9 x Diam. 12.8 cm (1 1/8 x 5 1/16 in.)
entity:artifact:2:205931,dimensions,sight: H. 25 x W. 28.7 cm (9 13/16 x 11 5/16 in.)
entity:artifact:2:205932,dimensions,sight: 25 x 28.7 cm (9 13/16 x 11 5/16 in.)
entity:artifact:2:205933,dimensions,H. 6.6 x W. 21.4 x D. 13 cm (2 5/8 x 8 7/16 x 5 1/8 in.)
entity:artifact:2:205934,dimensions,sight: 25 x 28.7 cm (9 13/16 x 11 5/16 in.)
entity:artifact:2:205935,dimensions,sight: 25 x 28.7 cm (9 13/16 x 11 5/16 in.)
entity:artifact:2:205936,dimensions,sight: 25 x 28.7 cm (9 13/16 x 11 5/16 in.)
entity:artifact:2:205937,dimensions,sight: 25 x 28.7 cm (9 13/16 x 11 5/16 in.)
entity:artifact:2:205938,dimensions,sight: H. 25 x W. 28.7 cm (9 13/16 x 11 5/16 in.)
entity:artifact:2:205939,dimensions,sight: 25 x 28.7 cm (9 13/16 x 11 5/16 in.)
entity:artifact:2:205940,dimensions,sight: 25 x 28.7 cm (9 13/16 x 11 5/16 in.)
entity:artifact:2:205941,dimensions,sight: 25 x 28.7 cm (9 13/16 x 11 5/16 in.)
entity:artifact:2:205942,dimensions,sight: 25 x 28.7 cm (9 13/16 x 11 5/16 in.)
entity:artifact:2:205943,dimensions,sight: 25 x 28.7 cm (9 13/16 x 11 5/16 in.)
entity:artifact:2:205944,dimensions,sight: 25 x 28.7 cm (9 13/16 x 11 5/16 in.)
entity:artifact:2:205945,dimensions,sight: 25 x 28.7 cm (9 13/16 x 11 5/16 in.)
entity:artifact:2:205946,dimensions,36.4 x 38.9 cm (14 5/16 x 15 5/16 in.)
entity:artifact:2:205947,dimensions,35.3 x 40.2 cm (13 7/8 x 15 13/16 in.)
entity:artifact:2:205948,dimensions,36.6 x 38.8 cm (14 7/16 x 15 1/4 in.)
entity:artifact:2:205949,dimensions,36.6 x 38.6 cm (14 7/16 x 15 3/16 in.)
entity:artifact:2:205951,dimensions,H. 9.5 x Diam. 11.5 cm (3 3/4 x 4 1/2 in.)
entity:artifact:2:205952,dimensions,H. 12.4 x Diam. 15.5 cm (4 7/8 x 6 1/8 in.)
entity:artifact:2:205953,dimensions,H. 7.6 x Diam. 8 cm (3 x 3 1/8 in.)
entity:artifact:2:205955,dimensions,36.5 x 38.7 cm (14 3/8 x 15 1/4 in.)
entity:artifact:2:205958,dimensions,H. 11.5 x Diam. 14.5 cm (4 1/2 x 5 11/16 in.)
entity:artifact:2:205959,dimensions,H. 11.5 x Diam. 21.6 cm (4 1/2 x 8 1/2 in.)
entity:artifact:2:205961,dimensions,H. 8 x Diam. 15.2 cm (3 1/8 x 6 in.)
entity:artifact:2:205962,dimensions,H. 6 x Diam. 10.8 cm (2 3/8 x 4 1/4 in.)
entity:artifact:2:205963,dimensions,H. 2.7 x Diam. 14 cm (1 1/16 x 5 1/2 in.)
entity:artifact:2:205964,dimensions,H. 3.9 x W. 21 x D. 21 cm (1 9/16 x 8 1/4 x 8 1/4 in.)
entity:artifact:2:205965,dimensions,H. 14.2 x W. 18.7 x D. 13.2 cm (5 9/16 x 7 3/8 x 5 3/16 in.)
entity:artifact:2:205966,dimensions,H. 26 x Diam. 16.5 cm (10 1/4 x 6 1/2 in.)
entity:artifact:2:205967,dimensions,H. 5.7 x Diam. 13.7 cm (2 1/4 x 5 3/8 in.)
entity:artifact:2:205968,dimensions,H. 10.5 x Diam. 15.5 cm (4 1/8 x 6 1/8 in.)
entity:artifact:2:205969,dimensions,with cover: H. 13.4 x Diam. 29.2 cm (5 1/4 x 11 1/2 in.)
entity:artifact:2:205970,dimensions,Diam. 17.8 cm (7 in.)
entity:artifact:2:205971,dimensions,Diam. 16.5 × H. 4.5 cm (6 1/2 × 1 3/4 in.)
entity:artifact:2:205982,dimensions,H. 7.6 x Diam. 7.3 cm (3 x 2 7/8 in.)
entity:artifact:2:205983,dimensions,H. 8.5 x Diam. 9.9 cm (3 3/8 x 3 7/8 in.)
entity:artifact:2:205984,dimensions,H. 15 x Diam. 11.8 cm (5 7/8 x 4 5/8 in.)
entity:artifact:2:205986,dimensions,H. 4.5 x Diam. 10.5 cm (1 3/4 x 4 1/8 in.)
entity:artifact:2:205987,dimensions,H. 5.7 x Diam. 12 cm (2 1/4 x 4 3/4 in.)
entity:artifact:2:205992,dimensions,H. 18.1 x Diam. 11.4 cm (7 1/8 x 4 1/2 in.)
entity:artifact:2:205995,dimensions,H. 22 x Diam. 14 cm (8 11/16 x 5 1/2 in.)
entity:artifact:2:205996,dimensions,Diam. 21.3 x Thickness 1.9 cm (8 3/8 x 3/4 in.)
entity:artifact:2:206011,dimensions,18 x 11.5 x 4 cm (7 1/16 x 4 1/2 x 1 9/16 in.)
entity:artifact:2:206012,dimensions,H. 2 x Diam. 3.5 cm (13/16 x 1 3/8 in.)
entity:artifact:2:206013,dimensions,H. 8.57 x Diam. 5.08 cm (3 3/8 x 2 in.)
entity:artifact:2:206014,dimensions,Length 25.72 cm (10 1/8 in.)
entity:artifact:2:206015,dimensions,Diam. 15.88 cm (6 1/4 in.)
entity:artifact:2:206016,dimensions,27 x 18.1 cm (10 5/8 x 7 1/8 in.)
entity:artifact:2:206017,dimensions,paper: 40.6 x 22.7 cm (16 x 8 15/16 in.)
entity:artifact:2:206018,dimensions,paper: 41 x 22.2 cm (16 1/8 x 8 3/4 in.)
entity:artifact:2:206019,dimensions,paper: 41.2 x 22.2 cm (16 1/4 x 8 3/4 in.)
entity:artifact:2:206020,dimensions,"paper: 35.9 x 20.1 cm (14 1/8 x 7 15/16 in.)
mat: 45.72 x 35.56 cm (18 x 14 in.)"
entity:artifact:2:206021,dimensions,paper: 34.1 x 17.9 cm (13 7/16 x 7 1/16 in.)
entity:artifact:2:206022,dimensions,paper: 33.6 x 18.4 cm (13 1/4 x 7 1/4 in.)
entity:artifact:2:206023,dimensions,"paper: 32.3 x 17.6 cm (12 11/16 x 6 15/16 in.)
mat: 45.72 x 35.56 cm (18 x 14 in.)"
entity:artifact:2:206024,dimensions,paper: 33.5 x 17.8 cm (13 3/16 x 7 in.)
entity:artifact:2:206025,dimensions,paper: 33.8 x 17.7 cm (13 5/16 x 6 15/16 in.)
entity:artifact:2:206026,dimensions,"paper: 29.9 x 24.9 cm (11 3/4 x 9 13/16 in.)
mat: 45.72 x 35.56 cm (18 x 14 in.)"
entity:artifact:2:206027,dimensions,"paper: 27.6 x 22.5 cm (10 7/8 x 8 7/8 in.)
mat: 45.72 x 35.56 cm (18 x 14 in.)"
entity:artifact:2:206028,dimensions,paper: 38.5 x 22.5 cm (15 3/16 x 8 7/8 in.)
entity:artifact:2:206029,dimensions,34.3 x 25 cm (13 1/2 x 9 13/16 in.)
entity:artifact:2:206030,dimensions,paper: 35.9 x 24.7 cm (14 1/8 x 9 3/4 in.)
entity:artifact:2:206031,dimensions,33.2 x 21.4 cm (13 1/16 x 8 7/16 in.)
entity:artifact:2:206032,dimensions,H. 33.2 x W. 21.3 cm (13 1/16 x 8 3/8 in.)
entity:artifact:2:206056,dimensions,592.5 x 78.4 cm (233 1/4 x 30 7/8 in.)
entity:artifact:2:206059,dimensions,paper: 39.3 x 22.4 cm (15 1/2 x 8 13/16 in.)
entity:artifact:2:206060,dimensions,26.2 x 42.6 cm (10 5/16 x 16 3/4 in.)
entity:artifact:2:206061,dimensions,26.4 x 41.7 cm (10 3/8 x 16 7/16 in.)
entity:artifact:2:206067,dimensions,paper: 36 x 19.9 cm (14 3/16 x 7 13/16 in.)
entity:artifact:2:206077,dimensions,H. 13.3 x Diam. 7.8 cm (5 1/4 x 3 1/16 in.)
entity:artifact:2:206078,dimensions,H. 6.3 x Diam. 8.6 cm (2 1/2 x 3 3/8 in.)
entity:artifact:2:206079,dimensions,H. 45.2 x W. 93.4 cm (17 13/16 x 36 3/4 in.)
entity:artifact:2:206080,dimensions,36.4 x 38.7 cm (14 5/16 x 15 1/4 in.)
entity:artifact:2:206081,dimensions,36.4 x 38.1 cm (14 5/16 x 15 in.)
entity:artifact:2:206082,dimensions,36.4 x 38.7 cm (14 5/16 x 15 1/4 in.)
entity:artifact:2:206083,dimensions,36.4 x 38.7 cm (14 5/16 x 15 1/4 in.)
entity:artifact:2:206084,dimensions,H. 11 x Diam. 8.3 cm (4 5/16 x 3 1/4 in.)
entity:artifact:2:206086,dimensions,paper: 26.1 x 19.5 cm (10 1/4 x 7 11/16 in.)
entity:artifact:2:206087,dimensions,paper: 137.8 x 77.2 cm (54 1/4 x 30 3/8 in.)
entity:artifact:2:206088,dimensions,33.5 x 22 cm (13 3/16 x 8 11/16 in.)
entity:artifact:2:206089,dimensions,paper: 32.1 x 18.3 cm (12 5/8 x 7 3/16 in.)
entity:artifact:2:206090,dimensions,paper: 34.0 x 18.0 cm (13 3/8 x 7 1/16 in.)
entity:artifact:2:206091,dimensions,paper: 33 x 18 cm (13 x 7 1/16 in.)
entity:artifact:2:206092,dimensions,paper: 35.9 x 20.3 cm (14 1/8 x 8 in.)
entity:artifact:2:206093,dimensions,paper: 36 x 20 cm (14 3/16 x 7 7/8 in.)
entity:artifact:2:206094,dimensions,25.5 x 15.3 cm (10 1/16 x 6 in.)
entity:artifact:2:206095,dimensions,paper: 53.3 x 30.9 cm (21 x 12 3/16 in.)
entity:artifact:2:206096,dimensions,paper: 47.3 x 30.7 cm (18 5/8 x 12 1/16 in.)
entity:artifact:2:206097,dimensions,sight: H. 25 x W. 28.7 cm (9 13/16 x 11 5/16 in.)
entity:artifact:2:206098,dimensions,H. 123 x W. 99 cm (48 7/16 x 39 in.)
entity:artifact:2:206109,dimensions,14 x 9 x 13 cm (5 1/2 x 3 9/16 x 5 1/8 in.)
entity:artifact:2:206111,dimensions,36.3 x 38.7 cm (14 5/16 x 15 1/4 in.)
entity:artifact:2:206112,dimensions,36.5 x 38.7 cm (14 3/8 x 15 1/4 in.)
entity:artifact:2:206113,dimensions,paper: 47.9 x 25.2 cm (18 7/8 x 9 15/16 in.)
entity:artifact:2:206114,dimensions,paper: 47.5 x 25.1 cm (18 11/16 x 9 7/8 in.)
entity:artifact:2:206115,dimensions,paper: 58.9 x 34.3 cm (23 3/16 x 13 1/2 in.)
entity:artifact:2:206116,dimensions,paper: 49.5 x 31.2 cm (19 1/2 x 12 5/16 in.)
entity:artifact:2:206117,dimensions,paper: 48.2 x 31.1 cm (19 x 12 1/4 in.)
entity:artifact:2:206118,dimensions,paper: 48.5 x 31.2 cm (19 1/8 x 12 5/16 in.)
entity:artifact:2:206119,dimensions,sight: 25 x 28.7 cm (9 13/16 x 11 5/16 in.)
entity:artifact:2:206120,dimensions,sight: 25 x 28.7 cm (9 13/16 x 11 5/16 in.)
entity:artifact:2:206121,dimensions,sight: 25 x 28.7 cm (9 13/16 x 11 5/16 in.)
entity:artifact:2:206122,dimensions,sight: 25 x 28.7 cm (9 13/16 x 11 5/16 in.)
entity:artifact:2:206123,dimensions,H. 6.6 x Diam. 12.4 cm (2 5/8 x 4 7/8 in.)
entity:artifact:2:206124,dimensions,sight: 25 x 28.7 cm (9 13/16 x 11 5/16 in.)
entity:artifact:2:206125,dimensions,H. 74.8 x W. 42 x D. 20.3 cm (29 7/16 x 16 9/16 x 8 in.)
entity:artifact:2:206126,dimensions,"H. 40 x W. 48.3 cm (15 3/4 x 19 in.)
with mount: 45 x 59.2 x 25.8 cm (17 11/16 x 23 5/16 x 10 3/16 in.)"
entity:artifact:2:206127,dimensions,sight: H. 25 x W. 28.7 cm (9 13/16 x 11 5/16 in.)
entity:artifact:2:206128,dimensions,sight: H. 25 x W. 28.7 cm (9 13/16 x 11 5/16 in.)
entity:artifact:2:206129,dimensions,sight: H. 25 x W. 28.7 cm (9 13/16 x 11 5/16 in.)
entity:artifact:2:206130,dimensions,sight: 25 x 28.7 cm (9 13/16 x 11 5/16 in.)
entity:artifact:2:206131,dimensions,sight: 25 x 28.7 cm (9 13/16 x 11 5/16 in.)
entity:artifact:2:206132,dimensions,sight: 25 x 28.7 cm (9 13/16 x 11 5/16 in.)
entity:artifact:2:206133,dimensions,sight: 25 x 28.7 cm (9 13/16 x 11 5/16 in.)
entity:artifact:2:206134,dimensions,sight: 25 x 28.7 cm (9 13/16 x 11 5/16 in.)
entity:artifact:2:206135,dimensions,sight: 25 x 28.7 cm (9 13/16 x 11 5/16 in.)
entity:artifact:2:206136,dimensions,sight: 25 x 28.7 cm (9 13/16 x 11 5/16 in.)
entity:artifact:2:206137,dimensions,27.6 x 15.1 cm (10 7/8 x 5 15/16 in.)
entity:artifact:2:206138,dimensions,paper: 50 x 42.7 cm (19 11/16 x 16 13/16 in.)
entity:artifact:2:206139,dimensions,paper: 49.8 x 26.5 cm (19 5/8 x 10 7/16 in.)
entity:artifact:2:206140,dimensions,paper: 48 x 25.3 cm (18 7/8 x 9 15/16 in.)
entity:artifact:2:206141,dimensions,paper: 48 x 25.3 cm (18 7/8 x 9 15/16 in.)
entity:artifact:2:206142,dimensions,paper: 44.3 x 26.7 cm (17 7/16 x 10 1/2 in.)
entity:artifact:2:206143,dimensions,paper: 44.3 x 26.2 cm (17 7/16 x 10 5/16 in.)
entity:artifact:2:206144,dimensions,paper: 44.3 x 26.7 cm (17 7/16 x 10 1/2 in.)
entity:artifact:2:206145,dimensions,paper: 44.3 x 26 cm (17 7/16 x 10 1/4 in.)
entity:artifact:2:206146,dimensions,paper: 62.4 x 35.4 cm (24 9/16 x 13 15/16 in.)
entity:artifact:2:206147,dimensions,paper: 61.7 x 35.3 cm (24 5/16 x 13 7/8 in.)
entity:artifact:2:206148,dimensions,paper: 71.2 x 41.7 cm (28 1/16 x 16 7/16 in.)
entity:artifact:2:206149,dimensions,paper: 71.5 x 41.6 cm (28 1/8 x 16 3/8 in.)
entity:artifact:2:206150,dimensions,paper: 79 x 43.5 cm (31 1/8 x 17 1/8 in.)
entity:artifact:2:206151,dimensions,paper: 79 x 43.5 cm (31 1/8 x 17 1/8 in.)
entity:artifact:2:206152,dimensions,paper: 49.5 x 31 cm (19 1/2 x 12 3/16 in.)
entity:artifact:2:206153,dimensions,paper: 49.5 x 31.2 cm (19 1/2 x 12 5/16 in.)
entity:artifact:2:206154,dimensions,sight: 25 x 28.7 cm (9 13/16 x 11 5/16 in.)
entity:artifact:2:206155,dimensions,sight: 25 x 28.7 cm (9 13/16 x 11 5/16 in.)
entity:artifact:2:206156,dimensions,sight: 25 x 28.7 cm (9 13/16 x 11 5/16 in.)
entity:artifact:2:206157,dimensions,sight: 25 x 28.7 cm (9 13/16 x 11 5/16 in.)
entity:artifact:2:206158,dimensions,sight: 25 x 28.7 cm (9 13/16 x 11 5/16 in.)
entity:artifact:2:206159,dimensions,sight: 25 x 28.7 cm (9 13/16 x 11 5/16 in.)
entity:artifact:2:206162,dimensions,38.2 x 22.1 cm (15 1/16 x 8 11/16 in.)
entity:artifact:2:206163,dimensions,35.2 x 21 cm (13 7/8 x 8 1/4 in.)
entity:artifact:2:206164,dimensions,36.5 x 38.2 cm (14 3/8 x 15 1/16 in.)
entity:artifact:2:206165,dimensions,36.6 x 38.7 cm (14 7/16 x 15 1/4 in.)
entity:artifact:2:206166,dimensions,36.2 x 38.5 cm (14 1/4 x 15 3/16 in.)
entity:artifact:2:206167,dimensions,36.3 x 38.7 cm (14 5/16 x 15 1/4 in.)
entity:artifact:2:206168,dimensions,36.5 x 38.9 cm (14 3/8 x 15 5/16 in.)
entity:artifact:2:206169,dimensions,36.3 x 38.9 cm (14 5/16 x 15 5/16 in.)
entity:artifact:2:206170,dimensions,36.3 x 38.7 cm (14 5/16 x 15 1/4 in.)
entity:artifact:2:206187,dimensions,H. 18.5 x Diam. 25 cm (7 5/16 x 9 13/16 in.)
entity:artifact:2:206188,dimensions,H. 24.5 x Diam. 23 cm (9 5/8 x 9 1/16 in.)
entity:artifact:2:206189,dimensions,9.5 x 9.5 cm (3 3/4 x 3 3/4 in.)
entity:artifact:2:206190,dimensions,H. 8.5 x Diam. 18 cm (3 3/8 x 7 1/16 in.)
entity:artifact:2:206195,dimensions,36.3 x 38.7 cm (14 5/16 x 15 1/4 in.)
entity:artifact:2:206196,dimensions,35.5 x 40.5 cm (14 x 15 15/16 in.)
entity:artifact:2:206197,dimensions,36.6 x 38.7 cm (14 7/16 x 15 1/4 in.)
entity:artifact:2:206198,dimensions,35.3 x 40.2 cm (13 7/8 x 15 13/16 in.)
entity:artifact:2:206199,dimensions,36.3 x 38 cm (14 5/16 x 14 15/16 in.)
entity:artifact:2:206200,dimensions,35.6 x 40.4 cm (14 x 15 7/8 in.)
entity:artifact:2:206201,dimensions,35.3 x 40.5 cm (13 7/8 x 15 15/16 in.)
entity:artifact:2:206202,dimensions,H. 11.7 x Diam. 8.2 cm (4 5/8 x 3 1/4 in.)
entity:artifact:2:206204,dimensions,H. 41 x W. 32.1 cm (16 1/8 x 12 5/8 in.)
entity:artifact:2:206210,dimensions,36.6 x 38.7 cm (14 7/16 x 15 1/4 in.)
entity:artifact:2:206211,dimensions,36.4 x 38.7 cm (14 5/16 x 15 1/4 in.)
entity:artifact:2:206218,dimensions,36.4 x 38.7 cm (14 5/16 x 15 1/4 in.)
entity:artifact:2:206219,dimensions,36.2 x 38.8 cm (14 1/4 x 15 1/4 in.)
entity:artifact:2:206220,dimensions,36.7 x 38.8 cm (14 7/16 x 15 1/4 in.)
entity:artifact:2:206227,dimensions,H. 9.5 x W. 7 cm (3 3/4 x 2 3/4 in.)
entity:artifact:2:206228,dimensions,H. 3.7 x W. 4 cm (1 7/16 x 1 9/16 in.)
entity:artifact:2:206229,dimensions,H. 4 x W. 2 x D. 2 cm (1 9/16 x 13/16 x 13/16 in.)
entity:artifact:2:206233,dimensions,paper: 48.1 x 30.9 cm (18 15/16 x 12 3/16 in.)
entity:artifact:2:206234,dimensions,sight: 25 x 28.7 cm (9 13/16 x 11 5/16 in.)
entity:artifact:2:206235,dimensions,sight: H. 25 x W. 28.7 cm (9 13/16 x 11 5/16 in.)
entity:artifact:2:206236,dimensions,H. 23.5 x W. 31.8 x Diam. 20.2 cm (9 1/4 x 12 1/2 x 7 15/16 in.)
entity:artifact:2:206237,dimensions,sight: H. 25 x W. 28.7 cm (9 13/16 x 11 5/16 in.)
entity:artifact:2:206238,dimensions,sight: H. 25 x W. 28.7 cm (9 13/16 x 11 5/16 in.)
entity:artifact:2:206239,dimensions,sight: H. 25 x W. 28.7 cm (9 13/16 x 11 5/16 in.)
entity:artifact:2:206245,dimensions,37.4 x 41.5 cm (14 3/4 x 16 5/16 in.)
entity:artifact:2:206246,dimensions,paper: 29.7 x 26.4 cm (11 11/16 x 10 3/8 in.)
entity:artifact:2:206247,dimensions,paper: 30.6 x 28.2 cm (12 1/16 x 11 1/8 in.)
entity:artifact:2:206248,dimensions,48 x 38.9 cm (18 7/8 x 15 5/16 in.)
entity:artifact:2:206249,dimensions,48.2 x 38.5 cm (19 x 15 3/16 in.)
entity:artifact:2:206250,dimensions,64.2 x 111.3 cm (25 1/4 x 43 13/16 in.)
entity:artifact:2:206251,dimensions,paper: H. 111 x W. 62.5 cm (43 11/16 x 24 5/8 in.)
entity:artifact:2:206252,dimensions,paper: 58.3 x 35.7 cm (22 15/16 x 14 1/16 in.)
entity:artifact:2:206253,dimensions,paper: H. 49.9 x W. 30.3 cm (19 5/8 x 11 15/16 in.)
entity:artifact:2:206254,dimensions,paper: 71.4 x 41.2 cm (28 1/8 x 16 1/4 in.)
entity:artifact:2:206255,dimensions,paper: 50.6 x 29.7 cm (19 15/16 x 11 11/16 in.)
entity:artifact:2:206256,dimensions,paper: 50.4 x 30.3 cm (19 13/16 x 11 15/16 in.)
entity:artifact:2:206257,dimensions,paper: 55.9 x 34.3 cm (22 x 13 1/2 in.)
entity:artifact:2:206258,dimensions,paper: 51.9 x 29.6 cm (20 7/16 x 11 5/8 in.)
entity:artifact:2:206259,dimensions,paper: 50.4 x 29.8 cm (19 13/16 x 11 3/4 in.)
entity:artifact:2:206260,dimensions,paper: 53.8 x 30.6 cm (21 3/16 x 12 1/16 in.)
entity:artifact:2:206261,dimensions,paper: 75.2 x 49.5 cm (29 5/8 x 19 1/2 in.)
entity:artifact:2:206262,dimensions,paper: 75.5 x 50 cm (29 3/4 x 19 11/16 in.)
entity:artifact:2:206265,dimensions,40 x 40.7 cm (15 3/4 x 16 in.)
entity:artifact:2:206266,dimensions,31.6 x 21.6 cm (12 7/16 x 8 1/2 in.)
entity:artifact:2:206267,dimensions,31.7 x 27 cm (12 1/2 x 10 5/8 in.)
entity:artifact:2:206268,dimensions,61.2 x 59.5 cm (24 1/8 x 23 7/16 in.)
entity:artifact:2:206269,dimensions,33.5 x 25.2 cm (13 3/16 x 9 15/16 in.)
entity:artifact:2:206270,dimensions,35.5 x 25 cm (14 x 9 13/16 in.)
entity:artifact:2:206271,dimensions,64 x 110 cm (25 3/16 x 43 5/16 in.)
entity:artifact:2:206272,dimensions,paper: 29.0 x 22.4 cm (11 7/16 x 8 13/16 in.)
entity:artifact:2:206273,dimensions,32.8 x 25.6 cm (12 15/16 x 10 1/16 in.)
entity:artifact:2:206274,dimensions,32.9 x 25.7 cm (12 15/16 x 10 1/8 in.)
entity:artifact:2:206275,dimensions,H. 63.3 x W. 54 cm (24 15/16 x 21 1/4 in.)
entity:artifact:2:206287,dimensions,55.7 x 23.2 cm (21 15/16 x 9 1/8 in.)
entity:artifact:2:206288,dimensions,16.3 x 17.4 cm (6 7/16 x 6 7/8 in.)
entity:artifact:2:206289,dimensions,35.9 x 23.6 cm (14 1/8 x 9 5/16 in.)
entity:artifact:2:206290,dimensions,62.9 x 56.1 cm (24 3/4 x 22 1/16 in.)
entity:artifact:2:206293,dimensions,each (approx.): Diam. 1.9 cm (3/4 in.)
entity:artifact:2:206301,dimensions,paper: 56.6 x 34.6 cm (22 5/16 x 13 5/8 in.)
entity:artifact:2:206302,dimensions,paper: 56 x 34.6 cm (22 1/16 x 13 5/8 in.)
entity:artifact:2:206303,dimensions,paper: 71.2 x 41 cm (28 1/16 x 16 1/8 in.)
entity:artifact:2:206304,dimensions,16.8 x 27.4 cm (6 5/8 x 10 13/16 in.)
entity:artifact:2:206305,dimensions,37.3 x 40.7 cm (14 11/16 x 16 in.)
entity:artifact:2:206306,dimensions,36.4 x 20.7 cm (14 5/16 x 8 1/8 in.)
entity:artifact:2:206307,dimensions,paper: 37.8 x 38.6 cm (14 7/8 x 15 3/16 in.)
entity:artifact:2:206308,dimensions,"paper: 40.7 x 26 cm (16 x 10 1/4 in.)
mat: 45.72 x 35.56 cm (18 x 14 in.)"
entity:artifact:2:206309,dimensions,paper: 34.9 x 20.0 cm (13 3/4 x 7 7/8 in.)
entity:artifact:2:206310,dimensions,paper: 37.5 x 26.5 cm (14 3/4 x 10 7/16 in.)
entity:artifact:2:206311,dimensions,paper: 24.3 x 15.3 cm (9 9/16 x 6 in.)
entity:artifact:2:206312,dimensions,paper: 31.6 x 23.5 cm (12 7/16 x 9 1/4 in.)
entity:artifact:2:206313,dimensions,23 x 41.5 cm (9 1/16 x 16 5/16 in.)
entity:artifact:2:206314,dimensions,paper: H. 20.9 x W. 41.3 cm (8 1/4 x 16 1/4 in.)
entity:artifact:2:206315,dimensions,37.5 x 41.1 cm (14 3/4 x 16 3/16 in.)
entity:artifact:2:206322,dimensions,H. 40 x W. 28.6 cm (15 3/4 x 11 1/4 in.)
entity:artifact:2:206323,dimensions,36.8 x 40.6 cm (14 1/2 x 16 in.)
entity:artifact:2:206324,dimensions,paper: 33.8 x 19.3 cm (13 5/16 x 7 5/8 in.)
entity:artifact:2:206325,dimensions,paper: 26.8 x 18.8 cm (10 9/16 x 7 3/8 in.)
entity:artifact:2:206327,dimensions,11 x 9.9 cm (4 5/16 x 3 7/8 in.)
entity:artifact:2:206328,dimensions,paper: 10.3 x 9.6 cm (4 1/16 x 3 3/4 in.)
entity:artifact:2:206340,dimensions,35.3 x 41.1 cm (13 7/8 x 16 3/16 in.)
entity:artifact:2:206341,dimensions,37.5 x 41.5 cm (14 3/4 x 16 5/16 in.)
entity:artifact:2:206342,dimensions,37 x 41.1 cm (14 9/16 x 16 3/16 in.)
entity:artifact:2:206343,dimensions,36.5 x 40.9 cm (14 3/8 x 16 1/8 in.)
entity:artifact:2:206344,dimensions,38.4 x 41.4 cm (15 1/8 x 16 5/16 in.)
entity:artifact:2:206345,dimensions,35.5 x 41.5 cm (14 x 16 5/16 in.)
entity:artifact:2:206346,dimensions,36 x 39.5 cm (14 3/16 x 15 9/16 in.)
entity:artifact:2:206347,dimensions,35.3 x 41.6 cm (13 7/8 x 16 3/8 in.)
entity:artifact:2:206348,dimensions,paper: 49.5 x 31.2 cm (19 1/2 x 12 5/16 in.)
entity:artifact:2:206349,dimensions,paper: 32.2 x 26.4 cm (12 11/16 x 10 3/8 in.)
entity:artifact:2:206350,dimensions,paper: 36.9 x 27.4 cm (14 1/2 x 10 13/16 in.)
entity:artifact:2:206351,dimensions,35.1 x 41.5 cm (13 13/16 x 16 5/16 in.)
entity:artifact:2:206363,dimensions,paper: 41.1 x 21.9 cm (16 3/16 x 8 5/8 in.)
entity:artifact:2:206364,dimensions,paper: 40.9 x 22.2 cm (16 1/8 x 8 3/4 in.)
entity:artifact:2:206365,dimensions,paper: 36.1 x 26.6 cm (14 3/16 x 10 1/2 in.)
entity:artifact:2:206366,dimensions,paper: 35.9 x 26.0 cm (14 1/8 x 10 1/4 in.)
entity:artifact:2:206373,dimensions,paper: 31.3 x 18.3 cm (12 5/16 x 7 3/16 in.)
entity:artifact:2:206374,dimensions,H. 21.7 x W. 13.4 cm (8 9/16 x 5 1/4 in.)
entity:artifact:2:206376,dimensions,paper: 38.7 x 22.2 cm (15 1/4 x 8 3/4 in.)
entity:artifact:2:206377,dimensions,paper: 41.0 x 22.6 cm (16 1/8 x 8 7/8 in.)
entity:artifact:2:206378,dimensions,paper: 41 x 22.1 cm (16 1/8 x 8 11/16 in.)
entity:artifact:2:206379,dimensions,paper: 33.2 x 17.7 cm (13 1/16 x 6 15/16 in.)
entity:artifact:2:206380,dimensions,"paper: 36.7 x 26.8 cm (14 7/16 x 10 9/16 in.)
mat: 45.72 x 35.56 cm (18 x 14 in.)"
entity:artifact:2:206381,dimensions,paper: 35.6 x 20.2 cm (14 x 7 15/16 in.)
entity:artifact:2:206382,dimensions,"paper: 36.9 x 25.8 cm (14 1/2 x 10 3/16 in.)
mat: 45.72 x 35.56 cm (18 x 14 in.)"
entity:artifact:2:206383,dimensions,"paper: 31.8 x 18.1 cm (12 1/2 x 7 1/8 in.)
mat: 45.72 x 35.56 cm (18 x 14 in.)"
entity:artifact:2:206384,dimensions,paper: 48.8 x 25.5 cm (19 3/16 x 10 1/16 in.)
entity:artifact:2:206385,dimensions,paper: 48.3 x 25.4 cm (19 x 10 in.)
entity:artifact:2:206386,dimensions,paper: 58.9 x 34.3 cm (23 3/16 x 13 1/2 in.)
entity:artifact:2:206387,dimensions,paper: 49.1 x 31.1 cm (19 5/16 x 12 1/4 in.)
entity:artifact:2:206388,dimensions,17.1 x 18.5 cm (6 3/4 x 7 5/16 in.)
entity:artifact:2:206389,dimensions,34.6 x 41.1 cm (13 5/8 x 16 3/16 in.)
entity:artifact:2:206399,dimensions,paper: 40.5 x 22.8 cm (15 15/16 x 9 in.)
entity:artifact:2:206400,dimensions,23.3 x 43.3 cm (9 3/16 x 17 1/16 in.)
entity:artifact:2:206411,dimensions,paper: 53.1 x 30.4 cm (20 7/8 x 11 15/16 in.)
entity:artifact:2:206412,dimensions,paper: 52 x 30.6 cm (20 1/2 x 12 1/16 in.)
entity:artifact:2:206413,dimensions,35.5 x 41.5 cm (14 x 16 5/16 in.)
entity:artifact:2:206414,dimensions,36 x 40.9 cm (14 3/16 x 16 1/8 in.)
entity:artifact:2:206415,dimensions,37.8 x 41 cm (14 7/8 x 16 1/8 in.)
entity:artifact:2:206416,dimensions,36.7 x 41.5 cm (14 7/16 x 16 5/16 in.)
entity:artifact:2:206417,dimensions,paper: 37.5 x 26.5 cm (14 3/4 x 10 7/16 in.)
entity:artifact:2:206418,dimensions,35.4 x 41.5 cm (13 15/16 x 16 5/16 in.)
entity:artifact:2:206419,dimensions,36.9 x 41.5 cm (14 1/2 x 16 5/16 in.)
entity:artifact:2:206420,dimensions,paper: 38.3 x 22 cm (15 1/16 x 8 11/16 in.)
entity:artifact:2:206421,dimensions,paper: 38.2 x 22.2 cm (15 1/16 x 8 3/4 in.)
entity:artifact:2:206422,dimensions,paper: 40.9 x 22.2 cm (16 1/8 x 8 3/4 in.)
entity:artifact:2:206427,dimensions,"paper: 30.3 x 18.2 cm (11 15/16 x 7 3/16 in.)
mat: 45.72 x 35.56 cm (18 x 14 in.)"
entity:artifact:2:206435,dimensions,56.3 x 37 cm (22 3/16 x 14 9/16 in.)
entity:artifact:2:206436,dimensions,53.2 x 37.1 cm (20 15/16 x 14 5/8 in.)
entity:artifact:2:206437,dimensions,paper: 48.9 x 24.8 cm (19 1/4 x 9 3/4 in.)
entity:artifact:2:206438,dimensions,paper: 41.3 x 22.2 cm (16 1/4 x 8 3/4 in.)
entity:artifact:2:206439,dimensions,paper: 31.9 x 17.7 cm (12 9/16 x 6 15/16 in.)
entity:artifact:2:206440,dimensions,paper: 34 x 17.8 cm (13 3/8 x 7 in.)
entity:artifact:2:206441,dimensions,"paper: 37 x 27 cm (14 9/16 x 10 5/8 in.)
mat: 45.72 x 35.56 cm (18 x 14 in.)"
entity:artifact:2:206442,dimensions,"paper: 32.6 x 17.7 cm (12 13/16 x 6 15/16 in.)
mat: 45.72 x 35.56 cm (18 x 14 in.)"
entity:artifact:2:206443,dimensions,paper: 30.3 x 21.9 cm (11 15/16 x 8 5/8 in.)
entity:artifact:2:206444,dimensions,"paper: 30.9 x 17.9 cm (12 3/16 x 7 1/16 in.)
mat: 45.72 x 35.56 cm (18 x 14 in.)"
entity:artifact:2:206445,dimensions,"paper: 30.6 x 18.2 cm (12 1/16 x 7 3/16 in.)
mat: 45.72 x 35.56 cm (18 x 14 in.)"
entity:artifact:2:206446,dimensions,paper: 55.1 x 30.5 cm (21 11/16 x 12 in.)
entity:artifact:2:206447,dimensions,paper: 51.1 x 30.7 cm (20 1/8 x 12 1/16 in.)
entity:artifact:2:206448,dimensions,paper: 45.1 x 26.3 cm (17 3/4 x 10 3/8 in.)
entity:artifact:2:206449,dimensions,paper: 44.7 x 26.3 cm (17 5/8 x 10 3/8 in.)
entity:artifact:2:206450,dimensions,paper: 137.8 x 77.4 cm (54 1/4 x 30 1/2 in.)
entity:artifact:2:206472,dimensions,H. 29 x Diam. 16.9 cm (11 7/16 x 6 5/8 in.)
entity:artifact:2:206490,dimensions,"painting proper: H. 23.9 × W. 24.5 cm (9 7/16 × 9 5/8 in.)
calligraphy proper: H. 24.1 × W. 24.5 cm (9 1/2 × 9 5/8 in.)
mounting: H. 55.4 × W. 30.8 cm (21 13/16 × 12 1/8 in.)"
entity:artifact:2:206491,dimensions,H. 24.6 cm x W. 25.4 cm (9 11/16 x 10 in.)
entity:artifact:2:206493,dimensions,29.8 x 90.8 cm (11 3/4 x 35 3/4 in.)
entity:artifact:2:206494,dimensions,H. 22.9 x W. 23.5 cm (9 x 9 1/4 in.)
entity:artifact:2:206495,dimensions,tile face: Diam. 14.5 cm (5 11/16 in.)
entity:artifact:2:206497,dimensions,H. 22.9 x W. 25.5 cm (9 x 10 1/16 in.)
entity:artifact:2:206498,dimensions,13.2 x 8.1 x 7.9 cm (5 3/16 x 3 3/16 x 3 1/8 in.)
entity:artifact:2:206500,dimensions,"painting proper: H. 155.3 x W. 95.8 cm (61 1/8 x 37 11/16 in.)
mounting: H. 302.3 x W. 116.8 cm (119 x 46 in.)"
entity:artifact:2:206501,dimensions,sight: H. 129.5 x W. 79.4 cm (51 x 31 1/4 in.)
entity:artifact:2:206505,dimensions,H. 11.7 x L. 36.6 cm (4 5/8 x 14 7/16 in.)
entity:artifact:2:206506,dimensions,22.2 x 20.3 cm (8 3/4 x 8 in.)
entity:artifact:2:206507,dimensions,H. 15.9 x Diam. 20.4 cm (6 1/4 x 8 1/16 in.)
entity:artifact:2:206508,dimensions,H. 25 x Diam. 16.5 cm (9 13/16 x 6 1/2 in.)
entity:artifact:2:206510,dimensions,H. 35.5 x W. 25 cm (14 x 9 13/16 in.)
entity:artifact:2:206511,dimensions,paper: H. 51.2 x W. 30.2 cm (20 3/16 x 11 7/8 in.)
entity:artifact:2:206512,dimensions,"paper: H. 50.5 x W. 30.3 cm (19 7/8 x 11 15/16 in.)
mat: 54.6 x 40.6 cm (21 1/2 x 16 in.)"
entity:artifact:2:206513,dimensions,"paper: H. 50.5 x W. 30.3 cm (19 7/8 x 11 15/16 in.)
mat: 54.6 x 40.6 cm (21 1/2 x 16 in.)"
entity:artifact:2:206514,dimensions,paper: H. 35.9 x W. 19.9 cm (14 1/8 x 7 13/16 in.)
entity:artifact:2:206518,dimensions,7 x 7.4 cm (2 3/4 x 2 15/16 in.)
entity:artifact:2:206520,dimensions,24.5 x 16.8 cm (9 5/8 x 6 5/8 in.)
entity:artifact:2:206521,dimensions,31.8 x 22.9 cm (12 1/2 x 9 in.)
entity:artifact:2:206522,dimensions,image only: H. 29.3 x W. 253.7 cm (11 9/16 x 99 7/8 in.)
entity:artifact:2:206523,dimensions,26.1 x 17.9 cm (10 1/4 x 7 1/16 in.)
entity:artifact:2:206524,dimensions,paper: H. 50.5 x W. 30.3 cm (19 7/8 x 11 15/16 in.)
entity:artifact:2:206525,dimensions,"paper: H. 51.5 x W. 30.2 cm (20 1/4 x 11 7/8 in.)
mat: 54.6 x 40.6 cm (21 1/2 x 16 in.)"
entity:artifact:2:206526,dimensions,paper: 56.2 x 34.2 cm (22 1/8 x 13 7/16 in.)
entity:artifact:2:206527,dimensions,paper: 56 x 34.9 cm (22 1/16 x 13 3/4 in.)
entity:artifact:2:206544,dimensions,H. 18.7 x W. 15.3 cm (7 3/8 x 6 in.)
entity:artifact:2:206545,dimensions,20.7 x 41.2 cm (8 1/8 x 16 1/4 in.)
entity:artifact:2:206546,dimensions,paper: H. 39.3 x W. 23.6 cm (15 1/2 x 9 5/16 in.)
entity:artifact:2:206547,dimensions,paper: H. 37.6 x W. 24 cm (14 13/16 x 9 7/16 in.)
entity:artifact:2:206548,dimensions,paper: H. 36.6 x W. 24.1 cm (14 7/16 x 9 1/2 in.)
entity:artifact:2:206549,dimensions,paper: H. 40.9 x W. 23.8 cm (16 1/8 x 9 3/8 in.)
entity:artifact:2:206550,dimensions,paper: H. 35.3 x W. 25.8 cm (13 7/8 x 10 3/16 in.)
entity:artifact:2:206551,dimensions,paper: H. 35.2 x W. 25.9 cm (13 7/8 x 10 3/16 in.)
entity:artifact:2:206552,dimensions,paper: 55.6 x 35 cm (21 7/8 x 13 3/4 in.)
entity:artifact:2:206553,dimensions,paper: 55.6 x 34.8 cm (21 7/8 x 13 11/16 in.)
entity:artifact:2:206554,dimensions,"paper: 56.3 x 35 cm (22 3/16 x 13 3/4 in.)
mat: 71.1 x 55.9 cm (28 x 22 in.)"
entity:artifact:2:206555,dimensions,paper: 56 x 35 cm (22 1/16 x 13 3/4 in.)
entity:artifact:2:206556,dimensions,paper: 56 x 34.9 cm (22 1/16 x 13 3/4 in.)
entity:artifact:2:206557,dimensions,paper: 57.8 x 35.3 cm (22 3/4 x 13 7/8 in.)
entity:artifact:2:206558,dimensions,21.3 x 41.5 cm (8 3/8 x 16 5/16 in.)
entity:artifact:2:206559,dimensions,22 x 41.4 cm (8 11/16 x 16 5/16 in.)
entity:artifact:2:206560,dimensions,37.8 x 41.1 cm (14 7/8 x 16 3/16 in.)
entity:artifact:2:206561,dimensions,37.3 x 39.6 cm (14 11/16 x 15 9/16 in.)
entity:artifact:2:206575,dimensions,H. 28.4 x W. 175.6 cm (11 3/16 x 69 1/8 in.)
entity:artifact:2:206576,dimensions,"painting proper: H. 33.3 x W. (total) 884.2 cm (13 1/8 x 348 1/8 in.)
mounting: H. 35.2 cm (13 7/8 in.)"
entity:artifact:2:206580,dimensions,H. 198.7 x W. 108.5 cm (78 1/4 x 42 11/16 in.)
entity:artifact:2:206582,dimensions,"painting proper: H. 152.4 × W. 107.5 cm (60 × 42 5/16 in.)
overall mounting, including roller ends and suspension cord: H. 258.8 × W. 136 cm (101 7/8 × 53 9/16 in.)"
entity:artifact:2:206583,dimensions,sight: H. 79.4 x W. 86.4 cm (31 1/4 x 34 in.)
entity:artifact:2:206584,dimensions,paper: H. 49.9 x W. 30.2 cm (19 5/8 x 11 7/8 in.)
entity:artifact:2:206585,dimensions,paper: H. 50.5 x W. 30.3 cm (19 7/8 x 11 15/16 in.)
entity:artifact:2:206604,dimensions,paper: 75 x 49.5 cm (29 1/2 x 19 1/2 in.)
entity:artifact:2:206605,dimensions,paper: H. 75.5 x W. 50 cm (29 3/4 x 19 11/16 in.)
entity:artifact:2:206606,dimensions,paper: H. 39.7 x W. 23.5 cm (15 5/8 x 9 1/4 in.)
entity:artifact:2:206607,dimensions,paper: H. 71.2 x W. 41.3 cm (28 1/16 x 16 1/4 in.)
entity:artifact:2:206608,dimensions,paper: 71 x 41 cm (27 15/16 x 16 1/8 in.)
entity:artifact:2:206609,dimensions,paper: 55.6 x 34.8 cm (21 7/8 x 13 11/16 in.)
entity:artifact:2:206610,dimensions,paper: H. 45.8 x W. 39.5 cm (18 1/16 x 15 9/16 in.)
entity:artifact:2:206611,dimensions,paper: H. 24.5 x W. 40.2 cm (9 5/8 x 15 13/16 in.)
entity:artifact:2:206612,dimensions,paper: 50.7 x 30 cm (19 15/16 x 11 13/16 in.)
entity:artifact:2:206613,dimensions,paper: 50.5 x 30 cm (19 7/8 x 11 13/16 in.)
entity:artifact:2:206614,dimensions,paper: 51.9 x 29.6 cm (20 7/16 x 11 5/8 in.)
entity:artifact:2:206615,dimensions,paper: 53.1 x 30.5 cm (20 7/8 x 12 in.)
entity:artifact:2:206620,dimensions,paper: H. 27 x W. 30.1 cm (10 5/8 x 11 7/8 in.)
entity:artifact:2:206623,dimensions,paper: 22.1 x 41.3 cm (8 11/16 x 16 1/4 in.)
entity:artifact:2:206624,dimensions,paper: 22.7 x 41.3 cm (8 15/16 x 16 1/4 in.)
entity:artifact:2:206625,dimensions,21.7 x 41.2 cm (8 9/16 x 16 1/4 in.)
entity:artifact:2:206626,dimensions,21.1 x 41.2 cm (8 5/16 x 16 1/4 in.)
entity:artifact:2:206627,dimensions,22.3 x 41.5 cm (8 3/4 x 16 5/16 in.)
entity:artifact:2:206628,dimensions,21.8 x 41.5 cm (8 9/16 x 16 5/16 in.)
entity:artifact:2:206629,dimensions,21.8 x 41.6 cm (8 9/16 x 16 3/8 in.)
entity:artifact:2:206635,dimensions,H. 58.4 cm (23 in.)
entity:artifact:2:20955,dimensions,4.8 x 10.6 x 9 cm (1 7/8 x 4 3/16 x 3 9/16 in.)
entity:artifact:2:20956,dimensions,H. 54.6 x W. 61.5 cm (21 1/2 x 24 3/16 in.)
entity:artifact:2:20957,dimensions,H. 121.5 x L. 90.5 x D. 33 cm (47 13/16 x 35 5/8 x 13 in.)
entity:artifact:2:20968,dimensions,48 x 28.2 cm (18 7/8 x 11 1/8 in.)
entity:artifact:2:20970,dimensions,"max.: H. 5 × Diam. 19.3 cm (1 15/16 × 7 5/8 in.)
foot: Diam. 6.4 cm (2 1/2 in.)"
entity:artifact:2:20972,dimensions,H. 7.0 x Diam. 40.5 cm (2 3/4 x 15 15/16 in.)
entity:artifact:2:20978,dimensions,H. 18.2 x Diam. 17.4 x W. 17.9 cm (7 3/16 x 6 7/8 x 7 1/16 in.)
entity:artifact:2:209837,dimensions,Diam. 12.1 cm (4 3/4 in.)
entity:artifact:2:21115,dimensions,14.7 x 11 x 6.1 cm (5 13/16 x 4 5/16 x 2 3/8 in.)
entity:artifact:2:21116,dimensions,"painting proper: 178.8 x 100 cm (70 3/8 x 39 3/8 in.)
mounting: 274.32 x 128.27 cm (108 x 50 1/2 in.)"
entity:artifact:2:21117,dimensions,H. 26.4 x W. (across lug handles) 34.3 x Diam. 28.8 cm (10 3/8 x 13 1/2 x 11 5/16 in.)
entity:artifact:2:31296,dimensions,H. 16.7 cm x Diam. 15.2 cm (6 9/16 in. x 6 in.)
entity:artifact:2:4586,dimensions,41.7 x 24.1 cm (16 7/16 x 9 1/2 in.)
entity:artifact:2:4587,dimensions,20 x 6 x 4.5 cm (7 7/8 x 2 3/8 x 1 3/4 in.)
entity:artifact:2:4588,dimensions,81.5 x 26 x 23 cm (32 1/16 x 10 1/4 x 9 1/16 in.)
entity:artifact:2:4615,dimensions,41.8 x 24.1 cm (16 7/16 x 9 1/2 in.)
entity:artifact:2:4640,dimensions,42 x 24.2 cm (16 9/16 x 9 1/2 in.)
entity:artifact:2:4641,dimensions,"2003.193.1: H. 35 x W. 27.5 x D. 16.5 cm (13 3/4 x 10 13/16 x 6 1/2 in.)
2003.193.2: H. 33.5 x W. 25 x D. 19.5 cm (13 3/16 x 9 13/16 x 7 11/16 in.)"
entity:artifact:2:4642,dimensions,each (approx.): H. 18 × W. 12 × D. 11.5 cm (7 1/16 × 4 3/4 × 4 1/2 in.)
entity:artifact:2:4644,dimensions,51 x 15 x 12.5 cm (20 1/16 x 5 7/8 x 4 15/16 in.)
entity:artifact:2:4645,dimensions,greatest dimen.: 57.5 cm (22 5/8 in.)
entity:artifact:2:4646,dimensions,greatest dimen.: 81 cm (31 7/8 in.)
entity:artifact:2:47472,dimensions,1.27 diam. x 7.3 cm (1/2 x 2 7/8 in.)
entity:artifact:2:47501,dimensions,33.5 x 31.9 x 4.4 cm (13 3/16 x 12 9/16 x 1 3/4 in.)
entity:artifact:2:47502,dimensions,33.5 x 31.9 x 4.4 cm (13 3/16 x 12 9/16 x 1 3/4 in.)
entity:artifact:2:47503,dimensions,33.5 x 31.9 x 4.4 cm (13 3/16 x 12 9/16 x 1 3/4 in.)
entity:artifact:2:47504,dimensions,33.5 x 31.9 x 4.4 cm (13 3/16 x 12 9/16 x 1 3/4 in.)
entity:artifact:2:47600,dimensions,(each) H. 23 cm x W. 16.5 cm (9 1/16 x 6 1/2 in.)
entity:artifact:2:47768,dimensions,33.5 x 31.9 x 4.4 cm (13 3/16 x 12 9/16 x 1 3/4 in.)
entity:artifact:2:47769,dimensions,33.5 x 31.9 x 4.4 cm (13 3/16 x 12 9/16 x 1 3/4 in.)
entity:artifact:2:47770,dimensions,33.5 x 31.9 x 4.4 cm (13 3/16 x 12 9/16 x 1 3/4 in.)
entity:artifact:2:47969,dimensions,33.5 x 31.9 x 4.4 cm (13 3/16 x 12 9/16 x 1 3/4 in.)
entity:artifact:2:48082,dimensions,"painting proper: 34 x 28.8 cm (13 3/8 x 11 5/16 in.)
with mounting: 41.6 x 37.4 cm (16 3/8 x 14 3/4 in.)"
entity:artifact:2:48083,dimensions,26 x 16 cm (10 1/4 x 6 5/16 in.)
entity:artifact:2:48084,dimensions,26 x 16 cm (10 1/4 x 6 5/16 in.)
entity:artifact:2:48085,dimensions,26 x 16 cm (10 1/4 x 6 5/16 in.)
entity:artifact:2:48125,dimensions,"painting proper: 33.9 x 28.7 cm (13 3/8 x 11 5/16 in.)
with mounting: 41.7 x 37.4 cm (16 7/16 x 14 3/4 in.)"
entity:artifact:2:48126,dimensions,"painting proper: 33.9 x 28.9 cm (13 3/8 x 11 3/8 in.)
with mounting: 41.6 x 37.3 cm (16 3/8 x 14 11/16 in.)"
entity:artifact:2:48127,dimensions,"painting proper: 33.9 x 28.8 cm (13 3/8 x 11 5/16 in.)
with mounting: 41.7 x 37.4 cm (16 7/16 x 14 3/4 in.)"
entity:artifact:2:48128,dimensions,"painting proper: 34.2 x 29 cm (13 7/16 x 11 7/16 in.)
with mounting: 41.7 x 37.4 cm (16 7/16 x 14 3/4 in.)"
entity:artifact:2:48129,dimensions,26 x 16 cm (10 1/4 x 6 5/16 in.)
entity:artifact:2:48130,dimensions,26 x 16 cm (10 1/4 x 6 5/16 in.)
entity:artifact:2:48131,dimensions,26 x 16 cm (10 1/4 x 6 5/16 in.)
entity:artifact:2:48145,dimensions,"painting proper: 34.2 x 28.8 cm (13 7/16 x 11 5/16 in.)
with mounting: 41.7 x 37.4 cm (16 7/16 x 14 3/4 in.)"
entity:artifact:2:48146,dimensions,"painting proper: 34.2 x 29 cm (13 7/16 x 11 7/16 in.)
with mounting: 41.6 x 37.4 cm (16 3/8 x 14 3/4 in.)"
entity:artifact:2:48147,dimensions,26 x 16 cm (10 1/4 x 6 5/16 in.)
entity:artifact:2:48148,dimensions,26 x 16 cm (10 1/4 x 6 5/16 in.)
entity:artifact:2:48149,dimensions,26 x 16 cm (10 1/4 x 6 5/16 in.)
entity:artifact:2:48182,dimensions,"painting proper: 34.1 x 28.7 cm (13 7/16 x 11 5/16 in.)
with mounting: 41.7 x 37.4 cm (16 7/16 x 14 3/4 in.)"
entity:artifact:2:48183,dimensions,26 x 16 cm (10 1/4 x 6 5/16 in.)
entity:artifact:2:48241,dimensions,33.5 x 31.9 cm (13 3/16 x 12 9/16 in.)
entity:artifact:2:48242,dimensions,33.5 x 31.9 x 4.4 cm (13 3/16 x 12 9/16 x 1 3/4 in.)
entity:artifact:2:48243,dimensions,33.5 x 31.9 x 4.4 cm (13 3/16 x 12 9/16 x 1 3/4 in.)
entity:artifact:2:48289,dimensions,33.5 x 31.9 x 4.4 cm (13 3/16 x 12 9/16 x 1 3/4 in.)
entity:artifact:2:48331,dimensions,33.5 x 31.9 x 4.4 cm (13 3/16 x 12 9/16 x 1 3/4 in.)
entity:artifact:2:48332,dimensions,33.5 x 31.9 x 4.4 cm (13 3/16 x 12 9/16 x 1 3/4 in.)
entity:artifact:2:48370,dimensions,33.5 x 31.9 x 4.4 cm (13 3/16 x 12 9/16 x 1 3/4 in.)
entity:artifact:2:48371,dimensions,33.5 x 31.9 x 4.4 cm (13 3/16 x 12 9/16 x 1 3/4 in.)
entity:artifact:2:48562,dimensions,17.78 x 33.97 cm (7 x 13 3/8 in.)
entity:artifact:2:48563,dimensions,17.78 x 33.97 cm (7 x 13 3/8 in.)
entity:artifact:2:48564,dimensions,17.78 x 33.97 cm (7 x 13 3/8 in.)
entity:artifact:2:48565,dimensions,17.78 x 33.97 cm (7 x 13 3/8 in.)
entity:artifact:2:48601,dimensions,H. 29.2 × W. 38.7 cm (11 1/2 × 15 1/4 in.)
entity:artifact:2:48604,dimensions,painting proper: H. 23.8 x W. 21.1 cm (9 3/8 x 8 5/16 in.)
entity:artifact:2:48661,dimensions,17.78 x 33.97 cm (7 x 13 3/8 in.)
entity:artifact:2:48662,dimensions,17.78 x 33.97 cm (7 x 13 3/8 in.)
entity:artifact:2:48663,dimensions,17.78 x 33.97 cm (7 x 13 3/8 in.)
entity:artifact:2:48664,dimensions,17.78 x 33.97 cm (7 x 13 3/8 in.)
entity:artifact:2:48786,dimensions,painting proper: H. 23.8 x W. 21 cm (9 3/8 x 8 1/4 in.)
entity:artifact:2:48787,dimensions,painting proper: H. 23.7 x W. 20.9 cm (9 5/16 x 8 1/4 in.)
entity:artifact:2:48788,dimensions,painting proper: H. 23.8 x W. 21 cm (9 3/8 x 8 1/4 in.)
entity:artifact:2:48789,dimensions,painting proper: H. 23.8 x W. 21 cm (9 3/8 x 8 1/4 in.)
entity:artifact:2:48828,dimensions,H. 29.2 × W. 38.7 cm (11 1/2 × 15 1/4 in.)
entity:artifact:2:48829,dimensions,H. 29.2 × W. 38.7 cm (11 1/2 × 15 1/4 in.)
entity:artifact:2:48832,dimensions,painting proper: H. 23.8 x W. 21 cm (9 3/8 x 8 1/4 in.)
entity:artifact:2:48833,dimensions,painting proper: H. 23.6 x W. 21 cm (9 5/16 x 8 1/4 in.)
entity:artifact:2:48834,dimensions,H. 29.2 × W. 38.7 cm (11 1/2 × 15 1/4 in.)
entity:artifact:2:48835,dimensions,H. 38.7 × W. 29.2 cm (15 1/4 × 11 1/2 in.)
entity:artifact:2:48837,dimensions,painting proper: H. 23.8 x W. 21 cm (9 3/8 x 8 1/4 in.)
entity:artifact:2:49056,dimensions,H. 29.2 × W. 38.7 cm (11 1/2 × 15 1/4 in.)
entity:artifact:2:49057,dimensions,H. 29.2 × W. 38.7 cm (11 1/2 × 15 1/4 in.)
entity:artifact:2:49101,dimensions,H. 29.2 × W. 38.7 cm (11 1/2 × 15 1/4 in.)
entity:artifact:2:49113,dimensions,H. 29.2 × W. 38.7 cm (11 1/2 × 15 1/4 in.)
entity:artifact:2:49114,dimensions,H. 29.2 × W. 38.7 cm (11 1/2 × 15 1/4 in.)
entity:artifact:2:49115,dimensions,H. 29.2 × W. 38.7 cm (11 1/2 × 15 1/4 in.)
entity:artifact:2:49116,dimensions,H. 29.2 × W. 38.7 cm (11 1/2 × 15 1/4 in.)
entity:artifact:2:49123,dimensions,H. 29.2 × W. 38.7 cm (11 1/2 × 15 1/4 in.)
entity:artifact:2:49124,dimensions,H. 29.2 × W. 38.7 cm (11 1/2 × 15 1/4 in.)
entity:artifact:2:49125,dimensions,H. 29.2 × W. 38.7 cm (11 1/2 × 15 1/4 in.)
entity:artifact:2:49126,dimensions,H. 29.2 × W. 38.7 cm (11 1/2 × 15 1/4 in.)
entity:artifact:2:49154,dimensions,H. 29.2 × W. 38.7 cm (11 1/2 × 15 1/4 in.)
entity:artifact:2:49155,dimensions,H. 29.2 × W. 38.7 cm (11 1/2 × 15 1/4 in.)
entity:artifact:2:49156,dimensions,H. 29.2 × W. 38.7 cm (11 1/2 × 15 1/4 in.)
entity:artifact:2:49224,dimensions,H. 29.2 × W. 38.7 cm (11 1/2 × 15 1/4 in.)
entity:artifact:2:49225,dimensions,H. 29.2 × W. 38.7 cm (11 1/2 × 15 1/4 in.)
entity:artifact:2:49269,dimensions,max. opened:: H. 31.8 x W. 49.7 cm (12 1/2 x 19 9/16 in.)
entity:artifact:2:49523,dimensions,0.65 g
entity:artifact:2:49524,dimensions,0.38 g
entity:artifact:2:49525,dimensions,0.52 g
entity:artifact:2:49526,dimensions,0.52 g
entity:artifact:2:49574,dimensions,3.93 g
entity:artifact:2:49575,dimensions,3.66 g
entity:artifact:2:49576,dimensions,4.63 g
entity:artifact:2:49577,dimensions,4.65 g
entity:artifact:2:49578,dimensions,4.48 g
entity:artifact:2:49579,dimensions,3.69 g
entity:artifact:2:49580,dimensions,4.29 g
entity:artifact:2:49581,dimensions,2.91 g
entity:artifact:2:49582,dimensions,8.81 g
entity:artifact:2:49583,dimensions,2.92 g
entity:artifact:2:49627,dimensions,3.27 g
entity:artifact:2:49628,dimensions,3.66 g
entity:artifact:2:49629,dimensions,4.41 g
entity:artifact:2:49630,dimensions,3.26 g
entity:artifact:2:49631,dimensions,2.35 g
entity:artifact:2:49632,dimensions,2.45 g
entity:artifact:2:49633,dimensions,0.95 g
entity:artifact:2:49634,dimensions,1.51 g
entity:artifact:2:49635,dimensions,2.99 g
entity:artifact:2:49636,dimensions,1.48 g
entity:artifact:2:49663,dimensions,0.48 g
entity:artifact:2:49664,dimensions,7.97 g
entity:artifact:2:49666,dimensions,0.48 g
entity:artifact:2:49667,dimensions,0.93 g
entity:artifact:2:49735,dimensions,"weight: 3.82 g, diameter: 2.4 cm"
entity:artifact:2:49736,dimensions,"weight: 2.88 g, diameter: 2.5 cm"
entity:artifact:2:49737,dimensions,2.26 g
entity:artifact:2:49738,dimensions,0.68 g
entity:artifact:2:49739,dimensions,3.22 g
entity:artifact:2:49740,dimensions,3.54 g
entity:artifact:2:49741,dimensions,3.02 g
entity:artifact:2:49742,dimensions,3.34 g
entity:artifact:2:49743,dimensions,3.17 g
entity:artifact:2:49744,dimensions,3.06 g
entity:artifact:2:49745,dimensions,3.64 g
entity:artifact:2:49746,dimensions,1.65 g
entity:artifact:2:49815,dimensions,3.12 g
entity:artifact:2:49816,dimensions,2.52 g
entity:artifact:2:49817,dimensions,2.66 g
entity:artifact:2:49818,dimensions,4.72 g
entity:artifact:2:49819,dimensions,7.69 g
entity:artifact:2:49820,dimensions,2.34 g
entity:artifact:2:49821,dimensions,3.36 g
entity:artifact:2:49822,dimensions,3.07 g
entity:artifact:2:49852,dimensions,3.5 g
entity:artifact:2:49854,dimensions,3.29 g
entity:artifact:2:49855,dimensions,3.77 g
entity:artifact:2:49856,dimensions,3.4 g
entity:artifact:2:49857,dimensions,2.66 g
entity:artifact:2:49858,dimensions,3.23 g
entity:artifact:2:49859,dimensions,3.07 g
entity:artifact:2:49860,dimensions,4.54 g
entity:artifact:2:49861,dimensions,4.52 g
entity:artifact:2:50060,dimensions,"weight: 2.87 g, diameter:  2.6 cm"
entity:artifact:2:50061,dimensions,"weight: 3.5 g, diameter: 2.5 cm"
entity:artifact:2:50062,dimensions,0.28 g
entity:artifact:2:50063,dimensions,1.1 g
entity:artifact:2:50064,dimensions,2.95 g
entity:artifact:2:50065,dimensions,2.65 g
entity:artifact:2:50066,dimensions,2.72 g
entity:artifact:2:50067,dimensions,3.66 g
entity:artifact:2:50068,dimensions,3.25 g
entity:artifact:2:50069,dimensions,3.23 g
entity:artifact:2:50070,dimensions,3.57 g
entity:artifact:2:50071,dimensions,3.54 g
entity:artifact:2:50072,dimensions,2.63 g
entity:artifact:2:50110,dimensions,3.42 g
entity:artifact:2:50111,dimensions,3.07 g
entity:artifact:2:50112,dimensions,3.77 g
entity:artifact:2:50114,dimensions,3.74 g
entity:artifact:2:50115,dimensions,1.12 g
entity:artifact:2:50116,dimensions,2.63 g
entity:artifact:2:5108,dimensions,H. 7 x Diam. 12.1 cm (2 3/4 x 4 3/4 in.)
entity:artifact:2:5144,dimensions,41.8 x 24.1 cm (16 7/16 x 9 1/2 in.)
entity:artifact:2:5145,dimensions,42 x 24.1 cm (16 9/16 x 9 1/2 in.)
entity:artifact:2:5146,dimensions,H. 13.5 x Diam. 46.0 cm (5 5/16 x 18 1/8 in.)
entity:artifact:2:5189,dimensions,"each painting (average): 41.8 x 24.1 cm (16 7/16 x 9 1/2 in.)
each paper (average): 59.2 x 39 cm (23 5/16 x 15 3/8 in.)"
entity:artifact:2:5204,dimensions,41.8 x 24.1 cm (16 7/16 x 9 1/2 in.)
entity:artifact:2:5205,dimensions,41.7 x 24.1 cm (16 7/16 x 9 1/2 in.)
entity:artifact:2:5215,dimensions,41.9 x 24.2 cm (16 1/2 x 9 1/2 in.)
entity:artifact:2:5216,dimensions,41.8 x 24.1 cm (16 7/16 x 9 1/2 in.)
entity:artifact:2:5217,dimensions,41.8 x 24.1 cm (16 7/16 x 9 1/2 in.)
entity:artifact:2:5218,dimensions,41.8 x 24.1 cm (16 7/16 x 9 1/2 in.)
entity:artifact:2:5219,dimensions,41.8 x 24.1 cm (16 7/16 x 9 1/2 in.)
entity:artifact:2:5220,dimensions,41.8 x 24.1 cm (16 7/16 x 9 1/2 in.)
entity:artifact:2:5221,dimensions,41.8 x 24.1 cm (16 7/16 x 9 1/2 in.)
entity:artifact:2:5222,dimensions,41.8 x 24.1 cm (16 7/16 x 9 1/2 in.)
entity:artifact:2:52757,dimensions,"max.: H. 8.5 × Diam. 20.4 cm (3 3/8 × 8 1/16 in.)
foot: Diam. 7 cm (2 3/4 in.)"
entity:artifact:2:5277,dimensions,Each approx: H. 1 x Diam. 1.5 cm (3/8 x 9/16 in.)
entity:artifact:2:5368,dimensions,41.8 x 24.1 cm (16 7/16 x 9 1/2 in.)
entity:artifact:2:5369,dimensions,41.9 x 24.2 cm (16 1/2 x 9 1/2 in.)
entity:artifact:2:54111,dimensions,31.75 x 27.31 cm (12 1/2 x 10 3/4 in.)
entity:artifact:2:54270,dimensions,35.6 x 36.1 x 11.5 cm (14 x 14 3/16 x 4 1/2 in.)
entity:artifact:2:54271,dimensions,4.6 x 9.6 cm (1 13/16 x 3 3/4 in.)
entity:artifact:2:54272,dimensions,4.5 x 14.5 cm (1 3/4 x 5 11/16 in.)
entity:artifact:2:54285,dimensions,H. 12.4 x Diam. 22.9 cm (4 7/8 x 9 in.)
entity:artifact:2:54286,dimensions,"max.: H. 4.8 × Diam. 17.6 cm (1 7/8 × 6 15/16 in.)
foot: Diam. 6.3 cm (2 1/2 in.)"
entity:artifact:2:54287,dimensions,12 x 25.9 x 18 cm (4 3/4 x 10 3/16 x 7 1/16 in.)
entity:artifact:2:54288,dimensions,H. 5.5 x Diam. 15 cm (2 3/16 x 5 7/8 in.)
entity:artifact:2:54289,dimensions,H. 7.9 × Diam. 18.4 cm (3 1/8 × 7 1/4 in.)
entity:artifact:2:54339,dimensions,H. 7.1 × Diam. 12.3 cm (2 13/16 × 4 13/16 in.)
entity:artifact:2:54340,dimensions,overall: H. 7.7 x Diam. 9.1 cm (3 1/16 x 3 9/16 in.)
entity:artifact:2:54341,dimensions,5 x 12.8 cm (1 15/16 x 5 1/16 in.)
entity:artifact:2:54342,dimensions,"max.: H. 4.7 × Diam. 9.5 cm (1 7/8 × 3 3/4 in.)
mouth: Diam. 9.1 cm (3 9/16 in.)
foot: Diam. 4 cm (1 9/16 in.)"
entity:artifact:2:54343,dimensions,H. 20.6 x Diam. 20.4 cm (8 1/8 x 8 1/16 in.)
entity:artifact:2:54471,dimensions,H. 22.2 x Diam. 19.2 cm (8 3/4 x 7 9/16 in.)
entity:artifact:2:54474,dimensions,H. 3.7 x Diam. 16.7 cm (1 7/16 x 6 9/16 in.)
entity:artifact:2:54481,dimensions,H. 7.9 x Diam. 20.1 cm (3 1/8 x 7 15/16 in.)
entity:artifact:2:54482,dimensions,H. 19.2 x W. 24.4 x Diam. 20.5 cm (7 9/16 x 9 5/8 x 8 1/16 in.)
entity:artifact:2:54550,dimensions,40 x 27.9 cm (15 3/4 x 11 in.)
entity:artifact:2:54630,dimensions,H. 23.6 x W. 21.3 x Diam. 21.2 cm (9 5/16 x 8 3/8 x 8 3/8 in.)
entity:artifact:2:54631,dimensions,6.5 x 38.7 x 24.6 cm (2 9/16 x 15 1/4 x 9 11/16 in.)
entity:artifact:2:54632,dimensions,H. 26 x W. 29.6 x D. 10.6 cm (10 1/4 x 11 5/8 x 4 3/16 in.)
entity:artifact:2:54633,dimensions,H. 5.5 × Diam. 14.7 cm (2 3/16 × 5 13/16 in.)
entity:artifact:2:54634,dimensions,H. 5.2 x Diam. 12.2 cm (2 1/16 x 4 13/16 in.)
entity:artifact:2:54635,dimensions,H. 8.9 x Diam. 33.4 cm (3 1/2 x 13 1/8 in.)
entity:artifact:2:54636,dimensions,H. 24 x W. 18.5 x D. 14.6 cm (9 7/16 x 7 5/16 x 5 3/4 in.)
entity:artifact:2:54860,dimensions,including cover: H. 3.4 x Diam. 5 cm (1 5/16 x 1 15/16 in.)
entity:artifact:2:54861,dimensions,H. 12.2 x D. 31.2 cm (4 13/16 x 12 5/16 in.)
entity:artifact:2:54915,dimensions,12.2 x 34.2 x 37 cm (4 13/16 x 13 7/16 x 14 9/16 in.)
entity:artifact:2:54916,dimensions,each dish (average): 1.3 x 8.6 cm (1/2 x 3 3/8 in.)
entity:artifact:2:54917,dimensions,H. 10.6 x W. 13.5 x D. 11.6 cm (4 3/16 x 5 5/16 x 4 9/16 in.)
entity:artifact:2:54920,dimensions,10.4 x 24.3 x 15.5 cm (4 1/8 x 9 9/16 x 6 1/8 in.)
entity:artifact:2:54939,dimensions,H. 3.9 x Diam. 17.3 cm (1 9/16 x 6 13/16 in.)
entity:artifact:2:54940,dimensions,H. 7 x Diam. 20.7 cm (2 3/4 x 8 1/8 in.)
entity:artifact:2:5499,dimensions,41.8 x 24.1 cm (16 7/16 x 9 1/2 in.)
entity:artifact:2:5500,dimensions,41.8 x 24.1 cm (16 7/16 x 9 1/2 in.)
entity:artifact:2:5501,dimensions,41.8 x 24.1 cm (16 7/16 x 9 1/2 in.)
entity:artifact:2:5502,dimensions,41.8 x 24.1 cm (16 7/16 x 9 1/2 in.)
entity:artifact:2:55195,dimensions,5.1 x 30.1 x 15.5 cm (2 x 11 7/8 x 6 1/8 in.)
entity:artifact:2:5524,dimensions,41.8 x 24.1 cm (16 7/16 x 9 1/2 in.)
entity:artifact:2:5525,dimensions,41.9 x 24.1 cm (16 1/2 x 9 1/2 in.)
entity:artifact:2:55674,dimensions,"mat size, painting and calligraphy together: H. 40.5 × W. 61 cm (15 15/16 × 24 in.)"
entity:artifact:2:5661,dimensions,38.5 x 43 cm (15 3/16 x 16 15/16 in.)
entity:artifact:2:56693,dimensions,7.43 g
entity:artifact:2:56694,dimensions,7.68 g
entity:artifact:2:5673,dimensions,41.9 x 24.1 cm (16 1/2 x 9 1/2 in.)
entity:artifact:2:57191,dimensions,2.66 g
entity:artifact:2:57192,dimensions,5.83 g
entity:artifact:2:57193,dimensions,3.11 g
entity:artifact:2:57205,dimensions,2.95 g
entity:artifact:2:57206,dimensions,3.16 g
entity:artifact:2:57207,dimensions,2.23 g
entity:artifact:2:57216,dimensions,7.52 g
entity:artifact:2:57217,dimensions,0.82 g
entity:artifact:2:58157,dimensions,79 x 55 cm (31 1/8 x 21 5/8 in.)
entity:artifact:2:5859,dimensions,5 x 15.6 x 10.1 cm (1 15/16 x 6 1/8 x 4 in.)
entity:artifact:2:58969,dimensions,H. 28 x Diam. 15.5 cm (11 x 6 1/8 in.)
entity:artifact:2:59008,dimensions,H. 3.9 x W. 5.4 x D. 0.3 cm (1 9/16 x 2 1/8 x 1/8 in.)
entity:artifact:2:6314,dimensions,H. 16.5 x W. 9 x D. 9.5 cm (6 1/2 x 3 9/16 x 3 3/4 in.)
entity:artifact:2:6315,dimensions,"H. 9 x W. 4.5 x D. 1.2 cm (3 9/16 x 1 3/4 x 1/2 in.)
with modern base: 10.8 cm (4 1/4 in.)"
entity:artifact:2:6318,dimensions,H. 20.7 x W. 13.4 x Diam. 11.7 cm (8 1/8 x 5 1/4 x 4 5/8 in.)
entity:artifact:2:64558,dimensions,6.2 x 12.6 cm (2 7/16 x 4 15/16 in.)
entity:artifact:2:64559,dimensions,4.5 x 11.6 cm (1 3/4 x 4 9/16 in.)
entity:artifact:2:6758,dimensions,"max.: H. 12.5 × Diam. 15.2 cm (4 15/16 × 6 in.)
mouth: Diam. 11.6 cm (4 9/16 in.)
foot: Diam. 7.5 cm (2 15/16 in.)"
entity:artifact:2:6759,dimensions,H. 7.9 x Diam. 17.8 cm (3 1/8 x 7 in.)
entity:artifact:2:6760,dimensions,H. 15.2 x Diam. 20 cm (6 x 7 7/8 in.)
entity:artifact:2:6762,dimensions,H. 4 x W. 9 x D. 4.7 cm (1 9/16 x 3 9/16 x 1 7/8 in.)
entity:artifact:2:6786,dimensions,including lid: H. 5 x Diam. 12.1 cm (1 15/16 x 4 3/4 in.)
entity:artifact:2:6791,dimensions,H. 13.2 x W. 38.2 x D. 18.3 cm (5 3/16 x 15 1/16 x 7 3/16 in.)
entity:artifact:2:6797,dimensions,"max.: H. 9.7 × Diam. 22.1 cm (3 13/16 × 8 11/16 in.)
foot: Diam. 6.5 cm (2 9/16 in.)"
entity:artifact:2:70462,dimensions,68.5 x 34.5 cm (26 15/16 x 13 9/16 in.)
entity:artifact:2:70467,dimensions,H. 19.5 x Diam. (across body) 17 cm (7 11/16 x 6 11/16 in.)
entity:artifact:2:70470,dimensions,"painting proper: H. 135.3 x W. 74 cm (53 1/4 x 29 1/8 in.)
with cord and roller ends (approx.): H. 269.2 x W. 101.6 cm (106 x 40 in.)"
entity:artifact:2:70471,dimensions,20.2 x 15.2 cm (7 15/16 x 6 in.)
entity:artifact:2:70472,dimensions,5.5 x 10.9 cm (2 3/16 x 4 5/16 in.)
entity:artifact:2:70508,dimensions,H. 4.6 × Diam. 12.6 cm (1 13/16 × 4 15/16 in.)
entity:artifact:2:70622,dimensions,49.5 x 22.5 x 24.5 cm (19 1/2 x 8 7/8 x 9 5/8 in.)
entity:artifact:2:70635,dimensions,39 x 53.5 cm (15 3/8 x 21 1/16 in.)
entity:artifact:2:70637,dimensions,145.2 x 193 cm (57 3/16 x 76 in.)
entity:artifact:2:70724,dimensions,H. 4 x W. 11.8 x Diam. 9.9 cm (1 9/16 x 4 5/8 x 3 7/8 in.)
entity:artifact:2:70759,dimensions,"68.5 x 138 cm (26 15/16 x 54 5/16 in.)
mounting: 222.3 x 150.5 cm (87 1/2 x 59 1/4 in.)"
entity:artifact:2:72326,dimensions,2.19 g
entity:artifact:2:73665,dimensions,30 x 181.3 cm (11 13/16 x 71 3/8 in.)
entity:artifact:2:73713,dimensions,H. 53.5 x W. 17 x D. 14.6 cm (21 1/16 x 6 11/16 x 5 3/4 in.)
entity:artifact:2:73719,dimensions,H. 6.8 x Diam. 8.5 cm (2 11/16 x 3 3/8 in.)
entity:artifact:2:73720,dimensions,H. 21.4 x W. 10.8 x Diam. 10.6 cm (8 7/16 x 4 1/4 x 4 3/16 in.)
entity:artifact:2:73730,dimensions,H. 13.2 x W. 12.3 x Diam. 11.1 cm (5 3/16 x 4 13/16 x 4 3/8 in.)
entity:artifact:2:73737,dimensions,H. 83.8 cm (33 in.)
entity:artifact:2:77785,dimensions,H. 2.5 x W. 68 x D. 39.5 cm (1 x 26 3/4 x 15 9/16 in.)
entity:artifact:2:77864,dimensions,sight: 25 x 28.7 cm (9 13/16 x 11 5/16 in.)
entity:artifact:2:77878,dimensions,H. 6.1 x W. 17 x Depth 16.8 cm (2 3/8 x 6 11/16 x 6 5/8 in.)
entity:artifact:2:78047,dimensions,"painting proper: 96.2 x 182.3 cm (37 7/8 x 71 3/4 in.)
frame: 122.9 x 209.2 cm (48 3/8 x 82 3/8 in.)"
entity:artifact:2:78048,dimensions,"painting proper: H. 32.3 × L. 359.6 cm (12 11/16 × 141 9/16 in.)
mounting: H. 33.3 cm (13 1/8 in.)"
entity:artifact:2:78261,dimensions,77 x 25.5 x 37 cm (30 5/16 x 10 1/16 x 14 9/16 in.)
entity:artifact:2:8001,dimensions,H. 29.8 cm x Diam. 18.2 cm (11 3/4 in. x 7 3/16 in.)
entity:artifact:2:8002,dimensions,H. 10.5 cm x Diam. 8.8 cm (4 1/8 in. x 3 7/16 in.)
entity:artifact:2:92161,dimensions,Book closed: 9 × 24.5 × 35 cm (3 9/16 × 9 5/8 × 13 3/4 in.)
entity:artifact:2:92536,dimensions,H. 51.5 x W. 31 cm (20 1/4 x 12 3/16 in.)
entity:artifact:2:92622,dimensions,"tray: H. 5.8 x Diam. 25.8 cm (2 5/16 x 10 3/16 in.) 
cups: H. 7.4 x Diam. 8.9 cm (2 15/16 x 3 1/2 in.)"
entity:artifact:2:93260,dimensions,H. 19.5 x W. 27 cm (7 11/16 x 10 5/8 in.)
entity:artifact:2:93619,dimensions,H. 4.2 x Diam. 10 cm (1 5/8 x 3 15/16 in.)
entity:artifact:2:93620,dimensions,H. 10.5 x Diam. 5.7 cm (4 1/8 x 2 1/4 in.)
entity:artifact:2:93621,dimensions,H. 20.4 x Diam. 16.3 cm (8 1/16 x 6 7/16 in.)
entity:artifact:2:93622,dimensions,H. 14.2 x Diam. 22 cm (5 9/16 x 8 11/16 in.)
entity:artifact:2:93653,dimensions,H. 10.1 x W. 11.6 x Diam. 11.5 cm (4 x 4 9/16 x 4 1/2 in.)
entity:artifact:2:93654,dimensions,H. 18.2 x Diam. 17.5 cm (7 3/16 x 6 7/8 in.)
entity:artifact:2:93665,dimensions,8.6 x 13 x 11 cm (3 3/8 x 5 1/8 x 4 5/16 in.)
entity:artifact:2:93703,dimensions,including cover: H. 13.1 x W. 12.5 x Diam. 12.2 cm (5 3/16 x 4 15/16 x 4 13/16 in.)
entity:artifact:2:94061,dimensions,"box, lid on: H. 6 x D. 8.8 x L. 35 cm (2 3/8 x 3 7/16 x 13 3/4 in.)"
entity:artifact:2:94068,dimensions,H. 14 x W. 6.4 x Depth 3.3 cm (5 1/2 x 2 1/2 x 1 5/16 in.)
entity:artifact:2:94213,dimensions,max. opened: H. 31.8 x W. 49.7 cm (12 1/2 x 19 9/16 in.)
entity:artifact:2:94272,dimensions,H.11.2 x W. 5.1 x Depth 2.7 cm (4 7/16 x 2 x 1 1/16 in.)
entity:artifact:2:94273,dimensions,H. 16.8 x W. 6.2 x Depth 6.9 cm (6 5/8 x 2 7/16 x 2 11/16 in.)
entity:artifact:2:94357,dimensions,H. 10.3 x W. 6.2 x Depth 2.8 cm (4 1/16 x 2 7/16 x 1 1/8 in.)
entity:artifact:2:94538,dimensions,H. (to top of horns) 21.1 x W. (max.) 22.2 cm (8 5/16 x 8 3/4 in.)
entity:artifact:2:94615,dimensions,H. 4.7 x Diam. 14 cm (1 7/8 x 5 1/2 in.)
entity:artifact:2:94643,dimensions,20.8 cm (8 3/16 in.)
entity:artifact:2:94669,dimensions,20.8 cm (8 3/16 in.)
entity:artifact:2:94670,dimensions,20.8 cm (8 3/16 in.)
entity:artifact:2:94671,dimensions,20.8 cm (8 3/16 in.)
entity:artifact:2:94680,dimensions,frontispiece: H. 16.7 x W. 59.3 cm (6 9/16 x 23 3/8 in.)
entity:artifact:2:94695,dimensions,20.8 cm (8 3/16 in.)
entity:artifact:2:94696,dimensions,20.8 cm (8 3/16 in.)
entity:artifact:2:96180,dimensions,25.1 cm (9 7/8 in.)
entity:artifact:2:96415,dimensions,60.9 x 31.4 cm (24 x 12 3/8 in.)
entity:artifact:2:96416,dimensions,60.9 x 31.4 cm (24 x 12 3/8 in.)
entity:artifact:2:96417,dimensions,60.9 x 31.4 cm (24 x 12 3/8 in.)
entity:artifact:2:96511,dimensions,31.75 x 27.31 cm (12 1/2 x 10 3/4 in.)
entity:artifact:2:96512,dimensions,31.75 x 27.31 cm (12 1/2 x 10 3/4 in.)
entity:artifact:2:96513,dimensions,31.75 x 27.31 cm (12 1/2 x 10 3/4 in.)
entity:artifact:2:96601,dimensions,"opened, two-page spread: H. 29.9 × W. 50 cm (11 3/4 × 19 11/16 in.)
closed: H. 29.8 × W. 24.8 × D. 2.5 cm (11 3/4 × 9 3/4 × 1 in.)"
entity:artifact:2:96602,dimensions,"opened, two-page spread: H. 29.9 × W. 50 cm (11 3/4 × 19 11/16 in.)
closed: H. 29.9 × W. 24.8 × D. 2.5 cm (11 3/4 × 9 3/4 × 1 in.)"
entity:artifact:2:96603,dimensions,"opened, two-page spread: H. 29.9 × W. 50 cm (11 3/4 × 19 11/16 in.)
closed: H. 29.9 × W. 24.8 × D. 2.5 cm (11 3/4 × 9 3/4 × 1 in.)"
entity:artifact:2:96604,dimensions,"opened, two-page spread: H. 29.9 × W. 50 cm (11 3/4 × 19 11/16 in.)
closed: H. 29.9 × W. 24.8 × D. 2.5 cm (11 3/4 × 9 3/4 × 1 in.)"
entity:artifact:2:96605,dimensions,31.75 x 27.31 cm (12 1/2 x 10 3/4 in.)
entity:artifact:2:96606,dimensions,31.75 x 27.31 cm (12 1/2 x 10 3/4 in.)
entity:artifact:2:96665,dimensions,31.75 x 27.31 cm (12 1/2 x 10 3/4 in.)
entity:artifact:2:96666,dimensions,28.58 x 17.15 cm (11 1/4 x 6 3/4 in.)
entity:artifact:2:96667,dimensions,26.67 x 16.19 cm (10 1/2 x 6 3/8 in.)
entity:artifact:2:96752,dimensions,20.8 cm (8 3/16 in.)
entity:artifact:2:96779,dimensions,31.75 x 27.31 cm (12 1/2 x 10 3/4 in.)
entity:artifact:2:96780,dimensions,31.75 x 27.31 cm (12 1/2 x 10 3/4 in.)
entity:artifact:2:96781,dimensions,31.75 x 27.31 cm (12 1/2 x 10 3/4 in.)
entity:artifact:2:96782,dimensions,31.75 x 27.31 cm (12 1/2 x 10 3/4 in.)
entity:artifact:2:96783,dimensions,31.75 x 27.31 cm (12 1/2 x 10 3/4 in.)
entity:artifact:2:96784,dimensions,31.75 x 27.31 cm (12 1/2 x 10 3/4 in.)
entity:artifact:2:96796,dimensions,31.75 x 27.31 cm (12 1/2 x 10 3/4 in.)
entity:artifact:2:96797,dimensions,31.75 x 27.31 cm (12 1/2 x 10 3/4 in.)
entity:artifact:2:96798,dimensions,31.75 x 27.31 cm (12 1/2 x 10 3/4 in.)
entity:artifact:2:96799,dimensions,31.75 x 27.31 cm (12 1/2 x 10 3/4 in.)
entity:artifact:2:96800,dimensions,31.75 x 27.31 cm (12 1/2 x 10 3/4 in.)
entity:artifact:2:96801,dimensions,31.75 x 27.31 cm (12 1/2 x 10 3/4 in.)
entity:artifact:2:96802,dimensions,31.75 x 27.31 cm (12 1/2 x 10 3/4 in.)
entity:artifact:2:96803,dimensions,31.75 x 27.31 cm (12 1/2 x 10 3/4 in.)
entity:artifact:2:96809,dimensions,31.75 x 27.31 cm (12 1/2 x 10 3/4 in.)
entity:artifact:2:96812,dimensions,31.75 x 27.31 cm (12 1/2 x 10 3/4 in.)
entity:artifact:2:96813,dimensions,31.75 x 27.31 cm (12 1/2 x 10 3/4 in.)
entity:artifact:2:96814,dimensions,31.75 x 27.31 cm (12 1/2 x 10 3/4 in.)
entity:artifact:2:96815,dimensions,31.75 x 27.31 cm (12 1/2 x 10 3/4 in.)
entity:artifact:2:96816,dimensions,31.75 x 27.31 cm (12 1/2 x 10 3/4 in.)
entity:artifact:2:96817,dimensions,31.75 x 27.31 cm (12 1/2 x 10 3/4 in.)
entity:artifact:2:96832,dimensions,57.5 x 58.3 x 17.1 cm (22 5/8 x 22 15/16 x 6 3/4 in.)
entity:artifact:2:96842,dimensions,irregular: 26.7 x 18.1 cm (10 1/2 x 7 1/8 in.)
entity:artifact:2:96873,dimensions,31.75 x 27.31 cm (12 1/2 x 10 3/4 in.)
entity:artifact:2:96874,dimensions,31.75 x 27.31 cm (12 1/2 x 10 3/4 in.)
entity:artifact:2:96875,dimensions,31.75 x 27.31 cm (12 1/2 x 10 3/4 in.)
entity:artifact:2:96876,dimensions,31.75 x 27.31 cm (12 1/2 x 10 3/4 in.)
entity:artifact:2:96877,dimensions,31.75 x 27.31 cm (12 1/2 x 10 3/4 in.)
entity:artifact:2:96878,dimensions,31.75 x 27.31 cm (12 1/2 x 10 3/4 in.)
entity:artifact:2:96879,dimensions,31.75 x 27.31 cm (12 1/2 x 10 3/4 in.)
entity:artifact:2:96914,dimensions,31.75 x 27.31 cm (12 1/2 x 10 3/4 in.)
entity:artifact:2:96915,dimensions,31.75 x 27.31 cm (12 1/2 x 10 3/4 in.)
entity:artifact:2:96916,dimensions,31.75 x 27.31 cm (12 1/2 x 10 3/4 in.)
entity:artifact:2:96917,dimensions,31.75 x 27.31 cm (12 1/2 x 10 3/4 in.)
entity:artifact:2:96918,dimensions,31.75 x 27.31 cm (12 1/2 x 10 3/4 in.)
entity:artifact:2:96919,dimensions,31.75 x 27.31 cm (12 1/2 x 10 3/4 in.)
entity:artifact:2:96937,dimensions,31.75 x 27.31 cm (12 1/2 x 10 3/4 in.)
entity:artifact:2:96938,dimensions,31.75 x 27.31 cm (12 1/2 x 10 3/4 in.)
entity:artifact:2:96939,dimensions,31.75 x 27.31 cm (12 1/2 x 10 3/4 in.)
entity:artifact:2:96940,dimensions,31.75 x 27.31 cm (12 1/2 x 10 3/4 in.)
entity:artifact:2:96941,dimensions,31.75 x 27.31 cm (12 1/2 x 10 3/4 in.)
entity:artifact:2:96942,dimensions,13.02 x 8.26 cm (5 1/8 x 3 1/4 in.)
entity:artifact:2:96966,dimensions,31.75 x 27.31 cm (12 1/2 x 10 3/4 in.)
entity:artifact:2:96967,dimensions,31.75 x 27.31 cm (12 1/2 x 10 3/4 in.)
entity:artifact:2:96968,dimensions,31.75 x 27.31 cm (12 1/2 x 10 3/4 in.)
entity:artifact:2:96979,dimensions,31.75 x 27.31 cm (12 1/2 x 10 3/4 in.)
entity:artifact:2:97017,dimensions,31.75 x 27.31 cm (12 1/2 x 10 3/4 in.)
entity:artifact:2:97103,dimensions,irregular: 26.7 x 18.1 cm (10 1/2 x 7 1/8 in.)
entity:artifact:2:97104,dimensions,irregular: 26.7 x 18.1 cm (10 1/2 x 7 1/8 in.)
entity:artifact:2:97105,dimensions,irregular: 26.7 x 18.1 cm (10 1/2 x 7 1/8 in.)
entity:artifact:2:97106,dimensions,irregular: 26.7 x 18.1 cm (10 1/2 x 7 1/8 in.)
entity:artifact:2:97107,dimensions,irregular: 26.7 x 18.1 cm (10 1/2 x 7 1/8 in.)
entity:artifact:2:97108,dimensions,irregular: 26.7 x 18.1 cm (10 1/2 x 7 1/8 in.)
entity:artifact:2:97209,dimensions,31.75 x 27.31 cm (12 1/2 x 10 3/4 in.)
entity:artifact:2:97210,dimensions,31.75 x 27.31 cm (12 1/2 x 10 3/4 in.)
entity:artifact:2:97255,dimensions,10.9 x 29 x 22.5 cm (4 5/16 x 11 7/16 x 8 7/8 in.)
entity:artifact:2:97276,dimensions,H. 11.5 x Diam. 15.6 cm (4 1/2 x 6 1/8 in.)
entity:artifact:2:97296,dimensions,H. 19.6 x Diam. 23.4 cm (7 11/16 x 9 3/16 in.)
entity:artifact:2:97379,dimensions,17.5 x 34.2 x 37 cm (6 7/8 x 13 7/16 x 14 9/16 in.)
entity:artifact:2:97380,dimensions,H. 8.5 x Diam. 11.3 cm (3 3/8 x 4 7/16 in.)
entity:artifact:2:99543,dimensions,H. 30.5 x Diam. 15.8 cm (12 x 6 1/4 in.)
entity:artifact:2:99777,dimensions,8.6 x 14.9 cm (3 3/8 x 5 7/8 in.)
entity:artifact:2:99779,dimensions,H. 17.8 x Diam. 17.5 cm (7 x 6 7/8 in.)
entity:artifact:2:99837,dimensions,44 x 28.2 x 24.5 cm (17 5/16 x 11 1/8 x 9 5/8 in.)
entity:artifact:2:99839,dimensions,50.2 x 18.9 x 19 cm (19 3/4 x 7 7/16 x 7 1/2 in.)
entity:artifact:2:99840,dimensions,12.9 x 12.3 cm (5 1/16 x 4 13/16 in.)
entity:artifact:2:99841,dimensions,H. 21.1 x W. (across handles) 22.5 x Diam. 25.5 cm (8 5/16 x 8 7/8 x 10 1/16 in.)
entity:artifact:2:99854,dimensions,H. 22.2 x Diam. 17.5 cm (8 3/4 x 6 7/8 in.)
entity:artifact:2:99888,dimensions,H. 11.2 x Diam. 18.7 cm (4 7/16 x 7 3/8 in.)
entity:artifact:2:99889,dimensions,H. 11.6 x Diam. 25 cm (4 9/16 x 9 13/16 in.)
entity:artifact:2:99895,dimensions,H. 20 x Diam. 23.8 cm (7 7/8 x 9 3/8 in.)
entity:artifact:3:00.486,dimensions,Height x width: 23.5 x 23.5 cm (9 1/4 x 9 1/4 in.)
entity:artifact:3:00.488,dimensions,Height x width: 57 x 54 cm (22 7/16 x 21 1/4 in.)
entity:artifact:3:00.581,dimensions,Overall: 10.2 x 7.6 cm (4 x 3 in.)
entity:artifact:3:00.613,dimensions,44.5 x 68 cm (17 1/2 x 26 3/4 in.)
entity:artifact:3:01.5661,dimensions,Header: 64.8 cm (25 1/2 in.)
entity:artifact:3:01.5662,dimensions,Overall: 49 x 68 cm (19 5/16 x 26 3/4 in.)
entity:artifact:3:01.5719,dimensions,Overall: 9.6 x 20.6 cm (3 3/4 x 8 1/8 in.)
entity:artifact:3:01.5721,dimensions,24.6 cm (9 11/16 in.)
entity:artifact:3:01.5722,dimensions,45.4 cm (17 7/8 in.)
entity:artifact:3:01.5726,dimensions,Overall: 45.8 x 13.1 cm (18 1/16 x 5 3/16 in.)
entity:artifact:3:01.5731,dimensions,Overall: 3.8 x 16.9 cm (1 1/2 x 6 5/8 in.)
entity:artifact:3:01.5732,dimensions,Overall: 4.8 x 19.9 cm (1 7/8 x 7 13/16 in.)
entity:artifact:3:01.5745,dimensions,Height: 30.8cm (12 1/8in.)
entity:artifact:3:01.5748,dimensions,Overall: 45.8 cm (18 1/16 in.)
entity:artifact:3:01.5771,dimensions,Overall: 26.4 cm (10 3/8 in.)
entity:artifact:3:01.5772,dimensions,Overall: 26.4 cm (10 3/8 in.)
entity:artifact:3:01.5804,dimensions,Dia. 15 cm (5 7/8 in.)
entity:artifact:3:01.5812,dimensions,2.8 x 10.7 cm (1 1/8 x 4 3/16 in.)
entity:artifact:3:01.6264,dimensions,Overall: 241.9 x 177.2 cm (95 1/4 x 69 3/4 in.)
entity:artifact:3:01.6402,dimensions,Height x width: 2 7/16 x 2 3/16 in. (6.2 x 5.5 cm)
entity:artifact:3:01.6720a-d,dimensions,13.1 x 12 x 11.5 cm (5 3/16 x 4 3/4 x 4 1/2 in.)
entity:artifact:3:02.344,dimensions,Height x width: 13 x 13 9/16 in. (33 x 34.4 cm)
entity:artifact:3:02.345,dimensions,Height x width: 11 3/4 x 12 in. (29.9 x 30.5 cm)
entity:artifact:3:02.346,dimensions,Overall: 39.5 x 38 cm (15 9/16 x 14 15/16 in.)
entity:artifact:3:02.347,dimensions,Overall: 49.5 x 36.5 cm (19 1/2 x 14 3/8 in.)
entity:artifact:3:02.348,dimensions,Overall: 42 x 34.5 cm (16 9/16 x 13 9/16 in.)
entity:artifact:3:02.349,dimensions,Overall: 75 x 34.5 cm (29 1/2 x 13 9/16 in.)
entity:artifact:3:02.350,dimensions,Overall: 75.5 x 49.5 cm (29 3/4 x 19 1/2 in.)
entity:artifact:3:02.353,dimensions,Overall: 50 x 75.5 cm (19 11/16 x 29 3/4 in.)
entity:artifact:3:02.354,dimensions,Overall: 37.5 x 75 cm (14 3/4 x 29 1/2 in.)
entity:artifact:3:02.358,dimensions,Overall: 47.5 x 75.5 cm (18 11/16 x 29 3/4 in.)
entity:artifact:3:02.393,dimensions,134 x 203 cm (52 3/4 x 79 15/16 in.)
entity:artifact:3:02.394,dimensions,140 x 172 cm (55 1/8 x 67 11/16 in.)
entity:artifact:3:02.396,dimensions,140.5 x 219.5 cm (55 5/16 x 86 7/16 in.)
entity:artifact:3:02.397,dimensions,109.5 x 128.2 cm (43 1/8 x 50 1/2 in.)
entity:artifact:3:02.398,dimensions,112.5 x 173.7 cm (44 5/16 x 68 3/8 in.)
entity:artifact:3:02.399,dimensions,113 x 169 cm (44 1/2 x 66 9/16 in.)
entity:artifact:3:02.401,dimensions,75 x 192 cm (29 1/2 x 75 9/16 in.)
entity:artifact:3:02.402,dimensions,103 x 186 cm (40 9/16 x 73 1/4 in.)
entity:artifact:3:02.48,dimensions,138.5 x 197 cm (54 1/2 x 77 9/16 in.)
entity:artifact:3:02.485,dimensions,92.5 x 166.5 cm (36 7/16 x 65 9/16 in.)
entity:artifact:3:02.49,dimensions,139.5 x 206 cm (54 15/16 x 81 1/8 in.)
entity:artifact:3:02.50,dimensions,139.5 x 188.2 cm (54 15/16 x 74 1/8 in.)
entity:artifact:3:02.51,dimensions,130.8 x 205.7 cm (51 1/2 x 81 in.)
entity:artifact:3:02.52,dimensions,140.5 x 188 cm (55 5/16 x 74 in.)
entity:artifact:3:02.53,dimensions,137.2 x 200 cm (54 x 78 3/4 in.)
entity:artifact:3:02.54,dimensions,142.7 x 182.5 cm (56 3/16 x 71 7/8 in.)
entity:artifact:3:02.55,dimensions,Height x width:  139.2 x 188 cm (54 13/16 x 74 in.)
entity:artifact:3:02.56,dimensions,"Overall: 143 x 179.7 cm (56 5/16 x 70 3/4 in.)
Center back, length: 141.6 cm (55 3/4 in.)"
entity:artifact:3:02.57,dimensions,138.6 x 193 cm (54 9/16 x 76 in.)
entity:artifact:3:02.58,dimensions,142.5 x 176.5 cm (56 1/8 x 69 1/2 in.)
entity:artifact:3:02.59,dimensions,115.4 x 156.8 cm (45 7/16 x 61 3/4 in.)
entity:artifact:3:02.60,dimensions,99.5 x 167.6 cm (39 3/16 x 66 in.)
entity:artifact:3:02.62,dimensions,107 x 146.8 cm (42 1/8 x 57 13/16 in.)
entity:artifact:3:02.63,dimensions,95.4 x 130.8 x 91.5 cm (37 9/16 x 51 1/2 x 36 in.)
entity:artifact:3:02.64,dimensions,112.5 x 148.4 cm (44 5/16 x 58 7/16 in.)
entity:artifact:3:02.65,dimensions,117 x 134.7 cm (46 1/16 x 53 1/16 in.)
entity:artifact:3:02.66,dimensions,98.4 x 173.2 cm (38 3/4 x 68 3/16 in.)
entity:artifact:3:02.67,dimensions,144.5 x 220 cm (56 7/8 x 86 5/8 in.)
entity:artifact:3:02.68,dimensions,219 x 60 cm (86 1/4 x 23 5/8 in.)108.0 cm;  L (waistcoat): 70.0 cm
entity:artifact:3:03.100,dimensions,45.5 cm (17 15/16 in.)
entity:artifact:3:03.102,dimensions,Overall: 49 cm (19 5/16 in.)
entity:artifact:3:03.104,dimensions,29.9 x 12.5 cm (11 3/4 x 4 15/16 in.)
entity:artifact:3:03.1046,dimensions,202.5 x 161 cm (79 3/4 x 63 3/8 in.)
entity:artifact:3:03.108,dimensions,19 x 11.2 cm (7 1/2 x 4 7/16 in.)
entity:artifact:3:03.119,dimensions,21.3 cm (8 3/8 in.)
entity:artifact:3:03.122,dimensions,21 cm (8 1/4 in.)
entity:artifact:3:03.146,dimensions,7 x 37.9 cm (2 3/4 x 14 15/16 in.)
entity:artifact:3:03.719,dimensions,23 x 108 cm (9 1/16 x 42 1/2 in.)
entity:artifact:3:03.94,dimensions,Overall: 75.5 cm (29 3/4 in.)
entity:artifact:3:03.99,dimensions,Overall: 43 cm (16 15/16 in.)
entity:artifact:3:04.148,dimensions,Overall: 8 x 19.5 cm (3 1/8 x 7 11/16 in.)
entity:artifact:3:04.1693a,dimensions,104 x 95 cm (40 15/16 x 37 3/8 in.)
entity:artifact:3:04.235,dimensions,122.5 x 79 cm (48 1/4 x 31 1/8 in.)
entity:artifact:3:04.236,dimensions,.328 D.
entity:artifact:3:04.276,dimensions,Height x width: 4 x 10 1/2 in. (10.2 x 26.7 cm)
entity:artifact:3:04.277,dimensions,Height x width: 4 x 10 1/2 in. (10.2 x 26.7 cm)
entity:artifact:3:05.199,dimensions,"Image: 84.5 x 36.4 cm (33 1/4 x 14 5/16 in.)
Framed: 164.5 x 55.4 x 6.4 cm (64 3/4 x 21 13/16 x 2 1/2 in.)"
entity:artifact:3:05.210,dimensions,Overall: 134.5 x 80.3 cm (52 15/16 x 31 5/8 in.)
entity:artifact:3:06.170,dimensions,"Diameter 14 cm (5 1/2 in.), Weight 426 gm (0.94 lb.)"
entity:artifact:3:06.172,dimensions,Overall: 22 x 18 cm (8 11/16 x 7 1/16 in.)
entity:artifact:3:06.173,dimensions,Overall: 10.2 x 20.5 cm (4 x 8 1/16 in.)
entity:artifact:3:06.179a-b,dimensions,"H. 38.5 cm (15 3/16 in.), L. (over handles) 31 cm (12 3/16 in.)"
entity:artifact:3:06.1899,dimensions,"Overall: 55 x 96.9cm (21 5/8 x 38 1/8in.)
Overall: 170 x 110 cm (66 15/16 x 43 5/16 in.)"
entity:artifact:3:06.1902,dimensions,"Image: 139.2 × 80.9 cm (54 13/16 × 31 7/8 in.)
Mount: 220.4 × 109.4 cm (86 3/4 × 43 1/16 in.)
Overall (with hanging space and roller knobs): 223.4 × 116.5 cm (87 15/16 × 45 7/8 in.)"
entity:artifact:3:06.2410,dimensions,Height x width: 53 x 18 cm (20 7/8 x 7 1/16 in.)
entity:artifact:3:07.11,dimensions,75 cm (29 1/2 in.)
entity:artifact:3:07.159,dimensions,"Diameter 10.8 cm (4 1/4 in.), Weight 163 gm (0.36 lb.)"
entity:artifact:3:07.172,dimensions,"Diameter 11.5 cm (4 1/2 in.), Weight 108 gm (0.24 lb.)"
entity:artifact:3:07.203,dimensions,"Diameter 17.1 cm (6 3/4 in.),  Weight 1130 gm (2.49 lb.)"
entity:artifact:3:07.222,dimensions,Overall (diameter): 15.2 cm (6 in.)
entity:artifact:3:07.245,dimensions,"Diameter 16.4 cm (6 7/16 in.), Weight 1172 gm (2.58 lb.)"
entity:artifact:3:07.251,dimensions,Overall: 38.1 x 25.1 cm (15 x 9 7/8 in.)
entity:artifact:3:07.253,dimensions,Overall: 29.6 x 20.8 cm (11 5/8 x 8 3/16 in.)
entity:artifact:3:07.31,dimensions,37cm (14 9/16in.)
entity:artifact:3:07.50,dimensions,"Overall: 5 cm (1 15/16 in.)
Other (diameter): 14.5 cm (5 11/16 in.)"
entity:artifact:3:07.513,dimensions,27.6 x 24 cm (10 7/8 x 9 7/16 in.)
entity:artifact:3:07.66,dimensions,3.5 x 22 cm (1 3/8 x 8 11/16 in.)
entity:artifact:3:07.718,dimensions,Overall: 18.8 x 13.3 cm (7 3/8 x 5 1/4 in.)
entity:artifact:3:07.732,dimensions,24 x 15 x 11.5 cm (9 7/16 x 5 7/8 x 4 1/2 in.)
entity:artifact:3:07.734,dimensions,.151 x .161
entity:artifact:3:07.735,dimensions,Overall: 18 x 16.6 cm (7 1/16 x 6 9/16 in.)
entity:artifact:3:07.738,dimensions,34 x 22.9 x 9.5 cm (13 3/8 x 9 x 3 3/4 in.)
entity:artifact:3:07.740,dimensions,30.7 x 20.5 cm (12 1/16 x 8 1/16 in.)
entity:artifact:3:07.741,dimensions,27.7 x 15.4 x 10.2 cm (10 7/8 x 6 1/16 x 4 in.)
entity:artifact:3:07.743,dimensions,Overall: 28.1 x 17.8cm (11 1/16 x 7in.)
entity:artifact:3:07.750,dimensions,Other (Overall): 73 x 43cm (28 3/4 x 16 15/16in.)
entity:artifact:3:07.76,dimensions,5.5 x 38.2 cm (2 3/16 x 15 1/16 in.)
entity:artifact:3:07.832,dimensions,Overall: 35 x 24.5 cm (13 3/4 x 9 5/8 in.)
entity:artifact:3:07.850,dimensions,27.5 x 37 cm (10 13/16 x 14 9/16 in.)
entity:artifact:3:07.879a,dimensions,"Diameter 15 cm (5 7/8 in.), Weight 513 gm (1.13 lb.)"
entity:artifact:3:08.105,dimensions,"Overall: 193 x 97.4cm (76 x 38 3/8in.)
Other (Overall): 326 x 122cm (128 3/8 x 48 1/16in.)"
entity:artifact:3:08.120,dimensions,221.5 x 183.5 cm (87 3/16 x 72 1/4 in.)
entity:artifact:3:08.121,dimensions,63.6 x 91.7 cm (25 1/16 x 36 1/8 in.)
entity:artifact:3:08.273,dimensions,Height x width: 36 1/2 x 37 1/2 in. (92.7 x 95.3 cm)
entity:artifact:3:08.422,dimensions,"Diameter 13.8 cm (5 7/16 in.), Weight 405 gm (0.89 lb.)"
entity:artifact:3:08.425,dimensions,"Diameter 16.3 cm (6 7/16 in.), Weight 721 gm (1.59 lb.)"
entity:artifact:3:08.426,dimensions,18.6 cm (7 5/16 in.)
entity:artifact:3:08.68,dimensions,Overall (diameter): 20.1 cm (7 15/16 in.)
entity:artifact:3:11.4005,dimensions,"Overall (with hanging height and end-knobs' width): 115.5 × 40.6 cm (45 1/2 × 16 in.)
Image: 29.3 × 20.5 cm (11 9/16 × 8 1/16 in.)
Mount: 113.5 × 36.2 cm (44 11/16 × 14 1/4 in.)"
entity:artifact:3:11.4009,dimensions,"Overall: 137.2 x 84.6 cm (54 x 33 5/16 in.)
Other (Overall): 224 x 105 cm (88 3/16 x 41 5/16 in.)"
entity:artifact:3:11.6148,dimensions,.990 x .479
entity:artifact:3:11.6152,dimensions,"Overall (with hanging height and end-knobs' width): 115.4 × 67.8 cm (45 7/16 × 26 11/16 in.)
Image: 30 × 48.8 cm (11 13/16 × 19 3/16 in.)
Mount: 113.4 × 62.3 cm (44 5/8 × 24 1/2 in.)"
entity:artifact:3:11.6157,dimensions,125.2 x 59.9 cm (49 5/16 x 23 9/16 in.)
entity:artifact:3:14.54,dimensions,"Image: 144.5 × 101 cm (56 7/8 × 39 3/4 in.)
Mount: 284.3 × 116 cm (111 15/16 × 45 11/16 in.)
Overall (with two-point hanging height and end-knobs width): 290 × 127 cm (114 3/16 × 50 in.)"
entity:artifact:3:14.76,dimensions,"Image: 194.7 x 107.8cm (76 5/8 x 42 7/16in.)
Overall: 331 x 136cm (130 5/16 x 53 9/16in.)"
entity:artifact:3:14.80,dimensions,188.6 x 96.7 cm (74 1/4 x 38 1/16 in.)
entity:artifact:3:15.888,dimensions,"Overall: 93.3 x 50.5cm (36 3/4 x 19 7/8in.)
Other (Overall): 196 x 70.7cm (77 3/16 x 27 13/16in.)"
entity:artifact:3:15.891,dimensions,"Image: 186.5 x 95.6cm (73 7/16 x 37 5/8in.)
Overall: 290 x 119.5cm (114 3/16 x 47 1/16in.)"
entity:artifact:3:15.896,dimensions,"Overall: 172.3 x 104.4cm (67 13/16 x 41 1/8in.)
Other (Overall): 267 x 139cm (105 1/8 x 54 3/4in.)"
entity:artifact:3:15.897,dimensions,"Image: 176.4 x 104.3 cm (69 7/16 x 41 1/16 in.)
Overall: 265 x 136 cm (104 5/16 x 53 9/16 in.)"
entity:artifact:3:17.191,dimensions,"Overall: 144 x 89.2cm (56 11/16 x 35 1/8in.)
Other (Overall): 250 x 120cm (98 7/16 x 47 1/4in.)"
entity:artifact:3:17.197,dimensions,140 x 54.9 cm (55 1/8 x 21 5/8 in.)
entity:artifact:3:17.698,dimensions,117 x 62.5 cm (46 1/16 x 24 5/8 in.)
entity:artifact:3:17.746,dimensions,110.5 x 66.2 cm (43 5/16 x 26 1/16 in.)
entity:artifact:3:1973.173,dimensions,"Overall: 163 x 75.6cm (64 3/16 x 29 3/4in.)
Other (Overall): 261 x 103cm (102 3/4 x 40 9/16in.)"
entity:artifact:3:1974.305,dimensions,145.3 x 82.3 cm (57 3/16 x 32 3/8 in.)
entity:artifact:3:1974.528,dimensions,179.5 x 93 cm (70 11/16 x 36 5/8 in.); Legacy dimension: 178.6 x 155.0 cm
entity:artifact:3:1975.314,dimensions,30.2 x 127.2 cm (11 7/8 x 50 1/16 in.)
entity:artifact:3:1979.203,dimensions,165 x 100 cm (64 15/16 x 39 3/8 in.)
entity:artifact:3:29.1155,dimensions,"Overall: 172.6 x 127cm (67 15/16 x 50in.)
Other (Overall): 316.5 x 155cm (124 5/8 x 61in.)"
entity:artifact:3:34.539,dimensions,72 x 122 cm (28 3/8 x 48 1/16 in.)
entity:artifact:3:56.257,dimensions,"Image: 35.5 x 353.3 cm (14 x 139 1/8 in.)
Overall: 36.3 x 787.3 cm (14 5/16 x 309 15/16 in.)"
entity:artifact:3:56.496,dimensions,"Overall: 184 x 80cm (72 7/16 x 31 1/2in.)
Other (Overall): 276 × 91.4 cm (108 11/16 × 36 in.)"
entity:artifact:3:85.21,dimensions,Height x width: 3 3/8 x 24 7/16 in. (8.5 x 62 cm)
entity:artifact:3:85.22,dimensions,Height x width: 3 3/8 x 24 7/16 in. (8.5 x 62 cm)
entity:artifact:3:85.23,dimensions,Height x width: 3 3/8 x 24 5/8 in. (8.5 x 62.5 cm)
entity:artifact:3:85.24,dimensions,Height x width: 2 15/16 x 24 7/16 in. (7.5 x 62 cm)
entity:artifact:3:86.68,dimensions,Height x width: 13 x 31.5 cm (5 1/8 x 12 3/8 in.)
entity:artifact:3:86.69,dimensions,Height x width: 18 x 10.5 cm (7 1/16 x 4 1/8 in.)
entity:artifact:3:86.70,dimensions,Height x width: 12 x 22 cm (4 3/4 x 8 11/16 in.)
entity:artifact:3:87.38,dimensions,Overall: 53.5 x 56 cm (21 1/16 x 22 1/16 in.)
entity:artifact:3:92.2635,dimensions,Overall: 7.9 x 41.7 cm (3 1/8 x 16 7/16 in.)
entity:artifact:3:92.2699,dimensions,Overall: 13.3 x 17.4cm (5 1/4 x 6 7/8in.)
entity:artifact:3:92.2707a-b,dimensions,H. 4.1 x Dia. 7.2 cm (1 5/8 x 2 13/16 in.)
entity:artifact:3:92.2718a-b,dimensions,"Overall: 27.4 x 27.8cm (10 13/16 x 10 15/16in.)
Other (Overall): 29 x 29cm (11 7/16 x 11 7/16in.)
Other (Including handle): 43.8cm (17 1/4in.)"
entity:artifact:3:92.2719,dimensions,39.3 x 5.2 cm (15 1/2 x 2 1/16 in.)
entity:artifact:3:92.2721,dimensions,Height x width: (bag including handle and tassles) 13 x 5 1/2 in. (33 x 14 cm)
entity:artifact:3:92.2722,dimensions,Height x width (includes handle/strings): 9 x 9 1/2 in. (22.9 x 24.1 cm)
entity:artifact:3:92.2723,dimensions,Height x width( includes handle/strings): 9 x 9 in. (22.9 x 22.9 cm)
entity:artifact:3:92.2724,dimensions,Height x width: (bag including handle and tassles) 10 x 3 in. (25.4 x 7.6 cm)
entity:artifact:3:92.2725,dimensions,Overall: 96 x 53.5cm (37 13/16 x 21 1/16in.)
entity:artifact:3:92.2726,dimensions,Other (Overall): 64cm (25 3/16in.)
entity:artifact:3:92.2727,dimensions,Overall: 92 x 55.5cm (36 1/4 x 21 7/8in.)
entity:artifact:3:92.2728,dimensions,Overall: 95 x 54cm (37 3/8 x 21 1/4in.)
entity:artifact:3:92.2729,dimensions,Overall: 94 x 54cm (37 x 21 1/4in.)
entity:artifact:3:92.2730,dimensions,Overall: 96 x 55cm (37 13/16 x 21 5/8in.)
entity:artifact:3:92.2731,dimensions,96 x 54.5 cm (37 13/16 x 21 7/16 in.)
entity:artifact:3:93.1014,dimensions,Height x width: 68.5 x 54 cm (26 15/16 x 21 1/4 in.)
entity:artifact:3:93.1028,dimensions,Height x width: 23 x 16 cm (9 1/16 x 6 5/16 in.)
entity:artifact:3:93.1029,dimensions,Height x width: 14 x 41.5 cm (5 1/2 x 16 5/16 in.)
entity:artifact:3:93.1043,dimensions,Height x width: 13 3/16 x 10 3/8 in. (33.5 x 26.4 cm)
entity:artifact:3:93.1044,dimensions,57 x 57 cm (22 7/16 x 22 7/16 in.)
entity:artifact:3:93.1045,dimensions,Height x width: 18 15/16 x 15 3/16 in. (48.1 x 38.5 cm)
entity:artifact:3:93.1046,dimensions,Height x width: 12 5/16 x 12 1/2 in. (31.2 x 31.8 cm)
entity:artifact:3:93.1086,dimensions,148.7 x 210.4 cm (58 9/16 x 82 13/16 in.)
entity:artifact:3:93.1087,dimensions,Overall: 147 x 121.9 cm (57 7/8 x 48 in.)
entity:artifact:3:93.1122,dimensions,Overall: 58.4 x 19.7 cm (23 x 7 3/4 in.)
entity:artifact:3:93.1123,dimensions,Overall: 19.7 x 57.8 cm (7 3/4 x 22 3/4 in.)
entity:artifact:3:93.1124,dimensions,Overall: 38.1 x 50.8 cm (15 x 20 in.)
entity:artifact:3:93.1125,dimensions,Overall: 36.8 x 46.4 cm (14 1/2 x 18 1/4 in.)
entity:artifact:3:93.1454,dimensions,Height x width: 28 1/8 x 9 7/16 in. (71.5 x 24 cm)
entity:artifact:3:93.1459,dimensions,Height: 9 cm (3 9/16in.; diameter: 15 cm (5 7/8in.)
entity:artifact:3:93.155a,dimensions,H. 72.5 x W. 42.4 x D. 31.2 cm (28 9/16 x 16 11/16 x 12 5/16 in.)
entity:artifact:3:95.1104,dimensions,77 x 76 cm (30 5/16 x 29 15/16 in.)
entity:artifact:3:95.1235,dimensions,Overall: 30.5 x 30.5 cm (12 x 12 in.)
entity:artifact:3:95.1320,dimensions,Overall: 26 x 22.2 cm (10 1/4 x 8 3/4 in.)
entity:artifact:3:95.1321,dimensions,Overall: 24.1 x 19.1 cm (9 1/2 x 7 1/2 in.)
entity:artifact:3:95.1328,dimensions,66.8 x 65.5 cm (26 5/16 x 25 13/16 in.)
entity:artifact:3:95.211,dimensions,12.2 x 137 cm (4 13/16 x 53 15/16 in.)
entity:artifact:3:95.438,dimensions,15.3 cm (6 in.)
entity:artifact:3:95.507,dimensions,26.2 x 10.9 cm (10 5/16 x 4 5/16 in.)
entity:artifact:3:95.512,dimensions,18 x 8.3 cm (7 1/16 x 3 1/4 in.)
entity:artifact:3:95.521,dimensions,Overall: 15.5 x 14.3cm (6 1/8 x 5 5/8in.)
entity:artifact:3:95.538,dimensions,14.6 x 10.9 cm (5 3/4 x 4 5/16 in.)
entity:artifact:3:95.542,dimensions,Overall: 22.3 cm (8 3/4 in.)
entity:artifact:3:95.547,dimensions,12.3 x 17 cm (4 13/16 x 6 11/16 in.)
entity:artifact:3:95.548,dimensions,44.4 cm (17 1/2 in.)
entity:artifact:3:95.553,dimensions,26.4 cm (10 3/8 in.)
entity:artifact:3:95.559,dimensions,Height x diameter: 4.8 × 35.8 cm (1 7/8 × 14 1/8 in.)
entity:artifact:3:95.563a-b,dimensions,16.3 cm (6 7/16 in.)
entity:artifact:3:95.575,dimensions,Overall: 25.1 cm (9 7/8 in.)
entity:artifact:3:95.577a,dimensions,"Height x diameter: 51.5 x 20.3 cm (20 1/4 x 8 in.)
diameter of foot: 5 3/4 in."
entity:artifact:3:95.622,dimensions,"Overall: 7.6cm (3in.)
Other (diameter): 7.3cm (2 7/8in.)"
entity:artifact:3:95.636,dimensions,13 x 12.2 cm (5 1/8 x 4 13/16 in.)
entity:artifact:3:95.697,dimensions,Height 28.8 cm (11 5/16 in.)
entity:artifact:3:95.723,dimensions,"Overall: 11.1cm (4 3/8in.)
Other (diameter of mouth): 5.9cm (2 5/16in.)"
entity:artifact:3:95.725,dimensions,38 cm (14 15/16 in.)
entity:artifact:3:95.742,dimensions,Height x width: 2 5/8 x 2 1/8 in. (6.7 x 5.4 cm)
entity:artifact:3:95.759,dimensions,Height x width: 2 11/16 x 2 5/16 in. (6.8 x 5.8 cm)
entity:artifact:3:95.797,dimensions,Overall: 23.4 x 10.9 cm (9 3/16 x 4 5/16 in.)
entity:artifact:3:95.817,dimensions,Height x width: 3 x 1 9/16 in. (7.6 x 3.9 cm)
entity:artifact:3:95.858,dimensions,"Overall: 45cm (17 11/16in.)
Other (length): 26.5cm (10 7/16in.)"
entity:artifact:3:96.651,dimensions,95 x 141.3 cm (37 3/8 x 55 5/8 in.)
entity:artifact:3:96.652,dimensions,110.5 x 151.1 cm (43 1/2 x 59 1/2 in.)
entity:artifact:3:96.653,dimensions,115.4 x 140 cm (45 7/16 x 55 1/8 in.)
entity:artifact:3:96.654a-b,dimensions,41.1 cm (16 3/16 in.)
entity:artifact:3:97.169,dimensions,Height x width: 66 x 47 cm (26 x 18 1/2 in.)
entity:artifact:3:97.451,dimensions,18.5 x 28.5 cm (7 5/16 x 11 1/4 in.)
entity:artifact:3:97.66,dimensions,142 cm (w) x 279.5 cm (L)
entity:artifact:3:98.12,dimensions,"Overall: 5 cm (1 15/16 in.)
Other (diameter of mouth): 14.9 cm (5 7/8 in.)
Other (diameter of foot): 3.7 cm (1 7/16 in.)"
entity:artifact:3:98.208,dimensions,Overall: 44.5 x 53.3 cm (17 1/2 x 20 15/16 in.)
entity:artifact:3:98.209,dimensions,Overall: 30.8 x 59.5 cm (12 1/8 x 23 7/16 in.)
entity:artifact:3:98.210,dimensions,Overall: 43.5 x 53 cm (17 1/8 x 20 7/8 in.)
entity:artifact:3:98.948,dimensions,.316 x .073
entity:artifact:3:98.955a-c,dimensions,22 x 26.7 cm (8 11/16 x 10 1/2 in.)
entity:artifact:3:99.318,dimensions,Overall: 50.4 cm (19 13/16 in.)
