from,relation,to
entity:artifact:1:ld1-1643381040022-1643381041048-0,materialBase,canvas | oil
entity:artifact:1:ld1-1643381040022-1643381042241-1,materialBase,canvas | oil
entity:artifact:1:ld1-1643381040022-1643381046516-1,materialBase,paper | ink
entity:artifact:1:ld1-1643381040022-1643381046517-0,materialBase,paper
entity:artifact:1:ld1-1643381040022-1643381049785-0,materialBase,paper
entity:artifact:1:ld1-1643381040022-1643381051352-0,materialBase,pigment | paper
entity:artifact:1:ld1-1643381040022-1643381054060-0,materialBase,wood | oil
entity:artifact:1:ld1-1643381040022-1643381054509-0,materialBase,canvas | oil
entity:artifact:1:ld1-1643381040022-1643381055993-0,materialBase,paper | ink
entity:artifact:1:ld1-1643381040022-1643381057843-0,materialBase,paper | wood
entity:artifact:1:ld1-1643381040022-1643381057909-1,materialBase,canvas | oil
entity:artifact:1:ld1-1643381040022-1643381058884-1,materialBase,wood
entity:artifact:1:ld1-1643381040022-1643381058893-0,materialBase,ivory | paper
entity:artifact:1:ld1-1643381040022-1643381058911-1,materialBase,textile | ivory | paper
entity:artifact:1:ld1-1643381040022-1643381058913-0,materialBase,textile | paper | wood
entity:artifact:1:ld1-1643381040022-1643381058914-1,materialBase,enamel | metal
entity:artifact:1:ld1-1643381040022-1643381058918-1,materialBase,ivory
entity:artifact:1:ld1-1643381040022-1643381058919-0,materialBase,shell
entity:artifact:1:ld1-1643381040022-1643381058925-0,materialBase,textile | ivory
entity:artifact:1:ld1-1643381040022-1643381058946-1,materialBase,wood
entity:artifact:1:ld1-1643381040022-1643381059066-0,materialBase,ivory | silk
entity:artifact:1:ld1-1643381040022-1643381059156-0,materialBase,glass
entity:artifact:1:ld1-1643381040022-1643381060180-0,materialBase,paper | pigment
entity:artifact:1:ld1-1643381040022-1643381060244-1,materialBase,paper
entity:artifact:1:ld1-1643381040022-1643381060334-0,materialBase,paper | pigment
entity:artifact:1:ld1-1643381040022-1643381062968-0,materialBase,paper | wood
entity:artifact:1:ld1-1643381040022-1643381064179-0,materialBase,canvas | oil
entity:artifact:1:ld1-1643381040022-1643381066704-1,materialBase,ivory
entity:artifact:1:ld1-1643381040022-1643381066706-1,materialBase,ivory
entity:artifact:1:ld1-1643381040022-1643381066708-0,materialBase,ivory
entity:artifact:1:ld1-1643381040022-1643381066735-0,materialBase,silver | enamel
entity:artifact:1:ld1-1643390182193-1643390182369-0,materialBase,silk | pigment | ink
entity:artifact:1:ld1-1643390182193-1643390182438-0,materialBase,bronze
entity:artifact:1:ld1-1643390182193-1643390182789-0,materialBase,earthenware | copper
entity:artifact:1:ld1-1643390182193-1643390182964-0,materialBase,earthenware | wood
entity:artifact:1:ld1-1643390182193-1643390183003-0,materialBase,earthenware | lacquer | gold
entity:artifact:1:ld1-1643390182193-1643390183661-0,materialBase,paper | pigment | gold | ink
entity:artifact:1:ld1-1643390182193-1643390183697-0,materialBase,earthenware | copper | metal
entity:artifact:1:ld1-1643390182193-1643390183796-0,materialBase,paper | pigment | gold | ink
entity:artifact:1:ld1-1643390182193-1643390183796-1,materialBase,paper | pigment | gold | ink
entity:artifact:1:ld1-1643390182193-1643390183898-0,materialBase,earthenware | copper | metal
entity:artifact:1:ld1-1643390182193-1643390184155-0,materialBase,earthenware | copper | metal
entity:artifact:1:ld1-1643390182193-1643390184156-0,materialBase,earthenware | copper | metal
entity:artifact:1:ld1-1643390182193-1643390184157-0,materialBase,earthenware | copper | metal
entity:artifact:1:ld1-1643390182193-1643390184158-0,materialBase,earthenware | copper | metal
entity:artifact:1:ld1-1643390182193-1643390184159-0,materialBase,earthenware | copper | metal
entity:artifact:1:ld1-1643390182193-1643390184220-1,materialBase,gold | silk
entity:artifact:1:ld1-1643390182193-1643390184307-0,materialBase,paper | pigment | gold
entity:artifact:1:ld1-1643390182193-1643390184337-0,materialBase,paper | ink
entity:artifact:1:ld1-1643390182193-1643390184342-0,materialBase,silk | pigment | ink
entity:artifact:1:ld1-1643390182193-1643390184345-0,materialBase,silk | pigment | ink
entity:artifact:1:ld1-1643390182193-1643390184347-0,materialBase,canvas | gold
entity:artifact:1:ld1-1643390182193-1643390184613-0,materialBase,lacquer
entity:artifact:1:ld1-1643390182193-1643390184722-0,materialBase,paper | ink
entity:artifact:1:ld1-1643390182193-1643390184723-0,materialBase,silk | pigment | ink
entity:artifact:1:ld1-1643390182193-1643390184728-0,materialBase,silk | pigment | ink
entity:artifact:1:ld1-1643390182193-1643390184737-0,materialBase,paper | ink
entity:artifact:1:ld1-1643390182193-1643390184810-0,materialBase,earthenware | copper | metal
entity:artifact:1:ld1-1643390182193-1643390184821-0,materialBase,earthenware | copper | metal
entity:artifact:1:ld1-1643390182193-1643390184828-0,materialBase,silk | pigment | ink
entity:artifact:1:ld1-1643390182193-1643390184854-0,materialBase,silk | pigment | ink
entity:artifact:1:ld1-1643390182193-1643390184879-0,materialBase,silk | pigment | ink
entity:artifact:1:ld1-1643390182193-1643390185005-0,materialBase,earthenware | copper | metal
entity:artifact:1:ld1-1643390182193-1643390185006-0,materialBase,earthenware | copper | metal
entity:artifact:1:ld1-1643390182193-1643390185007-0,materialBase,earthenware | copper | metal
entity:artifact:1:ld1-1643390182193-1643390185009-0,materialBase,earthenware | copper | metal
entity:artifact:1:ld1-1643390182193-1643390185010-0,materialBase,earthenware | copper | metal
entity:artifact:1:ld1-1643390182193-1643390185011-0,materialBase,earthenware | copper | metal
entity:artifact:1:ld1-1643390182193-1643390185115-1,materialBase,textile
entity:artifact:1:ld1-1643390182193-1643390185147-1,materialBase,silk | ink
entity:artifact:1:ld1-1643390182193-1643390185158-0,materialBase,textile
entity:artifact:1:ld1-1643390182193-1643390185171-0,materialBase,silk | pigment | ink
entity:artifact:1:ld1-1643390182193-1643390185212-0,materialBase,silk | ink
entity:artifact:1:ld1-1643390182193-1643390185213-0,materialBase,silk | ink
entity:artifact:1:ld1-1643390182193-1643390185233-0,materialBase,earthenware | copper | metal
entity:artifact:1:ld1-1643390182193-1643390185239-0,materialBase,pigment | lacquer | gold
entity:artifact:1:ld1-1643390182193-1643390185379-0,materialBase,earthenware | copper | metal
entity:artifact:1:ld1-1643390182193-1643390185380-0,materialBase,earthenware | copper | metal
entity:artifact:1:ld1-1643390182193-1643390185381-0,materialBase,earthenware | copper | metal
entity:artifact:1:ld1-1643390182193-1643390185382-0,materialBase,earthenware | copper | metal
entity:artifact:1:ld1-1643390182193-1643390185382-1,materialBase,earthenware | copper | metal
entity:artifact:1:ld1-1643390182193-1643390185383-0,materialBase,earthenware | copper | metal
entity:artifact:1:ld1-1643390182193-1643390185394-1,materialBase,silk | ink
entity:artifact:1:ld1-1643390182193-1643390185400-0,materialBase,silk | pigment | ink
entity:artifact:1:ld1-1643390182193-1643390185439-0,materialBase,earthenware | copper | metal
entity:artifact:1:ld1-1643390182193-1643390185475-0,materialBase,bronze
entity:artifact:1:ld1-1643390182193-1643390185476-0,materialBase,bronze
entity:artifact:1:ld1-1643390182193-1643390185477-0,materialBase,bronze
entity:artifact:1:ld1-1643390182193-1643390185478-0,materialBase,bronze
entity:artifact:1:ld1-1643390182193-1643390185489-0,materialBase,earthenware | copper | metal
entity:artifact:1:ld1-1643390182193-1643390185490-0,materialBase,earthenware | copper | metal
entity:artifact:1:ld1-1643390182193-1643390185502-0,materialBase,earthenware | copper | metal
entity:artifact:1:ld1-1643390182193-1643390185503-0,materialBase,earthenware | copper | metal
entity:artifact:1:ld1-1643390182193-1643390185504-0,materialBase,earthenware | copper | metal
entity:artifact:1:ld1-1643390182193-1643390185557-0,materialBase,silk | pigment | ink
entity:artifact:1:ld1-1643390182193-1643390185559-0,materialBase,silk | ink
entity:artifact:1:ld1-1643390182193-1643390185559-1,materialBase,silk | ink
entity:artifact:1:ld1-1643390182193-1643390185560-0,materialBase,silk | ink
entity:artifact:1:ld1-1643390182193-1643390185859-1,materialBase,bronze
entity:artifact:1:ld1-1643390182193-1643390185861-1,materialBase,bronze
entity:artifact:1:ld1-1643390182193-1643390185863-0,materialBase,bronze
entity:artifact:1:ld1-1643390182193-1643390185954-0,materialBase,silk | ink
entity:artifact:1:ld1-1643390182193-1643390185955-0,materialBase,silk | ink
entity:artifact:1:ld1-1643390182193-1643390185990-0,materialBase,earthenware | copper | metal
entity:artifact:1:ld1-1643390182193-1643390185990-1,materialBase,earthenware | copper | metal
entity:artifact:1:ld1-1643390182193-1643390185991-0,materialBase,earthenware | copper | metal
entity:artifact:1:ld1-1643390182193-1643390186230-0,materialBase,silk | pigment | ink
entity:artifact:1:ld1-1643390182193-1643390186421-0,materialBase,stone
entity:artifact:1:ld1-1643390182193-1643390186422-0,materialBase,stone
entity:artifact:1:ld1-1643390182193-1643390186427-0,materialBase,stone
entity:artifact:1:ld1-1643390182193-1643390186428-0,materialBase,stone
entity:artifact:1:ld1-1643390182193-1643390186429-0,materialBase,stone
entity:artifact:1:ld1-1643390182193-1643390186431-0,materialBase,stone
entity:artifact:1:ld1-1643390182193-1643390186434-0,materialBase,stone
entity:artifact:1:ld1-1643390182193-1643390186435-0,materialBase,stone
entity:artifact:1:ld1-1643390182193-1643390186436-0,materialBase,stone
entity:artifact:1:ld1-1643390182193-1643390186438-0,materialBase,stone
entity:artifact:1:ld1-1643390182193-1643390186440-0,materialBase,earthenware
entity:artifact:1:ld1-1643390182193-1643390186482-0,materialBase,silk | pigment | ink
entity:artifact:1:ld1-1643390182193-1643390186483-0,materialBase,silk | pigment | ink
entity:artifact:1:ld1-1643390182193-1643390186484-0,materialBase,pigment | silk | ink
entity:artifact:1:ld1-1643390182193-1643390186488-0,materialBase,silk | ink
entity:artifact:1:ld1-1643390182193-1643390186489-0,materialBase,silk | pigment | ink
entity:artifact:1:ld1-1643390182193-1643390186490-0,materialBase,silk | pigment | ink
entity:artifact:1:ld1-1643390182193-1643390186493-0,materialBase,silk | pigment | ink
entity:artifact:1:ld1-1643390182193-1643390186494-0,materialBase,pigment | silk | ink
entity:artifact:1:ld1-1643390182193-1643390186495-1,materialBase,paper | ink
entity:artifact:1:ld1-1643390182193-1643390186496-0,materialBase,paper | pigment | ink
entity:artifact:1:ld1-1643390182193-1643390186498-0,materialBase,silk | pigment | ink
entity:artifact:1:ld1-1643390182193-1643390186502-0,materialBase,silk | ink
entity:artifact:1:ld1-1643390182193-1643390186507-0,materialBase,silk | pigment | ink
entity:artifact:1:ld1-1643390182193-1643390186509-0,materialBase,silk | pigment | ink
entity:artifact:1:ld1-1643390182193-1643390186510-0,materialBase,paper | pigment | ink
entity:artifact:1:ld1-1643390182193-1643390186513-0,materialBase,pigment | silk | ink
entity:artifact:1:ld1-1643390182193-1643390186515-0,materialBase,silk | pigment | ink
entity:artifact:1:ld1-1643390182193-1643390186517-0,materialBase,silk | pigment | ink
entity:artifact:1:ld1-1643390182193-1643390186518-0,materialBase,silk | pigment | ink
entity:artifact:1:ld1-1643390182193-1643390186519-0,materialBase,silk | pigment | ink
entity:artifact:1:ld1-1643390182193-1643390186521-1,materialBase,silk | pigment | ink
entity:artifact:1:ld1-1643390182193-1643390186522-0,materialBase,silk | pigment | gold | ink
entity:artifact:1:ld1-1643390182193-1643390186523-0,materialBase,silk | pigment | ink
entity:artifact:1:ld1-1643390182193-1643390186525-0,materialBase,silk | pigment | ink
entity:artifact:1:ld1-1643390182193-1643390186526-0,materialBase,silk | pigment | ink
entity:artifact:1:ld1-1643390182193-1643390186527-0,materialBase,pigment | silk | ink
entity:artifact:1:ld1-1643390182193-1643390186528-0,materialBase,silk | pigment | ink
entity:artifact:1:ld1-1643390182193-1643390186529-0,materialBase,paper | pigment | ink
entity:artifact:1:ld1-1643390182193-1643390186534-0,materialBase,paper | ink
entity:artifact:1:ld1-1643390182193-1643390186536-0,materialBase,silk | pigment | ink
entity:artifact:1:ld1-1643390182193-1643390186539-0,materialBase,silk | pigment | ink
entity:artifact:1:ld1-1643390182193-1643390186541-0,materialBase,silk | pigment | gold | ink
entity:artifact:1:ld1-1643390182193-1643390186542-0,materialBase,silk | pigment | ink
entity:artifact:1:ld1-1643390182193-1643390186544-0,materialBase,paper | ink
entity:artifact:1:ld1-1643390182193-1643390186545-1,materialBase,silk | pigment | ink
entity:artifact:1:ld1-1643390182193-1643390186547-0,materialBase,silk | pigment | ink
entity:artifact:1:ld1-1643390182193-1643390186548-0,materialBase,silk | pigment | ink
entity:artifact:1:ld1-1643390182193-1643390186550-0,materialBase,paper | ink
entity:artifact:1:ld1-1643390182193-1643390186551-0,materialBase,silk | pigment | ink
entity:artifact:1:ld1-1643390182193-1643390186552-0,materialBase,silk | pigment | ink
entity:artifact:1:ld1-1643390182193-1643390186553-0,materialBase,silk | pigment | ink
entity:artifact:1:ld1-1643390182193-1643390186554-0,materialBase,silk | pigment | gold | ink
entity:artifact:1:ld1-1643390182193-1643390186555-0,materialBase,silk | pigment | ink
entity:artifact:1:ld1-1643390182193-1643390186556-0,materialBase,silk | pigment | gold | ink
entity:artifact:1:ld1-1643390182193-1643390186558-1,materialBase,pigment | silk
entity:artifact:1:ld1-1643390182193-1643390186560-0,materialBase,silk | pigment | ink
entity:artifact:1:ld1-1643390182193-1643390186561-0,materialBase,pigment | silk
entity:artifact:1:ld1-1643390182193-1643390186562-0,materialBase,pigment | silk
entity:artifact:1:ld1-1643390182193-1643390186563-0,materialBase,silk | ink
entity:artifact:1:ld1-1643390182193-1643390186564-1,materialBase,silk | pigment
entity:artifact:1:ld1-1643390182193-1643390186566-0,materialBase,silk | pigment | ink
entity:artifact:1:ld1-1643390182193-1643390186566-1,materialBase,silk | pigment | ink
entity:artifact:1:ld1-1643390182193-1643390186568-0,materialBase,silk | pigment | ink
entity:artifact:1:ld1-1643390182193-1643390186569-0,materialBase,silk | pigment | ink
entity:artifact:1:ld1-1643390182193-1643390186576-0,materialBase,silk | pigment | ink
entity:artifact:1:ld1-1643390182193-1643390186576-1,materialBase,silk | ink
entity:artifact:1:ld1-1643390182193-1643390186578-0,materialBase,silk | ink
entity:artifact:1:ld1-1643390182193-1643390186579-0,materialBase,silk | pigment | ink
entity:artifact:1:ld1-1643390182193-1643390186579-1,materialBase,silk | pigment | ink
entity:artifact:1:ld1-1643390182193-1643390186581-0,materialBase,silk | pigment | ink
entity:artifact:1:ld1-1643390182193-1643390186583-0,materialBase,silk | pigment | gold | ink
entity:artifact:1:ld1-1643390182193-1643390186584-0,materialBase,silk | pigment | ink
entity:artifact:1:ld1-1643390182193-1643390186584-1,materialBase,silk | pigment | ink
entity:artifact:1:ld1-1643390182193-1643390186585-0,materialBase,silk | pigment | ink
entity:artifact:1:ld1-1643390182193-1643390186586-0,materialBase,silk | pigment | ink
entity:artifact:1:ld1-1643390182193-1643390186587-0,materialBase,silk | pigment
entity:artifact:1:ld1-1643390182193-1643390186589-0,materialBase,silk | ink
entity:artifact:1:ld1-1643390182193-1643390186590-0,materialBase,silk | pigment | gold | ink
entity:artifact:1:ld1-1643390182193-1643390186592-0,materialBase,silk | pigment | ink
entity:artifact:1:ld1-1643390182193-1643390186593-0,materialBase,silk | pigment | ink
entity:artifact:1:ld1-1643390182193-1643390186594-0,materialBase,silk | pigment | ink
entity:artifact:1:ld1-1643390182193-1643390186597-1,materialBase,silk | pigment | ink
entity:artifact:1:ld1-1643390182193-1643390186598-0,materialBase,silk | ink
entity:artifact:1:ld1-1643390182193-1643390186599-1,materialBase,silk | pigment
entity:artifact:1:ld1-1643390182193-1643390186600-0,materialBase,silk | pigment | ink
entity:artifact:1:ld1-1643390182193-1643390186606-1,materialBase,silk | pigment | ink
entity:artifact:1:ld1-1643390182193-1643390186607-0,materialBase,silk | pigment | ink
entity:artifact:1:ld1-1643390182193-1643390186608-0,materialBase,silk | pigment | ink
entity:artifact:1:ld1-1643390182193-1643390186608-1,materialBase,silk | pigment | ink
entity:artifact:1:ld1-1643390182193-1643390186609-0,materialBase,silk | pigment | ink
entity:artifact:1:ld1-1643390182193-1643390186610-0,materialBase,silk | pigment | ink
entity:artifact:1:ld1-1643390182193-1643390186611-0,materialBase,silk | pigment | ink
entity:artifact:1:ld1-1643390182193-1643390186615-1,materialBase,silk | pigment | ink
entity:artifact:1:ld1-1643390182193-1643390186616-0,materialBase,silk | pigment | ink
entity:artifact:1:ld1-1643390182193-1643390186617-0,materialBase,silk | pigment | ink
entity:artifact:1:ld1-1643390182193-1643390186618-0,materialBase,silk | pigment | ink
entity:artifact:1:ld1-1643390182193-1643390186619-0,materialBase,silk | pigment | ink
entity:artifact:1:ld1-1643390182193-1643390186620-0,materialBase,silk | pigment | ink
entity:artifact:1:ld1-1643390182193-1643390186621-0,materialBase,silk | pigment | ink
entity:artifact:1:ld1-1643390182193-1643390186621-1,materialBase,silk | pigment | ink
entity:artifact:1:ld1-1643390182193-1643390186622-0,materialBase,silk | pigment | ink
entity:artifact:1:ld1-1643390182193-1643390186623-0,materialBase,paper | ink
entity:artifact:1:ld1-1643390182193-1643390186628-0,materialBase,silk | pigment | ink
entity:artifact:1:ld1-1643390182193-1643390186632-0,materialBase,silk | pigment | ink
entity:artifact:1:ld1-1643390182193-1643390186635-0,materialBase,paper | ink
entity:artifact:1:ld1-1643390182193-1643390186638-0,materialBase,silk | ink
entity:artifact:1:ld1-1643390182193-1643390186640-0,materialBase,silk | ink
entity:artifact:1:ld1-1643390182193-1643390186641-0,materialBase,silk | ink
entity:artifact:1:ld1-1643390182193-1643390186642-0,materialBase,silk | pigment | ink
entity:artifact:1:ld1-1643390182193-1643390186645-0,materialBase,silk | ink
entity:artifact:1:ld1-1643390182193-1643390186650-1,materialBase,bronze
entity:artifact:1:ld1-1643390182193-1643390186651-0,materialBase,bronze
entity:artifact:1:ld1-1643390182193-1643390186654-0,materialBase,bronze
entity:artifact:1:ld1-1643390182193-1643390186655-0,materialBase,bronze
entity:artifact:1:ld1-1643390182193-1643390186656-0,materialBase,bronze
entity:artifact:1:ld1-1643390182193-1643390186657-0,materialBase,bronze
entity:artifact:1:ld1-1643390182193-1643390186658-0,materialBase,bronze
entity:artifact:1:ld1-1643390182193-1643390186659-0,materialBase,bronze
entity:artifact:1:ld1-1643390182193-1643390186660-0,materialBase,bronze
entity:artifact:1:ld1-1643390182193-1643390186661-0,materialBase,bronze
entity:artifact:1:ld1-1643390182193-1643390186666-1,materialBase,bronze
entity:artifact:1:ld1-1643390182193-1643390186667-0,materialBase,bronze
entity:artifact:1:ld1-1643390182193-1643390186668-1,materialBase,bronze
entity:artifact:1:ld1-1643390182193-1643390186670-0,materialBase,bronze
entity:artifact:1:ld1-1643390182193-1643390186671-0,materialBase,stone
entity:artifact:1:ld1-1643390182193-1643390186672-1,materialBase,stone
entity:artifact:1:ld1-1643390182193-1643390186673-0,materialBase,stone
entity:artifact:1:ld1-1643390182193-1643390186675-0,materialBase,pigment | stone
entity:artifact:1:ld1-1643390182193-1643390186676-0,materialBase,stone
entity:artifact:1:ld1-1643390182193-1643390186677-0,materialBase,stone
entity:artifact:1:ld1-1643390182193-1643390186677-1,materialBase,stone | pigment
entity:artifact:1:ld1-1643390182193-1643390186680-0,materialBase,pigment | stone
entity:artifact:1:ld1-1643390182193-1643390186681-0,materialBase,stone
entity:artifact:1:ld1-1643390182193-1643390186681-1,materialBase,stone
entity:artifact:1:ld1-1643390182193-1643390186684-1,materialBase,earthenware | wood
entity:artifact:1:ld1-1643390182193-1643390186705-0,materialBase,earthenware | copper | metal
entity:artifact:1:ld1-1643390182193-1643390186706-0,materialBase,earthenware | copper | metal
entity:artifact:1:ld1-1643390182193-1643390186708-0,materialBase,earthenware | iron | metal
entity:artifact:1:ld1-1643390182193-1643390186711-0,materialBase,bronze
entity:artifact:1:ld1-1643390182193-1643390186711-1,materialBase,bronze
entity:artifact:1:ld1-1643390182193-1643390186712-0,materialBase,bronze
entity:artifact:1:ld1-1643390182193-1643390186715-0,materialBase,bronze
entity:artifact:1:ld1-1643390182193-1643390186715-1,materialBase,bronze
entity:artifact:1:ld1-1643390182193-1643390186723-0,materialBase,wood
entity:artifact:1:ld1-1643390182193-1643390186746-1,materialBase,pigment | silk | ink
entity:artifact:1:ld1-1643390182193-1643390186747-0,materialBase,earthenware | pigment
entity:artifact:1:ld1-1643390182193-1643390186748-0,materialBase,earthenware | pigment
entity:artifact:1:ld1-1643390182193-1643390186760-1,materialBase,silk
entity:artifact:1:ld1-1643390182193-1643390186761-0,materialBase,silk | pigment | gold | ink
entity:artifact:1:ld1-1643390182193-1643390186763-0,materialBase,paper | ink
entity:artifact:1:ld1-1643390182193-1643390186763-1,materialBase,silk | pigment | ink
entity:artifact:1:ld1-1643390182193-1643390187678-0,materialBase,stone
entity:artifact:1:ld1-1643390182193-1643390187681-0,materialBase,paper | pigment | ink
entity:artifact:1:ld1-1643390182193-1643390187686-0,materialBase,stone
entity:artifact:1:ld1-1643390182193-1643390187686-1,materialBase,stone
entity:artifact:1:ld1-1643390182193-1643390187687-0,materialBase,earthenware | copper | metal
entity:artifact:1:ld1-1643390182193-1643390187688-0,materialBase,earthenware | wood
entity:artifact:1:ld1-1643390182193-1643390187734-0,materialBase,silk | pigment | ink
entity:artifact:1:ld1-1643390182193-1643390187735-0,materialBase,silk | ink
entity:artifact:1:ld1-1643390182193-1643390187736-0,materialBase,silk | ink
entity:artifact:1:ld1-1643390182193-1643390187737-0,materialBase,silk | pigment | ink
entity:artifact:1:ld1-1643390182193-1643390187740-0,materialBase,jade
entity:artifact:1:ld1-1643390182193-1643390187741-0,materialBase,stone
entity:artifact:1:ld1-1643390182193-1643390187742-0,materialBase,bronze
entity:artifact:1:ld1-1643390182193-1643390187742-1,materialBase,bronze
entity:artifact:1:ld1-1643390182193-1643390187743-0,materialBase,bronze
entity:artifact:1:ld1-1643390182193-1643390187744-0,materialBase,bronze
entity:artifact:1:ld1-1643390182193-1643390187745-1,materialBase,bronze
entity:artifact:1:ld1-1643390182193-1643390187747-0,materialBase,bronze
entity:artifact:1:ld1-1643390182193-1643390187747-1,materialBase,bronze
entity:artifact:1:ld1-1643390182193-1643390187748-0,materialBase,bronze
entity:artifact:1:ld1-1643390182193-1643390187749-0,materialBase,bronze | wood
entity:artifact:1:ld1-1643390182193-1643390187749-1,materialBase,bronze
entity:artifact:1:ld1-1643390182193-1643390187750-0,materialBase,bronze
entity:artifact:1:ld1-1643390182193-1643390187753-0,materialBase,bronze
entity:artifact:1:ld1-1643390182193-1643390187753-1,materialBase,bronze
entity:artifact:1:ld1-1643390182193-1643390187754-0,materialBase,bronze
entity:artifact:1:ld1-1643390182193-1643390187755-0,materialBase,bronze
entity:artifact:1:ld1-1643390182193-1643390187757-0,materialBase,bronze
entity:artifact:1:ld1-1643390182193-1643390187757-1,materialBase,bronze
entity:artifact:1:ld1-1643390182193-1643390187758-0,materialBase,bronze
entity:artifact:1:ld1-1643390182193-1643390187759-0,materialBase,bronze
entity:artifact:1:ld1-1643390182193-1643390187760-0,materialBase,bronze
entity:artifact:1:ld1-1643390182193-1643390187760-1,materialBase,bronze
entity:artifact:1:ld1-1643390182193-1643390187761-0,materialBase,bronze
entity:artifact:1:ld1-1643390182193-1643390187762-0,materialBase,bronze
entity:artifact:1:ld1-1643390182193-1643390187763-0,materialBase,bronze
entity:artifact:1:ld1-1643390182193-1643390187764-1,materialBase,bronze
entity:artifact:1:ld1-1643390182193-1643390187765-0,materialBase,bronze
entity:artifact:1:ld1-1643390182193-1643390187768-0,materialBase,bronze
entity:artifact:1:ld1-1643390182193-1643390187771-0,materialBase,bronze
entity:artifact:1:ld1-1643390182193-1643390187772-1,materialBase,bronze
entity:artifact:1:ld1-1643390182193-1643390187773-0,materialBase,bronze
entity:artifact:1:ld1-1643390182193-1643390187774-0,materialBase,bronze
entity:artifact:1:ld1-1643390182193-1643390187778-0,materialBase,bronze
entity:artifact:1:ld1-1643390182193-1643390187778-1,materialBase,bronze | silver
entity:artifact:1:ld1-1643390182193-1643390187779-0,materialBase,bronze
entity:artifact:1:ld1-1643390182193-1643390187780-0,materialBase,bronze
entity:artifact:1:ld1-1643390182193-1643390187780-1,materialBase,bronze
entity:artifact:1:ld1-1643390182193-1643390187781-0,materialBase,bronze
entity:artifact:1:ld1-1643390182193-1643390187782-0,materialBase,bronze
entity:artifact:1:ld1-1643390182193-1643390187782-1,materialBase,bronze
entity:artifact:1:ld1-1643390182193-1643390187783-0,materialBase,bronze
entity:artifact:1:ld1-1643390182193-1643390187784-0,materialBase,bronze
entity:artifact:1:ld1-1643390182193-1643390187784-1,materialBase,bronze
entity:artifact:1:ld1-1643390182193-1643390187785-0,materialBase,bronze
entity:artifact:1:ld1-1643390182193-1643390187786-0,materialBase,bronze
entity:artifact:1:ld1-1643390182193-1643390187786-1,materialBase,bronze
entity:artifact:1:ld1-1643390182193-1643390187788-0,materialBase,bronze
entity:artifact:1:ld1-1643390182193-1643390187789-0,materialBase,bronze
entity:artifact:1:ld1-1643390182193-1643390187790-0,materialBase,bronze
entity:artifact:1:ld1-1643390182193-1643390187790-1,materialBase,bronze
entity:artifact:1:ld1-1643390182193-1643390187791-0,materialBase,bronze
entity:artifact:1:ld1-1643390182193-1643390187793-0,materialBase,bronze
entity:artifact:1:ld1-1643390182193-1643390187797-0,materialBase,bronze
entity:artifact:1:ld1-1643390182193-1643390187798-0,materialBase,bronze
entity:artifact:1:ld1-1643390182193-1643390187800-0,materialBase,bronze
entity:artifact:1:ld1-1643390182193-1643390187801-0,materialBase,bronze
entity:artifact:1:ld1-1643390182193-1643390187801-1,materialBase,bronze
entity:artifact:1:ld1-1643390182193-1643390187802-0,materialBase,bronze | gold
entity:artifact:1:ld1-1643390182193-1643390187803-0,materialBase,bronze
entity:artifact:1:ld1-1643390182193-1643390187804-0,materialBase,bronze
entity:artifact:1:ld1-1643390182193-1643390187805-0,materialBase,bronze
entity:artifact:1:ld1-1643390182193-1643390187805-1,materialBase,bronze
entity:artifact:1:ld1-1643390182193-1643390187806-0,materialBase,bronze
entity:artifact:1:ld1-1643390182193-1643390187807-0,materialBase,bronze
entity:artifact:1:ld1-1643390182193-1643390187808-0,materialBase,bronze
entity:artifact:1:ld1-1643390182193-1643390187809-0,materialBase,bronze
entity:artifact:1:ld1-1643390182193-1643390187810-0,materialBase,bronze | gold
entity:artifact:1:ld1-1643390182193-1643390187810-1,materialBase,bronze
entity:artifact:1:ld1-1643390182193-1643390187811-0,materialBase,bronze
entity:artifact:1:ld1-1643390182193-1643390187812-0,materialBase,bronze
entity:artifact:1:ld1-1643390182193-1643390187815-0,materialBase,bronze
entity:artifact:1:ld1-1643390182193-1643390187816-1,materialBase,bronze
entity:artifact:1:ld1-1643390182193-1643390187817-0,materialBase,bronze
entity:artifact:1:ld1-1643390182193-1643390187818-0,materialBase,bronze
entity:artifact:1:ld1-1643390182193-1643390187821-1,materialBase,bronze
entity:artifact:1:ld1-1643390182193-1643390187828-0,materialBase,pigment | silk | ink
entity:artifact:1:ld1-1643390182193-1643390187832-0,materialBase,silk | pigment | ink
entity:artifact:1:ld1-1643390182193-1643390187833-0,materialBase,pigment | silk | ink
entity:artifact:1:ld1-1643390182193-1643390187834-0,materialBase,silk | pigment | ink
entity:artifact:1:ld1-1643390182193-1643390187835-0,materialBase,pigment | silk | ink
entity:artifact:1:ld1-1643390182193-1643390187835-1,materialBase,pigment | gold | silk | ink
entity:artifact:1:ld1-1643390182193-1643390187836-0,materialBase,silk | ink
entity:artifact:1:ld1-1643390182193-1643390187837-0,materialBase,pigment | silk | ink
entity:artifact:1:ld1-1643390182193-1643390187859-0,materialBase,pigment | silk | ink
entity:artifact:1:ld1-1643390182193-1643390187870-0,materialBase,silk | pigment | ink
entity:artifact:1:ld1-1643390182193-1643390187871-0,materialBase,silk | ink
entity:artifact:1:ld1-1643390182193-1643390187873-0,materialBase,silk | pigment | ink
entity:artifact:1:ld1-1643390182193-1643390187874-1,materialBase,silk | pigment | ink
entity:artifact:1:ld1-1643390182193-1643390187875-0,materialBase,silk | pigment | ink
entity:artifact:1:ld1-1643390182193-1643390187876-0,materialBase,silk | pigment | ink
entity:artifact:1:ld1-1643390182193-1643390187880-0,materialBase,silk | pigment | ink
entity:artifact:1:ld1-1643390182193-1643390187880-1,materialBase,silk | pigment | ink
entity:artifact:1:ld1-1643390182193-1643390187881-0,materialBase,silk | ink
entity:artifact:1:ld1-1643390182193-1643390187882-0,materialBase,silk | pigment | ink
entity:artifact:1:ld1-1643390182193-1643390187883-0,materialBase,silk | ink
entity:artifact:1:ld1-1643390182193-1643390187884-0,materialBase,silk | pigment | ink
entity:artifact:1:ld1-1643390182193-1643390187885-0,materialBase,silk | ink
entity:artifact:1:ld1-1643390182193-1643390187886-0,materialBase,silk | ink
entity:artifact:1:ld1-1643390182193-1643390187906-0,materialBase,pigment | silk | ink
entity:artifact:1:ld1-1643390182193-1643390187914-0,materialBase,paper | ink
entity:artifact:1:ld1-1643390182193-1643390187914-1,materialBase,paper | pigment | ink
entity:artifact:1:ld1-1643390182193-1643390187921-1,materialBase,silk | pigment | ink
entity:artifact:1:ld1-1643390182193-1643390187924-0,materialBase,silk | pigment | ink
entity:artifact:1:ld1-1643390182193-1643390187928-1,materialBase,paper | ink
entity:artifact:1:ld1-1643390182193-1643390187935-0,materialBase,paper | pigment | ink
entity:artifact:1:ld1-1643390182193-1643390187938-0,materialBase,silk | pigment | gold | ink
entity:artifact:1:ld1-1643390182193-1643390187939-0,materialBase,silk | pigment | ink
entity:artifact:1:ld1-1643390182193-1643390187942-0,materialBase,silk | ink
entity:artifact:1:ld1-1643390182193-1643390187944-0,materialBase,silk | pigment | ink
entity:artifact:1:ld1-1643390182193-1643390187946-0,materialBase,silk | pigment | ink
entity:artifact:1:ld1-1643390182193-1643390187951-0,materialBase,silk | pigment | ink
entity:artifact:1:ld1-1643390182193-1643390187951-1,materialBase,silk | pigment | ink
entity:artifact:1:ld1-1643390182193-1643390187952-0,materialBase,paper | pigment | gold
entity:artifact:1:ld1-1643390182193-1643390187953-0,materialBase,silk | pigment | ink
entity:artifact:1:ld1-1643390182193-1643390187954-0,materialBase,silk | pigment | ink
entity:artifact:1:ld1-1643390182193-1643390187956-0,materialBase,silk | ink
entity:artifact:1:ld1-1643390182193-1643390187957-0,materialBase,silk | pigment | ink
entity:artifact:1:ld1-1643390182193-1643390187959-0,materialBase,silk | pigment | ink
entity:artifact:1:ld1-1643390182193-1643390187960-0,materialBase,silk | pigment | ink
entity:artifact:1:ld1-1643390182193-1643390187961-0,materialBase,silk | pigment | ink
entity:artifact:1:ld1-1643390182193-1643390187962-0,materialBase,silk | pigment | ink
entity:artifact:1:ld1-1643390182193-1643390187965-0,materialBase,silk | ink
entity:artifact:1:ld1-1643390182193-1643390187965-1,materialBase,silk | pigment | ink
entity:artifact:1:ld1-1643390182193-1643390187966-0,materialBase,silk | pigment | ink
entity:artifact:1:ld1-1643390182193-1643390187967-0,materialBase,pigment | silk | ink
entity:artifact:1:ld1-1643390182193-1643390187973-0,materialBase,paper | pigment | ink
entity:artifact:1:ld1-1643390182193-1643390187974-0,materialBase,silk | pigment | ink
entity:artifact:1:ld1-1643390182193-1643390187975-0,materialBase,silk | pigment | ink
entity:artifact:1:ld1-1643390182193-1643390187976-0,materialBase,silk | pigment | ink
entity:artifact:1:ld1-1643390182193-1643390187979-0,materialBase,silk | pigment | ink
entity:artifact:1:ld1-1643390182193-1643390187981-0,materialBase,silk | ink
entity:artifact:1:ld1-1643390182193-1643390187982-0,materialBase,silk | pigment | ink
entity:artifact:1:ld1-1643390182193-1643390187983-0,materialBase,silk | pigment | ink
entity:artifact:1:ld1-1643390182193-1643390187984-0,materialBase,pigment | silk
entity:artifact:1:ld1-1643390182193-1643390187987-0,materialBase,silk | pigment | ink
entity:artifact:1:ld1-1643390182193-1643390187988-0,materialBase,silk | pigment | ink
entity:artifact:1:ld1-1643390182193-1643390187989-0,materialBase,silk | pigment | ink
entity:artifact:1:ld1-1643390182193-1643390187990-0,materialBase,silk | pigment | ink
entity:artifact:1:ld1-1643390182193-1643390187994-0,materialBase,silk | pigment | ink
entity:artifact:1:ld1-1643390182193-1643390187994-1,materialBase,silk | pigment | ink
entity:artifact:1:ld1-1643390182193-1643390187995-0,materialBase,silk | pigment | ink
entity:artifact:1:ld1-1643390182193-1643390187997-1,materialBase,paper | pigment | ink
entity:artifact:1:ld1-1643390182193-1643390188000-0,materialBase,pigment | silk
entity:artifact:1:ld1-1643390182193-1643390188002-1,materialBase,silk | ink
entity:artifact:1:ld1-1643390182193-1643390188005-0,materialBase,silk | pigment | ink
entity:artifact:1:ld1-1643390182193-1643390188006-0,materialBase,pigment | silk | ink
entity:artifact:1:ld1-1643390182193-1643390188007-0,materialBase,silk | pigment | ink
entity:artifact:1:ld1-1643390182193-1643390188007-1,materialBase,paper | ink
entity:artifact:1:ld1-1643390182193-1643390188008-0,materialBase,pigment | silk | ink
entity:artifact:1:ld1-1643390182193-1643390188010-0,materialBase,paper | ink
entity:artifact:1:ld1-1643390182193-1643390188011-0,materialBase,silk | ink
entity:artifact:1:ld1-1643390182193-1643390188011-1,materialBase,silk | ink
entity:artifact:1:ld1-1643390182193-1643390188012-0,materialBase,silk | ink
entity:artifact:1:ld1-1643390182193-1643390188014-0,materialBase,pigment | silk | ink
entity:artifact:1:ld1-1643390182193-1643390188014-1,materialBase,silk | pigment | ink
entity:artifact:1:ld1-1643390182193-1643390188015-0,materialBase,silk | pigment | ink
entity:artifact:1:ld1-1643390182193-1643390188016-0,materialBase,paper | ink
entity:artifact:1:ld1-1643390182193-1643390188017-0,materialBase,silk | ink
entity:artifact:1:ld1-1643390182193-1643390188018-0,materialBase,silk | pigment | ink
entity:artifact:1:ld1-1643390182193-1643390188020-1,materialBase,silk | pigment | ink
entity:artifact:1:ld1-1643390182193-1643390188021-0,materialBase,paper | ink
entity:artifact:1:ld1-1643390182193-1643390188023-0,materialBase,silk
entity:artifact:1:ld1-1643390182193-1643390188024-1,materialBase,pigment | silk | ink
entity:artifact:1:ld1-1643390182193-1643390188025-0,materialBase,silk | pigment | ink
entity:artifact:1:ld1-1643390182193-1643390188029-0,materialBase,silk | pigment | ink
entity:artifact:1:ld1-1643390182193-1643390188030-0,materialBase,pigment | silk | ink
entity:artifact:1:ld1-1643390182193-1643390188030-1,materialBase,silk | ink
entity:artifact:1:ld1-1643390182193-1643390188031-0,materialBase,silk | pigment | ink
entity:artifact:1:ld1-1643390182193-1643390188032-0,materialBase,silk | pigment | ink
entity:artifact:1:ld1-1643390182193-1643390188033-0,materialBase,silk | pigment | ink
entity:artifact:1:ld1-1643390182193-1643390188034-0,materialBase,silk | pigment | ink
entity:artifact:1:ld1-1643390182193-1643390188035-0,materialBase,paper | ink
entity:artifact:1:ld1-1643390182193-1643390188036-0,materialBase,paper | ink
entity:artifact:1:ld1-1643390182193-1643390188039-1,materialBase,silk | pigment | ink
entity:artifact:1:ld1-1643390182193-1643390188040-0,materialBase,silk | pigment | ink
entity:artifact:1:ld1-1643390182193-1643390188041-0,materialBase,pigment | silk | ink
entity:artifact:1:ld1-1643390182193-1643390188043-1,materialBase,silk | ink
entity:artifact:1:ld1-1643390182193-1643390188051-0,materialBase,silk | pigment | ink
entity:artifact:1:ld1-1643390182193-1643390188053-0,materialBase,paper | pigment | ink
entity:artifact:1:ld1-1643390182193-1643390188054-0,materialBase,silk | ink
entity:artifact:1:ld1-1643390182193-1643390188056-0,materialBase,pigment | silk | ink
entity:artifact:1:ld1-1643390182193-1643390188062-0,materialBase,silk | ink
entity:artifact:1:ld1-1643390182193-1643390188063-0,materialBase,silk | pigment | ink
entity:artifact:1:ld1-1643390182193-1643390188063-1,materialBase,silk | pigment | ink
entity:artifact:1:ld1-1643390182193-1643390188204-0,materialBase,stone
entity:artifact:1:ld1-1643390182193-1643390188209-0,materialBase,pigment | stone
entity:artifact:1:ld1-1643390182193-1643390188211-0,materialBase,pigment | stone
entity:artifact:1:ld1-1643390182193-1643390188223-0,materialBase,pigment | stone
entity:artifact:1:ld1-1643390182193-1643390188247-0,materialBase,stone
entity:artifact:1:ld1-1643390182193-1643390188253-0,materialBase,stone
entity:artifact:1:ld1-1643390182193-1643390188273-0,materialBase,nephrite | jade
entity:artifact:1:ld1-1643390182193-1643390188279-0,materialBase,jade
entity:artifact:1:ld1-1643390182193-1643390188295-0,materialBase,stone | jade
entity:artifact:1:ld1-1643390182193-1643390188301-0,materialBase,nephrite | jade
entity:artifact:1:ld1-1643390182193-1643390188328-0,materialBase,silk | pigment | ink
entity:artifact:1:ld1-1643390182193-1643390188330-0,materialBase,silk | pigment | ink
entity:artifact:1:ld1-1643390182193-1643390188334-0,materialBase,silk | pigment | ink
entity:artifact:1:ld1-1643390182193-1643390188338-0,materialBase,silk | ink
entity:artifact:1:ld1-1643390182193-1643390188339-0,materialBase,silk | pigment | ink
entity:artifact:1:ld1-1643390182193-1643390188342-0,materialBase,silk | pigment | ink
entity:artifact:1:ld1-1643390182193-1643390188344-0,materialBase,silk | pigment | ink
entity:artifact:1:ld1-1643390182193-1643390188346-0,materialBase,silk | pigment | ink
entity:artifact:1:ld1-1643390182193-1643390188349-0,materialBase,silk | pigment | ink
entity:artifact:1:ld1-1643390182193-1643390188351-0,materialBase,silk | pigment | ink
entity:artifact:1:ld1-1643390182193-1643390188354-0,materialBase,paper | pigment | ink
entity:artifact:1:ld1-1643390182193-1643390188358-0,materialBase,paper | ink
entity:artifact:1:ld1-1643390182193-1643390188365-0,materialBase,bronze | gold
entity:artifact:1:ld1-1643390182193-1643390188369-0,materialBase,silk | ink
entity:artifact:1:ld1-1643390182193-1643390188371-0,materialBase,silk | pigment | ink
entity:artifact:1:ld1-1643390182193-1643390188372-0,materialBase,silk | pigment | ink
entity:artifact:1:ld1-1643390182193-1643390188374-0,materialBase,silk | pigment | ink
entity:artifact:1:ld1-1643390182193-1643390188376-0,materialBase,silk | pigment | ink
entity:artifact:1:ld1-1643390182193-1643390188377-0,materialBase,silk | pigment | ink
entity:artifact:1:ld1-1643390182193-1643390188379-0,materialBase,silk | pigment | ink
entity:artifact:1:ld1-1643390182193-1643390188380-0,materialBase,silk | pigment | ink
entity:artifact:1:ld1-1643390182193-1643390188382-0,materialBase,silk | pigment | ink
entity:artifact:1:ld1-1643390182193-1643390188400-0,materialBase,silk | pigment | ink
entity:artifact:1:ld1-1643390182193-1643390188405-0,materialBase,paper | ink
entity:artifact:1:ld1-1643390182193-1643390188410-0,materialBase,silk | ink
entity:artifact:1:ld1-1643390182193-1643390188417-0,materialBase,silk | pigment | ink
entity:artifact:1:ld1-1643390182193-1643390188419-0,materialBase,silk | pigment | ink
entity:artifact:1:ld1-1643390182193-1643390188420-0,materialBase,paper | ink
entity:artifact:1:ld1-1643390182193-1643390188422-0,materialBase,paper | ink
entity:artifact:1:ld1-1643390182193-1643390188423-0,materialBase,paper | ink
entity:artifact:1:ld1-1643390182193-1643390188430-0,materialBase,silk | pigment | ink
entity:artifact:1:ld1-1643390182193-1643390188434-0,materialBase,silk | ink
entity:artifact:1:ld1-1643390182193-1643390188435-0,materialBase,silk | pigment | ink
entity:artifact:1:ld1-1643390182193-1643390188437-0,materialBase,silk | pigment | ink
entity:artifact:1:ld1-1643390182193-1643390188443-0,materialBase,silk | pigment | ink
entity:artifact:1:ld1-1643390182193-1643390188455-0,materialBase,stone
entity:artifact:1:ld1-1643390182193-1643390188514-0,materialBase,bronze
entity:artifact:1:ld1-1643390182193-1643390188516-0,materialBase,paper | gold | silk
entity:artifact:1:ld1-1643390182193-1643390188523-0,materialBase,silk
entity:artifact:1:ld1-1643390182193-1643390188555-0,materialBase,bronze
entity:artifact:1:ld1-1643390182193-1643390188556-0,materialBase,bronze
entity:artifact:1:ld1-1643390182193-1643390188558-0,materialBase,bronze
entity:artifact:1:ld1-1643390182193-1643390188559-0,materialBase,bronze
entity:artifact:1:ld1-1643390182193-1643390188561-0,materialBase,bronze
entity:artifact:1:ld1-1643390182193-1643390188562-0,materialBase,bronze
entity:artifact:1:ld1-1643390182193-1643390188564-0,materialBase,bronze
entity:artifact:1:ld1-1643390182193-1643390188565-0,materialBase,bronze
entity:artifact:1:ld1-1643390182193-1643390188567-0,materialBase,bronze
entity:artifact:1:ld1-1643390182193-1643390188568-0,materialBase,bronze
entity:artifact:1:ld1-1643390182193-1643390188570-0,materialBase,bronze
entity:artifact:1:ld1-1643390182193-1643390188571-0,materialBase,bronze
entity:artifact:1:ld1-1643390182193-1643390188573-0,materialBase,bronze
entity:artifact:1:ld1-1643390182193-1643390188574-0,materialBase,bronze
entity:artifact:1:ld1-1643390182193-1643390188576-0,materialBase,bronze
entity:artifact:1:ld1-1643390182193-1643390188578-0,materialBase,bronze
entity:artifact:1:ld1-1643390182193-1643390188579-0,materialBase,shell | wood | lacquer
entity:artifact:1:ld1-1643390182193-1643390188584-1,materialBase,pigment | silk | ink
entity:artifact:1:ld1-1643390182193-1643390188602-0,materialBase,jade
entity:artifact:1:ld1-1643390182193-1643390188603-0,materialBase,nephrite | jade
entity:artifact:1:ld1-1643390182193-1643390188612-0,materialBase,nephrite | jade
entity:artifact:1:ld1-1643390182193-1643390188614-0,materialBase,nephrite | jade
entity:artifact:1:ld1-1643390182193-1643390188615-0,materialBase,nephrite | jade
entity:artifact:1:ld1-1643390182193-1643390188642-0,materialBase,stone
entity:artifact:1:ld1-1643390182193-1643390188646-0,materialBase,stone
entity:artifact:1:ld1-1643390182193-1643390188647-0,materialBase,stone
entity:artifact:1:ld1-1643390182193-1643390188653-0,materialBase,stone
entity:artifact:1:ld1-1643390182193-1643390188657-0,materialBase,pigment | stone
entity:artifact:1:ld1-1643390182193-1643390188658-0,materialBase,stone
entity:artifact:1:ld1-1643390182193-1643390188659-0,materialBase,stone
entity:artifact:1:ld1-1643390182193-1643390188668-0,materialBase,stone
entity:artifact:1:ld1-1643390182193-1643390188676-0,materialBase,silk | pigment | ink
entity:artifact:1:ld1-1643390182193-1643390188682-0,materialBase,jade
entity:artifact:1:ld1-1643390182193-1643390188685-0,materialBase,bronze
entity:artifact:1:ld1-1643390182193-1643390188688-0,materialBase,stone
entity:artifact:1:ld1-1643390182193-1643390188691-0,materialBase,bronze
entity:artifact:1:ld1-1643390182193-1643390188693-0,materialBase,pigment | stone
entity:artifact:1:ld1-1643390182193-1643390188698-0,materialBase,bronze
entity:artifact:1:ld1-1643390182193-1643390188703-1,materialBase,stone
entity:artifact:1:ld1-1643390182193-1643390188708-0,materialBase,bronze
entity:artifact:1:ld1-1643390182193-1643390188708-1,materialBase,bronze
entity:artifact:1:ld1-1643390182193-1643390188709-0,materialBase,bronze
entity:artifact:1:ld1-1643390182193-1643390188710-0,materialBase,bronze
entity:artifact:1:ld1-1643390182193-1643390188720-1,materialBase,silk | pigment | ink
entity:artifact:1:ld1-1643390182193-1643390188722-0,materialBase,silk | pigment | ink
entity:artifact:1:ld1-1643390182193-1643390188722-1,materialBase,silk | pigment | ink
entity:artifact:1:ld1-1643390182193-1643390188724-0,materialBase,stone | pigment
entity:artifact:1:ld1-1643390182193-1643390188725-1,materialBase,stone
entity:artifact:1:ld1-1643390182193-1643390188727-0,materialBase,stone | pigment
entity:artifact:1:ld1-1643390182193-1643390188728-0,materialBase,stone
entity:artifact:1:ld1-1643390182193-1643390188728-1,materialBase,stone
entity:artifact:1:ld1-1643390182193-1643390188729-0,materialBase,stone
entity:artifact:1:ld1-1643390182193-1643390188730-0,materialBase,pigment | stone
entity:artifact:1:ld1-1643390182193-1643390188731-0,materialBase,stone
entity:artifact:1:ld1-1643390182193-1643390188739-0,materialBase,bronze
entity:artifact:1:ld1-1643390182193-1643390188741-0,materialBase,bronze
entity:artifact:1:ld1-1643390182193-1643390188741-1,materialBase,bronze
entity:artifact:1:ld1-1643390182193-1643390188745-0,materialBase,bronze
entity:artifact:1:ld1-1643390182193-1643390188746-0,materialBase,bronze
entity:artifact:1:ld1-1643390182193-1643390188747-0,materialBase,stone | bronze
entity:artifact:1:ld1-1643390182193-1643390188748-0,materialBase,bronze
entity:artifact:1:ld1-1643390182193-1643390188748-1,materialBase,bronze
entity:artifact:1:ld1-1643390182193-1643390188749-0,materialBase,bronze
entity:artifact:1:ld1-1643390182193-1643390188750-0,materialBase,bronze
entity:artifact:1:ld1-1643390182193-1643390188751-0,materialBase,bronze
entity:artifact:1:ld1-1643390182193-1643390188751-1,materialBase,bronze
entity:artifact:1:ld1-1643390182193-1643390188752-0,materialBase,bronze
entity:artifact:1:ld1-1643390182193-1643390188755-0,materialBase,bronze
entity:artifact:1:ld1-1643390182193-1643390188757-0,materialBase,metal
entity:artifact:1:ld1-1643390182193-1643390188758-0,materialBase,bronze
entity:artifact:1:ld1-1643390182193-1643390188759-0,materialBase,bronze
entity:artifact:1:ld1-1643390182193-1643390188761-0,materialBase,bronze
entity:artifact:1:ld1-1643390182193-1643390188764-0,materialBase,stone | bronze
entity:artifact:1:ld1-1643390182193-1643390188766-0,materialBase,bronze | silver
entity:artifact:1:ld1-1643390182193-1643390188767-0,materialBase,bronze
entity:artifact:1:ld1-1643390182193-1643390188768-0,materialBase,bronze
entity:artifact:1:ld1-1643390182193-1643390188769-0,materialBase,bronze
entity:artifact:1:ld1-1643390182193-1643390188770-0,materialBase,bronze
entity:artifact:1:ld1-1643390182193-1643390188771-1,materialBase,glass
entity:artifact:1:ld1-1643390182193-1643390188772-0,materialBase,stone
entity:artifact:1:ld1-1643390182193-1643390188773-0,materialBase,stone | pigment
entity:artifact:1:ld1-1643390182193-1643390188774-0,materialBase,stone | pigment
entity:artifact:1:ld1-1643390182193-1643390188776-0,materialBase,stone
entity:artifact:1:ld1-1643390182193-1643390188778-1,materialBase,stone
entity:artifact:1:ld1-1643390182193-1643390188787-0,materialBase,metal | silk
entity:artifact:1:ld1-1643390182193-1643390188788-0,materialBase,metal | silk
entity:artifact:1:ld1-1643390182193-1643390188789-0,materialBase,metal | silk
entity:artifact:1:ld1-1643390182193-1643390188789-1,materialBase,metal | silk
entity:artifact:1:ld1-1643390182193-1643390188790-0,materialBase,metal | silk
entity:artifact:1:ld1-1643390182193-1643390188820-0,materialBase,bronze
entity:artifact:1:ld1-1643390182193-1643390188827-0,materialBase,bronze
entity:artifact:1:ld1-1643390182193-1643390188828-0,materialBase,bronze
entity:artifact:1:ld1-1643390182193-1643390188833-0,materialBase,stone
entity:artifact:1:ld1-1643390182193-1643390188834-0,materialBase,pigment | stone
entity:artifact:1:ld1-1643390182193-1643390188835-0,materialBase,stone
entity:artifact:1:ld1-1643390182193-1643390188836-0,materialBase,stone
entity:artifact:1:ld1-1643390182193-1643390188850-0,materialBase,bronze
entity:artifact:1:ld1-1643390182193-1643390188862-0,materialBase,bronze | silver
entity:artifact:1:ld1-1643390182193-1643390188863-0,materialBase,bronze
entity:artifact:1:ld1-1643390182193-1643390188864-0,materialBase,stone
entity:artifact:1:ld1-1643390182193-1643390188873-0,materialBase,stone | jade
entity:artifact:1:ld1-1643390182193-1643390188877-1,materialBase,stone
entity:artifact:1:ld1-1643390182193-1643390188879-0,materialBase,stone
entity:artifact:1:ld1-1643390182193-1643390188891-0,materialBase,silk | pigment | ink
entity:artifact:1:ld1-1643390182193-1643390188892-0,materialBase,silk | pigment | ink
entity:artifact:1:ld1-1643390182193-1643390188893-0,materialBase,silk | ink
entity:artifact:1:ld1-1643390182193-1643390188903-0,materialBase,silk | pigment | ink
entity:artifact:1:ld1-1643390182193-1643390188903-1,materialBase,silk | pigment | ink
entity:artifact:1:ld1-1643390182193-1643390188906-0,materialBase,silk | ink
entity:artifact:1:ld1-1643390182193-1643390188907-0,materialBase,pigment | silk | ink
entity:artifact:1:ld1-1643390182193-1643390188908-0,materialBase,pigment | silk | ink
entity:artifact:1:ld1-1643390182193-1643390188910-0,materialBase,bronze | gold
entity:artifact:1:ld1-1643390182193-1643390188920-0,materialBase,glass
entity:artifact:1:ld1-1643390182193-1643390188921-0,materialBase,nephrite | jade
entity:artifact:1:ld1-1643390182193-1643390188921-1,materialBase,jade
entity:artifact:1:ld1-1643390182193-1643390188922-0,materialBase,nephrite | jade
entity:artifact:1:ld1-1643390182193-1643390188923-0,materialBase,nephrite | jade
entity:artifact:1:ld1-1643390182193-1643390188926-0,materialBase,earthenware
entity:artifact:1:ld1-1643390182193-1643390188926-1,materialBase,earthenware
entity:artifact:1:ld1-1643390182193-1643390188956-0,materialBase,silk | pigment | ink
entity:artifact:1:ld1-1643390182193-1643390188957-0,materialBase,paper | ink
entity:artifact:1:ld1-1643390182193-1643390188959-0,materialBase,silk | pigment | ink
entity:artifact:1:ld1-1643390182193-1643390188960-0,materialBase,silk | pigment | ink
entity:artifact:1:ld1-1643390182193-1643390188962-1,materialBase,paper | pigment | ink
entity:artifact:1:ld1-1643390182193-1643390188963-0,materialBase,silk | pigment | ink
entity:artifact:1:ld1-1643390182193-1643390188964-0,materialBase,silk | pigment | ink
entity:artifact:1:ld1-1643390182193-1643390188965-0,materialBase,silk | pigment | ink
entity:artifact:1:ld1-1643390182193-1643390188966-0,materialBase,silk | pigment | ink
entity:artifact:1:ld1-1643390182193-1643390188967-0,materialBase,silk | ink
entity:artifact:1:ld1-1643390182193-1643390188968-0,materialBase,silk | pigment | ink
entity:artifact:1:ld1-1643390182193-1643390188970-0,materialBase,paper | pigment | ink
entity:artifact:1:ld1-1643390182193-1643390188988-0,materialBase,silk | pigment | ink
entity:artifact:1:ld1-1643390182193-1643390188989-0,materialBase,pigment | silk | ink
entity:artifact:1:ld1-1643390182193-1643390188990-0,materialBase,silk | pigment | ink
entity:artifact:1:ld1-1643390182193-1643390188992-1,materialBase,bronze
entity:artifact:1:ld1-1643390182193-1643390189005-0,materialBase,bronze
entity:artifact:1:ld1-1643390182193-1643390189006-0,materialBase,bronze
entity:artifact:1:ld1-1643390182193-1643390189007-0,materialBase,bronze
entity:artifact:1:ld1-1643390182193-1643390189008-0,materialBase,bronze
entity:artifact:1:ld1-1643390182193-1643390189009-0,materialBase,bronze
entity:artifact:1:ld1-1643390182193-1643390189009-1,materialBase,bronze
entity:artifact:1:ld1-1643390182193-1643390189014-0,materialBase,nephrite | jade
entity:artifact:1:ld1-1643390182193-1643390189020-0,materialBase,stone
entity:artifact:1:ld1-1643390182193-1643390189020-1,materialBase,bronze
entity:artifact:1:ld1-1643390182193-1643390189027-0,materialBase,bronze
entity:artifact:1:ld1-1643390182193-1643390189028-0,materialBase,stone | bronze
entity:artifact:1:ld1-1643390182193-1643390189030-1,materialBase,bronze
entity:artifact:1:ld1-1643390182193-1643390189031-0,materialBase,bronze
entity:artifact:1:ld1-1643390182193-1643390189032-0,materialBase,bronze
entity:artifact:1:ld1-1643390182193-1643390189032-1,materialBase,bronze
entity:artifact:1:ld1-1643390182193-1643390189033-0,materialBase,bronze
entity:artifact:1:ld1-1643390182193-1643390189034-0,materialBase,metal
entity:artifact:1:ld1-1643390182193-1643390189041-0,materialBase,bronze
entity:artifact:1:ld1-1643390182193-1643390189042-0,materialBase,stone | bronze
entity:artifact:1:ld1-1643390182193-1643390189047-1,materialBase,bronze
entity:artifact:1:ld1-1643390182193-1643390189049-0,materialBase,bronze | silver
entity:artifact:1:ld1-1643390182193-1643390189050-0,materialBase,bronze
entity:artifact:1:ld1-1643390182193-1643390189052-0,materialBase,bronze
entity:artifact:1:ld1-1643390182193-1643390189053-0,materialBase,bronze
entity:artifact:1:ld1-1643390182193-1643390189054-0,materialBase,nephrite | jade
entity:artifact:1:ld1-1643390182193-1643390189054-1,materialBase,pigment | stone
entity:artifact:1:ld1-1643390182193-1643390189055-0,materialBase,pigment | stone
entity:artifact:1:ld1-1643390182193-1643390189060-0,materialBase,bronze
entity:artifact:1:ld1-1643390182193-1643390189061-1,materialBase,bronze
entity:artifact:1:ld1-1643390182193-1643390189062-0,materialBase,bronze | silver
entity:artifact:1:ld1-1643390182193-1643390189078-1,materialBase,bronze
entity:artifact:1:ld1-1643390182193-1643390189080-0,materialBase,bronze
entity:artifact:1:ld1-1643390182193-1643390189081-0,materialBase,bronze
entity:artifact:1:ld1-1643390182193-1643390189083-0,materialBase,bronze
entity:artifact:1:ld1-1643390182193-1643390189084-0,materialBase,bronze
entity:artifact:1:ld1-1643390182193-1643390189085-1,materialBase,bronze
entity:artifact:1:ld1-1643390182193-1643390189086-0,materialBase,bronze
entity:artifact:1:ld1-1643390182193-1643390189088-0,materialBase,bronze
entity:artifact:1:ld1-1643390182193-1643390189089-0,materialBase,bronze
entity:artifact:1:ld1-1643390182193-1643390189090-0,materialBase,bronze
entity:artifact:1:ld1-1643390182193-1643390189090-1,materialBase,bronze
entity:artifact:1:ld1-1643390182193-1643390189091-0,materialBase,stone | bronze | gold
entity:artifact:1:ld1-1643390182193-1643390189094-0,materialBase,bronze
entity:artifact:1:ld1-1643390182193-1643390189095-0,materialBase,bronze
entity:artifact:1:ld1-1643390182193-1643390189096-0,materialBase,bronze
entity:artifact:1:ld1-1643390182193-1643390189097-0,materialBase,bronze
entity:artifact:1:ld1-1643390182193-1643390189097-1,materialBase,bronze
entity:artifact:1:ld1-1643390182193-1643390189098-0,materialBase,bronze
entity:artifact:1:ld1-1643390182193-1643390189105-0,materialBase,bronze
entity:artifact:1:ld1-1643390182193-1643390189107-0,materialBase,bronze
entity:artifact:1:ld1-1643390182193-1643390189110-0,materialBase,bronze
entity:artifact:1:ld1-1643390182193-1643390189111-0,materialBase,bronze
entity:artifact:1:ld1-1643390182193-1643390189112-0,materialBase,bronze
entity:artifact:1:ld1-1643390182193-1643390189115-0,materialBase,stone | bronze | silver | gold
entity:artifact:1:ld1-1643390182193-1643390189117-0,materialBase,bronze | silver
entity:artifact:1:ld1-1643390182193-1643390189125-1,materialBase,iron | gold
entity:artifact:1:ld1-1643390182193-1643390189126-0,materialBase,bronze
entity:artifact:1:ld1-1643390182193-1643390189130-0,materialBase,bronze
entity:artifact:1:ld1-1643390182193-1643390189130-1,materialBase,bronze
entity:artifact:1:ld1-1643390182193-1643390189131-0,materialBase,bronze
entity:artifact:1:ld1-1643390182193-1643390189134-0,materialBase,bronze
entity:artifact:1:ld1-1643390182193-1643390189135-1,materialBase,bronze
entity:artifact:1:ld1-1643390182193-1643390189139-0,materialBase,bronze
entity:artifact:1:ld1-1643390182193-1643390189140-1,materialBase,bronze
entity:artifact:1:ld1-1643390182193-1643390189141-0,materialBase,bronze
entity:artifact:1:ld1-1643390182193-1643390189142-0,materialBase,bronze
entity:artifact:1:ld1-1643390182193-1643390189146-0,materialBase,bronze
entity:artifact:1:ld1-1643390182193-1643390189147-0,materialBase,bronze
entity:artifact:1:ld1-1643390182193-1643390189147-1,materialBase,bronze
entity:artifact:1:ld1-1643390182193-1643390189148-0,materialBase,bronze
entity:artifact:1:ld1-1643390182193-1643390189149-0,materialBase,bronze
entity:artifact:1:ld1-1643390182193-1643390189154-0,materialBase,nephrite | jade
entity:artifact:1:ld1-1643390182193-1643390189155-0,materialBase,nephrite | jade
entity:artifact:1:ld1-1643390182193-1643390189156-0,materialBase,jade
entity:artifact:1:ld1-1643390182193-1643390189157-0,materialBase,shell
entity:artifact:1:ld1-1643390182193-1643390189158-0,materialBase,nephrite | jade
entity:artifact:1:ld1-1643390182193-1643390189158-1,materialBase,nephrite | jade
entity:artifact:1:ld1-1643390182193-1643390189160-0,materialBase,bone
entity:artifact:1:ld1-1643390182193-1643390189167-0,materialBase,silk | pigment | ink
entity:artifact:1:ld1-1643390182193-1643390189168-0,materialBase,silk | pigment | gold | ink
entity:artifact:1:ld1-1643390182193-1643390189199-1,materialBase,silk
entity:artifact:1:ld1-1643390182193-1643390189216-0,materialBase,stone
entity:artifact:1:ld1-1643390182193-1643390189221-0,materialBase,bronze
entity:artifact:1:ld1-1643390182193-1643390189222-0,materialBase,bronze
entity:artifact:1:ld1-1643390182193-1643390189223-0,materialBase,bronze
entity:artifact:1:ld1-1643390182193-1643390189224-0,materialBase,bronze
entity:artifact:1:ld1-1643390182193-1643390189224-1,materialBase,bronze
entity:artifact:1:ld1-1643390182193-1643390189225-0,materialBase,bronze
entity:artifact:1:ld1-1643390182193-1643390189226-0,materialBase,bronze
entity:artifact:1:ld1-1643390182193-1643390189229-0,materialBase,pigment | stone
entity:artifact:1:ld1-1643390182193-1643390189233-0,materialBase,stone
entity:artifact:1:ld1-1643390182193-1643390189233-1,materialBase,nephrite | jade
entity:artifact:1:ld1-1643390182193-1643390189238-0,materialBase,earthenware
entity:artifact:1:ld1-1643390182193-1643390189239-0,materialBase,earthenware
entity:artifact:1:ld1-1643390182193-1643390189240-0,materialBase,earthenware
entity:artifact:1:ld1-1643390182193-1643390189240-1,materialBase,earthenware
entity:artifact:1:ld1-1643390182193-1643390189241-0,materialBase,earthenware
entity:artifact:1:ld1-1643390182193-1643390189242-0,materialBase,earthenware
entity:artifact:1:ld1-1643390182193-1643390189243-0,materialBase,earthenware
entity:artifact:1:ld1-1643390182193-1643390189244-0,materialBase,bronze
entity:artifact:1:ld1-1643390182193-1643390189246-1,materialBase,bronze
entity:artifact:1:ld1-1643390182193-1643390189248-0,materialBase,bronze
entity:artifact:1:ld1-1643390182193-1643390189248-1,materialBase,bronze
entity:artifact:1:ld1-1643390182193-1643390189251-0,materialBase,bronze
entity:artifact:1:ld1-1643390182193-1643390189252-0,materialBase,bronze
entity:artifact:1:ld1-1643390182193-1643390189252-1,materialBase,bronze
entity:artifact:1:ld1-1643390182193-1643390189253-0,materialBase,bronze
entity:artifact:1:ld1-1643390182193-1643390189254-1,materialBase,pigment | silk | ink
entity:artifact:1:ld1-1643390182193-1643390189256-1,materialBase,pigment | silk | ink
entity:artifact:1:ld1-1643390182193-1643390189257-0,materialBase,silk | pigment | ink
entity:artifact:1:ld1-1643390182193-1643390189258-0,materialBase,silk | ink
entity:artifact:1:ld1-1643390182193-1643390189261-0,materialBase,pigment | silk | ink
entity:artifact:1:ld1-1643390182193-1643390189261-1,materialBase,silk | ink
entity:artifact:1:ld1-1643390182193-1643390189263-0,materialBase,silk | pigment | ink
entity:artifact:1:ld1-1643390182193-1643390189266-0,materialBase,silk | ink
entity:artifact:1:ld1-1643390182193-1643390189267-0,materialBase,silk | pigment | ink
entity:artifact:1:ld1-1643390182193-1643390189268-0,materialBase,paper | ink
entity:artifact:1:ld1-1643390182193-1643390189269-0,materialBase,silk | pigment | ink
entity:artifact:1:ld1-1643390182193-1643390189269-1,materialBase,silk | pigment | ink
entity:artifact:1:ld1-1643390182193-1643390189271-0,materialBase,paper | pigment | ink
entity:artifact:1:ld1-1643390182193-1643390189271-1,materialBase,silk | pigment | ink
entity:artifact:1:ld1-1643390182193-1643390189273-0,materialBase,silk | pigment | ink
entity:artifact:1:ld1-1643390182193-1643390189274-0,materialBase,pigment | silk | ink
entity:artifact:1:ld1-1643390182193-1643390189275-0,materialBase,paper | pigment | ink
entity:artifact:1:ld1-1643390182193-1643390189275-1,materialBase,silk | ink
entity:artifact:1:ld1-1643390182193-1643390189276-0,materialBase,pigment | silk | ink
entity:artifact:1:ld1-1643390182193-1643390189277-0,materialBase,silk | pigment | ink
entity:artifact:1:ld1-1643390182193-1643390189278-0,materialBase,silk | pigment | ink
entity:artifact:1:ld1-1643390182193-1643390189279-0,materialBase,pigment | silk | ink
entity:artifact:1:ld1-1643390182193-1643390189280-0,materialBase,silk | pigment | ink
entity:artifact:1:ld1-1643390182193-1643390189281-0,materialBase,silk | pigment | ink
entity:artifact:1:ld1-1643390182193-1643390189282-0,materialBase,silk | pigment | ink
entity:artifact:1:ld1-1643390182193-1643390189283-1,materialBase,silk | pigment | ink
entity:artifact:1:ld1-1643390182193-1643390189284-0,materialBase,silk | pigment
entity:artifact:1:ld1-1643390182193-1643390189286-0,materialBase,pigment | silk | ink
entity:artifact:1:ld1-1643390182193-1643390189287-0,materialBase,silk | pigment | ink
entity:artifact:1:ld1-1643390182193-1643390189290-0,materialBase,silk | pigment | ink
entity:artifact:1:ld1-1643390182193-1643390189292-0,materialBase,silk | pigment | ink
entity:artifact:1:ld1-1643390182193-1643390189293-0,materialBase,silk | pigment | ink
entity:artifact:1:ld1-1643390182193-1643390189295-0,materialBase,silk | pigment | ink
entity:artifact:1:ld1-1643390182193-1643390189296-1,materialBase,pigment | silk | ink
entity:artifact:1:ld1-1643390182193-1643390189297-0,materialBase,silk | pigment | ink
entity:artifact:1:ld1-1643390182193-1643390189299-1,materialBase,silk | ink
entity:artifact:1:ld1-1643390182193-1643390189301-1,materialBase,silk | pigment | ink
entity:artifact:1:ld1-1643390182193-1643390189302-0,materialBase,silk | pigment | ink
entity:artifact:1:ld1-1643390182193-1643390189303-0,materialBase,silk | pigment | ink
entity:artifact:1:ld1-1643390182193-1643390189305-0,materialBase,silk | pigment
entity:artifact:1:ld1-1643390182193-1643390189306-0,materialBase,pigment | silk | ink
entity:artifact:1:ld1-1643390182193-1643390189306-1,materialBase,silk | pigment | ink
entity:artifact:1:ld1-1643390182193-1643390189308-0,materialBase,silk | pigment | ink
entity:artifact:1:ld1-1643390182193-1643390189310-0,materialBase,pigment | silk | ink
entity:artifact:1:ld1-1643390182193-1643390189312-0,materialBase,pigment | silk
entity:artifact:1:ld1-1643390182193-1643390189313-0,materialBase,silk | pigment | ink
entity:artifact:1:ld1-1643390182193-1643390189314-0,materialBase,silk | pigment | ink
entity:artifact:1:ld1-1643390182193-1643390189315-0,materialBase,silk | pigment | ink
entity:artifact:1:ld1-1643390182193-1643390189316-0,materialBase,paper | pigment | ink
entity:artifact:1:ld1-1643390182193-1643390189317-0,materialBase,silk | pigment | ink
entity:artifact:1:ld1-1643390182193-1643390189318-0,materialBase,silk | pigment | ink
entity:artifact:1:ld1-1643390182193-1643390189320-0,materialBase,silk | pigment | ink
entity:artifact:1:ld1-1643390182193-1643390189322-0,materialBase,bronze | gold
entity:artifact:1:ld1-1643390182193-1643390189323-0,materialBase,nephrite | jade
entity:artifact:1:ld1-1643390182193-1643390189331-0,materialBase,textile
entity:artifact:1:ld1-1643390182193-1643390189335-1,materialBase,pigment | silk | ink
entity:artifact:1:ld1-1643390182193-1643390189338-0,materialBase,silk | ink
entity:artifact:1:ld1-1643390182193-1643390189339-0,materialBase,silk | pigment | ink
entity:artifact:1:ld1-1643390182193-1643390189340-0,materialBase,silk | pigment | ink
entity:artifact:1:ld1-1643390182193-1643390189341-0,materialBase,silk | pigment | ink
entity:artifact:1:ld1-1643390182193-1643390189341-1,materialBase,bronze
entity:artifact:1:ld1-1643390182193-1643390189342-0,materialBase,bronze
entity:artifact:1:ld1-1643390182193-1643390189343-0,materialBase,nephrite | jade
entity:artifact:1:ld1-1643390182193-1643390189345-0,materialBase,nephrite | jade
entity:artifact:1:ld1-1643390182193-1643390189346-0,materialBase,nephrite | jade
entity:artifact:1:ld1-1643390182193-1643390189346-1,materialBase,nephrite | jade
entity:artifact:1:ld1-1643390182193-1643390189348-0,materialBase,nephrite | jade
entity:artifact:1:ld1-1643390182193-1643390189349-0,materialBase,nephrite | jade
entity:artifact:1:ld1-1643390182193-1643390189349-1,materialBase,nephrite | jade
entity:artifact:1:ld1-1643390182193-1643390189351-0,materialBase,jade
entity:artifact:1:ld1-1643390182193-1643390189351-1,materialBase,nephrite | jade
entity:artifact:1:ld1-1643390182193-1643390189352-0,materialBase,nephrite | jade
entity:artifact:1:ld1-1643390182193-1643390189353-0,materialBase,nephrite | jade
entity:artifact:1:ld1-1643390182193-1643390189354-0,materialBase,nephrite | jade
entity:artifact:1:ld1-1643390182193-1643390189356-0,materialBase,nephrite | jade
entity:artifact:1:ld1-1643390182193-1643390189357-0,materialBase,nephrite | jade
entity:artifact:1:ld1-1643390182193-1643390189357-1,materialBase,nephrite | jade
entity:artifact:1:ld1-1643390182193-1643390189358-0,materialBase,nephrite | jade
entity:artifact:1:ld1-1643390182193-1643390189359-0,materialBase,nephrite | jade
entity:artifact:1:ld1-1643390182193-1643390189360-0,materialBase,nephrite | jade
entity:artifact:1:ld1-1643390182193-1643390189361-0,materialBase,nephrite | jade
entity:artifact:1:ld1-1643390182193-1643390189361-1,materialBase,nephrite | jade
entity:artifact:1:ld1-1643390182193-1643390189362-0,materialBase,nephrite | jade
entity:artifact:1:ld1-1643390182193-1643390189363-0,materialBase,nephrite | jade
entity:artifact:1:ld1-1643390182193-1643390189364-1,materialBase,bronze | silver | gold | wood
entity:artifact:1:ld1-1643390182193-1643390189366-1,materialBase,nephrite | jade
entity:artifact:1:ld1-1643390182193-1643390189369-0,materialBase,nephrite | jade
entity:artifact:1:ld1-1643390182193-1643390189370-0,materialBase,jade
entity:artifact:1:ld1-1643390182193-1643390189375-0,materialBase,silk | pigment | ink
entity:artifact:1:ld1-1643390182193-1643390189376-0,materialBase,silk | pigment | ink
entity:artifact:1:ld1-1643390182193-1643390189377-1,materialBase,silk | ink
entity:artifact:1:ld1-1643390182193-1643390189379-0,materialBase,paper | pigment | ink
entity:artifact:1:ld1-1643390182193-1643390189380-0,materialBase,silk | ink
entity:artifact:1:ld1-1643390182193-1643390189382-1,materialBase,pigment | silk | ink
entity:artifact:1:ld1-1643390182193-1643390189386-0,materialBase,bronze
entity:artifact:1:ld1-1643390182193-1643390189387-0,materialBase,bronze
entity:artifact:1:ld1-1643390182193-1643390189388-0,materialBase,stone | bronze
entity:artifact:1:ld1-1643390182193-1643390189389-0,materialBase,bronze
entity:artifact:1:ld1-1643390182193-1643390189390-1,materialBase,bronze
entity:artifact:1:ld1-1643390182193-1643390189391-0,materialBase,bronze
entity:artifact:1:ld1-1643390182193-1643390189392-0,materialBase,bronze
entity:artifact:1:ld1-1643390182193-1643390189393-0,materialBase,bronze
entity:artifact:1:ld1-1643390182193-1643390189394-0,materialBase,bronze
entity:artifact:1:ld1-1643390182193-1643390189395-0,materialBase,stone | bronze | gold
entity:artifact:1:ld1-1643390182193-1643390189395-1,materialBase,bronze | gold
entity:artifact:1:ld1-1643390182193-1643390189397-0,materialBase,bronze
entity:artifact:1:ld1-1643390182193-1643390189398-0,materialBase,bronze
entity:artifact:1:ld1-1643390182193-1643390189400-1,materialBase,bronze
entity:artifact:1:ld1-1643390182193-1643390189404-0,materialBase,bronze
entity:artifact:1:ld1-1643390182193-1643390189410-0,materialBase,paper | pigment | ink
entity:artifact:1:ld1-1643390182193-1643390189411-1,materialBase,bronze | silver | gold
entity:artifact:1:ld1-1643390182193-1643390189413-0,materialBase,stone | pigment
entity:artifact:1:ld1-1643390182193-1643390189414-0,materialBase,stone
entity:artifact:1:ld1-1643390182193-1643390189416-0,materialBase,pigment | bronze
entity:artifact:1:ld1-1643390182193-1643390189416-1,materialBase,paper | ink
entity:artifact:1:ld1-1643390182193-1643390189419-0,materialBase,nephrite | jade
entity:artifact:1:ld1-1643390182193-1643390189422-0,materialBase,bronze
entity:artifact:1:ld1-1643390182193-1643390189425-0,materialBase,bronze
entity:artifact:1:ld1-1643390182193-1643390189427-0,materialBase,bronze | gold
entity:artifact:1:ld1-1643390182193-1643390189428-0,materialBase,iron
entity:artifact:1:ld1-1643390182193-1643390189429-0,materialBase,iron
entity:artifact:1:ld1-1643390182193-1643390189429-1,materialBase,silver | iron | gold
entity:artifact:1:ld1-1643390182193-1643390189433-1,materialBase,bronze
entity:artifact:1:ld1-1643390182193-1643390189435-0,materialBase,bronze | silver | gold
entity:artifact:1:ld1-1643390182193-1643390189437-0,materialBase,bronze
entity:artifact:1:ld1-1643390182193-1643390189438-0,materialBase,bronze
entity:artifact:1:ld1-1643390182193-1643390189439-0,materialBase,bronze
entity:artifact:1:ld1-1643390182193-1643390189440-0,materialBase,bronze
entity:artifact:1:ld1-1643390182193-1643390189440-1,materialBase,bronze
entity:artifact:1:ld1-1643390182193-1643390189441-0,materialBase,bronze
entity:artifact:1:ld1-1643390182193-1643390189442-0,materialBase,bronze
entity:artifact:1:ld1-1643390182193-1643390189443-0,materialBase,bronze
entity:artifact:1:ld1-1643390182193-1643390189443-1,materialBase,bronze
entity:artifact:1:ld1-1643390182193-1643390189444-0,materialBase,bronze
entity:artifact:1:ld1-1643390182193-1643390189445-0,materialBase,bronze
entity:artifact:1:ld1-1643390182193-1643390189445-1,materialBase,bronze
entity:artifact:1:ld1-1643390182193-1643390189449-1,materialBase,bronze
entity:artifact:1:ld1-1643390182193-1643390189450-0,materialBase,bronze
entity:artifact:1:ld1-1643390182193-1643390189451-1,materialBase,bronze
entity:artifact:1:ld1-1643390182193-1643390189453-0,materialBase,bronze
entity:artifact:1:ld1-1643390182193-1643390189454-0,materialBase,bronze
entity:artifact:1:ld1-1643390182193-1643390189460-0,materialBase,bronze
entity:artifact:1:ld1-1643390182193-1643390189462-1,materialBase,bronze
entity:artifact:1:ld1-1643390182193-1643390189463-0,materialBase,bronze
entity:artifact:1:ld1-1643390182193-1643390189464-0,materialBase,bronze
entity:artifact:1:ld1-1643390182193-1643390189467-0,materialBase,bronze
entity:artifact:1:ld1-1643390182193-1643390189468-0,materialBase,bronze
entity:artifact:1:ld1-1643390182193-1643390189470-1,materialBase,bronze
entity:artifact:1:ld1-1643390182193-1643390189471-0,materialBase,bronze
entity:artifact:1:ld1-1643390182193-1643390189475-1,materialBase,bronze
entity:artifact:1:ld1-1643390182193-1643390189477-0,materialBase,bronze
entity:artifact:1:ld1-1643390182193-1643390189477-1,materialBase,bronze
entity:artifact:1:ld1-1643390182193-1643390189478-0,materialBase,bronze
entity:artifact:1:ld1-1643390182193-1643390189481-1,materialBase,bronze
entity:artifact:1:ld1-1643390182193-1643390189485-0,materialBase,bronze
entity:artifact:1:ld1-1643390182193-1643390189486-1,materialBase,metal
entity:artifact:1:ld1-1643390182193-1643390189487-0,materialBase,metal
entity:artifact:1:ld1-1643390182193-1643390189488-0,materialBase,metal
entity:artifact:1:ld1-1643390182193-1643390189488-1,materialBase,metal
entity:artifact:1:ld1-1643390182193-1643390189497-0,materialBase,stone
entity:artifact:1:ld1-1643390182193-1643390189498-0,materialBase,stone | pigment
entity:artifact:1:ld1-1643390182193-1643390189499-0,materialBase,glass
entity:artifact:1:ld1-1643390182193-1643390189500-0,materialBase,bronze
entity:artifact:1:ld1-1643390182193-1643390189500-1,materialBase,bronze
entity:artifact:1:ld1-1643390182193-1643390189501-0,materialBase,bronze
entity:artifact:1:ld1-1643390182193-1643390189502-0,materialBase,bronze
entity:artifact:1:ld1-1643390182193-1643390189502-1,materialBase,bronze
entity:artifact:1:ld1-1643390182193-1643390189505-0,materialBase,textile
entity:artifact:1:ld1-1643390182193-1643390189506-0,materialBase,textile
entity:artifact:1:ld1-1643390182193-1643390189510-0,materialBase,bronze
entity:artifact:1:ld1-1643390182193-1643390189514-0,materialBase,stone | pigment
entity:artifact:1:ld1-1643390182193-1643390189517-0,materialBase,nephrite | jade
entity:artifact:1:ld1-1643390182193-1643390189518-0,materialBase,nephrite | jade
entity:artifact:1:ld1-1643390182193-1643390189523-0,materialBase,nephrite | jade
entity:artifact:1:ld1-1643390182193-1643390189525-0,materialBase,jade
entity:artifact:1:ld1-1643390182193-1643390189526-0,materialBase,nephrite | jade
entity:artifact:1:ld1-1643390182193-1643390189526-1,materialBase,nephrite | jade
entity:artifact:1:ld1-1643390182193-1643390189527-0,materialBase,nephrite | jade
entity:artifact:1:ld1-1643390182193-1643390189529-1,materialBase,nephrite | jade
entity:artifact:1:ld1-1643390182193-1643390189532-0,materialBase,nephrite | jade
entity:artifact:1:ld1-1643390182193-1643390189533-1,materialBase,nephrite | jade
entity:artifact:1:ld1-1643390182193-1643390189537-0,materialBase,bronze
entity:artifact:1:ld1-1643390182193-1643390189545-0,materialBase,silk | pigment | ink
entity:artifact:1:ld1-1643390182193-1643390189546-0,materialBase,silk | ink
entity:artifact:1:ld1-1643390182193-1643390189546-1,materialBase,paper | ink
entity:artifact:1:ld1-1643390182193-1643390189548-0,materialBase,silk | pigment
entity:artifact:1:ld1-1643390182193-1643390189549-0,materialBase,paper | ink
entity:artifact:1:ld1-1643390182193-1643390189550-0,materialBase,earthenware
entity:artifact:1:ld1-1643390182193-1643390189551-0,materialBase,nephrite | jade
entity:artifact:1:ld1-1643390182193-1643390189552-0,materialBase,nephrite | jade
entity:artifact:1:ld1-1643390182193-1643390189555-0,materialBase,earthenware
entity:artifact:1:ld1-1643390182193-1643390189555-1,materialBase,glass
entity:artifact:1:ld1-1643390182193-1643390189557-0,materialBase,nephrite | jade
entity:artifact:1:ld1-1643390182193-1643390189557-1,materialBase,nephrite | jade
entity:artifact:1:ld1-1643390182193-1643390189572-1,materialBase,bronze
entity:artifact:1:ld1-1643390182193-1643390189575-0,materialBase,bronze
entity:artifact:1:ld1-1643390182193-1643390189576-0,materialBase,stone | bronze
entity:artifact:1:ld1-1643390182193-1643390189577-0,materialBase,bronze
entity:artifact:1:ld1-1643390182193-1643390189578-0,materialBase,bronze
entity:artifact:1:ld1-1643390182193-1643390189579-0,materialBase,bronze
entity:artifact:1:ld1-1643390182193-1643390189580-0,materialBase,bronze
entity:artifact:1:ld1-1643390182193-1643390189581-0,materialBase,bronze
entity:artifact:1:ld1-1643390182193-1643390189582-0,materialBase,bronze
entity:artifact:1:ld1-1643390182193-1643390189583-0,materialBase,bronze
entity:artifact:1:ld1-1643390182193-1643390189583-1,materialBase,bronze
entity:artifact:1:ld1-1643390182193-1643390189584-0,materialBase,bronze
entity:artifact:1:ld1-1643390182193-1643390189585-0,materialBase,bronze
entity:artifact:1:ld1-1643390182193-1643390189585-1,materialBase,bronze
entity:artifact:1:ld1-1643390182193-1643390189586-0,materialBase,bronze
entity:artifact:1:ld1-1643390182193-1643390189587-0,materialBase,bronze | silver
entity:artifact:1:ld1-1643390182193-1643390189588-0,materialBase,bronze | gold
entity:artifact:1:ld1-1643390182193-1643390189589-0,materialBase,bronze
entity:artifact:1:ld1-1643390182193-1643390189590-0,materialBase,bronze
entity:artifact:1:ld1-1643390182193-1643390189591-0,materialBase,bronze
entity:artifact:1:ld1-1643390182193-1643390189593-1,materialBase,bronze
entity:artifact:1:ld1-1643390182193-1643390189594-0,materialBase,bronze
entity:artifact:1:ld1-1643390182193-1643390189601-0,materialBase,bronze
entity:artifact:1:ld1-1643390182193-1643390189602-0,materialBase,bronze
entity:artifact:1:ld1-1643390182193-1643390189602-1,materialBase,bronze
entity:artifact:1:ld1-1643390182193-1643390189603-0,materialBase,bronze
entity:artifact:1:ld1-1643390182193-1643390189604-0,materialBase,bronze
entity:artifact:1:ld1-1643390182193-1643390189605-0,materialBase,bronze | gold
entity:artifact:1:ld1-1643390182193-1643390189609-0,materialBase,bronze
entity:artifact:1:ld1-1643390182193-1643390189610-0,materialBase,bronze
entity:artifact:1:ld1-1643390182193-1643390189610-1,materialBase,bronze | silver
entity:artifact:1:ld1-1643390182193-1643390189611-0,materialBase,bronze | silver
entity:artifact:1:ld1-1643390182193-1643390189612-0,materialBase,bronze | gold
entity:artifact:1:ld1-1643390182193-1643390189613-0,materialBase,bronze
entity:artifact:1:ld1-1643390182193-1643390189613-1,materialBase,earthenware | copper | metal
entity:artifact:1:ld1-1643390182193-1643390189614-0,materialBase,earthenware | copper | metal
entity:artifact:1:ld1-1643390182193-1643390189615-0,materialBase,earthenware | copper | metal
entity:artifact:1:ld1-1643390182193-1643390189616-0,materialBase,nephrite | jade
entity:artifact:1:ld1-1643390182193-1643390189617-0,materialBase,nephrite | jade
entity:artifact:1:ld1-1643390182193-1643390189618-0,materialBase,nephrite | jade
entity:artifact:1:ld1-1643390182193-1643390189619-0,materialBase,nephrite | jade
entity:artifact:1:ld1-1643390182193-1643390189619-1,materialBase,nephrite | jade
entity:artifact:1:ld1-1643390182193-1643390189620-0,materialBase,nephrite | jade
entity:artifact:1:ld1-1643390182193-1643390189621-0,materialBase,nephrite | jade
entity:artifact:1:ld1-1643390182193-1643390189622-1,materialBase,nephrite | jade
entity:artifact:1:ld1-1643390182193-1643390189623-0,materialBase,nephrite | jade
entity:artifact:1:ld1-1643390182193-1643390189624-0,materialBase,nephrite | jade
entity:artifact:1:ld1-1643390182193-1643390189625-0,materialBase,nephrite | jade
entity:artifact:1:ld1-1643390182193-1643390189626-0,materialBase,nephrite | jade
entity:artifact:1:ld1-1643390182193-1643390189626-1,materialBase,nephrite | jade
entity:artifact:1:ld1-1643390182193-1643390189627-0,materialBase,nephrite | jade
entity:artifact:1:ld1-1643390182193-1643390189628-0,materialBase,nephrite | jade
entity:artifact:1:ld1-1643390182193-1643390189629-0,materialBase,nephrite | jade
entity:artifact:1:ld1-1643390182193-1643390189630-0,materialBase,nephrite | jade
entity:artifact:1:ld1-1643390182193-1643390189630-1,materialBase,nephrite | jade
entity:artifact:1:ld1-1643390182193-1643390189631-0,materialBase,nephrite | jade
entity:artifact:1:ld1-1643390182193-1643390189632-0,materialBase,nephrite | jade
entity:artifact:1:ld1-1643390182193-1643390189633-0,materialBase,nephrite | jade
entity:artifact:1:ld1-1643390182193-1643390189634-0,materialBase,nephrite | jade
entity:artifact:1:ld1-1643390182193-1643390189634-1,materialBase,jade
entity:artifact:1:ld1-1643390182193-1643390189635-0,materialBase,nephrite | jade
entity:artifact:1:ld1-1643390182193-1643390189659-0,materialBase,pigment | silk
entity:artifact:1:ld1-1643390182193-1643390189661-0,materialBase,silk | pigment | ink
entity:artifact:1:ld1-1643390182193-1643390189663-0,materialBase,silk | pigment
entity:artifact:1:ld1-1643390182193-1643390189664-0,materialBase,silk | pigment
entity:artifact:1:ld1-1643390182193-1643390189665-0,materialBase,paper | pigment | ink
entity:artifact:1:ld1-1643390182193-1643390189666-0,materialBase,silk | pigment
entity:artifact:1:ld1-1643390182193-1643390189667-0,materialBase,pigment | silk | ink
entity:artifact:1:ld1-1643390182193-1643390189668-0,materialBase,silk | ink
entity:artifact:1:ld1-1643390182193-1643390189679-0,materialBase,silk | ink
entity:artifact:1:ld1-1643390182193-1643390189681-0,materialBase,silk | pigment | ink
entity:artifact:1:ld1-1643390182193-1643390189681-1,materialBase,silk | ink
entity:artifact:1:ld1-1643390182193-1643390189682-0,materialBase,silk | pigment | ink
entity:artifact:1:ld1-1643390182193-1643390189684-1,materialBase,silk | pigment | ink
entity:artifact:1:ld1-1643390182193-1643390189685-0,materialBase,silk | pigment
entity:artifact:1:ld1-1643390182193-1643390189690-0,materialBase,silk | pigment | ink
entity:artifact:1:ld1-1643390182193-1643390189699-0,materialBase,silk | pigment | ink
entity:artifact:1:ld1-1643390182193-1643390189700-0,materialBase,silk | pigment | ink
entity:artifact:1:ld1-1643390182193-1643390189701-0,materialBase,silk | pigment | ink
entity:artifact:1:ld1-1643390182193-1643390189702-0,materialBase,silk | pigment | ink
entity:artifact:1:ld1-1643390182193-1643390189703-0,materialBase,silk | pigment | ink
entity:artifact:1:ld1-1643390182193-1643390189703-1,materialBase,silk | pigment | ink
entity:artifact:1:ld1-1643390182193-1643390189704-0,materialBase,silk | ink
entity:artifact:1:ld1-1643390182193-1643390189705-1,materialBase,pigment | silk | ink
entity:artifact:1:ld1-1643390182193-1643390189706-0,materialBase,silk | ink
entity:artifact:1:ld1-1643390182193-1643390189707-0,materialBase,pigment | silk | ink
entity:artifact:1:ld1-1643390182193-1643390189708-0,materialBase,silk | pigment | ink
entity:artifact:1:ld1-1643390182193-1643390189709-0,materialBase,silk | ink
entity:artifact:1:ld1-1643390182193-1643390189710-0,materialBase,silk | pigment | ink
entity:artifact:1:ld1-1643390182193-1643390189717-0,materialBase,silk | pigment | ink
entity:artifact:1:ld1-1643390182193-1643390189731-0,materialBase,glass
entity:artifact:1:ld1-1643390182193-1643390189736-0,materialBase,jade
entity:artifact:1:ld1-1643390182193-1643390189737-0,materialBase,nephrite | jade
entity:artifact:1:ld1-1643390182193-1643390189739-0,materialBase,jade
entity:artifact:1:ld1-1643390182193-1643390189746-0,materialBase,metal | silk
entity:artifact:1:ld1-1643390182193-1643390189816-0,materialBase,bronze
entity:artifact:1:ld1-1643390182193-1643390189817-0,materialBase,bronze
entity:artifact:1:ld1-1643390182193-1643390189819-0,materialBase,bronze
entity:artifact:1:ld1-1643390182193-1643390189819-1,materialBase,bronze
entity:artifact:1:ld1-1643390182193-1643390189820-0,materialBase,bronze
entity:artifact:1:ld1-1643390182193-1643390189821-0,materialBase,bronze
entity:artifact:1:ld1-1643390182193-1643390189822-0,materialBase,bronze
entity:artifact:1:ld1-1643390182193-1643390189824-0,materialBase,bronze
entity:artifact:1:ld1-1643390182193-1643390189829-0,materialBase,bronze | gold
entity:artifact:1:ld1-1643390182193-1643390189829-1,materialBase,bronze | gold
entity:artifact:1:ld1-1643390182193-1643390189830-0,materialBase,bronze | gold
entity:artifact:1:ld1-1643390182193-1643390189831-0,materialBase,bronze | gold
entity:artifact:1:ld1-1643390182193-1643390189832-0,materialBase,bronze | gold
entity:artifact:1:ld1-1643390182193-1643390189833-0,materialBase,bronze | gold
entity:artifact:1:ld1-1643390182193-1643390189857-0,materialBase,bronze
entity:artifact:1:ld1-1643390182193-1643390189859-0,materialBase,nephrite | jade
entity:artifact:1:ld1-1643390182193-1643390189859-1,materialBase,nephrite | jade
entity:artifact:1:ld1-1643390182193-1643390189860-0,materialBase,nephrite | jade
entity:artifact:1:ld1-1643390182193-1643390189861-0,materialBase,nephrite | jade
entity:artifact:1:ld1-1643390182193-1643390189862-0,materialBase,nephrite | jade
entity:artifact:1:ld1-1643390182193-1643390189866-0,materialBase,nephrite | jade
entity:artifact:1:ld1-1643390182193-1643390189883-0,materialBase,bronze | silver | gold
entity:artifact:1:ld1-1643390182193-1643390189884-0,materialBase,nephrite | jade
entity:artifact:1:ld1-1643390182193-1643390189886-0,materialBase,jade
entity:artifact:1:ld1-1643390182193-1643390189888-0,materialBase,nephrite | jade
entity:artifact:1:ld1-1643390182193-1643390189888-1,materialBase,nephrite | jade
entity:artifact:1:ld1-1643390182193-1643390189889-0,materialBase,nephrite | jade
entity:artifact:1:ld1-1643390182193-1643390189894-0,materialBase,nephrite | jade
entity:artifact:1:ld1-1643390182193-1643390189895-0,materialBase,nephrite | jade
entity:artifact:1:ld1-1643390182193-1643390189897-0,materialBase,jade
entity:artifact:1:ld1-1643390182193-1643390189898-0,materialBase,nephrite | jade
entity:artifact:1:ld1-1643390182193-1643390189900-0,materialBase,nephrite | jade
entity:artifact:1:ld1-1643390182193-1643390189901-0,materialBase,nephrite | jade
entity:artifact:1:ld1-1643390182193-1643390189901-1,materialBase,nephrite | jade
entity:artifact:1:ld1-1643390182193-1643390189902-0,materialBase,jade
entity:artifact:1:ld1-1643390182193-1643390189903-0,materialBase,jade
entity:artifact:1:ld1-1643390182193-1643390189904-0,materialBase,nephrite | jade
entity:artifact:1:ld1-1643390182193-1643390189905-0,materialBase,stone | jade
entity:artifact:1:ld1-1643390182193-1643390189906-0,materialBase,nephrite | jade
entity:artifact:1:ld1-1643390182193-1643390189908-0,materialBase,nephrite | jade
entity:artifact:1:ld1-1643390182193-1643390189913-0,materialBase,nephrite | jade
entity:artifact:1:ld1-1643390182193-1643390189914-0,materialBase,nephrite | jade
entity:artifact:1:ld1-1643390182193-1643390189915-0,materialBase,nephrite | jade
entity:artifact:1:ld1-1643390182193-1643390189919-0,materialBase,nephrite | jade
entity:artifact:1:ld1-1643390182193-1643390189920-0,materialBase,jade
entity:artifact:1:ld1-1643390182193-1643390189922-1,materialBase,nephrite | jade
entity:artifact:1:ld1-1643390182193-1643390189923-0,materialBase,jade
entity:artifact:1:ld1-1643390182193-1643390189924-0,materialBase,nephrite | jade
entity:artifact:1:ld1-1643390182193-1643390189925-0,materialBase,nephrite | jade
entity:artifact:1:ld1-1643390182193-1643390189925-1,materialBase,nephrite | jade
entity:artifact:1:ld1-1643390182193-1643390189927-0,materialBase,nephrite | jade
entity:artifact:1:ld1-1643390182193-1643390189931-0,materialBase,jade
entity:artifact:1:ld1-1643390182193-1643390189931-1,materialBase,nephrite | jade
entity:artifact:1:ld1-1643390182193-1643390189933-1,materialBase,nephrite | jade
entity:artifact:1:ld1-1643390182193-1643390189934-0,materialBase,nephrite | jade
entity:artifact:1:ld1-1643390182193-1643390189936-0,materialBase,nephrite | jade
entity:artifact:1:ld1-1643390182193-1643390189937-0,materialBase,nephrite | jade
entity:artifact:1:ld1-1643390182193-1643390189937-1,materialBase,nephrite | jade
entity:artifact:1:ld1-1643390182193-1643390189938-0,materialBase,nephrite | jade
entity:artifact:1:ld1-1643390182193-1643390189939-0,materialBase,nephrite | jade
entity:artifact:1:ld1-1643390182193-1643390189941-0,materialBase,nephrite | jade
entity:artifact:1:ld1-1643390182193-1643390189942-0,materialBase,nephrite | jade
entity:artifact:1:ld1-1643390182193-1643390189949-0,materialBase,nephrite | jade
entity:artifact:1:ld1-1643390182193-1643390189950-0,materialBase,nephrite | jade
entity:artifact:1:ld1-1643390182193-1643390189952-0,materialBase,pigment | silk | ink
entity:artifact:1:ld1-1643390182193-1643390189954-0,materialBase,paper | pigment | ink
entity:artifact:1:ld1-1643390182193-1643390189956-0,materialBase,silk | pigment | ink
entity:artifact:1:ld1-1643390182193-1643390189956-1,materialBase,silk | pigment | ink
entity:artifact:1:ld1-1643390182193-1643390189957-0,materialBase,paper | pigment
entity:artifact:1:ld1-1643390182193-1643390189958-0,materialBase,pigment | silk | ink
entity:artifact:1:ld1-1643390182193-1643390189959-0,materialBase,silk | pigment | ink
entity:artifact:1:ld1-1643390182193-1643390189961-0,materialBase,paper | ink
entity:artifact:1:ld1-1643390182193-1643390189962-0,materialBase,paper | ink
entity:artifact:1:ld1-1643390182193-1643390189963-0,materialBase,paper | pigment | ink
entity:artifact:1:ld1-1643390182193-1643390189964-0,materialBase,paper | pigment | ink
entity:artifact:1:ld1-1643390182193-1643390189965-1,materialBase,silk
entity:artifact:1:ld1-1643390182193-1643390189967-0,materialBase,silk | pigment
entity:artifact:1:ld1-1643390182193-1643390189968-0,materialBase,silk | pigment
entity:artifact:1:ld1-1643390182193-1643390189969-0,materialBase,silk | pigment
entity:artifact:1:ld1-1643390182193-1643390189969-1,materialBase,pigment | silk | ink
entity:artifact:1:ld1-1643390182193-1643390189971-0,materialBase,silk | pigment | ink
entity:artifact:1:ld1-1643390182193-1643390189972-1,materialBase,silk | pigment | ink
entity:artifact:1:ld1-1643390182193-1643390189973-0,materialBase,silk | ink
entity:artifact:1:ld1-1643390182193-1643390189975-0,materialBase,silk | pigment | ink
entity:artifact:1:ld1-1643390182193-1643390189976-0,materialBase,silk | pigment
entity:artifact:1:ld1-1643390182193-1643390189979-0,materialBase,paper | gold | ink
entity:artifact:1:ld1-1643390182193-1643390189980-0,materialBase,silk | pigment | ink
entity:artifact:1:ld1-1643390182193-1643390189982-0,materialBase,paper | gold
entity:artifact:1:ld1-1643390182193-1643390189998-0,materialBase,paper | pigment | ink
entity:artifact:1:ld1-1643390182193-1643390190000-0,materialBase,bronze
entity:artifact:1:ld1-1643390182193-1643390190004-0,materialBase,bronze
entity:artifact:1:ld1-1643390182193-1643390190004-1,materialBase,bronze
entity:artifact:1:ld1-1643390182193-1643390190005-0,materialBase,bronze
entity:artifact:1:ld1-1643390182193-1643390190006-0,materialBase,bronze
entity:artifact:1:ld1-1643390182193-1643390190007-0,materialBase,bronze
entity:artifact:1:ld1-1643390182193-1643390190015-0,materialBase,paper | ink
entity:artifact:1:ld1-1643390182193-1643390190017-0,materialBase,paper | ink
entity:artifact:1:ld1-1643390182193-1643390190018-0,materialBase,silk | pigment | ink
entity:artifact:1:ld1-1643390182193-1643390190020-0,materialBase,earthenware | copper | metal
entity:artifact:1:ld1-1643390182193-1643390190020-1,materialBase,earthenware | copper | metal
entity:artifact:1:ld1-1643390182193-1643390190022-0,materialBase,bronze
entity:artifact:1:ld1-1643390182193-1643390190025-0,materialBase,silk
entity:artifact:1:ld1-1643390182193-1643390190026-0,materialBase,silk | pigment
entity:artifact:1:ld1-1643390182193-1643390190027-1,materialBase,paper | pigment | ink
entity:artifact:1:ld1-1643390182193-1643390190029-0,materialBase,bronze
entity:artifact:1:ld1-1643390182193-1643390190032-0,materialBase,silk | pigment | ink
entity:artifact:1:ld1-1643390182193-1643390190033-0,materialBase,silk | pigment | ink
entity:artifact:1:ld1-1643390182193-1643390190040-1,materialBase,earthenware | copper | metal
entity:artifact:1:ld1-1643390182193-1643390190058-0,materialBase,stone
entity:artifact:1:ld1-1643390182193-1643390190060-0,materialBase,stone
entity:artifact:1:ld1-1643390182193-1643390190061-0,materialBase,stone
entity:artifact:1:ld1-1643390182193-1643390190062-0,materialBase,stone
entity:artifact:1:ld1-1643390182193-1643390190071-1,materialBase,bronze | silver | gold
entity:artifact:1:ld1-1643390182193-1643390190072-0,materialBase,bronze | silver
entity:artifact:1:ld1-1643390182193-1643390190074-0,materialBase,bronze
entity:artifact:1:ld1-1643390182193-1643390190075-0,materialBase,bronze
entity:artifact:1:ld1-1643390182193-1643390190077-0,materialBase,bronze
entity:artifact:1:ld1-1643390182193-1643390190078-0,materialBase,bronze
entity:artifact:1:ld1-1643390182193-1643390190079-1,materialBase,bronze
entity:artifact:1:ld1-1643390182193-1643390190080-0,materialBase,bronze
entity:artifact:1:ld1-1643390182193-1643390190081-0,materialBase,bronze
entity:artifact:1:ld1-1643390182193-1643390190082-0,materialBase,bronze
entity:artifact:1:ld1-1643390182193-1643390190083-0,materialBase,bronze
entity:artifact:1:ld1-1643390182193-1643390190084-0,materialBase,bronze
entity:artifact:1:ld1-1643390182193-1643390190085-0,materialBase,bronze | silver
entity:artifact:1:ld1-1643390182193-1643390190086-0,materialBase,bronze
entity:artifact:1:ld1-1643390182193-1643390190087-0,materialBase,bronze
entity:artifact:1:ld1-1643390182193-1643390190088-0,materialBase,bronze
entity:artifact:1:ld1-1643390182193-1643390190089-0,materialBase,bronze
entity:artifact:1:ld1-1643390182193-1643390190090-0,materialBase,bronze
entity:artifact:1:ld1-1643390182193-1643390190091-0,materialBase,bronze | glass | gold
entity:artifact:1:ld1-1643390182193-1643390190156-0,materialBase,bronze
entity:artifact:1:ld1-1643390182193-1643390190164-0,materialBase,bronze
entity:artifact:1:ld1-1643390182193-1643390190165-0,materialBase,bronze
entity:artifact:1:ld1-1643390182193-1643390190178-0,materialBase,silk | pigment | ink
entity:artifact:1:ld1-1643390182193-1643390190180-0,materialBase,silk | pigment | ink
entity:artifact:1:ld1-1643390182193-1643390190183-0,materialBase,silk | pigment | ink
entity:artifact:1:ld1-1643390182193-1643390190184-0,materialBase,silk | pigment | ink
entity:artifact:1:ld1-1643390182193-1643390190186-0,materialBase,silk | pigment | ink
entity:artifact:1:ld1-1643390182193-1643390190187-0,materialBase,paper | pigment | ink
entity:artifact:1:ld1-1643390182193-1643390190192-0,materialBase,paper | ink
entity:artifact:1:ld1-1643390182193-1643390190193-0,materialBase,silk | pigment | ink
entity:artifact:1:ld1-1643390182193-1643390190195-0,materialBase,silk | ink
entity:artifact:1:ld1-1643390182193-1643390190197-0,materialBase,nephrite | jade
entity:artifact:1:ld1-1643390182193-1643390190198-0,materialBase,nephrite | jade
entity:artifact:1:ld1-1643390182193-1643390190200-0,materialBase,nephrite | jade
entity:artifact:1:ld1-1643390182193-1643390190202-0,materialBase,nephrite | jade
entity:artifact:1:ld1-1643390182193-1643390190204-0,materialBase,nephrite | jade
entity:artifact:1:ld1-1643390182193-1643390190206-0,materialBase,nephrite | jade
entity:artifact:1:ld1-1643390182193-1643390190207-0,materialBase,nephrite | jade
entity:artifact:1:ld1-1643390182193-1643390190209-0,materialBase,nephrite | jade
entity:artifact:1:ld1-1643390182193-1643390190211-0,materialBase,nephrite | jade
entity:artifact:1:ld1-1643390182193-1643390190212-0,materialBase,nephrite | jade
entity:artifact:1:ld1-1643390182193-1643390190214-0,materialBase,nephrite | jade
entity:artifact:1:ld1-1643390182193-1643390190216-0,materialBase,nephrite | jade
entity:artifact:1:ld1-1643390182193-1643390190218-0,materialBase,nephrite | jade
entity:artifact:1:ld1-1643390182193-1643390190219-0,materialBase,nephrite | jade
entity:artifact:1:ld1-1643390182193-1643390190221-0,materialBase,nephrite | jade
entity:artifact:1:ld1-1643390182193-1643390190224-0,materialBase,nephrite | jade
entity:artifact:1:ld1-1643390182193-1643390190226-0,materialBase,nephrite | jade
entity:artifact:1:ld1-1643390182193-1643390190232-0,materialBase,nephrite | jade
entity:artifact:1:ld1-1643390182193-1643390190233-0,materialBase,nephrite | jade
entity:artifact:1:ld1-1643390182193-1643390190235-0,materialBase,nephrite | jade
entity:artifact:1:ld1-1643390182193-1643390190237-0,materialBase,nephrite | jade
entity:artifact:1:ld1-1643390182193-1643390190241-0,materialBase,nephrite | jade
entity:artifact:1:ld1-1643390182193-1643390190243-0,materialBase,nephrite | jade
entity:artifact:1:ld1-1643390182193-1643390190248-0,materialBase,nephrite | jade
entity:artifact:1:ld1-1643390182193-1643390190250-0,materialBase,nephrite | jade
entity:artifact:1:ld1-1643390182193-1643390190253-0,materialBase,nephrite | jade
entity:artifact:1:ld1-1643390182193-1643390190254-0,materialBase,nephrite | jade
entity:artifact:1:ld1-1643390182193-1643390190256-0,materialBase,nephrite | jade
entity:artifact:1:ld1-1643390182193-1643390190258-0,materialBase,nephrite | jade
entity:artifact:1:ld1-1643390182193-1643390190259-0,materialBase,nephrite | jade
entity:artifact:1:ld1-1643390182193-1643390190261-0,materialBase,nephrite | jade
entity:artifact:1:ld1-1643390182193-1643390190264-0,materialBase,nephrite | jade
entity:artifact:1:ld1-1643390182193-1643390190266-0,materialBase,nephrite | jade
entity:artifact:1:ld1-1643390182193-1643390190268-0,materialBase,nephrite | jade
entity:artifact:1:ld1-1643390182193-1643390190270-0,materialBase,nephrite | jade
entity:artifact:1:ld1-1643390182193-1643390190272-0,materialBase,nephrite | jade
entity:artifact:1:ld1-1643390182193-1643390190274-0,materialBase,nephrite | jade
entity:artifact:1:ld1-1643390182193-1643390190275-0,materialBase,nephrite | jade
entity:artifact:1:ld1-1643390182193-1643390190277-0,materialBase,jade
entity:artifact:1:ld1-1643390182193-1643390190279-0,materialBase,stone | jade
entity:artifact:1:ld1-1643390182193-1643390190280-0,materialBase,nephrite | jade
entity:artifact:1:ld1-1643390182193-1643390190282-0,materialBase,nephrite | jade
entity:artifact:1:ld1-1643390182193-1643390190285-0,materialBase,nephrite | jade
entity:artifact:1:ld1-1643390182193-1643390190286-0,materialBase,nephrite | jade
entity:artifact:1:ld1-1643390182193-1643390190308-0,materialBase,bronze
entity:artifact:1:ld1-1643390182193-1643390190311-0,materialBase,bronze
entity:artifact:1:ld1-1643390182193-1643390190315-0,materialBase,stone
entity:artifact:1:ld1-1643390182193-1643390190340-0,materialBase,paper | pigment | ink
entity:artifact:1:ld1-1643390182193-1643390190363-0,materialBase,silk | ink
entity:artifact:1:ld1-1643390182193-1643390190365-0,materialBase,silk | pigment | ink
entity:artifact:1:ld1-1643390182193-1643390190366-0,materialBase,silk | pigment | ink
entity:artifact:1:ld1-1643390182193-1643390190410-0,materialBase,nephrite | jade
entity:artifact:1:ld1-1643390182193-1643390190474-0,materialBase,nephrite | jade
entity:artifact:1:ld1-1643390182193-1643390190548-0,materialBase,bronze
entity:artifact:1:ld1-1643390182193-1643390190682-0,materialBase,nephrite | jade
entity:artifact:1:ld1-1643390182193-1643390190683-0,materialBase,nephrite | jade
entity:artifact:1:ld1-1643390182193-1643390190687-0,materialBase,silk | ink
entity:artifact:1:ld1-1643390182193-1643390190688-0,materialBase,silk | pigment | ink
entity:artifact:1:ld1-1643390182193-1643390190694-0,materialBase,silk | pigment | ink
entity:artifact:1:ld1-1643390182193-1643390190695-0,materialBase,paper | pigment | ink
entity:artifact:1:ld1-1643390182193-1643390190696-0,materialBase,silk | pigment | ink
entity:artifact:1:ld1-1643390182193-1643390190698-0,materialBase,pigment | silk
entity:artifact:1:ld1-1643390182193-1643390190701-0,materialBase,silk | pigment | ink
entity:artifact:1:ld1-1643390182193-1643390190705-0,materialBase,nephrite | jade
entity:artifact:1:ld1-1643390182193-1643390190708-0,materialBase,nephrite | jade
entity:artifact:1:ld1-1643390182193-1643390190713-0,materialBase,nephrite | jade
entity:artifact:1:ld1-1643390182193-1643390190714-0,materialBase,nephrite | jade
entity:artifact:1:ld1-1643390182193-1643390190716-0,materialBase,nephrite | jade
entity:artifact:1:ld1-1643390182193-1643390190717-0,materialBase,nephrite | jade
entity:artifact:1:ld1-1643390182193-1643390190718-0,materialBase,nephrite | jade
entity:artifact:1:ld1-1643390182193-1643390190720-0,materialBase,nephrite | jade
entity:artifact:1:ld1-1643390182193-1643390190721-0,materialBase,nephrite | jade
entity:artifact:1:ld1-1643390182193-1643390190723-0,materialBase,nephrite | jade
entity:artifact:1:ld1-1643390182193-1643390190724-0,materialBase,nephrite | jade
entity:artifact:1:ld1-1643390182193-1643390190726-0,materialBase,nephrite | jade
entity:artifact:1:ld1-1643390182193-1643390190727-0,materialBase,nephrite | jade
entity:artifact:1:ld1-1643390182193-1643390190731-0,materialBase,nephrite | jade
entity:artifact:1:ld1-1643390182193-1643390190732-0,materialBase,nephrite | jade
entity:artifact:1:ld1-1643390182193-1643390190734-0,materialBase,nephrite | jade
entity:artifact:1:ld1-1643390182193-1643390190736-0,materialBase,silk | pigment | ink
entity:artifact:1:ld1-1643390182193-1643390190738-0,materialBase,pigment | silk | ink
entity:artifact:1:ld1-1643390182193-1643390190740-0,materialBase,silk | pigment | ink
entity:artifact:1:ld1-1643390182193-1643390190747-0,materialBase,nephrite | jade
entity:artifact:1:ld1-1643390182193-1643390190749-0,materialBase,nephrite | jade
entity:artifact:1:ld1-1643390182193-1643390190751-0,materialBase,earthenware
entity:artifact:1:ld1-1643390182193-1643390190752-0,materialBase,silk | pigment
entity:artifact:1:ld1-1643390182193-1643390190754-0,materialBase,horn
entity:artifact:1:ld1-1643390182193-1643390190755-0,materialBase,bronze
entity:artifact:1:ld1-1643390182193-1643390190758-0,materialBase,paper | ink
entity:artifact:1:ld1-1643390182193-1643390190972-0,materialBase,earthenware
entity:artifact:1:ld1-1643390182193-1643390190973-0,materialBase,earthenware
entity:artifact:1:ld1-1643390182193-1643390190975-0,materialBase,earthenware
entity:artifact:1:ld1-1643390182193-1643390190981-0,materialBase,bronze | silver | gold
entity:artifact:1:ld1-1643390182193-1643390190984-0,materialBase,metal
entity:artifact:1:ld1-1643390182193-1643390190987-0,materialBase,bronze
entity:artifact:1:ld1-1643390182193-1643390190999-0,materialBase,silk | pigment | ink
entity:artifact:1:ld1-1643390182193-1643390191009-0,materialBase,bronze
entity:artifact:1:ld1-1643390182193-1643390191011-0,materialBase,bronze
entity:artifact:1:ld1-1643390182193-1643390191020-0,materialBase,earthenware | copper | metal
entity:artifact:1:ld1-1643390182193-1643390191021-0,materialBase,bronze
entity:artifact:1:ld1-1643390182193-1643390191025-0,materialBase,stone
entity:artifact:1:ld1-1643390182193-1643390191027-0,materialBase,paper | ink
entity:artifact:1:ld1-1643390182193-1643390191038-0,materialBase,nephrite | jade
entity:artifact:1:ld1-1643390182193-1643390191040-0,materialBase,nephrite | jade
entity:artifact:1:ld1-1643390182193-1643390191041-0,materialBase,nephrite | jade
entity:artifact:1:ld1-1643390182193-1643390191043-0,materialBase,nephrite | jade
entity:artifact:1:ld1-1643390182193-1643390191044-0,materialBase,nephrite | jade
entity:artifact:1:ld1-1643390182193-1643390191047-0,materialBase,nephrite | jade
entity:artifact:1:ld1-1643390182193-1643390191049-0,materialBase,nephrite | jade
entity:artifact:1:ld1-1643390182193-1643390191050-0,materialBase,nephrite | jade
entity:artifact:1:ld1-1643390182193-1643390191053-0,materialBase,nephrite | jade
entity:artifact:1:ld1-1643390182193-1643390191055-0,materialBase,jade
entity:artifact:1:ld1-1643390182193-1643390191056-0,materialBase,jade
entity:artifact:1:ld1-1643390182193-1643390191058-0,materialBase,nephrite | jade
entity:artifact:1:ld1-1643390182193-1643390191059-0,materialBase,stone | jade
entity:artifact:1:ld1-1643390182193-1643390191061-0,materialBase,nephrite | jade
entity:artifact:1:ld1-1643390182193-1643390191062-0,materialBase,jade
entity:artifact:1:ld1-1643390182193-1643390191064-0,materialBase,nephrite | jade
entity:artifact:1:ld1-1643390182193-1643390191066-0,materialBase,jade
entity:artifact:1:ld1-1643390182193-1643390191069-0,materialBase,nephrite | jade
entity:artifact:1:ld1-1643390182193-1643390191071-0,materialBase,stone
entity:artifact:1:ld1-1643390182193-1643390191072-0,materialBase,nephrite | jade
entity:artifact:1:ld1-1643390182193-1643390191074-0,materialBase,nephrite | jade
entity:artifact:1:ld1-1643390182193-1643390191075-0,materialBase,nephrite | jade
entity:artifact:1:ld1-1643390182193-1643390191080-0,materialBase,nephrite | jade
entity:artifact:1:ld1-1643390182193-1643390191082-0,materialBase,nephrite | jade
entity:artifact:1:ld1-1643390182193-1643390191082-1,materialBase,nephrite | jade
entity:artifact:1:ld1-1643390182193-1643390191083-0,materialBase,nephrite | jade
entity:artifact:1:ld1-1643390182193-1643390191084-0,materialBase,nephrite | jade
entity:artifact:1:ld1-1643390182193-1643390191085-0,materialBase,nephrite | jade
entity:artifact:1:ld1-1643390182193-1643390191086-0,materialBase,nephrite | jade
entity:artifact:1:ld1-1643390182193-1643390191087-1,materialBase,nephrite | jade
entity:artifact:1:ld1-1643390182193-1643390191088-0,materialBase,nephrite | jade
entity:artifact:1:ld1-1643390182193-1643390191090-1,materialBase,nephrite | jade
entity:artifact:1:ld1-1643390182193-1643390191091-0,materialBase,stone | jade
entity:artifact:1:ld1-1643390182193-1643390191092-0,materialBase,nephrite | jade
entity:artifact:1:ld1-1643390182193-1643390191093-0,materialBase,nephrite | jade
entity:artifact:1:ld1-1643390182193-1643390191094-1,materialBase,bronze
entity:artifact:1:ld1-1643390182193-1643390191095-0,materialBase,stone | pigment | bronze
entity:artifact:1:ld1-1643390182193-1643390191096-0,materialBase,bronze
entity:artifact:1:ld1-1643390182193-1643390191097-0,materialBase,bronze
entity:artifact:1:ld1-1643390182193-1643390191097-1,materialBase,bronze | shell
entity:artifact:1:ld1-1643390182193-1643390191098-0,materialBase,stone | bronze | shell
entity:artifact:1:ld1-1643390182193-1643390191099-0,materialBase,stone | bronze
entity:artifact:1:ld1-1643390182193-1643390191104-1,materialBase,bronze
entity:artifact:1:ld1-1643390182193-1643390191105-0,materialBase,bronze
entity:artifact:1:ld1-1643390182193-1643390191106-0,materialBase,bronze
entity:artifact:1:ld1-1643390182193-1643390191106-1,materialBase,silver
entity:artifact:1:ld1-1643390182193-1643390191107-0,materialBase,bronze
entity:artifact:1:ld1-1643390182193-1643390191110-0,materialBase,nephrite | jade
entity:artifact:1:ld1-1643390182193-1643390191116-0,materialBase,earthenware | porcelain
entity:artifact:1:ld1-1643390182193-1643390191125-1,materialBase,earthenware | copper | metal
entity:artifact:1:ld1-1643390182193-1643390191126-0,materialBase,pigment | silk | ink
entity:artifact:1:ld1-1643390182193-1643390191127-1,materialBase,silk | pigment | ink
entity:artifact:1:ld1-1643390182193-1643390191128-0,materialBase,paper | pigment | ink
entity:artifact:1:ld1-1643390182193-1643390191129-0,materialBase,silk | pigment | ink
entity:artifact:1:ld1-1643390182193-1643390191129-1,materialBase,silk | pigment | ink
entity:artifact:1:ld1-1643390182193-1643390191130-0,materialBase,paper | pigment | ink
entity:artifact:1:ld1-1643390182193-1643390191132-0,materialBase,silk | pigment | ink
entity:artifact:1:ld1-1643390182193-1643390191132-1,materialBase,silk | ink
entity:artifact:1:ld1-1643390182193-1643390191133-0,materialBase,silk | ink
entity:artifact:1:ld1-1643390182193-1643390191134-0,materialBase,silk | pigment | ink
entity:artifact:1:ld1-1643390182193-1643390191136-0,materialBase,silk | ink
entity:artifact:1:ld1-1643390182193-1643390191137-0,materialBase,paper | ink
entity:artifact:1:ld1-1643390182193-1643390191140-1,materialBase,silk | pigment | ink
entity:artifact:1:ld1-1643390182193-1643390191141-0,materialBase,silk | ink
entity:artifact:1:ld1-1643390182193-1643390191142-0,materialBase,silk | pigment | ink
entity:artifact:1:ld1-1643390182193-1643390191143-1,materialBase,silk | pigment | gold | ink
entity:artifact:1:ld1-1643390182193-1643390191144-0,materialBase,paper | pigment | ink
entity:artifact:1:ld1-1643390182193-1643390191145-0,materialBase,silk | pigment
entity:artifact:1:ld1-1643390182193-1643390191146-0,materialBase,silk | ink
entity:artifact:1:ld1-1643390182193-1643390191146-1,materialBase,silk | ink
entity:artifact:1:ld1-1643390182193-1643390191147-0,materialBase,silk | pigment | ink
entity:artifact:1:ld1-1643390182193-1643390191148-0,materialBase,silk | ink
entity:artifact:1:ld1-1643390182193-1643390191149-0,materialBase,silk | pigment | ink
entity:artifact:1:ld1-1643390182193-1643390191149-1,materialBase,silk | pigment | ink
entity:artifact:1:ld1-1643390182193-1643390191150-0,materialBase,silk | pigment | ink
entity:artifact:1:ld1-1643390182193-1643390191151-0,materialBase,pigment | silk | ink
entity:artifact:1:ld1-1643390182193-1643390191152-1,materialBase,silk | pigment | ink
entity:artifact:1:ld1-1643390182193-1643390191153-0,materialBase,silk | pigment | ink
entity:artifact:1:ld1-1643390182193-1643390191154-0,materialBase,pigment | silk | ink
entity:artifact:1:ld1-1643390182193-1643390191155-1,materialBase,silk | pigment | ink
entity:artifact:1:ld1-1643390182193-1643390191157-0,materialBase,silk | pigment | ink
entity:artifact:1:ld1-1643390182193-1643390191158-0,materialBase,silk | ink
entity:artifact:1:ld1-1643390182193-1643390191158-1,materialBase,silk | pigment | ink
entity:artifact:1:ld1-1643390182193-1643390191159-0,materialBase,silk | pigment | ink
entity:artifact:1:ld1-1643390182193-1643390191160-0,materialBase,silk | pigment | ink
entity:artifact:1:ld1-1643390182193-1643390191161-0,materialBase,pigment | silk | ink
entity:artifact:1:ld1-1643390182193-1643390191161-1,materialBase,pigment | silk | ink
entity:artifact:1:ld1-1643390182193-1643390191162-0,materialBase,silk | pigment | ink
entity:artifact:1:ld1-1643390182193-1643390191163-0,materialBase,silk | pigment | ink
entity:artifact:1:ld1-1643390182193-1643390191165-0,materialBase,silk | ink
entity:artifact:1:ld1-1643390182193-1643390191167-0,materialBase,pigment | silk | ink
entity:artifact:1:ld1-1643390182193-1643390191168-0,materialBase,pigment | silk | ink
entity:artifact:1:ld1-1643390182193-1643390191169-0,materialBase,silk | ink
entity:artifact:1:ld1-1643390182193-1643390191169-1,materialBase,silk | pigment | ink
entity:artifact:1:ld1-1643390182193-1643390191171-0,materialBase,silk | ink
entity:artifact:1:ld1-1643390182193-1643390191171-1,materialBase,silk | ink
entity:artifact:1:ld1-1643390182193-1643390191172-0,materialBase,silk | ink
entity:artifact:1:ld1-1643390182193-1643390191173-0,materialBase,paper | ink
entity:artifact:1:ld1-1643390182193-1643390191176-0,materialBase,paper | ink
entity:artifact:1:ld1-1643390182193-1643390191176-1,materialBase,paper | ink
entity:artifact:1:ld1-1643390182193-1643390191177-0,materialBase,silk | pigment | ink
entity:artifact:1:ld1-1643390182193-1643390191179-1,materialBase,silk | pigment | ink
entity:artifact:1:ld1-1643390182193-1643390191181-0,materialBase,pigment | silk | ink
entity:artifact:1:ld1-1643390182193-1643390191184-0,materialBase,bronze
entity:artifact:1:ld1-1643390182193-1643390191185-0,materialBase,earthenware | copper | metal
entity:artifact:1:ld1-1643390182193-1643390191186-0,materialBase,stone | pigment
entity:artifact:1:ld1-1643390182193-1643390191187-0,materialBase,stone | pigment
entity:artifact:1:ld1-1643390182193-1643390191197-0,materialBase,stone
entity:artifact:1:ld1-1643390182193-1643390191198-0,materialBase,stone
entity:artifact:1:ld1-1643390182193-1643390191198-1,materialBase,earthenware
entity:artifact:1:ld1-1643390182193-1643390191199-0,materialBase,earthenware
entity:artifact:1:ld1-1643390182193-1643390191200-0,materialBase,earthenware
entity:artifact:1:ld1-1643390182193-1643390191200-1,materialBase,earthenware
entity:artifact:1:ld1-1643390182193-1643390191201-0,materialBase,earthenware
entity:artifact:1:ld1-1643390182193-1643390191201-1,materialBase,earthenware
entity:artifact:1:ld1-1643390182193-1643390191202-0,materialBase,earthenware
entity:artifact:1:ld1-1643390182193-1643390191203-0,materialBase,earthenware
entity:artifact:1:ld1-1643390182193-1643390191203-1,materialBase,earthenware
entity:artifact:1:ld1-1643390182193-1643390191204-0,materialBase,stone
entity:artifact:1:ld1-1643390182193-1643390191210-0,materialBase,bronze
entity:artifact:1:ld1-1643390182193-1643390191210-1,materialBase,bronze
entity:artifact:1:ld1-1643390182193-1643390191211-0,materialBase,bronze
entity:artifact:1:ld1-1643390182193-1643390191212-0,materialBase,bronze
entity:artifact:1:ld1-1643390182193-1643390191212-1,materialBase,bronze
entity:artifact:1:ld1-1643390182193-1643390191214-0,materialBase,bronze
entity:artifact:1:ld1-1643390182193-1643390191214-1,materialBase,bronze
entity:artifact:1:ld1-1643390182193-1643390191220-1,materialBase,bronze
entity:artifact:1:ld1-1643390182193-1643390191221-0,materialBase,paper | pigment | gold | ink
entity:artifact:1:ld1-1643390182193-1643390191235-0,materialBase,lacquer | bronze | silver | gold
entity:artifact:1:ld1-1643390182193-1643390191242-0,materialBase,earthenware | copper | iron | metal
entity:artifact:1:ld1-1643390182193-1643390191244-0,materialBase,bronze
entity:artifact:1:ld1-1643390182193-1643390191245-0,materialBase,stone | bronze | gold
entity:artifact:1:ld1-1643390182193-1643390191292-1,materialBase,bronze
entity:artifact:1:ld1-1643390182193-1643390191294-0,materialBase,nephrite | jade
entity:artifact:1:ld1-1643390182193-1643390191294-1,materialBase,nephrite | jade
entity:artifact:1:ld1-1643390182193-1643390191295-0,materialBase,nephrite | jade
entity:artifact:1:ld1-1643390182193-1643390191296-0,materialBase,nephrite | jade
entity:artifact:1:ld1-1643390182193-1643390191296-1,materialBase,earthenware | copper | metal
entity:artifact:1:ld1-1643390182193-1643390191297-0,materialBase,earthenware | copper | metal | clay
entity:artifact:1:ld1-1643390182193-1643390191298-0,materialBase,earthenware | copper | metal
entity:artifact:1:ld1-1643390182193-1643390191300-0,materialBase,bronze
entity:artifact:1:ld1-1643390182193-1643390191301-0,materialBase,silver
entity:artifact:1:ld1-1643390182193-1643390191304-0,materialBase,nephrite | jade
entity:artifact:1:ld1-1643390182193-1643390191308-0,materialBase,silver
entity:artifact:1:ld1-1643390182193-1643390191308-1,materialBase,silver
entity:artifact:1:ld1-1643390182193-1643390191310-0,materialBase,silver
entity:artifact:1:ld1-1643390182193-1643390191329-0,materialBase,paper | pigment | ink
entity:artifact:1:ld1-1643390182193-1643390191343-0,materialBase,paper | ink
entity:artifact:1:ld1-1643390182193-1643390191346-0,materialBase,paper | pigment | ink
entity:artifact:1:ld1-1643390182193-1643390191349-0,materialBase,silver
entity:artifact:1:ld1-1643390182193-1643390191350-1,materialBase,bronze
entity:artifact:1:ld1-1643390182193-1643390191354-0,materialBase,nephrite | jade
entity:artifact:1:ld1-1643390182193-1643390191354-1,materialBase,nephrite | jade
entity:artifact:1:ld1-1643390182193-1643390191356-1,materialBase,nephrite | jade
entity:artifact:1:ld1-1643390182193-1643390191377-1,materialBase,bronze
entity:artifact:1:ld1-1643390182193-1643390191378-0,materialBase,bronze | glass
entity:artifact:1:ld1-1643390182193-1643390191379-0,materialBase,bronze | silver | gold
entity:artifact:1:ld1-1643390182193-1643390191379-1,materialBase,bronze | silver | gold
entity:artifact:1:ld1-1643390182193-1643390191396-0,materialBase,nephrite | jade
entity:artifact:1:ld1-1643390182193-1643390191397-0,materialBase,nephrite | jade
entity:artifact:1:ld1-1643390182193-1643390191397-1,materialBase,nephrite | jade
entity:artifact:1:ld1-1643390182193-1643390191398-0,materialBase,nephrite | jade
entity:artifact:1:ld1-1643390182193-1643390191399-0,materialBase,nephrite | jade
entity:artifact:1:ld1-1643390182193-1643390191399-1,materialBase,nephrite | jade
entity:artifact:1:ld1-1643390182193-1643390191400-0,materialBase,nephrite | jade
entity:artifact:1:ld1-1643390182193-1643390191433-0,materialBase,iron | gold | jade
entity:artifact:1:ld1-1643390182193-1643390191471-0,materialBase,bronze | silver | gold
entity:artifact:1:ld1-1643390182193-1643390191531-0,materialBase,bronze
entity:artifact:1:ld1-1643390182193-1643390191981-1,materialBase,bronze
entity:artifact:1:ld1-1643390182193-1643390191999-0,materialBase,bronze
entity:artifact:1:ld1-1643390182193-1643390192020-0,materialBase,bronze | gold
entity:artifact:1:ld1-1643390182193-1643390192021-0,materialBase,stone | bronze | gold
entity:artifact:1:ld1-1643390182193-1643390192028-1,materialBase,stone | bronze
entity:artifact:1:ld1-1643390182193-1643390192029-0,materialBase,stone | bronze | silver | gold | jade
entity:artifact:1:ld1-1643390182193-1643390192033-1,materialBase,bronze
entity:artifact:1:ld1-1643390182193-1643390192060-0,materialBase,earthenware | metal
entity:artifact:1:ld1-1643390182193-1643390192061-0,materialBase,earthenware | metal
entity:artifact:1:ld1-1643390182193-1643390192355-0,materialBase,bronze | stone
entity:artifact:1:ld1-1643390182193-1643390192357-0,materialBase,bronze
entity:artifact:1:ld1-1643390182193-1643390192464-1,materialBase,silk | pigment | ink
entity:artifact:1:ld1-1643390182193-1643390192477-0,materialBase,bronze
entity:artifact:1:ld1-1643390182193-1643390192478-0,materialBase,bronze
entity:artifact:1:ld1-1643390182193-1643390192479-0,materialBase,bronze
entity:artifact:1:ld1-1643390182193-1643390192480-0,materialBase,bronze
entity:artifact:1:ld1-1643390182193-1643390192482-0,materialBase,nephrite | jade
entity:artifact:1:ld1-1643390182193-1643390192486-0,materialBase,stone | pigment
entity:artifact:1:ld1-1643390182193-1643390192488-1,materialBase,nephrite | jade
entity:artifact:1:ld1-1643390182193-1643390192492-0,materialBase,stone
entity:artifact:1:ld1-1643390182193-1643390192493-0,materialBase,stone
entity:artifact:1:ld1-1643390182193-1643390192589-0,materialBase,bronze
entity:artifact:1:ld1-1643390182193-1643390192894-1,materialBase,bronze
entity:artifact:1:ld1-1643390182193-1643390192895-0,materialBase,bronze
entity:artifact:1:ld1-1643390182193-1643390192897-0,materialBase,bronze
entity:artifact:1:ld1-1643390182193-1643390192897-1,materialBase,bronze
entity:artifact:1:ld1-1643390182193-1643390192898-0,materialBase,bronze
entity:artifact:1:ld1-1643390182193-1643390192899-0,materialBase,bronze
entity:artifact:1:ld1-1643390182193-1643390192899-1,materialBase,bronze
entity:artifact:1:ld1-1643390182193-1643390192900-0,materialBase,bronze
entity:artifact:1:ld1-1643390182193-1643390192901-0,materialBase,bronze
entity:artifact:1:ld1-1643390182193-1643390192902-0,materialBase,bronze
entity:artifact:1:ld1-1643390182193-1643390192902-1,materialBase,bronze
entity:artifact:1:ld1-1643390182193-1643390192903-0,materialBase,bronze
entity:artifact:1:ld1-1643390182193-1643390192904-0,materialBase,bronze
entity:artifact:1:ld1-1643390182193-1643390192905-0,materialBase,bronze
entity:artifact:1:ld1-1643390182193-1643390192905-1,materialBase,bronze
entity:artifact:1:ld1-1643390182193-1643390192906-0,materialBase,bronze
entity:artifact:1:ld1-1643390182193-1643390192907-0,materialBase,bronze
entity:artifact:1:ld1-1643390182193-1643390192907-1,materialBase,bronze
entity:artifact:1:ld1-1643390182193-1643390192908-0,materialBase,bronze
entity:artifact:1:ld1-1643390182193-1643390192909-0,materialBase,bronze
entity:artifact:1:ld1-1643390182193-1643390192909-1,materialBase,bronze
entity:artifact:1:ld1-1643390182193-1643390192910-0,materialBase,bronze
entity:artifact:1:ld1-1643390182193-1643390192918-1,materialBase,nephrite | jade
entity:artifact:1:ld1-1643390182193-1643390193172-0,materialBase,porcelain | pigment
entity:artifact:1:ld1-1643390182193-1643390193173-0,materialBase,porcelain | pigment
entity:artifact:1:ld1-1643390182193-1643390193175-0,materialBase,porcelain | pigment
entity:artifact:1:ld1-1643390182193-1643390193176-0,materialBase,porcelain | pigment
entity:artifact:1:ld1-1643390182193-1643390193582-0,materialBase,silk | pigment | ink
entity:artifact:1:ld1-1643390182193-1643390193586-0,materialBase,silk | pigment | ink
entity:artifact:1:ld1-1643390182193-1643390193772-0,materialBase,bronze
entity:artifact:1:ld1-1643390182193-1643390193859-0,materialBase,silk | pigment | ink
entity:artifact:1:ld1-1643390182193-1643390194307-0,materialBase,silk | pigment | ink
entity:artifact:1:ld1-1643390182193-1643390194308-0,materialBase,silk | pigment | ink
entity:artifact:1:ld1-1643390182193-1643390194486-0,materialBase,stone | jade
entity:artifact:1:ld1-1643390182193-1643390194898-0,materialBase,bronze
entity:artifact:1:ld1-1643390182193-1643390194898-1,materialBase,bronze
entity:artifact:1:ld1-1643390182193-1643390195165-0,materialBase,bronze
entity:artifact:1:ld1-1643390182193-1643390195165-1,materialBase,bronze
entity:artifact:1:ld1-1643390182193-1643390195166-0,materialBase,bronze
entity:artifact:1:ld1-1643390182193-1643390195167-0,materialBase,bronze
entity:artifact:1:ld1-1643390182193-1643390195202-1,materialBase,glass
entity:artifact:1:ld1-1643390182193-1643390195204-1,materialBase,glass
entity:artifact:1:ld1-1643390182193-1643390196306-0,materialBase,lacquer
entity:artifact:1:ld1-1643390182193-1643390196412-1,materialBase,bone
entity:artifact:1:ld1-1643390182193-1643390196419-0,materialBase,bone
entity:artifact:1:ld1-1643390182193-1643390196420-0,materialBase,bone
entity:artifact:1:ld1-1643390182193-1643390196420-1,materialBase,bone
entity:artifact:1:ld1-1643390182193-1643390196421-0,materialBase,bone
entity:artifact:1:ld1-1643390182193-1643390196421-1,materialBase,bone
entity:artifact:1:ld1-1643390182193-1643390196422-0,materialBase,bone
entity:artifact:1:ld1-1643390182193-1643390196422-1,materialBase,bone
entity:artifact:1:ld1-1643390182193-1643390196423-0,materialBase,bone
entity:artifact:1:ld1-1643390182193-1643390196424-0,materialBase,bone
entity:artifact:1:ld1-1643390182193-1643390196424-1,materialBase,bone
entity:artifact:1:ld1-1643390182193-1643390196425-0,materialBase,bone
entity:artifact:1:ld1-1643390182193-1643390196425-1,materialBase,bone
entity:artifact:1:ld1-1643390182193-1643390196426-0,materialBase,bone
entity:artifact:1:ld1-1643390182193-1643390196426-1,materialBase,bone
entity:artifact:1:ld1-1643390182193-1643390196427-0,materialBase,ivory
entity:artifact:1:ld1-1643390182193-1643390199654-0,materialBase,earthenware
entity:artifact:1:ld1-1643390182193-1643390201839-1,materialBase,silk | pigment | ink
entity:artifact:1:ld1-1643390182193-1643390201840-0,materialBase,pigment | silk | ink
entity:artifact:1:ld1-1643390182193-1643390202065-1,materialBase,nephrite | jade
entity:artifact:1:ld1-1643390182193-1643390202105-0,materialBase,nephrite | jade
entity:artifact:1:ld1-1643390182193-1643390202126-0,materialBase,textile
entity:artifact:1:ld1-1643390182193-1643390202127-1,materialBase,silk
entity:artifact:1:ld1-1643390182193-1643390202184-1,materialBase,wood
entity:artifact:1:ld1-1643390182193-1643390202185-1,materialBase,wood
entity:artifact:1:ld1-1643390182193-1643390202202-0,materialBase,wood
entity:artifact:1:ld1-1643390182193-1643390202870-0,materialBase,bronze | gold
entity:artifact:1:ld1-1643390182193-1643390203101-0,materialBase,bronze
entity:artifact:1:ld1-1643390182193-1643390203114-0,materialBase,bronze
entity:artifact:1:ld1-1643390182193-1643390203129-0,materialBase,bronze
entity:artifact:1:ld1-1643390182193-1643390203302-0,materialBase,nephrite | jade
entity:artifact:1:ld1-1643390182193-1643390203443-0,materialBase,nephrite | jade
entity:artifact:1:ld1-1643398738600-1643398745136-0,materialBase,paper | ink
entity:artifact:1:ld1-1643398738600-1643398745137-0,materialBase,paper | ink
entity:artifact:1:ld1-1643398738600-1643398745138-0,materialBase,paper | ink
entity:artifact:1:ld1-1643398738600-1643398745213-0,materialBase,paper | ink
entity:artifact:1:ld1-1643398738600-1643398747015-1,materialBase,paper | textile | ink
entity:artifact:1:ld1-1643398738600-1643398748738-1,materialBase,paper | ink
entity:artifact:1:ld1-1643398853934-1643398856584-1,materialBase,wood
entity:artifact:1:ld1-1643398853934-1643398856657-1,materialBase,paper | ink
entity:artifact:1:ld1-1643398853934-1643398856788-1,materialBase,glass
entity:artifact:1:ld1-1643398853934-1643398865285-0,materialBase,paper | ink
entity:artifact:1:ld1-1643398853934-1643398865570-0,materialBase,pigment | paper | ink
entity:artifact:1:ld1-1643398912743-1643398954325-0,materialBase,bronze
entity:artifact:1:ld1-1643398912743-1643398954326-0,materialBase,bronze
entity:artifact:1:ld1-1643398986850-1643399010506-0,materialBase,textile
entity:artifact:1:ld1-1643398986850-1643399010507-0,materialBase,textile
entity:artifact:1:ld1-1643399134763-1643399191104-0,materialBase,paper
entity:artifact:1:ld1-1643399134763-1643399191104-1,materialBase,paper
entity:artifact:1:ld1-1643399207586-1643399235010-1,materialBase,gold
entity:artifact:1:ld1-1643399486815-1643399489990-1,materialBase,linen
entity:artifact:1:ld1-1643399486815-1643399489992-0,materialBase,linen
entity:artifact:1:ld1-1643399486815-1643399489995-0,materialBase,linen
entity:artifact:1:ld1-1643399486815-1643399489996-0,materialBase,linen
entity:artifact:1:ld1-1643399486815-1643399489997-0,materialBase,linen
entity:artifact:1:ld1-1643399486815-1643399489999-0,materialBase,linen
entity:artifact:1:ld1-1643399486815-1643399490000-0,materialBase,linen
entity:artifact:1:ld1-1643399486815-1643399490001-0,materialBase,linen
entity:artifact:1:ld1-1643399486815-1643399490002-0,materialBase,linen
entity:artifact:1:ld1-1643399486815-1643399490003-0,materialBase,linen
entity:artifact:1:ld1-1643399486815-1643399490004-0,materialBase,linen
entity:artifact:1:ld1-1643399486815-1643399490005-0,materialBase,linen
entity:artifact:1:ld1-1643399486815-1643399490006-0,materialBase,linen
entity:artifact:1:ld1-1643399486815-1643399490007-0,materialBase,linen
entity:artifact:1:ld1-1643399486815-1643399490008-0,materialBase,linen
entity:artifact:1:ld1-1643399486815-1643399490009-0,materialBase,linen
entity:artifact:1:ld1-1643399486815-1643399490010-0,materialBase,linen
entity:artifact:1:ld1-1643399486815-1643399490011-0,materialBase,linen
entity:artifact:1:ld1-1643399486815-1643399490012-0,materialBase,linen
entity:artifact:1:ld1-1643399486815-1643399490013-0,materialBase,linen
entity:artifact:1:ld1-1643399486815-1643399490014-0,materialBase,linen
entity:artifact:1:ld1-1643399486815-1643399490015-0,materialBase,linen
entity:artifact:1:ld1-1643399486815-1643399490016-0,materialBase,linen
entity:artifact:1:ld1-1643399486815-1643399490017-0,materialBase,linen
entity:artifact:1:ld1-1643399486815-1643399490019-0,materialBase,linen
entity:artifact:1:ld1-1643399486815-1643399490020-0,materialBase,linen
entity:artifact:1:ld1-1643399486815-1643399490021-0,materialBase,linen
entity:artifact:1:ld1-1643399486815-1643399490022-0,materialBase,linen
entity:artifact:1:ld1-1643399486815-1643399490023-0,materialBase,linen
entity:artifact:1:ld1-1643399486815-1643399490024-0,materialBase,linen
entity:artifact:1:ld1-1643399486815-1643399490025-0,materialBase,linen
entity:artifact:1:ld1-1643399486815-1643399490026-1,materialBase,linen
entity:artifact:1:ld1-1643399486815-1643399490027-0,materialBase,linen
entity:artifact:1:ld1-1643399486815-1643399490028-0,materialBase,linen
entity:artifact:1:ld1-1643399486815-1643399490029-0,materialBase,linen
entity:artifact:1:ld1-1643399486815-1643399490030-0,materialBase,linen
entity:artifact:1:ld1-1643399486815-1643399490031-0,materialBase,linen
entity:artifact:1:ld1-1643399486815-1643399490032-0,materialBase,linen
entity:artifact:1:ld1-1643399486815-1643399490033-0,materialBase,linen
entity:artifact:1:ld1-1643399486815-1643399490034-0,materialBase,linen
entity:artifact:1:ld1-1643399486815-1643399490035-0,materialBase,linen
entity:artifact:1:ld1-1643399486815-1643399490036-0,materialBase,linen
entity:artifact:1:ld1-1643399486815-1643399490037-0,materialBase,linen
entity:artifact:1:ld1-1643399486815-1643399490038-0,materialBase,linen
entity:artifact:1:ld1-1643399486815-1643399490039-0,materialBase,silk
entity:artifact:1:ld1-1643399486815-1643399490040-0,materialBase,linen
entity:artifact:1:ld1-1643399486815-1643399490041-0,materialBase,linen
entity:artifact:1:ld1-1643399486815-1643399490042-0,materialBase,linen
entity:artifact:1:ld1-1643399486815-1643399490042-1,materialBase,linen
entity:artifact:1:ld1-1643399549356-1643399580630-0,materialBase,porcelain | ceramic | pigment
entity:artifact:1:ld1-1643399549356-1643399581024-0,materialBase,porcelain | ceramic | pigment
entity:artifact:1:ld1-1643399549356-1643399581036-0,materialBase,porcelain | ceramic | pigment
entity:artifact:1:ld1-1643399549356-1643399581037-0,materialBase,earthenware | ceramic | pigment
entity:artifact:1:ld1-1643399549356-1643399584799-0,materialBase,porcelain | ceramic
entity:artifact:1:ld1-1643399549356-1643399589214-1,materialBase,porcelain | ceramic | pigment
entity:artifact:1:ld1-1643399549356-1643399589215-0,materialBase,porcelain | ceramic | pigment | gold
entity:artifact:1:ld1-1643399549356-1643399589216-1,materialBase,porcelain | ceramic | pigment | gold
entity:artifact:1:ld1-1643399549356-1643399589217-0,materialBase,porcelain | ceramic | pigment | gold
entity:artifact:1:ld1-1643399549356-1643399589218-0,materialBase,porcelain | ceramic | pigment | gold
entity:artifact:1:ld1-1643399549356-1643399589218-1,materialBase,porcelain | ceramic | pigment | gold
entity:artifact:1:ld1-1643399549356-1643399589219-0,materialBase,porcelain | ceramic | pigment | gold
entity:artifact:1:ld1-1643399549356-1643399589219-1,materialBase,porcelain | ceramic | pigment | gold
entity:artifact:1:ld1-1643399549356-1643399589220-0,materialBase,porcelain | ceramic | pigment | gold
entity:artifact:1:ld1-1643399549356-1643399589221-0,materialBase,porcelain | ceramic | pigment | gold
entity:artifact:1:ld1-1643399549356-1643399589222-0,materialBase,porcelain | ceramic | pigment | gold
entity:artifact:1:ld1-1643399549356-1643399589222-1,materialBase,porcelain | ceramic | pigment | gold
entity:artifact:1:ld1-1643399549356-1643399589223-0,materialBase,porcelain | ceramic | pigment
entity:artifact:1:ld1-1643399549356-1643399589225-0,materialBase,porcelain | ceramic | pigment
entity:artifact:1:ld1-1643399549356-1643399589228-0,materialBase,porcelain | ceramic | pigment
entity:artifact:1:ld1-1643399549356-1643399589675-0,materialBase,porcelain | ceramic | pigment
entity:artifact:1:ld1-1643399549356-1643399589676-0,materialBase,porcelain | ceramic | pigment
entity:artifact:1:ld1-1643399549356-1643399589678-0,materialBase,porcelain | ceramic | pigment
entity:artifact:1:ld1-1643399549356-1643399589678-1,materialBase,porcelain | ceramic | pigment
entity:artifact:1:ld1-1643399549356-1643399589679-0,materialBase,porcelain | ceramic | pigment
entity:artifact:1:ld1-1643399549356-1643399589679-1,materialBase,porcelain | ceramic | pigment
entity:artifact:1:ld1-1643399549356-1643399589680-0,materialBase,porcelain | ceramic | pigment
entity:artifact:1:ld1-1643399549356-1643399589681-0,materialBase,porcelain | ceramic | pigment
entity:artifact:1:ld1-1643399549356-1643399589681-1,materialBase,porcelain | ceramic | pigment
entity:artifact:1:ld1-1643399549356-1643399589682-0,materialBase,porcelain | ceramic | pigment
entity:artifact:1:ld1-1643399549356-1643399589683-0,materialBase,porcelain | ceramic | pigment
entity:artifact:1:ld1-1643399549356-1643399589683-1,materialBase,porcelain | ceramic | pigment
entity:artifact:1:ld1-1643399549356-1643399589684-0,materialBase,porcelain | ceramic | pigment
entity:artifact:1:ld1-1643399549356-1643399589685-0,materialBase,porcelain | ceramic | pigment
entity:artifact:1:ld1-1643399549356-1643399589685-1,materialBase,porcelain | ceramic | pigment
entity:artifact:1:ld1-1643399549356-1643399589686-0,materialBase,porcelain | ceramic | pigment
entity:artifact:1:ld1-1643399549356-1643399589686-1,materialBase,porcelain | ceramic | pigment
entity:artifact:1:ld1-1643399549356-1643399589687-0,materialBase,porcelain | ceramic | pigment
entity:artifact:1:ld1-1643399549356-1643399589688-0,materialBase,porcelain | ceramic | pigment
entity:artifact:1:ld1-1643399549356-1643399589688-1,materialBase,porcelain | ceramic | pigment
entity:artifact:1:ld1-1643399549356-1643399589689-0,materialBase,porcelain | ceramic | pigment
entity:artifact:1:ld1-1643399549356-1643399589689-1,materialBase,porcelain | ceramic | pigment
entity:artifact:1:ld1-1643399549356-1643399589690-0,materialBase,porcelain | ceramic | pigment
entity:artifact:1:ld1-1643399549356-1643399589690-1,materialBase,porcelain | ceramic | pigment
entity:artifact:1:ld1-1643399549356-1643399589691-0,materialBase,porcelain | ceramic | pigment
entity:artifact:1:ld1-1643399549356-1643399589692-0,materialBase,porcelain | ceramic | pigment
entity:artifact:1:ld1-1643399549356-1643399589692-1,materialBase,porcelain | ceramic | pigment
entity:artifact:1:ld1-1643399549356-1643399589693-0,materialBase,porcelain | ceramic | pigment
entity:artifact:1:ld1-1643399549356-1643399589693-1,materialBase,porcelain | ceramic | pigment
entity:artifact:1:ld1-1643399549356-1643399589694-0,materialBase,porcelain | ceramic | pigment
entity:artifact:1:ld1-1643399549356-1643399589694-1,materialBase,porcelain | ceramic | pigment
entity:artifact:1:ld1-1643399549356-1643399589695-0,materialBase,porcelain | ceramic | pigment
entity:artifact:1:ld1-1643399549356-1643399589696-0,materialBase,porcelain | ceramic | pigment
entity:artifact:1:ld1-1643399549356-1643399589697-0,materialBase,porcelain | ceramic | pigment
entity:artifact:1:ld1-1643399549356-1643399589697-1,materialBase,porcelain | ceramic | pigment
entity:artifact:1:ld1-1643399549356-1643399592321-1,materialBase,porcelain | ceramic | pigment
entity:artifact:1:ld1-1643399549356-1643399604876-0,materialBase,ceramic
entity:artifact:1:ld1-1643399549356-1643399605133-0,materialBase,porcelain
entity:artifact:1:ld1-1643399549356-1643399605133-1,materialBase,porcelain
entity:artifact:1:ld1-1643399549356-1643399605219-0,materialBase,wood
entity:artifact:1:ld1-1643399625297-1643399665684-1,materialBase,paper
entity:artifact:1:ld1-1643399625297-1643399665685-0,materialBase,paper
entity:artifact:1:ld1-1643399625297-1643399665685-1,materialBase,paper
entity:artifact:1:ld1-1643399625297-1643399665686-0,materialBase,paper
entity:artifact:1:ld1-1643399625297-1643399665686-1,materialBase,paper
entity:artifact:1:ld1-1643399625297-1643399670079-1,materialBase,lacquer | paper | shell | wood
entity:artifact:1:ld1-1643399625297-1643399670080-1,materialBase,textile | copper | metal | wood
entity:artifact:1:ld1-1643399625297-1643399670666-0,materialBase,paper | pigment
entity:artifact:1:ld1-1643399625297-1643399677835-0,materialBase,paper
entity:artifact:1:ld1-1643399887910-1643399887993-1,materialBase,textile | silk
entity:artifact:1:ld1-1643399887910-1643399887994-0,materialBase,textile | silk
entity:artifact:1:ld1-1643399887910-1643399888016-1,materialBase,textile | silk
entity:artifact:1:ld1-1643399887910-1643399888017-0,materialBase,silk
entity:artifact:1:ld1-1643399887910-1643399888017-1,materialBase,textile | silk
entity:artifact:1:ld1-1643399887910-1643399888029-1,materialBase,textile | silk
entity:artifact:1:ld1-1643399887910-1643399888064-1,materialBase,silk
entity:artifact:1:ld1-1643399887910-1643399888078-0,materialBase,silk
entity:artifact:1:ld1-1643399887910-1643399888095-0,materialBase,paper
entity:artifact:1:ld1-1643399887910-1643399888348-2,materialBase,silk
entity:artifact:1:ld1-1643399887910-1643399888555-1,materialBase,copper | enamel
entity:artifact:1:ld1-1643399887910-1643399888614-2,materialBase,textile | silk
entity:artifact:1:ld1-1643399887910-1643399890353-1,materialBase,textile | silk
entity:artifact:1:ld1-1643399887910-1643399890463-1,materialBase,silk
entity:artifact:1:ld1-1643399887910-1643399890528-1,materialBase,silk
entity:artifact:1:ld1-1643399887910-1643399890536-1,materialBase,silk
entity:artifact:1:ld1-1643399887910-1643399890538-0,materialBase,silk
entity:artifact:1:ld1-1643399887910-1643399890545-0,materialBase,silk
entity:artifact:1:ld1-1643399887910-1643399890545-1,materialBase,gold | paper | silk
entity:artifact:1:ld1-1643399887910-1643399890546-0,materialBase,gold | paper | silk
entity:artifact:1:ld1-1643399887910-1643399890547-1,materialBase,paper | gold | silk
entity:artifact:1:ld1-1643399887910-1643399890556-0,materialBase,metal | silk
entity:artifact:1:ld1-1643399887910-1643399890581-1,materialBase,silk
entity:artifact:1:ld1-1643399887910-1643399890582-0,materialBase,silk
entity:artifact:1:ld1-1643399887910-1643399890582-1,materialBase,silk
entity:artifact:1:ld1-1643399887910-1643399890583-0,materialBase,metal | silk
entity:artifact:1:ld1-1643399887910-1643399890584-1,materialBase,silk
entity:artifact:1:ld1-1643399887910-1643399890585-1,materialBase,silk
entity:artifact:1:ld1-1643399887910-1643399890614-1,materialBase,silk
entity:artifact:1:ld1-1643399887910-1643399890766-1,materialBase,textile | silk
entity:artifact:1:ld1-1643399887910-1643399890785-0,materialBase,textile | silk
entity:artifact:1:ld1-1643399887910-1643399890808-1,materialBase,textile | silk
entity:artifact:1:ld1-1643399887910-1643399890809-0,materialBase,textile | silk
entity:artifact:1:ld1-1643399887910-1643399890809-1,materialBase,textile | silk
entity:artifact:1:ld1-1643399887910-1643399890810-0,materialBase,textile | silk
entity:artifact:1:ld1-1643399887910-1643399890810-1,materialBase,textile | silk
entity:artifact:1:ld1-1643399887910-1643399890868-1,materialBase,copper | enamel
entity:artifact:1:ld1-1643399887910-1643399891576-2,materialBase,pigment | silk
entity:artifact:1:ld1-1643399887910-1643399891577-0,materialBase,pigment | silk
entity:artifact:1:ld1-1643399887910-1643399891577-1,materialBase,pigment | silk
entity:artifact:1:ld1-1643399887910-1643399891590-0,materialBase,pigment | silk
entity:artifact:1:ld1-1643399887910-1643399891600-0,materialBase,pigment | silk
entity:artifact:1:ld1-1643399887910-1643399891605-1,materialBase,pigment | silk
entity:artifact:1:ld1-1643399887910-1643399891610-1,materialBase,pigment | silk
entity:artifact:1:ld1-1643399887910-1643399891618-1,materialBase,pigment | silk
entity:artifact:1:ld1-1643399887910-1643399891619-0,materialBase,textile | pigment | silk
entity:artifact:1:ld1-1643399887910-1643399891620-0,materialBase,pigment | silk
entity:artifact:1:ld1-1643399887910-1643399891620-1,materialBase,silk
entity:artifact:1:ld1-1643399887910-1643399891621-0,materialBase,pigment | silk
entity:artifact:1:ld1-1643399887910-1643399891621-1,materialBase,pigment | silk
entity:artifact:1:ld1-1643399887910-1643399891622-0,materialBase,silk
entity:artifact:1:ld1-1643399887910-1643399891623-0,materialBase,pigment | silk
entity:artifact:1:ld1-1643399887910-1643399891623-1,materialBase,silk
entity:artifact:1:ld1-1643399887910-1643399891624-0,materialBase,pigment | silk
entity:artifact:1:ld1-1643399887910-1643399892133-1,materialBase,ivory
entity:artifact:1:ld1-1643399887910-1643399892221-1,materialBase,silk
entity:artifact:1:ld1-1643399887910-1643399892439-1,materialBase,silver | silk | textile
entity:artifact:1:ld1-1643399887910-1643399892475-0,materialBase,paper
entity:artifact:1:ld1-1643399887910-1643399892475-1,materialBase,paper
entity:artifact:1:ld1-1643399887910-1643399892476-0,materialBase,paper
entity:artifact:1:ld1-1643399887910-1643399892476-1,materialBase,paper
entity:artifact:1:ld1-1643399887910-1643399892477-0,materialBase,paper
entity:artifact:1:ld1-1643399887910-1643399892477-1,materialBase,paper
entity:artifact:1:ld1-1643399887910-1643399892477-2,materialBase,paper
entity:artifact:1:ld1-1643399887910-1643399892478-1,materialBase,paper
entity:artifact:1:ld1-1643399887910-1643399892479-0,materialBase,paper
entity:artifact:1:ld1-1643399887910-1643399892479-1,materialBase,paper
entity:artifact:1:ld1-1643399887910-1643399892480-0,materialBase,paper
entity:artifact:1:ld1-1643399887910-1643399892812-1,materialBase,textile | silk
entity:artifact:1:ld1-1643399887910-1643399892840-1,materialBase,cotton
entity:artifact:1:ld1-1643399887910-1643399892842-1,materialBase,shell | silk
entity:artifact:1:ld1-1643399887910-1643399892844-0,materialBase,ivory | paper
entity:artifact:1:ld1-1643399887910-1643399892845-0,materialBase,ivory | silk
entity:artifact:1:ld1-1643399887910-1643399892846-1,materialBase,metal | silk
entity:artifact:1:ld1-1643399887910-1643399892984-1,materialBase,paper
entity:artifact:1:ld1-1643399887910-1643399892985-1,materialBase,paper
entity:artifact:1:ld1-1643399887910-1643399893503-0,materialBase,cotton
entity:artifact:1:ld1-1643399887910-1643399893572-1,materialBase,porcelain | enamel | ivory | amber | jade | wood | bone
entity:artifact:1:ld1-1643399887910-1643399893576-0,materialBase,ivory
entity:artifact:1:ld1-1643399887910-1643399893590-0,materialBase,textile | silk
entity:artifact:1:ld1-1643399887910-1643399893748-0,materialBase,glass | iron | wood
entity:artifact:1:ld1-1643399887910-1643399895416-0,materialBase,ivory
entity:artifact:1:ld1-1643399887910-1643399895493-0,materialBase,paper
entity:artifact:1:ld1-1643399887910-1643399895494-0,materialBase,paper
entity:artifact:1:ld1-1643399887910-1643399895494-1,materialBase,paper
entity:artifact:1:ld1-1643399887910-1643399895495-0,materialBase,paper
entity:artifact:1:ld1-1643399887910-1643399895495-1,materialBase,paper
entity:artifact:1:ld1-1643399887910-1643399895495-2,materialBase,paper
entity:artifact:1:ld1-1643399887910-1643399895532-0,materialBase,paper
entity:artifact:1:ld1-1643399887910-1643399895818-0,materialBase,pigment | paper | gold
entity:artifact:1:ld1-1643399887910-1643399895967-0,materialBase,paper
entity:artifact:1:ld1-1643399887910-1643399898198-0,materialBase,paper
entity:artifact:1:ld1-1643399887910-1643399898959-1,materialBase,paper
entity:artifact:1:ld1-1643399887910-1643399900899-1,materialBase,paper | ink
entity:artifact:1:ld1-1643399887910-1643399900899-2,materialBase,paper | ink
entity:artifact:1:ld1-1643399887910-1643399900901-1,materialBase,paper
entity:artifact:1:ld1-1643399887910-1643399900964-1,materialBase,bronze | silver | enamel | silk
entity:artifact:1:ld1-1643399887910-1643399900965-1,materialBase,leather | ivory | glass
entity:artifact:1:ld1-1643399887910-1643399901005-1,materialBase,textile | silk
entity:artifact:1:ld1-1643399887910-1643399901036-1,materialBase,textile | pigment | silk
entity:artifact:1:ld1-1643399887910-1643399901037-0,materialBase,pigment | silk
entity:artifact:1:ld1-1643399887910-1643399901037-1,materialBase,textile | pigment | silk
entity:artifact:1:ld1-1643399887910-1643399901128-1,materialBase,pigment | silk
entity:artifact:1:ld1-1643399887910-1643399901356-1,materialBase,pigment | silk
entity:artifact:1:ld1-1643399887910-1643399901449-0,materialBase,paper | silk | wood
entity:artifact:1:ld1-1643399887910-1643399901821-1,materialBase,ivory | silk
entity:artifact:1:ld1-1643399887910-1643399901822-0,materialBase,ivory | metal | silk
entity:artifact:1:ld1-1643399887910-1643399901822-1,materialBase,porcelain
entity:artifact:1:ld1-1643399887910-1643399901823-0,materialBase,porcelain
entity:artifact:1:ld1-1643399887910-1643399901830-0,materialBase,porcelain | gold
entity:artifact:1:ld1-1643399887910-1643399901830-1,materialBase,porcelain | gold
entity:artifact:1:ld1-1643399887910-1643399901831-0,materialBase,porcelain | gold
entity:artifact:1:ld1-1643399887910-1643399901831-1,materialBase,porcelain
entity:artifact:1:ld1-1643399887910-1643399901831-2,materialBase,porcelain | gold
entity:artifact:1:ld1-1643399887910-1643399901832-0,materialBase,porcelain | gold
entity:artifact:1:ld1-1643399887910-1643399901832-1,materialBase,porcelain | gold
entity:artifact:1:ld1-1643399887910-1643399901833-0,materialBase,porcelain | gold
entity:artifact:1:ld1-1643399887910-1643399901834-0,materialBase,porcelain | gold
entity:artifact:1:ld1-1643399887910-1643399901834-1,materialBase,porcelain | gold
entity:artifact:1:ld1-1643399887910-1643399901835-0,materialBase,porcelain | gold
entity:artifact:1:ld1-1643399887910-1643399901835-1,materialBase,porcelain | gold
entity:artifact:1:ld1-1643399887910-1643399901836-0,materialBase,porcelain | gold
entity:artifact:1:ld1-1643399887910-1643399901836-1,materialBase,porcelain | gold
entity:artifact:1:ld1-1643399887910-1643399901836-2,materialBase,porcelain | gold
entity:artifact:1:ld1-1643399887910-1643399901837-0,materialBase,porcelain | gold
entity:artifact:1:ld1-1643399887910-1643399901837-1,materialBase,porcelain | gold
entity:artifact:1:ld1-1643399887910-1643399901838-0,materialBase,porcelain | gold
entity:artifact:1:ld1-1643399887910-1643399901842-1,materialBase,porcelain
entity:artifact:1:ld1-1643399887910-1643399901844-1,materialBase,porcelain | bronze
entity:artifact:1:ld1-1643399887910-1643399901844-2,materialBase,porcelain | bronze
entity:artifact:1:ld1-1643399887910-1643399901846-0,materialBase,porcelain
entity:artifact:1:ld1-1643399887910-1643399901930-0,materialBase,ivory | silk
entity:artifact:1:ld1-1643399887910-1643399901941-0,materialBase,porcelain
entity:artifact:1:ld1-1643399887910-1643399902225-1,materialBase,porcelain
entity:artifact:1:ld1-1643399887910-1643399902226-2,materialBase,pigment | wood
entity:artifact:1:ld1-1643399887910-1643399902227-0,materialBase,lacquer | silk | wood
entity:artifact:1:ld1-1643399887910-1643399902229-0,materialBase,porcelain
entity:artifact:1:ld1-1643399887910-1643399902229-1,materialBase,porcelain
entity:artifact:1:ld1-1643399887910-1643399902230-0,materialBase,porcelain
entity:artifact:1:ld1-1643399887910-1643399902231-0,materialBase,porcelain
entity:artifact:1:ld1-1643399887910-1643399902232-1,materialBase,porcelain
entity:artifact:1:ld1-1643399887910-1643399902233-0,materialBase,porcelain
entity:artifact:1:ld1-1643399887910-1643399902235-0,materialBase,porcelain
entity:artifact:1:ld1-1643399887910-1643399902348-1,materialBase,silk
entity:artifact:1:ld1-1643399887910-1643399902353-0,materialBase,silk
entity:artifact:1:ld1-1643399887910-1643399902498-0,materialBase,pigment | silk
entity:artifact:1:ld1-1643399887910-1643399902498-1,materialBase,pigment | silk
entity:artifact:1:ld1-1643399887910-1643399902499-0,materialBase,pigment | silk
entity:artifact:1:ld1-1643399887910-1643399902499-1,materialBase,pigment | silk
entity:artifact:1:ld1-1643399887910-1643399902500-0,materialBase,pigment | silk
entity:artifact:1:ld1-1643399887910-1643399902500-1,materialBase,pigment | silk
entity:artifact:1:ld1-1643399887910-1643399902554-0,materialBase,silk
entity:artifact:1:ld1-1643399887910-1643399902558-1,materialBase,textile | silk
entity:artifact:1:ld1-1643399887910-1643399902559-1,materialBase,textile | silk
entity:artifact:1:ld1-1643399887910-1643399902560-0,materialBase,textile | silk
entity:artifact:1:ld1-1643399887910-1643399902567-1,materialBase,silk
entity:artifact:1:ld1-1643399887910-1643399902570-0,materialBase,textile | silk
entity:artifact:1:ld1-1643399887910-1643399902579-0,materialBase,silk | wood
entity:artifact:1:ld1-1643399887910-1643399902579-1,materialBase,silk | wood
entity:artifact:1:ld1-1643399887910-1643399902870-0,materialBase,copper
entity:artifact:1:ld1-1643399887910-1643399903326-0,materialBase,stone | jade
entity:artifact:1:ld1-1643399887910-1643399903326-1,materialBase,ivory | glass
entity:artifact:1:ld1-1643399887910-1643399903607-2,materialBase,paper
entity:artifact:1:ld1-1643399887910-1643399904592-0,materialBase,paper
entity:artifact:1:ld1-1643399887910-1643399905135-0,materialBase,ivory | silk
entity:artifact:1:ld1-1643399887910-1643399905797-1,materialBase,silk
entity:artifact:1:ld1-1643399887910-1643399905834-0,materialBase,paper | wood
entity:artifact:1:ld1-1643399887910-1643399905836-1,materialBase,paper | wood
entity:artifact:1:ld1-1643399887910-1643399905893-0,materialBase,textile | silk
entity:artifact:1:ld1-1643399887910-1643399906894-0,materialBase,silk | textile | paper
entity:artifact:1:ld1-1643399887910-1643399906895-0,materialBase,silk | textile | paper
entity:artifact:1:ld1-1643399887910-1643399906895-1,materialBase,silk | textile | paper
entity:artifact:1:ld1-1643399887910-1643399906896-0,materialBase,silk | textile | paper
entity:artifact:1:ld1-1643399887910-1643399906966-0,materialBase,porcelain | enamel | gold
entity:artifact:1:ld1-1643399887910-1643399907072-1,materialBase,paper | ink
entity:artifact:1:ld1-1643399887910-1643399912627-0,materialBase,textile | glass | silk
entity:artifact:1:ld1-1643399887910-1643399912627-1,materialBase,textile | canvas | glass | silk
entity:artifact:1:ld1-1643399887910-1643399912631-1,materialBase,textile | silk
entity:artifact:1:ld1-1643399887910-1643399912632-0,materialBase,textile | cotton | metal | silk
entity:artifact:1:ld1-1643399887910-1643399912632-1,materialBase,textile | glass | silk
entity:artifact:1:ld1-1643399887910-1643399912724-1,materialBase,textile | silk
entity:artifact:1:ld1-1643399887910-1643399912790-0,materialBase,paper | ivory | metal
entity:artifact:1:ld1-1643399887910-1643399912856-1,materialBase,paper
entity:artifact:1:ld1-1643399887910-1643399913258-1,materialBase,ivory | metal | silk
entity:artifact:1:ld1-1643399887910-1643399913259-0,materialBase,pigment | ivory | silk
entity:artifact:1:ld1-1643399887910-1643399913260-0,materialBase,pigment | gold | shell | silk
entity:artifact:1:ld1-1643399887910-1643399913261-0,materialBase,pigment | gold
entity:artifact:1:ld1-1643399887910-1643399913396-0,materialBase,silk
entity:artifact:1:ld1-1643399887910-1643399913397-1,materialBase,metal | silk
entity:artifact:1:ld1-1643399887910-1643399913401-0,materialBase,silk
entity:artifact:1:ld1-1643399887910-1643399913405-1,materialBase,silk
entity:artifact:1:ld1-1643399887910-1643399913408-0,materialBase,paper | gold | silk
entity:artifact:1:ld1-1643399887910-1643399913409-0,materialBase,silk
entity:artifact:1:ld1-1643399887910-1643399913918-1,materialBase,textile | silk
entity:artifact:1:ld1-1643399887910-1643399913919-0,materialBase,textile | silk
entity:artifact:1:ld1-1643399887910-1643399914139-1,materialBase,paper | pigment | ink
entity:artifact:1:ld1-1643399887910-1643399914140-0,materialBase,paper | pigment | ink
entity:artifact:1:ld1-1643399887910-1643399914150-0,materialBase,textile | silk
entity:artifact:1:ld1-1643399887910-1643399914167-1,materialBase,textile | silk
entity:artifact:1:ld1-1643399887910-1643399914168-0,materialBase,textile | silk
entity:artifact:1:ld1-1643399887910-1643399914168-1,materialBase,silk | textile
entity:artifact:1:ld1-1643399887910-1643399914169-0,materialBase,silk
entity:artifact:1:ld1-1643399887910-1643399914170-0,materialBase,textile | silk
entity:artifact:1:ld1-1643399887910-1643399914170-1,materialBase,textile | silk
entity:artifact:1:ld1-1643399887910-1643399914172-0,materialBase,silk | textile
entity:artifact:1:ld1-1643399887910-1643399914172-1,materialBase,silk | textile
entity:artifact:1:ld1-1643399887910-1643399914173-0,materialBase,textile | silk
entity:artifact:1:ld1-1643399887910-1643399914173-1,materialBase,textile | silk
entity:artifact:1:ld1-1643399887910-1643399914174-0,materialBase,metal | silk
entity:artifact:1:ld1-1643399887910-1643399914175-0,materialBase,silk
entity:artifact:1:ld1-1643399887910-1643399914175-1,materialBase,textile | silk
entity:artifact:1:ld1-1643399887910-1643399914176-0,materialBase,textile | silk
entity:artifact:1:ld1-1643399887910-1643399914176-1,materialBase,textile | silk
entity:artifact:1:ld1-1643399887910-1643399914221-0,materialBase,textile | silk
entity:artifact:1:ld1-1643399887910-1643399914321-0,materialBase,pigment | textile | silk
entity:artifact:1:ld1-1643399887910-1643399914568-0,materialBase,paper
entity:artifact:1:ld1-1643399887910-1643399914568-1,materialBase,paper
entity:artifact:1:ld1-1643399887910-1643399914569-1,materialBase,paper
entity:artifact:1:ld1-1643399887910-1643399914711-0,materialBase,textile | silk
entity:artifact:1:ld1-1643399887910-1643399915439-0,materialBase,textile | silk
entity:artifact:1:ld1-1643399887910-1643399915439-1,materialBase,textile | silk
entity:artifact:1:ld1-1643399887910-1643399915801-0,materialBase,silk
entity:artifact:1:ld1-1643399887910-1643399915851-0,materialBase,textile | canvas | glass | silk
entity:artifact:1:ld1-1643399887910-1643399916079-1,materialBase,textile | silk
entity:artifact:1:ld1-1643399887910-1643399916080-0,materialBase,textile | silk
entity:artifact:1:ld1-1643399887910-1643399916126-1,materialBase,textile | silk
entity:artifact:1:ld1-1643399887910-1643399916186-0,materialBase,textile | silk
entity:artifact:1:ld1-1643399887910-1643399916186-1,materialBase,silk
entity:artifact:1:ld1-1643399887910-1643399916188-2,materialBase,metal | silk
entity:artifact:1:ld1-1643399887910-1643399916189-0,materialBase,metal | silk
entity:artifact:1:ld1-1643399887910-1643399916189-1,materialBase,canvas | linen | silk
entity:artifact:1:ld1-1643399887910-1643399916190-0,materialBase,canvas | linen | silk
entity:artifact:1:ld1-1643399887910-1643399916217-0,materialBase,cotton
entity:artifact:1:ld1-1643399887910-1643399916217-1,materialBase,cotton
entity:artifact:1:ld1-1643399887910-1643399916227-2,materialBase,silk
entity:artifact:1:ld1-1643399887910-1643399916228-0,materialBase,silk
entity:artifact:1:ld1-1643399887910-1643399916353-2,materialBase,silk
entity:artifact:1:ld1-1643399887910-1643399916833-0,materialBase,silk | pigment
entity:artifact:1:ld1-1643399887910-1643399916865-0,materialBase,textile | silk
entity:artifact:1:ld1-1643399887910-1643399916899-0,materialBase,copper | glass | wood
entity:artifact:1:ld1-1643399887910-1643399918322-0,materialBase,paper | wood | ink
entity:artifact:1:ld1-1643399887910-1643399919346-0,materialBase,paper | ink
entity:artifact:1:ld1-1643399887910-1643399919355-1,materialBase,paper | ink
entity:artifact:1:ld1-1643399887910-1643399919359-1,materialBase,paper
entity:artifact:1:ld1-1643399887910-1643399919361-1,materialBase,paper | ink
entity:artifact:1:ld1-1643399887910-1643399919376-0,materialBase,paper | pigment
entity:artifact:1:ld1-1643399887910-1643399919378-0,materialBase,paper
entity:artifact:1:ld1-1643399887910-1643399919379-1,materialBase,paper | ink
entity:artifact:1:ld1-1643399887910-1643399919380-0,materialBase,paper | ink
entity:artifact:1:ld1-1643399887910-1643399919380-1,materialBase,paper | ink
entity:artifact:1:ld1-1643399887910-1643399919381-0,materialBase,paper | ink
entity:artifact:1:ld1-1643399887910-1643399919381-1,materialBase,paper | ink
entity:artifact:1:ld1-1643399887910-1643399919382-1,materialBase,paper | ink
entity:artifact:1:ld1-1643399887910-1643399919383-0,materialBase,paper | ink
entity:artifact:1:ld1-1643399887910-1643399919913-0,materialBase,paper
entity:artifact:1:ld1-1643399887910-1643399920351-2,materialBase,silk
entity:artifact:1:ld1-1643399887910-1643399920418-1,materialBase,cotton
entity:artifact:1:ld1-1643399887910-1643399920423-0,materialBase,cotton
entity:artifact:1:ld1-1643399887910-1643399920423-1,materialBase,silk
entity:artifact:1:ld1-1643399887910-1643399920424-0,materialBase,cotton
entity:artifact:1:ld1-1643399887910-1643399920596-1,materialBase,silk
entity:artifact:1:ld1-1643399887910-1643399920597-0,materialBase,silk
entity:artifact:1:ld1-1643399887910-1643399920597-1,materialBase,silk
entity:artifact:1:ld1-1643399887910-1643399920597-2,materialBase,silk
entity:artifact:1:ld1-1643399887910-1643399920598-0,materialBase,silk
entity:artifact:1:ld1-1643399887910-1643399920598-1,materialBase,silk
entity:artifact:1:ld1-1643399887910-1643399920599-0,materialBase,silk
entity:artifact:1:ld1-1643399887910-1643399920599-1,materialBase,silk
entity:artifact:1:ld1-1643399887910-1643399920600-0,materialBase,silk
entity:artifact:1:ld1-1643399887910-1643399920600-1,materialBase,silk
entity:artifact:1:ld1-1643399887910-1643399920601-0,materialBase,silk
entity:artifact:1:ld1-1643399887910-1643399920601-1,materialBase,silk
entity:artifact:1:ld1-1643399887910-1643399920601-2,materialBase,silk
entity:artifact:1:ld1-1643399887910-1643399920602-0,materialBase,silk
entity:artifact:1:ld1-1643399887910-1643399920602-1,materialBase,silk
entity:artifact:1:ld1-1643399887910-1643399920828-1,materialBase,silk
entity:artifact:1:ld1-1643399887910-1643399921342-0,materialBase,silk
entity:artifact:1:ld1-1643399887910-1643399921539-1,materialBase,paper | gold | silk
entity:artifact:1:ld1-1643399887910-1643399921662-0,materialBase,paper | pigment | gold
entity:artifact:1:ld1-1643399887910-1643399922086-1,materialBase,silk
entity:artifact:1:ld1-1643399887910-1643399922213-0,materialBase,silk | textile | gold | paper
entity:artifact:1:ld1-1643399887910-1643399922925-0,materialBase,ivory | silk
entity:artifact:1:ld1-1643399887910-1643399922935-0,materialBase,gold | silk | wood
entity:artifact:1:ld1-1643399887910-1643399922941-0,materialBase,ivory | glass | stone | silk
entity:artifact:1:ld1-1643399887910-1643399922942-0,materialBase,wood
entity:artifact:1:ld1-1643399887910-1643399922944-1,materialBase,silk | bone
entity:artifact:1:ld1-1643399887910-1643399922945-0,materialBase,silk | bone
entity:artifact:1:ld1-1643399887910-1643399923680-1,materialBase,enamel | metal | silk
entity:artifact:1:ld1-1643399887910-1643399923684-0,materialBase,gold | metal | silk | wood
entity:artifact:1:ld1-1643399887910-1643399923781-1,materialBase,textile | silk
entity:artifact:1:ld1-1643399887910-1643399923785-1,materialBase,textile | silk
entity:artifact:1:ld1-1643399887910-1643399924134-1,materialBase,paper
entity:artifact:1:ld1-1643399887910-1643399924235-1,materialBase,textile | silk
entity:artifact:1:ld1-1643399887910-1643399924251-0,materialBase,paper | pigment | gold
entity:artifact:1:ld1-1643399887910-1643399924253-1,materialBase,paper | gold
entity:artifact:1:ld1-1643399887910-1643399924255-1,materialBase,paper | pigment | gold
entity:artifact:1:ld1-1643399887910-1643399924299-0,materialBase,ink
entity:artifact:1:ld1-1643399887910-1643399924371-1,materialBase,textile | silk
entity:artifact:1:ld1-1643399887910-1643399924371-2,materialBase,textile | silk
entity:artifact:1:ld1-1643399887910-1643399924622-1,materialBase,paper
entity:artifact:1:ld1-1643399887910-1643399924869-1,materialBase,paper
entity:artifact:1:ld1-1643399887910-1643399924870-0,materialBase,paper
entity:artifact:1:ld1-1643399887910-1643399924870-1,materialBase,paper
entity:artifact:1:ld1-1643399887910-1643399925655-0,materialBase,gold | cotton | paper | silk
entity:artifact:1:ld1-1643399887910-1643399925655-1,materialBase,textile | silk
entity:artifact:1:ld1-1643399887910-1643399925656-0,materialBase,textile | silk
entity:artifact:1:ld1-1643399887910-1643399925656-1,materialBase,textile | silk
entity:artifact:1:ld1-1643399887910-1643399927091-2,materialBase,textile
entity:artifact:1:ld1-1643399887910-1643399927092-0,materialBase,textile
entity:artifact:1:ld1-1643399887910-1643399927132-0,materialBase,silk
entity:artifact:1:ld1-1643399887910-1643399927132-1,materialBase,silk
entity:artifact:1:ld1-1643399887910-1643399927527-1,materialBase,cotton | silk
entity:artifact:1:ld1-1643399887910-1643399927528-1,materialBase,cotton
entity:artifact:1:ld1-1643399887910-1643399927530-0,materialBase,silk
entity:artifact:1:ld1-1643399887910-1643399927530-1,materialBase,textile
entity:artifact:1:ld1-1643399887910-1643399927530-2,materialBase,textile
entity:artifact:1:ld1-1643399887910-1643399927531-0,materialBase,textile
entity:artifact:1:ld1-1643399887910-1643399927531-1,materialBase,textile
entity:artifact:1:ld1-1643399887910-1643399927531-2,materialBase,textile
entity:artifact:1:ld1-1643399887910-1643399927532-0,materialBase,textile
entity:artifact:1:ld1-1643399887910-1643399927532-1,materialBase,textile
entity:artifact:1:ld1-1643399887910-1643399927533-0,materialBase,textile
entity:artifact:1:ld1-1643399887910-1643399927533-1,materialBase,textile
entity:artifact:1:ld1-1643399887910-1643399927533-2,materialBase,textile
entity:artifact:1:ld1-1643399887910-1643399927534-0,materialBase,textile
entity:artifact:1:ld1-1643399887910-1643399927534-1,materialBase,textile
entity:artifact:1:ld1-1643399887910-1643399927535-0,materialBase,textile
entity:artifact:1:ld1-1643399887910-1643399927535-1,materialBase,textile
entity:artifact:1:ld1-1643399887910-1643399927535-2,materialBase,textile
entity:artifact:1:ld1-1643399887910-1643399927536-0,materialBase,textile
entity:artifact:1:ld1-1643399887910-1643399927536-1,materialBase,textile
entity:artifact:1:ld1-1643399887910-1643399927536-2,materialBase,textile
entity:artifact:1:ld1-1643399887910-1643399927537-0,materialBase,textile
entity:artifact:1:ld1-1643399887910-1643399927537-1,materialBase,textile
entity:artifact:1:ld1-1643399887910-1643399927538-0,materialBase,textile | silk
entity:artifact:1:ld1-1643399887910-1643399927538-1,materialBase,textile | silk
entity:artifact:1:ld1-1643399887910-1643399927538-2,materialBase,textile
entity:artifact:1:ld1-1643399887910-1643399927539-0,materialBase,textile
entity:artifact:1:ld1-1643399887910-1643399927539-1,materialBase,textile
entity:artifact:1:ld1-1643399887910-1643399927540-0,materialBase,textile
entity:artifact:1:ld1-1643399887910-1643399927540-1,materialBase,textile
entity:artifact:1:ld1-1643399887910-1643399928545-1,materialBase,copper | glass | wood
entity:artifact:1:ld1-1643399887910-1643399928734-0,materialBase,textile | silk
entity:artifact:1:ld1-1643399887910-1643399928736-0,materialBase,textile | silk
entity:artifact:1:ld1-1643399887910-1643399928741-0,materialBase,textile
entity:artifact:1:ld1-1643399887910-1643399928741-1,materialBase,textile | silk
entity:artifact:1:ld1-1643399887910-1643399929083-0,materialBase,textile | silk
entity:artifact:1:ld1-1643399887910-1643399929091-1,materialBase,ivory | silk
entity:artifact:1:ld1-1643399887910-1643399929128-1,materialBase,paper | wood | ink
entity:artifact:1:ld1-1643399887910-1643399929194-0,materialBase,textile | metal | silk
entity:artifact:1:ld1-1643399887910-1643399929194-1,materialBase,silk
entity:artifact:1:ld1-1643399887910-1643399929206-1,materialBase,paper | gold | silk
entity:artifact:1:ld1-1643399887910-1643399929207-0,materialBase,paper | gold | silk
entity:artifact:1:ld1-1643399887910-1643399929207-1,materialBase,silk
entity:artifact:1:ld1-1643399887910-1643399929394-0,materialBase,textile | gold | ivory | glass | silk
entity:artifact:1:ld1-1643399887910-1643399929397-1,materialBase,enamel | wood
entity:artifact:1:ld1-1643399887910-1643399929782-0,materialBase,silk
entity:artifact:1:ld1-1643399887910-1643399930131-0,materialBase,silk | wood
entity:artifact:1:ld1-1643399887910-1643399930448-0,materialBase,paper
entity:artifact:1:ld1-1643399887910-1643399930601-1,materialBase,textile | silk
entity:artifact:1:ld1-1643399887910-1643399930788-0,materialBase,enamel | metal
entity:artifact:1:ld1-1643399887910-1643399931031-1,materialBase,ivory
entity:artifact:1:ld1-1643399887910-1643399931341-0,materialBase,porcelain
entity:artifact:1:ld1-1643399887910-1643399931434-0,materialBase,porcelain | enamel | gold
entity:artifact:1:ld1-1643399887910-1643399931450-0,materialBase,paper | bone
entity:artifact:1:ld1-1643399887910-1643399931527-0,materialBase,bamboo | silk
entity:artifact:1:ld1-1643399887910-1643399931528-0,materialBase,bamboo | textile | silk
entity:artifact:1:ld1-1643399887910-1643399931528-1,materialBase,bamboo | textile | silk
entity:artifact:1:ld1-1643399887910-1643399931709-0,materialBase,canvas | silk
entity:artifact:1:ld1-1643399887910-1643399932216-0,materialBase,paper
entity:artifact:1:ld1-1643399887910-1643399932219-0,materialBase,earthenware
entity:artifact:1:ld1-1643399887910-1643399932271-0,materialBase,silk
entity:artifact:1:ld1-1643399887910-1643399932525-0,materialBase,textile | silk
entity:artifact:1:ld1-1643399887910-1643399932526-0,materialBase,silk
entity:artifact:1:ld1-1643399887910-1643399932661-1,materialBase,cotton
entity:artifact:1:ld1-1643399887910-1643399932867-0,materialBase,paper
entity:artifact:1:ld1-1643399887910-1643399933195-1,materialBase,paper
entity:artifact:1:ld1-1643399887910-1643399933882-0,materialBase,textile | silk
entity:artifact:1:ld1-1643399887910-1643399934430-0,materialBase,silk
entity:artifact:1:ld1-1643399887910-1643399934431-0,materialBase,silk
entity:artifact:1:ld1-1643399887910-1643399935114-0,materialBase,paper
entity:artifact:1:ld1-1643399887910-1643399935121-0,materialBase,paper
entity:artifact:1:ld1-1643399887910-1643399935127-0,materialBase,paper
entity:artifact:1:ld1-1643399887910-1643399935550-0,materialBase,textile | silk
entity:artifact:1:ld1-1643399887910-1643399935914-0,materialBase,silk
entity:artifact:1:ld1-1643399887910-1643399935994-0,materialBase,textile | silk
entity:artifact:1:ld1-1643399887910-1643399935997-0,materialBase,textile | silk
entity:artifact:1:ld1-1643399887910-1643399936071-1,materialBase,silk
entity:artifact:1:ld1-1643399887910-1643399936098-1,materialBase,porcelain
entity:artifact:1:ld1-1643399887910-1643399936100-0,materialBase,porcelain
entity:artifact:1:ld1-1643399887910-1643399936110-1,materialBase,silk
entity:artifact:1:ld1-1643399887910-1643399936143-0,materialBase,bamboo
entity:artifact:1:ld1-1643399887910-1643399936145-1,materialBase,silk
entity:artifact:1:ld1-1643399887910-1643399937246-0,materialBase,silk
entity:artifact:1:ld1-1643399887910-1643399937271-1,materialBase,textile | silk
entity:artifact:1:ld1-1643399887910-1643399937978-0,materialBase,textile | cotton
entity:artifact:1:ld1-1643399887910-1643399937979-0,materialBase,textile | cotton
entity:artifact:1:ld1-1643399887910-1643399937979-1,materialBase,textile | cotton
entity:artifact:1:ld1-1643399887910-1643399937980-0,materialBase,textile | cotton
entity:artifact:1:ld1-1643399887910-1643399938062-0,materialBase,porcelain
entity:artifact:1:ld1-1643399887910-1643399938261-1,materialBase,textile | silk
entity:artifact:1:ld1-1643399887910-1643399939178-0,materialBase,porcelain
entity:artifact:1:ld1-1643399887910-1643399939823-0,materialBase,textile | silk
entity:artifact:1:ld1-1643399887910-1643399940613-0,materialBase,lacquer | gold | jade
entity:artifact:1:ld1-1643399887910-1643399940614-0,materialBase,textile | silk
entity:artifact:1:ld1-1643399887910-1643399940614-1,materialBase,textile | silk
entity:artifact:1:ld1-1643399887910-1643399940615-0,materialBase,textile | silk
entity:artifact:1:ld1-1643399887910-1643399940615-1,materialBase,textile | silk
entity:artifact:1:ld1-1643399887910-1643399940616-0,materialBase,textile | silk
entity:artifact:1:ld1-1643399887910-1643399940616-1,materialBase,textile | silk
entity:artifact:1:ld1-1643399887910-1643399940617-0,materialBase,textile | silk
entity:artifact:1:ld1-1643399887910-1643399940731-0,materialBase,textile | silk
entity:artifact:1:ld1-1643399887910-1643399940733-0,materialBase,silk
entity:artifact:1:ld1-1643399887910-1643399940785-0,materialBase,porcelain | bronze | gold
entity:artifact:1:ld1-1643399887910-1643399940788-0,materialBase,stone
entity:artifact:1:ld1-1643399887910-1643399940788-1,materialBase,nephrite
entity:artifact:1:ld1-1643399887910-1643399940789-0,materialBase,glass
entity:artifact:1:ld1-1643399887910-1643399940794-0,materialBase,earthenware
entity:artifact:1:ld1-1643399887910-1643399940795-0,materialBase,porcelain
entity:artifact:1:ld1-1643399887910-1643399940846-0,materialBase,lacquer | ivory | wood
entity:artifact:1:ld1-1643399887910-1643399941129-0,materialBase,bronze | enamel | gold
entity:artifact:1:ld1-1643399887910-1643399941727-1,materialBase,cotton | copper | glass | paper | gold | silk
entity:artifact:1:ld1-1643399887910-1643399941747-0,materialBase,silver
entity:artifact:1:ld1-1643399887910-1643399942115-0,materialBase,paper
entity:artifact:1:ld1-1643399887910-1643399942269-1,materialBase,ivory | stone | silk
entity:artifact:1:ld1-1643399887910-1643399942278-0,materialBase,ivory | paper | metal | gold | silk
entity:artifact:1:ld1-1643399887910-1643399942279-0,materialBase,gold | jade | silk
entity:artifact:1:ld1-1643399887910-1643399942556-1,materialBase,textile | linen | silk
entity:artifact:1:ld1-1643399887910-1643399942560-1,materialBase,textile | metal | silk
entity:artifact:1:ld1-1643399887910-1643399942561-1,materialBase,textile | silk
entity:artifact:1:ld1-1643399887910-1643399942561-2,materialBase,textile | cotton | silk
entity:artifact:1:ld1-1643399887910-1643399942562-0,materialBase,textile | cotton | silk
entity:artifact:1:ld1-1643399887910-1643399942836-1,materialBase,paper
entity:artifact:1:ld1-1643399887910-1643399942836-2,materialBase,paper
entity:artifact:1:ld1-1643399887910-1643399942890-2,materialBase,paper
entity:artifact:1:ld1-1643399887910-1643399944219-0,materialBase,textile | silk
entity:artifact:1:ld1-1643399887910-1643399944233-0,materialBase,silk
entity:artifact:1:ld1-1643399887910-1643399944247-1,materialBase,silk
entity:artifact:1:ld1-1643399887910-1643399944250-0,materialBase,silk
entity:artifact:1:ld1-1643399887910-1643399944252-2,materialBase,silk
entity:artifact:1:ld1-1643399887910-1643399944692-1,materialBase,textile | paper | gold | silk
entity:artifact:1:ld1-1643399887910-1643399945400-0,materialBase,silk
entity:artifact:1:ld1-1643399887910-1643399947060-0,materialBase,porcelain
entity:artifact:1:ld1-1643399887910-1643399947370-1,materialBase,porcelain | enamel
entity:artifact:1:ld1-1643399887910-1643399947371-0,materialBase,porcelain | enamel
entity:artifact:1:ld1-1643399887910-1643399947381-1,materialBase,porcelain
entity:artifact:1:ld1-1643399887910-1643399947382-0,materialBase,porcelain
entity:artifact:1:ld1-1643399887910-1643399947383-0,materialBase,porcelain
entity:artifact:1:ld1-1643399887910-1643399947383-1,materialBase,porcelain
entity:artifact:1:ld1-1643399887910-1643399947388-0,materialBase,porcelain
entity:artifact:1:ld1-1643399887910-1643399948007-0,materialBase,enamel | copper
entity:artifact:1:ld1-1643399887910-1643399948132-0,materialBase,silver
entity:artifact:1:ld1-1643399887910-1643399954421-1,materialBase,ivory | glass | stone
entity:artifact:1:ld1-1643399887910-1643399954424-0,materialBase,ivory | glass
entity:artifact:1:ld1-1643399887910-1643399954425-0,materialBase,porcelain | stone | enamel | ivory
entity:artifact:1:ld1-1643399887910-1643399954426-0,materialBase,earthenware | ivory | amber
entity:artifact:1:ld1-1643399887910-1643399954511-0,materialBase,glass
entity:artifact:1:ld1-1643399887910-1643399954520-0,materialBase,porcelain | enamel | gold
entity:artifact:1:ld1-1643399887910-1643399955055-0,materialBase,paper | gold | silk
entity:artifact:1:ld1-1643399887910-1643399955623-2,materialBase,stone
entity:artifact:1:ld1-1643399887910-1643399955624-0,materialBase,stone | wood
entity:artifact:1:ld1-1643399887910-1643399955624-1,materialBase,stone | wood
entity:artifact:1:ld1-1643399887910-1643399955625-0,materialBase,stone | wood
entity:artifact:1:ld1-1643399887910-1643399955625-2,materialBase,stone
entity:artifact:1:ld1-1643399887910-1643399956790-0,materialBase,porcelain | enamel | gold
entity:artifact:1:ld1-1643399887910-1643399957123-0,materialBase,enamel | stone | metal
entity:artifact:1:ld1-1643399887910-1643399957123-1,materialBase,jade
entity:artifact:1:ld1-1643399887910-1643399957232-0,materialBase,paper
entity:artifact:1:ld1-1643399887910-1643399957232-1,materialBase,paper
entity:artifact:1:ld1-1643399887910-1643399957652-0,materialBase,porcelain | silver | gold
entity:artifact:1:ld1-1643399887910-1643399957653-0,materialBase,porcelain | silver
entity:artifact:1:ld1-1643399887910-1643399957658-0,materialBase,porcelain | silver
entity:artifact:1:ld1-1643399887910-1643399959049-1,materialBase,silver | ivory
entity:artifact:1:ld1-1643399887910-1643399959119-0,materialBase,textile | silk
entity:artifact:1:ld1-1643399887910-1643399959139-1,materialBase,textile | silk
entity:artifact:1:ld1-1643399887910-1643399959144-0,materialBase,porcelain | enamel
entity:artifact:1:ld1-1643399887910-1643399959430-1,materialBase,paper | metal | silk
entity:artifact:1:ld1-1643399887910-1643399965117-1,materialBase,porcelain
entity:artifact:1:ld1-1643399887910-1643399965118-0,materialBase,porcelain
entity:artifact:1:ld1-1643399887910-1643399965119-1,materialBase,porcelain | gold
entity:artifact:1:ld1-1643399887910-1643399965120-0,materialBase,porcelain | gold
entity:artifact:1:ld1-1643399887910-1643399965122-1,materialBase,porcelain
entity:artifact:1:ld1-1643399887910-1643399965123-1,materialBase,porcelain
entity:artifact:1:ld1-1643399887910-1643399965150-0,materialBase,porcelain
entity:artifact:1:ld1-1643399887910-1643399968459-1,materialBase,textile | silk
entity:artifact:1:ld1-1643399887910-1643399969605-1,materialBase,silk
entity:artifact:1:ld1-1643399887910-1643399969606-0,materialBase,silk
entity:artifact:1:ld1-1643399887910-1643399969607-1,materialBase,silk
entity:artifact:1:ld1-1643399887910-1643399969618-0,materialBase,silk
entity:artifact:1:ld1-1643399887910-1643399969900-0,materialBase,ivory | paper
entity:artifact:1:ld1-1643399887910-1643399970944-0,materialBase,textile | silk
entity:artifact:1:ld1-1643399887910-1643399970945-0,materialBase,silk
entity:artifact:1:ld1-1643399887910-1643399972372-0,materialBase,silk
entity:artifact:1:ld1-1643399887910-1643399973001-0,materialBase,paper | ink
entity:artifact:1:ld1-1643399887910-1643399973091-0,materialBase,paper
entity:artifact:1:ld1-1643399887910-1643399973091-1,materialBase,paper | ink
entity:artifact:1:ld1-1643399887910-1643399973093-0,materialBase,paper
entity:artifact:1:ld1-1643399887910-1643399973093-1,materialBase,paper | ink
entity:artifact:1:ld1-1643399887910-1643399973094-0,materialBase,paper | pigment
entity:artifact:1:ld1-1643399887910-1643399973105-0,materialBase,paper | ink
entity:artifact:1:ld1-1643399887910-1643399973109-1,materialBase,paper
entity:artifact:1:ld1-1643399887910-1643399973112-1,materialBase,paper | pigment
entity:artifact:1:ld1-1643399887910-1643399973842-0,materialBase,silk
entity:artifact:1:ld1-1643399887910-1643399974641-0,materialBase,textile | silk
entity:artifact:1:ld1-1643399887910-1643399975197-0,materialBase,silk
entity:artifact:1:ld1-1643399887910-1643399975518-0,materialBase,textile
entity:artifact:1:ld1-1643399887910-1643399976105-1,materialBase,paper | gold
entity:artifact:1:ld1-1643399887910-1643399976117-1,materialBase,paper
entity:artifact:1:ld1-1643399887910-1643399976254-0,materialBase,porcelain | enamel | gold
entity:artifact:1:ld1-1643399887910-1643399976254-1,materialBase,porcelain | bronze | enamel | gold
entity:artifact:1:ld1-1643399887910-1643399982872-0,materialBase,paper
entity:artifact:1:ld1-1643399887910-1643399988613-0,materialBase,porcelain
entity:artifact:1:ld1-1695458679732-1695458683281-0,materialBase,porcelain | metal
entity:artifact:1:ld1-1695458679732-1695458683282-0,materialBase,porcelain | metal
entity:artifact:1:ld1-1695458679732-1695458683283-0,materialBase,porcelain | metal
entity:artifact:1:ld1-1695458679732-1695458683284-0,materialBase,porcelain | metal
entity:artifact:1:ld1-1695458679732-1695458683284-1,materialBase,porcelain | metal
entity:artifact:1:ld1-1695458679732-1695458683285-0,materialBase,porcelain | metal
entity:artifact:1:ld1-1695458679732-1695458683286-0,materialBase,porcelain | metal
entity:artifact:1:ld1-1733913842397-1733913845809-0,materialBase,leather | textile | cotton | metal
entity:artifact:1:ld1-1733913842397-1733913845810-0,materialBase,cotton | metal
entity:artifact:1:ld1-1756975001566-1756975004506-1,materialBase,cotton | metal
entity:artifact:1:ld1-1759311857404-1759311860069-0,materialBase,glass | metal | silk
entity:artifact:2:100098,materialBase,earthenware | iron
entity:artifact:2:100180,materialBase,porcelain | earthenware
entity:artifact:2:101448,materialBase,bronze
entity:artifact:2:101449,materialBase,earthenware | pigment | amber | metal
entity:artifact:2:101784,materialBase,earthenware
entity:artifact:2:101785,materialBase,earthenware
entity:artifact:2:101906,materialBase,paper | ink
entity:artifact:2:101922,materialBase,paper | ink
entity:artifact:2:101923,materialBase,paper | ink
entity:artifact:2:101938,materialBase,paper | ink
entity:artifact:2:101939,materialBase,paper | ink
entity:artifact:2:101940,materialBase,paper | ink
entity:artifact:2:101941,materialBase,paper | ink
entity:artifact:2:101946,materialBase,paper | ink
entity:artifact:2:101947,materialBase,paper | ink
entity:artifact:2:101948,materialBase,paper | ink
entity:artifact:2:10916,materialBase,paper | ink
entity:artifact:2:10917,materialBase,paper | ink
entity:artifact:2:10918,materialBase,paper | ink
entity:artifact:2:10919,materialBase,paper | ink
entity:artifact:2:10955,materialBase,paper | ink
entity:artifact:2:10956,materialBase,paper | ink
entity:artifact:2:10957,materialBase,paper | ink
entity:artifact:2:117343,materialBase,earthenware
entity:artifact:2:117351,materialBase,earthenware | iron
entity:artifact:2:12532,materialBase,paper | ink
entity:artifact:2:12533,materialBase,paper | ink
entity:artifact:2:12534,materialBase,paper | ink
entity:artifact:2:12653,materialBase,paper | ink
entity:artifact:2:12851,materialBase,paper | ink
entity:artifact:2:12867,materialBase,paper | ink
entity:artifact:2:12895,materialBase,paper | ink
entity:artifact:2:141460,materialBase,pigment | earthenware
entity:artifact:2:141848,materialBase,pigment | earthenware
entity:artifact:2:141949,materialBase,pigment | earthenware
entity:artifact:2:142045,materialBase,earthenware | porcelain
entity:artifact:2:142050,materialBase,pigment | earthenware
entity:artifact:2:142051,materialBase,pigment | earthenware
entity:artifact:2:142052,materialBase,pigment | earthenware
entity:artifact:2:142053,materialBase,pigment | earthenware
entity:artifact:2:142054,materialBase,pigment | earthenware
entity:artifact:2:142055,materialBase,pigment | earthenware
entity:artifact:2:142056,materialBase,earthenware
entity:artifact:2:142066,materialBase,earthenware | metal
entity:artifact:2:142067,materialBase,pigment | earthenware
entity:artifact:2:1429,materialBase,paper | ink
entity:artifact:2:1430,materialBase,pigment | earthenware
entity:artifact:2:143056,materialBase,porcelain
entity:artifact:2:143057,materialBase,earthenware
entity:artifact:2:143089,materialBase,earthenware | iron
entity:artifact:2:143090,materialBase,earthenware | metal
entity:artifact:2:143091,materialBase,earthenware | porcelain
entity:artifact:2:1432,materialBase,earthenware | amber | metal
entity:artifact:2:143354,materialBase,earthenware | metal
entity:artifact:2:143355,materialBase,earthenware | porcelain
entity:artifact:2:145348,materialBase,pigment | earthenware | gold
entity:artifact:2:145349,materialBase,pigment | earthenware | gold
entity:artifact:2:145350,materialBase,pigment | earthenware | silver
entity:artifact:2:145359,materialBase,earthenware | porcelain
entity:artifact:2:145437,materialBase,earthenware | porcelain
entity:artifact:2:146193,materialBase,earthenware | porcelain
entity:artifact:2:146194,materialBase,earthenware | porcelain
entity:artifact:2:146195,materialBase,earthenware | porcelain
entity:artifact:2:146262,materialBase,pigment | earthenware
entity:artifact:2:146263,materialBase,pigment | earthenware
entity:artifact:2:146264,materialBase,pigment | earthenware
entity:artifact:2:146265,materialBase,pigment | earthenware
entity:artifact:2:146266,materialBase,pigment | earthenware
entity:artifact:2:146267,materialBase,clay | pigment | earthenware | metal
entity:artifact:2:146268,materialBase,earthenware | amber | metal
entity:artifact:2:146269,materialBase,pigment | earthenware | gold
entity:artifact:2:146431,materialBase,pigment | earthenware
entity:artifact:2:146432,materialBase,earthenware | metal
entity:artifact:2:146433,materialBase,porcelain
entity:artifact:2:146434,materialBase,earthenware | porcelain
entity:artifact:2:146482,materialBase,pigment | earthenware
entity:artifact:2:146484,materialBase,earthenware | pigment | metal
entity:artifact:2:146486,materialBase,pigment | earthenware
entity:artifact:2:146487,materialBase,pigment | earthenware
entity:artifact:2:146488,materialBase,pigment | earthenware
entity:artifact:2:146489,materialBase,earthenware | amber | metal
entity:artifact:2:146490,materialBase,pigment | earthenware
entity:artifact:2:146491,materialBase,pigment | earthenware | gold
entity:artifact:2:146492,materialBase,pigment | earthenware | silver | gold
entity:artifact:2:146523,materialBase,pigment | earthenware
entity:artifact:2:146524,materialBase,pigment | earthenware
entity:artifact:2:146525,materialBase,pigment | earthenware | metal
entity:artifact:2:146526,materialBase,pigment | earthenware | metal
entity:artifact:2:146527,materialBase,pigment | earthenware
entity:artifact:2:146528,materialBase,pigment | earthenware
entity:artifact:2:146529,materialBase,pigment | earthenware
entity:artifact:2:146554,materialBase,earthenware
entity:artifact:2:146559,materialBase,pigment | earthenware
entity:artifact:2:146561,materialBase,pigment | earthenware | metal
entity:artifact:2:146562,materialBase,pigment | earthenware | metal
entity:artifact:2:146563,materialBase,pigment | earthenware
entity:artifact:2:146564,materialBase,pigment | earthenware | metal
entity:artifact:2:146565,materialBase,pigment | earthenware
entity:artifact:2:146566,materialBase,pigment | earthenware
entity:artifact:2:146567,materialBase,pigment | earthenware
entity:artifact:2:146568,materialBase,pigment | earthenware
entity:artifact:2:146569,materialBase,pigment | earthenware
entity:artifact:2:146570,materialBase,pigment | earthenware
entity:artifact:2:146571,materialBase,pigment | earthenware | gold
entity:artifact:2:146575,materialBase,earthenware | porcelain
entity:artifact:2:146576,materialBase,earthenware | metal
entity:artifact:2:146577,materialBase,earthenware | metal
entity:artifact:2:146583,materialBase,pigment | earthenware
entity:artifact:2:146585,materialBase,pigment | earthenware
entity:artifact:2:146626,materialBase,pigment | earthenware
entity:artifact:2:146627,materialBase,pigment | earthenware | metal
entity:artifact:2:146628,materialBase,pigment | earthenware
entity:artifact:2:146629,materialBase,pigment | earthenware
entity:artifact:2:146693,materialBase,earthenware | porcelain
entity:artifact:2:146694,materialBase,earthenware | porcelain
entity:artifact:2:146709,materialBase,pigment | earthenware
entity:artifact:2:146710,materialBase,clay | pigment | earthenware | metal
entity:artifact:2:146711,materialBase,pigment | earthenware
entity:artifact:2:146712,materialBase,pigment | earthenware | metal
entity:artifact:2:146713,materialBase,pigment | earthenware
entity:artifact:2:146748,materialBase,pigment | earthenware
entity:artifact:2:146749,materialBase,earthenware | metal
entity:artifact:2:146750,materialBase,pigment | earthenware | gold
entity:artifact:2:146751,materialBase,pigment | earthenware
entity:artifact:2:146752,materialBase,earthenware
entity:artifact:2:146753,materialBase,pigment | earthenware
entity:artifact:2:146754,materialBase,pigment | earthenware
entity:artifact:2:146755,materialBase,pigment | earthenware
entity:artifact:2:146756,materialBase,pigment | earthenware
entity:artifact:2:146757,materialBase,pigment | earthenware
entity:artifact:2:146758,materialBase,silk | ink | pigment
entity:artifact:2:146759,materialBase,ink | earthenware | pigment | metal
entity:artifact:2:146760,materialBase,earthenware | metal
entity:artifact:2:146761,materialBase,earthenware
entity:artifact:2:146771,materialBase,pigment | earthenware
entity:artifact:2:146772,materialBase,earthenware | metal
entity:artifact:2:147176,materialBase,earthenware | porcelain
entity:artifact:2:147177,materialBase,earthenware
entity:artifact:2:147219,materialBase,earthenware | metal
entity:artifact:2:147220,materialBase,earthenware
entity:artifact:2:147441,materialBase,earthenware
entity:artifact:2:147442,materialBase,earthenware
entity:artifact:2:148273,materialBase,earthenware
entity:artifact:2:148274,materialBase,earthenware
entity:artifact:2:148464,materialBase,earthenware
entity:artifact:2:148465,materialBase,earthenware
entity:artifact:2:148466,materialBase,earthenware
entity:artifact:2:148467,materialBase,earthenware
entity:artifact:2:148468,materialBase,pigment | earthenware
entity:artifact:2:148469,materialBase,earthenware
entity:artifact:2:148472,materialBase,earthenware
entity:artifact:2:148478,materialBase,earthenware
entity:artifact:2:148479,materialBase,earthenware
entity:artifact:2:148480,materialBase,earthenware
entity:artifact:2:148553,materialBase,earthenware
entity:artifact:2:148554,materialBase,earthenware
entity:artifact:2:148555,materialBase,earthenware
entity:artifact:2:148556,materialBase,earthenware
entity:artifact:2:148608,materialBase,earthenware
entity:artifact:2:148609,materialBase,earthenware
entity:artifact:2:149462,materialBase,earthenware
entity:artifact:2:149463,materialBase,earthenware
entity:artifact:2:149507,materialBase,earthenware
entity:artifact:2:149508,materialBase,earthenware
entity:artifact:2:149509,materialBase,earthenware
entity:artifact:2:149541,materialBase,earthenware
entity:artifact:2:149542,materialBase,earthenware
entity:artifact:2:149543,materialBase,earthenware
entity:artifact:2:149545,materialBase,earthenware
entity:artifact:2:149547,materialBase,earthenware | pigment
entity:artifact:2:149551,materialBase,earthenware | stone
entity:artifact:2:149552,materialBase,earthenware
entity:artifact:2:149553,materialBase,earthenware
entity:artifact:2:149554,materialBase,earthenware | iron
entity:artifact:2:149557,materialBase,earthenware
entity:artifact:2:149558,materialBase,earthenware
entity:artifact:2:160276,materialBase,earthenware
entity:artifact:2:16235,materialBase,paper | ink
entity:artifact:2:16377,materialBase,paper | ink
entity:artifact:2:16400,materialBase,paper | ink
entity:artifact:2:164893,materialBase,earthenware
entity:artifact:2:164894,materialBase,earthenware | metal
entity:artifact:2:16492,materialBase,paper | ink
entity:artifact:2:165054,materialBase,earthenware
entity:artifact:2:165055,materialBase,earthenware
entity:artifact:2:165056,materialBase,earthenware
entity:artifact:2:165242,materialBase,porcelain
entity:artifact:2:16635,materialBase,paper | pigment | ink
entity:artifact:2:16636,materialBase,paper | pigment | ink
entity:artifact:2:16637,materialBase,paper | pigment | ink
entity:artifact:2:16643,materialBase,paper | pigment | ink
entity:artifact:2:16700,materialBase,paper | pigment | ink
entity:artifact:2:167086,materialBase,earthenware
entity:artifact:2:167160,materialBase,porcelain
entity:artifact:2:167599,materialBase,earthenware
entity:artifact:2:167603,materialBase,earthenware | porcelain
entity:artifact:2:16827,materialBase,paper | pigment | ink
entity:artifact:2:16829,materialBase,paper | pigment | ink
entity:artifact:2:16891,materialBase,paper | pigment | ink
entity:artifact:2:169025,materialBase,earthenware
entity:artifact:2:16917,materialBase,paper | pigment | ink
entity:artifact:2:16918,materialBase,paper | pigment | ink
entity:artifact:2:16925,materialBase,paper | pigment | ink
entity:artifact:2:16926,materialBase,paper | pigment | ink
entity:artifact:2:16932,materialBase,paper | pigment | ink
entity:artifact:2:169458,materialBase,earthenware
entity:artifact:2:169493,materialBase,earthenware | iron
entity:artifact:2:169494,materialBase,bronze
entity:artifact:2:169509,materialBase,earthenware
entity:artifact:2:16956,materialBase,paper | pigment | ink
entity:artifact:2:16957,materialBase,paper | pigment | ink
entity:artifact:2:170143,materialBase,earthenware
entity:artifact:2:173145,materialBase,earthenware | ivory
entity:artifact:2:173146,materialBase,earthenware
entity:artifact:2:173147,materialBase,earthenware
entity:artifact:2:173148,materialBase,earthenware | metal
entity:artifact:2:173149,materialBase,earthenware | metal
entity:artifact:2:173150,materialBase,earthenware | metal
entity:artifact:2:173592,materialBase,earthenware | metal
entity:artifact:2:173593,materialBase,bronze
entity:artifact:2:173612,materialBase,earthenware
entity:artifact:2:173613,materialBase,earthenware | metal
entity:artifact:2:173614,materialBase,earthenware | metal
entity:artifact:2:173615,materialBase,earthenware | metal
entity:artifact:2:173616,materialBase,earthenware
entity:artifact:2:173621,materialBase,earthenware
entity:artifact:2:173622,materialBase,earthenware | porcelain
entity:artifact:2:173623,materialBase,earthenware
entity:artifact:2:173788,materialBase,pigment | earthenware
entity:artifact:2:173791,materialBase,pigment | earthenware
entity:artifact:2:173817,materialBase,pigment | earthenware
entity:artifact:2:173818,materialBase,pigment | earthenware
entity:artifact:2:173820,materialBase,pigment | earthenware
entity:artifact:2:173849,materialBase,pigment | earthenware
entity:artifact:2:173850,materialBase,pigment | earthenware
entity:artifact:2:174153,materialBase,pigment | earthenware
entity:artifact:2:174154,materialBase,pigment | earthenware
entity:artifact:2:174173,materialBase,earthenware | porcelain
entity:artifact:2:174174,materialBase,earthenware
entity:artifact:2:174175,materialBase,earthenware
entity:artifact:2:174176,materialBase,earthenware | metal
entity:artifact:2:174177,materialBase,earthenware | metal
entity:artifact:2:174249,materialBase,earthenware
entity:artifact:2:174250,materialBase,earthenware
entity:artifact:2:174251,materialBase,earthenware
entity:artifact:2:174254,materialBase,earthenware | clay
entity:artifact:2:174432,materialBase,earthenware
entity:artifact:2:174433,materialBase,pigment | earthenware
entity:artifact:2:174435,materialBase,earthenware
entity:artifact:2:174444,materialBase,porcelain
entity:artifact:2:174445,materialBase,earthenware
entity:artifact:2:174446,materialBase,earthenware | iron
entity:artifact:2:174782,materialBase,paper | ink | pigment
entity:artifact:2:174784,materialBase,earthenware
entity:artifact:2:174785,materialBase,earthenware
entity:artifact:2:174786,materialBase,bronze
entity:artifact:2:174787,materialBase,earthenware
entity:artifact:2:174788,materialBase,earthenware
entity:artifact:2:174841,materialBase,earthenware
entity:artifact:2:174843,materialBase,earthenware
entity:artifact:2:174848,materialBase,earthenware | metal
entity:artifact:2:174849,materialBase,earthenware | porcelain
entity:artifact:2:174850,materialBase,silver
entity:artifact:2:174902,materialBase,earthenware | porcelain
entity:artifact:2:174903,materialBase,porcelain
entity:artifact:2:174966,materialBase,earthenware | metal
entity:artifact:2:174967,materialBase,earthenware | metal
entity:artifact:2:174968,materialBase,paper | ink
entity:artifact:2:175142,materialBase,paper | ink
entity:artifact:2:175143,materialBase,earthenware | porcelain
entity:artifact:2:175365,materialBase,porcelain | iron
entity:artifact:2:175366,materialBase,earthenware | porcelain
entity:artifact:2:175367,materialBase,porcelain
entity:artifact:2:175370,materialBase,porcelain
entity:artifact:2:175371,materialBase,porcelain
entity:artifact:2:176272,materialBase,earthenware | porcelain
entity:artifact:2:176273,materialBase,earthenware | ivory
entity:artifact:2:176274,materialBase,earthenware
entity:artifact:2:176360,materialBase,earthenware
entity:artifact:2:176362,materialBase,porcelain
entity:artifact:2:176365,materialBase,pigment | earthenware
entity:artifact:2:176366,materialBase,earthenware
entity:artifact:2:176655,materialBase,earthenware | pigment
entity:artifact:2:176659,materialBase,earthenware
entity:artifact:2:176893,materialBase,earthenware
entity:artifact:2:176894,materialBase,earthenware
entity:artifact:2:176895,materialBase,earthenware
entity:artifact:2:176896,materialBase,earthenware
entity:artifact:2:176897,materialBase,earthenware | porcelain
entity:artifact:2:176899,materialBase,earthenware
entity:artifact:2:176954,materialBase,earthenware
entity:artifact:2:176955,materialBase,earthenware | porcelain
entity:artifact:2:176956,materialBase,earthenware
entity:artifact:2:176957,materialBase,earthenware
entity:artifact:2:176958,materialBase,paper | pigment | ink
entity:artifact:2:176962,materialBase,earthenware | porcelain
entity:artifact:2:176964,materialBase,earthenware | porcelain
entity:artifact:2:176965,materialBase,earthenware
entity:artifact:2:176966,materialBase,earthenware
entity:artifact:2:176967,materialBase,pigment | earthenware
entity:artifact:2:176968,materialBase,earthenware
entity:artifact:2:176969,materialBase,earthenware
entity:artifact:2:176970,materialBase,bronze
entity:artifact:2:176971,materialBase,bronze
entity:artifact:2:176994,materialBase,earthenware
entity:artifact:2:176995,materialBase,earthenware
entity:artifact:2:176996,materialBase,earthenware
entity:artifact:2:176997,materialBase,bronze
entity:artifact:2:177002,materialBase,porcelain
entity:artifact:2:178067,materialBase,copper
entity:artifact:2:178068,materialBase,copper
entity:artifact:2:178612,materialBase,nephrite
entity:artifact:2:178613,materialBase,nephrite
entity:artifact:2:178614,materialBase,earthenware
entity:artifact:2:178615,materialBase,earthenware
entity:artifact:2:178616,materialBase,earthenware
entity:artifact:2:178617,materialBase,earthenware
entity:artifact:2:178618,materialBase,pigment | earthenware
entity:artifact:2:179583,materialBase,nephrite
entity:artifact:2:179597,materialBase,nephrite
entity:artifact:2:179606,materialBase,nephrite
entity:artifact:2:179607,materialBase,nephrite
entity:artifact:2:180588,materialBase,earthenware | porcelain
entity:artifact:2:180730,materialBase,earthenware
entity:artifact:2:180735,materialBase,porcelain
entity:artifact:2:181756,materialBase,bronze
entity:artifact:2:182174,materialBase,pigment | earthenware
entity:artifact:2:182232,materialBase,porcelain | metal
entity:artifact:2:182235,materialBase,porcelain
entity:artifact:2:182242,materialBase,earthenware | porcelain
entity:artifact:2:182243,materialBase,porcelain | earthenware
entity:artifact:2:182443,materialBase,earthenware | porcelain
entity:artifact:2:182444,materialBase,earthenware
entity:artifact:2:182445,materialBase,earthenware
entity:artifact:2:182446,materialBase,earthenware
entity:artifact:2:182449,materialBase,earthenware
entity:artifact:2:182450,materialBase,earthenware | iron
entity:artifact:2:182452,materialBase,earthenware
entity:artifact:2:182453,materialBase,earthenware
entity:artifact:2:182454,materialBase,earthenware
entity:artifact:2:182456,materialBase,earthenware
entity:artifact:2:182460,materialBase,earthenware
entity:artifact:2:182461,materialBase,earthenware | metal
entity:artifact:2:182462,materialBase,earthenware
entity:artifact:2:182487,materialBase,earthenware
entity:artifact:2:182488,materialBase,earthenware
entity:artifact:2:182489,materialBase,earthenware
entity:artifact:2:182492,materialBase,earthenware
entity:artifact:2:182524,materialBase,earthenware
entity:artifact:2:182526,materialBase,earthenware | metal
entity:artifact:2:182527,materialBase,earthenware | metal
entity:artifact:2:182528,materialBase,earthenware | metal
entity:artifact:2:182529,materialBase,earthenware | porcelain
entity:artifact:2:182530,materialBase,earthenware | porcelain
entity:artifact:2:182595,materialBase,earthenware
entity:artifact:2:182596,materialBase,earthenware
entity:artifact:2:182606,materialBase,earthenware
entity:artifact:2:182607,materialBase,earthenware
entity:artifact:2:182655,materialBase,earthenware | porcelain
entity:artifact:2:18384,materialBase,pigment | earthenware
entity:artifact:2:18385,materialBase,pigment | earthenware
entity:artifact:2:18386,materialBase,pigment | earthenware
entity:artifact:2:18387,materialBase,pigment | earthenware
entity:artifact:2:184431,materialBase,bronze
entity:artifact:2:185032,materialBase,earthenware
entity:artifact:2:185033,materialBase,earthenware
entity:artifact:2:185034,materialBase,porcelain | enamel
entity:artifact:2:185035,materialBase,gold | silver
entity:artifact:2:185127,materialBase,earthenware
entity:artifact:2:185128,materialBase,bronze
entity:artifact:2:185129,materialBase,earthenware
entity:artifact:2:185449,materialBase,earthenware
entity:artifact:2:185450,materialBase,porcelain
entity:artifact:2:185451,materialBase,earthenware | metal
entity:artifact:2:185452,materialBase,earthenware | metal
entity:artifact:2:185453,materialBase,earthenware
entity:artifact:2:185759,materialBase,earthenware | ivory
entity:artifact:2:185760,materialBase,earthenware
entity:artifact:2:185761,materialBase,earthenware
entity:artifact:2:185763,materialBase,earthenware
entity:artifact:2:185764,materialBase,earthenware
entity:artifact:2:186302,materialBase,silk
entity:artifact:2:186658,materialBase,pigment | earthenware
entity:artifact:2:186659,materialBase,earthenware | porcelain
entity:artifact:2:186742,materialBase,earthenware | pigment | metal
entity:artifact:2:186744,materialBase,earthenware | pigment | amber | metal
entity:artifact:2:186745,materialBase,earthenware
entity:artifact:2:186746,materialBase,earthenware | metal
entity:artifact:2:186747,materialBase,earthenware | metal
entity:artifact:2:186931,materialBase,earthenware | pigment | metal
entity:artifact:2:186932,materialBase,bronze | gold
entity:artifact:2:186933,materialBase,bronze | gold
entity:artifact:2:186934,materialBase,earthenware
entity:artifact:2:186935,materialBase,earthenware
entity:artifact:2:187002,materialBase,porcelain | enamel
entity:artifact:2:187003,materialBase,earthenware
entity:artifact:2:187004,materialBase,earthenware | pigment | metal
entity:artifact:2:187005,materialBase,earthenware | iron
entity:artifact:2:187274,materialBase,bronze | gold
entity:artifact:2:18758,materialBase,clay | pigment | earthenware | metal
entity:artifact:2:18759,materialBase,pigment | earthenware
entity:artifact:2:187802,materialBase,earthenware | porcelain
entity:artifact:2:188082,materialBase,earthenware | porcelain
entity:artifact:2:188083,materialBase,earthenware | porcelain
entity:artifact:2:188084,materialBase,earthenware | pigment | metal
entity:artifact:2:188085,materialBase,porcelain
entity:artifact:2:188153,materialBase,earthenware
entity:artifact:2:188154,materialBase,earthenware | porcelain
entity:artifact:2:188156,materialBase,bronze | gold
entity:artifact:2:188157,materialBase,bronze | gold
entity:artifact:2:188169,materialBase,earthenware | pigment | metal
entity:artifact:2:188475,materialBase,ceramic
entity:artifact:2:18856,materialBase,nephrite
entity:artifact:2:18857,materialBase,pigment | earthenware
entity:artifact:2:188954,materialBase,earthenware | porcelain
entity:artifact:2:189067,materialBase,earthenware
entity:artifact:2:189098,materialBase,paper | ink
entity:artifact:2:189099,materialBase,porcelain | earthenware
entity:artifact:2:189158,materialBase,earthenware | pigment | metal
entity:artifact:2:189159,materialBase,earthenware
entity:artifact:2:189161,materialBase,earthenware
entity:artifact:2:189162,materialBase,earthenware | pigment
entity:artifact:2:189163,materialBase,earthenware | pigment
entity:artifact:2:189200,materialBase,pigment | earthenware
entity:artifact:2:189204,materialBase,earthenware | pigment
entity:artifact:2:189205,materialBase,earthenware
entity:artifact:2:189219,materialBase,silk | pigment | ink
entity:artifact:2:189235,materialBase,earthenware | porcelain
entity:artifact:2:189465,materialBase,paper | pigment | ink
entity:artifact:2:189565,materialBase,earthenware
entity:artifact:2:189739,materialBase,earthenware
entity:artifact:2:189837,materialBase,paper | pigment | ink
entity:artifact:2:189839,materialBase,silk | ink
entity:artifact:2:189840,materialBase,paper | ink
entity:artifact:2:189841,materialBase,paper | ink
entity:artifact:2:189843,materialBase,silk | pigment | ink
entity:artifact:2:189844,materialBase,silk | pigment | ink
entity:artifact:2:18988,materialBase,ink
entity:artifact:2:190122,materialBase,paper | gold | ink
entity:artifact:2:190123,materialBase,paper | pigment | ink
entity:artifact:2:190125,materialBase,paper | ink | pigment
entity:artifact:2:190136,materialBase,paper | pigment | ink
entity:artifact:2:190137,materialBase,paper | ink
entity:artifact:2:190138,materialBase,paper | ink
entity:artifact:2:190139,materialBase,silk | paper | gold | ink
entity:artifact:2:190142,materialBase,silk | pigment | ink
entity:artifact:2:190144,materialBase,paper | ink
entity:artifact:2:190145,materialBase,paper | pigment | gold | ink
entity:artifact:2:190147,materialBase,paper | ink
entity:artifact:2:190148,materialBase,paper | gold | ink
entity:artifact:2:190159,materialBase,pigment | earthenware
entity:artifact:2:190160,materialBase,earthenware
entity:artifact:2:190161,materialBase,earthenware
entity:artifact:2:190162,materialBase,earthenware
entity:artifact:2:190163,materialBase,earthenware
entity:artifact:2:190164,materialBase,earthenware | pigment | metal
entity:artifact:2:190165,materialBase,earthenware
entity:artifact:2:190167,materialBase,silk | pigment | ink
entity:artifact:2:190168,materialBase,silk | pigment | gold | ink
entity:artifact:2:190169,materialBase,silk | ink
entity:artifact:2:190170,materialBase,paper | pigment | ink
entity:artifact:2:190184,materialBase,silk | pigment | ink
entity:artifact:2:190185,materialBase,silk | pigment | gold | ink
entity:artifact:2:190209,materialBase,earthenware
entity:artifact:2:190217,materialBase,pigment | earthenware
entity:artifact:2:190218,materialBase,earthenware | pigment
entity:artifact:2:190471,materialBase,bronze
entity:artifact:2:190472,materialBase,earthenware | porcelain
entity:artifact:2:190809,materialBase,earthenware
entity:artifact:2:190811,materialBase,earthenware
entity:artifact:2:190850,materialBase,earthenware
entity:artifact:2:190851,materialBase,earthenware
entity:artifact:2:190853,materialBase,earthenware | ivory
entity:artifact:2:190854,materialBase,earthenware
entity:artifact:2:190928,materialBase,earthenware | porcelain
entity:artifact:2:190929,materialBase,earthenware
entity:artifact:2:190930,materialBase,porcelain
entity:artifact:2:190996,materialBase,earthenware | porcelain
entity:artifact:2:190997,materialBase,earthenware | pigment
entity:artifact:2:190998,materialBase,earthenware | pigment
entity:artifact:2:191000,materialBase,earthenware | pigment
entity:artifact:2:191001,materialBase,earthenware
entity:artifact:2:191003,materialBase,bronze
entity:artifact:2:191004,materialBase,earthenware | porcelain
entity:artifact:2:191054,materialBase,earthenware | porcelain
entity:artifact:2:191055,materialBase,earthenware
entity:artifact:2:191056,materialBase,earthenware | pigment
entity:artifact:2:191057,materialBase,earthenware | pigment
entity:artifact:2:191323,materialBase,earthenware | pigment | amber | metal
entity:artifact:2:191325,materialBase,earthenware | iron
entity:artifact:2:191326,materialBase,earthenware
entity:artifact:2:191328,materialBase,earthenware | pigment | metal
entity:artifact:2:191329,materialBase,earthenware
entity:artifact:2:192051,materialBase,earthenware | pigment | amber | metal
entity:artifact:2:192060,materialBase,earthenware
entity:artifact:2:192061,materialBase,earthenware | porcelain
entity:artifact:2:192062,materialBase,earthenware
entity:artifact:2:192063,materialBase,earthenware
entity:artifact:2:192138,materialBase,earthenware
entity:artifact:2:192140,materialBase,earthenware
entity:artifact:2:192166,materialBase,earthenware | metal
entity:artifact:2:19252,materialBase,nephrite
entity:artifact:2:19253,materialBase,nephrite
entity:artifact:2:19254,materialBase,nephrite
entity:artifact:2:19255,materialBase,pigment | earthenware
entity:artifact:2:19256,materialBase,earthenware | metal
entity:artifact:2:19277,materialBase,earthenware | porcelain
entity:artifact:2:192947,materialBase,earthenware
entity:artifact:2:192949,materialBase,earthenware | porcelain
entity:artifact:2:193284,materialBase,stone
entity:artifact:2:193287,materialBase,earthenware
entity:artifact:2:193288,materialBase,earthenware | metal
entity:artifact:2:193289,materialBase,earthenware
entity:artifact:2:193290,materialBase,earthenware | porcelain
entity:artifact:2:193291,materialBase,earthenware | porcelain
entity:artifact:2:193292,materialBase,earthenware
entity:artifact:2:194025,materialBase,earthenware | metal
entity:artifact:2:195600,materialBase,earthenware
entity:artifact:2:195610,materialBase,pigment | earthenware
entity:artifact:2:195611,materialBase,earthenware | metal
entity:artifact:2:196417,materialBase,earthenware
entity:artifact:2:196420,materialBase,earthenware
entity:artifact:2:19684,materialBase,copper
entity:artifact:2:19685,materialBase,copper
entity:artifact:2:196985,materialBase,earthenware
entity:artifact:2:196994,materialBase,earthenware
entity:artifact:2:196995,materialBase,earthenware
entity:artifact:2:196996,materialBase,earthenware
entity:artifact:2:196997,materialBase,earthenware
entity:artifact:2:196998,materialBase,earthenware
entity:artifact:2:197026,materialBase,earthenware
entity:artifact:2:197027,materialBase,earthenware
entity:artifact:2:197028,materialBase,earthenware | metal
entity:artifact:2:197049,materialBase,earthenware
entity:artifact:2:197050,materialBase,earthenware | pigment | metal
entity:artifact:2:197051,materialBase,earthenware | amber | metal
entity:artifact:2:197058,materialBase,earthenware
entity:artifact:2:197060,materialBase,earthenware | porcelain
entity:artifact:2:197474,materialBase,earthenware
entity:artifact:2:197514,materialBase,rhinoceros horn
entity:artifact:2:197515,materialBase,rhinoceros horn
entity:artifact:2:197658,materialBase,nephrite
entity:artifact:2:197660,materialBase,wood
entity:artifact:2:197661,materialBase,earthenware
entity:artifact:2:197665,materialBase,earthenware
entity:artifact:2:197666,materialBase,earthenware
entity:artifact:2:197972,materialBase,porcelain | earthenware
entity:artifact:2:198016,materialBase,bronze
entity:artifact:2:198019,materialBase,earthenware | pigment
entity:artifact:2:198020,materialBase,paper | ink | pigment
entity:artifact:2:198022,materialBase,earthenware
entity:artifact:2:198023,materialBase,earthenware
entity:artifact:2:198104,materialBase,pigment | earthenware
entity:artifact:2:198105,materialBase,lacquer | metal
entity:artifact:2:198106,materialBase,earthenware
entity:artifact:2:198241,materialBase,porcelain
entity:artifact:2:198244,materialBase,earthenware
entity:artifact:2:198247,materialBase,earthenware
entity:artifact:2:198359,materialBase,bamboo
entity:artifact:2:198361,materialBase,pigment | lacquer
entity:artifact:2:198461,materialBase,wood
entity:artifact:2:198462,materialBase,pigment | lacquer
entity:artifact:2:198532,materialBase,rhinoceros horn
entity:artifact:2:198568,materialBase,porcelain
entity:artifact:2:198876,materialBase,nephrite | porcelain
entity:artifact:2:198963,materialBase,nephrite
entity:artifact:2:198964,materialBase,stone
entity:artifact:2:198965,materialBase,stone
entity:artifact:2:198966,materialBase,nephrite | porcelain
entity:artifact:2:198967,materialBase,stone
entity:artifact:2:198984,materialBase,paper | ink | pigment
entity:artifact:2:198990,materialBase,pigment | stone | bone
entity:artifact:2:198991,materialBase,glass
entity:artifact:2:198992,materialBase,porcelain
entity:artifact:2:199013,materialBase,gold | wood
entity:artifact:2:199014,materialBase,pigment | stone
entity:artifact:2:199017,materialBase,nephrite | pigment
entity:artifact:2:199178,materialBase,nephrite | pigment | ivory
entity:artifact:2:199179,materialBase,paper | ink | pigment
entity:artifact:2:199183,materialBase,nephrite | pigment
entity:artifact:2:199184,materialBase,stone
entity:artifact:2:199187,materialBase,nephrite | porcelain
entity:artifact:2:199188,materialBase,nephrite | porcelain
entity:artifact:2:199189,materialBase,nephrite | porcelain
entity:artifact:2:199379,materialBase,wood
entity:artifact:2:199427,materialBase,porcelain | enamel | gold | silk
entity:artifact:2:199428,materialBase,porcelain | enamel
entity:artifact:2:199429,materialBase,porcelain
entity:artifact:2:199432,materialBase,porcelain
entity:artifact:2:199433,materialBase,porcelain
entity:artifact:2:199592,materialBase,nephrite | pigment
entity:artifact:2:199593,materialBase,bronze
entity:artifact:2:199594,materialBase,paper | ink | pigment
entity:artifact:2:199595,materialBase,paper | ink | pigment
entity:artifact:2:199607,materialBase,paper | pigment | ink
entity:artifact:2:199626,materialBase,earthenware | porcelain
entity:artifact:2:199628,materialBase,stone
entity:artifact:2:199629,materialBase,nephrite
entity:artifact:2:199631,materialBase,paper | ink | pigment
entity:artifact:2:199633,materialBase,porcelain
entity:artifact:2:199634,materialBase,porcelain
entity:artifact:2:199635,materialBase,nephrite | pigment | textile
entity:artifact:2:199636,materialBase,paper | ink | pigment
entity:artifact:2:199646,materialBase,porcelain
entity:artifact:2:199647,materialBase,porcelain
entity:artifact:2:199648,materialBase,stone
entity:artifact:2:199685,materialBase,silk | pigment | ink
entity:artifact:2:199690,materialBase,nephrite
entity:artifact:2:199691,materialBase,porcelain
entity:artifact:2:199692,materialBase,porcelain
entity:artifact:2:199693,materialBase,bronze
entity:artifact:2:199694,materialBase,paper | ink | pigment
entity:artifact:2:199695,materialBase,paper | ink | pigment
entity:artifact:2:199712,materialBase,porcelain
entity:artifact:2:199713,materialBase,porcelain | enamel | gold
entity:artifact:2:199714,materialBase,porcelain
entity:artifact:2:199715,materialBase,porcelain
entity:artifact:2:199716,materialBase,pigment | earthenware
entity:artifact:2:199721,materialBase,porcelain
entity:artifact:2:199722,materialBase,porcelain
entity:artifact:2:199724,materialBase,porcelain
entity:artifact:2:199751,materialBase,wood
entity:artifact:2:199752,materialBase,wood
entity:artifact:2:199753,materialBase,rhinoceros horn
entity:artifact:2:199754,materialBase,wood
entity:artifact:2:199755,materialBase,wood
entity:artifact:2:199756,materialBase,wood
entity:artifact:2:199757,materialBase,wood
entity:artifact:2:199805,materialBase,earthenware | porcelain
entity:artifact:2:200087,materialBase,earthenware | metal
entity:artifact:2:200100,materialBase,textile | silk
entity:artifact:2:200101,materialBase,earthenware | pigment | metal
entity:artifact:2:200245,materialBase,porcelain | earthenware | stone
entity:artifact:2:200286,materialBase,earthenware
entity:artifact:2:200497,materialBase,bronze
entity:artifact:2:200542,materialBase,lacquer | wood
entity:artifact:2:200547,materialBase,earthenware | iron
entity:artifact:2:200583,materialBase,earthenware | porcelain
entity:artifact:2:200584,materialBase,bronze
entity:artifact:2:200715,materialBase,porcelain
entity:artifact:2:200716,materialBase,porcelain
entity:artifact:2:200718,materialBase,paper | ink
entity:artifact:2:200719,materialBase,porcelain
entity:artifact:2:200760,materialBase,earthenware
entity:artifact:2:200761,materialBase,earthenware | porcelain
entity:artifact:2:200764,materialBase,pigment | earthenware
entity:artifact:2:200818,materialBase,porcelain | earthenware | iron
entity:artifact:2:200821,materialBase,earthenware | porcelain
entity:artifact:2:200837,materialBase,bronze
entity:artifact:2:200838,materialBase,bronze
entity:artifact:2:200839,materialBase,copper
entity:artifact:2:200840,materialBase,bronze
entity:artifact:2:200855,materialBase,earthenware
entity:artifact:2:200856,materialBase,cotton | paper | ink | pigment
entity:artifact:2:200868,materialBase,wood
entity:artifact:2:200907,materialBase,earthenware | porcelain
entity:artifact:2:200939,materialBase,wood
entity:artifact:2:200940,materialBase,wood
entity:artifact:2:200941,materialBase,ink | earthenware | iron
entity:artifact:2:200942,materialBase,earthenware
entity:artifact:2:200950,materialBase,earthenware | porcelain
entity:artifact:2:200957,materialBase,copper
entity:artifact:2:200958,materialBase,copper
entity:artifact:2:200980,materialBase,ink | earthenware | iron
entity:artifact:2:200981,materialBase,bronze | gold
entity:artifact:2:201013,materialBase,nephrite
entity:artifact:2:201014,materialBase,earthenware | porcelain
entity:artifact:2:201038,materialBase,porcelain | enamel
entity:artifact:2:201063,materialBase,earthenware | porcelain
entity:artifact:2:201064,materialBase,bronze
entity:artifact:2:201065,materialBase,bronze
entity:artifact:2:201066,materialBase,bronze
entity:artifact:2:201067,materialBase,bronze
entity:artifact:2:201068,materialBase,bronze
entity:artifact:2:201069,materialBase,bronze
entity:artifact:2:201086,materialBase,paper | pigment | ink
entity:artifact:2:201090,materialBase,stone
entity:artifact:2:201091,materialBase,stone
entity:artifact:2:201099,materialBase,paper | ink | pigment
entity:artifact:2:201116,materialBase,textile
entity:artifact:2:201141,materialBase,paper | pigment | ink
entity:artifact:2:201146,materialBase,paper | gold | ink
entity:artifact:2:201147,materialBase,stone
entity:artifact:2:201158,materialBase,paper | ink
entity:artifact:2:201173,materialBase,paper | pigment | ink
entity:artifact:2:201174,materialBase,paper | pigment | ink
entity:artifact:2:201175,materialBase,paper | pigment | ink
entity:artifact:2:201176,materialBase,paper | pigment | ink
entity:artifact:2:201210,materialBase,paper | ink
entity:artifact:2:201240,materialBase,bronze
entity:artifact:2:201242,materialBase,paper | ink | pigment
entity:artifact:2:201243,materialBase,paper | pigment | ink
entity:artifact:2:201244,materialBase,paper | ink
entity:artifact:2:201247,materialBase,earthenware
entity:artifact:2:201257,materialBase,earthenware
entity:artifact:2:201258,materialBase,earthenware
entity:artifact:2:201259,materialBase,earthenware
entity:artifact:2:201260,materialBase,earthenware
entity:artifact:2:201261,materialBase,earthenware
entity:artifact:2:201269,materialBase,paper | ink
entity:artifact:2:201270,materialBase,paper | ink
entity:artifact:2:201271,materialBase,paper | ink
entity:artifact:2:201272,materialBase,paper | ink
entity:artifact:2:201273,materialBase,paper | ink
entity:artifact:2:201274,materialBase,paper | pigment | ink
entity:artifact:2:201275,materialBase,paper | pigment | ink
entity:artifact:2:201276,materialBase,paper | ink
entity:artifact:2:201277,materialBase,paper | ink
entity:artifact:2:201282,materialBase,paper | ink
entity:artifact:2:201283,materialBase,paper | ink
entity:artifact:2:201285,materialBase,porcelain | earthenware
entity:artifact:2:201286,materialBase,earthenware | metal
entity:artifact:2:201288,materialBase,paper | ink
entity:artifact:2:201303,materialBase,paper | ink
entity:artifact:2:201311,materialBase,pigment | earthenware
entity:artifact:2:201318,materialBase,bronze
entity:artifact:2:201320,materialBase,porcelain
entity:artifact:2:201327,materialBase,earthenware
entity:artifact:2:201328,materialBase,earthenware
entity:artifact:2:201329,materialBase,earthenware
entity:artifact:2:201330,materialBase,earthenware
entity:artifact:2:201331,materialBase,earthenware
entity:artifact:2:201332,materialBase,earthenware
entity:artifact:2:201333,materialBase,earthenware
entity:artifact:2:201350,materialBase,paper | ink
entity:artifact:2:201351,materialBase,paper | ink
entity:artifact:2:201352,materialBase,paper | ink
entity:artifact:2:201355,materialBase,earthenware
entity:artifact:2:201357,materialBase,paper | ink
entity:artifact:2:201358,materialBase,paper | ink
entity:artifact:2:201359,materialBase,paper | ink
entity:artifact:2:201360,materialBase,paper | ink
entity:artifact:2:201361,materialBase,paper | ink
entity:artifact:2:201362,materialBase,paper | ink
entity:artifact:2:201363,materialBase,paper | ink
entity:artifact:2:201370,materialBase,earthenware
entity:artifact:2:201391,materialBase,paper | pigment | ink
entity:artifact:2:201392,materialBase,paper | ink
entity:artifact:2:201402,materialBase,paper | ink
entity:artifact:2:201403,materialBase,paper | ink
entity:artifact:2:201404,materialBase,paper | pigment | ink
entity:artifact:2:201412,materialBase,paper | ink
entity:artifact:2:201447,materialBase,paper | pigment | ink
entity:artifact:2:201448,materialBase,paper | pigment | ink
entity:artifact:2:201449,materialBase,paper | pigment | ink
entity:artifact:2:201450,materialBase,paper | pigment | ink
entity:artifact:2:201455,materialBase,earthenware
entity:artifact:2:201456,materialBase,earthenware
entity:artifact:2:201457,materialBase,earthenware
entity:artifact:2:201458,materialBase,earthenware
entity:artifact:2:201459,materialBase,earthenware
entity:artifact:2:201460,materialBase,earthenware
entity:artifact:2:201463,materialBase,stone
entity:artifact:2:201464,materialBase,earthenware
entity:artifact:2:201465,materialBase,earthenware
entity:artifact:2:201466,materialBase,earthenware
entity:artifact:2:201469,materialBase,earthenware | iron
entity:artifact:2:201470,materialBase,stone | glass
entity:artifact:2:201473,materialBase,porcelain | earthenware
entity:artifact:2:201478,materialBase,earthenware
entity:artifact:2:201479,materialBase,earthenware
entity:artifact:2:201480,materialBase,earthenware
entity:artifact:2:201481,materialBase,earthenware | pigment
entity:artifact:2:201482,materialBase,earthenware | pigment
entity:artifact:2:201483,materialBase,earthenware
entity:artifact:2:201484,materialBase,earthenware
entity:artifact:2:201486,materialBase,earthenware
entity:artifact:2:201487,materialBase,earthenware
entity:artifact:2:201491,materialBase,textile
entity:artifact:2:201494,materialBase,wood
entity:artifact:2:201495,materialBase,porcelain
entity:artifact:2:201502,materialBase,paper | ink
entity:artifact:2:201507,materialBase,porcelain
entity:artifact:2:201508,materialBase,stone
entity:artifact:2:201518,materialBase,pigment | stone
entity:artifact:2:201519,materialBase,paper | ink
entity:artifact:2:201528,materialBase,paper | pigment | ink
entity:artifact:2:201529,materialBase,stone
entity:artifact:2:201530,materialBase,earthenware
entity:artifact:2:201531,materialBase,earthenware
entity:artifact:2:201532,materialBase,earthenware
entity:artifact:2:201533,materialBase,paper | ink
entity:artifact:2:201536,materialBase,earthenware
entity:artifact:2:201537,materialBase,earthenware
entity:artifact:2:201539,materialBase,earthenware
entity:artifact:2:201540,materialBase,earthenware
entity:artifact:2:201541,materialBase,earthenware
entity:artifact:2:201542,materialBase,earthenware
entity:artifact:2:201543,materialBase,earthenware
entity:artifact:2:201544,materialBase,earthenware
entity:artifact:2:201546,materialBase,earthenware
entity:artifact:2:201550,materialBase,porcelain
entity:artifact:2:201551,materialBase,stone
entity:artifact:2:201552,materialBase,stone
entity:artifact:2:201553,materialBase,paper | ink | pigment
entity:artifact:2:201554,materialBase,paper | pigment | ink
entity:artifact:2:201558,materialBase,earthenware
entity:artifact:2:201559,materialBase,earthenware
entity:artifact:2:201560,materialBase,earthenware
entity:artifact:2:201561,materialBase,earthenware
entity:artifact:2:201562,materialBase,earthenware
entity:artifact:2:201563,materialBase,earthenware
entity:artifact:2:201564,materialBase,earthenware
entity:artifact:2:201565,materialBase,earthenware
entity:artifact:2:201571,materialBase,silk | pigment | ink
entity:artifact:2:201591,materialBase,earthenware
entity:artifact:2:201592,materialBase,earthenware
entity:artifact:2:201593,materialBase,earthenware
entity:artifact:2:201594,materialBase,earthenware
entity:artifact:2:201595,materialBase,earthenware
entity:artifact:2:201610,materialBase,nephrite
entity:artifact:2:201611,materialBase,paper | ink
entity:artifact:2:201613,materialBase,paper | ink
entity:artifact:2:201614,materialBase,paper | ink
entity:artifact:2:201615,materialBase,paper | ink
entity:artifact:2:201616,materialBase,paper | ink
entity:artifact:2:201636,materialBase,earthenware
entity:artifact:2:201637,materialBase,earthenware
entity:artifact:2:201644,materialBase,earthenware
entity:artifact:2:201645,materialBase,earthenware
entity:artifact:2:201646,materialBase,earthenware
entity:artifact:2:201647,materialBase,earthenware
entity:artifact:2:201648,materialBase,earthenware
entity:artifact:2:201649,materialBase,earthenware
entity:artifact:2:201650,materialBase,earthenware
entity:artifact:2:201657,materialBase,earthenware
entity:artifact:2:201659,materialBase,earthenware
entity:artifact:2:201660,materialBase,earthenware
entity:artifact:2:201661,materialBase,stone
entity:artifact:2:201664,materialBase,earthenware
entity:artifact:2:201665,materialBase,earthenware
entity:artifact:2:201666,materialBase,earthenware
entity:artifact:2:201667,materialBase,stone
entity:artifact:2:201668,materialBase,stone
entity:artifact:2:201669,materialBase,stone
entity:artifact:2:201670,materialBase,stone
entity:artifact:2:201671,materialBase,earthenware
entity:artifact:2:201672,materialBase,earthenware
entity:artifact:2:201673,materialBase,earthenware
entity:artifact:2:201677,materialBase,earthenware | iron
entity:artifact:2:201678,materialBase,gold | silver
entity:artifact:2:201681,materialBase,pigment | bronze | gold
entity:artifact:2:201682,materialBase,silk
entity:artifact:2:201685,materialBase,wood
entity:artifact:2:201686,materialBase,bronze
entity:artifact:2:201688,materialBase,paper | pigment | ink
entity:artifact:2:201689,materialBase,paper | pigment | ink
entity:artifact:2:201690,materialBase,paper | pigment | ink
entity:artifact:2:201693,materialBase,porcelain
entity:artifact:2:201694,materialBase,porcelain | enamel
entity:artifact:2:201695,materialBase,porcelain | enamel
entity:artifact:2:201698,materialBase,porcelain
entity:artifact:2:201699,materialBase,porcelain
entity:artifact:2:201704,materialBase,paper | ink
entity:artifact:2:201705,materialBase,paper | ink
entity:artifact:2:201706,materialBase,silk
entity:artifact:2:201714,materialBase,earthenware
entity:artifact:2:201715,materialBase,earthenware
entity:artifact:2:201716,materialBase,earthenware
entity:artifact:2:201717,materialBase,earthenware
entity:artifact:2:201719,materialBase,earthenware
entity:artifact:2:201720,materialBase,earthenware
entity:artifact:2:201721,materialBase,earthenware
entity:artifact:2:201722,materialBase,earthenware
entity:artifact:2:201723,materialBase,earthenware
entity:artifact:2:201724,materialBase,earthenware
entity:artifact:2:201725,materialBase,earthenware
entity:artifact:2:201726,materialBase,earthenware
entity:artifact:2:201737,materialBase,porcelain
entity:artifact:2:201742,materialBase,nephrite
entity:artifact:2:201743,materialBase,nephrite
entity:artifact:2:201744,materialBase,silk
entity:artifact:2:201751,materialBase,paper | pigment | ink
entity:artifact:2:201757,materialBase,earthenware
entity:artifact:2:201758,materialBase,earthenware
entity:artifact:2:201759,materialBase,earthenware
entity:artifact:2:201760,materialBase,earthenware
entity:artifact:2:201761,materialBase,earthenware
entity:artifact:2:201762,materialBase,earthenware
entity:artifact:2:201763,materialBase,earthenware
entity:artifact:2:201764,materialBase,earthenware
entity:artifact:2:201765,materialBase,earthenware
entity:artifact:2:201766,materialBase,earthenware
entity:artifact:2:201767,materialBase,earthenware
entity:artifact:2:201768,materialBase,earthenware
entity:artifact:2:201778,materialBase,earthenware | porcelain
entity:artifact:2:201779,materialBase,pigment | bronze | gold
entity:artifact:2:201780,materialBase,stone
entity:artifact:2:201781,materialBase,nephrite
entity:artifact:2:201783,materialBase,earthenware | porcelain
entity:artifact:2:201786,materialBase,earthenware | pigment | amber | metal
entity:artifact:2:201792,materialBase,bronze
entity:artifact:2:201793,materialBase,paper | ink
entity:artifact:2:201794,materialBase,earthenware | iron
entity:artifact:2:201796,materialBase,glass
entity:artifact:2:201797,materialBase,porcelain | earthenware | iron
entity:artifact:2:201801,materialBase,nephrite
entity:artifact:2:201802,materialBase,nephrite
entity:artifact:2:201803,materialBase,nephrite
entity:artifact:2:201804,materialBase,silver
entity:artifact:2:201805,materialBase,earthenware | metal
entity:artifact:2:201806,materialBase,earthenware | metal
entity:artifact:2:201807,materialBase,porcelain
entity:artifact:2:201808,materialBase,ink | earthenware | metal
entity:artifact:2:201813,materialBase,silk | pigment | ink
entity:artifact:2:201816,materialBase,lacquer
entity:artifact:2:201817,materialBase,lacquer | gold
entity:artifact:2:201818,materialBase,lacquer
entity:artifact:2:201819,materialBase,nephrite
entity:artifact:2:201820,materialBase,textile
entity:artifact:2:201827,materialBase,stone
entity:artifact:2:201828,materialBase,stone
entity:artifact:2:201829,materialBase,stone
entity:artifact:2:201830,materialBase,earthenware
entity:artifact:2:201831,materialBase,earthenware
entity:artifact:2:201832,materialBase,earthenware
entity:artifact:2:201833,materialBase,earthenware
entity:artifact:2:201834,materialBase,earthenware
entity:artifact:2:201835,materialBase,earthenware
entity:artifact:2:201836,materialBase,earthenware
entity:artifact:2:201837,materialBase,earthenware
entity:artifact:2:201838,materialBase,earthenware
entity:artifact:2:201839,materialBase,earthenware
entity:artifact:2:201840,materialBase,porcelain
entity:artifact:2:201841,materialBase,porcelain | enamel
entity:artifact:2:201842,materialBase,porcelain
entity:artifact:2:201843,materialBase,porcelain
entity:artifact:2:201844,materialBase,porcelain | metal
entity:artifact:2:201850,materialBase,paper | pigment | ink
entity:artifact:2:201851,materialBase,earthenware | pigment | metal
entity:artifact:2:201854,materialBase,paper | ink
entity:artifact:2:201884,materialBase,earthenware
entity:artifact:2:201885,materialBase,porcelain | copper
entity:artifact:2:201904,materialBase,pigment | earthenware | metal
entity:artifact:2:201905,materialBase,stone
entity:artifact:2:201927,materialBase,silk | pigment | ink
entity:artifact:2:201928,materialBase,silk | pigment | ink
entity:artifact:2:201929,materialBase,silk | pigment | ink
entity:artifact:2:201930,materialBase,silk | pigment | ink
entity:artifact:2:201931,materialBase,silk | pigment | ink
entity:artifact:2:201934,materialBase,bronze
entity:artifact:2:201936,materialBase,paper | pigment | gold | ink
entity:artifact:2:201939,materialBase,earthenware
entity:artifact:2:201940,materialBase,earthenware
entity:artifact:2:201941,materialBase,stone
entity:artifact:2:201942,materialBase,stone
entity:artifact:2:201943,materialBase,stone
entity:artifact:2:201944,materialBase,stone
entity:artifact:2:201945,materialBase,earthenware
entity:artifact:2:201947,materialBase,earthenware | porcelain
entity:artifact:2:201948,materialBase,lacquer
entity:artifact:2:201949,materialBase,lacquer
entity:artifact:2:201963,materialBase,pigment | earthenware
entity:artifact:2:201965,materialBase,pigment | earthenware
entity:artifact:2:201973,materialBase,paper | pigment | wood | ink
entity:artifact:2:201974,materialBase,paper | pigment | wood | ink
entity:artifact:2:201976,materialBase,silk | ink | pigment
entity:artifact:2:201977,materialBase,paper | pigment | ink
entity:artifact:2:201978,materialBase,earthenware | pigment | amber | metal
entity:artifact:2:201979,materialBase,earthenware
entity:artifact:2:201980,materialBase,paper | pigment | ink
entity:artifact:2:201983,materialBase,porcelain
entity:artifact:2:201993,materialBase,stone
entity:artifact:2:201998,materialBase,lacquer | silver
entity:artifact:2:202004,materialBase,earthenware
entity:artifact:2:202005,materialBase,earthenware
entity:artifact:2:202008,materialBase,earthenware
entity:artifact:2:202009,materialBase,earthenware
entity:artifact:2:202010,materialBase,stone
entity:artifact:2:202011,materialBase,stone
entity:artifact:2:202012,materialBase,earthenware
entity:artifact:2:202013,materialBase,earthenware
entity:artifact:2:202014,materialBase,earthenware
entity:artifact:2:202015,materialBase,earthenware
entity:artifact:2:202016,materialBase,earthenware
entity:artifact:2:202022,materialBase,paper | pigment | ink
entity:artifact:2:202023,materialBase,paper | pigment | ink
entity:artifact:2:202024,materialBase,bronze | gold
entity:artifact:2:202026,materialBase,pigment | earthenware
entity:artifact:2:202027,materialBase,porcelain
entity:artifact:2:202028,materialBase,porcelain | enamel
entity:artifact:2:202029,materialBase,porcelain
entity:artifact:2:202036,materialBase,silk | pigment | ink
entity:artifact:2:202037,materialBase,silk | pigment | ink
entity:artifact:2:202039,materialBase,lacquer
entity:artifact:2:202040,materialBase,lacquer | silver
entity:artifact:2:202041,materialBase,lacquer
entity:artifact:2:202042,materialBase,lacquer
entity:artifact:2:202043,materialBase,nephrite
entity:artifact:2:202044,materialBase,nephrite
entity:artifact:2:202045,materialBase,nephrite
entity:artifact:2:202046,materialBase,silk
entity:artifact:2:202048,materialBase,earthenware
entity:artifact:2:202049,materialBase,pigment | earthenware
entity:artifact:2:202052,materialBase,earthenware | porcelain
entity:artifact:2:202053,materialBase,porcelain
entity:artifact:2:202061,materialBase,earthenware
entity:artifact:2:202062,materialBase,earthenware
entity:artifact:2:202063,materialBase,earthenware
entity:artifact:2:202064,materialBase,earthenware
entity:artifact:2:202065,materialBase,earthenware
entity:artifact:2:202071,materialBase,earthenware | metal
entity:artifact:2:202072,materialBase,pigment | earthenware
entity:artifact:2:202074,materialBase,porcelain
entity:artifact:2:202084,materialBase,pigment | earthenware
entity:artifact:2:202085,materialBase,earthenware | metal
entity:artifact:2:202089,materialBase,earthenware | porcelain
entity:artifact:2:202111,materialBase,nephrite
entity:artifact:2:202114,materialBase,paper | pigment | ink
entity:artifact:2:202115,materialBase,paper | ink
entity:artifact:2:202116,materialBase,paper | pigment | wood | ink
entity:artifact:2:202117,materialBase,paper | pigment | wood | ink
entity:artifact:2:202119,materialBase,paper | pigment | ink
entity:artifact:2:202120,materialBase,paper | pigment | ink
entity:artifact:2:202121,materialBase,pigment | silk
entity:artifact:2:202122,materialBase,bronze
entity:artifact:2:202123,materialBase,earthenware | porcelain
entity:artifact:2:202124,materialBase,earthenware | porcelain
entity:artifact:2:202125,materialBase,earthenware | porcelain
entity:artifact:2:202126,materialBase,earthenware | porcelain
entity:artifact:2:202127,materialBase,paper | pigment | ink
entity:artifact:2:202128,materialBase,silk | ink | pigment
entity:artifact:2:202130,materialBase,paper | pigment | wood | ink
entity:artifact:2:202131,materialBase,paper | pigment | wood | ink
entity:artifact:2:202132,materialBase,paper | pigment | ink
entity:artifact:2:202133,materialBase,porcelain
entity:artifact:2:202136,materialBase,silk | pigment | ink
entity:artifact:2:202180,materialBase,earthenware
entity:artifact:2:202185,materialBase,earthenware
entity:artifact:2:202200,materialBase,earthenware
entity:artifact:2:202213,materialBase,bronze | gold
entity:artifact:2:202239,materialBase,earthenware | pigment | metal
entity:artifact:2:202240,materialBase,porcelain
entity:artifact:2:202259,materialBase,paper | pigment | ink
entity:artifact:2:202260,materialBase,silk | ink
entity:artifact:2:202261,materialBase,earthenware | pigment | amber | metal
entity:artifact:2:202266,materialBase,earthenware
entity:artifact:2:202267,materialBase,earthenware
entity:artifact:2:202281,materialBase,paper | pigment | ink
entity:artifact:2:202282,materialBase,paper | pigment | ink
entity:artifact:2:202283,materialBase,paper | pigment | ink
entity:artifact:2:202284,materialBase,paper | pigment | ink
entity:artifact:2:202285,materialBase,paper | pigment | ink
entity:artifact:2:202286,materialBase,paper | pigment | ink
entity:artifact:2:202287,materialBase,paper | pigment | ink
entity:artifact:2:202288,materialBase,paper | pigment | ink
entity:artifact:2:202366,materialBase,textile | silk
entity:artifact:2:202370,materialBase,silk | pigment | ink
entity:artifact:2:202371,materialBase,paper | pigment | ink
entity:artifact:2:202373,materialBase,earthenware | porcelain
entity:artifact:2:202375,materialBase,earthenware | porcelain
entity:artifact:2:202376,materialBase,earthenware | porcelain
entity:artifact:2:202377,materialBase,earthenware | porcelain
entity:artifact:2:202378,materialBase,earthenware | porcelain
entity:artifact:2:202379,materialBase,silk | ink | pigment
entity:artifact:2:202380,materialBase,silk | pigment | ink
entity:artifact:2:202382,materialBase,nephrite | pigment
entity:artifact:2:202383,materialBase,pigment | stone
entity:artifact:2:202384,materialBase,nephrite | pigment
entity:artifact:2:202385,materialBase,nephrite
entity:artifact:2:202388,materialBase,porcelain
entity:artifact:2:202389,materialBase,paper | ink
entity:artifact:2:202390,materialBase,paper | ink
entity:artifact:2:202391,materialBase,earthenware | porcelain
entity:artifact:2:202392,materialBase,silk | ink | pigment
entity:artifact:2:202393,materialBase,silk | ink | pigment
entity:artifact:2:202400,materialBase,textile | silk
entity:artifact:2:202433,materialBase,bronze
entity:artifact:2:202444,materialBase,stone
entity:artifact:2:202447,materialBase,earthenware
entity:artifact:2:202448,materialBase,bronze | metal | iron
entity:artifact:2:202476,materialBase,paper | ink | pigment
entity:artifact:2:202477,materialBase,earthenware
entity:artifact:2:202478,materialBase,earthenware | porcelain
entity:artifact:2:202479,materialBase,bronze | gold
entity:artifact:2:202480,materialBase,earthenware | porcelain
entity:artifact:2:202481,materialBase,earthenware | porcelain
entity:artifact:2:202483,materialBase,earthenware | porcelain
entity:artifact:2:202492,materialBase,earthenware | porcelain
entity:artifact:2:202494,materialBase,porcelain | earthenware
entity:artifact:2:202502,materialBase,porcelain
entity:artifact:2:202504,materialBase,silk | pigment | ink
entity:artifact:2:202505,materialBase,paper | pigment
entity:artifact:2:202507,materialBase,pigment | earthenware
entity:artifact:2:202508,materialBase,paper | pigment | ink
entity:artifact:2:202509,materialBase,paper | pigment | ink
entity:artifact:2:202511,materialBase,earthenware
entity:artifact:2:202514,materialBase,earthenware | ivory
entity:artifact:2:202523,materialBase,porcelain | enamel | gold
entity:artifact:2:202529,materialBase,earthenware | pigment | metal | ink
entity:artifact:2:202535,materialBase,earthenware | metal
entity:artifact:2:202578,materialBase,paper | ink
entity:artifact:2:202581,materialBase,paper | ink
entity:artifact:2:202582,materialBase,paper | ink
entity:artifact:2:202583,materialBase,paper | ink
entity:artifact:2:202603,materialBase,paper | ink
entity:artifact:2:202606,materialBase,stone
entity:artifact:2:202608,materialBase,paper | ink
entity:artifact:2:202614,materialBase,pigment | earthenware
entity:artifact:2:202634,materialBase,earthenware | metal
entity:artifact:2:202642,materialBase,pigment | earthenware
entity:artifact:2:202666,materialBase,porcelain
entity:artifact:2:202690,materialBase,pigment | earthenware
entity:artifact:2:202691,materialBase,porcelain
entity:artifact:2:202692,materialBase,paper | ink | pigment
entity:artifact:2:202693,materialBase,paper | ink
entity:artifact:2:202694,materialBase,paper | ink
entity:artifact:2:202700,materialBase,silk | pigment
entity:artifact:2:202701,materialBase,silk | pigment | ink
entity:artifact:2:202703,materialBase,paper | pigment | ink
entity:artifact:2:202712,materialBase,pigment | earthenware
entity:artifact:2:202734,materialBase,porcelain
entity:artifact:2:202745,materialBase,earthenware
entity:artifact:2:202746,materialBase,ceramic
entity:artifact:2:202747,materialBase,ceramic
entity:artifact:2:202748,materialBase,ceramic
entity:artifact:2:202749,materialBase,ceramic
entity:artifact:2:202750,materialBase,ceramic
entity:artifact:2:202752,materialBase,paper | ink
entity:artifact:2:202754,materialBase,silk | pigment | ink
entity:artifact:2:202758,materialBase,paper | pigment | ink
entity:artifact:2:202759,materialBase,nephrite
entity:artifact:2:202760,materialBase,nephrite
entity:artifact:2:202761,materialBase,pigment | stone
entity:artifact:2:202762,materialBase,nephrite | porcelain | pigment
entity:artifact:2:202763,materialBase,stone
entity:artifact:2:202764,materialBase,nephrite | pigment
entity:artifact:2:202765,materialBase,nephrite | porcelain
entity:artifact:2:202766,materialBase,nephrite | pigment
entity:artifact:2:202767,materialBase,nephrite | pigment
entity:artifact:2:202768,materialBase,paper | ink
entity:artifact:2:202769,materialBase,paper | ink
entity:artifact:2:202770,materialBase,nephrite | pigment
entity:artifact:2:202771,materialBase,nephrite | pigment
entity:artifact:2:202772,materialBase,nephrite
entity:artifact:2:202773,materialBase,stone
entity:artifact:2:202774,materialBase,nephrite
entity:artifact:2:202775,materialBase,nephrite | pigment
entity:artifact:2:202776,materialBase,gold | silk
entity:artifact:2:202777,materialBase,earthenware
entity:artifact:2:202778,materialBase,earthenware
entity:artifact:2:202779,materialBase,earthenware | porcelain
entity:artifact:2:202780,materialBase,earthenware | porcelain
entity:artifact:2:202781,materialBase,earthenware | porcelain
entity:artifact:2:202783,materialBase,nephrite
entity:artifact:2:202784,materialBase,nephrite
entity:artifact:2:202785,materialBase,nephrite
entity:artifact:2:202786,materialBase,nephrite | pigment
entity:artifact:2:202787,materialBase,nephrite
entity:artifact:2:202788,materialBase,nephrite
entity:artifact:2:202789,materialBase,nephrite
entity:artifact:2:202790,materialBase,nephrite
entity:artifact:2:202791,materialBase,silk | gold | ink
entity:artifact:2:202793,materialBase,paper | ink
entity:artifact:2:202794,materialBase,paper | ink
entity:artifact:2:202802,materialBase,earthenware
entity:artifact:2:202804,materialBase,paper | ink
entity:artifact:2:202805,materialBase,paper | pigment | ink
entity:artifact:2:202806,materialBase,silk | pigment | ink
entity:artifact:2:202809,materialBase,paper | pigment | ink
entity:artifact:2:202829,materialBase,ceramic
entity:artifact:2:202830,materialBase,ceramic
entity:artifact:2:202831,materialBase,silk | pigment | ink
entity:artifact:2:202833,materialBase,paper | pigment | ink
entity:artifact:2:202837,materialBase,porcelain | copper
entity:artifact:2:202842,materialBase,paper | ink
entity:artifact:2:202846,materialBase,plaster
entity:artifact:2:202849,materialBase,shell
entity:artifact:2:202852,materialBase,ceramic
entity:artifact:2:202854,materialBase,ceramic
entity:artifact:2:202885,materialBase,stone
entity:artifact:2:202913,materialBase,bronze | gold
entity:artifact:2:202918,materialBase,pigment | stone
entity:artifact:2:202919,materialBase,earthenware | porcelain
entity:artifact:2:202920,materialBase,pigment | earthenware | metal
entity:artifact:2:202922,materialBase,ceramic
entity:artifact:2:202923,materialBase,porcelain | iron
entity:artifact:2:202927,materialBase,pigment | earthenware | metal
entity:artifact:2:202931,materialBase,gold | silk | ink
entity:artifact:2:202936,materialBase,enamel
entity:artifact:2:202947,materialBase,pigment | earthenware
entity:artifact:2:202952,materialBase,earthenware
entity:artifact:2:202958,materialBase,earthenware | metal
entity:artifact:2:202975,materialBase,porcelain
entity:artifact:2:202976,materialBase,porcelain | enamel | gold
entity:artifact:2:202977,materialBase,silk | pigment | ink
entity:artifact:2:202978,materialBase,paper | ink | pigment
entity:artifact:2:202990,materialBase,pigment | bronze
entity:artifact:2:202991,materialBase,pigment | bronze | gold
entity:artifact:2:202997,materialBase,textile
entity:artifact:2:202998,materialBase,textile
entity:artifact:2:202999,materialBase,textile
entity:artifact:2:203000,materialBase,silk
entity:artifact:2:203001,materialBase,textile
entity:artifact:2:203002,materialBase,textile
entity:artifact:2:203003,materialBase,textile
entity:artifact:2:203004,materialBase,paper | pigment | ink
entity:artifact:2:203005,materialBase,porcelain
entity:artifact:2:203006,materialBase,porcelain
entity:artifact:2:203012,materialBase,porcelain | enamel | gold
entity:artifact:2:203030,materialBase,stone
entity:artifact:2:203031,materialBase,copper
entity:artifact:2:203032,materialBase,porcelain
entity:artifact:2:203040,materialBase,silk
entity:artifact:2:203041,materialBase,gold | silk
entity:artifact:2:203042,materialBase,bronze
entity:artifact:2:203046,materialBase,stone | pigment
entity:artifact:2:203047,materialBase,porcelain | enamel | gold
entity:artifact:2:203056,materialBase,metal
entity:artifact:2:203079,materialBase,porcelain | enamel | gold
entity:artifact:2:203086,materialBase,silk | pigment | ink
entity:artifact:2:203087,materialBase,stone
entity:artifact:2:203124,materialBase,porcelain
entity:artifact:2:203125,materialBase,earthenware
entity:artifact:2:203126,materialBase,earthenware
entity:artifact:2:203127,materialBase,earthenware
entity:artifact:2:203128,materialBase,earthenware
entity:artifact:2:203150,materialBase,earthenware | porcelain
entity:artifact:2:203170,materialBase,earthenware
entity:artifact:2:203174,materialBase,porcelain | copper
entity:artifact:2:203175,materialBase,earthenware
entity:artifact:2:203187,materialBase,porcelain
entity:artifact:2:203189,materialBase,bronze
entity:artifact:2:203191,materialBase,earthenware | porcelain
entity:artifact:2:203221,materialBase,porcelain
entity:artifact:2:203223,materialBase,nephrite
entity:artifact:2:203224,materialBase,nephrite
entity:artifact:2:203225,materialBase,nephrite | pigment
entity:artifact:2:203226,materialBase,pigment | jade
entity:artifact:2:203228,materialBase,earthenware | metal
entity:artifact:2:203229,materialBase,earthenware | metal
entity:artifact:2:203230,materialBase,nephrite
entity:artifact:2:203242,materialBase,rhinoceros horn
entity:artifact:2:203243,materialBase,rhinoceros horn
entity:artifact:2:203244,materialBase,rhinoceros horn
entity:artifact:2:203245,materialBase,stone
entity:artifact:2:203246,materialBase,gold | silk | pigment
entity:artifact:2:203247,materialBase,nephrite
entity:artifact:2:203248,materialBase,nephrite
entity:artifact:2:203249,materialBase,nephrite
entity:artifact:2:203250,materialBase,nephrite
entity:artifact:2:203251,materialBase,nephrite
entity:artifact:2:203252,materialBase,jade
entity:artifact:2:203253,materialBase,nephrite | pigment | bone
entity:artifact:2:203254,materialBase,earthenware | pigment | metal
entity:artifact:2:203256,materialBase,silk | pigment | ink
entity:artifact:2:203257,materialBase,paper | gold | pigment | ink
entity:artifact:2:203258,materialBase,paper | pigment | ink
entity:artifact:2:203259,materialBase,pigment | earthenware | amber | metal
entity:artifact:2:203260,materialBase,earthenware | pigment | metal
entity:artifact:2:203261,materialBase,pigment | earthenware | metal
entity:artifact:2:203262,materialBase,silk | ink | pigment
entity:artifact:2:203266,materialBase,nephrite
entity:artifact:2:203272,materialBase,bronze
entity:artifact:2:203277,materialBase,metal
entity:artifact:2:203279,materialBase,bronze
entity:artifact:2:203280,materialBase,paper | ink
entity:artifact:2:203281,materialBase,bronze
entity:artifact:2:203282,materialBase,porcelain | earthenware
entity:artifact:2:203285,materialBase,nephrite
entity:artifact:2:203286,materialBase,nephrite
entity:artifact:2:203287,materialBase,nephrite
entity:artifact:2:203288,materialBase,nephrite | pigment
entity:artifact:2:203289,materialBase,nephrite | porcelain | pigment
entity:artifact:2:203291,materialBase,earthenware | metal
entity:artifact:2:203292,materialBase,earthenware | metal
entity:artifact:2:203293,materialBase,earthenware | metal
entity:artifact:2:203294,materialBase,nephrite | pigment
entity:artifact:2:203295,materialBase,stone
entity:artifact:2:203301,materialBase,pigment | ivory
entity:artifact:2:203307,materialBase,pigment | earthenware
entity:artifact:2:203308,materialBase,bronze
entity:artifact:2:203311,materialBase,bronze
entity:artifact:2:203323,materialBase,bronze
entity:artifact:2:203329,materialBase,ceramic
entity:artifact:2:203330,materialBase,bronze
entity:artifact:2:203350,materialBase,bronze
entity:artifact:2:203352,materialBase,pigment | ivory
entity:artifact:2:203353,materialBase,stone
entity:artifact:2:203359,materialBase,bronze
entity:artifact:2:203361,materialBase,bronze
entity:artifact:2:203362,materialBase,nephrite
entity:artifact:2:203363,materialBase,nephrite
entity:artifact:2:203364,materialBase,nephrite
entity:artifact:2:203365,materialBase,nephrite | pigment | ivory
entity:artifact:2:203366,materialBase,nephrite | pigment | ivory
entity:artifact:2:203367,materialBase,nephrite
entity:artifact:2:203368,materialBase,nephrite
entity:artifact:2:203369,materialBase,nephrite | porcelain
entity:artifact:2:203370,materialBase,nephrite
entity:artifact:2:203371,materialBase,nephrite | pigment
entity:artifact:2:203372,materialBase,earthenware | metal
entity:artifact:2:203373,materialBase,bronze
entity:artifact:2:203374,materialBase,earthenware | metal
entity:artifact:2:203383,materialBase,paper | pigment | ink
entity:artifact:2:203397,materialBase,porcelain
entity:artifact:2:203402,materialBase,pigment | bronze
entity:artifact:2:203404,materialBase,bronze
entity:artifact:2:203405,materialBase,bronze
entity:artifact:2:203406,materialBase,bronze
entity:artifact:2:203419,materialBase,earthenware
entity:artifact:2:203438,materialBase,textile
entity:artifact:2:203439,materialBase,textile
entity:artifact:2:203440,materialBase,silk
entity:artifact:2:203467,materialBase,silk
entity:artifact:2:203476,materialBase,porcelain | earthenware | iron
entity:artifact:2:203478,materialBase,earthenware
entity:artifact:2:203480,materialBase,textile
entity:artifact:2:203482,materialBase,bronze
entity:artifact:2:203483,materialBase,porcelain | enamel
entity:artifact:2:203484,materialBase,porcelain
entity:artifact:2:203485,materialBase,rhinoceros horn
entity:artifact:2:203486,materialBase,bronze | gold
entity:artifact:2:203487,materialBase,rhinoceros horn
entity:artifact:2:203488,materialBase,rhinoceros horn
entity:artifact:2:203489,materialBase,rhinoceros horn
entity:artifact:2:203490,materialBase,rhinoceros horn
entity:artifact:2:203491,materialBase,rhinoceros horn
entity:artifact:2:203492,materialBase,rhinoceros horn
entity:artifact:2:203493,materialBase,rhinoceros horn
entity:artifact:2:203495,materialBase,earthenware | ceramic
entity:artifact:2:203496,materialBase,ceramic
entity:artifact:2:203498,materialBase,nephrite | wood
entity:artifact:2:203499,materialBase,nephrite | bronze | silver | gold
entity:artifact:2:203500,materialBase,bronze | silver | gold
entity:artifact:2:203522,materialBase,earthenware | metal
entity:artifact:2:203523,materialBase,stone
entity:artifact:2:203524,materialBase,stone | pigment
entity:artifact:2:203525,materialBase,bronze | wax
entity:artifact:2:203526,materialBase,bronze | wax
entity:artifact:2:203527,materialBase,bronze | gold
entity:artifact:2:203528,materialBase,bronze | gold
entity:artifact:2:203529,materialBase,earthenware
entity:artifact:2:203531,materialBase,bronze
entity:artifact:2:203535,materialBase,pigment | earthenware | metal
entity:artifact:2:203536,materialBase,porcelain | enamel
entity:artifact:2:203537,materialBase,porcelain
entity:artifact:2:203538,materialBase,porcelain
entity:artifact:2:203539,materialBase,porcelain
entity:artifact:2:203540,materialBase,porcelain
entity:artifact:2:203541,materialBase,porcelain
entity:artifact:2:203542,materialBase,porcelain
entity:artifact:2:203543,materialBase,porcelain | enamel | gold
entity:artifact:2:203544,materialBase,porcelain
entity:artifact:2:203545,materialBase,porcelain | enamel | gold
entity:artifact:2:203546,materialBase,porcelain | enamel
entity:artifact:2:203547,materialBase,porcelain | enamel
entity:artifact:2:203548,materialBase,porcelain | iron
entity:artifact:2:203549,materialBase,porcelain
entity:artifact:2:203560,materialBase,porcelain | ivory
entity:artifact:2:203561,materialBase,bronze
entity:artifact:2:203562,materialBase,metal
entity:artifact:2:203564,materialBase,rhinoceros horn
entity:artifact:2:203565,materialBase,bronze
entity:artifact:2:203566,materialBase,horn
entity:artifact:2:203567,materialBase,horn
entity:artifact:2:203568,materialBase,horn
entity:artifact:2:203581,materialBase,jadeite | stone | jade
entity:artifact:2:203582,materialBase,nephrite | jade
entity:artifact:2:203583,materialBase,porcelain
entity:artifact:2:203584,materialBase,rhinoceros horn
entity:artifact:2:203585,materialBase,rhinoceros horn
entity:artifact:2:203586,materialBase,rhinoceros horn
entity:artifact:2:203587,materialBase,horn
entity:artifact:2:203588,materialBase,rhinoceros horn
entity:artifact:2:203589,materialBase,rhinoceros horn
entity:artifact:2:203591,materialBase,rhinoceros horn
entity:artifact:2:203593,materialBase,earthenware | metal
entity:artifact:2:203595,materialBase,bronze
entity:artifact:2:203598,materialBase,lacquer
entity:artifact:2:203599,materialBase,earthenware | pigment | amber | metal
entity:artifact:2:203600,materialBase,nephrite | jade
entity:artifact:2:203601,materialBase,pigment | earthenware
entity:artifact:2:203602,materialBase,rhinoceros horn
entity:artifact:2:203603,materialBase,rhinoceros horn
entity:artifact:2:203604,materialBase,rhinoceros horn
entity:artifact:2:203605,materialBase,rhinoceros horn
entity:artifact:2:203607,materialBase,paper | ink | pigment
entity:artifact:2:203608,materialBase,nephrite
entity:artifact:2:203609,materialBase,nephrite
entity:artifact:2:203610,materialBase,rhinoceros horn
entity:artifact:2:203611,materialBase,rhinoceros horn
entity:artifact:2:203612,materialBase,rhinoceros horn
entity:artifact:2:203613,materialBase,silk | ink | pigment
entity:artifact:2:203615,materialBase,bronze | gold
entity:artifact:2:203616,materialBase,pigment | earthenware | metal
entity:artifact:2:203619,materialBase,pigment | earthenware
entity:artifact:2:203620,materialBase,pigment | earthenware
entity:artifact:2:203622,materialBase,ceramic
entity:artifact:2:203623,materialBase,porcelain | earthenware
entity:artifact:2:203629,materialBase,porcelain | gold
entity:artifact:2:203630,materialBase,paper | pigment | ink
entity:artifact:2:203631,materialBase,paper | pigment | ink
entity:artifact:2:203632,materialBase,pigment | earthenware | metal
entity:artifact:2:203633,materialBase,stone
entity:artifact:2:203634,materialBase,silk | pigment | ink
entity:artifact:2:203638,materialBase,nephrite
entity:artifact:2:203654,materialBase,horn
entity:artifact:2:203655,materialBase,horn
entity:artifact:2:203656,materialBase,horn
entity:artifact:2:203657,materialBase,rhinoceros horn
entity:artifact:2:203658,materialBase,horn
entity:artifact:2:203659,materialBase,rhinoceros horn
entity:artifact:2:203660,materialBase,rhinoceros horn
entity:artifact:2:203661,materialBase,rhinoceros horn
entity:artifact:2:203662,materialBase,rhinoceros horn
entity:artifact:2:203663,materialBase,horn
entity:artifact:2:203664,materialBase,horn
entity:artifact:2:203665,materialBase,rhinoceros horn
entity:artifact:2:203667,materialBase,porcelain
entity:artifact:2:203669,materialBase,paper | pigment | ink
entity:artifact:2:203670,materialBase,earthenware | metal
entity:artifact:2:203671,materialBase,porcelain | earthenware
entity:artifact:2:203672,materialBase,rhinoceros horn
entity:artifact:2:203673,materialBase,bronze
entity:artifact:2:203674,materialBase,stone | nephrite
entity:artifact:2:203675,materialBase,nephrite
entity:artifact:2:203676,materialBase,stone
entity:artifact:2:203677,materialBase,stone
entity:artifact:2:203678,materialBase,nephrite | pigment | bone
entity:artifact:2:203679,materialBase,stone
entity:artifact:2:203680,materialBase,nephrite
entity:artifact:2:203681,materialBase,nephrite
entity:artifact:2:203683,materialBase,nephrite
entity:artifact:2:203684,materialBase,bronze
entity:artifact:2:203685,materialBase,rhinoceros horn
entity:artifact:2:203686,materialBase,rhinoceros horn
entity:artifact:2:203687,materialBase,rhinoceros horn
entity:artifact:2:203688,materialBase,rhinoceros horn
entity:artifact:2:203689,materialBase,rhinoceros horn | stone
entity:artifact:2:203690,materialBase,rhinoceros horn
entity:artifact:2:203691,materialBase,rhinoceros horn
entity:artifact:2:203692,materialBase,bronze
entity:artifact:2:203693,materialBase,lacquer | pigment | bronze | gold
entity:artifact:2:203694,materialBase,silk | pigment | ink
entity:artifact:2:203695,materialBase,nephrite | pigment
entity:artifact:2:203696,materialBase,nephrite | pigment
entity:artifact:2:203698,materialBase,paper | pigment | ink
entity:artifact:2:203699,materialBase,paper | pigment | ink
entity:artifact:2:203700,materialBase,paper | pigment | ink
entity:artifact:2:203701,materialBase,metal
entity:artifact:2:203703,materialBase,pigment | earthenware
entity:artifact:2:203704,materialBase,pigment | earthenware | metal
entity:artifact:2:203705,materialBase,pigment | earthenware | metal
entity:artifact:2:203707,materialBase,silk | pigment | ink
entity:artifact:2:203714,materialBase,nephrite | pigment
entity:artifact:2:203716,materialBase,nephrite
entity:artifact:2:203717,materialBase,nephrite
entity:artifact:2:203718,materialBase,pigment | earthenware | metal
entity:artifact:2:203719,materialBase,lacquer
entity:artifact:2:203721,materialBase,ceramic
entity:artifact:2:203722,materialBase,ceramic
entity:artifact:2:203723,materialBase,ceramic
entity:artifact:2:203728,materialBase,earthenware | iron
entity:artifact:2:203729,materialBase,earthenware
entity:artifact:2:203730,materialBase,paper | ink
entity:artifact:2:203734,materialBase,stone
entity:artifact:2:203748,materialBase,pigment | earthenware
entity:artifact:2:203749,materialBase,pigment | earthenware
entity:artifact:2:203750,materialBase,pigment | earthenware | metal
entity:artifact:2:203753,materialBase,ceramic
entity:artifact:2:203754,materialBase,ceramic
entity:artifact:2:203757,materialBase,ceramic
entity:artifact:2:203758,materialBase,ceramic
entity:artifact:2:203759,materialBase,ceramic
entity:artifact:2:203760,materialBase,ceramic
entity:artifact:2:203761,materialBase,paper | ink
entity:artifact:2:203765,materialBase,ceramic
entity:artifact:2:203780,materialBase,earthenware
entity:artifact:2:203781,materialBase,earthenware
entity:artifact:2:203782,materialBase,earthenware
entity:artifact:2:203783,materialBase,bronze | gold
entity:artifact:2:203784,materialBase,bronze | silver | metal
entity:artifact:2:203785,materialBase,pigment | ivory
entity:artifact:2:203788,materialBase,bronze
entity:artifact:2:203789,materialBase,bronze
entity:artifact:2:203790,materialBase,silk | pigment | ink
entity:artifact:2:203792,materialBase,earthenware | iron
entity:artifact:2:203799,materialBase,earthenware | pigment | metal
entity:artifact:2:203800,materialBase,porcelain | enamel
entity:artifact:2:203801,materialBase,porcelain | copper
entity:artifact:2:203802,materialBase,porcelain | enamel | gold
entity:artifact:2:203803,materialBase,earthenware | metal
entity:artifact:2:203804,materialBase,porcelain | stone | enamel
entity:artifact:2:203805,materialBase,porcelain
entity:artifact:2:203806,materialBase,porcelain | enamel
entity:artifact:2:203807,materialBase,porcelain | enamel | iron
entity:artifact:2:203808,materialBase,porcelain | enamel
entity:artifact:2:203814,materialBase,porcelain | enamel
entity:artifact:2:203815,materialBase,porcelain | enamel
entity:artifact:2:203816,materialBase,porcelain | enamel
entity:artifact:2:203817,materialBase,porcelain | enamel
entity:artifact:2:203818,materialBase,porcelain | copper
entity:artifact:2:203819,materialBase,porcelain | copper
entity:artifact:2:203820,materialBase,porcelain | copper
entity:artifact:2:203821,materialBase,porcelain
entity:artifact:2:203822,materialBase,porcelain | pigment | copper
entity:artifact:2:203823,materialBase,earthenware
entity:artifact:2:203824,materialBase,earthenware | iron
entity:artifact:2:203825,materialBase,porcelain | enamel
entity:artifact:2:203829,materialBase,textile | silk | ink | pigment
entity:artifact:2:203831,materialBase,earthenware
entity:artifact:2:203832,materialBase,porcelain | enamel
entity:artifact:2:203833,materialBase,porcelain | copper
entity:artifact:2:203834,materialBase,porcelain
entity:artifact:2:203835,materialBase,porcelain | enamel | gold
entity:artifact:2:203836,materialBase,porcelain | enamel
entity:artifact:2:203837,materialBase,porcelain | enamel
entity:artifact:2:203838,materialBase,earthenware | enamel
entity:artifact:2:203839,materialBase,porcelain
entity:artifact:2:203840,materialBase,earthenware
entity:artifact:2:203842,materialBase,porcelain
entity:artifact:2:203843,materialBase,porcelain | stone
entity:artifact:2:203844,materialBase,porcelain
entity:artifact:2:203845,materialBase,porcelain
entity:artifact:2:203846,materialBase,porcelain
entity:artifact:2:203847,materialBase,porcelain
entity:artifact:2:203861,materialBase,wood
entity:artifact:2:203863,materialBase,silver
entity:artifact:2:203864,materialBase,earthenware | porcelain
entity:artifact:2:203865,materialBase,lacquer | wood
entity:artifact:2:203866,materialBase,bronze
entity:artifact:2:203867,materialBase,bronze
entity:artifact:2:203868,materialBase,earthenware | porcelain
entity:artifact:2:203870,materialBase,bronze
entity:artifact:2:203872,materialBase,porcelain
entity:artifact:2:203873,materialBase,bronze
entity:artifact:2:203875,materialBase,porcelain | copper | enamel
entity:artifact:2:203876,materialBase,porcelain | enamel
entity:artifact:2:203877,materialBase,porcelain | enamel
entity:artifact:2:203878,materialBase,porcelain | enamel
entity:artifact:2:203879,materialBase,porcelain | enamel
entity:artifact:2:203880,materialBase,porcelain | enamel
entity:artifact:2:203881,materialBase,porcelain | enamel
entity:artifact:2:203882,materialBase,porcelain | enamel
entity:artifact:2:203884,materialBase,porcelain
entity:artifact:2:203885,materialBase,porcelain
entity:artifact:2:203886,materialBase,porcelain
entity:artifact:2:203887,materialBase,porcelain
entity:artifact:2:203888,materialBase,porcelain
entity:artifact:2:203889,materialBase,porcelain
entity:artifact:2:203890,materialBase,porcelain
entity:artifact:2:203892,materialBase,bronze
entity:artifact:2:203893,materialBase,metal
entity:artifact:2:203894,materialBase,bronze
entity:artifact:2:203895,materialBase,rhinoceros horn
entity:artifact:2:203896,materialBase,rhinoceros horn
entity:artifact:2:203898,materialBase,lacquer
entity:artifact:2:203899,materialBase,horn
entity:artifact:2:203900,materialBase,horn
entity:artifact:2:203901,materialBase,horn
entity:artifact:2:203904,materialBase,rhinoceros horn
entity:artifact:2:203905,materialBase,rhinoceros horn | metal
entity:artifact:2:203906,materialBase,rhinoceros horn
entity:artifact:2:203907,materialBase,horn
entity:artifact:2:203908,materialBase,rhinoceros horn
entity:artifact:2:203909,materialBase,rhinoceros horn
entity:artifact:2:203910,materialBase,rhinoceros horn
entity:artifact:2:203911,materialBase,earthenware | porcelain
entity:artifact:2:203912,materialBase,earthenware | porcelain
entity:artifact:2:203913,materialBase,porcelain | earthenware
entity:artifact:2:203914,materialBase,porcelain | earthenware | stone
entity:artifact:2:203915,materialBase,earthenware | ivory
entity:artifact:2:203916,materialBase,porcelain | metal | iron
entity:artifact:2:203917,materialBase,porcelain | enamel | gold
entity:artifact:2:203918,materialBase,porcelain
entity:artifact:2:203919,materialBase,porcelain
entity:artifact:2:203920,materialBase,porcelain
entity:artifact:2:203921,materialBase,porcelain
entity:artifact:2:203922,materialBase,porcelain
entity:artifact:2:203926,materialBase,porcelain | ivory
entity:artifact:2:203927,materialBase,porcelain
entity:artifact:2:203928,materialBase,porcelain
entity:artifact:2:203929,materialBase,porcelain
entity:artifact:2:203942,materialBase,nephrite | stone | jade | bone
entity:artifact:2:203943,materialBase,rhinoceros horn
entity:artifact:2:203944,materialBase,bronze
entity:artifact:2:203945,materialBase,stone | bronze | copper
entity:artifact:2:203946,materialBase,bronze
entity:artifact:2:203947,materialBase,bronze
entity:artifact:2:203950,materialBase,earthenware
entity:artifact:2:203951,materialBase,stone
entity:artifact:2:203953,materialBase,porcelain
entity:artifact:2:203956,materialBase,porcelain
entity:artifact:2:203969,materialBase,earthenware | porcelain
entity:artifact:2:203971,materialBase,porcelain
entity:artifact:2:203973,materialBase,rhinoceros horn
entity:artifact:2:203974,materialBase,horn
entity:artifact:2:203975,materialBase,horn
entity:artifact:2:203977,materialBase,horn
entity:artifact:2:203978,materialBase,horn
entity:artifact:2:203979,materialBase,bronze
entity:artifact:2:203980,materialBase,bronze
entity:artifact:2:203981,materialBase,bronze | silver
entity:artifact:2:203982,materialBase,bronze
entity:artifact:2:203983,materialBase,bronze
entity:artifact:2:203984,materialBase,bronze | porcelain
entity:artifact:2:203985,materialBase,bronze
entity:artifact:2:203986,materialBase,bronze
entity:artifact:2:203987,materialBase,bronze
entity:artifact:2:203988,materialBase,bronze
entity:artifact:2:203989,materialBase,bronze
entity:artifact:2:203990,materialBase,bronze | gold
entity:artifact:2:203991,materialBase,bronze
entity:artifact:2:203992,materialBase,bronze
entity:artifact:2:203993,materialBase,stone
entity:artifact:2:203994,materialBase,bronze
entity:artifact:2:203995,materialBase,bronze
entity:artifact:2:203996,materialBase,stone
entity:artifact:2:203997,materialBase,stone
entity:artifact:2:203998,materialBase,stone
entity:artifact:2:203999,materialBase,stone
entity:artifact:2:204002,materialBase,earthenware
entity:artifact:2:204003,materialBase,stone
entity:artifact:2:204004,materialBase,bronze | gold
entity:artifact:2:204005,materialBase,bronze | gold
entity:artifact:2:204006,materialBase,bronze | gold
entity:artifact:2:204007,materialBase,bronze | gold
entity:artifact:2:204008,materialBase,bronze | gold
entity:artifact:2:204009,materialBase,bronze | silver
entity:artifact:2:204013,materialBase,bone
entity:artifact:2:204015,materialBase,earthenware | metal
entity:artifact:2:204016,materialBase,stone | bronze | gold
entity:artifact:2:204025,materialBase,stone
entity:artifact:2:204032,materialBase,earthenware
entity:artifact:2:204033,materialBase,pigment
entity:artifact:2:204034,materialBase,pigment | earthenware
entity:artifact:2:204035,materialBase,stone
entity:artifact:2:204036,materialBase,bronze
entity:artifact:2:204037,materialBase,pigment | earthenware
entity:artifact:2:204038,materialBase,earthenware | metal
entity:artifact:2:204040,materialBase,nephrite
entity:artifact:2:204041,materialBase,bronze | gold
entity:artifact:2:204042,materialBase,stone | pigment
entity:artifact:2:204043,materialBase,stone
entity:artifact:2:204044,materialBase,stone
entity:artifact:2:204045,materialBase,stone
entity:artifact:2:204046,materialBase,stone
entity:artifact:2:204047,materialBase,stone
entity:artifact:2:204049,materialBase,stone | pigment
entity:artifact:2:204050,materialBase,stone
entity:artifact:2:204051,materialBase,stone
entity:artifact:2:204052,materialBase,stone
entity:artifact:2:204066,materialBase,bronze
entity:artifact:2:204067,materialBase,bronze
entity:artifact:2:204068,materialBase,bronze
entity:artifact:2:204069,materialBase,stone
entity:artifact:2:204070,materialBase,bronze | gold
entity:artifact:2:204071,materialBase,bronze | gold
entity:artifact:2:204073,materialBase,bronze | glass | stone | gold
entity:artifact:2:204074,materialBase,bronze | gold
entity:artifact:2:204075,materialBase,bronze | gold
entity:artifact:2:204076,materialBase,bronze | gold
entity:artifact:2:204077,materialBase,bronze | gold
entity:artifact:2:204078,materialBase,bronze | gold
entity:artifact:2:204079,materialBase,earthenware | porcelain
entity:artifact:2:204080,materialBase,porcelain | enamel
entity:artifact:2:204081,materialBase,bronze | gold
entity:artifact:2:204082,materialBase,gold | silver
entity:artifact:2:204083,materialBase,gold | silver
entity:artifact:2:204084,materialBase,gold | silver
entity:artifact:2:204086,materialBase,bronze
entity:artifact:2:204087,materialBase,bronze
entity:artifact:2:204088,materialBase,bronze
entity:artifact:2:204089,materialBase,bronze | silver | gold
entity:artifact:2:204090,materialBase,bronze | nephrite | glass | jade
entity:artifact:2:204091,materialBase,bronze
entity:artifact:2:204092,materialBase,bronze
entity:artifact:2:204093,materialBase,bronze
entity:artifact:2:204094,materialBase,bronze
entity:artifact:2:204102,materialBase,bronze
entity:artifact:2:204103,materialBase,bronze
entity:artifact:2:204104,materialBase,paper | ink
entity:artifact:2:204107,materialBase,bronze
entity:artifact:2:204113,materialBase,metal
entity:artifact:2:204114,materialBase,metal
entity:artifact:2:204115,materialBase,lacquer | bronze | gold
entity:artifact:2:204116,materialBase,bronze
entity:artifact:2:204117,materialBase,bronze
entity:artifact:2:204118,materialBase,bronze
entity:artifact:2:204119,materialBase,iron
entity:artifact:2:204120,materialBase,stone | gold
entity:artifact:2:204121,materialBase,stone | pigment
entity:artifact:2:204122,materialBase,stone
entity:artifact:2:204124,materialBase,stone
entity:artifact:2:204125,materialBase,stone
entity:artifact:2:204126,materialBase,pigment | earthenware
entity:artifact:2:204127,materialBase,porcelain
entity:artifact:2:204130,materialBase,stone | bronze | gold
entity:artifact:2:204131,materialBase,bronze
entity:artifact:2:204132,materialBase,stone
entity:artifact:2:204133,materialBase,stone
entity:artifact:2:204134,materialBase,bronze
entity:artifact:2:204138,materialBase,stone
entity:artifact:2:204139,materialBase,stone
entity:artifact:2:204140,materialBase,stone
entity:artifact:2:204141,materialBase,stone
entity:artifact:2:204147,materialBase,porcelain | enamel
entity:artifact:2:204149,materialBase,porcelain
entity:artifact:2:204150,materialBase,ivory | pigment
entity:artifact:2:204151,materialBase,wood
entity:artifact:2:204152,materialBase,stone
entity:artifact:2:204153,materialBase,stone
entity:artifact:2:204154,materialBase,porcelain | earthenware | iron
entity:artifact:2:204155,materialBase,earthenware | metal
entity:artifact:2:204156,materialBase,porcelain | copper | wood
entity:artifact:2:204162,materialBase,bronze
entity:artifact:2:204163,materialBase,bronze
entity:artifact:2:204164,materialBase,bronze | metal
entity:artifact:2:204167,materialBase,bronze
entity:artifact:2:204168,materialBase,bronze
entity:artifact:2:204169,materialBase,bronze
entity:artifact:2:204175,materialBase,earthenware
entity:artifact:2:204176,materialBase,pigment | earthenware
entity:artifact:2:204177,materialBase,pigment
entity:artifact:2:204178,materialBase,pigment | earthenware
entity:artifact:2:204181,materialBase,ceramic
entity:artifact:2:204182,materialBase,ceramic
entity:artifact:2:204183,materialBase,ceramic
entity:artifact:2:204184,materialBase,ceramic
entity:artifact:2:204185,materialBase,ceramic
entity:artifact:2:204186,materialBase,earthenware | iron
entity:artifact:2:204196,materialBase,textile
entity:artifact:2:204197,materialBase,textile
entity:artifact:2:204198,materialBase,bronze
entity:artifact:2:204199,materialBase,bronze
entity:artifact:2:204200,materialBase,bronze
entity:artifact:2:204203,materialBase,ceramic
entity:artifact:2:204207,materialBase,pigment | earthenware
entity:artifact:2:204208,materialBase,pigment | earthenware
entity:artifact:2:204209,materialBase,ceramic
entity:artifact:2:204210,materialBase,ceramic
entity:artifact:2:204211,materialBase,bronze
entity:artifact:2:204212,materialBase,bronze
entity:artifact:2:204213,materialBase,bronze
entity:artifact:2:204214,materialBase,bronze
entity:artifact:2:204217,materialBase,textile
entity:artifact:2:204219,materialBase,textile
entity:artifact:2:204220,materialBase,textile
entity:artifact:2:204228,materialBase,earthenware | porcelain
entity:artifact:2:204232,materialBase,bronze
entity:artifact:2:204233,materialBase,bronze | gold
entity:artifact:2:204234,materialBase,bronze
entity:artifact:2:204235,materialBase,stone
entity:artifact:2:204236,materialBase,stone
entity:artifact:2:204237,materialBase,stone
entity:artifact:2:204238,materialBase,nephrite
entity:artifact:2:204239,materialBase,nephrite
entity:artifact:2:204240,materialBase,nephrite
entity:artifact:2:204242,materialBase,bronze
entity:artifact:2:204243,materialBase,bronze
entity:artifact:2:204244,materialBase,bronze | gold
entity:artifact:2:204245,materialBase,bronze | gold
entity:artifact:2:204246,materialBase,bronze | gold
entity:artifact:2:204247,materialBase,gold | silver
entity:artifact:2:204248,materialBase,stone
entity:artifact:2:204249,materialBase,stone
entity:artifact:2:204250,materialBase,stone
entity:artifact:2:204251,materialBase,stone
entity:artifact:2:204252,materialBase,bronze
entity:artifact:2:204253,materialBase,bronze
entity:artifact:2:204254,materialBase,bronze
entity:artifact:2:204255,materialBase,stone | bronze | silver | gold
entity:artifact:2:204258,materialBase,bronze | wood
entity:artifact:2:204259,materialBase,bronze
entity:artifact:2:204260,materialBase,bronze
entity:artifact:2:204261,materialBase,stone
entity:artifact:2:204262,materialBase,stone
entity:artifact:2:204265,materialBase,bronze | gold
entity:artifact:2:204266,materialBase,nephrite | pigment | bone
entity:artifact:2:204267,materialBase,nephrite | pigment
entity:artifact:2:204268,materialBase,nephrite | pigment
entity:artifact:2:204269,materialBase,bronze
entity:artifact:2:204270,materialBase,bronze
entity:artifact:2:204271,materialBase,bronze | shell | gold
entity:artifact:2:204272,materialBase,bronze
entity:artifact:2:204273,materialBase,bronze
entity:artifact:2:204274,materialBase,bronze
entity:artifact:2:204275,materialBase,bronze
entity:artifact:2:204276,materialBase,stone | bronze | silver
entity:artifact:2:204277,materialBase,pigment | bronze
entity:artifact:2:204278,materialBase,bronze | gold
entity:artifact:2:204279,materialBase,stone | bronze
entity:artifact:2:204280,materialBase,bronze
entity:artifact:2:204281,materialBase,bronze
entity:artifact:2:204282,materialBase,nephrite | glass | gold
entity:artifact:2:204283,materialBase,bronze | silver | gold
entity:artifact:2:204284,materialBase,paper | ink
entity:artifact:2:204285,materialBase,stone
entity:artifact:2:204286,materialBase,stone
entity:artifact:2:204287,materialBase,nephrite
entity:artifact:2:204288,materialBase,nephrite | pigment
entity:artifact:2:204289,materialBase,bronze | gold
entity:artifact:2:204290,materialBase,bronze | gold
entity:artifact:2:204292,materialBase,stone
entity:artifact:2:204293,materialBase,nephrite
entity:artifact:2:204294,materialBase,nephrite
entity:artifact:2:204295,materialBase,nephrite
entity:artifact:2:204296,materialBase,bronze | silver | glass | gold
entity:artifact:2:204297,materialBase,bronze | silver | glass | gold
entity:artifact:2:204298,materialBase,bronze | silver
entity:artifact:2:204299,materialBase,bronze | silver
entity:artifact:2:204300,materialBase,bronze | gold
entity:artifact:2:204301,materialBase,bronze | gold
entity:artifact:2:204302,materialBase,bronze | gold
entity:artifact:2:204303,materialBase,bronze
entity:artifact:2:204304,materialBase,bronze
entity:artifact:2:204305,materialBase,bronze
entity:artifact:2:204306,materialBase,bronze
entity:artifact:2:204307,materialBase,bronze
entity:artifact:2:204308,materialBase,bronze
entity:artifact:2:204309,materialBase,bronze
entity:artifact:2:204310,materialBase,stone | bronze
entity:artifact:2:204311,materialBase,bronze
entity:artifact:2:204312,materialBase,bronze
entity:artifact:2:204313,materialBase,bronze
entity:artifact:2:204314,materialBase,bronze
entity:artifact:2:204315,materialBase,bronze
entity:artifact:2:204316,materialBase,bronze | glass
entity:artifact:2:204317,materialBase,bronze
entity:artifact:2:204319,materialBase,stone | pigment
entity:artifact:2:204320,materialBase,stone | pigment
entity:artifact:2:204322,materialBase,bronze
entity:artifact:2:204324,materialBase,pigment | earthenware
entity:artifact:2:204325,materialBase,pigment | earthenware
entity:artifact:2:204326,materialBase,pigment | earthenware
entity:artifact:2:204327,materialBase,earthenware | amber | metal
entity:artifact:2:204328,materialBase,earthenware | amber | metal
entity:artifact:2:204343,materialBase,bronze
entity:artifact:2:204344,materialBase,bronze
entity:artifact:2:204345,materialBase,bronze
entity:artifact:2:204346,materialBase,bronze
entity:artifact:2:204347,materialBase,stone | bronze | copper
entity:artifact:2:204348,materialBase,bronze
entity:artifact:2:204349,materialBase,bronze
entity:artifact:2:204350,materialBase,bronze
entity:artifact:2:204351,materialBase,bronze
entity:artifact:2:204352,materialBase,stone
entity:artifact:2:204353,materialBase,stone | pigment
entity:artifact:2:204354,materialBase,stone | pigment
entity:artifact:2:204355,materialBase,stone | pigment
entity:artifact:2:204356,materialBase,bronze
entity:artifact:2:204357,materialBase,bronze
entity:artifact:2:204358,materialBase,bronze
entity:artifact:2:204359,materialBase,gold | bronze
entity:artifact:2:204360,materialBase,bronze
entity:artifact:2:204361,materialBase,bronze
entity:artifact:2:204362,materialBase,stone | bronze | silver | copper | gold
entity:artifact:2:204363,materialBase,stone
entity:artifact:2:204364,materialBase,stone | pigment
entity:artifact:2:204365,materialBase,stone | pigment
entity:artifact:2:204366,materialBase,bronze | copper
entity:artifact:2:204367,materialBase,bronze | gold
entity:artifact:2:204368,materialBase,bronze
entity:artifact:2:204374,materialBase,earthenware
entity:artifact:2:204375,materialBase,porcelain
entity:artifact:2:204376,materialBase,earthenware | lacquer | pigment | metal
entity:artifact:2:204377,materialBase,ceramic | metal | horn
entity:artifact:2:204378,materialBase,lacquer
entity:artifact:2:204379,materialBase,pigment | glass | metal
entity:artifact:2:204381,materialBase,bone
entity:artifact:2:204383,materialBase,metal
entity:artifact:2:204384,materialBase,pigment | earthenware
entity:artifact:2:204386,materialBase,stone | bronze
entity:artifact:2:204387,materialBase,bronze | gold
entity:artifact:2:204388,materialBase,bronze
entity:artifact:2:204389,materialBase,nephrite | silver | glass | gold
entity:artifact:2:204390,materialBase,bronze
entity:artifact:2:204392,materialBase,nephrite
entity:artifact:2:204393,materialBase,bronze
entity:artifact:2:204394,materialBase,bronze
entity:artifact:2:204395,materialBase,bronze | gold
entity:artifact:2:204396,materialBase,gold | silver
entity:artifact:2:204398,materialBase,gold | silver | stone
entity:artifact:2:204399,materialBase,bronze | gold
entity:artifact:2:204400,materialBase,bronze | gold
entity:artifact:2:204401,materialBase,bronze | gold
entity:artifact:2:204402,materialBase,porcelain | ivory
entity:artifact:2:204403,materialBase,porcelain
entity:artifact:2:204407,materialBase,earthenware
entity:artifact:2:204408,materialBase,porcelain
entity:artifact:2:204409,materialBase,earthenware
entity:artifact:2:204410,materialBase,bamboo
entity:artifact:2:204412,materialBase,bronze | enamel
entity:artifact:2:204413,materialBase,earthenware | amber | iron | metal
entity:artifact:2:204414,materialBase,bronze
entity:artifact:2:204415,materialBase,bronze | silver | gold
entity:artifact:2:204416,materialBase,nephrite | iron
entity:artifact:2:204417,materialBase,bronze | gold
entity:artifact:2:204418,materialBase,bronze | gold
entity:artifact:2:204421,materialBase,bronze | gold
entity:artifact:2:204422,materialBase,stone
entity:artifact:2:204423,materialBase,stone | pigment
entity:artifact:2:204424,materialBase,stone
entity:artifact:2:204425,materialBase,stone
entity:artifact:2:204426,materialBase,stone | pigment
entity:artifact:2:204427,materialBase,stone | pigment
entity:artifact:2:204429,materialBase,stone
entity:artifact:2:204430,materialBase,stone
entity:artifact:2:204431,materialBase,stone
entity:artifact:2:204432,materialBase,stone
entity:artifact:2:204434,materialBase,bronze | gold
entity:artifact:2:204435,materialBase,bronze | gold
entity:artifact:2:204436,materialBase,bronze | gold
entity:artifact:2:204440,materialBase,stone
entity:artifact:2:204441,materialBase,stone
entity:artifact:2:204442,materialBase,bronze
entity:artifact:2:204443,materialBase,bronze
entity:artifact:2:204444,materialBase,bronze
entity:artifact:2:204445,materialBase,stone | bronze
entity:artifact:2:204447,materialBase,bronze
entity:artifact:2:204448,materialBase,bronze
entity:artifact:2:204449,materialBase,bronze
entity:artifact:2:204450,materialBase,bronze | glass | gold
entity:artifact:2:204451,materialBase,bronze | glass | gold
entity:artifact:2:204452,materialBase,bronze | gold
entity:artifact:2:204455,materialBase,stone | bronze | shell | gold
entity:artifact:2:204457,materialBase,bronze
entity:artifact:2:204458,materialBase,pigment | stone
entity:artifact:2:204459,materialBase,gold | silver | stone
entity:artifact:2:204460,materialBase,gold | silver
entity:artifact:2:204461,materialBase,bronze | shell | gold
entity:artifact:2:204462,materialBase,bronze | shell | gold
entity:artifact:2:204463,materialBase,bronze
entity:artifact:2:204464,materialBase,bronze | gold
entity:artifact:2:204465,materialBase,bronze | silver
entity:artifact:2:204466,materialBase,bronze
entity:artifact:2:204467,materialBase,shell | amber
entity:artifact:2:204468,materialBase,stone
entity:artifact:2:204469,materialBase,stone | nephrite
entity:artifact:2:204470,materialBase,nephrite
entity:artifact:2:204471,materialBase,stone
entity:artifact:2:204473,materialBase,bronze | gold
entity:artifact:2:204474,materialBase,bronze
entity:artifact:2:204475,materialBase,bronze
entity:artifact:2:204476,materialBase,bronze
entity:artifact:2:204477,materialBase,nephrite
entity:artifact:2:204478,materialBase,bronze
entity:artifact:2:204479,materialBase,bronze
entity:artifact:2:204480,materialBase,pigment | jade | bone
entity:artifact:2:204481,materialBase,nephrite
entity:artifact:2:204482,materialBase,nephrite | pigment
entity:artifact:2:204483,materialBase,nephrite | pigment | bone
entity:artifact:2:204484,materialBase,nephrite | pigment | bone
entity:artifact:2:204485,materialBase,nephrite | pigment | bone
entity:artifact:2:204486,materialBase,stone
entity:artifact:2:204487,materialBase,nephrite
entity:artifact:2:204488,materialBase,nephrite | pigment
entity:artifact:2:204489,materialBase,nephrite
entity:artifact:2:204490,materialBase,nephrite
entity:artifact:2:204491,materialBase,nephrite | pigment | ivory
entity:artifact:2:204492,materialBase,porcelain
entity:artifact:2:204493,materialBase,porcelain
entity:artifact:2:204495,materialBase,stone
entity:artifact:2:204496,materialBase,porcelain | enamel
entity:artifact:2:204497,materialBase,porcelain
entity:artifact:2:204498,materialBase,stone
entity:artifact:2:204499,materialBase,pigment | ivory
entity:artifact:2:204501,materialBase,nephrite
entity:artifact:2:204502,materialBase,nephrite | jade
entity:artifact:2:204503,materialBase,nephrite | jade
entity:artifact:2:204504,materialBase,gold
entity:artifact:2:204506,materialBase,stone | bronze
entity:artifact:2:204507,materialBase,bronze
entity:artifact:2:204508,materialBase,porcelain
entity:artifact:2:204509,materialBase,porcelain | enamel
entity:artifact:2:204510,materialBase,porcelain
entity:artifact:2:204511,materialBase,porcelain
entity:artifact:2:204512,materialBase,nephrite
entity:artifact:2:204513,materialBase,nephrite
entity:artifact:2:204514,materialBase,porcelain | enamel | gold
entity:artifact:2:204515,materialBase,porcelain
entity:artifact:2:204517,materialBase,porcelain
entity:artifact:2:204521,materialBase,stone
entity:artifact:2:204522,materialBase,stone
entity:artifact:2:204523,materialBase,stone
entity:artifact:2:204524,materialBase,nephrite
entity:artifact:2:204525,materialBase,nephrite
entity:artifact:2:204526,materialBase,nephrite
entity:artifact:2:204527,materialBase,stone
entity:artifact:2:204528,materialBase,nephrite
entity:artifact:2:204529,materialBase,nephrite
entity:artifact:2:204530,materialBase,stone
entity:artifact:2:204531,materialBase,nephrite | pigment
entity:artifact:2:204532,materialBase,nephrite | pigment
entity:artifact:2:204533,materialBase,nephrite | porcelain
entity:artifact:2:204534,materialBase,nephrite
entity:artifact:2:204535,materialBase,nephrite
entity:artifact:2:204536,materialBase,nephrite
entity:artifact:2:204537,materialBase,stone
entity:artifact:2:204538,materialBase,pigment | jade
entity:artifact:2:204539,materialBase,pigment | stone
entity:artifact:2:204540,materialBase,nephrite | pigment
entity:artifact:2:204541,materialBase,nephrite | ivory | pigment
entity:artifact:2:204542,materialBase,pigment | stone
entity:artifact:2:204543,materialBase,nephrite
entity:artifact:2:204544,materialBase,nephrite
entity:artifact:2:204545,materialBase,nephrite
entity:artifact:2:204546,materialBase,stone
entity:artifact:2:204547,materialBase,nephrite | porcelain
entity:artifact:2:204548,materialBase,nephrite | pigment
entity:artifact:2:204549,materialBase,nephrite | pigment
entity:artifact:2:204550,materialBase,bronze | silver | jade
entity:artifact:2:204552,materialBase,nephrite
entity:artifact:2:204553,materialBase,nephrite | porcelain
entity:artifact:2:204554,materialBase,nephrite
entity:artifact:2:204555,materialBase,nephrite
entity:artifact:2:204557,materialBase,nephrite | pigment | bronze | bone
entity:artifact:2:204558,materialBase,nephrite | bronze
entity:artifact:2:204559,materialBase,stone | nephrite | pigment | bronze
entity:artifact:2:204560,materialBase,nephrite | bronze
entity:artifact:2:204561,materialBase,stone | nephrite | bronze
entity:artifact:2:204562,materialBase,stone | nephrite | bronze | gold
entity:artifact:2:204563,materialBase,stone | nephrite | pigment | bronze | bone
entity:artifact:2:204564,materialBase,nephrite | pigment | bronze | gold | bone
entity:artifact:2:204565,materialBase,bronze
entity:artifact:2:204566,materialBase,bronze
entity:artifact:2:204567,materialBase,bronze
entity:artifact:2:204568,materialBase,stone
entity:artifact:2:204569,materialBase,nephrite
entity:artifact:2:204570,materialBase,stone
entity:artifact:2:204571,materialBase,nephrite
entity:artifact:2:204572,materialBase,nephrite
entity:artifact:2:204573,materialBase,nephrite
entity:artifact:2:204574,materialBase,nephrite | pigment | ivory
entity:artifact:2:204575,materialBase,nephrite
entity:artifact:2:204576,materialBase,nephrite
entity:artifact:2:204577,materialBase,nephrite
entity:artifact:2:204578,materialBase,stone
entity:artifact:2:204579,materialBase,stone
entity:artifact:2:204580,materialBase,nephrite
entity:artifact:2:204581,materialBase,pigment | stone
entity:artifact:2:204582,materialBase,nephrite | gold
entity:artifact:2:204583,materialBase,nephrite
entity:artifact:2:204584,materialBase,nephrite
entity:artifact:2:204585,materialBase,nephrite
entity:artifact:2:204586,materialBase,pigment | stone | bone
entity:artifact:2:204587,materialBase,stone | nephrite | bronze
entity:artifact:2:204588,materialBase,stone | nephrite | bronze
entity:artifact:2:204589,materialBase,stone | nephrite | bronze
entity:artifact:2:204590,materialBase,nephrite | porcelain | bronze
entity:artifact:2:204591,materialBase,nephrite | bronze
entity:artifact:2:204592,materialBase,stone | nephrite | bronze
entity:artifact:2:204593,materialBase,stone | nephrite | bronze
entity:artifact:2:204594,materialBase,nephrite | pigment | bronze | bone
entity:artifact:2:204595,materialBase,stone | nephrite | bronze
entity:artifact:2:204596,materialBase,wood | bronze | gold
entity:artifact:2:204597,materialBase,stone | bronze
entity:artifact:2:204598,materialBase,stone | bronze
entity:artifact:2:204599,materialBase,nephrite
entity:artifact:2:204600,materialBase,nephrite
entity:artifact:2:204602,materialBase,glass
entity:artifact:2:204603,materialBase,nephrite
entity:artifact:2:204604,materialBase,nephrite
entity:artifact:2:204605,materialBase,stone
entity:artifact:2:204606,materialBase,stone
entity:artifact:2:204607,materialBase,jade
entity:artifact:2:204608,materialBase,nephrite
entity:artifact:2:204609,materialBase,nephrite | porcelain
entity:artifact:2:204610,materialBase,nephrite
entity:artifact:2:204611,materialBase,pigment | stone
entity:artifact:2:204612,materialBase,nephrite
entity:artifact:2:204613,materialBase,stone | nephrite | bronze
entity:artifact:2:204614,materialBase,nephrite | bronze
entity:artifact:2:204615,materialBase,nephrite | bronze
entity:artifact:2:204616,materialBase,stone | nephrite | bronze
entity:artifact:2:204617,materialBase,nephrite | bronze | gold
entity:artifact:2:204618,materialBase,stone | bronze
entity:artifact:2:204619,materialBase,stone | bronze
entity:artifact:2:204620,materialBase,stone | bronze
entity:artifact:2:204621,materialBase,stone | bronze
entity:artifact:2:204622,materialBase,bronze
entity:artifact:2:204623,materialBase,bronze
entity:artifact:2:204624,materialBase,bronze
entity:artifact:2:204625,materialBase,stone
entity:artifact:2:204626,materialBase,bronze | gold
entity:artifact:2:204627,materialBase,bronze | silver | gold
entity:artifact:2:204628,materialBase,stone
entity:artifact:2:204630,materialBase,nephrite
entity:artifact:2:204631,materialBase,nephrite | pigment
entity:artifact:2:204632,materialBase,nephrite
entity:artifact:2:204633,materialBase,bronze | silver
entity:artifact:2:204634,materialBase,bronze | silver
entity:artifact:2:204635,materialBase,bronze | gold
entity:artifact:2:204636,materialBase,bronze | silver | gold
entity:artifact:2:204637,materialBase,bronze | gold
entity:artifact:2:204638,materialBase,bronze | gold
entity:artifact:2:204639,materialBase,stone | bronze
entity:artifact:2:204640,materialBase,bronze
entity:artifact:2:204641,materialBase,bronze
entity:artifact:2:204642,materialBase,bronze
entity:artifact:2:204643,materialBase,nephrite
entity:artifact:2:204644,materialBase,stone
entity:artifact:2:204645,materialBase,nephrite
entity:artifact:2:204646,materialBase,bronze
entity:artifact:2:204647,materialBase,bronze | gold
entity:artifact:2:204648,materialBase,bronze | silver | gold
entity:artifact:2:204649,materialBase,bronze | silver | gold
entity:artifact:2:204650,materialBase,bronze | gold
entity:artifact:2:204651,materialBase,stone | bronze
entity:artifact:2:204652,materialBase,bronze | gold
entity:artifact:2:204653,materialBase,nephrite
entity:artifact:2:204654,materialBase,stone | bronze | textile
entity:artifact:2:204655,materialBase,stone | bronze
entity:artifact:2:204656,materialBase,bronze | gold
entity:artifact:2:204657,materialBase,stone | nephrite | bronze | gold
entity:artifact:2:204658,materialBase,glass | gold
entity:artifact:2:204659,materialBase,stone | bronze | gold
entity:artifact:2:204660,materialBase,stone | bronze | gold
entity:artifact:2:204661,materialBase,nephrite | glass | gold
entity:artifact:2:204662,materialBase,bronze | silver | glass | stone | gold | jade
entity:artifact:2:204663,materialBase,nephrite
entity:artifact:2:204664,materialBase,nephrite
entity:artifact:2:204665,materialBase,nephrite
entity:artifact:2:204666,materialBase,stone
entity:artifact:2:204668,materialBase,stone | nephrite | copper
entity:artifact:2:204669,materialBase,bronze
entity:artifact:2:204670,materialBase,bronze
entity:artifact:2:204671,materialBase,bronze
entity:artifact:2:204673,materialBase,bronze | silver | gold
entity:artifact:2:204674,materialBase,bronze | silver | gold
entity:artifact:2:204675,materialBase,stone | bronze
entity:artifact:2:204676,materialBase,iron
entity:artifact:2:204677,materialBase,bronze | shell | gold
entity:artifact:2:204678,materialBase,glass | gold
entity:artifact:2:204679,materialBase,bronze
entity:artifact:2:204680,materialBase,bronze
entity:artifact:2:204681,materialBase,nephrite | pigment
entity:artifact:2:204682,materialBase,nephrite | pigment
entity:artifact:2:204683,materialBase,nephrite | pigment
entity:artifact:2:204684,materialBase,nephrite | pigment
entity:artifact:2:204685,materialBase,nephrite
entity:artifact:2:204686,materialBase,nephrite
entity:artifact:2:204687,materialBase,nephrite
entity:artifact:2:204688,materialBase,porcelain | enamel
entity:artifact:2:204689,materialBase,porcelain
entity:artifact:2:204690,materialBase,porcelain | enamel | gold
entity:artifact:2:204691,materialBase,porcelain
entity:artifact:2:204692,materialBase,porcelain | enamel
entity:artifact:2:204693,materialBase,porcelain
entity:artifact:2:204694,materialBase,porcelain | enamel | gold
entity:artifact:2:204695,materialBase,nephrite
entity:artifact:2:204696,materialBase,porcelain | enamel
entity:artifact:2:204697,materialBase,porcelain | enamel
entity:artifact:2:204702,materialBase,stone
entity:artifact:2:204703,materialBase,nephrite | pigment
entity:artifact:2:204704,materialBase,nephrite
entity:artifact:2:204705,materialBase,nephrite
entity:artifact:2:204706,materialBase,nephrite
entity:artifact:2:204707,materialBase,nephrite | porcelain
entity:artifact:2:204708,materialBase,nephrite | porcelain
entity:artifact:2:204709,materialBase,nephrite
entity:artifact:2:204710,materialBase,nephrite
entity:artifact:2:204711,materialBase,stone
entity:artifact:2:204712,materialBase,nephrite | porcelain
entity:artifact:2:204714,materialBase,porcelain | enamel
entity:artifact:2:204715,materialBase,porcelain
entity:artifact:2:204716,materialBase,porcelain | enamel
entity:artifact:2:204717,materialBase,porcelain | enamel
entity:artifact:2:204718,materialBase,porcelain
entity:artifact:2:204719,materialBase,porcelain
entity:artifact:2:204720,materialBase,porcelain | enamel
entity:artifact:2:204721,materialBase,nephrite
entity:artifact:2:204722,materialBase,porcelain
entity:artifact:2:204723,materialBase,porcelain
entity:artifact:2:204724,materialBase,porcelain | pigment | gold
entity:artifact:2:204725,materialBase,porcelain
entity:artifact:2:204726,materialBase,nephrite
entity:artifact:2:204727,materialBase,nephrite
entity:artifact:2:204728,materialBase,nephrite
entity:artifact:2:204729,materialBase,nephrite
entity:artifact:2:204730,materialBase,nephrite
entity:artifact:2:204731,materialBase,nephrite
entity:artifact:2:204732,materialBase,nephrite
entity:artifact:2:204733,materialBase,pigment | stone | bone
entity:artifact:2:204734,materialBase,nephrite
entity:artifact:2:204735,materialBase,nephrite | iron
entity:artifact:2:204736,materialBase,nephrite | pigment
entity:artifact:2:204737,materialBase,stone
entity:artifact:2:204738,materialBase,nephrite | pigment
entity:artifact:2:204739,materialBase,nephrite | porcelain
entity:artifact:2:204740,materialBase,nephrite
entity:artifact:2:204741,materialBase,nephrite
entity:artifact:2:204742,materialBase,nephrite | pigment | bone
entity:artifact:2:204743,materialBase,nephrite
entity:artifact:2:204744,materialBase,nephrite
entity:artifact:2:204745,materialBase,nephrite
entity:artifact:2:204746,materialBase,nephrite
entity:artifact:2:204747,materialBase,nephrite
entity:artifact:2:204748,materialBase,nephrite
entity:artifact:2:204749,materialBase,nephrite
entity:artifact:2:204750,materialBase,pigment | stone | bone
entity:artifact:2:204751,materialBase,nephrite
entity:artifact:2:204752,materialBase,pigment | stone | bone
entity:artifact:2:204753,materialBase,pigment | stone | bone
entity:artifact:2:204754,materialBase,pigment | stone | bone
entity:artifact:2:204755,materialBase,pigment | stone | bone
entity:artifact:2:204756,materialBase,nephrite
entity:artifact:2:204757,materialBase,nephrite
entity:artifact:2:204758,materialBase,nephrite
entity:artifact:2:204759,materialBase,nephrite
entity:artifact:2:204760,materialBase,stone
entity:artifact:2:204761,materialBase,glass
entity:artifact:2:204762,materialBase,nephrite
entity:artifact:2:204763,materialBase,nephrite
entity:artifact:2:204764,materialBase,nephrite
entity:artifact:2:204765,materialBase,nephrite
entity:artifact:2:204766,materialBase,nephrite
entity:artifact:2:204767,materialBase,nephrite
entity:artifact:2:204768,materialBase,nephrite
entity:artifact:2:204769,materialBase,nephrite | pigment
entity:artifact:2:204770,materialBase,nephrite | pigment
entity:artifact:2:204771,materialBase,nephrite
entity:artifact:2:204772,materialBase,nephrite
entity:artifact:2:204773,materialBase,nephrite | pigment
entity:artifact:2:204774,materialBase,nephrite
entity:artifact:2:204775,materialBase,nephrite | iron
entity:artifact:2:204776,materialBase,stone
entity:artifact:2:204777,materialBase,nephrite | pigment
entity:artifact:2:204778,materialBase,nephrite
entity:artifact:2:204779,materialBase,nephrite
entity:artifact:2:204780,materialBase,nephrite | pigment
entity:artifact:2:204781,materialBase,nephrite
entity:artifact:2:204782,materialBase,nephrite
entity:artifact:2:204783,materialBase,nephrite
entity:artifact:2:204784,materialBase,nephrite | pigment | bone
entity:artifact:2:204785,materialBase,nephrite
entity:artifact:2:204786,materialBase,nephrite
entity:artifact:2:204787,materialBase,nephrite
entity:artifact:2:204788,materialBase,nephrite | pigment | bone
entity:artifact:2:204789,materialBase,nephrite
entity:artifact:2:204790,materialBase,nephrite
entity:artifact:2:204791,materialBase,stone | nephrite
entity:artifact:2:204792,materialBase,nephrite | pigment
entity:artifact:2:204793,materialBase,nephrite
entity:artifact:2:204794,materialBase,nephrite | pigment | bone
entity:artifact:2:204795,materialBase,nephrite
entity:artifact:2:204796,materialBase,nephrite
entity:artifact:2:204797,materialBase,nephrite
entity:artifact:2:204798,materialBase,nephrite
entity:artifact:2:204799,materialBase,nephrite
entity:artifact:2:204800,materialBase,porcelain | stone
entity:artifact:2:204801,materialBase,nephrite
entity:artifact:2:204802,materialBase,nephrite
entity:artifact:2:204803,materialBase,nephrite
entity:artifact:2:204804,materialBase,nephrite
entity:artifact:2:204805,materialBase,nephrite
entity:artifact:2:204806,materialBase,nephrite | pigment | bone
entity:artifact:2:204807,materialBase,nephrite
entity:artifact:2:204808,materialBase,stone
entity:artifact:2:204809,materialBase,nephrite
entity:artifact:2:204810,materialBase,nephrite | pigment
entity:artifact:2:204811,materialBase,nephrite
entity:artifact:2:204812,materialBase,nephrite
entity:artifact:2:204813,materialBase,nephrite
entity:artifact:2:204814,materialBase,nephrite | pigment | bone
entity:artifact:2:204815,materialBase,nephrite
entity:artifact:2:204816,materialBase,nephrite
entity:artifact:2:204817,materialBase,nephrite | pigment | bone
entity:artifact:2:204818,materialBase,nephrite | pigment
entity:artifact:2:204819,materialBase,glass
entity:artifact:2:204820,materialBase,pigment | stone | amber
entity:artifact:2:204821,materialBase,stone
entity:artifact:2:204822,materialBase,nephrite
entity:artifact:2:204823,materialBase,porcelain | stone
entity:artifact:2:204824,materialBase,nephrite
entity:artifact:2:204825,materialBase,stone
entity:artifact:2:204826,materialBase,nephrite | ivory | pigment
entity:artifact:2:204827,materialBase,nephrite
entity:artifact:2:204828,materialBase,nephrite | pigment | bone
entity:artifact:2:204829,materialBase,nephrite
entity:artifact:2:204830,materialBase,nephrite | porcelain | pigment
entity:artifact:2:204831,materialBase,pigment | jade
entity:artifact:2:204832,materialBase,nephrite | pigment
entity:artifact:2:204833,materialBase,nephrite
entity:artifact:2:204834,materialBase,nephrite
entity:artifact:2:204835,materialBase,pigment | stone
entity:artifact:2:204836,materialBase,nephrite | pigment
entity:artifact:2:204837,materialBase,nephrite
entity:artifact:2:204838,materialBase,stone
entity:artifact:2:204839,materialBase,nephrite
entity:artifact:2:204840,materialBase,nephrite
entity:artifact:2:204841,materialBase,nephrite
entity:artifact:2:204842,materialBase,nephrite
entity:artifact:2:204843,materialBase,stone
entity:artifact:2:204844,materialBase,nephrite | pigment | bone
entity:artifact:2:204845,materialBase,stone
entity:artifact:2:204846,materialBase,stone
entity:artifact:2:204848,materialBase,nephrite
entity:artifact:2:204849,materialBase,nephrite
entity:artifact:2:204850,materialBase,nephrite
entity:artifact:2:204851,materialBase,pigment
entity:artifact:2:204852,materialBase,nephrite
entity:artifact:2:204853,materialBase,nephrite
entity:artifact:2:204854,materialBase,nephrite | pigment | shell
entity:artifact:2:204855,materialBase,stone
entity:artifact:2:204856,materialBase,nephrite
entity:artifact:2:204857,materialBase,nephrite | pigment
entity:artifact:2:204858,materialBase,nephrite | porcelain | pigment
entity:artifact:2:204859,materialBase,nephrite | pigment
entity:artifact:2:204860,materialBase,nephrite | porcelain | pigment | bone
entity:artifact:2:204861,materialBase,nephrite | pigment
entity:artifact:2:204862,materialBase,nephrite
entity:artifact:2:204863,materialBase,nephrite
entity:artifact:2:204864,materialBase,glass
entity:artifact:2:204865,materialBase,nephrite | porcelain | pigment
entity:artifact:2:204866,materialBase,nephrite
entity:artifact:2:204867,materialBase,nephrite
entity:artifact:2:204868,materialBase,nephrite
entity:artifact:2:204869,materialBase,nephrite
entity:artifact:2:204870,materialBase,nephrite
entity:artifact:2:204872,materialBase,nephrite
entity:artifact:2:204873,materialBase,nephrite
entity:artifact:2:204874,materialBase,nephrite
entity:artifact:2:204875,materialBase,nephrite
entity:artifact:2:204876,materialBase,nephrite
entity:artifact:2:204879,materialBase,stone
entity:artifact:2:204880,materialBase,nephrite
entity:artifact:2:204881,materialBase,nephrite
entity:artifact:2:204882,materialBase,nephrite
entity:artifact:2:204883,materialBase,nephrite
entity:artifact:2:204884,materialBase,nephrite | gold
entity:artifact:2:204885,materialBase,nephrite
entity:artifact:2:204886,materialBase,nephrite
entity:artifact:2:204887,materialBase,nephrite
entity:artifact:2:204888,materialBase,nephrite
entity:artifact:2:204889,materialBase,nephrite | porcelain
entity:artifact:2:204890,materialBase,nephrite | pigment | bone
entity:artifact:2:204891,materialBase,stone
entity:artifact:2:204893,materialBase,nephrite | pigment | ivory
entity:artifact:2:204894,materialBase,nephrite | porcelain
entity:artifact:2:204895,materialBase,nephrite | pigment
entity:artifact:2:204896,materialBase,nephrite
entity:artifact:2:204897,materialBase,pigment | ivory | stone
entity:artifact:2:204898,materialBase,nephrite
entity:artifact:2:204899,materialBase,nephrite
entity:artifact:2:204900,materialBase,nephrite
entity:artifact:2:204901,materialBase,nephrite
entity:artifact:2:204902,materialBase,nephrite
entity:artifact:2:204903,materialBase,nephrite
entity:artifact:2:204904,materialBase,nephrite
entity:artifact:2:204905,materialBase,nephrite
entity:artifact:2:204906,materialBase,nephrite
entity:artifact:2:204907,materialBase,nephrite | pigment
entity:artifact:2:204908,materialBase,nephrite
entity:artifact:2:204909,materialBase,nephrite | pigment | bone
entity:artifact:2:204910,materialBase,nephrite
entity:artifact:2:204911,materialBase,nephrite
entity:artifact:2:204912,materialBase,jade
entity:artifact:2:204913,materialBase,nephrite
entity:artifact:2:204914,materialBase,nephrite
entity:artifact:2:204915,materialBase,nephrite
entity:artifact:2:204916,materialBase,nephrite
entity:artifact:2:204917,materialBase,nephrite
entity:artifact:2:204919,materialBase,nephrite | pigment
entity:artifact:2:204920,materialBase,nephrite
entity:artifact:2:204921,materialBase,nephrite
entity:artifact:2:204922,materialBase,stone
entity:artifact:2:204923,materialBase,nephrite
entity:artifact:2:204924,materialBase,nephrite
entity:artifact:2:204925,materialBase,nephrite | pigment | ivory
entity:artifact:2:204926,materialBase,pigment | stone
entity:artifact:2:204927,materialBase,stone
entity:artifact:2:204928,materialBase,stone
entity:artifact:2:204929,materialBase,nephrite
entity:artifact:2:204930,materialBase,nephrite
entity:artifact:2:204931,materialBase,nephrite | pigment
entity:artifact:2:204932,materialBase,porcelain | enamel
entity:artifact:2:204933,materialBase,nephrite
entity:artifact:2:204934,materialBase,nephrite
entity:artifact:2:204935,materialBase,nephrite
entity:artifact:2:204936,materialBase,nephrite | pigment
entity:artifact:2:204937,materialBase,nephrite
entity:artifact:2:204938,materialBase,stone
entity:artifact:2:204939,materialBase,nephrite
entity:artifact:2:204940,materialBase,nephrite
entity:artifact:2:204941,materialBase,nephrite
entity:artifact:2:204942,materialBase,stone
entity:artifact:2:204943,materialBase,nephrite
entity:artifact:2:204944,materialBase,nephrite
entity:artifact:2:204945,materialBase,nephrite
entity:artifact:2:204946,materialBase,nephrite
entity:artifact:2:204947,materialBase,nephrite | pigment | bone
entity:artifact:2:204948,materialBase,nephrite
entity:artifact:2:204949,materialBase,nephrite
entity:artifact:2:204950,materialBase,stone | gold
entity:artifact:2:204951,materialBase,nephrite
entity:artifact:2:204952,materialBase,pigment | porcelain | stone
entity:artifact:2:204953,materialBase,nephrite
entity:artifact:2:204955,materialBase,pigment | stone
entity:artifact:2:204956,materialBase,jade
entity:artifact:2:204957,materialBase,nephrite
entity:artifact:2:204958,materialBase,stone
entity:artifact:2:204959,materialBase,nephrite
entity:artifact:2:204960,materialBase,nephrite
entity:artifact:2:204961,materialBase,nephrite
entity:artifact:2:204962,materialBase,stone
entity:artifact:2:204963,materialBase,stone
entity:artifact:2:204964,materialBase,nephrite
entity:artifact:2:204965,materialBase,nephrite
entity:artifact:2:204966,materialBase,nephrite
entity:artifact:2:204967,materialBase,nephrite
entity:artifact:2:204968,materialBase,nephrite | pigment
entity:artifact:2:204969,materialBase,nephrite | pigment | porcelain
entity:artifact:2:204970,materialBase,nephrite
entity:artifact:2:204971,materialBase,nephrite
entity:artifact:2:204972,materialBase,nephrite
entity:artifact:2:204973,materialBase,nephrite | pigment
entity:artifact:2:204974,materialBase,stone
entity:artifact:2:204975,materialBase,pigment | jade
entity:artifact:2:204976,materialBase,nephrite
entity:artifact:2:204977,materialBase,nephrite | pigment | ivory
entity:artifact:2:204978,materialBase,nephrite
entity:artifact:2:204979,materialBase,pigment | ivory | jade
entity:artifact:2:204980,materialBase,porcelain | stone
entity:artifact:2:204981,materialBase,nephrite
entity:artifact:2:204982,materialBase,nephrite | pigment
entity:artifact:2:204983,materialBase,nephrite | pigment
entity:artifact:2:204984,materialBase,nephrite | pigment
entity:artifact:2:204985,materialBase,nephrite | porcelain
entity:artifact:2:204986,materialBase,nephrite | pigment
entity:artifact:2:204987,materialBase,nephrite
entity:artifact:2:204988,materialBase,nephrite
entity:artifact:2:204989,materialBase,nephrite | pigment
entity:artifact:2:204990,materialBase,nephrite
entity:artifact:2:204991,materialBase,stone
entity:artifact:2:204992,materialBase,nephrite
entity:artifact:2:204993,materialBase,nephrite
entity:artifact:2:204994,materialBase,nephrite
entity:artifact:2:204995,materialBase,nephrite
entity:artifact:2:204996,materialBase,nephrite
entity:artifact:2:204997,materialBase,stone
entity:artifact:2:204998,materialBase,stone
entity:artifact:2:204999,materialBase,stone
entity:artifact:2:205000,materialBase,pigment | stone | bone
entity:artifact:2:205001,materialBase,pigment | stone | bone
entity:artifact:2:205002,materialBase,pigment | stone | bone
entity:artifact:2:205003,materialBase,pigment | stone | bone
entity:artifact:2:205004,materialBase,nephrite | pigment
entity:artifact:2:205005,materialBase,nephrite
entity:artifact:2:205006,materialBase,nephrite
entity:artifact:2:205007,materialBase,nephrite
entity:artifact:2:205008,materialBase,nephrite
entity:artifact:2:205009,materialBase,nephrite
entity:artifact:2:205010,materialBase,nephrite
entity:artifact:2:205011,materialBase,nephrite
entity:artifact:2:205012,materialBase,nephrite
entity:artifact:2:205013,materialBase,nephrite | pigment | bone
entity:artifact:2:205014,materialBase,nephrite
entity:artifact:2:205015,materialBase,nephrite | pigment
entity:artifact:2:205016,materialBase,nephrite | stone
entity:artifact:2:205017,materialBase,nephrite | pigment
entity:artifact:2:205018,materialBase,nephrite | pigment
entity:artifact:2:205019,materialBase,nephrite | pigment
entity:artifact:2:205020,materialBase,nephrite | pigment
entity:artifact:2:205021,materialBase,nephrite
entity:artifact:2:205022,materialBase,nephrite
entity:artifact:2:205023,materialBase,stone
entity:artifact:2:205024,materialBase,nephrite
entity:artifact:2:205025,materialBase,nephrite
entity:artifact:2:205026,materialBase,nephrite
entity:artifact:2:205027,materialBase,nephrite | pigment
entity:artifact:2:205028,materialBase,nephrite
entity:artifact:2:205029,materialBase,nephrite
entity:artifact:2:205030,materialBase,nephrite
entity:artifact:2:205031,materialBase,nephrite
entity:artifact:2:205032,materialBase,nephrite
entity:artifact:2:205033,materialBase,nephrite | pigment
entity:artifact:2:205034,materialBase,nephrite
entity:artifact:2:205035,materialBase,nephrite
entity:artifact:2:205036,materialBase,nephrite
entity:artifact:2:205037,materialBase,nephrite
entity:artifact:2:205038,materialBase,jade
entity:artifact:2:205039,materialBase,pigment | stone | bone
entity:artifact:2:205040,materialBase,pigment | stone | bone
entity:artifact:2:205041,materialBase,pigment | stone | bone
entity:artifact:2:205042,materialBase,nephrite
entity:artifact:2:205044,materialBase,nephrite
entity:artifact:2:205045,materialBase,nephrite
entity:artifact:2:205046,materialBase,nephrite
entity:artifact:2:205047,materialBase,nephrite
entity:artifact:2:205048,materialBase,nephrite
entity:artifact:2:205049,materialBase,nephrite
entity:artifact:2:205050,materialBase,nephrite | pigment
entity:artifact:2:205051,materialBase,nephrite
entity:artifact:2:205052,materialBase,nephrite
entity:artifact:2:205053,materialBase,nephrite | stone
entity:artifact:2:205054,materialBase,nephrite
entity:artifact:2:205055,materialBase,nephrite
entity:artifact:2:205057,materialBase,nephrite
entity:artifact:2:205058,materialBase,nephrite | pigment
entity:artifact:2:205059,materialBase,nephrite
entity:artifact:2:205060,materialBase,nephrite
entity:artifact:2:205061,materialBase,nephrite
entity:artifact:2:205062,materialBase,nephrite
entity:artifact:2:205063,materialBase,nephrite
entity:artifact:2:205064,materialBase,nephrite | pigment
entity:artifact:2:205065,materialBase,nephrite
entity:artifact:2:205066,materialBase,nephrite
entity:artifact:2:205067,materialBase,nephrite
entity:artifact:2:205068,materialBase,nephrite | pigment
entity:artifact:2:205069,materialBase,stone
entity:artifact:2:205070,materialBase,stone
entity:artifact:2:205071,materialBase,nephrite
entity:artifact:2:205073,materialBase,earthenware | iron
entity:artifact:2:205074,materialBase,paper | pigment | ink
entity:artifact:2:205075,materialBase,paper | pigment | ink
entity:artifact:2:205076,materialBase,porcelain
entity:artifact:2:205077,materialBase,stone
entity:artifact:2:205078,materialBase,earthenware
entity:artifact:2:205082,materialBase,stone
entity:artifact:2:205085,materialBase,earthenware | iron
entity:artifact:2:205086,materialBase,nephrite
entity:artifact:2:205087,materialBase,ivory
entity:artifact:2:205088,materialBase,nephrite
entity:artifact:2:205090,materialBase,paper | pigment | ink
entity:artifact:2:205091,materialBase,paper | pigment | ink
entity:artifact:2:205094,materialBase,nephrite
entity:artifact:2:205095,materialBase,earthenware | iron
entity:artifact:2:205096,materialBase,nephrite
entity:artifact:2:205098,materialBase,nephrite
entity:artifact:2:205099,materialBase,nephrite
entity:artifact:2:205100,materialBase,nephrite
entity:artifact:2:205102,materialBase,jadeite
entity:artifact:2:205105,materialBase,earthenware | porcelain
entity:artifact:2:205107,materialBase,ceramic
entity:artifact:2:205108,materialBase,ceramic
entity:artifact:2:205109,materialBase,ceramic
entity:artifact:2:205110,materialBase,ceramic
entity:artifact:2:205111,materialBase,ceramic
entity:artifact:2:205112,materialBase,ceramic
entity:artifact:2:205113,materialBase,earthenware | porcelain
entity:artifact:2:205114,materialBase,earthenware | porcelain
entity:artifact:2:205115,materialBase,pigment | nephrite | copper | gold
entity:artifact:2:205120,materialBase,earthenware
entity:artifact:2:205121,materialBase,earthenware
entity:artifact:2:205122,materialBase,ceramic
entity:artifact:2:205123,materialBase,ceramic
entity:artifact:2:205124,materialBase,ceramic
entity:artifact:2:205125,materialBase,ceramic
entity:artifact:2:205126,materialBase,ceramic
entity:artifact:2:205127,materialBase,earthenware | porcelain
entity:artifact:2:205128,materialBase,ceramic
entity:artifact:2:205129,materialBase,ceramic
entity:artifact:2:205133,materialBase,earthenware | iron
entity:artifact:2:205134,materialBase,nephrite
entity:artifact:2:205135,materialBase,nephrite
entity:artifact:2:205136,materialBase,nephrite
entity:artifact:2:205137,materialBase,nephrite
entity:artifact:2:205138,materialBase,stone
entity:artifact:2:205139,materialBase,nephrite
entity:artifact:2:205140,materialBase,nephrite
entity:artifact:2:205141,materialBase,nephrite | pigment
entity:artifact:2:205142,materialBase,stone
entity:artifact:2:205143,materialBase,nephrite
entity:artifact:2:205144,materialBase,nephrite | gold
entity:artifact:2:205145,materialBase,ceramic
entity:artifact:2:205146,materialBase,ceramic
entity:artifact:2:205147,materialBase,earthenware | porcelain
entity:artifact:2:205148,materialBase,ceramic
entity:artifact:2:205149,materialBase,ceramic
entity:artifact:2:205150,materialBase,ceramic
entity:artifact:2:205155,materialBase,nephrite | pigment
entity:artifact:2:205156,materialBase,earthenware | pigment | metal
entity:artifact:2:205157,materialBase,earthenware | ivory
entity:artifact:2:205158,materialBase,earthenware | iron
entity:artifact:2:205159,materialBase,nephrite
entity:artifact:2:205160,materialBase,porcelain
entity:artifact:2:205161,materialBase,porcelain | enamel
entity:artifact:2:205162,materialBase,nephrite
entity:artifact:2:205163,materialBase,nephrite | pigment
entity:artifact:2:205164,materialBase,nephrite
entity:artifact:2:205165,materialBase,nephrite | pigment | ivory
entity:artifact:2:205166,materialBase,nephrite
entity:artifact:2:205167,materialBase,nephrite
entity:artifact:2:205168,materialBase,nephrite
entity:artifact:2:205169,materialBase,nephrite
entity:artifact:2:205170,materialBase,nephrite | pigment
entity:artifact:2:205171,materialBase,nephrite | pigment
entity:artifact:2:205172,materialBase,nephrite
entity:artifact:2:205173,materialBase,ceramic
entity:artifact:2:205182,materialBase,earthenware | pigment | metal
entity:artifact:2:205183,materialBase,earthenware | metal
entity:artifact:2:205184,materialBase,porcelain | earthenware | metal
entity:artifact:2:205185,materialBase,ink | porcelain | earthenware | metal
entity:artifact:2:205186,materialBase,earthenware | iron
entity:artifact:2:205187,materialBase,earthenware | iron
entity:artifact:2:205189,materialBase,earthenware | iron
entity:artifact:2:205190,materialBase,nephrite
entity:artifact:2:205191,materialBase,nephrite
entity:artifact:2:205192,materialBase,nephrite
entity:artifact:2:205193,materialBase,stone | wood
entity:artifact:2:205194,materialBase,nephrite | pigment
entity:artifact:2:205195,materialBase,nephrite | pigment
entity:artifact:2:205196,materialBase,nephrite
entity:artifact:2:205197,materialBase,nephrite | pigment | bone
entity:artifact:2:205198,materialBase,nephrite
entity:artifact:2:205199,materialBase,nephrite
entity:artifact:2:205200,materialBase,stone
entity:artifact:2:205201,materialBase,nephrite
entity:artifact:2:205202,materialBase,jadeite
entity:artifact:2:205203,materialBase,pigment | earthenware | amber | metal
entity:artifact:2:205204,materialBase,pigment | earthenware | amber | metal
entity:artifact:2:205205,materialBase,metal | earthenware | pigment
entity:artifact:2:205211,materialBase,ceramic
entity:artifact:2:205212,materialBase,ceramic
entity:artifact:2:205213,materialBase,ceramic
entity:artifact:2:205214,materialBase,ceramic
entity:artifact:2:205215,materialBase,ceramic
entity:artifact:2:205217,materialBase,ceramic
entity:artifact:2:205218,materialBase,ceramic
entity:artifact:2:205219,materialBase,ceramic
entity:artifact:2:205221,materialBase,stone
entity:artifact:2:205222,materialBase,nephrite
entity:artifact:2:205223,materialBase,nephrite
entity:artifact:2:205224,materialBase,nephrite | pigment
entity:artifact:2:205226,materialBase,nephrite
entity:artifact:2:205227,materialBase,stone
entity:artifact:2:205228,materialBase,nephrite
entity:artifact:2:205229,materialBase,nephrite | pigment | ivory
entity:artifact:2:205230,materialBase,stone
entity:artifact:2:205231,materialBase,nephrite | gold
entity:artifact:2:205232,materialBase,ceramic
entity:artifact:2:205233,materialBase,ceramic
entity:artifact:2:205234,materialBase,ceramic
entity:artifact:2:205235,materialBase,earthenware
entity:artifact:2:205238,materialBase,earthenware | pigment | metal
entity:artifact:2:205239,materialBase,earthenware | metal
entity:artifact:2:205241,materialBase,earthenware | ivory
entity:artifact:2:205242,materialBase,earthenware | ivory
entity:artifact:2:205245,materialBase,nephrite
entity:artifact:2:205246,materialBase,porcelain | gold
entity:artifact:2:205247,materialBase,porcelain
entity:artifact:2:205248,materialBase,porcelain
entity:artifact:2:205249,materialBase,stone
entity:artifact:2:205250,materialBase,nephrite
entity:artifact:2:205251,materialBase,nephrite
entity:artifact:2:205252,materialBase,nephrite
entity:artifact:2:205253,materialBase,nephrite
entity:artifact:2:205254,materialBase,nephrite
entity:artifact:2:205256,materialBase,nephrite
entity:artifact:2:205257,materialBase,nephrite
entity:artifact:2:205258,materialBase,nephrite
entity:artifact:2:205259,materialBase,nephrite | pigment | bone
entity:artifact:2:205260,materialBase,nephrite
entity:artifact:2:205261,materialBase,stone
entity:artifact:2:205262,materialBase,nephrite
entity:artifact:2:205263,materialBase,nephrite
entity:artifact:2:205264,materialBase,stone
entity:artifact:2:205265,materialBase,stone
entity:artifact:2:205266,materialBase,stone
entity:artifact:2:205267,materialBase,nephrite
entity:artifact:2:205268,materialBase,nephrite
entity:artifact:2:205269,materialBase,nephrite | pigment | ivory
entity:artifact:2:205270,materialBase,nephrite | pigment | ivory
entity:artifact:2:205271,materialBase,nephrite
entity:artifact:2:205272,materialBase,stone
entity:artifact:2:205273,materialBase,nephrite
entity:artifact:2:205274,materialBase,earthenware | nephrite | pigment
entity:artifact:2:205275,materialBase,nephrite
entity:artifact:2:205276,materialBase,pigment | stone
entity:artifact:2:205277,materialBase,stone
entity:artifact:2:205278,materialBase,stone
entity:artifact:2:205279,materialBase,stone
entity:artifact:2:205280,materialBase,jade
entity:artifact:2:205281,materialBase,nephrite
entity:artifact:2:205282,materialBase,jade
entity:artifact:2:205283,materialBase,nephrite
entity:artifact:2:205284,materialBase,nephrite
entity:artifact:2:205285,materialBase,nephrite | pigment
entity:artifact:2:205286,materialBase,nephrite
entity:artifact:2:205287,materialBase,nephrite | pigment | ivory
entity:artifact:2:205288,materialBase,stone
entity:artifact:2:205289,materialBase,nephrite
entity:artifact:2:205290,materialBase,porcelain
entity:artifact:2:205291,materialBase,nephrite | bone
entity:artifact:2:205292,materialBase,nephrite | ivory
entity:artifact:2:205293,materialBase,nephrite
entity:artifact:2:205294,materialBase,nephrite
entity:artifact:2:205295,materialBase,pigment | jade | bone
entity:artifact:2:205296,materialBase,nephrite | pigment | ivory
entity:artifact:2:205297,materialBase,nephrite | pigment
entity:artifact:2:205298,materialBase,nephrite
entity:artifact:2:205299,materialBase,stone
entity:artifact:2:205300,materialBase,stone
entity:artifact:2:205301,materialBase,nephrite
entity:artifact:2:205302,materialBase,stone
entity:artifact:2:205303,materialBase,nephrite
entity:artifact:2:205305,materialBase,stone
entity:artifact:2:205306,materialBase,plaster
entity:artifact:2:205307,materialBase,stone
entity:artifact:2:205309,materialBase,stone
entity:artifact:2:205310,materialBase,stone
entity:artifact:2:205311,materialBase,stone
entity:artifact:2:205312,materialBase,stone
entity:artifact:2:205313,materialBase,stone
entity:artifact:2:205322,materialBase,stone
entity:artifact:2:205323,materialBase,stone
entity:artifact:2:205324,materialBase,stone
entity:artifact:2:205325,materialBase,stone
entity:artifact:2:205329,materialBase,earthenware | porcelain | metal
entity:artifact:2:205330,materialBase,earthenware | porcelain
entity:artifact:2:205331,materialBase,earthenware | porcelain
entity:artifact:2:205332,materialBase,earthenware | porcelain | copper
entity:artifact:2:205333,materialBase,earthenware | porcelain | copper
entity:artifact:2:205334,materialBase,earthenware | porcelain
entity:artifact:2:205336,materialBase,nephrite
entity:artifact:2:205338,materialBase,earthenware | iron
entity:artifact:2:205339,materialBase,earthenware | iron
entity:artifact:2:205340,materialBase,earthenware | iron
entity:artifact:2:205341,materialBase,earthenware | porcelain
entity:artifact:2:205342,materialBase,earthenware | porcelain
entity:artifact:2:205343,materialBase,earthenware | porcelain
entity:artifact:2:205344,materialBase,earthenware | porcelain
entity:artifact:2:205345,materialBase,earthenware | porcelain
entity:artifact:2:205346,materialBase,earthenware | porcelain
entity:artifact:2:205347,materialBase,earthenware | porcelain
entity:artifact:2:205348,materialBase,earthenware | porcelain
entity:artifact:2:205349,materialBase,nephrite | wood
entity:artifact:2:205350,materialBase,earthenware | porcelain | metal
entity:artifact:2:205352,materialBase,earthenware | porcelain
entity:artifact:2:205353,materialBase,earthenware | porcelain
entity:artifact:2:205354,materialBase,earthenware | porcelain
entity:artifact:2:205355,materialBase,earthenware | stone | porcelain | metal
entity:artifact:2:205357,materialBase,earthenware | porcelain | copper
entity:artifact:2:205358,materialBase,earthenware | porcelain | copper
entity:artifact:2:205359,materialBase,earthenware | porcelain | copper
entity:artifact:2:205360,materialBase,earthenware | porcelain | copper
entity:artifact:2:205361,materialBase,earthenware | porcelain | copper
entity:artifact:2:205362,materialBase,nephrite
entity:artifact:2:205363,materialBase,nephrite
entity:artifact:2:205366,materialBase,nephrite
entity:artifact:2:205367,materialBase,nephrite
entity:artifact:2:205368,materialBase,nephrite
entity:artifact:2:205369,materialBase,nephrite
entity:artifact:2:205370,materialBase,nephrite | jade
entity:artifact:2:205371,materialBase,nephrite
entity:artifact:2:205372,materialBase,nephrite
entity:artifact:2:205373,materialBase,nephrite | jade
entity:artifact:2:205376,materialBase,paper | pigment | ink
entity:artifact:2:205377,materialBase,porcelain | enamel | gold
entity:artifact:2:205378,materialBase,earthenware | porcelain
entity:artifact:2:205379,materialBase,nephrite
entity:artifact:2:205381,materialBase,nephrite | jade
entity:artifact:2:205382,materialBase,nephrite | jade
entity:artifact:2:205383,materialBase,copper | enamel
entity:artifact:2:205384,materialBase,jadeite | stone
entity:artifact:2:205385,materialBase,nephrite
entity:artifact:2:205386,materialBase,stone
entity:artifact:2:205387,materialBase,nephrite
entity:artifact:2:205388,materialBase,earthenware | iron
entity:artifact:2:205389,materialBase,nephrite
entity:artifact:2:205390,materialBase,stone | copper
entity:artifact:2:205391,materialBase,nephrite | pigment | gold | silk
entity:artifact:2:205392,materialBase,nephrite
entity:artifact:2:205394,materialBase,paper | ink
entity:artifact:2:205395,materialBase,earthenware | porcelain
entity:artifact:2:205396,materialBase,nephrite
entity:artifact:2:205399,materialBase,stone
entity:artifact:2:205400,materialBase,earthenware
entity:artifact:2:205401,materialBase,earthenware
entity:artifact:2:205403,materialBase,earthenware | iron
entity:artifact:2:205404,materialBase,earthenware | iron
entity:artifact:2:205405,materialBase,nephrite
entity:artifact:2:205407,materialBase,nephrite | stone | jade
entity:artifact:2:205408,materialBase,nephrite | stone
entity:artifact:2:205410,materialBase,earthenware | porcelain | copper
entity:artifact:2:205411,materialBase,earthenware
entity:artifact:2:205412,materialBase,copper | enamel
entity:artifact:2:205413,materialBase,nephrite | stone
entity:artifact:2:205414,materialBase,ivory
entity:artifact:2:205415,materialBase,stone
entity:artifact:2:205417,materialBase,stone
entity:artifact:2:205418,materialBase,nephrite
entity:artifact:2:205419,materialBase,earthenware | iron
entity:artifact:2:205420,materialBase,earthenware | iron
entity:artifact:2:205421,materialBase,earthenware | iron
entity:artifact:2:205422,materialBase,nephrite
entity:artifact:2:205423,materialBase,nephrite | jade
entity:artifact:2:205424,materialBase,nephrite
entity:artifact:2:205430,materialBase,nephrite | jade
entity:artifact:2:205431,materialBase,jadeite
entity:artifact:2:205435,materialBase,nephrite | textile
entity:artifact:2:205437,materialBase,nephrite
entity:artifact:2:205438,materialBase,nephrite
entity:artifact:2:205439,materialBase,earthenware | metal
entity:artifact:2:205440,materialBase,earthenware | metal
entity:artifact:2:205441,materialBase,porcelain
entity:artifact:2:205442,materialBase,nephrite
entity:artifact:2:205443,materialBase,nephrite
entity:artifact:2:205444,materialBase,nephrite
entity:artifact:2:205445,materialBase,jadeite | stone
entity:artifact:2:205447,materialBase,nephrite
entity:artifact:2:205448,materialBase,earthenware | iron
entity:artifact:2:205450,materialBase,nephrite | stone
entity:artifact:2:205457,materialBase,porcelain | enamel
entity:artifact:2:205458,materialBase,porcelain
entity:artifact:2:205459,materialBase,porcelain | enamel
entity:artifact:2:205460,materialBase,nephrite | bronze | wood
entity:artifact:2:205461,materialBase,nephrite
entity:artifact:2:205464,materialBase,nephrite
entity:artifact:2:205465,materialBase,jadeite | stone
entity:artifact:2:205467,materialBase,nephrite
entity:artifact:2:205468,materialBase,nephrite
entity:artifact:2:205469,materialBase,earthenware | pigment | metal
entity:artifact:2:205472,materialBase,earthenware | ceramic
entity:artifact:2:205473,materialBase,ceramic
entity:artifact:2:205474,materialBase,ceramic
entity:artifact:2:205475,materialBase,earthenware | porcelain | copper
entity:artifact:2:205476,materialBase,glass
entity:artifact:2:205484,materialBase,porcelain | enamel
entity:artifact:2:205485,materialBase,porcelain
entity:artifact:2:205486,materialBase,ivory
entity:artifact:2:205488,materialBase,nephrite
entity:artifact:2:205489,materialBase,jadeite | stone
entity:artifact:2:205490,materialBase,nephrite
entity:artifact:2:205492,materialBase,porcelain
entity:artifact:2:205496,materialBase,enamel | porcelain | gold
entity:artifact:2:205497,materialBase,porcelain
entity:artifact:2:205498,materialBase,porcelain
entity:artifact:2:205499,materialBase,porcelain | enamel
entity:artifact:2:205500,materialBase,porcelain
entity:artifact:2:205501,materialBase,porcelain
entity:artifact:2:205502,materialBase,porcelain
entity:artifact:2:205503,materialBase,porcelain
entity:artifact:2:205504,materialBase,porcelain
entity:artifact:2:205505,materialBase,porcelain | enamel
entity:artifact:2:205506,materialBase,nephrite
entity:artifact:2:205508,materialBase,earthenware
entity:artifact:2:205513,materialBase,porcelain | gold
entity:artifact:2:205515,materialBase,porcelain
entity:artifact:2:205516,materialBase,porcelain | enamel
entity:artifact:2:205517,materialBase,porcelain | enamel
entity:artifact:2:205518,materialBase,nephrite
entity:artifact:2:205520,materialBase,jadeite | stone
entity:artifact:2:205521,materialBase,nephrite
entity:artifact:2:205522,materialBase,jadeite | stone
entity:artifact:2:205523,materialBase,earthenware | porcelain | copper
entity:artifact:2:205524,materialBase,earthenware | iron
entity:artifact:2:205526,materialBase,earthenware | iron
entity:artifact:2:205528,materialBase,earthenware
entity:artifact:2:205529,materialBase,copper | enamel
entity:artifact:2:205531,materialBase,stone
entity:artifact:2:205535,materialBase,paper | pigment | ink
entity:artifact:2:205536,materialBase,paper | pigment | ink
entity:artifact:2:205537,materialBase,nephrite
entity:artifact:2:205538,materialBase,nephrite
entity:artifact:2:205541,materialBase,earthenware
entity:artifact:2:205544,materialBase,nephrite
entity:artifact:2:205545,materialBase,nephrite
entity:artifact:2:205546,materialBase,stone
entity:artifact:2:205547,materialBase,earthenware | iron
entity:artifact:2:205548,materialBase,stone
entity:artifact:2:205549,materialBase,stone
entity:artifact:2:205550,materialBase,stone
entity:artifact:2:205551,materialBase,stone
entity:artifact:2:205552,materialBase,glass | amber | gold | metal
entity:artifact:2:205553,materialBase,stone
entity:artifact:2:205554,materialBase,stone
entity:artifact:2:205558,materialBase,stone
entity:artifact:2:205559,materialBase,stone
entity:artifact:2:205560,materialBase,nephrite
entity:artifact:2:205561,materialBase,stone
entity:artifact:2:205562,materialBase,stone
entity:artifact:2:205563,materialBase,stone
entity:artifact:2:205564,materialBase,nephrite
entity:artifact:2:205565,materialBase,stone
entity:artifact:2:205566,materialBase,stone
entity:artifact:2:205567,materialBase,stone
entity:artifact:2:205568,materialBase,stone
entity:artifact:2:205569,materialBase,stone
entity:artifact:2:205571,materialBase,horn
entity:artifact:2:205572,materialBase,nephrite | gold
entity:artifact:2:205573,materialBase,stone
entity:artifact:2:205574,materialBase,stone
entity:artifact:2:205575,materialBase,stone
entity:artifact:2:205576,materialBase,stone
entity:artifact:2:205577,materialBase,porcelain | enamel
entity:artifact:2:205579,materialBase,stone
entity:artifact:2:205581,materialBase,stone
entity:artifact:2:205582,materialBase,stone
entity:artifact:2:205583,materialBase,stone
entity:artifact:2:205584,materialBase,stone
entity:artifact:2:205585,materialBase,stone
entity:artifact:2:205586,materialBase,stone
entity:artifact:2:205587,materialBase,stone
entity:artifact:2:205589,materialBase,stone
entity:artifact:2:205590,materialBase,stone
entity:artifact:2:205591,materialBase,stone
entity:artifact:2:205592,materialBase,stone
entity:artifact:2:205594,materialBase,stone
entity:artifact:2:205595,materialBase,stone
entity:artifact:2:205596,materialBase,porcelain
entity:artifact:2:205597,materialBase,porcelain
entity:artifact:2:205598,materialBase,porcelain
entity:artifact:2:205599,materialBase,porcelain | bronze | gold
entity:artifact:2:205603,materialBase,stone
entity:artifact:2:205604,materialBase,stone
entity:artifact:2:205605,materialBase,stone
entity:artifact:2:205606,materialBase,stone
entity:artifact:2:205607,materialBase,stone
entity:artifact:2:205609,materialBase,stone
entity:artifact:2:205610,materialBase,stone
entity:artifact:2:205611,materialBase,stone
entity:artifact:2:205612,materialBase,paper | pigment | ink
entity:artifact:2:205613,materialBase,paper | pigment | ink
entity:artifact:2:205614,materialBase,paper | pigment | ink
entity:artifact:2:205615,materialBase,paper | pigment | ink
entity:artifact:2:205616,materialBase,paper | pigment | ink
entity:artifact:2:205617,materialBase,paper | pigment | ink
entity:artifact:2:205618,materialBase,paper | pigment | ink
entity:artifact:2:205619,materialBase,paper | pigment | ink
entity:artifact:2:205620,materialBase,paper | pigment | ink
entity:artifact:2:205621,materialBase,paper | pigment | ink
entity:artifact:2:205622,materialBase,earthenware | porcelain
entity:artifact:2:205625,materialBase,nephrite
entity:artifact:2:205626,materialBase,stone
entity:artifact:2:205627,materialBase,stone
entity:artifact:2:205628,materialBase,stone
entity:artifact:2:205629,materialBase,nephrite
entity:artifact:2:205630,materialBase,stone
entity:artifact:2:205631,materialBase,stone
entity:artifact:2:205632,materialBase,stone
entity:artifact:2:205633,materialBase,stone
entity:artifact:2:205634,materialBase,stone
entity:artifact:2:205635,materialBase,glass | amber | gold | metal
entity:artifact:2:205641,materialBase,paper | ink
entity:artifact:2:205642,materialBase,paper | pigment | ink
entity:artifact:2:205643,materialBase,paper | pigment | ink
entity:artifact:2:205644,materialBase,paper | ink
entity:artifact:2:205645,materialBase,paper | ink
entity:artifact:2:205646,materialBase,paper | pigment | ink
entity:artifact:2:205647,materialBase,paper | pigment | ink
entity:artifact:2:205648,materialBase,earthenware
entity:artifact:2:205649,materialBase,earthenware | porcelain
entity:artifact:2:205650,materialBase,earthenware | porcelain
entity:artifact:2:205651,materialBase,earthenware | porcelain
entity:artifact:2:205652,materialBase,paper | pigment | ink
entity:artifact:2:205653,materialBase,paper | pigment | ink
entity:artifact:2:205654,materialBase,paper | pigment | ink
entity:artifact:2:205655,materialBase,paper | pigment | ink
entity:artifact:2:205656,materialBase,paper | pigment | ink
entity:artifact:2:205657,materialBase,nephrite
entity:artifact:2:205658,materialBase,earthenware | porcelain
entity:artifact:2:205659,materialBase,earthenware | porcelain
entity:artifact:2:205660,materialBase,earthenware | porcelain
entity:artifact:2:205661,materialBase,earthenware | porcelain
entity:artifact:2:205662,materialBase,earthenware | porcelain
entity:artifact:2:205663,materialBase,paper | pigment | ink
entity:artifact:2:205664,materialBase,paper | pigment | ink
entity:artifact:2:205665,materialBase,paper | pigment | ink
entity:artifact:2:205666,materialBase,paper | pigment | ink
entity:artifact:2:205667,materialBase,nephrite
entity:artifact:2:205668,materialBase,earthenware | porcelain
entity:artifact:2:205669,materialBase,earthenware | porcelain
entity:artifact:2:205670,materialBase,earthenware | porcelain
entity:artifact:2:205671,materialBase,earthenware | porcelain
entity:artifact:2:205672,materialBase,earthenware | porcelain
entity:artifact:2:205673,materialBase,earthenware | porcelain
entity:artifact:2:205686,materialBase,earthenware | porcelain
entity:artifact:2:205687,materialBase,earthenware | porcelain
entity:artifact:2:205688,materialBase,earthenware | porcelain
entity:artifact:2:205689,materialBase,earthenware | porcelain
entity:artifact:2:205690,materialBase,earthenware | porcelain
entity:artifact:2:205691,materialBase,earthenware | porcelain
entity:artifact:2:205692,materialBase,earthenware | porcelain
entity:artifact:2:205693,materialBase,earthenware | porcelain
entity:artifact:2:205694,materialBase,earthenware | porcelain
entity:artifact:2:205695,materialBase,earthenware | porcelain
entity:artifact:2:205696,materialBase,earthenware | porcelain
entity:artifact:2:205710,materialBase,earthenware | porcelain
entity:artifact:2:205711,materialBase,earthenware | porcelain
entity:artifact:2:205712,materialBase,earthenware | porcelain
entity:artifact:2:205713,materialBase,earthenware | porcelain
entity:artifact:2:205714,materialBase,earthenware | porcelain
entity:artifact:2:205715,materialBase,earthenware | porcelain
entity:artifact:2:205716,materialBase,earthenware | porcelain
entity:artifact:2:205717,materialBase,earthenware | porcelain
entity:artifact:2:205718,materialBase,earthenware | porcelain
entity:artifact:2:205719,materialBase,earthenware | porcelain
entity:artifact:2:205720,materialBase,earthenware | porcelain
entity:artifact:2:205733,materialBase,stone
entity:artifact:2:205734,materialBase,stone
entity:artifact:2:205735,materialBase,stone
entity:artifact:2:205736,materialBase,stone
entity:artifact:2:205741,materialBase,stone
entity:artifact:2:205742,materialBase,stone
entity:artifact:2:205743,materialBase,stone
entity:artifact:2:205752,materialBase,stone
entity:artifact:2:205753,materialBase,stone
entity:artifact:2:205754,materialBase,stone
entity:artifact:2:205755,materialBase,stone
entity:artifact:2:205767,materialBase,earthenware | porcelain | copper
entity:artifact:2:205768,materialBase,earthenware | porcelain
entity:artifact:2:205769,materialBase,earthenware | porcelain
entity:artifact:2:205770,materialBase,earthenware | porcelain
entity:artifact:2:205771,materialBase,earthenware | porcelain
entity:artifact:2:205772,materialBase,earthenware | porcelain
entity:artifact:2:205773,materialBase,earthenware | porcelain | metal
entity:artifact:2:205774,materialBase,earthenware | porcelain | copper
entity:artifact:2:205775,materialBase,earthenware | porcelain | copper
entity:artifact:2:205776,materialBase,earthenware | porcelain
entity:artifact:2:205777,materialBase,nephrite
entity:artifact:2:205778,materialBase,nephrite
entity:artifact:2:205780,materialBase,stone
entity:artifact:2:205781,materialBase,stone
entity:artifact:2:205782,materialBase,stone
entity:artifact:2:205783,materialBase,stone
entity:artifact:2:205784,materialBase,stone
entity:artifact:2:205785,materialBase,nephrite
entity:artifact:2:205786,materialBase,paper | pigment | ink
entity:artifact:2:205787,materialBase,paper | pigment | ink
entity:artifact:2:205788,materialBase,paper | ink
entity:artifact:2:205789,materialBase,paper | pigment | ink
entity:artifact:2:205792,materialBase,earthenware
entity:artifact:2:205793,materialBase,earthenware
entity:artifact:2:205794,materialBase,earthenware
entity:artifact:2:205796,materialBase,paper | pigment | ink
entity:artifact:2:205797,materialBase,paper | pigment | ink
entity:artifact:2:205798,materialBase,paper | pigment | ink
entity:artifact:2:205799,materialBase,paper | pigment | ink
entity:artifact:2:205800,materialBase,paper | pigment | ink
entity:artifact:2:205801,materialBase,paper | pigment | ink
entity:artifact:2:205802,materialBase,paper | pigment | ink
entity:artifact:2:205803,materialBase,paper | pigment | ink
entity:artifact:2:205804,materialBase,paper | pigment | ink
entity:artifact:2:205805,materialBase,paper | pigment | ink
entity:artifact:2:205806,materialBase,paper | pigment | ink
entity:artifact:2:205808,materialBase,paper | ink
entity:artifact:2:205809,materialBase,paper | ink
entity:artifact:2:205810,materialBase,paper | pigment | ink
entity:artifact:2:205811,materialBase,paper | pigment | ink
entity:artifact:2:205812,materialBase,paper | pigment | ink
entity:artifact:2:205813,materialBase,paper | pigment | ink
entity:artifact:2:205814,materialBase,paper | pigment | ink
entity:artifact:2:205815,materialBase,paper | ink
entity:artifact:2:205816,materialBase,paper | ink
entity:artifact:2:205817,materialBase,paper | ink
entity:artifact:2:205818,materialBase,paper | ink
entity:artifact:2:205819,materialBase,paper | pigment | ink
entity:artifact:2:205820,materialBase,paper | pigment | ink
entity:artifact:2:205821,materialBase,paper | pigment | ink
entity:artifact:2:205822,materialBase,paper | pigment | ink
entity:artifact:2:205823,materialBase,paper | pigment | ink
entity:artifact:2:205824,materialBase,paper | pigment | ink
entity:artifact:2:205825,materialBase,paper | pigment | ink
entity:artifact:2:205826,materialBase,earthenware
entity:artifact:2:205830,materialBase,paper | pigment | ink
entity:artifact:2:205831,materialBase,paper | pigment | ink
entity:artifact:2:205832,materialBase,paper | pigment | ink
entity:artifact:2:205833,materialBase,paper | pigment | ink
entity:artifact:2:205835,materialBase,porcelain | metal
entity:artifact:2:205836,materialBase,pigment | earthenware
entity:artifact:2:205842,materialBase,paper | pigment | ink
entity:artifact:2:205843,materialBase,paper | pigment | ink
entity:artifact:2:205844,materialBase,paper | pigment | ink
entity:artifact:2:205845,materialBase,paper | pigment | ink
entity:artifact:2:205846,materialBase,paper | pigment | ink
entity:artifact:2:205847,materialBase,paper | pigment | ink
entity:artifact:2:205848,materialBase,paper | pigment | ink
entity:artifact:2:205849,materialBase,paper | pigment | ink
entity:artifact:2:205850,materialBase,paper | pigment | ink
entity:artifact:2:205851,materialBase,porcelain
entity:artifact:2:205852,materialBase,porcelain
entity:artifact:2:205860,materialBase,porcelain | enamel
entity:artifact:2:205861,materialBase,porcelain
entity:artifact:2:205863,materialBase,porcelain | enamel
entity:artifact:2:205866,materialBase,paper | pigment | ink
entity:artifact:2:205867,materialBase,paper | pigment | ink
entity:artifact:2:205868,materialBase,paper | pigment | ink
entity:artifact:2:205871,materialBase,pigment | earthenware
entity:artifact:2:205876,materialBase,porcelain | stone | enamel
entity:artifact:2:205878,materialBase,paper | pigment | ink
entity:artifact:2:205879,materialBase,paper | pigment | ink
entity:artifact:2:205880,materialBase,paper | pigment | ink
entity:artifact:2:205881,materialBase,porcelain
entity:artifact:2:205882,materialBase,porcelain
entity:artifact:2:205883,materialBase,porcelain | enamel
entity:artifact:2:205884,materialBase,porcelain
entity:artifact:2:205885,materialBase,porcelain
entity:artifact:2:205886,materialBase,porcelain
entity:artifact:2:205887,materialBase,porcelain
entity:artifact:2:205888,materialBase,porcelain
entity:artifact:2:205889,materialBase,porcelain
entity:artifact:2:205890,materialBase,porcelain
entity:artifact:2:205891,materialBase,enamel | porcelain
entity:artifact:2:205892,materialBase,stone
entity:artifact:2:205893,materialBase,stone
entity:artifact:2:205894,materialBase,stone
entity:artifact:2:205895,materialBase,stone
entity:artifact:2:205896,materialBase,porcelain | enamel
entity:artifact:2:205897,materialBase,porcelain
entity:artifact:2:205898,materialBase,porcelain
entity:artifact:2:205899,materialBase,paper | ink
entity:artifact:2:205906,materialBase,porcelain | enamel | gold
entity:artifact:2:205907,materialBase,paper | pigment | ink
entity:artifact:2:205908,materialBase,paper | pigment | ink
entity:artifact:2:205909,materialBase,paper | pigment | ink
entity:artifact:2:205910,materialBase,paper | pigment | ink
entity:artifact:2:205911,materialBase,paper | pigment | ink
entity:artifact:2:205912,materialBase,paper | pigment | ink
entity:artifact:2:205913,materialBase,paper | pigment | ink
entity:artifact:2:205914,materialBase,paper | ink
entity:artifact:2:205915,materialBase,paper | ink
entity:artifact:2:205916,materialBase,paper | pigment | ink
entity:artifact:2:205917,materialBase,paper | pigment | ink
entity:artifact:2:205918,materialBase,paper | pigment | ink
entity:artifact:2:205919,materialBase,paper | pigment | ink
entity:artifact:2:205920,materialBase,paper | ink
entity:artifact:2:205921,materialBase,paper | ink
entity:artifact:2:205922,materialBase,porcelain
entity:artifact:2:205923,materialBase,paper | pigment | ink
entity:artifact:2:205924,materialBase,paper | pigment | ink
entity:artifact:2:205925,materialBase,paper | pigment | ink
entity:artifact:2:205926,materialBase,paper | pigment | ink
entity:artifact:2:205927,materialBase,paper | pigment | ink
entity:artifact:2:205928,materialBase,paper | pigment | ink
entity:artifact:2:205929,materialBase,porcelain | enamel
entity:artifact:2:205930,materialBase,porcelain | enamel
entity:artifact:2:205931,materialBase,paper | pigment | ink
entity:artifact:2:205932,materialBase,paper | ink
entity:artifact:2:205933,materialBase,porcelain
entity:artifact:2:205934,materialBase,paper | pigment | ink
entity:artifact:2:205935,materialBase,paper | pigment | ink
entity:artifact:2:205936,materialBase,paper | pigment | ink
entity:artifact:2:205937,materialBase,paper | pigment | ink
entity:artifact:2:205938,materialBase,paper | ink
entity:artifact:2:205939,materialBase,paper | ink
entity:artifact:2:205940,materialBase,paper | pigment | ink
entity:artifact:2:205941,materialBase,paper | pigment | ink
entity:artifact:2:205942,materialBase,paper | pigment | ink
entity:artifact:2:205943,materialBase,paper | pigment | ink
entity:artifact:2:205944,materialBase,paper | pigment | ink
entity:artifact:2:205945,materialBase,paper | pigment | ink
entity:artifact:2:205946,materialBase,paper | pigment | ink
entity:artifact:2:205947,materialBase,paper | pigment | ink
entity:artifact:2:205948,materialBase,paper | pigment | ink
entity:artifact:2:205949,materialBase,paper | pigment | ink
entity:artifact:2:205951,materialBase,porcelain
entity:artifact:2:205952,materialBase,porcelain | enamel
entity:artifact:2:205953,materialBase,porcelain | enamel
entity:artifact:2:205955,materialBase,paper | pigment | ink
entity:artifact:2:205956,materialBase,stone
entity:artifact:2:205957,materialBase,stone
entity:artifact:2:205958,materialBase,porcelain | enamel
entity:artifact:2:205959,materialBase,porcelain
entity:artifact:2:205961,materialBase,porcelain
entity:artifact:2:205962,materialBase,enamel | porcelain
entity:artifact:2:205963,materialBase,porcelain | enamel
entity:artifact:2:205964,materialBase,porcelain | enamel
entity:artifact:2:205965,materialBase,porcelain
entity:artifact:2:205966,materialBase,porcelain | enamel
entity:artifact:2:205967,materialBase,porcelain | enamel
entity:artifact:2:205968,materialBase,porcelain | enamel
entity:artifact:2:205969,materialBase,porcelain
entity:artifact:2:205970,materialBase,porcelain | enamel
entity:artifact:2:205971,materialBase,porcelain | iron
entity:artifact:2:205972,materialBase,stone
entity:artifact:2:205973,materialBase,stone
entity:artifact:2:205974,materialBase,stone
entity:artifact:2:205975,materialBase,stone
entity:artifact:2:205976,materialBase,stone
entity:artifact:2:205977,materialBase,nephrite
entity:artifact:2:205978,materialBase,stone
entity:artifact:2:205979,materialBase,stone
entity:artifact:2:205980,materialBase,stone
entity:artifact:2:205982,materialBase,porcelain
entity:artifact:2:205983,materialBase,porcelain | enamel
entity:artifact:2:205984,materialBase,earthenware | iron
entity:artifact:2:205985,materialBase,porcelain | enamel
entity:artifact:2:205986,materialBase,porcelain | enamel
entity:artifact:2:205987,materialBase,porcelain | gold
entity:artifact:2:205988,materialBase,pigment | earthenware
entity:artifact:2:205989,materialBase,stone
entity:artifact:2:205990,materialBase,stone
entity:artifact:2:205991,materialBase,stone
entity:artifact:2:205992,materialBase,porcelain
entity:artifact:2:205993,materialBase,pigment | earthenware
entity:artifact:2:205995,materialBase,porcelain
entity:artifact:2:205996,materialBase,bronze
entity:artifact:2:205997,materialBase,pigment | earthenware
entity:artifact:2:205998,materialBase,stone
entity:artifact:2:205999,materialBase,stone
entity:artifact:2:206000,materialBase,stone
entity:artifact:2:206001,materialBase,stone
entity:artifact:2:206002,materialBase,stone
entity:artifact:2:206003,materialBase,stone
entity:artifact:2:206004,materialBase,stone
entity:artifact:2:206005,materialBase,stone
entity:artifact:2:206006,materialBase,stone
entity:artifact:2:206007,materialBase,stone
entity:artifact:2:206009,materialBase,stone
entity:artifact:2:206010,materialBase,stone
entity:artifact:2:206011,materialBase,nephrite
entity:artifact:2:206012,materialBase,gold
entity:artifact:2:206013,materialBase,stone
entity:artifact:2:206014,materialBase,stone
entity:artifact:2:206015,materialBase,stone
entity:artifact:2:206016,materialBase,silk | pigment | ink
entity:artifact:2:206017,materialBase,paper | pigment | ink
entity:artifact:2:206018,materialBase,paper | pigment | ink
entity:artifact:2:206019,materialBase,paper | pigment | ink
entity:artifact:2:206020,materialBase,paper | pigment | ink
entity:artifact:2:206021,materialBase,paper | pigment | ink
entity:artifact:2:206022,materialBase,paper | pigment | ink
entity:artifact:2:206023,materialBase,paper | pigment | ink
entity:artifact:2:206024,materialBase,paper | pigment | ink
entity:artifact:2:206025,materialBase,paper | pigment | ink
entity:artifact:2:206026,materialBase,paper | pigment | ink
entity:artifact:2:206027,materialBase,paper | pigment | ink
entity:artifact:2:206028,materialBase,paper | pigment | ink
entity:artifact:2:206029,materialBase,paper | pigment | ink
entity:artifact:2:206030,materialBase,paper | pigment | ink
entity:artifact:2:206031,materialBase,paper | pigment | ink
entity:artifact:2:206032,materialBase,paper | pigment | ink
entity:artifact:2:206056,materialBase,textile
entity:artifact:2:206057,materialBase,bronze
entity:artifact:2:206059,materialBase,paper | pigment | ink
entity:artifact:2:206060,materialBase,paper | pigment | ink
entity:artifact:2:206061,materialBase,paper | pigment | ink
entity:artifact:2:206067,materialBase,paper | pigment | ink
entity:artifact:2:206077,materialBase,earthenware
entity:artifact:2:206078,materialBase,earthenware
entity:artifact:2:206079,materialBase,silk | ink | pigment
entity:artifact:2:206080,materialBase,paper | pigment | ink
entity:artifact:2:206081,materialBase,paper | pigment | ink
entity:artifact:2:206082,materialBase,paper | pigment | ink
entity:artifact:2:206083,materialBase,paper | pigment | ink
entity:artifact:2:206084,materialBase,pigment | earthenware
entity:artifact:2:206086,materialBase,paper | pigment | ink
entity:artifact:2:206087,materialBase,paper | pigment | ink
entity:artifact:2:206088,materialBase,paper | pigment | ink
entity:artifact:2:206089,materialBase,paper | pigment | ink
entity:artifact:2:206090,materialBase,paper | pigment | ink
entity:artifact:2:206091,materialBase,paper | pigment | ink
entity:artifact:2:206092,materialBase,paper | pigment | ink
entity:artifact:2:206093,materialBase,paper | pigment | ink
entity:artifact:2:206094,materialBase,paper | pigment | ink
entity:artifact:2:206095,materialBase,paper | pigment | ink
entity:artifact:2:206096,materialBase,paper | pigment | ink
entity:artifact:2:206097,materialBase,paper | ink
entity:artifact:2:206098,materialBase,silk | pigment | ink
entity:artifact:2:206109,materialBase,earthenware
entity:artifact:2:206111,materialBase,paper | pigment | ink
entity:artifact:2:206112,materialBase,paper | pigment | ink
entity:artifact:2:206113,materialBase,paper | pigment | ink
entity:artifact:2:206114,materialBase,paper | pigment | ink
entity:artifact:2:206115,materialBase,paper | pigment | gold | ink
entity:artifact:2:206116,materialBase,paper | pigment | ink
entity:artifact:2:206117,materialBase,paper | pigment | ink
entity:artifact:2:206118,materialBase,paper | pigment | ink
entity:artifact:2:206119,materialBase,paper | pigment | ink
entity:artifact:2:206120,materialBase,paper | pigment | ink
entity:artifact:2:206121,materialBase,paper | pigment | ink
entity:artifact:2:206122,materialBase,paper | pigment | ink
entity:artifact:2:206123,materialBase,ink | earthenware | iron
entity:artifact:2:206124,materialBase,paper | pigment | ink
entity:artifact:2:206125,materialBase,stone
entity:artifact:2:206126,materialBase,pigment | stone | gold
entity:artifact:2:206127,materialBase,paper | pigment | ink
entity:artifact:2:206128,materialBase,paper | pigment | ink
entity:artifact:2:206129,materialBase,paper | pigment | ink
entity:artifact:2:206130,materialBase,paper | ink
entity:artifact:2:206131,materialBase,paper | ink
entity:artifact:2:206132,materialBase,paper | ink
entity:artifact:2:206133,materialBase,paper | ink
entity:artifact:2:206134,materialBase,paper | ink
entity:artifact:2:206135,materialBase,paper | ink
entity:artifact:2:206136,materialBase,paper | ink
entity:artifact:2:206137,materialBase,paper | pigment | ink
entity:artifact:2:206138,materialBase,paper | pigment | ink
entity:artifact:2:206139,materialBase,paper | pigment | ink
entity:artifact:2:206140,materialBase,paper | pigment | ink
entity:artifact:2:206141,materialBase,paper | pigment | ink
entity:artifact:2:206142,materialBase,paper | pigment | ink
entity:artifact:2:206143,materialBase,paper | pigment | ink
entity:artifact:2:206144,materialBase,paper | pigment | ink
entity:artifact:2:206145,materialBase,paper | pigment | ink
entity:artifact:2:206146,materialBase,paper | pigment | ink
entity:artifact:2:206147,materialBase,paper | pigment | ink
entity:artifact:2:206148,materialBase,paper | pigment | ink
entity:artifact:2:206149,materialBase,paper | pigment | ink
entity:artifact:2:206150,materialBase,paper | pigment | ink
entity:artifact:2:206151,materialBase,paper | pigment | ink
entity:artifact:2:206152,materialBase,paper | pigment | ink
entity:artifact:2:206153,materialBase,paper | pigment | ink
entity:artifact:2:206154,materialBase,paper | pigment | ink
entity:artifact:2:206155,materialBase,paper | pigment | ink
entity:artifact:2:206156,materialBase,paper | pigment | ink
entity:artifact:2:206157,materialBase,paper | pigment | ink
entity:artifact:2:206158,materialBase,paper | pigment | ink
entity:artifact:2:206159,materialBase,paper | pigment | ink
entity:artifact:2:206162,materialBase,paper | pigment | gold | ink
entity:artifact:2:206163,materialBase,paper | ink
entity:artifact:2:206164,materialBase,paper | pigment | ink
entity:artifact:2:206165,materialBase,paper | pigment | ink
entity:artifact:2:206166,materialBase,paper | pigment | ink
entity:artifact:2:206167,materialBase,paper | pigment | ink
entity:artifact:2:206168,materialBase,paper | pigment | ink
entity:artifact:2:206169,materialBase,paper | pigment | ink
entity:artifact:2:206170,materialBase,paper | pigment | ink
entity:artifact:2:206172,materialBase,paper | ink
entity:artifact:2:206187,materialBase,earthenware
entity:artifact:2:206188,materialBase,earthenware
entity:artifact:2:206189,materialBase,earthenware
entity:artifact:2:206190,materialBase,earthenware
entity:artifact:2:206195,materialBase,paper | pigment | ink
entity:artifact:2:206196,materialBase,paper | pigment | ink
entity:artifact:2:206197,materialBase,paper | pigment | ink
entity:artifact:2:206198,materialBase,paper | pigment | ink
entity:artifact:2:206199,materialBase,paper | pigment | ink
entity:artifact:2:206200,materialBase,paper | pigment | ink
entity:artifact:2:206201,materialBase,paper | pigment | ink
entity:artifact:2:206202,materialBase,pigment | earthenware
entity:artifact:2:206204,materialBase,pigment
entity:artifact:2:206210,materialBase,paper | pigment | ink
entity:artifact:2:206211,materialBase,paper | pigment | ink
entity:artifact:2:206212,materialBase,paper | ink
entity:artifact:2:206213,materialBase,paper | ink
entity:artifact:2:206214,materialBase,paper | ink
entity:artifact:2:206218,materialBase,paper | pigment | ink
entity:artifact:2:206219,materialBase,paper | pigment | ink
entity:artifact:2:206220,materialBase,paper | pigment | ink
entity:artifact:2:206227,materialBase,stone
entity:artifact:2:206228,materialBase,stone
entity:artifact:2:206229,materialBase,stone
entity:artifact:2:206232,materialBase,paper | ink
entity:artifact:2:206233,materialBase,paper | pigment | ink
entity:artifact:2:206234,materialBase,paper | pigment | ink
entity:artifact:2:206235,materialBase,paper | pigment | ink
entity:artifact:2:206236,materialBase,bronze
entity:artifact:2:206237,materialBase,paper | pigment | ink
entity:artifact:2:206238,materialBase,paper | pigment | ink
entity:artifact:2:206239,materialBase,paper | pigment | ink
entity:artifact:2:206245,materialBase,paper | ink
entity:artifact:2:206246,materialBase,paper | pigment | ink
entity:artifact:2:206247,materialBase,paper | pigment | ink
entity:artifact:2:206248,materialBase,paper | ink
entity:artifact:2:206249,materialBase,paper | ink
entity:artifact:2:206250,materialBase,paper | pigment | ink
entity:artifact:2:206251,materialBase,paper | silver | pigment | ink
entity:artifact:2:206252,materialBase,paper | pigment | ink
entity:artifact:2:206253,materialBase,paper | pigment | gold | ink
entity:artifact:2:206254,materialBase,paper | pigment | ink
entity:artifact:2:206255,materialBase,paper | pigment | gold | ink
entity:artifact:2:206256,materialBase,paper | pigment | gold | ink
entity:artifact:2:206257,materialBase,paper | pigment | gold | ink
entity:artifact:2:206258,materialBase,paper | pigment | gold | ink
entity:artifact:2:206259,materialBase,paper | pigment | gold | ink
entity:artifact:2:206260,materialBase,paper | pigment | ink
entity:artifact:2:206261,materialBase,paper | pigment | gold | ink
entity:artifact:2:206262,materialBase,paper | pigment | gold | ink
entity:artifact:2:206265,materialBase,paper | ink
entity:artifact:2:206266,materialBase,paper | pigment | ink
entity:artifact:2:206267,materialBase,paper | pigment | ink
entity:artifact:2:206268,materialBase,paper | pigment | ink
entity:artifact:2:206269,materialBase,paper | pigment | ink
entity:artifact:2:206270,materialBase,paper | pigment | ink
entity:artifact:2:206271,materialBase,paper | pigment | ink
entity:artifact:2:206272,materialBase,paper | pigment | ink
entity:artifact:2:206273,materialBase,paper | pigment | ink
entity:artifact:2:206274,materialBase,paper | pigment | ink
entity:artifact:2:206275,materialBase,paper | ink
entity:artifact:2:206287,materialBase,paper | pigment | ink
entity:artifact:2:206288,materialBase,paper | pigment | ink
entity:artifact:2:206289,materialBase,paper | pigment | ink
entity:artifact:2:206290,materialBase,paper | ink
entity:artifact:2:206292,materialBase,glass
entity:artifact:2:206293,materialBase,glass
entity:artifact:2:206301,materialBase,paper | pigment | gold | ink
entity:artifact:2:206302,materialBase,paper | pigment | gold | ink
entity:artifact:2:206303,materialBase,paper | pigment | ink
entity:artifact:2:206304,materialBase,silk | pigment | ink
entity:artifact:2:206305,materialBase,paper | ink
entity:artifact:2:206306,materialBase,paper | pigment | ink
entity:artifact:2:206307,materialBase,paper | ink
entity:artifact:2:206308,materialBase,paper | pigment | ink | oil
entity:artifact:2:206309,materialBase,paper | pigment | ink
entity:artifact:2:206310,materialBase,paper | pigment | ink
entity:artifact:2:206311,materialBase,paper | pigment | ink
entity:artifact:2:206312,materialBase,paper | pigment | ink
entity:artifact:2:206313,materialBase,paper | ink | oil
entity:artifact:2:206314,materialBase,paper | ink
entity:artifact:2:206315,materialBase,paper | ink
entity:artifact:2:206322,materialBase,stone | pigment
entity:artifact:2:206323,materialBase,paper | ink
entity:artifact:2:206324,materialBase,paper | pigment | ink
entity:artifact:2:206325,materialBase,paper | pigment | ink
entity:artifact:2:206327,materialBase,paper | pigment | ink
entity:artifact:2:206328,materialBase,paper | pigment | ink
entity:artifact:2:206340,materialBase,paper | ink
entity:artifact:2:206341,materialBase,paper | ink
entity:artifact:2:206342,materialBase,paper | ink
entity:artifact:2:206343,materialBase,paper | ink
entity:artifact:2:206344,materialBase,paper | ink
entity:artifact:2:206345,materialBase,paper | ink
entity:artifact:2:206346,materialBase,paper | ink
entity:artifact:2:206347,materialBase,paper | ink
entity:artifact:2:206348,materialBase,paper | pigment | ink
entity:artifact:2:206349,materialBase,paper | pigment | ink
entity:artifact:2:206350,materialBase,paper | pigment | ink
entity:artifact:2:206351,materialBase,paper | ink
entity:artifact:2:206363,materialBase,paper | pigment | ink
entity:artifact:2:206364,materialBase,paper | pigment | ink
entity:artifact:2:206365,materialBase,paper | pigment | ink
entity:artifact:2:206366,materialBase,paper | pigment | ink
entity:artifact:2:206373,materialBase,paper | pigment | gold | jade | ink
entity:artifact:2:206374,materialBase,paper | pigment | ink
entity:artifact:2:206376,materialBase,paper | pigment | ink
entity:artifact:2:206377,materialBase,paper | pigment | ink
entity:artifact:2:206378,materialBase,paper | pigment | ink
entity:artifact:2:206379,materialBase,paper | pigment | ink
entity:artifact:2:206380,materialBase,paper | pigment | ink
entity:artifact:2:206381,materialBase,paper | pigment | ink
entity:artifact:2:206382,materialBase,paper | pigment | ink
entity:artifact:2:206383,materialBase,paper | pigment | ink
entity:artifact:2:206384,materialBase,paper | pigment | ink
entity:artifact:2:206385,materialBase,paper | pigment | ink
entity:artifact:2:206386,materialBase,paper | pigment | gold | ink
entity:artifact:2:206387,materialBase,paper | pigment | ink
entity:artifact:2:206388,materialBase,paper | ink
entity:artifact:2:206389,materialBase,paper | pigment | ink
entity:artifact:2:206399,materialBase,paper | pigment | ink
entity:artifact:2:206400,materialBase,paper | pigment | ink
entity:artifact:2:206411,materialBase,paper | pigment | ink
entity:artifact:2:206412,materialBase,paper | pigment | ink
entity:artifact:2:206413,materialBase,paper | ink
entity:artifact:2:206414,materialBase,paper | ink
entity:artifact:2:206415,materialBase,paper | ink
entity:artifact:2:206416,materialBase,paper | ink
entity:artifact:2:206417,materialBase,paper | pigment | ink
entity:artifact:2:206418,materialBase,paper | ink
entity:artifact:2:206419,materialBase,paper | ink
entity:artifact:2:206420,materialBase,paper | pigment | ink
entity:artifact:2:206421,materialBase,paper | pigment | ink
entity:artifact:2:206422,materialBase,paper | pigment | ink
entity:artifact:2:206427,materialBase,paper | pigment | ink
entity:artifact:2:206435,materialBase,paper | pigment | ink
entity:artifact:2:206436,materialBase,paper | pigment | ink
entity:artifact:2:206437,materialBase,paper | pigment | ink
entity:artifact:2:206438,materialBase,paper | pigment | ink
entity:artifact:2:206439,materialBase,paper | pigment | ink
entity:artifact:2:206440,materialBase,paper | pigment | ink
entity:artifact:2:206441,materialBase,paper | pigment | ink
entity:artifact:2:206442,materialBase,paper | pigment | ink
entity:artifact:2:206443,materialBase,paper | pigment | ink
entity:artifact:2:206444,materialBase,paper | pigment | ink
entity:artifact:2:206445,materialBase,paper | pigment | ink
entity:artifact:2:206446,materialBase,paper | pigment | ink
entity:artifact:2:206447,materialBase,paper | pigment | ink
entity:artifact:2:206448,materialBase,paper | pigment | ink
entity:artifact:2:206449,materialBase,paper | pigment | ink
entity:artifact:2:206450,materialBase,paper | pigment | ink
entity:artifact:2:206451,materialBase,ink
entity:artifact:2:206452,materialBase,ink
entity:artifact:2:206453,materialBase,ink
entity:artifact:2:206472,materialBase,pigment | earthenware
entity:artifact:2:206489,materialBase,ink
entity:artifact:2:206490,materialBase,paper | ink
entity:artifact:2:206491,materialBase,silk | pigment | ink
entity:artifact:2:206493,materialBase,silk | pigment | ink
entity:artifact:2:206494,materialBase,silk | ink
entity:artifact:2:206495,materialBase,earthenware
entity:artifact:2:206497,materialBase,silk | ink
entity:artifact:2:206498,materialBase,bronze
entity:artifact:2:206500,materialBase,silk | ink | pigment
entity:artifact:2:206501,materialBase,paper | pigment | ink
entity:artifact:2:206505,materialBase,bronze
entity:artifact:2:206506,materialBase,silk | pigment | ink
entity:artifact:2:206507,materialBase,earthenware
entity:artifact:2:206508,materialBase,earthenware
entity:artifact:2:206510,materialBase,silk | ink | pigment
entity:artifact:2:206511,materialBase,paper | pigment | gold | ink
entity:artifact:2:206512,materialBase,paper | pigment | gold | ink
entity:artifact:2:206513,materialBase,paper | pigment | gold | ink
entity:artifact:2:206514,materialBase,paper | pigment | ink
entity:artifact:2:206518,materialBase,bronze
entity:artifact:2:206520,materialBase,silk | pigment | ink
entity:artifact:2:206521,materialBase,paper | pigment | ink
entity:artifact:2:206522,materialBase,silk | pigment | ink
entity:artifact:2:206523,materialBase,silk | pigment | ink
entity:artifact:2:206524,materialBase,paper | pigment | gold | ink
entity:artifact:2:206525,materialBase,paper | pigment | gold | ink
entity:artifact:2:206526,materialBase,paper | pigment | gold | ink
entity:artifact:2:206527,materialBase,paper | pigment | gold | ink
entity:artifact:2:206528,materialBase,ink
entity:artifact:2:206529,materialBase,ink
entity:artifact:2:206544,materialBase,iron | pigment | gold
entity:artifact:2:206545,materialBase,paper | ink
entity:artifact:2:206546,materialBase,paper | pigment | ink
entity:artifact:2:206547,materialBase,paper | pigment | ink
entity:artifact:2:206548,materialBase,paper | pigment | ink
entity:artifact:2:206549,materialBase,paper | pigment | ink
entity:artifact:2:206550,materialBase,paper | pigment | gold | ink
entity:artifact:2:206551,materialBase,paper | pigment | gold | ink
entity:artifact:2:206552,materialBase,paper | pigment | gold | ink
entity:artifact:2:206553,materialBase,paper | pigment | gold | ink
entity:artifact:2:206554,materialBase,paper | pigment | gold | ink
entity:artifact:2:206555,materialBase,paper | pigment | gold | ink
entity:artifact:2:206556,materialBase,paper | pigment | gold | ink
entity:artifact:2:206557,materialBase,paper | pigment | ink
entity:artifact:2:206558,materialBase,paper | ink
entity:artifact:2:206559,materialBase,paper | ink
entity:artifact:2:206560,materialBase,paper | ink
entity:artifact:2:206561,materialBase,paper | ink
entity:artifact:2:206575,materialBase,pigment | silk | ink
entity:artifact:2:206576,materialBase,paper | ink
entity:artifact:2:206580,materialBase,pigment | silk | ink
entity:artifact:2:206582,materialBase,silk | pigment | ink
entity:artifact:2:206583,materialBase,paper | pigment | ink
entity:artifact:2:206584,materialBase,paper | pigment | gold | ink
entity:artifact:2:206585,materialBase,paper | pigment | gold | ink
entity:artifact:2:206586,materialBase,ink
entity:artifact:2:206587,materialBase,ink
entity:artifact:2:206588,materialBase,ink
entity:artifact:2:206604,materialBase,paper | pigment | gold | ink
entity:artifact:2:206605,materialBase,paper | pigment | gold | ink
entity:artifact:2:206607,materialBase,paper | pigment | ink
entity:artifact:2:206608,materialBase,paper | pigment | ink
entity:artifact:2:206609,materialBase,paper | pigment | gold | ink
entity:artifact:2:206610,materialBase,paper | pigment | gold | ink
entity:artifact:2:206611,materialBase,paper | silver | pigment | jade | ink
entity:artifact:2:206612,materialBase,paper | pigment | gold | ink
entity:artifact:2:206613,materialBase,paper | pigment | gold | ink
entity:artifact:2:206614,materialBase,paper | pigment | gold | ink
entity:artifact:2:206615,materialBase,paper | pigment | ink
entity:artifact:2:206620,materialBase,paper | pigment | ink
entity:artifact:2:206623,materialBase,paper | ink
entity:artifact:2:206624,materialBase,paper | ink
entity:artifact:2:206625,materialBase,paper | ink
entity:artifact:2:206626,materialBase,paper | ink
entity:artifact:2:206627,materialBase,paper | ink
entity:artifact:2:206628,materialBase,paper | ink
entity:artifact:2:206629,materialBase,paper | ink
entity:artifact:2:206635,materialBase,wood
entity:artifact:2:20955,materialBase,earthenware | pigment
entity:artifact:2:20956,materialBase,paper | gold | silk
entity:artifact:2:20970,materialBase,earthenware | porcelain
entity:artifact:2:20972,materialBase,porcelain
entity:artifact:2:20978,materialBase,pigment | earthenware
entity:artifact:2:209837,materialBase,bronze
entity:artifact:2:21115,materialBase,earthenware | metal
entity:artifact:2:21116,materialBase,paper | pigment | ink
entity:artifact:2:21117,materialBase,earthenware
entity:artifact:2:31296,materialBase,earthenware | porcelain
entity:artifact:2:4586,materialBase,paper | ink
entity:artifact:2:4587,materialBase,pigment | earthenware | metal
entity:artifact:2:4588,materialBase,pigment | earthenware
entity:artifact:2:4615,materialBase,paper | ink
entity:artifact:2:4640,materialBase,paper | ink
entity:artifact:2:4641,materialBase,pigment | earthenware
entity:artifact:2:4642,materialBase,pigment | earthenware
entity:artifact:2:4644,materialBase,pigment | earthenware
entity:artifact:2:4645,materialBase,pigment | earthenware | gold
entity:artifact:2:4646,materialBase,pigment | earthenware | gold
entity:artifact:2:47472,materialBase,gold
entity:artifact:2:47501,materialBase,silk | pigment | ink
entity:artifact:2:47502,materialBase,silk | pigment | ink
entity:artifact:2:47503,materialBase,silk | pigment | ink
entity:artifact:2:47504,materialBase,silk | pigment | ink
entity:artifact:2:47768,materialBase,silk | pigment | ink
entity:artifact:2:47769,materialBase,silk | pigment | ink
entity:artifact:2:47770,materialBase,silk | pigment | ink
entity:artifact:2:47803,materialBase,paper | ink
entity:artifact:2:47804,materialBase,paper | ink
entity:artifact:2:47805,materialBase,paper | ink
entity:artifact:2:47806,materialBase,paper | ink
entity:artifact:2:47807,materialBase,paper | ink
entity:artifact:2:47808,materialBase,paper | ink
entity:artifact:2:47809,materialBase,paper | ink
entity:artifact:2:47965,materialBase,paper | ink
entity:artifact:2:47966,materialBase,paper | ink
entity:artifact:2:47967,materialBase,paper | ink
entity:artifact:2:47968,materialBase,paper | ink
entity:artifact:2:47969,materialBase,silk | pigment | ink
entity:artifact:2:48082,materialBase,paper | pigment | gold | ink
entity:artifact:2:48083,materialBase,paper | pigment | ink
entity:artifact:2:48084,materialBase,paper | pigment | ink
entity:artifact:2:48085,materialBase,paper | pigment | ink
entity:artifact:2:48086,materialBase,paper | ink
entity:artifact:2:48087,materialBase,paper | ink
entity:artifact:2:48125,materialBase,paper | pigment | gold | ink
entity:artifact:2:48126,materialBase,paper | pigment | gold | ink
entity:artifact:2:48127,materialBase,paper | pigment | gold | ink
entity:artifact:2:48128,materialBase,paper | pigment | gold | ink
entity:artifact:2:48129,materialBase,paper | pigment | ink
entity:artifact:2:48130,materialBase,paper | pigment | ink
entity:artifact:2:48131,materialBase,paper | pigment | ink
entity:artifact:2:48132,materialBase,paper | ink
entity:artifact:2:48145,materialBase,paper | pigment | gold | ink
entity:artifact:2:48146,materialBase,paper | pigment | gold | ink
entity:artifact:2:48147,materialBase,paper | pigment | ink
entity:artifact:2:48148,materialBase,paper | pigment | ink
entity:artifact:2:48149,materialBase,paper | pigment | ink
entity:artifact:2:48150,materialBase,paper | ink
entity:artifact:2:48182,materialBase,paper | pigment | gold | ink
entity:artifact:2:48183,materialBase,paper | pigment | ink
entity:artifact:2:48237,materialBase,paper | ink
entity:artifact:2:48238,materialBase,paper | ink
entity:artifact:2:48239,materialBase,paper | ink
entity:artifact:2:48240,materialBase,paper | ink
entity:artifact:2:48241,materialBase,silk | pigment | ink
entity:artifact:2:48242,materialBase,silk | pigment | ink
entity:artifact:2:48243,materialBase,silk | pigment | ink
entity:artifact:2:48284,materialBase,paper | ink
entity:artifact:2:48285,materialBase,paper | ink
entity:artifact:2:48286,materialBase,paper | ink
entity:artifact:2:48287,materialBase,paper | ink
entity:artifact:2:48288,materialBase,paper | ink
entity:artifact:2:48289,materialBase,silk | pigment | ink
entity:artifact:2:48331,materialBase,silk | pigment | ink
entity:artifact:2:48332,materialBase,silk | pigment | ink
entity:artifact:2:48370,materialBase,silk | pigment | ink
entity:artifact:2:48371,materialBase,silk | pigment | ink
entity:artifact:2:48372,materialBase,paper | pigment | ink
entity:artifact:2:48395,materialBase,paper | gold | ink
entity:artifact:2:48562,materialBase,silk
entity:artifact:2:48563,materialBase,silk
entity:artifact:2:48564,materialBase,silk
entity:artifact:2:48565,materialBase,silk
entity:artifact:2:48601,materialBase,paper | pigment | ink
entity:artifact:2:48602,materialBase,paper | pigment | ink
entity:artifact:2:48603,materialBase,paper | pigment | ink
entity:artifact:2:48604,materialBase,silk | pigment | gold | ink
entity:artifact:2:48605,materialBase,paper | ink
entity:artifact:2:48606,materialBase,paper | pigment | ink
entity:artifact:2:48607,materialBase,paper | pigment | ink
entity:artifact:2:48613,materialBase,paper | pigment | ink
entity:artifact:2:48614,materialBase,paper | pigment | ink
entity:artifact:2:48644,materialBase,paper | pigment | ink
entity:artifact:2:48645,materialBase,paper | pigment | ink
entity:artifact:2:48646,materialBase,paper | pigment | ink
entity:artifact:2:48647,materialBase,paper | pigment | ink
entity:artifact:2:48648,materialBase,paper | pigment | ink
entity:artifact:2:48649,materialBase,paper | pigment | ink
entity:artifact:2:48650,materialBase,paper | ink
entity:artifact:2:48651,materialBase,paper | ink
entity:artifact:2:48652,materialBase,paper | ink
entity:artifact:2:48661,materialBase,silk
entity:artifact:2:48662,materialBase,silk
entity:artifact:2:48663,materialBase,silk
entity:artifact:2:48664,materialBase,silk
entity:artifact:2:48665,materialBase,paper | ink
entity:artifact:2:48666,materialBase,paper | ink
entity:artifact:2:48670,materialBase,paper | pigment | ink
entity:artifact:2:48671,materialBase,paper | pigment | ink
entity:artifact:2:48672,materialBase,paper | ink
entity:artifact:2:48673,materialBase,paper | ink
entity:artifact:2:48783,materialBase,paper | pigment | ink
entity:artifact:2:48784,materialBase,paper | pigment | ink
entity:artifact:2:48785,materialBase,paper | pigment | ink
entity:artifact:2:48786,materialBase,silk | pigment | gold | ink
entity:artifact:2:48787,materialBase,silk | pigment | ink
entity:artifact:2:48788,materialBase,silk | pigment | ink
entity:artifact:2:48789,materialBase,silk | pigment | gold | ink
entity:artifact:2:48790,materialBase,paper | ink
entity:artifact:2:48791,materialBase,paper | ink
entity:artifact:2:48792,materialBase,paper | ink
entity:artifact:2:48793,materialBase,paper | pigment | ink
entity:artifact:2:48794,materialBase,paper | pigment | ink
entity:artifact:2:48795,materialBase,paper | pigment | ink
entity:artifact:2:48796,materialBase,paper | pigment | ink
entity:artifact:2:48797,materialBase,paper | pigment | ink
entity:artifact:2:48828,materialBase,paper | pigment | ink
entity:artifact:2:48829,materialBase,paper | pigment | ink
entity:artifact:2:48830,materialBase,paper | pigment | ink
entity:artifact:2:48831,materialBase,paper | pigment | ink
entity:artifact:2:48832,materialBase,silk | pigment | gold | ink
entity:artifact:2:48833,materialBase,silk | pigment | gold | ink
entity:artifact:2:48834,materialBase,paper | pigment | ink
entity:artifact:2:48835,materialBase,silk | pigment | ink
entity:artifact:2:48836,materialBase,paper | pigment | ink
entity:artifact:2:48837,materialBase,silk | pigment | ink
entity:artifact:2:48838,materialBase,paper | ink
entity:artifact:2:48839,materialBase,paper | ink
entity:artifact:2:48840,materialBase,paper | ink
entity:artifact:2:48841,materialBase,paper | ink
entity:artifact:2:48842,materialBase,paper | pigment | ink
entity:artifact:2:48843,materialBase,paper | pigment | ink
entity:artifact:2:48844,materialBase,paper | pigment | ink
entity:artifact:2:48847,materialBase,paper | pigment | ink
entity:artifact:2:48848,materialBase,paper | pigment | ink
entity:artifact:2:48849,materialBase,paper | pigment | ink
entity:artifact:2:48887,materialBase,paper | pigment | ink
entity:artifact:2:48888,materialBase,paper | pigment | ink
entity:artifact:2:48930,materialBase,paper | ink
entity:artifact:2:48931,materialBase,paper | ink
entity:artifact:2:48932,materialBase,paper | ink
entity:artifact:2:48933,materialBase,paper | ink
entity:artifact:2:48934,materialBase,paper | pigment | ink
entity:artifact:2:48935,materialBase,paper | pigment | ink
entity:artifact:2:48939,materialBase,paper | pigment | ink
entity:artifact:2:48940,materialBase,paper | pigment | ink
entity:artifact:2:48941,materialBase,paper | pigment | ink
entity:artifact:2:49026,materialBase,paper | pigment | ink
entity:artifact:2:49038,materialBase,paper | pigment | ink
entity:artifact:2:49048,materialBase,paper | pigment | ink
entity:artifact:2:49049,materialBase,paper | pigment | ink
entity:artifact:2:49050,materialBase,paper | pigment | ink
entity:artifact:2:49051,materialBase,paper | pigment | ink
entity:artifact:2:49052,materialBase,paper | pigment | ink
entity:artifact:2:49053,materialBase,paper | pigment | ink
entity:artifact:2:49054,materialBase,paper | pigment | ink
entity:artifact:2:49055,materialBase,paper | pigment | ink
entity:artifact:2:49056,materialBase,paper | pigment | ink
entity:artifact:2:49057,materialBase,paper | pigment | ink
entity:artifact:2:49101,materialBase,paper | pigment | ink
entity:artifact:2:49113,materialBase,paper | pigment | ink
entity:artifact:2:49114,materialBase,paper | pigment | ink
entity:artifact:2:49115,materialBase,paper | pigment | ink
entity:artifact:2:49116,materialBase,paper | pigment | ink
entity:artifact:2:49117,materialBase,paper | pigment | ink
entity:artifact:2:49118,materialBase,paper | pigment | ink
entity:artifact:2:49119,materialBase,paper | pigment | ink
entity:artifact:2:49120,materialBase,paper | pigment | ink
entity:artifact:2:49121,materialBase,paper | pigment | ink
entity:artifact:2:49122,materialBase,paper | pigment | ink
entity:artifact:2:49123,materialBase,paper | pigment | ink
entity:artifact:2:49124,materialBase,paper | pigment | ink
entity:artifact:2:49125,materialBase,paper | pigment | ink
entity:artifact:2:49126,materialBase,paper | pigment | ink
entity:artifact:2:49149,materialBase,paper | pigment | ink
entity:artifact:2:49150,materialBase,paper | pigment | ink
entity:artifact:2:49151,materialBase,paper | pigment | ink
entity:artifact:2:49152,materialBase,paper | pigment | ink
entity:artifact:2:49153,materialBase,paper | pigment | ink
entity:artifact:2:49154,materialBase,paper | pigment | ink
entity:artifact:2:49155,materialBase,paper | pigment | ink
entity:artifact:2:49156,materialBase,paper | pigment | ink
entity:artifact:2:49169,materialBase,paper | pigment | ink
entity:artifact:2:49170,materialBase,paper | pigment | ink
entity:artifact:2:49180,materialBase,wood | pigment | paper | gold
entity:artifact:2:49184,materialBase,paper | pigment | ink
entity:artifact:2:49190,materialBase,paper | pigment | ink
entity:artifact:2:49191,materialBase,paper | pigment | ink
entity:artifact:2:49192,materialBase,paper | pigment | ink
entity:artifact:2:49193,materialBase,paper | pigment | ink
entity:artifact:2:49194,materialBase,paper | pigment | ink
entity:artifact:2:49213,materialBase,paper | pigment | ink
entity:artifact:2:49214,materialBase,paper | pigment | ink
entity:artifact:2:49215,materialBase,paper | pigment | ink
entity:artifact:2:49216,materialBase,paper | pigment | ink
entity:artifact:2:49217,materialBase,paper | pigment | ink
entity:artifact:2:49218,materialBase,paper | pigment | ink
entity:artifact:2:49219,materialBase,paper | pigment | ink
entity:artifact:2:49220,materialBase,paper | pigment | ink
entity:artifact:2:49221,materialBase,paper | pigment | ink
entity:artifact:2:49222,materialBase,paper | pigment | ink
entity:artifact:2:49223,materialBase,paper | pigment | ink
entity:artifact:2:49224,materialBase,paper | pigment | ink
entity:artifact:2:49225,materialBase,paper | pigment | ink
entity:artifact:2:49265,materialBase,paper | pigment | ink
entity:artifact:2:49266,materialBase,paper | pigment | ink
entity:artifact:2:49267,materialBase,paper | pigment | ink
entity:artifact:2:49268,materialBase,paper | pigment | ink
entity:artifact:2:49269,materialBase,wood | paper | pigment | gold | ink
entity:artifact:2:49278,materialBase,paper | pigment | ink
entity:artifact:2:49279,materialBase,paper | pigment | ink
entity:artifact:2:49502,materialBase,paper | pigment | ink
entity:artifact:2:49511,materialBase,paper | pigment | ink
entity:artifact:2:49523,materialBase,metal
entity:artifact:2:49524,materialBase,metal
entity:artifact:2:49525,materialBase,metal
entity:artifact:2:49526,materialBase,metal
entity:artifact:2:49574,materialBase,metal
entity:artifact:2:49575,materialBase,metal
entity:artifact:2:49576,materialBase,metal
entity:artifact:2:49577,materialBase,metal
entity:artifact:2:49578,materialBase,metal
entity:artifact:2:49579,materialBase,metal
entity:artifact:2:49580,materialBase,metal
entity:artifact:2:49581,materialBase,metal
entity:artifact:2:49582,materialBase,metal
entity:artifact:2:49583,materialBase,metal
entity:artifact:2:49627,materialBase,metal
entity:artifact:2:49628,materialBase,metal
entity:artifact:2:49629,materialBase,metal
entity:artifact:2:49630,materialBase,metal
entity:artifact:2:49631,materialBase,metal
entity:artifact:2:49632,materialBase,metal
entity:artifact:2:49633,materialBase,metal
entity:artifact:2:49634,materialBase,metal
entity:artifact:2:49635,materialBase,metal
entity:artifact:2:49636,materialBase,metal
entity:artifact:2:49663,materialBase,metal
entity:artifact:2:49664,materialBase,metal
entity:artifact:2:49666,materialBase,metal
entity:artifact:2:49667,materialBase,metal
entity:artifact:2:49735,materialBase,copper
entity:artifact:2:49736,materialBase,copper
entity:artifact:2:49737,materialBase,copper
entity:artifact:2:49738,materialBase,copper
entity:artifact:2:49739,materialBase,metal
entity:artifact:2:49740,materialBase,metal
entity:artifact:2:49741,materialBase,metal
entity:artifact:2:49742,materialBase,metal
entity:artifact:2:49743,materialBase,metal
entity:artifact:2:49744,materialBase,metal
entity:artifact:2:49745,materialBase,metal
entity:artifact:2:49746,materialBase,metal
entity:artifact:2:49815,materialBase,metal
entity:artifact:2:49816,materialBase,metal
entity:artifact:2:49817,materialBase,metal
entity:artifact:2:49818,materialBase,metal
entity:artifact:2:49819,materialBase,metal
entity:artifact:2:49820,materialBase,metal
entity:artifact:2:49821,materialBase,metal
entity:artifact:2:49822,materialBase,metal
entity:artifact:2:49852,materialBase,metal
entity:artifact:2:49854,materialBase,metal
entity:artifact:2:49855,materialBase,metal
entity:artifact:2:49856,materialBase,metal
entity:artifact:2:49857,materialBase,metal
entity:artifact:2:49858,materialBase,metal
entity:artifact:2:49859,materialBase,metal
entity:artifact:2:49860,materialBase,metal
entity:artifact:2:49861,materialBase,metal
entity:artifact:2:50060,materialBase,copper
entity:artifact:2:50061,materialBase,copper
entity:artifact:2:50062,materialBase,copper
entity:artifact:2:50063,materialBase,copper
entity:artifact:2:50064,materialBase,metal
entity:artifact:2:50065,materialBase,metal
entity:artifact:2:50066,materialBase,metal
entity:artifact:2:50067,materialBase,metal
entity:artifact:2:50068,materialBase,metal
entity:artifact:2:50069,materialBase,metal
entity:artifact:2:50070,materialBase,metal
entity:artifact:2:50071,materialBase,metal
entity:artifact:2:50072,materialBase,metal
entity:artifact:2:50110,materialBase,metal
entity:artifact:2:50111,materialBase,metal
entity:artifact:2:50112,materialBase,metal
entity:artifact:2:50114,materialBase,metal
entity:artifact:2:50115,materialBase,metal
entity:artifact:2:50116,materialBase,metal
entity:artifact:2:5144,materialBase,paper | ink
entity:artifact:2:5145,materialBase,paper | ink
entity:artifact:2:5146,materialBase,textile
entity:artifact:2:5189,materialBase,paper | ink
entity:artifact:2:5204,materialBase,paper | ink
entity:artifact:2:5205,materialBase,paper | ink
entity:artifact:2:5215,materialBase,paper | ink
entity:artifact:2:5216,materialBase,paper | ink
entity:artifact:2:5217,materialBase,paper | ink
entity:artifact:2:5218,materialBase,paper | ink
entity:artifact:2:5219,materialBase,paper | ink
entity:artifact:2:5220,materialBase,paper | ink
entity:artifact:2:5221,materialBase,paper | ink
entity:artifact:2:5222,materialBase,paper | ink
entity:artifact:2:52757,materialBase,earthenware | porcelain
entity:artifact:2:5277,materialBase,earthenware | glass
entity:artifact:2:5368,materialBase,paper | ink
entity:artifact:2:5369,materialBase,paper | ink
entity:artifact:2:54111,materialBase,paper | ink
entity:artifact:2:54270,materialBase,pigment | earthenware
entity:artifact:2:54285,materialBase,porcelain | copper
entity:artifact:2:54286,materialBase,earthenware | porcelain
entity:artifact:2:54287,materialBase,porcelain | earthenware
entity:artifact:2:54289,materialBase,earthenware | iron
entity:artifact:2:54307,materialBase,silver
entity:artifact:2:54308,materialBase,silver
entity:artifact:2:54340,materialBase,porcelain
entity:artifact:2:54341,materialBase,earthenware
entity:artifact:2:54342,materialBase,earthenware | porcelain
entity:artifact:2:54343,materialBase,earthenware | ivory
entity:artifact:2:54354,materialBase,silver
entity:artifact:2:54355,materialBase,silver
entity:artifact:2:54372,materialBase,silver
entity:artifact:2:54373,materialBase,silver
entity:artifact:2:54389,materialBase,silver
entity:artifact:2:54390,materialBase,silver
entity:artifact:2:54391,materialBase,silver
entity:artifact:2:54407,materialBase,silver
entity:artifact:2:54408,materialBase,silver
entity:artifact:2:54409,materialBase,silver
entity:artifact:2:54410,materialBase,silver
entity:artifact:2:54411,materialBase,silver
entity:artifact:2:54471,materialBase,earthenware | porcelain
entity:artifact:2:54481,materialBase,earthenware | iron
entity:artifact:2:54482,materialBase,earthenware | metal
entity:artifact:2:54492,materialBase,silver
entity:artifact:2:54493,materialBase,silver
entity:artifact:2:54494,materialBase,silver
entity:artifact:2:54495,materialBase,silver
entity:artifact:2:54496,materialBase,silver
entity:artifact:2:54527,materialBase,silver
entity:artifact:2:54528,materialBase,silver
entity:artifact:2:54529,materialBase,silver
entity:artifact:2:54530,materialBase,silver
entity:artifact:2:54550,materialBase,earthenware | metal
entity:artifact:2:54593,materialBase,silver
entity:artifact:2:54594,materialBase,silver
entity:artifact:2:54595,materialBase,silver
entity:artifact:2:54596,materialBase,silver
entity:artifact:2:54597,materialBase,silver
entity:artifact:2:54631,materialBase,earthenware | amber | metal
entity:artifact:2:54632,materialBase,pigment | earthenware | metal
entity:artifact:2:54633,materialBase,bronze | copper | gold
entity:artifact:2:54634,materialBase,porcelain
entity:artifact:2:54635,materialBase,earthenware | metal
entity:artifact:2:54636,materialBase,earthenware | metal
entity:artifact:2:54662,materialBase,silver
entity:artifact:2:54663,materialBase,silver
entity:artifact:2:54664,materialBase,silver
entity:artifact:2:54665,materialBase,silver
entity:artifact:2:54666,materialBase,silver
entity:artifact:2:54667,materialBase,silver
entity:artifact:2:54669,materialBase,silver
entity:artifact:2:54670,materialBase,silver
entity:artifact:2:54671,materialBase,silver
entity:artifact:2:54672,materialBase,silver
entity:artifact:2:54687,materialBase,silver
entity:artifact:2:54688,materialBase,silver
entity:artifact:2:54689,materialBase,silver
entity:artifact:2:54729,materialBase,silver
entity:artifact:2:54730,materialBase,silver
entity:artifact:2:54731,materialBase,silver
entity:artifact:2:54732,materialBase,silver
entity:artifact:2:54733,materialBase,silver
entity:artifact:2:54734,materialBase,silver
entity:artifact:2:54735,materialBase,silver
entity:artifact:2:54736,materialBase,silver
entity:artifact:2:54737,materialBase,silver
entity:artifact:2:54807,materialBase,silver
entity:artifact:2:54861,materialBase,earthenware
entity:artifact:2:54893,materialBase,silver
entity:artifact:2:54894,materialBase,silver
entity:artifact:2:54895,materialBase,silver
entity:artifact:2:54915,materialBase,earthenware | metal
entity:artifact:2:54917,materialBase,earthenware | porcelain
entity:artifact:2:54920,materialBase,earthenware
entity:artifact:2:54936,materialBase,silver
entity:artifact:2:54937,materialBase,silver
entity:artifact:2:54938,materialBase,silver
entity:artifact:2:54939,materialBase,porcelain
entity:artifact:2:5499,materialBase,paper | ink
entity:artifact:2:5500,materialBase,paper | ink
entity:artifact:2:5501,materialBase,paper | ink
entity:artifact:2:5502,materialBase,paper | ink
entity:artifact:2:55040,materialBase,silver
entity:artifact:2:55041,materialBase,silver
entity:artifact:2:55042,materialBase,silver
entity:artifact:2:55043,materialBase,silver
entity:artifact:2:55044,materialBase,silver
entity:artifact:2:55045,materialBase,silver
entity:artifact:2:55059,materialBase,silver
entity:artifact:2:55060,materialBase,silver
entity:artifact:2:55061,materialBase,silver
entity:artifact:2:55063,materialBase,silver
entity:artifact:2:55088,materialBase,silver
entity:artifact:2:55117,materialBase,silver
entity:artifact:2:55118,materialBase,silver
entity:artifact:2:55119,materialBase,silver
entity:artifact:2:55120,materialBase,silver
entity:artifact:2:55121,materialBase,silver
entity:artifact:2:55122,materialBase,silver
entity:artifact:2:55123,materialBase,silver
entity:artifact:2:55124,materialBase,silver
entity:artifact:2:55154,materialBase,silver
entity:artifact:2:55155,materialBase,silver
entity:artifact:2:55156,materialBase,silver
entity:artifact:2:55157,materialBase,silver
entity:artifact:2:55158,materialBase,silver
entity:artifact:2:55171,materialBase,silver
entity:artifact:2:55172,materialBase,silver
entity:artifact:2:55173,materialBase,silver
entity:artifact:2:55174,materialBase,silver
entity:artifact:2:55175,materialBase,silver
entity:artifact:2:55176,materialBase,silver
entity:artifact:2:55195,materialBase,copper | wood
entity:artifact:2:55219,materialBase,silk | pigment | ink
entity:artifact:2:5524,materialBase,paper | ink
entity:artifact:2:5525,materialBase,paper | ink
entity:artifact:2:55395,materialBase,silver
entity:artifact:2:55674,materialBase,silk | pigment | ink
entity:artifact:2:5661,materialBase,paper | gold | silk
entity:artifact:2:56693,materialBase,bronze
entity:artifact:2:56694,materialBase,bronze
entity:artifact:2:5673,materialBase,paper | ink
entity:artifact:2:57191,materialBase,bronze
entity:artifact:2:57192,materialBase,bronze
entity:artifact:2:57193,materialBase,bronze
entity:artifact:2:57205,materialBase,bronze
entity:artifact:2:57206,materialBase,bronze
entity:artifact:2:57207,materialBase,bronze
entity:artifact:2:57216,materialBase,bronze
entity:artifact:2:57217,materialBase,bronze
entity:artifact:2:5859,materialBase,earthenware | ivory | pigment | metal
entity:artifact:2:58969,materialBase,earthenware | porcelain
entity:artifact:2:59008,materialBase,bronze | gold
entity:artifact:2:6314,materialBase,bronze | gold
entity:artifact:2:6315,materialBase,bronze | gold
entity:artifact:2:6758,materialBase,earthenware | porcelain | copper
entity:artifact:2:6759,materialBase,earthenware | iron
entity:artifact:2:6760,materialBase,porcelain
entity:artifact:2:6762,materialBase,nephrite
entity:artifact:2:6786,materialBase,earthenware | porcelain
entity:artifact:2:6791,materialBase,earthenware | pigment | metal
entity:artifact:2:6797,materialBase,earthenware | porcelain
entity:artifact:2:70044,materialBase,textile
entity:artifact:2:70462,materialBase,paper | ink
entity:artifact:2:70467,materialBase,earthenware
entity:artifact:2:70470,materialBase,paper | ink | pigment
entity:artifact:2:70471,materialBase,earthenware | porcelain
entity:artifact:2:70622,materialBase,pigment | earthenware
entity:artifact:2:70637,materialBase,textile | silk
entity:artifact:2:70724,materialBase,earthenware | porcelain
entity:artifact:2:70759,materialBase,paper | ink | pigment
entity:artifact:2:71735,materialBase,earthenware
entity:artifact:2:72326,materialBase,bronze
entity:artifact:2:73665,materialBase,paper | ink | pigment
entity:artifact:2:73713,materialBase,earthenware
entity:artifact:2:73719,materialBase,earthenware | porcelain
entity:artifact:2:73720,materialBase,earthenware | porcelain
entity:artifact:2:73730,materialBase,earthenware | porcelain
entity:artifact:2:73737,materialBase,stone
entity:artifact:2:77785,materialBase,lacquer | wood
entity:artifact:2:77864,materialBase,paper | pigment | ink
entity:artifact:2:77878,materialBase,earthenware
entity:artifact:2:78047,materialBase,paper | ink
entity:artifact:2:78048,materialBase,paper | ink
entity:artifact:2:78261,materialBase,earthenware | metal
entity:artifact:2:8001,materialBase,porcelain | earthenware
entity:artifact:2:92161,materialBase,silver
entity:artifact:2:92230,materialBase,stone
entity:artifact:2:92261,materialBase,paper | ink
entity:artifact:2:92262,materialBase,paper | ink
entity:artifact:2:92263,materialBase,paper | ink
entity:artifact:2:92264,materialBase,paper | ink
entity:artifact:2:92265,materialBase,paper | ink
entity:artifact:2:92266,materialBase,paper | ink
entity:artifact:2:92267,materialBase,paper | ink
entity:artifact:2:92268,materialBase,paper | ink
entity:artifact:2:92269,materialBase,paper | ink
entity:artifact:2:92270,materialBase,textile
entity:artifact:2:92314,materialBase,paper | ink
entity:artifact:2:92315,materialBase,paper | ink
entity:artifact:2:92316,materialBase,paper | ink
entity:artifact:2:92317,materialBase,paper | ink
entity:artifact:2:92318,materialBase,paper | ink
entity:artifact:2:92319,materialBase,paper | ink
entity:artifact:2:92400,materialBase,paper | ink
entity:artifact:2:92401,materialBase,paper | ink
entity:artifact:2:92402,materialBase,paper | ink
entity:artifact:2:92403,materialBase,paper | ink
entity:artifact:2:92404,materialBase,paper | ink
entity:artifact:2:92405,materialBase,paper | ink
entity:artifact:2:92406,materialBase,paper | ink
entity:artifact:2:92420,materialBase,paper | ink
entity:artifact:2:92421,materialBase,paper | ink
entity:artifact:2:92422,materialBase,paper | ink
entity:artifact:2:92423,materialBase,paper | ink
entity:artifact:2:92424,materialBase,paper | ink
entity:artifact:2:92425,materialBase,paper | ink
entity:artifact:2:92426,materialBase,paper | ink
entity:artifact:2:92427,materialBase,paper | ink
entity:artifact:2:92428,materialBase,paper | ink
entity:artifact:2:92501,materialBase,paper | ink
entity:artifact:2:92502,materialBase,paper | ink
entity:artifact:2:92503,materialBase,paper | ink
entity:artifact:2:92504,materialBase,paper | ink
entity:artifact:2:92505,materialBase,paper | ink
entity:artifact:2:92506,materialBase,paper | ink
entity:artifact:2:92536,materialBase,clay
entity:artifact:2:92537,materialBase,paper | ink
entity:artifact:2:92538,materialBase,paper | ink
entity:artifact:2:92539,materialBase,paper | ink
entity:artifact:2:92540,materialBase,paper | ink
entity:artifact:2:92541,materialBase,paper | ink
entity:artifact:2:92542,materialBase,paper | ink
entity:artifact:2:92543,materialBase,paper | ink
entity:artifact:2:92544,materialBase,paper | ink
entity:artifact:2:92545,materialBase,paper | ink
entity:artifact:2:92546,materialBase,paper | ink
entity:artifact:2:92547,materialBase,paper | ink
entity:artifact:2:92548,materialBase,paper | ink
entity:artifact:2:92549,materialBase,paper | ink
entity:artifact:2:92550,materialBase,paper | ink
entity:artifact:2:92551,materialBase,paper | ink
entity:artifact:2:92552,materialBase,paper | ink
entity:artifact:2:92553,materialBase,paper | ink
entity:artifact:2:92571,materialBase,paper | ink
entity:artifact:2:92572,materialBase,paper | ink
entity:artifact:2:92573,materialBase,paper | ink
entity:artifact:2:92574,materialBase,paper | ink
entity:artifact:2:92575,materialBase,paper | ink
entity:artifact:2:92576,materialBase,paper | ink
entity:artifact:2:92577,materialBase,paper | ink
entity:artifact:2:92578,materialBase,paper | ink
entity:artifact:2:92579,materialBase,paper | ink
entity:artifact:2:92580,materialBase,paper | ink
entity:artifact:2:92581,materialBase,paper | ink
entity:artifact:2:92592,materialBase,paper | ink
entity:artifact:2:92593,materialBase,paper | ink
entity:artifact:2:92594,materialBase,paper | ink
entity:artifact:2:92595,materialBase,paper | ink
entity:artifact:2:92596,materialBase,paper | ink
entity:artifact:2:92597,materialBase,paper | ink
entity:artifact:2:92598,materialBase,paper | ink
entity:artifact:2:92599,materialBase,paper | ink
entity:artifact:2:92600,materialBase,textile
entity:artifact:2:92611,materialBase,earthenware
entity:artifact:2:92612,materialBase,earthenware
entity:artifact:2:92622,materialBase,earthenware
entity:artifact:2:92689,materialBase,paper | ink
entity:artifact:2:92690,materialBase,paper | ink
entity:artifact:2:92691,materialBase,paper | ink
entity:artifact:2:92692,materialBase,paper | ink
entity:artifact:2:92693,materialBase,paper | ink
entity:artifact:2:92694,materialBase,paper | ink
entity:artifact:2:92695,materialBase,paper | ink
entity:artifact:2:92696,materialBase,paper | ink
entity:artifact:2:92717,materialBase,paper | ink
entity:artifact:2:92735,materialBase,paper | ink
entity:artifact:2:92736,materialBase,paper | ink
entity:artifact:2:92737,materialBase,paper | ink
entity:artifact:2:92738,materialBase,paper | ink
entity:artifact:2:92739,materialBase,paper | ink
entity:artifact:2:92740,materialBase,paper | ink
entity:artifact:2:92741,materialBase,paper | ink
entity:artifact:2:92742,materialBase,paper | ink
entity:artifact:2:92743,materialBase,paper | ink
entity:artifact:2:92744,materialBase,paper | ink
entity:artifact:2:92745,materialBase,paper | ink
entity:artifact:2:92746,materialBase,paper | ink
entity:artifact:2:92747,materialBase,paper | ink
entity:artifact:2:92748,materialBase,paper | ink
entity:artifact:2:92749,materialBase,paper | ink
entity:artifact:2:92750,materialBase,paper | ink
entity:artifact:2:92751,materialBase,paper | ink
entity:artifact:2:92752,materialBase,paper | ink
entity:artifact:2:92753,materialBase,paper | ink
entity:artifact:2:92754,materialBase,paper | ink
entity:artifact:2:92755,materialBase,paper | ink
entity:artifact:2:92781,materialBase,paper | ink
entity:artifact:2:92782,materialBase,paper | ink
entity:artifact:2:92783,materialBase,paper | ink
entity:artifact:2:92784,materialBase,paper | ink
entity:artifact:2:92785,materialBase,paper | ink
entity:artifact:2:92971,materialBase,earthenware
entity:artifact:2:92972,materialBase,earthenware
entity:artifact:2:92973,materialBase,earthenware
entity:artifact:2:93183,materialBase,paper | ink
entity:artifact:2:93322,materialBase,paper | ink
entity:artifact:2:93620,materialBase,earthenware
entity:artifact:2:93621,materialBase,earthenware
entity:artifact:2:93622,materialBase,earthenware
entity:artifact:2:93653,materialBase,earthenware
entity:artifact:2:93654,materialBase,earthenware | porcelain
entity:artifact:2:93665,materialBase,earthenware
entity:artifact:2:93703,materialBase,earthenware | porcelain
entity:artifact:2:94013,materialBase,paper | ink
entity:artifact:2:94014,materialBase,paper | ink
entity:artifact:2:94015,materialBase,paper | ink
entity:artifact:2:94016,materialBase,paper | ink
entity:artifact:2:94036,materialBase,paper | ink
entity:artifact:2:94037,materialBase,paper | ink
entity:artifact:2:94038,materialBase,paper | ink
entity:artifact:2:94039,materialBase,paper | ink
entity:artifact:2:94040,materialBase,paper | ink
entity:artifact:2:94041,materialBase,paper | ink
entity:artifact:2:94061,materialBase,paper | pigment | gold | wood | ink
entity:artifact:2:94062,materialBase,paper | ink
entity:artifact:2:94063,materialBase,paper | ink
entity:artifact:2:94068,materialBase,earthenware
entity:artifact:2:94110,materialBase,paper | ink
entity:artifact:2:94111,materialBase,paper | ink
entity:artifact:2:94213,materialBase,wood | pigment | paper | gold
entity:artifact:2:94272,materialBase,earthenware
entity:artifact:2:94273,materialBase,earthenware
entity:artifact:2:94333,materialBase,paper | ink
entity:artifact:2:94334,materialBase,paper | ink
entity:artifact:2:94335,materialBase,paper | ink
entity:artifact:2:94336,materialBase,paper | ink
entity:artifact:2:94337,materialBase,paper | ink
entity:artifact:2:94338,materialBase,paper | ink
entity:artifact:2:94339,materialBase,paper | ink
entity:artifact:2:94340,materialBase,paper | ink
entity:artifact:2:94343,materialBase,paper | ink
entity:artifact:2:94357,materialBase,earthenware
entity:artifact:2:94518,materialBase,paper | ink
entity:artifact:2:94519,materialBase,paper | ink
entity:artifact:2:94520,materialBase,paper | ink
entity:artifact:2:94521,materialBase,paper | ink
entity:artifact:2:94522,materialBase,paper | ink
entity:artifact:2:94538,materialBase,bronze
entity:artifact:2:94643,materialBase,paper | ink
entity:artifact:2:94669,materialBase,paper | ink
entity:artifact:2:94670,materialBase,paper | ink
entity:artifact:2:94671,materialBase,paper | ink
entity:artifact:2:94680,materialBase,paper | ink
entity:artifact:2:94695,materialBase,paper | ink
entity:artifact:2:94696,materialBase,paper | ink
entity:artifact:2:96180,materialBase,paper | pigment | ink
entity:artifact:2:96415,materialBase,paper | ink
entity:artifact:2:96416,materialBase,paper | ink
entity:artifact:2:96417,materialBase,paper | ink
entity:artifact:2:96511,materialBase,paper | ink
entity:artifact:2:96512,materialBase,paper | ink
entity:artifact:2:96513,materialBase,paper | ink
entity:artifact:2:96514,materialBase,paper | ink
entity:artifact:2:96515,materialBase,paper | ink
entity:artifact:2:96601,materialBase,paper | ink
entity:artifact:2:96602,materialBase,paper | ink
entity:artifact:2:96603,materialBase,paper | ink
entity:artifact:2:96604,materialBase,paper | ink
entity:artifact:2:96605,materialBase,paper | ink
entity:artifact:2:96606,materialBase,paper | ink
entity:artifact:2:96665,materialBase,paper | ink
entity:artifact:2:96666,materialBase,paper | pigment | ink
entity:artifact:2:96667,materialBase,paper | ink
entity:artifact:2:96752,materialBase,paper | ink
entity:artifact:2:96779,materialBase,paper | ink
entity:artifact:2:96780,materialBase,paper | ink
entity:artifact:2:96781,materialBase,paper | ink
entity:artifact:2:96782,materialBase,paper | ink
entity:artifact:2:96783,materialBase,paper | ink
entity:artifact:2:96784,materialBase,paper | ink
entity:artifact:2:96796,materialBase,paper | ink
entity:artifact:2:96797,materialBase,paper | ink
entity:artifact:2:96798,materialBase,paper | ink
entity:artifact:2:96799,materialBase,paper | ink
entity:artifact:2:96800,materialBase,paper | ink
entity:artifact:2:96801,materialBase,paper | ink
entity:artifact:2:96802,materialBase,paper | ink
entity:artifact:2:96803,materialBase,paper | ink
entity:artifact:2:96809,materialBase,paper | ink
entity:artifact:2:96812,materialBase,paper | ink
entity:artifact:2:96813,materialBase,paper | ink
entity:artifact:2:96814,materialBase,paper | ink
entity:artifact:2:96815,materialBase,paper | ink
entity:artifact:2:96816,materialBase,paper | ink
entity:artifact:2:96817,materialBase,paper | ink
entity:artifact:2:96818,materialBase,paper | ink
entity:artifact:2:96819,materialBase,paper | ink
entity:artifact:2:96820,materialBase,paper | ink
entity:artifact:2:96821,materialBase,paper | ink
entity:artifact:2:96822,materialBase,paper | ink
entity:artifact:2:96823,materialBase,paper | ink
entity:artifact:2:96832,materialBase,pigment | earthenware
entity:artifact:2:96842,materialBase,paper | ink
entity:artifact:2:96873,materialBase,paper | ink
entity:artifact:2:96874,materialBase,paper | ink
entity:artifact:2:96875,materialBase,paper | ink
entity:artifact:2:96876,materialBase,paper | ink
entity:artifact:2:96877,materialBase,paper | ink
entity:artifact:2:96878,materialBase,paper | ink
entity:artifact:2:96879,materialBase,paper | ink
entity:artifact:2:96914,materialBase,paper | ink
entity:artifact:2:96915,materialBase,paper | ink
entity:artifact:2:96916,materialBase,paper | ink
entity:artifact:2:96917,materialBase,paper | ink
entity:artifact:2:96918,materialBase,paper | ink
entity:artifact:2:96919,materialBase,paper | ink
entity:artifact:2:96937,materialBase,paper | ink
entity:artifact:2:96938,materialBase,paper | ink
entity:artifact:2:96939,materialBase,paper | ink
entity:artifact:2:96940,materialBase,paper | ink
entity:artifact:2:96941,materialBase,paper | ink
entity:artifact:2:96942,materialBase,paper | ink
entity:artifact:2:96943,materialBase,paper | ink
entity:artifact:2:96944,materialBase,paper | pigment | ink
entity:artifact:2:96945,materialBase,paper | pigment | ink
entity:artifact:2:96966,materialBase,paper | ink
entity:artifact:2:96967,materialBase,paper | ink
entity:artifact:2:96968,materialBase,paper | ink
entity:artifact:2:96979,materialBase,paper | ink
entity:artifact:2:96987,materialBase,paper | pigment | ink
entity:artifact:2:96988,materialBase,paper | ink
entity:artifact:2:97017,materialBase,paper | ink
entity:artifact:2:97103,materialBase,paper | ink
entity:artifact:2:97104,materialBase,paper | ink
entity:artifact:2:97105,materialBase,paper | ink
entity:artifact:2:97106,materialBase,paper | ink
entity:artifact:2:97107,materialBase,paper | ink
entity:artifact:2:97108,materialBase,paper | ink
entity:artifact:2:97164,materialBase,paper | ink
entity:artifact:2:97165,materialBase,paper | ink
entity:artifact:2:97209,materialBase,paper | ink
entity:artifact:2:97210,materialBase,paper | ink
entity:artifact:2:97276,materialBase,earthenware | metal
entity:artifact:2:97296,materialBase,pigment | earthenware
entity:artifact:2:97375,materialBase,paper | ink
entity:artifact:2:97376,materialBase,paper | ink
entity:artifact:2:97377,materialBase,paper | ink
entity:artifact:2:97379,materialBase,earthenware | metal
entity:artifact:2:97380,materialBase,earthenware | metal
entity:artifact:2:99543,materialBase,earthenware
entity:artifact:2:99777,materialBase,earthenware | iron
entity:artifact:2:99779,materialBase,earthenware
entity:artifact:2:99837,materialBase,earthenware
entity:artifact:2:99839,materialBase,pigment | earthenware
entity:artifact:2:99841,materialBase,earthenware | porcelain
entity:artifact:2:99854,materialBase,pigment | earthenware
entity:artifact:2:99888,materialBase,earthenware
entity:artifact:2:99889,materialBase,earthenware
entity:artifact:2:99895,materialBase,pigment | earthenware
entity:artifact:3:00.486,materialBase,textile | silk
entity:artifact:3:00.488,materialBase,textile | silk
entity:artifact:3:00.581,materialBase,textile | leather | cotton | silk
entity:artifact:3:00.613,materialBase,silk
entity:artifact:3:01.5661,materialBase,silk
entity:artifact:3:01.5662,materialBase,silk
entity:artifact:3:01.5719,materialBase,porcelain
entity:artifact:3:01.5721,materialBase,porcelain
entity:artifact:3:01.5722,materialBase,porcelain
entity:artifact:3:01.5726,materialBase,porcelain
entity:artifact:3:01.5731,materialBase,porcelain
entity:artifact:3:01.5732,materialBase,porcelain
entity:artifact:3:01.5745,materialBase,porcelain | pigment
entity:artifact:3:01.5748,materialBase,porcelain
entity:artifact:3:01.5771,materialBase,porcelain
entity:artifact:3:01.5772,materialBase,porcelain
entity:artifact:3:01.5804,materialBase,porcelain
entity:artifact:3:01.5812,materialBase,porcelain
entity:artifact:3:01.6264,materialBase,textile | silk
entity:artifact:3:01.6402,materialBase,glass
entity:artifact:3:01.6720a-d,materialBase,lacquer
entity:artifact:3:02.344,materialBase,silk
entity:artifact:3:02.345,materialBase,silk
entity:artifact:3:02.346,materialBase,silk
entity:artifact:3:02.347,materialBase,silk
entity:artifact:3:02.348,materialBase,silk
entity:artifact:3:02.349,materialBase,silk
entity:artifact:3:02.350,materialBase,silk
entity:artifact:3:02.353,materialBase,silk
entity:artifact:3:02.354,materialBase,silk
entity:artifact:3:02.358,materialBase,silk
entity:artifact:3:02.393,materialBase,gold | silk
entity:artifact:3:02.394,materialBase,textile | gold | silk
entity:artifact:3:02.396,materialBase,silk
entity:artifact:3:02.397,materialBase,textile | silk
entity:artifact:3:02.398,materialBase,textile | gold | silk
entity:artifact:3:02.399,materialBase,textile | gold | silk
entity:artifact:3:02.401,materialBase,textile | gold | silk
entity:artifact:3:02.402,materialBase,textile | linen | gold | silk
entity:artifact:3:02.48,materialBase,paper | gold | silk
entity:artifact:3:02.485,materialBase,textile | gold | silk
entity:artifact:3:02.49,materialBase,paper | gold | silk
entity:artifact:3:02.50,materialBase,paper | metal | gold | silk
entity:artifact:3:02.51,materialBase,paper | metal | gold | silk
entity:artifact:3:02.52,materialBase,paper | metal | gold | silk
entity:artifact:3:02.53,materialBase,paper | gold | silk
entity:artifact:3:02.54,materialBase,textile | silk
entity:artifact:3:02.55,materialBase,textile | silk
entity:artifact:3:02.56,materialBase,textile | silk
entity:artifact:3:02.57,materialBase,textile | metal | silk
entity:artifact:3:02.58,materialBase,textile | silk
entity:artifact:3:02.59,materialBase,textile | gold | silk
entity:artifact:3:02.60,materialBase,textile | silk
entity:artifact:3:02.62,materialBase,textile | silk
entity:artifact:3:02.63,materialBase,textile | silk
entity:artifact:3:02.64,materialBase,textile | gold | silk
entity:artifact:3:02.65,materialBase,textile | gold | silk
entity:artifact:3:02.66,materialBase,textile | gold | silk
entity:artifact:3:02.67,materialBase,textile | gold | silk
entity:artifact:3:02.68,materialBase,textile | gold | silk
entity:artifact:3:03.100,materialBase,porcelain
entity:artifact:3:03.102,materialBase,porcelain
entity:artifact:3:03.104,materialBase,porcelain
entity:artifact:3:03.1046,materialBase,gold | silk
entity:artifact:3:03.108,materialBase,porcelain
entity:artifact:3:03.1157a-b,materialBase,bronze
entity:artifact:3:03.119,materialBase,porcelain
entity:artifact:3:03.122,materialBase,porcelain
entity:artifact:3:03.146,materialBase,porcelain
entity:artifact:3:03.719,materialBase,silk
entity:artifact:3:03.94,materialBase,porcelain
entity:artifact:3:03.99,materialBase,porcelain
entity:artifact:3:04.148,materialBase,ceramic
entity:artifact:3:04.1693a,materialBase,paper | gold | silk
entity:artifact:3:04.235,materialBase,cotton | silk
entity:artifact:3:04.236,materialBase,earthenware
entity:artifact:3:04.276,materialBase,lacquer | silk | wood
entity:artifact:3:04.277,materialBase,lacquer | silk | wood
entity:artifact:3:05.199,materialBase,silk | pigment | ink
entity:artifact:3:05.210,materialBase,silk | pigment | ink
entity:artifact:3:06.163a,materialBase,earthenware
entity:artifact:3:06.170,materialBase,bronze
entity:artifact:3:06.172,materialBase,bronze
entity:artifact:3:06.173,materialBase,metal
entity:artifact:3:06.179a-b,materialBase,bronze
entity:artifact:3:06.1899,materialBase,silk | pigment | ink
entity:artifact:3:06.1902,materialBase,silk | pigment | gold | ink
entity:artifact:3:06.2410,materialBase,textile | silk
entity:artifact:3:06.2443a-b,materialBase,enamel
entity:artifact:3:06.2445a-c,materialBase,jade
entity:artifact:3:07.11,materialBase,porcelain
entity:artifact:3:07.159,materialBase,bronze
entity:artifact:3:07.172,materialBase,bronze
entity:artifact:3:07.203,materialBase,bronze
entity:artifact:3:07.222,materialBase,bronze
entity:artifact:3:07.245,materialBase,bronze
entity:artifact:3:07.251,materialBase,earthenware
entity:artifact:3:07.253,materialBase,earthenware
entity:artifact:3:07.31,materialBase,porcelain
entity:artifact:3:07.50,materialBase,porcelain
entity:artifact:3:07.513,materialBase,bronze
entity:artifact:3:07.66,materialBase,porcelain
entity:artifact:3:07.718,materialBase,stone
entity:artifact:3:07.732,materialBase,stone
entity:artifact:3:07.734,materialBase,stone
entity:artifact:3:07.735,materialBase,stone
entity:artifact:3:07.738,materialBase,stone
entity:artifact:3:07.740,materialBase,stone
entity:artifact:3:07.741,materialBase,stone
entity:artifact:3:07.743,materialBase,stone
entity:artifact:3:07.750,materialBase,stone
entity:artifact:3:07.76,materialBase,porcelain
entity:artifact:3:07.832,materialBase,silk
entity:artifact:3:07.850,materialBase,paper | gold | silk
entity:artifact:3:07.879a,materialBase,bronze
entity:artifact:3:08.105,materialBase,silk | pigment | ink
entity:artifact:3:08.120,materialBase,silk | pigment | ink
entity:artifact:3:08.121,materialBase,silk | pigment | ink
entity:artifact:3:08.273,materialBase,paper | gold | silk
entity:artifact:3:08.422,materialBase,bronze
entity:artifact:3:08.425,materialBase,bronze
entity:artifact:3:08.426,materialBase,bronze
entity:artifact:3:08.68,materialBase,ceramic
entity:artifact:3:11.4005,materialBase,silk | ink
entity:artifact:3:11.4009,materialBase,silk | pigment | ink
entity:artifact:3:11.6148,materialBase,pigment | silk | ink
entity:artifact:3:11.6152,materialBase,silk | ink
entity:artifact:3:11.6157,materialBase,silk | pigment | gold | ink
entity:artifact:3:14.54,materialBase,silk | pigment | ink
entity:artifact:3:14.76,materialBase,silk | pigment | ink
entity:artifact:3:14.80,materialBase,silk | pigment | gold
entity:artifact:3:15.888,materialBase,silk | pigment | ink
entity:artifact:3:15.891,materialBase,silk | pigment | ink
entity:artifact:3:15.896,materialBase,silk | pigment | ink
entity:artifact:3:15.897,materialBase,silk | pigment | ink
entity:artifact:3:17.191,materialBase,silk | pigment | ink
entity:artifact:3:17.197,materialBase,silk | ink
entity:artifact:3:17.698,materialBase,silk | pigment | ink
entity:artifact:3:17.746,materialBase,silk | pigment | gold | ink
entity:artifact:3:1973.173,materialBase,silk | ink | pigment
entity:artifact:3:1974.305,materialBase,paper | ink
entity:artifact:3:1974.528,materialBase,silk | pigment | ink
entity:artifact:3:1975.314,materialBase,paper | pigment | ink
entity:artifact:3:1979.203,materialBase,silk | pigment | ink
entity:artifact:3:29.1155,materialBase,silk | pigment | ink
entity:artifact:3:34.539,materialBase,cotton | textile
entity:artifact:3:56.257,materialBase,paper | pigment | ink
entity:artifact:3:56.496,materialBase,silk | ink
entity:artifact:3:85.21,materialBase,textile | silk
entity:artifact:3:85.22,materialBase,textile | silk
entity:artifact:3:85.23,materialBase,textile | silk
entity:artifact:3:85.24,materialBase,textile | gold | silk
entity:artifact:3:86.68,materialBase,textile | silk
entity:artifact:3:86.69,materialBase,textile | silk
entity:artifact:3:86.70,materialBase,textile | silk
entity:artifact:3:87.38,materialBase,textile | cotton | silk
entity:artifact:3:92.2635,materialBase,earthenware | porcelain
entity:artifact:3:92.2699,materialBase,earthenware
entity:artifact:3:92.2707a-b,materialBase,lacquer
entity:artifact:3:92.2718a-b,materialBase,ivory | shell | silk
entity:artifact:3:92.2719,materialBase,silk
entity:artifact:3:92.2721,materialBase,silk
entity:artifact:3:92.2722,materialBase,textile | silk
entity:artifact:3:92.2723,materialBase,textile | silk
entity:artifact:3:92.2724,materialBase,textile | silk
entity:artifact:3:92.2725,materialBase,paper | ink | pigment
entity:artifact:3:92.2726,materialBase,paper | ink | pigment
entity:artifact:3:92.2727,materialBase,paper | ink | pigment
entity:artifact:3:92.2728,materialBase,pigment | ink
entity:artifact:3:92.2729,materialBase,ink | pigment
entity:artifact:3:92.2730,materialBase,ink | pigment
entity:artifact:3:92.2731,materialBase,ink | pigment
entity:artifact:3:92.3099,materialBase,earthenware
entity:artifact:3:92.3100,materialBase,earthenware
entity:artifact:3:93.1014,materialBase,silk
entity:artifact:3:93.1028,materialBase,silk
entity:artifact:3:93.1029,materialBase,textile | silk
entity:artifact:3:93.1043,materialBase,paper | gold | silk
entity:artifact:3:93.1044,materialBase,paper | gold | silk
entity:artifact:3:93.1046,materialBase,silk
entity:artifact:3:93.1086,materialBase,silk
entity:artifact:3:93.1087,materialBase,gold | silk
entity:artifact:3:93.1122,materialBase,textile | silk
entity:artifact:3:93.1123,materialBase,textile | silk
entity:artifact:3:93.1124,materialBase,textile | silk
entity:artifact:3:93.1125,materialBase,textile | silk
entity:artifact:3:93.1454,materialBase,textile | gold | silk
entity:artifact:3:93.1459,materialBase,earthenware
entity:artifact:3:93.1477,materialBase,bronze | jade
entity:artifact:3:93.155a,materialBase,lacquer
entity:artifact:3:95.1104,materialBase,pigment | silk
entity:artifact:3:95.1235,materialBase,textile | silk
entity:artifact:3:95.1320,materialBase,gold
entity:artifact:3:95.1321,materialBase,gold
entity:artifact:3:95.1328,materialBase,pigment | gold | silk
entity:artifact:3:95.211,materialBase,gold | silk | ink
entity:artifact:3:95.438,materialBase,porcelain | copper
entity:artifact:3:95.507,materialBase,porcelain
entity:artifact:3:95.512,materialBase,porcelain
entity:artifact:3:95.521,materialBase,porcelain
entity:artifact:3:95.538,materialBase,porcelain
entity:artifact:3:95.542,materialBase,porcelain
entity:artifact:3:95.547,materialBase,porcelain
entity:artifact:3:95.548,materialBase,porcelain
entity:artifact:3:95.553,materialBase,porcelain
entity:artifact:3:95.559,materialBase,porcelain
entity:artifact:3:95.563a-b,materialBase,porcelain
entity:artifact:3:95.575,materialBase,porcelain
entity:artifact:3:95.577a,materialBase,porcelain
entity:artifact:3:95.622,materialBase,porcelain
entity:artifact:3:95.636,materialBase,porcelain
entity:artifact:3:95.697,materialBase,porcelain
entity:artifact:3:95.723,materialBase,porcelain | copper
entity:artifact:3:95.725,materialBase,porcelain
entity:artifact:3:95.742,materialBase,porcelain
entity:artifact:3:95.759,materialBase,ceramic
entity:artifact:3:95.797,materialBase,glass
entity:artifact:3:95.817,materialBase,jade
entity:artifact:3:95.858,materialBase,ivory
entity:artifact:3:96.651,materialBase,metal | silk
entity:artifact:3:96.652,materialBase,paper | textile | gold | silk
entity:artifact:3:96.653,materialBase,textile | gold | silk
entity:artifact:3:96.654a-b,materialBase,lacquer | gold
entity:artifact:3:97.169,materialBase,silk
entity:artifact:3:97.451,materialBase,paper | gold | silk
entity:artifact:3:97.66,materialBase,textile
entity:artifact:3:98.12,materialBase,earthenware
entity:artifact:3:98.208,materialBase,silk
entity:artifact:3:98.209,materialBase,silk
entity:artifact:3:98.210,materialBase,silk
entity:artifact:3:98.948,materialBase,jade
entity:artifact:3:98.955a-c,materialBase,lacquer
entity:artifact:3:99.318,materialBase,bronze
