from,relation,to
entity:artifact:1:ld1-1643381040022-1643381041048-0,materialPrimary,canvas
entity:artifact:1:ld1-1643381040022-1643381042241-1,materialPrimary,canvas
entity:artifact:1:ld1-1643381040022-1643381046516-1,materialPrimary,paper
entity:artifact:1:ld1-1643381040022-1643381046517-0,materialPrimary,paper
entity:artifact:1:ld1-1643381040022-1643381049785-0,materialPrimary,paper
entity:artifact:1:ld1-1643381040022-1643381051352-0,materialPrimary,paper
entity:artifact:1:ld1-1643381040022-1643381054060-0,materialPrimary,wood
entity:artifact:1:ld1-1643381040022-1643381054509-0,materialPrimary,canvas
entity:artifact:1:ld1-1643381040022-1643381055993-0,materialPrimary,paper
entity:artifact:1:ld1-1643381040022-1643381057843-0,materialPrimary,paper
entity:artifact:1:ld1-1643381040022-1643381057909-1,materialPrimary,canvas
entity:artifact:1:ld1-1643381040022-1643381058884-1,materialPrimary,wood
entity:artifact:1:ld1-1643381040022-1643381058893-0,materialPrimary,paper
entity:artifact:1:ld1-1643381040022-1643381058911-1,materialPrimary,paper
entity:artifact:1:ld1-1643381040022-1643381058913-0,materialPrimary,paper
entity:artifact:1:ld1-1643381040022-1643381058914-1,materialPrimary,metal
entity:artifact:1:ld1-1643381040022-1643381058918-1,materialPrimary,ivory
entity:artifact:1:ld1-1643381040022-1643381058919-0,materialPrimary,shell
entity:artifact:1:ld1-1643381040022-1643381058925-0,materialPrimary,textile
entity:artifact:1:ld1-1643381040022-1643381058946-1,materialPrimary,wood
entity:artifact:1:ld1-1643381040022-1643381059066-0,materialPrimary,silk
entity:artifact:1:ld1-1643381040022-1643381059156-0,materialPrimary,glass
entity:artifact:1:ld1-1643381040022-1643381060180-0,materialPrimary,paper
entity:artifact:1:ld1-1643381040022-1643381060244-1,materialPrimary,paper
entity:artifact:1:ld1-1643381040022-1643381060334-0,materialPrimary,paper
entity:artifact:1:ld1-1643381040022-1643381062968-0,materialPrimary,paper
entity:artifact:1:ld1-1643381040022-1643381064179-0,materialPrimary,canvas
entity:artifact:1:ld1-1643381040022-1643381066704-1,materialPrimary,ivory
entity:artifact:1:ld1-1643381040022-1643381066706-1,materialPrimary,ivory
entity:artifact:1:ld1-1643381040022-1643381066708-0,materialPrimary,ivory
entity:artifact:1:ld1-1643381040022-1643381066735-0,materialPrimary,silver
entity:artifact:1:ld1-1643390182193-1643390182369-0,materialPrimary,silk
entity:artifact:1:ld1-1643390182193-1643390182438-0,materialPrimary,bronze
entity:artifact:1:ld1-1643390182193-1643390182789-0,materialPrimary,earthenware
entity:artifact:1:ld1-1643390182193-1643390182964-0,materialPrimary,wood
entity:artifact:1:ld1-1643390182193-1643390183003-0,materialPrimary,earthenware
entity:artifact:1:ld1-1643390182193-1643390183661-0,materialPrimary,paper
entity:artifact:1:ld1-1643390182193-1643390183697-0,materialPrimary,earthenware
entity:artifact:1:ld1-1643390182193-1643390183796-0,materialPrimary,paper
entity:artifact:1:ld1-1643390182193-1643390183796-1,materialPrimary,paper
entity:artifact:1:ld1-1643390182193-1643390183898-0,materialPrimary,earthenware
entity:artifact:1:ld1-1643390182193-1643390184155-0,materialPrimary,earthenware
entity:artifact:1:ld1-1643390182193-1643390184156-0,materialPrimary,earthenware
entity:artifact:1:ld1-1643390182193-1643390184157-0,materialPrimary,earthenware
entity:artifact:1:ld1-1643390182193-1643390184158-0,materialPrimary,earthenware
entity:artifact:1:ld1-1643390182193-1643390184159-0,materialPrimary,earthenware
entity:artifact:1:ld1-1643390182193-1643390184220-1,materialPrimary,silk
entity:artifact:1:ld1-1643390182193-1643390184307-0,materialPrimary,paper
entity:artifact:1:ld1-1643390182193-1643390184337-0,materialPrimary,paper
entity:artifact:1:ld1-1643390182193-1643390184342-0,materialPrimary,silk
entity:artifact:1:ld1-1643390182193-1643390184345-0,materialPrimary,silk
entity:artifact:1:ld1-1643390182193-1643390184347-0,materialPrimary,canvas
entity:artifact:1:ld1-1643390182193-1643390184613-0,materialPrimary,lacquer
entity:artifact:1:ld1-1643390182193-1643390184722-0,materialPrimary,paper
entity:artifact:1:ld1-1643390182193-1643390184723-0,materialPrimary,silk
entity:artifact:1:ld1-1643390182193-1643390184728-0,materialPrimary,silk
entity:artifact:1:ld1-1643390182193-1643390184737-0,materialPrimary,paper
entity:artifact:1:ld1-1643390182193-1643390184810-0,materialPrimary,earthenware
entity:artifact:1:ld1-1643390182193-1643390184821-0,materialPrimary,earthenware
entity:artifact:1:ld1-1643390182193-1643390184828-0,materialPrimary,silk
entity:artifact:1:ld1-1643390182193-1643390184854-0,materialPrimary,silk
entity:artifact:1:ld1-1643390182193-1643390184879-0,materialPrimary,silk
entity:artifact:1:ld1-1643390182193-1643390185005-0,materialPrimary,earthenware
entity:artifact:1:ld1-1643390182193-1643390185006-0,materialPrimary,earthenware
entity:artifact:1:ld1-1643390182193-1643390185007-0,materialPrimary,earthenware
entity:artifact:1:ld1-1643390182193-1643390185009-0,materialPrimary,earthenware
entity:artifact:1:ld1-1643390182193-1643390185010-0,materialPrimary,earthenware
entity:artifact:1:ld1-1643390182193-1643390185011-0,materialPrimary,earthenware
entity:artifact:1:ld1-1643390182193-1643390185115-1,materialPrimary,textile
entity:artifact:1:ld1-1643390182193-1643390185147-1,materialPrimary,silk
entity:artifact:1:ld1-1643390182193-1643390185158-0,materialPrimary,textile
entity:artifact:1:ld1-1643390182193-1643390185171-0,materialPrimary,silk
entity:artifact:1:ld1-1643390182193-1643390185212-0,materialPrimary,silk
entity:artifact:1:ld1-1643390182193-1643390185213-0,materialPrimary,silk
entity:artifact:1:ld1-1643390182193-1643390185233-0,materialPrimary,earthenware
entity:artifact:1:ld1-1643390182193-1643390185239-0,materialPrimary,lacquer
entity:artifact:1:ld1-1643390182193-1643390185379-0,materialPrimary,earthenware
entity:artifact:1:ld1-1643390182193-1643390185380-0,materialPrimary,earthenware
entity:artifact:1:ld1-1643390182193-1643390185381-0,materialPrimary,earthenware
entity:artifact:1:ld1-1643390182193-1643390185382-0,materialPrimary,earthenware
entity:artifact:1:ld1-1643390182193-1643390185382-1,materialPrimary,earthenware
entity:artifact:1:ld1-1643390182193-1643390185383-0,materialPrimary,earthenware
entity:artifact:1:ld1-1643390182193-1643390185394-1,materialPrimary,silk
entity:artifact:1:ld1-1643390182193-1643390185400-0,materialPrimary,silk
entity:artifact:1:ld1-1643390182193-1643390185439-0,materialPrimary,earthenware
entity:artifact:1:ld1-1643390182193-1643390185475-0,materialPrimary,bronze
entity:artifact:1:ld1-1643390182193-1643390185476-0,materialPrimary,bronze
entity:artifact:1:ld1-1643390182193-1643390185477-0,materialPrimary,bronze
entity:artifact:1:ld1-1643390182193-1643390185478-0,materialPrimary,bronze
entity:artifact:1:ld1-1643390182193-1643390185489-0,materialPrimary,earthenware
entity:artifact:1:ld1-1643390182193-1643390185490-0,materialPrimary,earthenware
entity:artifact:1:ld1-1643390182193-1643390185502-0,materialPrimary,earthenware
entity:artifact:1:ld1-1643390182193-1643390185503-0,materialPrimary,earthenware
entity:artifact:1:ld1-1643390182193-1643390185504-0,materialPrimary,earthenware
entity:artifact:1:ld1-1643390182193-1643390185557-0,materialPrimary,silk
entity:artifact:1:ld1-1643390182193-1643390185559-0,materialPrimary,silk
entity:artifact:1:ld1-1643390182193-1643390185559-1,materialPrimary,silk
entity:artifact:1:ld1-1643390182193-1643390185560-0,materialPrimary,silk
entity:artifact:1:ld1-1643390182193-1643390185859-1,materialPrimary,bronze
entity:artifact:1:ld1-1643390182193-1643390185861-1,materialPrimary,bronze
entity:artifact:1:ld1-1643390182193-1643390185863-0,materialPrimary,bronze
entity:artifact:1:ld1-1643390182193-1643390185954-0,materialPrimary,silk
entity:artifact:1:ld1-1643390182193-1643390185955-0,materialPrimary,silk
entity:artifact:1:ld1-1643390182193-1643390185990-0,materialPrimary,earthenware
entity:artifact:1:ld1-1643390182193-1643390185990-1,materialPrimary,earthenware
entity:artifact:1:ld1-1643390182193-1643390185991-0,materialPrimary,earthenware
entity:artifact:1:ld1-1643390182193-1643390186230-0,materialPrimary,silk
entity:artifact:1:ld1-1643390182193-1643390186421-0,materialPrimary,stone
entity:artifact:1:ld1-1643390182193-1643390186422-0,materialPrimary,stone
entity:artifact:1:ld1-1643390182193-1643390186427-0,materialPrimary,stone
entity:artifact:1:ld1-1643390182193-1643390186428-0,materialPrimary,stone
entity:artifact:1:ld1-1643390182193-1643390186429-0,materialPrimary,stone
entity:artifact:1:ld1-1643390182193-1643390186431-0,materialPrimary,stone
entity:artifact:1:ld1-1643390182193-1643390186434-0,materialPrimary,stone
entity:artifact:1:ld1-1643390182193-1643390186435-0,materialPrimary,stone
entity:artifact:1:ld1-1643390182193-1643390186436-0,materialPrimary,stone
entity:artifact:1:ld1-1643390182193-1643390186438-0,materialPrimary,stone
entity:artifact:1:ld1-1643390182193-1643390186440-0,materialPrimary,earthenware
entity:artifact:1:ld1-1643390182193-1643390186482-0,materialPrimary,silk
entity:artifact:1:ld1-1643390182193-1643390186483-0,materialPrimary,silk
entity:artifact:1:ld1-1643390182193-1643390186484-0,materialPrimary,silk
entity:artifact:1:ld1-1643390182193-1643390186488-0,materialPrimary,silk
entity:artifact:1:ld1-1643390182193-1643390186489-0,materialPrimary,silk
entity:artifact:1:ld1-1643390182193-1643390186490-0,materialPrimary,silk
entity:artifact:1:ld1-1643390182193-1643390186493-0,materialPrimary,silk
entity:artifact:1:ld1-1643390182193-1643390186494-0,materialPrimary,silk
entity:artifact:1:ld1-1643390182193-1643390186495-1,materialPrimary,paper
entity:artifact:1:ld1-1643390182193-1643390186496-0,materialPrimary,paper
entity:artifact:1:ld1-1643390182193-1643390186498-0,materialPrimary,silk
entity:artifact:1:ld1-1643390182193-1643390186502-0,materialPrimary,silk
entity:artifact:1:ld1-1643390182193-1643390186507-0,materialPrimary,silk
entity:artifact:1:ld1-1643390182193-1643390186509-0,materialPrimary,silk
entity:artifact:1:ld1-1643390182193-1643390186510-0,materialPrimary,paper
entity:artifact:1:ld1-1643390182193-1643390186513-0,materialPrimary,silk
entity:artifact:1:ld1-1643390182193-1643390186515-0,materialPrimary,silk
entity:artifact:1:ld1-1643390182193-1643390186517-0,materialPrimary,silk
entity:artifact:1:ld1-1643390182193-1643390186518-0,materialPrimary,silk
entity:artifact:1:ld1-1643390182193-1643390186519-0,materialPrimary,silk
entity:artifact:1:ld1-1643390182193-1643390186521-1,materialPrimary,silk
entity:artifact:1:ld1-1643390182193-1643390186522-0,materialPrimary,silk
entity:artifact:1:ld1-1643390182193-1643390186523-0,materialPrimary,silk
entity:artifact:1:ld1-1643390182193-1643390186525-0,materialPrimary,silk
entity:artifact:1:ld1-1643390182193-1643390186526-0,materialPrimary,silk
entity:artifact:1:ld1-1643390182193-1643390186527-0,materialPrimary,silk
entity:artifact:1:ld1-1643390182193-1643390186528-0,materialPrimary,silk
entity:artifact:1:ld1-1643390182193-1643390186529-0,materialPrimary,paper
entity:artifact:1:ld1-1643390182193-1643390186534-0,materialPrimary,paper
entity:artifact:1:ld1-1643390182193-1643390186536-0,materialPrimary,silk
entity:artifact:1:ld1-1643390182193-1643390186539-0,materialPrimary,silk
entity:artifact:1:ld1-1643390182193-1643390186541-0,materialPrimary,silk
entity:artifact:1:ld1-1643390182193-1643390186542-0,materialPrimary,silk
entity:artifact:1:ld1-1643390182193-1643390186544-0,materialPrimary,paper
entity:artifact:1:ld1-1643390182193-1643390186545-1,materialPrimary,silk
entity:artifact:1:ld1-1643390182193-1643390186547-0,materialPrimary,silk
entity:artifact:1:ld1-1643390182193-1643390186548-0,materialPrimary,silk
entity:artifact:1:ld1-1643390182193-1643390186550-0,materialPrimary,paper
entity:artifact:1:ld1-1643390182193-1643390186551-0,materialPrimary,silk
entity:artifact:1:ld1-1643390182193-1643390186552-0,materialPrimary,silk
entity:artifact:1:ld1-1643390182193-1643390186553-0,materialPrimary,silk
entity:artifact:1:ld1-1643390182193-1643390186554-0,materialPrimary,silk
entity:artifact:1:ld1-1643390182193-1643390186555-0,materialPrimary,silk
entity:artifact:1:ld1-1643390182193-1643390186556-0,materialPrimary,silk
entity:artifact:1:ld1-1643390182193-1643390186558-1,materialPrimary,silk
entity:artifact:1:ld1-1643390182193-1643390186560-0,materialPrimary,silk
entity:artifact:1:ld1-1643390182193-1643390186561-0,materialPrimary,silk
entity:artifact:1:ld1-1643390182193-1643390186562-0,materialPrimary,silk
entity:artifact:1:ld1-1643390182193-1643390186563-0,materialPrimary,silk
entity:artifact:1:ld1-1643390182193-1643390186564-1,materialPrimary,silk
entity:artifact:1:ld1-1643390182193-1643390186566-0,materialPrimary,silk
entity:artifact:1:ld1-1643390182193-1643390186566-1,materialPrimary,silk
entity:artifact:1:ld1-1643390182193-1643390186568-0,materialPrimary,silk
entity:artifact:1:ld1-1643390182193-1643390186569-0,materialPrimary,silk
entity:artifact:1:ld1-1643390182193-1643390186576-0,materialPrimary,silk
entity:artifact:1:ld1-1643390182193-1643390186576-1,materialPrimary,silk
entity:artifact:1:ld1-1643390182193-1643390186578-0,materialPrimary,silk
entity:artifact:1:ld1-1643390182193-1643390186579-0,materialPrimary,silk
entity:artifact:1:ld1-1643390182193-1643390186579-1,materialPrimary,silk
entity:artifact:1:ld1-1643390182193-1643390186581-0,materialPrimary,silk
entity:artifact:1:ld1-1643390182193-1643390186583-0,materialPrimary,silk
entity:artifact:1:ld1-1643390182193-1643390186584-0,materialPrimary,silk
entity:artifact:1:ld1-1643390182193-1643390186584-1,materialPrimary,silk
entity:artifact:1:ld1-1643390182193-1643390186585-0,materialPrimary,silk
entity:artifact:1:ld1-1643390182193-1643390186586-0,materialPrimary,silk
entity:artifact:1:ld1-1643390182193-1643390186587-0,materialPrimary,silk
entity:artifact:1:ld1-1643390182193-1643390186589-0,materialPrimary,silk
entity:artifact:1:ld1-1643390182193-1643390186590-0,materialPrimary,silk
entity:artifact:1:ld1-1643390182193-1643390186592-0,materialPrimary,silk
entity:artifact:1:ld1-1643390182193-1643390186593-0,materialPrimary,silk
entity:artifact:1:ld1-1643390182193-1643390186594-0,materialPrimary,silk
entity:artifact:1:ld1-1643390182193-1643390186597-1,materialPrimary,silk
entity:artifact:1:ld1-1643390182193-1643390186598-0,materialPrimary,silk
entity:artifact:1:ld1-1643390182193-1643390186599-1,materialPrimary,silk
entity:artifact:1:ld1-1643390182193-1643390186600-0,materialPrimary,silk
entity:artifact:1:ld1-1643390182193-1643390186606-1,materialPrimary,silk
entity:artifact:1:ld1-1643390182193-1643390186607-0,materialPrimary,silk
entity:artifact:1:ld1-1643390182193-1643390186608-0,materialPrimary,silk
entity:artifact:1:ld1-1643390182193-1643390186608-1,materialPrimary,silk
entity:artifact:1:ld1-1643390182193-1643390186609-0,materialPrimary,silk
entity:artifact:1:ld1-1643390182193-1643390186610-0,materialPrimary,silk
entity:artifact:1:ld1-1643390182193-1643390186611-0,materialPrimary,silk
entity:artifact:1:ld1-1643390182193-1643390186615-1,materialPrimary,silk
entity:artifact:1:ld1-1643390182193-1643390186616-0,materialPrimary,silk
entity:artifact:1:ld1-1643390182193-1643390186617-0,materialPrimary,silk
entity:artifact:1:ld1-1643390182193-1643390186618-0,materialPrimary,silk
entity:artifact:1:ld1-1643390182193-1643390186619-0,materialPrimary,silk
entity:artifact:1:ld1-1643390182193-1643390186620-0,materialPrimary,silk
entity:artifact:1:ld1-1643390182193-1643390186621-0,materialPrimary,silk
entity:artifact:1:ld1-1643390182193-1643390186621-1,materialPrimary,silk
entity:artifact:1:ld1-1643390182193-1643390186622-0,materialPrimary,silk
entity:artifact:1:ld1-1643390182193-1643390186623-0,materialPrimary,paper
entity:artifact:1:ld1-1643390182193-1643390186628-0,materialPrimary,silk
entity:artifact:1:ld1-1643390182193-1643390186632-0,materialPrimary,silk
entity:artifact:1:ld1-1643390182193-1643390186635-0,materialPrimary,paper
entity:artifact:1:ld1-1643390182193-1643390186638-0,materialPrimary,silk
entity:artifact:1:ld1-1643390182193-1643390186640-0,materialPrimary,silk
entity:artifact:1:ld1-1643390182193-1643390186641-0,materialPrimary,silk
entity:artifact:1:ld1-1643390182193-1643390186642-0,materialPrimary,silk
entity:artifact:1:ld1-1643390182193-1643390186645-0,materialPrimary,silk
entity:artifact:1:ld1-1643390182193-1643390186650-1,materialPrimary,bronze
entity:artifact:1:ld1-1643390182193-1643390186651-0,materialPrimary,bronze
entity:artifact:1:ld1-1643390182193-1643390186654-0,materialPrimary,bronze
entity:artifact:1:ld1-1643390182193-1643390186655-0,materialPrimary,bronze
entity:artifact:1:ld1-1643390182193-1643390186656-0,materialPrimary,bronze
entity:artifact:1:ld1-1643390182193-1643390186657-0,materialPrimary,bronze
entity:artifact:1:ld1-1643390182193-1643390186658-0,materialPrimary,bronze
entity:artifact:1:ld1-1643390182193-1643390186659-0,materialPrimary,bronze
entity:artifact:1:ld1-1643390182193-1643390186660-0,materialPrimary,bronze
entity:artifact:1:ld1-1643390182193-1643390186661-0,materialPrimary,bronze
entity:artifact:1:ld1-1643390182193-1643390186666-1,materialPrimary,bronze
entity:artifact:1:ld1-1643390182193-1643390186667-0,materialPrimary,bronze
entity:artifact:1:ld1-1643390182193-1643390186668-1,materialPrimary,bronze
entity:artifact:1:ld1-1643390182193-1643390186670-0,materialPrimary,bronze
entity:artifact:1:ld1-1643390182193-1643390186671-0,materialPrimary,stone
entity:artifact:1:ld1-1643390182193-1643390186672-1,materialPrimary,stone
entity:artifact:1:ld1-1643390182193-1643390186673-0,materialPrimary,stone
entity:artifact:1:ld1-1643390182193-1643390186675-0,materialPrimary,stone
entity:artifact:1:ld1-1643390182193-1643390186676-0,materialPrimary,stone
entity:artifact:1:ld1-1643390182193-1643390186677-0,materialPrimary,stone
entity:artifact:1:ld1-1643390182193-1643390186677-1,materialPrimary,stone
entity:artifact:1:ld1-1643390182193-1643390186680-0,materialPrimary,stone
entity:artifact:1:ld1-1643390182193-1643390186681-0,materialPrimary,stone
entity:artifact:1:ld1-1643390182193-1643390186681-1,materialPrimary,stone
entity:artifact:1:ld1-1643390182193-1643390186684-1,materialPrimary,wood
entity:artifact:1:ld1-1643390182193-1643390186705-0,materialPrimary,earthenware
entity:artifact:1:ld1-1643390182193-1643390186706-0,materialPrimary,earthenware
entity:artifact:1:ld1-1643390182193-1643390186708-0,materialPrimary,earthenware
entity:artifact:1:ld1-1643390182193-1643390186711-0,materialPrimary,bronze
entity:artifact:1:ld1-1643390182193-1643390186711-1,materialPrimary,bronze
entity:artifact:1:ld1-1643390182193-1643390186712-0,materialPrimary,bronze
entity:artifact:1:ld1-1643390182193-1643390186715-0,materialPrimary,bronze
entity:artifact:1:ld1-1643390182193-1643390186715-1,materialPrimary,bronze
entity:artifact:1:ld1-1643390182193-1643390186723-0,materialPrimary,wood
entity:artifact:1:ld1-1643390182193-1643390186746-1,materialPrimary,silk
entity:artifact:1:ld1-1643390182193-1643390186747-0,materialPrimary,earthenware
entity:artifact:1:ld1-1643390182193-1643390186748-0,materialPrimary,earthenware
entity:artifact:1:ld1-1643390182193-1643390186760-1,materialPrimary,silk
entity:artifact:1:ld1-1643390182193-1643390186761-0,materialPrimary,silk
entity:artifact:1:ld1-1643390182193-1643390186763-0,materialPrimary,paper
entity:artifact:1:ld1-1643390182193-1643390186763-1,materialPrimary,silk
entity:artifact:1:ld1-1643390182193-1643390187678-0,materialPrimary,stone
entity:artifact:1:ld1-1643390182193-1643390187681-0,materialPrimary,paper
entity:artifact:1:ld1-1643390182193-1643390187686-0,materialPrimary,stone
entity:artifact:1:ld1-1643390182193-1643390187686-1,materialPrimary,stone
entity:artifact:1:ld1-1643390182193-1643390187687-0,materialPrimary,earthenware
entity:artifact:1:ld1-1643390182193-1643390187688-0,materialPrimary,wood
entity:artifact:1:ld1-1643390182193-1643390187734-0,materialPrimary,silk
entity:artifact:1:ld1-1643390182193-1643390187735-0,materialPrimary,silk
entity:artifact:1:ld1-1643390182193-1643390187736-0,materialPrimary,silk
entity:artifact:1:ld1-1643390182193-1643390187737-0,materialPrimary,silk
entity:artifact:1:ld1-1643390182193-1643390187740-0,materialPrimary,jade
entity:artifact:1:ld1-1643390182193-1643390187741-0,materialPrimary,stone
entity:artifact:1:ld1-1643390182193-1643390187742-0,materialPrimary,bronze
entity:artifact:1:ld1-1643390182193-1643390187742-1,materialPrimary,bronze
entity:artifact:1:ld1-1643390182193-1643390187743-0,materialPrimary,bronze
entity:artifact:1:ld1-1643390182193-1643390187744-0,materialPrimary,bronze
entity:artifact:1:ld1-1643390182193-1643390187745-1,materialPrimary,bronze
entity:artifact:1:ld1-1643390182193-1643390187747-0,materialPrimary,bronze
entity:artifact:1:ld1-1643390182193-1643390187747-1,materialPrimary,bronze
entity:artifact:1:ld1-1643390182193-1643390187748-0,materialPrimary,bronze
entity:artifact:1:ld1-1643390182193-1643390187749-0,materialPrimary,wood
entity:artifact:1:ld1-1643390182193-1643390187749-1,materialPrimary,bronze
entity:artifact:1:ld1-1643390182193-1643390187750-0,materialPrimary,bronze
entity:artifact:1:ld1-1643390182193-1643390187753-0,materialPrimary,bronze
entity:artifact:1:ld1-1643390182193-1643390187753-1,materialPrimary,bronze
entity:artifact:1:ld1-1643390182193-1643390187754-0,materialPrimary,bronze
entity:artifact:1:ld1-1643390182193-1643390187755-0,materialPrimary,bronze
entity:artifact:1:ld1-1643390182193-1643390187757-0,materialPrimary,bronze
entity:artifact:1:ld1-1643390182193-1643390187757-1,materialPrimary,bronze
entity:artifact:1:ld1-1643390182193-1643390187758-0,materialPrimary,bronze
entity:artifact:1:ld1-1643390182193-1643390187759-0,materialPrimary,bronze
entity:artifact:1:ld1-1643390182193-1643390187760-0,materialPrimary,bronze
entity:artifact:1:ld1-1643390182193-1643390187760-1,materialPrimary,bronze
entity:artifact:1:ld1-1643390182193-1643390187761-0,materialPrimary,bronze
entity:artifact:1:ld1-1643390182193-1643390187762-0,materialPrimary,bronze
entity:artifact:1:ld1-1643390182193-1643390187763-0,materialPrimary,bronze
entity:artifact:1:ld1-1643390182193-1643390187764-1,materialPrimary,bronze
entity:artifact:1:ld1-1643390182193-1643390187765-0,materialPrimary,bronze
entity:artifact:1:ld1-1643390182193-1643390187768-0,materialPrimary,bronze
entity:artifact:1:ld1-1643390182193-1643390187771-0,materialPrimary,bronze
entity:artifact:1:ld1-1643390182193-1643390187772-1,materialPrimary,bronze
entity:artifact:1:ld1-1643390182193-1643390187773-0,materialPrimary,bronze
entity:artifact:1:ld1-1643390182193-1643390187774-0,materialPrimary,bronze
entity:artifact:1:ld1-1643390182193-1643390187778-0,materialPrimary,bronze
entity:artifact:1:ld1-1643390182193-1643390187778-1,materialPrimary,bronze
entity:artifact:1:ld1-1643390182193-1643390187779-0,materialPrimary,bronze
entity:artifact:1:ld1-1643390182193-1643390187780-0,materialPrimary,bronze
entity:artifact:1:ld1-1643390182193-1643390187780-1,materialPrimary,bronze
entity:artifact:1:ld1-1643390182193-1643390187781-0,materialPrimary,bronze
entity:artifact:1:ld1-1643390182193-1643390187782-0,materialPrimary,bronze
entity:artifact:1:ld1-1643390182193-1643390187782-1,materialPrimary,bronze
entity:artifact:1:ld1-1643390182193-1643390187783-0,materialPrimary,bronze
entity:artifact:1:ld1-1643390182193-1643390187784-0,materialPrimary,bronze
entity:artifact:1:ld1-1643390182193-1643390187784-1,materialPrimary,bronze
entity:artifact:1:ld1-1643390182193-1643390187785-0,materialPrimary,bronze
entity:artifact:1:ld1-1643390182193-1643390187786-0,materialPrimary,bronze
entity:artifact:1:ld1-1643390182193-1643390187786-1,materialPrimary,bronze
entity:artifact:1:ld1-1643390182193-1643390187788-0,materialPrimary,bronze
entity:artifact:1:ld1-1643390182193-1643390187789-0,materialPrimary,bronze
entity:artifact:1:ld1-1643390182193-1643390187790-0,materialPrimary,bronze
entity:artifact:1:ld1-1643390182193-1643390187790-1,materialPrimary,bronze
entity:artifact:1:ld1-1643390182193-1643390187791-0,materialPrimary,bronze
entity:artifact:1:ld1-1643390182193-1643390187793-0,materialPrimary,bronze
entity:artifact:1:ld1-1643390182193-1643390187797-0,materialPrimary,bronze
entity:artifact:1:ld1-1643390182193-1643390187798-0,materialPrimary,bronze
entity:artifact:1:ld1-1643390182193-1643390187800-0,materialPrimary,bronze
entity:artifact:1:ld1-1643390182193-1643390187801-0,materialPrimary,bronze
entity:artifact:1:ld1-1643390182193-1643390187801-1,materialPrimary,bronze
entity:artifact:1:ld1-1643390182193-1643390187802-0,materialPrimary,bronze
entity:artifact:1:ld1-1643390182193-1643390187803-0,materialPrimary,bronze
entity:artifact:1:ld1-1643390182193-1643390187804-0,materialPrimary,bronze
entity:artifact:1:ld1-1643390182193-1643390187805-0,materialPrimary,bronze
entity:artifact:1:ld1-1643390182193-1643390187805-1,materialPrimary,bronze
entity:artifact:1:ld1-1643390182193-1643390187806-0,materialPrimary,bronze
entity:artifact:1:ld1-1643390182193-1643390187807-0,materialPrimary,bronze
entity:artifact:1:ld1-1643390182193-1643390187808-0,materialPrimary,bronze
entity:artifact:1:ld1-1643390182193-1643390187809-0,materialPrimary,bronze
entity:artifact:1:ld1-1643390182193-1643390187810-0,materialPrimary,bronze
entity:artifact:1:ld1-1643390182193-1643390187810-1,materialPrimary,bronze
entity:artifact:1:ld1-1643390182193-1643390187811-0,materialPrimary,bronze
entity:artifact:1:ld1-1643390182193-1643390187812-0,materialPrimary,bronze
entity:artifact:1:ld1-1643390182193-1643390187815-0,materialPrimary,bronze
entity:artifact:1:ld1-1643390182193-1643390187816-1,materialPrimary,bronze
entity:artifact:1:ld1-1643390182193-1643390187817-0,materialPrimary,bronze
entity:artifact:1:ld1-1643390182193-1643390187818-0,materialPrimary,bronze
entity:artifact:1:ld1-1643390182193-1643390187821-1,materialPrimary,bronze
entity:artifact:1:ld1-1643390182193-1643390187828-0,materialPrimary,silk
entity:artifact:1:ld1-1643390182193-1643390187832-0,materialPrimary,silk
entity:artifact:1:ld1-1643390182193-1643390187833-0,materialPrimary,silk
entity:artifact:1:ld1-1643390182193-1643390187834-0,materialPrimary,silk
entity:artifact:1:ld1-1643390182193-1643390187835-0,materialPrimary,silk
entity:artifact:1:ld1-1643390182193-1643390187835-1,materialPrimary,silk
entity:artifact:1:ld1-1643390182193-1643390187836-0,materialPrimary,silk
entity:artifact:1:ld1-1643390182193-1643390187837-0,materialPrimary,silk
entity:artifact:1:ld1-1643390182193-1643390187859-0,materialPrimary,silk
entity:artifact:1:ld1-1643390182193-1643390187870-0,materialPrimary,silk
entity:artifact:1:ld1-1643390182193-1643390187871-0,materialPrimary,silk
entity:artifact:1:ld1-1643390182193-1643390187873-0,materialPrimary,silk
entity:artifact:1:ld1-1643390182193-1643390187874-1,materialPrimary,silk
entity:artifact:1:ld1-1643390182193-1643390187875-0,materialPrimary,silk
entity:artifact:1:ld1-1643390182193-1643390187876-0,materialPrimary,silk
entity:artifact:1:ld1-1643390182193-1643390187880-0,materialPrimary,silk
entity:artifact:1:ld1-1643390182193-1643390187880-1,materialPrimary,silk
entity:artifact:1:ld1-1643390182193-1643390187881-0,materialPrimary,silk
entity:artifact:1:ld1-1643390182193-1643390187882-0,materialPrimary,silk
entity:artifact:1:ld1-1643390182193-1643390187883-0,materialPrimary,silk
entity:artifact:1:ld1-1643390182193-1643390187884-0,materialPrimary,silk
entity:artifact:1:ld1-1643390182193-1643390187885-0,materialPrimary,silk
entity:artifact:1:ld1-1643390182193-1643390187886-0,materialPrimary,silk
entity:artifact:1:ld1-1643390182193-1643390187906-0,materialPrimary,silk
entity:artifact:1:ld1-1643390182193-1643390187914-0,materialPrimary,paper
entity:artifact:1:ld1-1643390182193-1643390187914-1,materialPrimary,paper
entity:artifact:1:ld1-1643390182193-1643390187921-1,materialPrimary,silk
entity:artifact:1:ld1-1643390182193-1643390187924-0,materialPrimary,silk
entity:artifact:1:ld1-1643390182193-1643390187928-1,materialPrimary,paper
entity:artifact:1:ld1-1643390182193-1643390187935-0,materialPrimary,paper
entity:artifact:1:ld1-1643390182193-1643390187938-0,materialPrimary,silk
entity:artifact:1:ld1-1643390182193-1643390187939-0,materialPrimary,silk
entity:artifact:1:ld1-1643390182193-1643390187942-0,materialPrimary,silk
entity:artifact:1:ld1-1643390182193-1643390187944-0,materialPrimary,silk
entity:artifact:1:ld1-1643390182193-1643390187946-0,materialPrimary,silk
entity:artifact:1:ld1-1643390182193-1643390187951-0,materialPrimary,silk
entity:artifact:1:ld1-1643390182193-1643390187951-1,materialPrimary,silk
entity:artifact:1:ld1-1643390182193-1643390187952-0,materialPrimary,paper
entity:artifact:1:ld1-1643390182193-1643390187953-0,materialPrimary,silk
entity:artifact:1:ld1-1643390182193-1643390187954-0,materialPrimary,silk
entity:artifact:1:ld1-1643390182193-1643390187956-0,materialPrimary,silk
entity:artifact:1:ld1-1643390182193-1643390187957-0,materialPrimary,silk
entity:artifact:1:ld1-1643390182193-1643390187959-0,materialPrimary,silk
entity:artifact:1:ld1-1643390182193-1643390187960-0,materialPrimary,silk
entity:artifact:1:ld1-1643390182193-1643390187961-0,materialPrimary,silk
entity:artifact:1:ld1-1643390182193-1643390187962-0,materialPrimary,silk
entity:artifact:1:ld1-1643390182193-1643390187965-0,materialPrimary,silk
entity:artifact:1:ld1-1643390182193-1643390187965-1,materialPrimary,silk
entity:artifact:1:ld1-1643390182193-1643390187966-0,materialPrimary,silk
entity:artifact:1:ld1-1643390182193-1643390187967-0,materialPrimary,silk
entity:artifact:1:ld1-1643390182193-1643390187973-0,materialPrimary,paper
entity:artifact:1:ld1-1643390182193-1643390187974-0,materialPrimary,silk
entity:artifact:1:ld1-1643390182193-1643390187975-0,materialPrimary,silk
entity:artifact:1:ld1-1643390182193-1643390187976-0,materialPrimary,silk
entity:artifact:1:ld1-1643390182193-1643390187979-0,materialPrimary,silk
entity:artifact:1:ld1-1643390182193-1643390187981-0,materialPrimary,silk
entity:artifact:1:ld1-1643390182193-1643390187982-0,materialPrimary,silk
entity:artifact:1:ld1-1643390182193-1643390187983-0,materialPrimary,silk
entity:artifact:1:ld1-1643390182193-1643390187984-0,materialPrimary,silk
entity:artifact:1:ld1-1643390182193-1643390187987-0,materialPrimary,silk
entity:artifact:1:ld1-1643390182193-1643390187988-0,materialPrimary,silk
entity:artifact:1:ld1-1643390182193-1643390187989-0,materialPrimary,silk
entity:artifact:1:ld1-1643390182193-1643390187990-0,materialPrimary,silk
entity:artifact:1:ld1-1643390182193-1643390187994-0,materialPrimary,silk
entity:artifact:1:ld1-1643390182193-1643390187994-1,materialPrimary,silk
entity:artifact:1:ld1-1643390182193-1643390187995-0,materialPrimary,silk
entity:artifact:1:ld1-1643390182193-1643390187997-1,materialPrimary,paper
entity:artifact:1:ld1-1643390182193-1643390188000-0,materialPrimary,silk
entity:artifact:1:ld1-1643390182193-1643390188002-1,materialPrimary,silk
entity:artifact:1:ld1-1643390182193-1643390188005-0,materialPrimary,silk
entity:artifact:1:ld1-1643390182193-1643390188006-0,materialPrimary,silk
entity:artifact:1:ld1-1643390182193-1643390188007-0,materialPrimary,silk
entity:artifact:1:ld1-1643390182193-1643390188007-1,materialPrimary,paper
entity:artifact:1:ld1-1643390182193-1643390188008-0,materialPrimary,silk
entity:artifact:1:ld1-1643390182193-1643390188010-0,materialPrimary,paper
entity:artifact:1:ld1-1643390182193-1643390188011-0,materialPrimary,silk
entity:artifact:1:ld1-1643390182193-1643390188011-1,materialPrimary,silk
entity:artifact:1:ld1-1643390182193-1643390188012-0,materialPrimary,silk
entity:artifact:1:ld1-1643390182193-1643390188014-0,materialPrimary,silk
entity:artifact:1:ld1-1643390182193-1643390188014-1,materialPrimary,silk
entity:artifact:1:ld1-1643390182193-1643390188015-0,materialPrimary,silk
entity:artifact:1:ld1-1643390182193-1643390188016-0,materialPrimary,paper
entity:artifact:1:ld1-1643390182193-1643390188017-0,materialPrimary,silk
entity:artifact:1:ld1-1643390182193-1643390188018-0,materialPrimary,silk
entity:artifact:1:ld1-1643390182193-1643390188020-1,materialPrimary,silk
entity:artifact:1:ld1-1643390182193-1643390188021-0,materialPrimary,paper
entity:artifact:1:ld1-1643390182193-1643390188023-0,materialPrimary,silk
entity:artifact:1:ld1-1643390182193-1643390188024-1,materialPrimary,silk
entity:artifact:1:ld1-1643390182193-1643390188025-0,materialPrimary,silk
entity:artifact:1:ld1-1643390182193-1643390188029-0,materialPrimary,silk
entity:artifact:1:ld1-1643390182193-1643390188030-0,materialPrimary,silk
entity:artifact:1:ld1-1643390182193-1643390188030-1,materialPrimary,silk
entity:artifact:1:ld1-1643390182193-1643390188031-0,materialPrimary,silk
entity:artifact:1:ld1-1643390182193-1643390188032-0,materialPrimary,silk
entity:artifact:1:ld1-1643390182193-1643390188033-0,materialPrimary,silk
entity:artifact:1:ld1-1643390182193-1643390188034-0,materialPrimary,silk
entity:artifact:1:ld1-1643390182193-1643390188035-0,materialPrimary,paper
entity:artifact:1:ld1-1643390182193-1643390188036-0,materialPrimary,paper
entity:artifact:1:ld1-1643390182193-1643390188039-1,materialPrimary,silk
entity:artifact:1:ld1-1643390182193-1643390188040-0,materialPrimary,silk
entity:artifact:1:ld1-1643390182193-1643390188041-0,materialPrimary,silk
entity:artifact:1:ld1-1643390182193-1643390188043-1,materialPrimary,silk
entity:artifact:1:ld1-1643390182193-1643390188051-0,materialPrimary,silk
entity:artifact:1:ld1-1643390182193-1643390188053-0,materialPrimary,paper
entity:artifact:1:ld1-1643390182193-1643390188054-0,materialPrimary,silk
entity:artifact:1:ld1-1643390182193-1643390188056-0,materialPrimary,silk
entity:artifact:1:ld1-1643390182193-1643390188062-0,materialPrimary,silk
entity:artifact:1:ld1-1643390182193-1643390188063-0,materialPrimary,silk
entity:artifact:1:ld1-1643390182193-1643390188063-1,materialPrimary,silk
entity:artifact:1:ld1-1643390182193-1643390188204-0,materialPrimary,stone
entity:artifact:1:ld1-1643390182193-1643390188209-0,materialPrimary,stone
entity:artifact:1:ld1-1643390182193-1643390188211-0,materialPrimary,stone
entity:artifact:1:ld1-1643390182193-1643390188223-0,materialPrimary,stone
entity:artifact:1:ld1-1643390182193-1643390188247-0,materialPrimary,stone
entity:artifact:1:ld1-1643390182193-1643390188253-0,materialPrimary,stone
entity:artifact:1:ld1-1643390182193-1643390188273-0,materialPrimary,jade
entity:artifact:1:ld1-1643390182193-1643390188279-0,materialPrimary,jade
entity:artifact:1:ld1-1643390182193-1643390188295-0,materialPrimary,jade
entity:artifact:1:ld1-1643390182193-1643390188301-0,materialPrimary,jade
entity:artifact:1:ld1-1643390182193-1643390188328-0,materialPrimary,silk
entity:artifact:1:ld1-1643390182193-1643390188330-0,materialPrimary,silk
entity:artifact:1:ld1-1643390182193-1643390188334-0,materialPrimary,silk
entity:artifact:1:ld1-1643390182193-1643390188338-0,materialPrimary,silk
entity:artifact:1:ld1-1643390182193-1643390188339-0,materialPrimary,silk
entity:artifact:1:ld1-1643390182193-1643390188342-0,materialPrimary,silk
entity:artifact:1:ld1-1643390182193-1643390188344-0,materialPrimary,silk
entity:artifact:1:ld1-1643390182193-1643390188346-0,materialPrimary,silk
entity:artifact:1:ld1-1643390182193-1643390188349-0,materialPrimary,silk
entity:artifact:1:ld1-1643390182193-1643390188351-0,materialPrimary,silk
entity:artifact:1:ld1-1643390182193-1643390188354-0,materialPrimary,paper
entity:artifact:1:ld1-1643390182193-1643390188358-0,materialPrimary,paper
entity:artifact:1:ld1-1643390182193-1643390188365-0,materialPrimary,bronze
entity:artifact:1:ld1-1643390182193-1643390188369-0,materialPrimary,silk
entity:artifact:1:ld1-1643390182193-1643390188371-0,materialPrimary,silk
entity:artifact:1:ld1-1643390182193-1643390188372-0,materialPrimary,silk
entity:artifact:1:ld1-1643390182193-1643390188374-0,materialPrimary,silk
entity:artifact:1:ld1-1643390182193-1643390188376-0,materialPrimary,silk
entity:artifact:1:ld1-1643390182193-1643390188377-0,materialPrimary,silk
entity:artifact:1:ld1-1643390182193-1643390188379-0,materialPrimary,silk
entity:artifact:1:ld1-1643390182193-1643390188380-0,materialPrimary,silk
entity:artifact:1:ld1-1643390182193-1643390188382-0,materialPrimary,silk
entity:artifact:1:ld1-1643390182193-1643390188400-0,materialPrimary,silk
entity:artifact:1:ld1-1643390182193-1643390188405-0,materialPrimary,paper
entity:artifact:1:ld1-1643390182193-1643390188410-0,materialPrimary,silk
entity:artifact:1:ld1-1643390182193-1643390188417-0,materialPrimary,silk
entity:artifact:1:ld1-1643390182193-1643390188419-0,materialPrimary,silk
entity:artifact:1:ld1-1643390182193-1643390188420-0,materialPrimary,paper
entity:artifact:1:ld1-1643390182193-1643390188422-0,materialPrimary,paper
entity:artifact:1:ld1-1643390182193-1643390188423-0,materialPrimary,paper
entity:artifact:1:ld1-1643390182193-1643390188430-0,materialPrimary,silk
entity:artifact:1:ld1-1643390182193-1643390188434-0,materialPrimary,silk
entity:artifact:1:ld1-1643390182193-1643390188435-0,materialPrimary,silk
entity:artifact:1:ld1-1643390182193-1643390188437-0,materialPrimary,silk
entity:artifact:1:ld1-1643390182193-1643390188443-0,materialPrimary,silk
entity:artifact:1:ld1-1643390182193-1643390188455-0,materialPrimary,stone
entity:artifact:1:ld1-1643390182193-1643390188514-0,materialPrimary,bronze
entity:artifact:1:ld1-1643390182193-1643390188516-0,materialPrimary,silk
entity:artifact:1:ld1-1643390182193-1643390188523-0,materialPrimary,silk
entity:artifact:1:ld1-1643390182193-1643390188555-0,materialPrimary,bronze
entity:artifact:1:ld1-1643390182193-1643390188556-0,materialPrimary,bronze
entity:artifact:1:ld1-1643390182193-1643390188558-0,materialPrimary,bronze
entity:artifact:1:ld1-1643390182193-1643390188559-0,materialPrimary,bronze
entity:artifact:1:ld1-1643390182193-1643390188561-0,materialPrimary,bronze
entity:artifact:1:ld1-1643390182193-1643390188562-0,materialPrimary,bronze
entity:artifact:1:ld1-1643390182193-1643390188564-0,materialPrimary,bronze
entity:artifact:1:ld1-1643390182193-1643390188565-0,materialPrimary,bronze
entity:artifact:1:ld1-1643390182193-1643390188567-0,materialPrimary,bronze
entity:artifact:1:ld1-1643390182193-1643390188568-0,materialPrimary,bronze
entity:artifact:1:ld1-1643390182193-1643390188570-0,materialPrimary,bronze
entity:artifact:1:ld1-1643390182193-1643390188571-0,materialPrimary,bronze
entity:artifact:1:ld1-1643390182193-1643390188573-0,materialPrimary,bronze
entity:artifact:1:ld1-1643390182193-1643390188574-0,materialPrimary,bronze
entity:artifact:1:ld1-1643390182193-1643390188576-0,materialPrimary,bronze
entity:artifact:1:ld1-1643390182193-1643390188578-0,materialPrimary,bronze
entity:artifact:1:ld1-1643390182193-1643390188579-0,materialPrimary,wood
entity:artifact:1:ld1-1643390182193-1643390188584-1,materialPrimary,silk
entity:artifact:1:ld1-1643390182193-1643390188602-0,materialPrimary,jade
entity:artifact:1:ld1-1643390182193-1643390188603-0,materialPrimary,jade
entity:artifact:1:ld1-1643390182193-1643390188612-0,materialPrimary,jade
entity:artifact:1:ld1-1643390182193-1643390188614-0,materialPrimary,jade
entity:artifact:1:ld1-1643390182193-1643390188615-0,materialPrimary,jade
entity:artifact:1:ld1-1643390182193-1643390188642-0,materialPrimary,stone
entity:artifact:1:ld1-1643390182193-1643390188646-0,materialPrimary,stone
entity:artifact:1:ld1-1643390182193-1643390188647-0,materialPrimary,stone
entity:artifact:1:ld1-1643390182193-1643390188653-0,materialPrimary,stone
entity:artifact:1:ld1-1643390182193-1643390188657-0,materialPrimary,stone
entity:artifact:1:ld1-1643390182193-1643390188658-0,materialPrimary,stone
entity:artifact:1:ld1-1643390182193-1643390188659-0,materialPrimary,stone
entity:artifact:1:ld1-1643390182193-1643390188668-0,materialPrimary,stone
entity:artifact:1:ld1-1643390182193-1643390188676-0,materialPrimary,silk
entity:artifact:1:ld1-1643390182193-1643390188682-0,materialPrimary,jade
entity:artifact:1:ld1-1643390182193-1643390188685-0,materialPrimary,bronze
entity:artifact:1:ld1-1643390182193-1643390188688-0,materialPrimary,stone
entity:artifact:1:ld1-1643390182193-1643390188691-0,materialPrimary,bronze
entity:artifact:1:ld1-1643390182193-1643390188693-0,materialPrimary,stone
entity:artifact:1:ld1-1643390182193-1643390188698-0,materialPrimary,bronze
entity:artifact:1:ld1-1643390182193-1643390188703-1,materialPrimary,stone
entity:artifact:1:ld1-1643390182193-1643390188708-0,materialPrimary,bronze
entity:artifact:1:ld1-1643390182193-1643390188708-1,materialPrimary,bronze
entity:artifact:1:ld1-1643390182193-1643390188709-0,materialPrimary,bronze
entity:artifact:1:ld1-1643390182193-1643390188710-0,materialPrimary,bronze
entity:artifact:1:ld1-1643390182193-1643390188720-1,materialPrimary,silk
entity:artifact:1:ld1-1643390182193-1643390188722-0,materialPrimary,silk
entity:artifact:1:ld1-1643390182193-1643390188722-1,materialPrimary,silk
entity:artifact:1:ld1-1643390182193-1643390188724-0,materialPrimary,stone
entity:artifact:1:ld1-1643390182193-1643390188725-1,materialPrimary,stone
entity:artifact:1:ld1-1643390182193-1643390188727-0,materialPrimary,stone
entity:artifact:1:ld1-1643390182193-1643390188728-0,materialPrimary,stone
entity:artifact:1:ld1-1643390182193-1643390188728-1,materialPrimary,stone
entity:artifact:1:ld1-1643390182193-1643390188729-0,materialPrimary,stone
entity:artifact:1:ld1-1643390182193-1643390188730-0,materialPrimary,stone
entity:artifact:1:ld1-1643390182193-1643390188731-0,materialPrimary,stone
entity:artifact:1:ld1-1643390182193-1643390188739-0,materialPrimary,bronze
entity:artifact:1:ld1-1643390182193-1643390188741-0,materialPrimary,bronze
entity:artifact:1:ld1-1643390182193-1643390188741-1,materialPrimary,bronze
entity:artifact:1:ld1-1643390182193-1643390188745-0,materialPrimary,bronze
entity:artifact:1:ld1-1643390182193-1643390188746-0,materialPrimary,bronze
entity:artifact:1:ld1-1643390182193-1643390188747-0,materialPrimary,bronze
entity:artifact:1:ld1-1643390182193-1643390188748-0,materialPrimary,bronze
entity:artifact:1:ld1-1643390182193-1643390188748-1,materialPrimary,bronze
entity:artifact:1:ld1-1643390182193-1643390188749-0,materialPrimary,bronze
entity:artifact:1:ld1-1643390182193-1643390188750-0,materialPrimary,bronze
entity:artifact:1:ld1-1643390182193-1643390188751-0,materialPrimary,bronze
entity:artifact:1:ld1-1643390182193-1643390188751-1,materialPrimary,bronze
entity:artifact:1:ld1-1643390182193-1643390188752-0,materialPrimary,bronze
entity:artifact:1:ld1-1643390182193-1643390188755-0,materialPrimary,bronze
entity:artifact:1:ld1-1643390182193-1643390188757-0,materialPrimary,metal
entity:artifact:1:ld1-1643390182193-1643390188758-0,materialPrimary,bronze
entity:artifact:1:ld1-1643390182193-1643390188759-0,materialPrimary,bronze
entity:artifact:1:ld1-1643390182193-1643390188761-0,materialPrimary,bronze
entity:artifact:1:ld1-1643390182193-1643390188764-0,materialPrimary,bronze
entity:artifact:1:ld1-1643390182193-1643390188766-0,materialPrimary,bronze
entity:artifact:1:ld1-1643390182193-1643390188767-0,materialPrimary,bronze
entity:artifact:1:ld1-1643390182193-1643390188768-0,materialPrimary,bronze
entity:artifact:1:ld1-1643390182193-1643390188769-0,materialPrimary,bronze
entity:artifact:1:ld1-1643390182193-1643390188770-0,materialPrimary,bronze
entity:artifact:1:ld1-1643390182193-1643390188771-1,materialPrimary,glass
entity:artifact:1:ld1-1643390182193-1643390188772-0,materialPrimary,stone
entity:artifact:1:ld1-1643390182193-1643390188773-0,materialPrimary,stone
entity:artifact:1:ld1-1643390182193-1643390188774-0,materialPrimary,stone
entity:artifact:1:ld1-1643390182193-1643390188776-0,materialPrimary,stone
entity:artifact:1:ld1-1643390182193-1643390188778-1,materialPrimary,stone
entity:artifact:1:ld1-1643390182193-1643390188787-0,materialPrimary,silk
entity:artifact:1:ld1-1643390182193-1643390188788-0,materialPrimary,silk
entity:artifact:1:ld1-1643390182193-1643390188789-0,materialPrimary,silk
entity:artifact:1:ld1-1643390182193-1643390188789-1,materialPrimary,silk
entity:artifact:1:ld1-1643390182193-1643390188790-0,materialPrimary,silk
entity:artifact:1:ld1-1643390182193-1643390188820-0,materialPrimary,bronze
entity:artifact:1:ld1-1643390182193-1643390188827-0,materialPrimary,bronze
entity:artifact:1:ld1-1643390182193-1643390188828-0,materialPrimary,bronze
entity:artifact:1:ld1-1643390182193-1643390188833-0,materialPrimary,stone
entity:artifact:1:ld1-1643390182193-1643390188834-0,materialPrimary,stone
entity:artifact:1:ld1-1643390182193-1643390188835-0,materialPrimary,stone
entity:artifact:1:ld1-1643390182193-1643390188836-0,materialPrimary,stone
entity:artifact:1:ld1-1643390182193-1643390188850-0,materialPrimary,bronze
entity:artifact:1:ld1-1643390182193-1643390188862-0,materialPrimary,bronze
entity:artifact:1:ld1-1643390182193-1643390188863-0,materialPrimary,bronze
entity:artifact:1:ld1-1643390182193-1643390188864-0,materialPrimary,stone
entity:artifact:1:ld1-1643390182193-1643390188873-0,materialPrimary,jade
entity:artifact:1:ld1-1643390182193-1643390188877-1,materialPrimary,stone
entity:artifact:1:ld1-1643390182193-1643390188879-0,materialPrimary,stone
entity:artifact:1:ld1-1643390182193-1643390188891-0,materialPrimary,silk
entity:artifact:1:ld1-1643390182193-1643390188892-0,materialPrimary,silk
entity:artifact:1:ld1-1643390182193-1643390188893-0,materialPrimary,silk
entity:artifact:1:ld1-1643390182193-1643390188903-0,materialPrimary,silk
entity:artifact:1:ld1-1643390182193-1643390188903-1,materialPrimary,silk
entity:artifact:1:ld1-1643390182193-1643390188906-0,materialPrimary,silk
entity:artifact:1:ld1-1643390182193-1643390188907-0,materialPrimary,silk
entity:artifact:1:ld1-1643390182193-1643390188908-0,materialPrimary,silk
entity:artifact:1:ld1-1643390182193-1643390188910-0,materialPrimary,bronze
entity:artifact:1:ld1-1643390182193-1643390188920-0,materialPrimary,glass
entity:artifact:1:ld1-1643390182193-1643390188921-0,materialPrimary,jade
entity:artifact:1:ld1-1643390182193-1643390188921-1,materialPrimary,jade
entity:artifact:1:ld1-1643390182193-1643390188922-0,materialPrimary,jade
entity:artifact:1:ld1-1643390182193-1643390188923-0,materialPrimary,jade
entity:artifact:1:ld1-1643390182193-1643390188926-0,materialPrimary,earthenware
entity:artifact:1:ld1-1643390182193-1643390188926-1,materialPrimary,earthenware
entity:artifact:1:ld1-1643390182193-1643390188956-0,materialPrimary,silk
entity:artifact:1:ld1-1643390182193-1643390188957-0,materialPrimary,paper
entity:artifact:1:ld1-1643390182193-1643390188959-0,materialPrimary,silk
entity:artifact:1:ld1-1643390182193-1643390188960-0,materialPrimary,silk
entity:artifact:1:ld1-1643390182193-1643390188962-1,materialPrimary,paper
entity:artifact:1:ld1-1643390182193-1643390188963-0,materialPrimary,silk
entity:artifact:1:ld1-1643390182193-1643390188964-0,materialPrimary,silk
entity:artifact:1:ld1-1643390182193-1643390188965-0,materialPrimary,silk
entity:artifact:1:ld1-1643390182193-1643390188966-0,materialPrimary,silk
entity:artifact:1:ld1-1643390182193-1643390188967-0,materialPrimary,silk
entity:artifact:1:ld1-1643390182193-1643390188968-0,materialPrimary,silk
entity:artifact:1:ld1-1643390182193-1643390188970-0,materialPrimary,paper
entity:artifact:1:ld1-1643390182193-1643390188988-0,materialPrimary,silk
entity:artifact:1:ld1-1643390182193-1643390188989-0,materialPrimary,silk
entity:artifact:1:ld1-1643390182193-1643390188990-0,materialPrimary,silk
entity:artifact:1:ld1-1643390182193-1643390188992-1,materialPrimary,bronze
entity:artifact:1:ld1-1643390182193-1643390189005-0,materialPrimary,bronze
entity:artifact:1:ld1-1643390182193-1643390189006-0,materialPrimary,bronze
entity:artifact:1:ld1-1643390182193-1643390189007-0,materialPrimary,bronze
entity:artifact:1:ld1-1643390182193-1643390189008-0,materialPrimary,bronze
entity:artifact:1:ld1-1643390182193-1643390189009-0,materialPrimary,bronze
entity:artifact:1:ld1-1643390182193-1643390189009-1,materialPrimary,bronze
entity:artifact:1:ld1-1643390182193-1643390189014-0,materialPrimary,jade
entity:artifact:1:ld1-1643390182193-1643390189020-0,materialPrimary,stone
entity:artifact:1:ld1-1643390182193-1643390189020-1,materialPrimary,bronze
entity:artifact:1:ld1-1643390182193-1643390189027-0,materialPrimary,bronze
entity:artifact:1:ld1-1643390182193-1643390189028-0,materialPrimary,bronze
entity:artifact:1:ld1-1643390182193-1643390189030-1,materialPrimary,bronze
entity:artifact:1:ld1-1643390182193-1643390189031-0,materialPrimary,bronze
entity:artifact:1:ld1-1643390182193-1643390189032-0,materialPrimary,bronze
entity:artifact:1:ld1-1643390182193-1643390189032-1,materialPrimary,bronze
entity:artifact:1:ld1-1643390182193-1643390189033-0,materialPrimary,bronze
entity:artifact:1:ld1-1643390182193-1643390189034-0,materialPrimary,metal
entity:artifact:1:ld1-1643390182193-1643390189041-0,materialPrimary,bronze
entity:artifact:1:ld1-1643390182193-1643390189042-0,materialPrimary,bronze
entity:artifact:1:ld1-1643390182193-1643390189047-1,materialPrimary,bronze
entity:artifact:1:ld1-1643390182193-1643390189049-0,materialPrimary,bronze
entity:artifact:1:ld1-1643390182193-1643390189050-0,materialPrimary,bronze
entity:artifact:1:ld1-1643390182193-1643390189052-0,materialPrimary,bronze
entity:artifact:1:ld1-1643390182193-1643390189053-0,materialPrimary,bronze
entity:artifact:1:ld1-1643390182193-1643390189054-0,materialPrimary,jade
entity:artifact:1:ld1-1643390182193-1643390189054-1,materialPrimary,stone
entity:artifact:1:ld1-1643390182193-1643390189055-0,materialPrimary,stone
entity:artifact:1:ld1-1643390182193-1643390189060-0,materialPrimary,bronze
entity:artifact:1:ld1-1643390182193-1643390189061-1,materialPrimary,bronze
entity:artifact:1:ld1-1643390182193-1643390189062-0,materialPrimary,bronze
entity:artifact:1:ld1-1643390182193-1643390189078-1,materialPrimary,bronze
entity:artifact:1:ld1-1643390182193-1643390189080-0,materialPrimary,bronze
entity:artifact:1:ld1-1643390182193-1643390189081-0,materialPrimary,bronze
entity:artifact:1:ld1-1643390182193-1643390189083-0,materialPrimary,bronze
entity:artifact:1:ld1-1643390182193-1643390189084-0,materialPrimary,bronze
entity:artifact:1:ld1-1643390182193-1643390189085-1,materialPrimary,bronze
entity:artifact:1:ld1-1643390182193-1643390189086-0,materialPrimary,bronze
entity:artifact:1:ld1-1643390182193-1643390189088-0,materialPrimary,bronze
entity:artifact:1:ld1-1643390182193-1643390189089-0,materialPrimary,bronze
entity:artifact:1:ld1-1643390182193-1643390189090-0,materialPrimary,bronze
entity:artifact:1:ld1-1643390182193-1643390189090-1,materialPrimary,bronze
entity:artifact:1:ld1-1643390182193-1643390189091-0,materialPrimary,bronze
entity:artifact:1:ld1-1643390182193-1643390189094-0,materialPrimary,bronze
entity:artifact:1:ld1-1643390182193-1643390189095-0,materialPrimary,bronze
entity:artifact:1:ld1-1643390182193-1643390189096-0,materialPrimary,bronze
entity:artifact:1:ld1-1643390182193-1643390189097-0,materialPrimary,bronze
entity:artifact:1:ld1-1643390182193-1643390189097-1,materialPrimary,bronze
entity:artifact:1:ld1-1643390182193-1643390189098-0,materialPrimary,bronze
entity:artifact:1:ld1-1643390182193-1643390189105-0,materialPrimary,bronze
entity:artifact:1:ld1-1643390182193-1643390189107-0,materialPrimary,bronze
entity:artifact:1:ld1-1643390182193-1643390189110-0,materialPrimary,bronze
entity:artifact:1:ld1-1643390182193-1643390189111-0,materialPrimary,bronze
entity:artifact:1:ld1-1643390182193-1643390189112-0,materialPrimary,bronze
entity:artifact:1:ld1-1643390182193-1643390189115-0,materialPrimary,bronze
entity:artifact:1:ld1-1643390182193-1643390189117-0,materialPrimary,bronze
entity:artifact:1:ld1-1643390182193-1643390189125-1,materialPrimary,iron
entity:artifact:1:ld1-1643390182193-1643390189126-0,materialPrimary,bronze
entity:artifact:1:ld1-1643390182193-1643390189130-0,materialPrimary,bronze
entity:artifact:1:ld1-1643390182193-1643390189130-1,materialPrimary,bronze
entity:artifact:1:ld1-1643390182193-1643390189131-0,materialPrimary,bronze
entity:artifact:1:ld1-1643390182193-1643390189134-0,materialPrimary,bronze
entity:artifact:1:ld1-1643390182193-1643390189135-1,materialPrimary,bronze
entity:artifact:1:ld1-1643390182193-1643390189139-0,materialPrimary,bronze
entity:artifact:1:ld1-1643390182193-1643390189140-1,materialPrimary,bronze
entity:artifact:1:ld1-1643390182193-1643390189141-0,materialPrimary,bronze
entity:artifact:1:ld1-1643390182193-1643390189142-0,materialPrimary,bronze
entity:artifact:1:ld1-1643390182193-1643390189146-0,materialPrimary,bronze
entity:artifact:1:ld1-1643390182193-1643390189147-0,materialPrimary,bronze
entity:artifact:1:ld1-1643390182193-1643390189147-1,materialPrimary,bronze
entity:artifact:1:ld1-1643390182193-1643390189148-0,materialPrimary,bronze
entity:artifact:1:ld1-1643390182193-1643390189149-0,materialPrimary,bronze
entity:artifact:1:ld1-1643390182193-1643390189154-0,materialPrimary,jade
entity:artifact:1:ld1-1643390182193-1643390189155-0,materialPrimary,jade
entity:artifact:1:ld1-1643390182193-1643390189156-0,materialPrimary,jade
entity:artifact:1:ld1-1643390182193-1643390189157-0,materialPrimary,shell
entity:artifact:1:ld1-1643390182193-1643390189158-0,materialPrimary,jade
entity:artifact:1:ld1-1643390182193-1643390189158-1,materialPrimary,jade
entity:artifact:1:ld1-1643390182193-1643390189160-0,materialPrimary,bone
entity:artifact:1:ld1-1643390182193-1643390189167-0,materialPrimary,silk
entity:artifact:1:ld1-1643390182193-1643390189168-0,materialPrimary,silk
entity:artifact:1:ld1-1643390182193-1643390189199-1,materialPrimary,silk
entity:artifact:1:ld1-1643390182193-1643390189216-0,materialPrimary,stone
entity:artifact:1:ld1-1643390182193-1643390189221-0,materialPrimary,bronze
entity:artifact:1:ld1-1643390182193-1643390189222-0,materialPrimary,bronze
entity:artifact:1:ld1-1643390182193-1643390189223-0,materialPrimary,bronze
entity:artifact:1:ld1-1643390182193-1643390189224-0,materialPrimary,bronze
entity:artifact:1:ld1-1643390182193-1643390189224-1,materialPrimary,bronze
entity:artifact:1:ld1-1643390182193-1643390189225-0,materialPrimary,bronze
entity:artifact:1:ld1-1643390182193-1643390189226-0,materialPrimary,bronze
entity:artifact:1:ld1-1643390182193-1643390189229-0,materialPrimary,stone
entity:artifact:1:ld1-1643390182193-1643390189233-0,materialPrimary,stone
entity:artifact:1:ld1-1643390182193-1643390189233-1,materialPrimary,jade
entity:artifact:1:ld1-1643390182193-1643390189238-0,materialPrimary,earthenware
entity:artifact:1:ld1-1643390182193-1643390189239-0,materialPrimary,earthenware
entity:artifact:1:ld1-1643390182193-1643390189240-0,materialPrimary,earthenware
entity:artifact:1:ld1-1643390182193-1643390189240-1,materialPrimary,earthenware
entity:artifact:1:ld1-1643390182193-1643390189241-0,materialPrimary,earthenware
entity:artifact:1:ld1-1643390182193-1643390189242-0,materialPrimary,earthenware
entity:artifact:1:ld1-1643390182193-1643390189243-0,materialPrimary,earthenware
entity:artifact:1:ld1-1643390182193-1643390189244-0,materialPrimary,bronze
entity:artifact:1:ld1-1643390182193-1643390189246-1,materialPrimary,bronze
entity:artifact:1:ld1-1643390182193-1643390189248-0,materialPrimary,bronze
entity:artifact:1:ld1-1643390182193-1643390189248-1,materialPrimary,bronze
entity:artifact:1:ld1-1643390182193-1643390189251-0,materialPrimary,bronze
entity:artifact:1:ld1-1643390182193-1643390189252-0,materialPrimary,bronze
entity:artifact:1:ld1-1643390182193-1643390189252-1,materialPrimary,bronze
entity:artifact:1:ld1-1643390182193-1643390189253-0,materialPrimary,bronze
entity:artifact:1:ld1-1643390182193-1643390189254-1,materialPrimary,silk
entity:artifact:1:ld1-1643390182193-1643390189256-1,materialPrimary,silk
entity:artifact:1:ld1-1643390182193-1643390189257-0,materialPrimary,silk
entity:artifact:1:ld1-1643390182193-1643390189258-0,materialPrimary,silk
entity:artifact:1:ld1-1643390182193-1643390189261-0,materialPrimary,silk
entity:artifact:1:ld1-1643390182193-1643390189261-1,materialPrimary,silk
entity:artifact:1:ld1-1643390182193-1643390189263-0,materialPrimary,silk
entity:artifact:1:ld1-1643390182193-1643390189266-0,materialPrimary,silk
entity:artifact:1:ld1-1643390182193-1643390189267-0,materialPrimary,silk
entity:artifact:1:ld1-1643390182193-1643390189268-0,materialPrimary,paper
entity:artifact:1:ld1-1643390182193-1643390189269-0,materialPrimary,silk
entity:artifact:1:ld1-1643390182193-1643390189269-1,materialPrimary,silk
entity:artifact:1:ld1-1643390182193-1643390189271-0,materialPrimary,paper
entity:artifact:1:ld1-1643390182193-1643390189271-1,materialPrimary,silk
entity:artifact:1:ld1-1643390182193-1643390189273-0,materialPrimary,silk
entity:artifact:1:ld1-1643390182193-1643390189274-0,materialPrimary,silk
entity:artifact:1:ld1-1643390182193-1643390189275-0,materialPrimary,paper
entity:artifact:1:ld1-1643390182193-1643390189275-1,materialPrimary,silk
entity:artifact:1:ld1-1643390182193-1643390189276-0,materialPrimary,silk
entity:artifact:1:ld1-1643390182193-1643390189277-0,materialPrimary,silk
entity:artifact:1:ld1-1643390182193-1643390189278-0,materialPrimary,silk
entity:artifact:1:ld1-1643390182193-1643390189279-0,materialPrimary,silk
entity:artifact:1:ld1-1643390182193-1643390189280-0,materialPrimary,silk
entity:artifact:1:ld1-1643390182193-1643390189281-0,materialPrimary,silk
entity:artifact:1:ld1-1643390182193-1643390189282-0,materialPrimary,silk
entity:artifact:1:ld1-1643390182193-1643390189283-1,materialPrimary,silk
entity:artifact:1:ld1-1643390182193-1643390189284-0,materialPrimary,silk
entity:artifact:1:ld1-1643390182193-1643390189286-0,materialPrimary,silk
entity:artifact:1:ld1-1643390182193-1643390189287-0,materialPrimary,silk
entity:artifact:1:ld1-1643390182193-1643390189290-0,materialPrimary,silk
entity:artifact:1:ld1-1643390182193-1643390189292-0,materialPrimary,silk
entity:artifact:1:ld1-1643390182193-1643390189293-0,materialPrimary,silk
entity:artifact:1:ld1-1643390182193-1643390189295-0,materialPrimary,silk
entity:artifact:1:ld1-1643390182193-1643390189296-1,materialPrimary,silk
entity:artifact:1:ld1-1643390182193-1643390189297-0,materialPrimary,silk
entity:artifact:1:ld1-1643390182193-1643390189299-1,materialPrimary,silk
entity:artifact:1:ld1-1643390182193-1643390189301-1,materialPrimary,silk
entity:artifact:1:ld1-1643390182193-1643390189302-0,materialPrimary,silk
entity:artifact:1:ld1-1643390182193-1643390189303-0,materialPrimary,silk
entity:artifact:1:ld1-1643390182193-1643390189305-0,materialPrimary,silk
entity:artifact:1:ld1-1643390182193-1643390189306-0,materialPrimary,silk
entity:artifact:1:ld1-1643390182193-1643390189306-1,materialPrimary,silk
entity:artifact:1:ld1-1643390182193-1643390189308-0,materialPrimary,silk
entity:artifact:1:ld1-1643390182193-1643390189310-0,materialPrimary,silk
entity:artifact:1:ld1-1643390182193-1643390189312-0,materialPrimary,silk
entity:artifact:1:ld1-1643390182193-1643390189313-0,materialPrimary,silk
entity:artifact:1:ld1-1643390182193-1643390189314-0,materialPrimary,silk
entity:artifact:1:ld1-1643390182193-1643390189315-0,materialPrimary,silk
entity:artifact:1:ld1-1643390182193-1643390189316-0,materialPrimary,paper
entity:artifact:1:ld1-1643390182193-1643390189317-0,materialPrimary,silk
entity:artifact:1:ld1-1643390182193-1643390189318-0,materialPrimary,silk
entity:artifact:1:ld1-1643390182193-1643390189320-0,materialPrimary,silk
entity:artifact:1:ld1-1643390182193-1643390189322-0,materialPrimary,bronze
entity:artifact:1:ld1-1643390182193-1643390189323-0,materialPrimary,jade
entity:artifact:1:ld1-1643390182193-1643390189331-0,materialPrimary,textile
entity:artifact:1:ld1-1643390182193-1643390189335-1,materialPrimary,silk
entity:artifact:1:ld1-1643390182193-1643390189338-0,materialPrimary,silk
entity:artifact:1:ld1-1643390182193-1643390189339-0,materialPrimary,silk
entity:artifact:1:ld1-1643390182193-1643390189340-0,materialPrimary,silk
entity:artifact:1:ld1-1643390182193-1643390189341-0,materialPrimary,silk
entity:artifact:1:ld1-1643390182193-1643390189341-1,materialPrimary,bronze
entity:artifact:1:ld1-1643390182193-1643390189342-0,materialPrimary,bronze
entity:artifact:1:ld1-1643390182193-1643390189343-0,materialPrimary,jade
entity:artifact:1:ld1-1643390182193-1643390189345-0,materialPrimary,jade
entity:artifact:1:ld1-1643390182193-1643390189346-0,materialPrimary,jade
entity:artifact:1:ld1-1643390182193-1643390189346-1,materialPrimary,jade
entity:artifact:1:ld1-1643390182193-1643390189348-0,materialPrimary,jade
entity:artifact:1:ld1-1643390182193-1643390189349-0,materialPrimary,jade
entity:artifact:1:ld1-1643390182193-1643390189349-1,materialPrimary,jade
entity:artifact:1:ld1-1643390182193-1643390189351-0,materialPrimary,jade
entity:artifact:1:ld1-1643390182193-1643390189351-1,materialPrimary,jade
entity:artifact:1:ld1-1643390182193-1643390189352-0,materialPrimary,jade
entity:artifact:1:ld1-1643390182193-1643390189353-0,materialPrimary,jade
entity:artifact:1:ld1-1643390182193-1643390189354-0,materialPrimary,jade
entity:artifact:1:ld1-1643390182193-1643390189356-0,materialPrimary,jade
entity:artifact:1:ld1-1643390182193-1643390189357-0,materialPrimary,jade
entity:artifact:1:ld1-1643390182193-1643390189357-1,materialPrimary,jade
entity:artifact:1:ld1-1643390182193-1643390189358-0,materialPrimary,jade
entity:artifact:1:ld1-1643390182193-1643390189359-0,materialPrimary,jade
entity:artifact:1:ld1-1643390182193-1643390189360-0,materialPrimary,jade
entity:artifact:1:ld1-1643390182193-1643390189361-0,materialPrimary,jade
entity:artifact:1:ld1-1643390182193-1643390189361-1,materialPrimary,jade
entity:artifact:1:ld1-1643390182193-1643390189362-0,materialPrimary,jade
entity:artifact:1:ld1-1643390182193-1643390189363-0,materialPrimary,jade
entity:artifact:1:ld1-1643390182193-1643390189364-1,materialPrimary,wood
entity:artifact:1:ld1-1643390182193-1643390189366-1,materialPrimary,jade
entity:artifact:1:ld1-1643390182193-1643390189369-0,materialPrimary,jade
entity:artifact:1:ld1-1643390182193-1643390189370-0,materialPrimary,jade
entity:artifact:1:ld1-1643390182193-1643390189375-0,materialPrimary,silk
entity:artifact:1:ld1-1643390182193-1643390189376-0,materialPrimary,silk
entity:artifact:1:ld1-1643390182193-1643390189377-1,materialPrimary,silk
entity:artifact:1:ld1-1643390182193-1643390189379-0,materialPrimary,paper
entity:artifact:1:ld1-1643390182193-1643390189380-0,materialPrimary,silk
entity:artifact:1:ld1-1643390182193-1643390189382-1,materialPrimary,silk
entity:artifact:1:ld1-1643390182193-1643390189386-0,materialPrimary,bronze
entity:artifact:1:ld1-1643390182193-1643390189387-0,materialPrimary,bronze
entity:artifact:1:ld1-1643390182193-1643390189388-0,materialPrimary,bronze
entity:artifact:1:ld1-1643390182193-1643390189389-0,materialPrimary,bronze
entity:artifact:1:ld1-1643390182193-1643390189390-1,materialPrimary,bronze
entity:artifact:1:ld1-1643390182193-1643390189391-0,materialPrimary,bronze
entity:artifact:1:ld1-1643390182193-1643390189392-0,materialPrimary,bronze
entity:artifact:1:ld1-1643390182193-1643390189393-0,materialPrimary,bronze
entity:artifact:1:ld1-1643390182193-1643390189394-0,materialPrimary,bronze
entity:artifact:1:ld1-1643390182193-1643390189395-0,materialPrimary,bronze
entity:artifact:1:ld1-1643390182193-1643390189395-1,materialPrimary,bronze
entity:artifact:1:ld1-1643390182193-1643390189397-0,materialPrimary,bronze
entity:artifact:1:ld1-1643390182193-1643390189398-0,materialPrimary,bronze
entity:artifact:1:ld1-1643390182193-1643390189400-1,materialPrimary,bronze
entity:artifact:1:ld1-1643390182193-1643390189404-0,materialPrimary,bronze
entity:artifact:1:ld1-1643390182193-1643390189410-0,materialPrimary,paper
entity:artifact:1:ld1-1643390182193-1643390189411-1,materialPrimary,bronze
entity:artifact:1:ld1-1643390182193-1643390189413-0,materialPrimary,stone
entity:artifact:1:ld1-1643390182193-1643390189414-0,materialPrimary,stone
entity:artifact:1:ld1-1643390182193-1643390189416-0,materialPrimary,bronze
entity:artifact:1:ld1-1643390182193-1643390189416-1,materialPrimary,paper
entity:artifact:1:ld1-1643390182193-1643390189419-0,materialPrimary,jade
entity:artifact:1:ld1-1643390182193-1643390189422-0,materialPrimary,bronze
entity:artifact:1:ld1-1643390182193-1643390189425-0,materialPrimary,bronze
entity:artifact:1:ld1-1643390182193-1643390189427-0,materialPrimary,bronze
entity:artifact:1:ld1-1643390182193-1643390189428-0,materialPrimary,iron
entity:artifact:1:ld1-1643390182193-1643390189429-0,materialPrimary,iron
entity:artifact:1:ld1-1643390182193-1643390189429-1,materialPrimary,silver
entity:artifact:1:ld1-1643390182193-1643390189433-1,materialPrimary,bronze
entity:artifact:1:ld1-1643390182193-1643390189435-0,materialPrimary,bronze
entity:artifact:1:ld1-1643390182193-1643390189437-0,materialPrimary,bronze
entity:artifact:1:ld1-1643390182193-1643390189438-0,materialPrimary,bronze
entity:artifact:1:ld1-1643390182193-1643390189439-0,materialPrimary,bronze
entity:artifact:1:ld1-1643390182193-1643390189440-0,materialPrimary,bronze
entity:artifact:1:ld1-1643390182193-1643390189440-1,materialPrimary,bronze
entity:artifact:1:ld1-1643390182193-1643390189441-0,materialPrimary,bronze
entity:artifact:1:ld1-1643390182193-1643390189442-0,materialPrimary,bronze
entity:artifact:1:ld1-1643390182193-1643390189443-0,materialPrimary,bronze
entity:artifact:1:ld1-1643390182193-1643390189443-1,materialPrimary,bronze
entity:artifact:1:ld1-1643390182193-1643390189444-0,materialPrimary,bronze
entity:artifact:1:ld1-1643390182193-1643390189445-0,materialPrimary,bronze
entity:artifact:1:ld1-1643390182193-1643390189445-1,materialPrimary,bronze
entity:artifact:1:ld1-1643390182193-1643390189449-1,materialPrimary,bronze
entity:artifact:1:ld1-1643390182193-1643390189450-0,materialPrimary,bronze
entity:artifact:1:ld1-1643390182193-1643390189451-1,materialPrimary,bronze
entity:artifact:1:ld1-1643390182193-1643390189453-0,materialPrimary,bronze
entity:artifact:1:ld1-1643390182193-1643390189454-0,materialPrimary,bronze
entity:artifact:1:ld1-1643390182193-1643390189460-0,materialPrimary,bronze
entity:artifact:1:ld1-1643390182193-1643390189462-1,materialPrimary,bronze
entity:artifact:1:ld1-1643390182193-1643390189463-0,materialPrimary,bronze
entity:artifact:1:ld1-1643390182193-1643390189464-0,materialPrimary,bronze
entity:artifact:1:ld1-1643390182193-1643390189467-0,materialPrimary,bronze
entity:artifact:1:ld1-1643390182193-1643390189468-0,materialPrimary,bronze
entity:artifact:1:ld1-1643390182193-1643390189470-1,materialPrimary,bronze
entity:artifact:1:ld1-1643390182193-1643390189471-0,materialPrimary,bronze
entity:artifact:1:ld1-1643390182193-1643390189475-1,materialPrimary,bronze
entity:artifact:1:ld1-1643390182193-1643390189477-0,materialPrimary,bronze
entity:artifact:1:ld1-1643390182193-1643390189477-1,materialPrimary,bronze
entity:artifact:1:ld1-1643390182193-1643390189478-0,materialPrimary,bronze
entity:artifact:1:ld1-1643390182193-1643390189481-1,materialPrimary,bronze
entity:artifact:1:ld1-1643390182193-1643390189485-0,materialPrimary,bronze
entity:artifact:1:ld1-1643390182193-1643390189486-1,materialPrimary,metal
entity:artifact:1:ld1-1643390182193-1643390189487-0,materialPrimary,metal
entity:artifact:1:ld1-1643390182193-1643390189488-0,materialPrimary,metal
entity:artifact:1:ld1-1643390182193-1643390189488-1,materialPrimary,metal
entity:artifact:1:ld1-1643390182193-1643390189497-0,materialPrimary,stone
entity:artifact:1:ld1-1643390182193-1643390189498-0,materialPrimary,stone
entity:artifact:1:ld1-1643390182193-1643390189499-0,materialPrimary,glass
entity:artifact:1:ld1-1643390182193-1643390189500-0,materialPrimary,bronze
entity:artifact:1:ld1-1643390182193-1643390189500-1,materialPrimary,bronze
entity:artifact:1:ld1-1643390182193-1643390189501-0,materialPrimary,bronze
entity:artifact:1:ld1-1643390182193-1643390189502-0,materialPrimary,bronze
entity:artifact:1:ld1-1643390182193-1643390189502-1,materialPrimary,bronze
entity:artifact:1:ld1-1643390182193-1643390189505-0,materialPrimary,textile
entity:artifact:1:ld1-1643390182193-1643390189506-0,materialPrimary,textile
entity:artifact:1:ld1-1643390182193-1643390189510-0,materialPrimary,bronze
entity:artifact:1:ld1-1643390182193-1643390189514-0,materialPrimary,stone
entity:artifact:1:ld1-1643390182193-1643390189517-0,materialPrimary,jade
entity:artifact:1:ld1-1643390182193-1643390189518-0,materialPrimary,jade
entity:artifact:1:ld1-1643390182193-1643390189523-0,materialPrimary,jade
entity:artifact:1:ld1-1643390182193-1643390189525-0,materialPrimary,jade
entity:artifact:1:ld1-1643390182193-1643390189526-0,materialPrimary,jade
entity:artifact:1:ld1-1643390182193-1643390189526-1,materialPrimary,jade
entity:artifact:1:ld1-1643390182193-1643390189527-0,materialPrimary,jade
entity:artifact:1:ld1-1643390182193-1643390189529-1,materialPrimary,jade
entity:artifact:1:ld1-1643390182193-1643390189532-0,materialPrimary,jade
entity:artifact:1:ld1-1643390182193-1643390189533-1,materialPrimary,jade
entity:artifact:1:ld1-1643390182193-1643390189537-0,materialPrimary,bronze
entity:artifact:1:ld1-1643390182193-1643390189545-0,materialPrimary,silk
entity:artifact:1:ld1-1643390182193-1643390189546-0,materialPrimary,silk
entity:artifact:1:ld1-1643390182193-1643390189546-1,materialPrimary,paper
entity:artifact:1:ld1-1643390182193-1643390189548-0,materialPrimary,silk
entity:artifact:1:ld1-1643390182193-1643390189549-0,materialPrimary,paper
entity:artifact:1:ld1-1643390182193-1643390189550-0,materialPrimary,earthenware
entity:artifact:1:ld1-1643390182193-1643390189551-0,materialPrimary,jade
entity:artifact:1:ld1-1643390182193-1643390189552-0,materialPrimary,jade
entity:artifact:1:ld1-1643390182193-1643390189555-0,materialPrimary,earthenware
entity:artifact:1:ld1-1643390182193-1643390189555-1,materialPrimary,glass
entity:artifact:1:ld1-1643390182193-1643390189557-0,materialPrimary,jade
entity:artifact:1:ld1-1643390182193-1643390189557-1,materialPrimary,jade
entity:artifact:1:ld1-1643390182193-1643390189572-1,materialPrimary,bronze
entity:artifact:1:ld1-1643390182193-1643390189575-0,materialPrimary,bronze
entity:artifact:1:ld1-1643390182193-1643390189576-0,materialPrimary,bronze
entity:artifact:1:ld1-1643390182193-1643390189577-0,materialPrimary,bronze
entity:artifact:1:ld1-1643390182193-1643390189578-0,materialPrimary,bronze
entity:artifact:1:ld1-1643390182193-1643390189579-0,materialPrimary,bronze
entity:artifact:1:ld1-1643390182193-1643390189580-0,materialPrimary,bronze
entity:artifact:1:ld1-1643390182193-1643390189581-0,materialPrimary,bronze
entity:artifact:1:ld1-1643390182193-1643390189582-0,materialPrimary,bronze
entity:artifact:1:ld1-1643390182193-1643390189583-0,materialPrimary,bronze
entity:artifact:1:ld1-1643390182193-1643390189583-1,materialPrimary,bronze
entity:artifact:1:ld1-1643390182193-1643390189584-0,materialPrimary,bronze
entity:artifact:1:ld1-1643390182193-1643390189585-0,materialPrimary,bronze
entity:artifact:1:ld1-1643390182193-1643390189585-1,materialPrimary,bronze
entity:artifact:1:ld1-1643390182193-1643390189586-0,materialPrimary,bronze
entity:artifact:1:ld1-1643390182193-1643390189587-0,materialPrimary,bronze
entity:artifact:1:ld1-1643390182193-1643390189588-0,materialPrimary,bronze
entity:artifact:1:ld1-1643390182193-1643390189589-0,materialPrimary,bronze
entity:artifact:1:ld1-1643390182193-1643390189590-0,materialPrimary,bronze
entity:artifact:1:ld1-1643390182193-1643390189591-0,materialPrimary,bronze
entity:artifact:1:ld1-1643390182193-1643390189593-1,materialPrimary,bronze
entity:artifact:1:ld1-1643390182193-1643390189594-0,materialPrimary,bronze
entity:artifact:1:ld1-1643390182193-1643390189601-0,materialPrimary,bronze
entity:artifact:1:ld1-1643390182193-1643390189602-0,materialPrimary,bronze
entity:artifact:1:ld1-1643390182193-1643390189602-1,materialPrimary,bronze
entity:artifact:1:ld1-1643390182193-1643390189603-0,materialPrimary,bronze
entity:artifact:1:ld1-1643390182193-1643390189604-0,materialPrimary,bronze
entity:artifact:1:ld1-1643390182193-1643390189605-0,materialPrimary,bronze
entity:artifact:1:ld1-1643390182193-1643390189609-0,materialPrimary,bronze
entity:artifact:1:ld1-1643390182193-1643390189610-0,materialPrimary,bronze
entity:artifact:1:ld1-1643390182193-1643390189610-1,materialPrimary,bronze
entity:artifact:1:ld1-1643390182193-1643390189611-0,materialPrimary,bronze
entity:artifact:1:ld1-1643390182193-1643390189612-0,materialPrimary,bronze
entity:artifact:1:ld1-1643390182193-1643390189613-0,materialPrimary,bronze
entity:artifact:1:ld1-1643390182193-1643390189613-1,materialPrimary,earthenware
entity:artifact:1:ld1-1643390182193-1643390189614-0,materialPrimary,earthenware
entity:artifact:1:ld1-1643390182193-1643390189615-0,materialPrimary,earthenware
entity:artifact:1:ld1-1643390182193-1643390189616-0,materialPrimary,jade
entity:artifact:1:ld1-1643390182193-1643390189617-0,materialPrimary,jade
entity:artifact:1:ld1-1643390182193-1643390189618-0,materialPrimary,jade
entity:artifact:1:ld1-1643390182193-1643390189619-0,materialPrimary,jade
entity:artifact:1:ld1-1643390182193-1643390189619-1,materialPrimary,jade
entity:artifact:1:ld1-1643390182193-1643390189620-0,materialPrimary,jade
entity:artifact:1:ld1-1643390182193-1643390189621-0,materialPrimary,jade
entity:artifact:1:ld1-1643390182193-1643390189622-1,materialPrimary,jade
entity:artifact:1:ld1-1643390182193-1643390189623-0,materialPrimary,jade
entity:artifact:1:ld1-1643390182193-1643390189624-0,materialPrimary,jade
entity:artifact:1:ld1-1643390182193-1643390189625-0,materialPrimary,jade
entity:artifact:1:ld1-1643390182193-1643390189626-0,materialPrimary,jade
entity:artifact:1:ld1-1643390182193-1643390189626-1,materialPrimary,jade
entity:artifact:1:ld1-1643390182193-1643390189627-0,materialPrimary,jade
entity:artifact:1:ld1-1643390182193-1643390189628-0,materialPrimary,jade
entity:artifact:1:ld1-1643390182193-1643390189629-0,materialPrimary,jade
entity:artifact:1:ld1-1643390182193-1643390189630-0,materialPrimary,jade
entity:artifact:1:ld1-1643390182193-1643390189630-1,materialPrimary,jade
entity:artifact:1:ld1-1643390182193-1643390189631-0,materialPrimary,jade
entity:artifact:1:ld1-1643390182193-1643390189632-0,materialPrimary,jade
entity:artifact:1:ld1-1643390182193-1643390189633-0,materialPrimary,jade
entity:artifact:1:ld1-1643390182193-1643390189634-0,materialPrimary,jade
entity:artifact:1:ld1-1643390182193-1643390189634-1,materialPrimary,jade
entity:artifact:1:ld1-1643390182193-1643390189635-0,materialPrimary,jade
entity:artifact:1:ld1-1643390182193-1643390189659-0,materialPrimary,silk
entity:artifact:1:ld1-1643390182193-1643390189661-0,materialPrimary,silk
entity:artifact:1:ld1-1643390182193-1643390189663-0,materialPrimary,silk
entity:artifact:1:ld1-1643390182193-1643390189664-0,materialPrimary,silk
entity:artifact:1:ld1-1643390182193-1643390189665-0,materialPrimary,paper
entity:artifact:1:ld1-1643390182193-1643390189666-0,materialPrimary,silk
entity:artifact:1:ld1-1643390182193-1643390189667-0,materialPrimary,silk
entity:artifact:1:ld1-1643390182193-1643390189668-0,materialPrimary,silk
entity:artifact:1:ld1-1643390182193-1643390189679-0,materialPrimary,silk
entity:artifact:1:ld1-1643390182193-1643390189681-0,materialPrimary,silk
entity:artifact:1:ld1-1643390182193-1643390189681-1,materialPrimary,silk
entity:artifact:1:ld1-1643390182193-1643390189682-0,materialPrimary,silk
entity:artifact:1:ld1-1643390182193-1643390189684-1,materialPrimary,silk
entity:artifact:1:ld1-1643390182193-1643390189685-0,materialPrimary,silk
entity:artifact:1:ld1-1643390182193-1643390189690-0,materialPrimary,silk
entity:artifact:1:ld1-1643390182193-1643390189699-0,materialPrimary,silk
entity:artifact:1:ld1-1643390182193-1643390189700-0,materialPrimary,silk
entity:artifact:1:ld1-1643390182193-1643390189701-0,materialPrimary,silk
entity:artifact:1:ld1-1643390182193-1643390189702-0,materialPrimary,silk
entity:artifact:1:ld1-1643390182193-1643390189703-0,materialPrimary,silk
entity:artifact:1:ld1-1643390182193-1643390189703-1,materialPrimary,silk
entity:artifact:1:ld1-1643390182193-1643390189704-0,materialPrimary,silk
entity:artifact:1:ld1-1643390182193-1643390189705-1,materialPrimary,silk
entity:artifact:1:ld1-1643390182193-1643390189706-0,materialPrimary,silk
entity:artifact:1:ld1-1643390182193-1643390189707-0,materialPrimary,silk
entity:artifact:1:ld1-1643390182193-1643390189708-0,materialPrimary,silk
entity:artifact:1:ld1-1643390182193-1643390189709-0,materialPrimary,silk
entity:artifact:1:ld1-1643390182193-1643390189710-0,materialPrimary,silk
entity:artifact:1:ld1-1643390182193-1643390189717-0,materialPrimary,silk
entity:artifact:1:ld1-1643390182193-1643390189731-0,materialPrimary,glass
entity:artifact:1:ld1-1643390182193-1643390189736-0,materialPrimary,jade
entity:artifact:1:ld1-1643390182193-1643390189737-0,materialPrimary,jade
entity:artifact:1:ld1-1643390182193-1643390189739-0,materialPrimary,jade
entity:artifact:1:ld1-1643390182193-1643390189746-0,materialPrimary,silk
entity:artifact:1:ld1-1643390182193-1643390189816-0,materialPrimary,bronze
entity:artifact:1:ld1-1643390182193-1643390189817-0,materialPrimary,bronze
entity:artifact:1:ld1-1643390182193-1643390189819-0,materialPrimary,bronze
entity:artifact:1:ld1-1643390182193-1643390189819-1,materialPrimary,bronze
entity:artifact:1:ld1-1643390182193-1643390189820-0,materialPrimary,bronze
entity:artifact:1:ld1-1643390182193-1643390189821-0,materialPrimary,bronze
entity:artifact:1:ld1-1643390182193-1643390189822-0,materialPrimary,bronze
entity:artifact:1:ld1-1643390182193-1643390189824-0,materialPrimary,bronze
entity:artifact:1:ld1-1643390182193-1643390189829-0,materialPrimary,bronze
entity:artifact:1:ld1-1643390182193-1643390189829-1,materialPrimary,bronze
entity:artifact:1:ld1-1643390182193-1643390189830-0,materialPrimary,bronze
entity:artifact:1:ld1-1643390182193-1643390189831-0,materialPrimary,bronze
entity:artifact:1:ld1-1643390182193-1643390189832-0,materialPrimary,bronze
entity:artifact:1:ld1-1643390182193-1643390189833-0,materialPrimary,bronze
entity:artifact:1:ld1-1643390182193-1643390189857-0,materialPrimary,bronze
entity:artifact:1:ld1-1643390182193-1643390189859-0,materialPrimary,jade
entity:artifact:1:ld1-1643390182193-1643390189859-1,materialPrimary,jade
entity:artifact:1:ld1-1643390182193-1643390189860-0,materialPrimary,jade
entity:artifact:1:ld1-1643390182193-1643390189861-0,materialPrimary,jade
entity:artifact:1:ld1-1643390182193-1643390189862-0,materialPrimary,jade
entity:artifact:1:ld1-1643390182193-1643390189866-0,materialPrimary,jade
entity:artifact:1:ld1-1643390182193-1643390189883-0,materialPrimary,bronze
entity:artifact:1:ld1-1643390182193-1643390189884-0,materialPrimary,jade
entity:artifact:1:ld1-1643390182193-1643390189886-0,materialPrimary,jade
entity:artifact:1:ld1-1643390182193-1643390189888-0,materialPrimary,jade
entity:artifact:1:ld1-1643390182193-1643390189888-1,materialPrimary,jade
entity:artifact:1:ld1-1643390182193-1643390189889-0,materialPrimary,jade
entity:artifact:1:ld1-1643390182193-1643390189894-0,materialPrimary,jade
entity:artifact:1:ld1-1643390182193-1643390189895-0,materialPrimary,jade
entity:artifact:1:ld1-1643390182193-1643390189897-0,materialPrimary,jade
entity:artifact:1:ld1-1643390182193-1643390189898-0,materialPrimary,jade
entity:artifact:1:ld1-1643390182193-1643390189900-0,materialPrimary,jade
entity:artifact:1:ld1-1643390182193-1643390189901-0,materialPrimary,jade
entity:artifact:1:ld1-1643390182193-1643390189901-1,materialPrimary,jade
entity:artifact:1:ld1-1643390182193-1643390189902-0,materialPrimary,jade
entity:artifact:1:ld1-1643390182193-1643390189903-0,materialPrimary,jade
entity:artifact:1:ld1-1643390182193-1643390189904-0,materialPrimary,jade
entity:artifact:1:ld1-1643390182193-1643390189905-0,materialPrimary,jade
entity:artifact:1:ld1-1643390182193-1643390189906-0,materialPrimary,jade
entity:artifact:1:ld1-1643390182193-1643390189908-0,materialPrimary,jade
entity:artifact:1:ld1-1643390182193-1643390189913-0,materialPrimary,jade
entity:artifact:1:ld1-1643390182193-1643390189914-0,materialPrimary,jade
entity:artifact:1:ld1-1643390182193-1643390189915-0,materialPrimary,jade
entity:artifact:1:ld1-1643390182193-1643390189919-0,materialPrimary,jade
entity:artifact:1:ld1-1643390182193-1643390189920-0,materialPrimary,jade
entity:artifact:1:ld1-1643390182193-1643390189922-1,materialPrimary,jade
entity:artifact:1:ld1-1643390182193-1643390189923-0,materialPrimary,jade
entity:artifact:1:ld1-1643390182193-1643390189924-0,materialPrimary,jade
entity:artifact:1:ld1-1643390182193-1643390189925-0,materialPrimary,jade
entity:artifact:1:ld1-1643390182193-1643390189925-1,materialPrimary,jade
entity:artifact:1:ld1-1643390182193-1643390189927-0,materialPrimary,jade
entity:artifact:1:ld1-1643390182193-1643390189931-0,materialPrimary,jade
entity:artifact:1:ld1-1643390182193-1643390189931-1,materialPrimary,jade
entity:artifact:1:ld1-1643390182193-1643390189933-1,materialPrimary,jade
entity:artifact:1:ld1-1643390182193-1643390189934-0,materialPrimary,jade
entity:artifact:1:ld1-1643390182193-1643390189936-0,materialPrimary,jade
entity:artifact:1:ld1-1643390182193-1643390189937-0,materialPrimary,jade
entity:artifact:1:ld1-1643390182193-1643390189937-1,materialPrimary,jade
entity:artifact:1:ld1-1643390182193-1643390189938-0,materialPrimary,jade
entity:artifact:1:ld1-1643390182193-1643390189939-0,materialPrimary,jade
entity:artifact:1:ld1-1643390182193-1643390189941-0,materialPrimary,jade
entity:artifact:1:ld1-1643390182193-1643390189942-0,materialPrimary,jade
entity:artifact:1:ld1-1643390182193-1643390189949-0,materialPrimary,jade
entity:artifact:1:ld1-1643390182193-1643390189950-0,materialPrimary,jade
entity:artifact:1:ld1-1643390182193-1643390189952-0,materialPrimary,silk
entity:artifact:1:ld1-1643390182193-1643390189954-0,materialPrimary,paper
entity:artifact:1:ld1-1643390182193-1643390189956-0,materialPrimary,silk
entity:artifact:1:ld1-1643390182193-1643390189956-1,materialPrimary,silk
entity:artifact:1:ld1-1643390182193-1643390189957-0,materialPrimary,paper
entity:artifact:1:ld1-1643390182193-1643390189958-0,materialPrimary,silk
entity:artifact:1:ld1-1643390182193-1643390189959-0,materialPrimary,silk
entity:artifact:1:ld1-1643390182193-1643390189961-0,materialPrimary,paper
entity:artifact:1:ld1-1643390182193-1643390189962-0,materialPrimary,paper
entity:artifact:1:ld1-1643390182193-1643390189963-0,materialPrimary,paper
entity:artifact:1:ld1-1643390182193-1643390189964-0,materialPrimary,paper
entity:artifact:1:ld1-1643390182193-1643390189965-1,materialPrimary,silk
entity:artifact:1:ld1-1643390182193-1643390189967-0,materialPrimary,silk
entity:artifact:1:ld1-1643390182193-1643390189968-0,materialPrimary,silk
entity:artifact:1:ld1-1643390182193-1643390189969-0,materialPrimary,silk
entity:artifact:1:ld1-1643390182193-1643390189969-1,materialPrimary,silk
entity:artifact:1:ld1-1643390182193-1643390189971-0,materialPrimary,silk
entity:artifact:1:ld1-1643390182193-1643390189972-1,materialPrimary,silk
entity:artifact:1:ld1-1643390182193-1643390189973-0,materialPrimary,silk
entity:artifact:1:ld1-1643390182193-1643390189975-0,materialPrimary,silk
entity:artifact:1:ld1-1643390182193-1643390189976-0,materialPrimary,silk
entity:artifact:1:ld1-1643390182193-1643390189979-0,materialPrimary,paper
entity:artifact:1:ld1-1643390182193-1643390189980-0,materialPrimary,silk
entity:artifact:1:ld1-1643390182193-1643390189982-0,materialPrimary,paper
entity:artifact:1:ld1-1643390182193-1643390189998-0,materialPrimary,paper
entity:artifact:1:ld1-1643390182193-1643390190000-0,materialPrimary,bronze
entity:artifact:1:ld1-1643390182193-1643390190004-0,materialPrimary,bronze
entity:artifact:1:ld1-1643390182193-1643390190004-1,materialPrimary,bronze
entity:artifact:1:ld1-1643390182193-1643390190005-0,materialPrimary,bronze
entity:artifact:1:ld1-1643390182193-1643390190006-0,materialPrimary,bronze
entity:artifact:1:ld1-1643390182193-1643390190007-0,materialPrimary,bronze
entity:artifact:1:ld1-1643390182193-1643390190015-0,materialPrimary,paper
entity:artifact:1:ld1-1643390182193-1643390190017-0,materialPrimary,paper
entity:artifact:1:ld1-1643390182193-1643390190018-0,materialPrimary,silk
entity:artifact:1:ld1-1643390182193-1643390190020-0,materialPrimary,earthenware
entity:artifact:1:ld1-1643390182193-1643390190020-1,materialPrimary,earthenware
entity:artifact:1:ld1-1643390182193-1643390190022-0,materialPrimary,bronze
entity:artifact:1:ld1-1643390182193-1643390190025-0,materialPrimary,silk
entity:artifact:1:ld1-1643390182193-1643390190026-0,materialPrimary,silk
entity:artifact:1:ld1-1643390182193-1643390190027-1,materialPrimary,paper
entity:artifact:1:ld1-1643390182193-1643390190029-0,materialPrimary,bronze
entity:artifact:1:ld1-1643390182193-1643390190032-0,materialPrimary,silk
entity:artifact:1:ld1-1643390182193-1643390190033-0,materialPrimary,silk
entity:artifact:1:ld1-1643390182193-1643390190040-1,materialPrimary,earthenware
entity:artifact:1:ld1-1643390182193-1643390190058-0,materialPrimary,stone
entity:artifact:1:ld1-1643390182193-1643390190060-0,materialPrimary,stone
entity:artifact:1:ld1-1643390182193-1643390190061-0,materialPrimary,stone
entity:artifact:1:ld1-1643390182193-1643390190062-0,materialPrimary,stone
entity:artifact:1:ld1-1643390182193-1643390190071-1,materialPrimary,bronze
entity:artifact:1:ld1-1643390182193-1643390190072-0,materialPrimary,bronze
entity:artifact:1:ld1-1643390182193-1643390190074-0,materialPrimary,bronze
entity:artifact:1:ld1-1643390182193-1643390190075-0,materialPrimary,bronze
entity:artifact:1:ld1-1643390182193-1643390190077-0,materialPrimary,bronze
entity:artifact:1:ld1-1643390182193-1643390190078-0,materialPrimary,bronze
entity:artifact:1:ld1-1643390182193-1643390190079-1,materialPrimary,bronze
entity:artifact:1:ld1-1643390182193-1643390190080-0,materialPrimary,bronze
entity:artifact:1:ld1-1643390182193-1643390190081-0,materialPrimary,bronze
entity:artifact:1:ld1-1643390182193-1643390190082-0,materialPrimary,bronze
entity:artifact:1:ld1-1643390182193-1643390190083-0,materialPrimary,bronze
entity:artifact:1:ld1-1643390182193-1643390190084-0,materialPrimary,bronze
entity:artifact:1:ld1-1643390182193-1643390190085-0,materialPrimary,bronze
entity:artifact:1:ld1-1643390182193-1643390190086-0,materialPrimary,bronze
entity:artifact:1:ld1-1643390182193-1643390190087-0,materialPrimary,bronze
entity:artifact:1:ld1-1643390182193-1643390190088-0,materialPrimary,bronze
entity:artifact:1:ld1-1643390182193-1643390190089-0,materialPrimary,bronze
entity:artifact:1:ld1-1643390182193-1643390190090-0,materialPrimary,bronze
entity:artifact:1:ld1-1643390182193-1643390190091-0,materialPrimary,bronze
entity:artifact:1:ld1-1643390182193-1643390190156-0,materialPrimary,bronze
entity:artifact:1:ld1-1643390182193-1643390190164-0,materialPrimary,bronze
entity:artifact:1:ld1-1643390182193-1643390190165-0,materialPrimary,bronze
entity:artifact:1:ld1-1643390182193-1643390190178-0,materialPrimary,silk
entity:artifact:1:ld1-1643390182193-1643390190180-0,materialPrimary,silk
entity:artifact:1:ld1-1643390182193-1643390190183-0,materialPrimary,silk
entity:artifact:1:ld1-1643390182193-1643390190184-0,materialPrimary,silk
entity:artifact:1:ld1-1643390182193-1643390190186-0,materialPrimary,silk
entity:artifact:1:ld1-1643390182193-1643390190187-0,materialPrimary,paper
entity:artifact:1:ld1-1643390182193-1643390190192-0,materialPrimary,paper
entity:artifact:1:ld1-1643390182193-1643390190193-0,materialPrimary,silk
entity:artifact:1:ld1-1643390182193-1643390190195-0,materialPrimary,silk
entity:artifact:1:ld1-1643390182193-1643390190197-0,materialPrimary,jade
entity:artifact:1:ld1-1643390182193-1643390190198-0,materialPrimary,jade
entity:artifact:1:ld1-1643390182193-1643390190200-0,materialPrimary,jade
entity:artifact:1:ld1-1643390182193-1643390190202-0,materialPrimary,jade
entity:artifact:1:ld1-1643390182193-1643390190204-0,materialPrimary,jade
entity:artifact:1:ld1-1643390182193-1643390190206-0,materialPrimary,jade
entity:artifact:1:ld1-1643390182193-1643390190207-0,materialPrimary,jade
entity:artifact:1:ld1-1643390182193-1643390190209-0,materialPrimary,jade
entity:artifact:1:ld1-1643390182193-1643390190211-0,materialPrimary,jade
entity:artifact:1:ld1-1643390182193-1643390190212-0,materialPrimary,jade
entity:artifact:1:ld1-1643390182193-1643390190214-0,materialPrimary,jade
entity:artifact:1:ld1-1643390182193-1643390190216-0,materialPrimary,jade
entity:artifact:1:ld1-1643390182193-1643390190218-0,materialPrimary,jade
entity:artifact:1:ld1-1643390182193-1643390190219-0,materialPrimary,jade
entity:artifact:1:ld1-1643390182193-1643390190221-0,materialPrimary,jade
entity:artifact:1:ld1-1643390182193-1643390190224-0,materialPrimary,jade
entity:artifact:1:ld1-1643390182193-1643390190226-0,materialPrimary,jade
entity:artifact:1:ld1-1643390182193-1643390190232-0,materialPrimary,jade
entity:artifact:1:ld1-1643390182193-1643390190233-0,materialPrimary,jade
entity:artifact:1:ld1-1643390182193-1643390190235-0,materialPrimary,jade
entity:artifact:1:ld1-1643390182193-1643390190237-0,materialPrimary,jade
entity:artifact:1:ld1-1643390182193-1643390190241-0,materialPrimary,jade
entity:artifact:1:ld1-1643390182193-1643390190243-0,materialPrimary,jade
entity:artifact:1:ld1-1643390182193-1643390190248-0,materialPrimary,jade
entity:artifact:1:ld1-1643390182193-1643390190250-0,materialPrimary,jade
entity:artifact:1:ld1-1643390182193-1643390190253-0,materialPrimary,jade
entity:artifact:1:ld1-1643390182193-1643390190254-0,materialPrimary,jade
entity:artifact:1:ld1-1643390182193-1643390190256-0,materialPrimary,jade
entity:artifact:1:ld1-1643390182193-1643390190258-0,materialPrimary,jade
entity:artifact:1:ld1-1643390182193-1643390190259-0,materialPrimary,jade
entity:artifact:1:ld1-1643390182193-1643390190261-0,materialPrimary,jade
entity:artifact:1:ld1-1643390182193-1643390190264-0,materialPrimary,jade
entity:artifact:1:ld1-1643390182193-1643390190266-0,materialPrimary,jade
entity:artifact:1:ld1-1643390182193-1643390190268-0,materialPrimary,jade
entity:artifact:1:ld1-1643390182193-1643390190270-0,materialPrimary,jade
entity:artifact:1:ld1-1643390182193-1643390190272-0,materialPrimary,jade
entity:artifact:1:ld1-1643390182193-1643390190274-0,materialPrimary,jade
entity:artifact:1:ld1-1643390182193-1643390190275-0,materialPrimary,jade
entity:artifact:1:ld1-1643390182193-1643390190277-0,materialPrimary,jade
entity:artifact:1:ld1-1643390182193-1643390190279-0,materialPrimary,jade
entity:artifact:1:ld1-1643390182193-1643390190280-0,materialPrimary,jade
entity:artifact:1:ld1-1643390182193-1643390190282-0,materialPrimary,jade
entity:artifact:1:ld1-1643390182193-1643390190285-0,materialPrimary,jade
entity:artifact:1:ld1-1643390182193-1643390190286-0,materialPrimary,jade
entity:artifact:1:ld1-1643390182193-1643390190308-0,materialPrimary,bronze
entity:artifact:1:ld1-1643390182193-1643390190311-0,materialPrimary,bronze
entity:artifact:1:ld1-1643390182193-1643390190315-0,materialPrimary,stone
entity:artifact:1:ld1-1643390182193-1643390190340-0,materialPrimary,paper
entity:artifact:1:ld1-1643390182193-1643390190363-0,materialPrimary,silk
entity:artifact:1:ld1-1643390182193-1643390190365-0,materialPrimary,silk
entity:artifact:1:ld1-1643390182193-1643390190366-0,materialPrimary,silk
entity:artifact:1:ld1-1643390182193-1643390190410-0,materialPrimary,jade
entity:artifact:1:ld1-1643390182193-1643390190474-0,materialPrimary,jade
entity:artifact:1:ld1-1643390182193-1643390190548-0,materialPrimary,bronze
entity:artifact:1:ld1-1643390182193-1643390190682-0,materialPrimary,jade
entity:artifact:1:ld1-1643390182193-1643390190683-0,materialPrimary,jade
entity:artifact:1:ld1-1643390182193-1643390190687-0,materialPrimary,silk
entity:artifact:1:ld1-1643390182193-1643390190688-0,materialPrimary,silk
entity:artifact:1:ld1-1643390182193-1643390190694-0,materialPrimary,silk
entity:artifact:1:ld1-1643390182193-1643390190695-0,materialPrimary,paper
entity:artifact:1:ld1-1643390182193-1643390190696-0,materialPrimary,silk
entity:artifact:1:ld1-1643390182193-1643390190698-0,materialPrimary,silk
entity:artifact:1:ld1-1643390182193-1643390190701-0,materialPrimary,silk
entity:artifact:1:ld1-1643390182193-1643390190705-0,materialPrimary,jade
entity:artifact:1:ld1-1643390182193-1643390190708-0,materialPrimary,jade
entity:artifact:1:ld1-1643390182193-1643390190713-0,materialPrimary,jade
entity:artifact:1:ld1-1643390182193-1643390190714-0,materialPrimary,jade
entity:artifact:1:ld1-1643390182193-1643390190716-0,materialPrimary,jade
entity:artifact:1:ld1-1643390182193-1643390190717-0,materialPrimary,jade
entity:artifact:1:ld1-1643390182193-1643390190718-0,materialPrimary,jade
entity:artifact:1:ld1-1643390182193-1643390190720-0,materialPrimary,jade
entity:artifact:1:ld1-1643390182193-1643390190721-0,materialPrimary,jade
entity:artifact:1:ld1-1643390182193-1643390190723-0,materialPrimary,jade
entity:artifact:1:ld1-1643390182193-1643390190724-0,materialPrimary,jade
entity:artifact:1:ld1-1643390182193-1643390190726-0,materialPrimary,jade
entity:artifact:1:ld1-1643390182193-1643390190727-0,materialPrimary,jade
entity:artifact:1:ld1-1643390182193-1643390190731-0,materialPrimary,jade
entity:artifact:1:ld1-1643390182193-1643390190732-0,materialPrimary,jade
entity:artifact:1:ld1-1643390182193-1643390190734-0,materialPrimary,jade
entity:artifact:1:ld1-1643390182193-1643390190736-0,materialPrimary,silk
entity:artifact:1:ld1-1643390182193-1643390190738-0,materialPrimary,silk
entity:artifact:1:ld1-1643390182193-1643390190740-0,materialPrimary,silk
entity:artifact:1:ld1-1643390182193-1643390190747-0,materialPrimary,jade
entity:artifact:1:ld1-1643390182193-1643390190749-0,materialPrimary,jade
entity:artifact:1:ld1-1643390182193-1643390190751-0,materialPrimary,earthenware
entity:artifact:1:ld1-1643390182193-1643390190752-0,materialPrimary,silk
entity:artifact:1:ld1-1643390182193-1643390190754-0,materialPrimary,horn
entity:artifact:1:ld1-1643390182193-1643390190755-0,materialPrimary,bronze
entity:artifact:1:ld1-1643390182193-1643390190758-0,materialPrimary,paper
entity:artifact:1:ld1-1643390182193-1643390190972-0,materialPrimary,earthenware
entity:artifact:1:ld1-1643390182193-1643390190973-0,materialPrimary,earthenware
entity:artifact:1:ld1-1643390182193-1643390190975-0,materialPrimary,earthenware
entity:artifact:1:ld1-1643390182193-1643390190981-0,materialPrimary,bronze
entity:artifact:1:ld1-1643390182193-1643390190984-0,materialPrimary,metal
entity:artifact:1:ld1-1643390182193-1643390190987-0,materialPrimary,bronze
entity:artifact:1:ld1-1643390182193-1643390190999-0,materialPrimary,silk
entity:artifact:1:ld1-1643390182193-1643390191009-0,materialPrimary,bronze
entity:artifact:1:ld1-1643390182193-1643390191011-0,materialPrimary,bronze
entity:artifact:1:ld1-1643390182193-1643390191020-0,materialPrimary,earthenware
entity:artifact:1:ld1-1643390182193-1643390191021-0,materialPrimary,bronze
entity:artifact:1:ld1-1643390182193-1643390191025-0,materialPrimary,stone
entity:artifact:1:ld1-1643390182193-1643390191027-0,materialPrimary,paper
entity:artifact:1:ld1-1643390182193-1643390191038-0,materialPrimary,jade
entity:artifact:1:ld1-1643390182193-1643390191040-0,materialPrimary,jade
entity:artifact:1:ld1-1643390182193-1643390191041-0,materialPrimary,jade
entity:artifact:1:ld1-1643390182193-1643390191043-0,materialPrimary,jade
entity:artifact:1:ld1-1643390182193-1643390191044-0,materialPrimary,jade
entity:artifact:1:ld1-1643390182193-1643390191047-0,materialPrimary,jade
entity:artifact:1:ld1-1643390182193-1643390191049-0,materialPrimary,jade
entity:artifact:1:ld1-1643390182193-1643390191050-0,materialPrimary,jade
entity:artifact:1:ld1-1643390182193-1643390191053-0,materialPrimary,jade
entity:artifact:1:ld1-1643390182193-1643390191055-0,materialPrimary,jade
entity:artifact:1:ld1-1643390182193-1643390191056-0,materialPrimary,jade
entity:artifact:1:ld1-1643390182193-1643390191058-0,materialPrimary,jade
entity:artifact:1:ld1-1643390182193-1643390191059-0,materialPrimary,jade
entity:artifact:1:ld1-1643390182193-1643390191061-0,materialPrimary,jade
entity:artifact:1:ld1-1643390182193-1643390191062-0,materialPrimary,jade
entity:artifact:1:ld1-1643390182193-1643390191064-0,materialPrimary,jade
entity:artifact:1:ld1-1643390182193-1643390191066-0,materialPrimary,jade
entity:artifact:1:ld1-1643390182193-1643390191069-0,materialPrimary,jade
entity:artifact:1:ld1-1643390182193-1643390191071-0,materialPrimary,stone
entity:artifact:1:ld1-1643390182193-1643390191072-0,materialPrimary,jade
entity:artifact:1:ld1-1643390182193-1643390191074-0,materialPrimary,jade
entity:artifact:1:ld1-1643390182193-1643390191075-0,materialPrimary,jade
entity:artifact:1:ld1-1643390182193-1643390191080-0,materialPrimary,jade
entity:artifact:1:ld1-1643390182193-1643390191082-0,materialPrimary,jade
entity:artifact:1:ld1-1643390182193-1643390191082-1,materialPrimary,jade
entity:artifact:1:ld1-1643390182193-1643390191083-0,materialPrimary,jade
entity:artifact:1:ld1-1643390182193-1643390191084-0,materialPrimary,jade
entity:artifact:1:ld1-1643390182193-1643390191085-0,materialPrimary,jade
entity:artifact:1:ld1-1643390182193-1643390191086-0,materialPrimary,jade
entity:artifact:1:ld1-1643390182193-1643390191087-1,materialPrimary,jade
entity:artifact:1:ld1-1643390182193-1643390191088-0,materialPrimary,jade
entity:artifact:1:ld1-1643390182193-1643390191090-1,materialPrimary,jade
entity:artifact:1:ld1-1643390182193-1643390191091-0,materialPrimary,jade
entity:artifact:1:ld1-1643390182193-1643390191092-0,materialPrimary,jade
entity:artifact:1:ld1-1643390182193-1643390191093-0,materialPrimary,jade
entity:artifact:1:ld1-1643390182193-1643390191094-1,materialPrimary,bronze
entity:artifact:1:ld1-1643390182193-1643390191095-0,materialPrimary,bronze
entity:artifact:1:ld1-1643390182193-1643390191096-0,materialPrimary,bronze
entity:artifact:1:ld1-1643390182193-1643390191097-0,materialPrimary,bronze
entity:artifact:1:ld1-1643390182193-1643390191097-1,materialPrimary,bronze
entity:artifact:1:ld1-1643390182193-1643390191098-0,materialPrimary,bronze
entity:artifact:1:ld1-1643390182193-1643390191099-0,materialPrimary,bronze
entity:artifact:1:ld1-1643390182193-1643390191104-1,materialPrimary,bronze
entity:artifact:1:ld1-1643390182193-1643390191105-0,materialPrimary,bronze
entity:artifact:1:ld1-1643390182193-1643390191106-0,materialPrimary,bronze
entity:artifact:1:ld1-1643390182193-1643390191106-1,materialPrimary,silver
entity:artifact:1:ld1-1643390182193-1643390191107-0,materialPrimary,bronze
entity:artifact:1:ld1-1643390182193-1643390191110-0,materialPrimary,jade
entity:artifact:1:ld1-1643390182193-1643390191116-0,materialPrimary,earthenware
entity:artifact:1:ld1-1643390182193-1643390191125-1,materialPrimary,earthenware
entity:artifact:1:ld1-1643390182193-1643390191126-0,materialPrimary,silk
entity:artifact:1:ld1-1643390182193-1643390191127-1,materialPrimary,silk
entity:artifact:1:ld1-1643390182193-1643390191128-0,materialPrimary,paper
entity:artifact:1:ld1-1643390182193-1643390191129-0,materialPrimary,silk
entity:artifact:1:ld1-1643390182193-1643390191129-1,materialPrimary,silk
entity:artifact:1:ld1-1643390182193-1643390191130-0,materialPrimary,paper
entity:artifact:1:ld1-1643390182193-1643390191132-0,materialPrimary,silk
entity:artifact:1:ld1-1643390182193-1643390191132-1,materialPrimary,silk
entity:artifact:1:ld1-1643390182193-1643390191133-0,materialPrimary,silk
entity:artifact:1:ld1-1643390182193-1643390191134-0,materialPrimary,silk
entity:artifact:1:ld1-1643390182193-1643390191136-0,materialPrimary,silk
entity:artifact:1:ld1-1643390182193-1643390191137-0,materialPrimary,paper
entity:artifact:1:ld1-1643390182193-1643390191140-1,materialPrimary,silk
entity:artifact:1:ld1-1643390182193-1643390191141-0,materialPrimary,silk
entity:artifact:1:ld1-1643390182193-1643390191142-0,materialPrimary,silk
entity:artifact:1:ld1-1643390182193-1643390191143-1,materialPrimary,silk
entity:artifact:1:ld1-1643390182193-1643390191144-0,materialPrimary,paper
entity:artifact:1:ld1-1643390182193-1643390191145-0,materialPrimary,silk
entity:artifact:1:ld1-1643390182193-1643390191146-0,materialPrimary,silk
entity:artifact:1:ld1-1643390182193-1643390191146-1,materialPrimary,silk
entity:artifact:1:ld1-1643390182193-1643390191147-0,materialPrimary,silk
entity:artifact:1:ld1-1643390182193-1643390191148-0,materialPrimary,silk
entity:artifact:1:ld1-1643390182193-1643390191149-0,materialPrimary,silk
entity:artifact:1:ld1-1643390182193-1643390191149-1,materialPrimary,silk
entity:artifact:1:ld1-1643390182193-1643390191150-0,materialPrimary,silk
entity:artifact:1:ld1-1643390182193-1643390191151-0,materialPrimary,silk
entity:artifact:1:ld1-1643390182193-1643390191152-1,materialPrimary,silk
entity:artifact:1:ld1-1643390182193-1643390191153-0,materialPrimary,silk
entity:artifact:1:ld1-1643390182193-1643390191154-0,materialPrimary,silk
entity:artifact:1:ld1-1643390182193-1643390191155-1,materialPrimary,silk
entity:artifact:1:ld1-1643390182193-1643390191157-0,materialPrimary,silk
entity:artifact:1:ld1-1643390182193-1643390191158-0,materialPrimary,silk
entity:artifact:1:ld1-1643390182193-1643390191158-1,materialPrimary,silk
entity:artifact:1:ld1-1643390182193-1643390191159-0,materialPrimary,silk
entity:artifact:1:ld1-1643390182193-1643390191160-0,materialPrimary,silk
entity:artifact:1:ld1-1643390182193-1643390191161-0,materialPrimary,silk
entity:artifact:1:ld1-1643390182193-1643390191161-1,materialPrimary,silk
entity:artifact:1:ld1-1643390182193-1643390191162-0,materialPrimary,silk
entity:artifact:1:ld1-1643390182193-1643390191163-0,materialPrimary,silk
entity:artifact:1:ld1-1643390182193-1643390191165-0,materialPrimary,silk
entity:artifact:1:ld1-1643390182193-1643390191167-0,materialPrimary,silk
entity:artifact:1:ld1-1643390182193-1643390191168-0,materialPrimary,silk
entity:artifact:1:ld1-1643390182193-1643390191169-0,materialPrimary,silk
entity:artifact:1:ld1-1643390182193-1643390191169-1,materialPrimary,silk
entity:artifact:1:ld1-1643390182193-1643390191171-0,materialPrimary,silk
entity:artifact:1:ld1-1643390182193-1643390191171-1,materialPrimary,silk
entity:artifact:1:ld1-1643390182193-1643390191172-0,materialPrimary,silk
entity:artifact:1:ld1-1643390182193-1643390191173-0,materialPrimary,paper
entity:artifact:1:ld1-1643390182193-1643390191176-0,materialPrimary,paper
entity:artifact:1:ld1-1643390182193-1643390191176-1,materialPrimary,paper
entity:artifact:1:ld1-1643390182193-1643390191177-0,materialPrimary,silk
entity:artifact:1:ld1-1643390182193-1643390191179-1,materialPrimary,silk
entity:artifact:1:ld1-1643390182193-1643390191181-0,materialPrimary,silk
entity:artifact:1:ld1-1643390182193-1643390191184-0,materialPrimary,bronze
entity:artifact:1:ld1-1643390182193-1643390191185-0,materialPrimary,earthenware
entity:artifact:1:ld1-1643390182193-1643390191186-0,materialPrimary,stone
entity:artifact:1:ld1-1643390182193-1643390191187-0,materialPrimary,stone
entity:artifact:1:ld1-1643390182193-1643390191197-0,materialPrimary,stone
entity:artifact:1:ld1-1643390182193-1643390191198-0,materialPrimary,stone
entity:artifact:1:ld1-1643390182193-1643390191198-1,materialPrimary,earthenware
entity:artifact:1:ld1-1643390182193-1643390191199-0,materialPrimary,earthenware
entity:artifact:1:ld1-1643390182193-1643390191200-0,materialPrimary,earthenware
entity:artifact:1:ld1-1643390182193-1643390191200-1,materialPrimary,earthenware
entity:artifact:1:ld1-1643390182193-1643390191201-0,materialPrimary,earthenware
entity:artifact:1:ld1-1643390182193-1643390191201-1,materialPrimary,earthenware
entity:artifact:1:ld1-1643390182193-1643390191202-0,materialPrimary,earthenware
entity:artifact:1:ld1-1643390182193-1643390191203-0,materialPrimary,earthenware
entity:artifact:1:ld1-1643390182193-1643390191203-1,materialPrimary,earthenware
entity:artifact:1:ld1-1643390182193-1643390191204-0,materialPrimary,stone
entity:artifact:1:ld1-1643390182193-1643390191210-0,materialPrimary,bronze
entity:artifact:1:ld1-1643390182193-1643390191210-1,materialPrimary,bronze
entity:artifact:1:ld1-1643390182193-1643390191211-0,materialPrimary,bronze
entity:artifact:1:ld1-1643390182193-1643390191212-0,materialPrimary,bronze
entity:artifact:1:ld1-1643390182193-1643390191212-1,materialPrimary,bronze
entity:artifact:1:ld1-1643390182193-1643390191214-0,materialPrimary,bronze
entity:artifact:1:ld1-1643390182193-1643390191214-1,materialPrimary,bronze
entity:artifact:1:ld1-1643390182193-1643390191220-1,materialPrimary,bronze
entity:artifact:1:ld1-1643390182193-1643390191221-0,materialPrimary,paper
entity:artifact:1:ld1-1643390182193-1643390191235-0,materialPrimary,bronze
entity:artifact:1:ld1-1643390182193-1643390191242-0,materialPrimary,earthenware
entity:artifact:1:ld1-1643390182193-1643390191244-0,materialPrimary,bronze
entity:artifact:1:ld1-1643390182193-1643390191245-0,materialPrimary,bronze
entity:artifact:1:ld1-1643390182193-1643390191292-1,materialPrimary,bronze
entity:artifact:1:ld1-1643390182193-1643390191294-0,materialPrimary,jade
entity:artifact:1:ld1-1643390182193-1643390191294-1,materialPrimary,jade
entity:artifact:1:ld1-1643390182193-1643390191295-0,materialPrimary,jade
entity:artifact:1:ld1-1643390182193-1643390191296-0,materialPrimary,jade
entity:artifact:1:ld1-1643390182193-1643390191296-1,materialPrimary,earthenware
entity:artifact:1:ld1-1643390182193-1643390191297-0,materialPrimary,earthenware
entity:artifact:1:ld1-1643390182193-1643390191298-0,materialPrimary,earthenware
entity:artifact:1:ld1-1643390182193-1643390191300-0,materialPrimary,bronze
entity:artifact:1:ld1-1643390182193-1643390191301-0,materialPrimary,silver
entity:artifact:1:ld1-1643390182193-1643390191304-0,materialPrimary,jade
entity:artifact:1:ld1-1643390182193-1643390191308-0,materialPrimary,silver
entity:artifact:1:ld1-1643390182193-1643390191308-1,materialPrimary,silver
entity:artifact:1:ld1-1643390182193-1643390191310-0,materialPrimary,silver
entity:artifact:1:ld1-1643390182193-1643390191329-0,materialPrimary,paper
entity:artifact:1:ld1-1643390182193-1643390191343-0,materialPrimary,paper
entity:artifact:1:ld1-1643390182193-1643390191346-0,materialPrimary,paper
entity:artifact:1:ld1-1643390182193-1643390191349-0,materialPrimary,silver
entity:artifact:1:ld1-1643390182193-1643390191350-1,materialPrimary,bronze
entity:artifact:1:ld1-1643390182193-1643390191354-0,materialPrimary,jade
entity:artifact:1:ld1-1643390182193-1643390191354-1,materialPrimary,jade
entity:artifact:1:ld1-1643390182193-1643390191356-1,materialPrimary,jade
entity:artifact:1:ld1-1643390182193-1643390191377-1,materialPrimary,bronze
entity:artifact:1:ld1-1643390182193-1643390191378-0,materialPrimary,bronze
entity:artifact:1:ld1-1643390182193-1643390191379-0,materialPrimary,bronze
entity:artifact:1:ld1-1643390182193-1643390191379-1,materialPrimary,bronze
entity:artifact:1:ld1-1643390182193-1643390191396-0,materialPrimary,jade
entity:artifact:1:ld1-1643390182193-1643390191397-0,materialPrimary,jade
entity:artifact:1:ld1-1643390182193-1643390191397-1,materialPrimary,jade
entity:artifact:1:ld1-1643390182193-1643390191398-0,materialPrimary,jade
entity:artifact:1:ld1-1643390182193-1643390191399-0,materialPrimary,jade
entity:artifact:1:ld1-1643390182193-1643390191399-1,materialPrimary,jade
entity:artifact:1:ld1-1643390182193-1643390191400-0,materialPrimary,jade
entity:artifact:1:ld1-1643390182193-1643390191433-0,materialPrimary,jade
entity:artifact:1:ld1-1643390182193-1643390191471-0,materialPrimary,bronze
entity:artifact:1:ld1-1643390182193-1643390191531-0,materialPrimary,bronze
entity:artifact:1:ld1-1643390182193-1643390191981-1,materialPrimary,bronze
entity:artifact:1:ld1-1643390182193-1643390191999-0,materialPrimary,bronze
entity:artifact:1:ld1-1643390182193-1643390192020-0,materialPrimary,bronze
entity:artifact:1:ld1-1643390182193-1643390192021-0,materialPrimary,bronze
entity:artifact:1:ld1-1643390182193-1643390192028-1,materialPrimary,bronze
entity:artifact:1:ld1-1643390182193-1643390192029-0,materialPrimary,bronze
entity:artifact:1:ld1-1643390182193-1643390192033-1,materialPrimary,bronze
entity:artifact:1:ld1-1643390182193-1643390192060-0,materialPrimary,earthenware
entity:artifact:1:ld1-1643390182193-1643390192061-0,materialPrimary,earthenware
entity:artifact:1:ld1-1643390182193-1643390192355-0,materialPrimary,bronze
entity:artifact:1:ld1-1643390182193-1643390192357-0,materialPrimary,bronze
entity:artifact:1:ld1-1643390182193-1643390192464-1,materialPrimary,silk
entity:artifact:1:ld1-1643390182193-1643390192477-0,materialPrimary,bronze
entity:artifact:1:ld1-1643390182193-1643390192478-0,materialPrimary,bronze
entity:artifact:1:ld1-1643390182193-1643390192479-0,materialPrimary,bronze
entity:artifact:1:ld1-1643390182193-1643390192480-0,materialPrimary,bronze
entity:artifact:1:ld1-1643390182193-1643390192482-0,materialPrimary,jade
entity:artifact:1:ld1-1643390182193-1643390192486-0,materialPrimary,stone
entity:artifact:1:ld1-1643390182193-1643390192488-1,materialPrimary,jade
entity:artifact:1:ld1-1643390182193-1643390192492-0,materialPrimary,stone
entity:artifact:1:ld1-1643390182193-1643390192493-0,materialPrimary,stone
entity:artifact:1:ld1-1643390182193-1643390192589-0,materialPrimary,bronze
entity:artifact:1:ld1-1643390182193-1643390192894-1,materialPrimary,bronze
entity:artifact:1:ld1-1643390182193-1643390192895-0,materialPrimary,bronze
entity:artifact:1:ld1-1643390182193-1643390192897-0,materialPrimary,bronze
entity:artifact:1:ld1-1643390182193-1643390192897-1,materialPrimary,bronze
entity:artifact:1:ld1-1643390182193-1643390192898-0,materialPrimary,bronze
entity:artifact:1:ld1-1643390182193-1643390192899-0,materialPrimary,bronze
entity:artifact:1:ld1-1643390182193-1643390192899-1,materialPrimary,bronze
entity:artifact:1:ld1-1643390182193-1643390192900-0,materialPrimary,bronze
entity:artifact:1:ld1-1643390182193-1643390192901-0,materialPrimary,bronze
entity:artifact:1:ld1-1643390182193-1643390192902-0,materialPrimary,bronze
entity:artifact:1:ld1-1643390182193-1643390192902-1,materialPrimary,bronze
entity:artifact:1:ld1-1643390182193-1643390192903-0,materialPrimary,bronze
entity:artifact:1:ld1-1643390182193-1643390192904-0,materialPrimary,bronze
entity:artifact:1:ld1-1643390182193-1643390192905-0,materialPrimary,bronze
entity:artifact:1:ld1-1643390182193-1643390192905-1,materialPrimary,bronze
entity:artifact:1:ld1-1643390182193-1643390192906-0,materialPrimary,bronze
entity:artifact:1:ld1-1643390182193-1643390192907-0,materialPrimary,bronze
entity:artifact:1:ld1-1643390182193-1643390192907-1,materialPrimary,bronze
entity:artifact:1:ld1-1643390182193-1643390192908-0,materialPrimary,bronze
entity:artifact:1:ld1-1643390182193-1643390192909-0,materialPrimary,bronze
entity:artifact:1:ld1-1643390182193-1643390192909-1,materialPrimary,bronze
entity:artifact:1:ld1-1643390182193-1643390192910-0,materialPrimary,bronze
entity:artifact:1:ld1-1643390182193-1643390192918-1,materialPrimary,jade
entity:artifact:1:ld1-1643390182193-1643390193172-0,materialPrimary,porcelain
entity:artifact:1:ld1-1643390182193-1643390193173-0,materialPrimary,porcelain
entity:artifact:1:ld1-1643390182193-1643390193175-0,materialPrimary,porcelain
entity:artifact:1:ld1-1643390182193-1643390193176-0,materialPrimary,porcelain
entity:artifact:1:ld1-1643390182193-1643390193582-0,materialPrimary,silk
entity:artifact:1:ld1-1643390182193-1643390193586-0,materialPrimary,silk
entity:artifact:1:ld1-1643390182193-1643390193772-0,materialPrimary,bronze
entity:artifact:1:ld1-1643390182193-1643390193859-0,materialPrimary,silk
entity:artifact:1:ld1-1643390182193-1643390194307-0,materialPrimary,silk
entity:artifact:1:ld1-1643390182193-1643390194308-0,materialPrimary,silk
entity:artifact:1:ld1-1643390182193-1643390194486-0,materialPrimary,jade
entity:artifact:1:ld1-1643390182193-1643390194898-0,materialPrimary,bronze
entity:artifact:1:ld1-1643390182193-1643390194898-1,materialPrimary,bronze
entity:artifact:1:ld1-1643390182193-1643390195165-0,materialPrimary,bronze
entity:artifact:1:ld1-1643390182193-1643390195165-1,materialPrimary,bronze
entity:artifact:1:ld1-1643390182193-1643390195166-0,materialPrimary,bronze
entity:artifact:1:ld1-1643390182193-1643390195167-0,materialPrimary,bronze
entity:artifact:1:ld1-1643390182193-1643390195202-1,materialPrimary,glass
entity:artifact:1:ld1-1643390182193-1643390195204-1,materialPrimary,glass
entity:artifact:1:ld1-1643390182193-1643390196306-0,materialPrimary,lacquer
entity:artifact:1:ld1-1643390182193-1643390196412-1,materialPrimary,bone
entity:artifact:1:ld1-1643390182193-1643390196419-0,materialPrimary,bone
entity:artifact:1:ld1-1643390182193-1643390196420-0,materialPrimary,bone
entity:artifact:1:ld1-1643390182193-1643390196420-1,materialPrimary,bone
entity:artifact:1:ld1-1643390182193-1643390196421-0,materialPrimary,bone
entity:artifact:1:ld1-1643390182193-1643390196421-1,materialPrimary,bone
entity:artifact:1:ld1-1643390182193-1643390196422-0,materialPrimary,bone
entity:artifact:1:ld1-1643390182193-1643390196422-1,materialPrimary,bone
entity:artifact:1:ld1-1643390182193-1643390196423-0,materialPrimary,bone
entity:artifact:1:ld1-1643390182193-1643390196424-0,materialPrimary,bone
entity:artifact:1:ld1-1643390182193-1643390196424-1,materialPrimary,bone
entity:artifact:1:ld1-1643390182193-1643390196425-0,materialPrimary,bone
entity:artifact:1:ld1-1643390182193-1643390196425-1,materialPrimary,bone
entity:artifact:1:ld1-1643390182193-1643390196426-0,materialPrimary,bone
entity:artifact:1:ld1-1643390182193-1643390196426-1,materialPrimary,bone
entity:artifact:1:ld1-1643390182193-1643390196427-0,materialPrimary,ivory
entity:artifact:1:ld1-1643390182193-1643390199654-0,materialPrimary,earthenware
entity:artifact:1:ld1-1643390182193-1643390201839-1,materialPrimary,silk
entity:artifact:1:ld1-1643390182193-1643390201840-0,materialPrimary,silk
entity:artifact:1:ld1-1643390182193-1643390202065-1,materialPrimary,jade
entity:artifact:1:ld1-1643390182193-1643390202105-0,materialPrimary,jade
entity:artifact:1:ld1-1643390182193-1643390202126-0,materialPrimary,textile
entity:artifact:1:ld1-1643390182193-1643390202127-1,materialPrimary,silk
entity:artifact:1:ld1-1643390182193-1643390202184-1,materialPrimary,wood
entity:artifact:1:ld1-1643390182193-1643390202185-1,materialPrimary,wood
entity:artifact:1:ld1-1643390182193-1643390202202-0,materialPrimary,wood
entity:artifact:1:ld1-1643390182193-1643390202870-0,materialPrimary,bronze
entity:artifact:1:ld1-1643390182193-1643390203101-0,materialPrimary,bronze
entity:artifact:1:ld1-1643390182193-1643390203114-0,materialPrimary,bronze
entity:artifact:1:ld1-1643390182193-1643390203129-0,materialPrimary,bronze
entity:artifact:1:ld1-1643390182193-1643390203302-0,materialPrimary,jade
entity:artifact:1:ld1-1643390182193-1643390203443-0,materialPrimary,jade
entity:artifact:1:ld1-1643398738600-1643398745136-0,materialPrimary,paper
entity:artifact:1:ld1-1643398738600-1643398745137-0,materialPrimary,paper
entity:artifact:1:ld1-1643398738600-1643398745138-0,materialPrimary,paper
entity:artifact:1:ld1-1643398738600-1643398745213-0,materialPrimary,paper
entity:artifact:1:ld1-1643398738600-1643398747015-1,materialPrimary,paper
entity:artifact:1:ld1-1643398738600-1643398748738-1,materialPrimary,paper
entity:artifact:1:ld1-1643398853934-1643398856584-1,materialPrimary,wood
entity:artifact:1:ld1-1643398853934-1643398856657-1,materialPrimary,paper
entity:artifact:1:ld1-1643398853934-1643398856788-1,materialPrimary,glass
entity:artifact:1:ld1-1643398853934-1643398865285-0,materialPrimary,paper
entity:artifact:1:ld1-1643398853934-1643398865570-0,materialPrimary,paper
entity:artifact:1:ld1-1643398912743-1643398954325-0,materialPrimary,bronze
entity:artifact:1:ld1-1643398912743-1643398954326-0,materialPrimary,bronze
entity:artifact:1:ld1-1643398986850-1643399010506-0,materialPrimary,textile
entity:artifact:1:ld1-1643398986850-1643399010507-0,materialPrimary,textile
entity:artifact:1:ld1-1643399134763-1643399191104-0,materialPrimary,paper
entity:artifact:1:ld1-1643399134763-1643399191104-1,materialPrimary,paper
entity:artifact:1:ld1-1643399207586-1643399235010-1,materialPrimary,gold
entity:artifact:1:ld1-1643399486815-1643399489990-1,materialPrimary,linen
entity:artifact:1:ld1-1643399486815-1643399489992-0,materialPrimary,linen
entity:artifact:1:ld1-1643399486815-1643399489995-0,materialPrimary,linen
entity:artifact:1:ld1-1643399486815-1643399489996-0,materialPrimary,linen
entity:artifact:1:ld1-1643399486815-1643399489997-0,materialPrimary,linen
entity:artifact:1:ld1-1643399486815-1643399489999-0,materialPrimary,linen
entity:artifact:1:ld1-1643399486815-1643399490000-0,materialPrimary,linen
entity:artifact:1:ld1-1643399486815-1643399490001-0,materialPrimary,linen
entity:artifact:1:ld1-1643399486815-1643399490002-0,materialPrimary,linen
entity:artifact:1:ld1-1643399486815-1643399490003-0,materialPrimary,linen
entity:artifact:1:ld1-1643399486815-1643399490004-0,materialPrimary,linen
entity:artifact:1:ld1-1643399486815-1643399490005-0,materialPrimary,linen
entity:artifact:1:ld1-1643399486815-1643399490006-0,materialPrimary,linen
entity:artifact:1:ld1-1643399486815-1643399490007-0,materialPrimary,linen
entity:artifact:1:ld1-1643399486815-1643399490008-0,materialPrimary,linen
entity:artifact:1:ld1-1643399486815-1643399490009-0,materialPrimary,linen
entity:artifact:1:ld1-1643399486815-1643399490010-0,materialPrimary,linen
entity:artifact:1:ld1-1643399486815-1643399490011-0,materialPrimary,linen
entity:artifact:1:ld1-1643399486815-1643399490012-0,materialPrimary,linen
entity:artifact:1:ld1-1643399486815-1643399490013-0,materialPrimary,linen
entity:artifact:1:ld1-1643399486815-1643399490014-0,materialPrimary,linen
entity:artifact:1:ld1-1643399486815-1643399490015-0,materialPrimary,linen
entity:artifact:1:ld1-1643399486815-1643399490016-0,materialPrimary,linen
entity:artifact:1:ld1-1643399486815-1643399490017-0,materialPrimary,linen
entity:artifact:1:ld1-1643399486815-1643399490019-0,materialPrimary,linen
entity:artifact:1:ld1-1643399486815-1643399490020-0,materialPrimary,linen
entity:artifact:1:ld1-1643399486815-1643399490021-0,materialPrimary,linen
entity:artifact:1:ld1-1643399486815-1643399490022-0,materialPrimary,linen
entity:artifact:1:ld1-1643399486815-1643399490023-0,materialPrimary,linen
entity:artifact:1:ld1-1643399486815-1643399490024-0,materialPrimary,linen
entity:artifact:1:ld1-1643399486815-1643399490025-0,materialPrimary,linen
entity:artifact:1:ld1-1643399486815-1643399490026-1,materialPrimary,linen
entity:artifact:1:ld1-1643399486815-1643399490027-0,materialPrimary,linen
entity:artifact:1:ld1-1643399486815-1643399490028-0,materialPrimary,linen
entity:artifact:1:ld1-1643399486815-1643399490029-0,materialPrimary,linen
entity:artifact:1:ld1-1643399486815-1643399490030-0,materialPrimary,linen
entity:artifact:1:ld1-1643399486815-1643399490031-0,materialPrimary,linen
entity:artifact:1:ld1-1643399486815-1643399490032-0,materialPrimary,linen
entity:artifact:1:ld1-1643399486815-1643399490033-0,materialPrimary,linen
entity:artifact:1:ld1-1643399486815-1643399490034-0,materialPrimary,linen
entity:artifact:1:ld1-1643399486815-1643399490035-0,materialPrimary,linen
entity:artifact:1:ld1-1643399486815-1643399490036-0,materialPrimary,linen
entity:artifact:1:ld1-1643399486815-1643399490037-0,materialPrimary,linen
entity:artifact:1:ld1-1643399486815-1643399490038-0,materialPrimary,linen
entity:artifact:1:ld1-1643399486815-1643399490039-0,materialPrimary,silk
entity:artifact:1:ld1-1643399486815-1643399490040-0,materialPrimary,linen
entity:artifact:1:ld1-1643399486815-1643399490041-0,materialPrimary,linen
entity:artifact:1:ld1-1643399486815-1643399490042-0,materialPrimary,linen
entity:artifact:1:ld1-1643399486815-1643399490042-1,materialPrimary,linen
entity:artifact:1:ld1-1643399549356-1643399580630-0,materialPrimary,porcelain
entity:artifact:1:ld1-1643399549356-1643399581024-0,materialPrimary,porcelain
entity:artifact:1:ld1-1643399549356-1643399581036-0,materialPrimary,porcelain
entity:artifact:1:ld1-1643399549356-1643399581037-0,materialPrimary,earthenware
entity:artifact:1:ld1-1643399549356-1643399584799-0,materialPrimary,porcelain
entity:artifact:1:ld1-1643399549356-1643399589214-1,materialPrimary,porcelain
entity:artifact:1:ld1-1643399549356-1643399589215-0,materialPrimary,porcelain
entity:artifact:1:ld1-1643399549356-1643399589216-1,materialPrimary,porcelain
entity:artifact:1:ld1-1643399549356-1643399589217-0,materialPrimary,porcelain
entity:artifact:1:ld1-1643399549356-1643399589218-0,materialPrimary,porcelain
entity:artifact:1:ld1-1643399549356-1643399589218-1,materialPrimary,porcelain
entity:artifact:1:ld1-1643399549356-1643399589219-0,materialPrimary,porcelain
entity:artifact:1:ld1-1643399549356-1643399589219-1,materialPrimary,porcelain
entity:artifact:1:ld1-1643399549356-1643399589220-0,materialPrimary,porcelain
entity:artifact:1:ld1-1643399549356-1643399589221-0,materialPrimary,porcelain
entity:artifact:1:ld1-1643399549356-1643399589222-0,materialPrimary,porcelain
entity:artifact:1:ld1-1643399549356-1643399589222-1,materialPrimary,porcelain
entity:artifact:1:ld1-1643399549356-1643399589223-0,materialPrimary,porcelain
entity:artifact:1:ld1-1643399549356-1643399589225-0,materialPrimary,porcelain
entity:artifact:1:ld1-1643399549356-1643399589228-0,materialPrimary,porcelain
entity:artifact:1:ld1-1643399549356-1643399589675-0,materialPrimary,porcelain
entity:artifact:1:ld1-1643399549356-1643399589676-0,materialPrimary,porcelain
entity:artifact:1:ld1-1643399549356-1643399589678-0,materialPrimary,porcelain
entity:artifact:1:ld1-1643399549356-1643399589678-1,materialPrimary,porcelain
entity:artifact:1:ld1-1643399549356-1643399589679-0,materialPrimary,porcelain
entity:artifact:1:ld1-1643399549356-1643399589679-1,materialPrimary,porcelain
entity:artifact:1:ld1-1643399549356-1643399589680-0,materialPrimary,porcelain
entity:artifact:1:ld1-1643399549356-1643399589681-0,materialPrimary,porcelain
entity:artifact:1:ld1-1643399549356-1643399589681-1,materialPrimary,porcelain
entity:artifact:1:ld1-1643399549356-1643399589682-0,materialPrimary,porcelain
entity:artifact:1:ld1-1643399549356-1643399589683-0,materialPrimary,porcelain
entity:artifact:1:ld1-1643399549356-1643399589683-1,materialPrimary,porcelain
entity:artifact:1:ld1-1643399549356-1643399589684-0,materialPrimary,porcelain
entity:artifact:1:ld1-1643399549356-1643399589685-0,materialPrimary,porcelain
entity:artifact:1:ld1-1643399549356-1643399589685-1,materialPrimary,porcelain
entity:artifact:1:ld1-1643399549356-1643399589686-0,materialPrimary,porcelain
entity:artifact:1:ld1-1643399549356-1643399589686-1,materialPrimary,porcelain
entity:artifact:1:ld1-1643399549356-1643399589687-0,materialPrimary,porcelain
entity:artifact:1:ld1-1643399549356-1643399589688-0,materialPrimary,porcelain
entity:artifact:1:ld1-1643399549356-1643399589688-1,materialPrimary,porcelain
entity:artifact:1:ld1-1643399549356-1643399589689-0,materialPrimary,porcelain
entity:artifact:1:ld1-1643399549356-1643399589689-1,materialPrimary,porcelain
entity:artifact:1:ld1-1643399549356-1643399589690-0,materialPrimary,porcelain
entity:artifact:1:ld1-1643399549356-1643399589690-1,materialPrimary,porcelain
entity:artifact:1:ld1-1643399549356-1643399589691-0,materialPrimary,porcelain
entity:artifact:1:ld1-1643399549356-1643399589692-0,materialPrimary,porcelain
entity:artifact:1:ld1-1643399549356-1643399589692-1,materialPrimary,porcelain
entity:artifact:1:ld1-1643399549356-1643399589693-0,materialPrimary,porcelain
entity:artifact:1:ld1-1643399549356-1643399589693-1,materialPrimary,porcelain
entity:artifact:1:ld1-1643399549356-1643399589694-0,materialPrimary,porcelain
entity:artifact:1:ld1-1643399549356-1643399589694-1,materialPrimary,porcelain
entity:artifact:1:ld1-1643399549356-1643399589695-0,materialPrimary,porcelain
entity:artifact:1:ld1-1643399549356-1643399589696-0,materialPrimary,porcelain
entity:artifact:1:ld1-1643399549356-1643399589697-0,materialPrimary,porcelain
entity:artifact:1:ld1-1643399549356-1643399589697-1,materialPrimary,porcelain
entity:artifact:1:ld1-1643399549356-1643399592321-1,materialPrimary,porcelain
entity:artifact:1:ld1-1643399549356-1643399604876-0,materialPrimary,ceramic
entity:artifact:1:ld1-1643399549356-1643399605133-0,materialPrimary,porcelain
entity:artifact:1:ld1-1643399549356-1643399605133-1,materialPrimary,porcelain
entity:artifact:1:ld1-1643399549356-1643399605219-0,materialPrimary,wood
entity:artifact:1:ld1-1643399625297-1643399665684-1,materialPrimary,paper
entity:artifact:1:ld1-1643399625297-1643399665685-0,materialPrimary,paper
entity:artifact:1:ld1-1643399625297-1643399665685-1,materialPrimary,paper
entity:artifact:1:ld1-1643399625297-1643399665686-0,materialPrimary,paper
entity:artifact:1:ld1-1643399625297-1643399665686-1,materialPrimary,paper
entity:artifact:1:ld1-1643399625297-1643399670079-1,materialPrimary,paper
entity:artifact:1:ld1-1643399625297-1643399670080-1,materialPrimary,wood
entity:artifact:1:ld1-1643399625297-1643399670666-0,materialPrimary,paper
entity:artifact:1:ld1-1643399625297-1643399677835-0,materialPrimary,paper
entity:artifact:1:ld1-1643399887910-1643399887993-1,materialPrimary,silk
entity:artifact:1:ld1-1643399887910-1643399887994-0,materialPrimary,silk
entity:artifact:1:ld1-1643399887910-1643399888016-1,materialPrimary,silk
entity:artifact:1:ld1-1643399887910-1643399888017-0,materialPrimary,silk
entity:artifact:1:ld1-1643399887910-1643399888017-1,materialPrimary,silk
entity:artifact:1:ld1-1643399887910-1643399888029-1,materialPrimary,silk
entity:artifact:1:ld1-1643399887910-1643399888064-1,materialPrimary,silk
entity:artifact:1:ld1-1643399887910-1643399888078-0,materialPrimary,silk
entity:artifact:1:ld1-1643399887910-1643399888095-0,materialPrimary,paper
entity:artifact:1:ld1-1643399887910-1643399888348-2,materialPrimary,silk
entity:artifact:1:ld1-1643399887910-1643399888555-1,materialPrimary,copper
entity:artifact:1:ld1-1643399887910-1643399888614-2,materialPrimary,silk
entity:artifact:1:ld1-1643399887910-1643399890353-1,materialPrimary,silk
entity:artifact:1:ld1-1643399887910-1643399890463-1,materialPrimary,silk
entity:artifact:1:ld1-1643399887910-1643399890528-1,materialPrimary,silk
entity:artifact:1:ld1-1643399887910-1643399890536-1,materialPrimary,silk
entity:artifact:1:ld1-1643399887910-1643399890538-0,materialPrimary,silk
entity:artifact:1:ld1-1643399887910-1643399890545-0,materialPrimary,silk
entity:artifact:1:ld1-1643399887910-1643399890545-1,materialPrimary,silk
entity:artifact:1:ld1-1643399887910-1643399890546-0,materialPrimary,silk
entity:artifact:1:ld1-1643399887910-1643399890547-1,materialPrimary,silk
entity:artifact:1:ld1-1643399887910-1643399890556-0,materialPrimary,silk
entity:artifact:1:ld1-1643399887910-1643399890581-1,materialPrimary,silk
entity:artifact:1:ld1-1643399887910-1643399890582-0,materialPrimary,silk
entity:artifact:1:ld1-1643399887910-1643399890582-1,materialPrimary,silk
entity:artifact:1:ld1-1643399887910-1643399890583-0,materialPrimary,silk
entity:artifact:1:ld1-1643399887910-1643399890584-1,materialPrimary,silk
entity:artifact:1:ld1-1643399887910-1643399890585-1,materialPrimary,silk
entity:artifact:1:ld1-1643399887910-1643399890614-1,materialPrimary,silk
entity:artifact:1:ld1-1643399887910-1643399890766-1,materialPrimary,silk
entity:artifact:1:ld1-1643399887910-1643399890785-0,materialPrimary,silk
entity:artifact:1:ld1-1643399887910-1643399890808-1,materialPrimary,silk
entity:artifact:1:ld1-1643399887910-1643399890809-0,materialPrimary,silk
entity:artifact:1:ld1-1643399887910-1643399890809-1,materialPrimary,silk
entity:artifact:1:ld1-1643399887910-1643399890810-0,materialPrimary,silk
entity:artifact:1:ld1-1643399887910-1643399890810-1,materialPrimary,silk
entity:artifact:1:ld1-1643399887910-1643399890868-1,materialPrimary,copper
entity:artifact:1:ld1-1643399887910-1643399891576-2,materialPrimary,silk
entity:artifact:1:ld1-1643399887910-1643399891577-0,materialPrimary,silk
entity:artifact:1:ld1-1643399887910-1643399891577-1,materialPrimary,silk
entity:artifact:1:ld1-1643399887910-1643399891590-0,materialPrimary,silk
entity:artifact:1:ld1-1643399887910-1643399891600-0,materialPrimary,silk
entity:artifact:1:ld1-1643399887910-1643399891605-1,materialPrimary,silk
entity:artifact:1:ld1-1643399887910-1643399891610-1,materialPrimary,silk
entity:artifact:1:ld1-1643399887910-1643399891618-1,materialPrimary,silk
entity:artifact:1:ld1-1643399887910-1643399891619-0,materialPrimary,silk
entity:artifact:1:ld1-1643399887910-1643399891620-0,materialPrimary,silk
entity:artifact:1:ld1-1643399887910-1643399891620-1,materialPrimary,silk
entity:artifact:1:ld1-1643399887910-1643399891621-0,materialPrimary,silk
entity:artifact:1:ld1-1643399887910-1643399891621-1,materialPrimary,silk
entity:artifact:1:ld1-1643399887910-1643399891622-0,materialPrimary,silk
entity:artifact:1:ld1-1643399887910-1643399891623-0,materialPrimary,silk
entity:artifact:1:ld1-1643399887910-1643399891623-1,materialPrimary,silk
entity:artifact:1:ld1-1643399887910-1643399891624-0,materialPrimary,silk
entity:artifact:1:ld1-1643399887910-1643399892133-1,materialPrimary,ivory
entity:artifact:1:ld1-1643399887910-1643399892221-1,materialPrimary,silk
entity:artifact:1:ld1-1643399887910-1643399892439-1,materialPrimary,silk
entity:artifact:1:ld1-1643399887910-1643399892475-0,materialPrimary,paper
entity:artifact:1:ld1-1643399887910-1643399892475-1,materialPrimary,paper
entity:artifact:1:ld1-1643399887910-1643399892476-0,materialPrimary,paper
entity:artifact:1:ld1-1643399887910-1643399892476-1,materialPrimary,paper
entity:artifact:1:ld1-1643399887910-1643399892477-0,materialPrimary,paper
entity:artifact:1:ld1-1643399887910-1643399892477-1,materialPrimary,paper
entity:artifact:1:ld1-1643399887910-1643399892477-2,materialPrimary,paper
entity:artifact:1:ld1-1643399887910-1643399892478-1,materialPrimary,paper
entity:artifact:1:ld1-1643399887910-1643399892479-0,materialPrimary,paper
entity:artifact:1:ld1-1643399887910-1643399892479-1,materialPrimary,paper
entity:artifact:1:ld1-1643399887910-1643399892480-0,materialPrimary,paper
entity:artifact:1:ld1-1643399887910-1643399892812-1,materialPrimary,silk
entity:artifact:1:ld1-1643399887910-1643399892840-1,materialPrimary,cotton
entity:artifact:1:ld1-1643399887910-1643399892842-1,materialPrimary,silk
entity:artifact:1:ld1-1643399887910-1643399892844-0,materialPrimary,paper
entity:artifact:1:ld1-1643399887910-1643399892845-0,materialPrimary,silk
entity:artifact:1:ld1-1643399887910-1643399892846-1,materialPrimary,silk
entity:artifact:1:ld1-1643399887910-1643399892984-1,materialPrimary,paper
entity:artifact:1:ld1-1643399887910-1643399892985-1,materialPrimary,paper
entity:artifact:1:ld1-1643399887910-1643399893503-0,materialPrimary,cotton
entity:artifact:1:ld1-1643399887910-1643399893572-1,materialPrimary,wood
entity:artifact:1:ld1-1643399887910-1643399893576-0,materialPrimary,ivory
entity:artifact:1:ld1-1643399887910-1643399893590-0,materialPrimary,silk
entity:artifact:1:ld1-1643399887910-1643399893748-0,materialPrimary,wood
entity:artifact:1:ld1-1643399887910-1643399895416-0,materialPrimary,ivory
entity:artifact:1:ld1-1643399887910-1643399895493-0,materialPrimary,paper
entity:artifact:1:ld1-1643399887910-1643399895494-0,materialPrimary,paper
entity:artifact:1:ld1-1643399887910-1643399895494-1,materialPrimary,paper
entity:artifact:1:ld1-1643399887910-1643399895495-0,materialPrimary,paper
entity:artifact:1:ld1-1643399887910-1643399895495-1,materialPrimary,paper
entity:artifact:1:ld1-1643399887910-1643399895495-2,materialPrimary,paper
entity:artifact:1:ld1-1643399887910-1643399895532-0,materialPrimary,paper
entity:artifact:1:ld1-1643399887910-1643399895818-0,materialPrimary,paper
entity:artifact:1:ld1-1643399887910-1643399895967-0,materialPrimary,paper
entity:artifact:1:ld1-1643399887910-1643399898198-0,materialPrimary,paper
entity:artifact:1:ld1-1643399887910-1643399898959-1,materialPrimary,paper
entity:artifact:1:ld1-1643399887910-1643399900899-1,materialPrimary,paper
entity:artifact:1:ld1-1643399887910-1643399900899-2,materialPrimary,paper
entity:artifact:1:ld1-1643399887910-1643399900901-1,materialPrimary,paper
entity:artifact:1:ld1-1643399887910-1643399900964-1,materialPrimary,silk
entity:artifact:1:ld1-1643399887910-1643399900965-1,materialPrimary,leather
entity:artifact:1:ld1-1643399887910-1643399901005-1,materialPrimary,silk
entity:artifact:1:ld1-1643399887910-1643399901036-1,materialPrimary,silk
entity:artifact:1:ld1-1643399887910-1643399901037-0,materialPrimary,silk
entity:artifact:1:ld1-1643399887910-1643399901037-1,materialPrimary,silk
entity:artifact:1:ld1-1643399887910-1643399901128-1,materialPrimary,silk
entity:artifact:1:ld1-1643399887910-1643399901356-1,materialPrimary,silk
entity:artifact:1:ld1-1643399887910-1643399901449-0,materialPrimary,silk
entity:artifact:1:ld1-1643399887910-1643399901821-1,materialPrimary,silk
entity:artifact:1:ld1-1643399887910-1643399901822-0,materialPrimary,silk
entity:artifact:1:ld1-1643399887910-1643399901822-1,materialPrimary,porcelain
entity:artifact:1:ld1-1643399887910-1643399901823-0,materialPrimary,porcelain
entity:artifact:1:ld1-1643399887910-1643399901830-0,materialPrimary,porcelain
entity:artifact:1:ld1-1643399887910-1643399901830-1,materialPrimary,porcelain
entity:artifact:1:ld1-1643399887910-1643399901831-0,materialPrimary,porcelain
entity:artifact:1:ld1-1643399887910-1643399901831-1,materialPrimary,porcelain
entity:artifact:1:ld1-1643399887910-1643399901831-2,materialPrimary,porcelain
entity:artifact:1:ld1-1643399887910-1643399901832-0,materialPrimary,porcelain
entity:artifact:1:ld1-1643399887910-1643399901832-1,materialPrimary,porcelain
entity:artifact:1:ld1-1643399887910-1643399901833-0,materialPrimary,porcelain
entity:artifact:1:ld1-1643399887910-1643399901834-0,materialPrimary,porcelain
entity:artifact:1:ld1-1643399887910-1643399901834-1,materialPrimary,porcelain
entity:artifact:1:ld1-1643399887910-1643399901835-0,materialPrimary,porcelain
entity:artifact:1:ld1-1643399887910-1643399901835-1,materialPrimary,porcelain
entity:artifact:1:ld1-1643399887910-1643399901836-0,materialPrimary,porcelain
entity:artifact:1:ld1-1643399887910-1643399901836-1,materialPrimary,porcelain
entity:artifact:1:ld1-1643399887910-1643399901836-2,materialPrimary,porcelain
entity:artifact:1:ld1-1643399887910-1643399901837-0,materialPrimary,porcelain
entity:artifact:1:ld1-1643399887910-1643399901837-1,materialPrimary,porcelain
entity:artifact:1:ld1-1643399887910-1643399901838-0,materialPrimary,porcelain
entity:artifact:1:ld1-1643399887910-1643399901842-1,materialPrimary,porcelain
entity:artifact:1:ld1-1643399887910-1643399901844-1,materialPrimary,porcelain
entity:artifact:1:ld1-1643399887910-1643399901844-2,materialPrimary,porcelain
entity:artifact:1:ld1-1643399887910-1643399901846-0,materialPrimary,porcelain
entity:artifact:1:ld1-1643399887910-1643399901930-0,materialPrimary,silk
entity:artifact:1:ld1-1643399887910-1643399901941-0,materialPrimary,porcelain
entity:artifact:1:ld1-1643399887910-1643399902225-1,materialPrimary,porcelain
entity:artifact:1:ld1-1643399887910-1643399902226-2,materialPrimary,wood
entity:artifact:1:ld1-1643399887910-1643399902227-0,materialPrimary,silk
entity:artifact:1:ld1-1643399887910-1643399902229-0,materialPrimary,porcelain
entity:artifact:1:ld1-1643399887910-1643399902229-1,materialPrimary,porcelain
entity:artifact:1:ld1-1643399887910-1643399902230-0,materialPrimary,porcelain
entity:artifact:1:ld1-1643399887910-1643399902231-0,materialPrimary,porcelain
entity:artifact:1:ld1-1643399887910-1643399902232-1,materialPrimary,porcelain
entity:artifact:1:ld1-1643399887910-1643399902233-0,materialPrimary,porcelain
entity:artifact:1:ld1-1643399887910-1643399902235-0,materialPrimary,porcelain
entity:artifact:1:ld1-1643399887910-1643399902348-1,materialPrimary,silk
entity:artifact:1:ld1-1643399887910-1643399902353-0,materialPrimary,silk
entity:artifact:1:ld1-1643399887910-1643399902498-0,materialPrimary,silk
entity:artifact:1:ld1-1643399887910-1643399902498-1,materialPrimary,silk
entity:artifact:1:ld1-1643399887910-1643399902499-0,materialPrimary,silk
entity:artifact:1:ld1-1643399887910-1643399902499-1,materialPrimary,silk
entity:artifact:1:ld1-1643399887910-1643399902500-0,materialPrimary,silk
entity:artifact:1:ld1-1643399887910-1643399902500-1,materialPrimary,silk
entity:artifact:1:ld1-1643399887910-1643399902554-0,materialPrimary,silk
entity:artifact:1:ld1-1643399887910-1643399902558-1,materialPrimary,silk
entity:artifact:1:ld1-1643399887910-1643399902559-1,materialPrimary,silk
entity:artifact:1:ld1-1643399887910-1643399902560-0,materialPrimary,silk
entity:artifact:1:ld1-1643399887910-1643399902567-1,materialPrimary,silk
entity:artifact:1:ld1-1643399887910-1643399902570-0,materialPrimary,silk
entity:artifact:1:ld1-1643399887910-1643399902579-0,materialPrimary,silk
entity:artifact:1:ld1-1643399887910-1643399902579-1,materialPrimary,silk
entity:artifact:1:ld1-1643399887910-1643399902870-0,materialPrimary,copper
entity:artifact:1:ld1-1643399887910-1643399903326-0,materialPrimary,jade
entity:artifact:1:ld1-1643399887910-1643399903326-1,materialPrimary,glass
entity:artifact:1:ld1-1643399887910-1643399903607-2,materialPrimary,paper
entity:artifact:1:ld1-1643399887910-1643399904592-0,materialPrimary,paper
entity:artifact:1:ld1-1643399887910-1643399905135-0,materialPrimary,silk
entity:artifact:1:ld1-1643399887910-1643399905797-1,materialPrimary,silk
entity:artifact:1:ld1-1643399887910-1643399905834-0,materialPrimary,paper
entity:artifact:1:ld1-1643399887910-1643399905836-1,materialPrimary,paper
entity:artifact:1:ld1-1643399887910-1643399905893-0,materialPrimary,silk
entity:artifact:1:ld1-1643399887910-1643399906894-0,materialPrimary,silk
entity:artifact:1:ld1-1643399887910-1643399906895-0,materialPrimary,silk
entity:artifact:1:ld1-1643399887910-1643399906895-1,materialPrimary,silk
entity:artifact:1:ld1-1643399887910-1643399906896-0,materialPrimary,silk
entity:artifact:1:ld1-1643399887910-1643399906966-0,materialPrimary,porcelain
entity:artifact:1:ld1-1643399887910-1643399907072-1,materialPrimary,paper
entity:artifact:1:ld1-1643399887910-1643399912627-0,materialPrimary,silk
entity:artifact:1:ld1-1643399887910-1643399912627-1,materialPrimary,silk
entity:artifact:1:ld1-1643399887910-1643399912631-1,materialPrimary,silk
entity:artifact:1:ld1-1643399887910-1643399912632-0,materialPrimary,silk
entity:artifact:1:ld1-1643399887910-1643399912632-1,materialPrimary,silk
entity:artifact:1:ld1-1643399887910-1643399912724-1,materialPrimary,silk
entity:artifact:1:ld1-1643399887910-1643399912790-0,materialPrimary,paper
entity:artifact:1:ld1-1643399887910-1643399912856-1,materialPrimary,paper
entity:artifact:1:ld1-1643399887910-1643399913258-1,materialPrimary,silk
entity:artifact:1:ld1-1643399887910-1643399913259-0,materialPrimary,silk
entity:artifact:1:ld1-1643399887910-1643399913260-0,materialPrimary,silk
entity:artifact:1:ld1-1643399887910-1643399913261-0,materialPrimary,pigment
entity:artifact:1:ld1-1643399887910-1643399913396-0,materialPrimary,silk
entity:artifact:1:ld1-1643399887910-1643399913397-1,materialPrimary,silk
entity:artifact:1:ld1-1643399887910-1643399913401-0,materialPrimary,silk
entity:artifact:1:ld1-1643399887910-1643399913405-1,materialPrimary,silk
entity:artifact:1:ld1-1643399887910-1643399913408-0,materialPrimary,silk
entity:artifact:1:ld1-1643399887910-1643399913409-0,materialPrimary,silk
entity:artifact:1:ld1-1643399887910-1643399913918-1,materialPrimary,silk
entity:artifact:1:ld1-1643399887910-1643399913919-0,materialPrimary,silk
entity:artifact:1:ld1-1643399887910-1643399914139-1,materialPrimary,paper
entity:artifact:1:ld1-1643399887910-1643399914140-0,materialPrimary,paper
entity:artifact:1:ld1-1643399887910-1643399914150-0,materialPrimary,silk
entity:artifact:1:ld1-1643399887910-1643399914167-1,materialPrimary,silk
entity:artifact:1:ld1-1643399887910-1643399914168-0,materialPrimary,silk
entity:artifact:1:ld1-1643399887910-1643399914168-1,materialPrimary,silk
entity:artifact:1:ld1-1643399887910-1643399914169-0,materialPrimary,silk
entity:artifact:1:ld1-1643399887910-1643399914170-0,materialPrimary,silk
entity:artifact:1:ld1-1643399887910-1643399914170-1,materialPrimary,silk
entity:artifact:1:ld1-1643399887910-1643399914172-0,materialPrimary,silk
entity:artifact:1:ld1-1643399887910-1643399914172-1,materialPrimary,silk
entity:artifact:1:ld1-1643399887910-1643399914173-0,materialPrimary,silk
entity:artifact:1:ld1-1643399887910-1643399914173-1,materialPrimary,silk
entity:artifact:1:ld1-1643399887910-1643399914174-0,materialPrimary,silk
entity:artifact:1:ld1-1643399887910-1643399914175-0,materialPrimary,silk
entity:artifact:1:ld1-1643399887910-1643399914175-1,materialPrimary,silk
entity:artifact:1:ld1-1643399887910-1643399914176-0,materialPrimary,silk
entity:artifact:1:ld1-1643399887910-1643399914176-1,materialPrimary,silk
entity:artifact:1:ld1-1643399887910-1643399914221-0,materialPrimary,silk
entity:artifact:1:ld1-1643399887910-1643399914321-0,materialPrimary,silk
entity:artifact:1:ld1-1643399887910-1643399914568-0,materialPrimary,paper
entity:artifact:1:ld1-1643399887910-1643399914568-1,materialPrimary,paper
entity:artifact:1:ld1-1643399887910-1643399914569-1,materialPrimary,paper
entity:artifact:1:ld1-1643399887910-1643399914711-0,materialPrimary,silk
entity:artifact:1:ld1-1643399887910-1643399915439-0,materialPrimary,silk
entity:artifact:1:ld1-1643399887910-1643399915439-1,materialPrimary,silk
entity:artifact:1:ld1-1643399887910-1643399915801-0,materialPrimary,silk
entity:artifact:1:ld1-1643399887910-1643399915851-0,materialPrimary,silk
entity:artifact:1:ld1-1643399887910-1643399916079-1,materialPrimary,silk
entity:artifact:1:ld1-1643399887910-1643399916080-0,materialPrimary,silk
entity:artifact:1:ld1-1643399887910-1643399916126-1,materialPrimary,silk
entity:artifact:1:ld1-1643399887910-1643399916186-0,materialPrimary,silk
entity:artifact:1:ld1-1643399887910-1643399916186-1,materialPrimary,silk
entity:artifact:1:ld1-1643399887910-1643399916188-2,materialPrimary,silk
entity:artifact:1:ld1-1643399887910-1643399916189-0,materialPrimary,silk
entity:artifact:1:ld1-1643399887910-1643399916189-1,materialPrimary,silk
entity:artifact:1:ld1-1643399887910-1643399916190-0,materialPrimary,silk
entity:artifact:1:ld1-1643399887910-1643399916217-0,materialPrimary,cotton
entity:artifact:1:ld1-1643399887910-1643399916217-1,materialPrimary,cotton
entity:artifact:1:ld1-1643399887910-1643399916227-2,materialPrimary,silk
entity:artifact:1:ld1-1643399887910-1643399916228-0,materialPrimary,silk
entity:artifact:1:ld1-1643399887910-1643399916353-2,materialPrimary,silk
entity:artifact:1:ld1-1643399887910-1643399916833-0,materialPrimary,silk
entity:artifact:1:ld1-1643399887910-1643399916865-0,materialPrimary,silk
entity:artifact:1:ld1-1643399887910-1643399916899-0,materialPrimary,wood
entity:artifact:1:ld1-1643399887910-1643399918322-0,materialPrimary,paper
entity:artifact:1:ld1-1643399887910-1643399919346-0,materialPrimary,paper
entity:artifact:1:ld1-1643399887910-1643399919355-1,materialPrimary,paper
entity:artifact:1:ld1-1643399887910-1643399919359-1,materialPrimary,paper
entity:artifact:1:ld1-1643399887910-1643399919361-1,materialPrimary,paper
entity:artifact:1:ld1-1643399887910-1643399919376-0,materialPrimary,paper
entity:artifact:1:ld1-1643399887910-1643399919378-0,materialPrimary,paper
entity:artifact:1:ld1-1643399887910-1643399919379-1,materialPrimary,paper
entity:artifact:1:ld1-1643399887910-1643399919380-0,materialPrimary,paper
entity:artifact:1:ld1-1643399887910-1643399919380-1,materialPrimary,paper
entity:artifact:1:ld1-1643399887910-1643399919381-0,materialPrimary,paper
entity:artifact:1:ld1-1643399887910-1643399919381-1,materialPrimary,paper
entity:artifact:1:ld1-1643399887910-1643399919382-1,materialPrimary,paper
entity:artifact:1:ld1-1643399887910-1643399919383-0,materialPrimary,paper
entity:artifact:1:ld1-1643399887910-1643399919913-0,materialPrimary,paper
entity:artifact:1:ld1-1643399887910-1643399920351-2,materialPrimary,silk
entity:artifact:1:ld1-1643399887910-1643399920418-1,materialPrimary,cotton
entity:artifact:1:ld1-1643399887910-1643399920423-0,materialPrimary,cotton
entity:artifact:1:ld1-1643399887910-1643399920423-1,materialPrimary,silk
entity:artifact:1:ld1-1643399887910-1643399920424-0,materialPrimary,cotton
entity:artifact:1:ld1-1643399887910-1643399920596-1,materialPrimary,silk
entity:artifact:1:ld1-1643399887910-1643399920597-0,materialPrimary,silk
entity:artifact:1:ld1-1643399887910-1643399920597-1,materialPrimary,silk
entity:artifact:1:ld1-1643399887910-1643399920597-2,materialPrimary,silk
entity:artifact:1:ld1-1643399887910-1643399920598-0,materialPrimary,silk
entity:artifact:1:ld1-1643399887910-1643399920598-1,materialPrimary,silk
entity:artifact:1:ld1-1643399887910-1643399920599-0,materialPrimary,silk
entity:artifact:1:ld1-1643399887910-1643399920599-1,materialPrimary,silk
entity:artifact:1:ld1-1643399887910-1643399920600-0,materialPrimary,silk
entity:artifact:1:ld1-1643399887910-1643399920600-1,materialPrimary,silk
entity:artifact:1:ld1-1643399887910-1643399920601-0,materialPrimary,silk
entity:artifact:1:ld1-1643399887910-1643399920601-1,materialPrimary,silk
entity:artifact:1:ld1-1643399887910-1643399920601-2,materialPrimary,silk
entity:artifact:1:ld1-1643399887910-1643399920602-0,materialPrimary,silk
entity:artifact:1:ld1-1643399887910-1643399920602-1,materialPrimary,silk
entity:artifact:1:ld1-1643399887910-1643399920828-1,materialPrimary,silk
entity:artifact:1:ld1-1643399887910-1643399921342-0,materialPrimary,silk
entity:artifact:1:ld1-1643399887910-1643399921539-1,materialPrimary,silk
entity:artifact:1:ld1-1643399887910-1643399921662-0,materialPrimary,paper
entity:artifact:1:ld1-1643399887910-1643399922086-1,materialPrimary,silk
entity:artifact:1:ld1-1643399887910-1643399922213-0,materialPrimary,silk
entity:artifact:1:ld1-1643399887910-1643399922925-0,materialPrimary,silk
entity:artifact:1:ld1-1643399887910-1643399922935-0,materialPrimary,silk
entity:artifact:1:ld1-1643399887910-1643399922941-0,materialPrimary,silk
entity:artifact:1:ld1-1643399887910-1643399922942-0,materialPrimary,wood
entity:artifact:1:ld1-1643399887910-1643399922944-1,materialPrimary,silk
entity:artifact:1:ld1-1643399887910-1643399922945-0,materialPrimary,silk
entity:artifact:1:ld1-1643399887910-1643399923680-1,materialPrimary,silk
entity:artifact:1:ld1-1643399887910-1643399923684-0,materialPrimary,silk
entity:artifact:1:ld1-1643399887910-1643399923781-1,materialPrimary,silk
entity:artifact:1:ld1-1643399887910-1643399923785-1,materialPrimary,silk
entity:artifact:1:ld1-1643399887910-1643399924134-1,materialPrimary,paper
entity:artifact:1:ld1-1643399887910-1643399924235-1,materialPrimary,silk
entity:artifact:1:ld1-1643399887910-1643399924251-0,materialPrimary,paper
entity:artifact:1:ld1-1643399887910-1643399924253-1,materialPrimary,paper
entity:artifact:1:ld1-1643399887910-1643399924255-1,materialPrimary,paper
entity:artifact:1:ld1-1643399887910-1643399924299-0,materialPrimary,ink
entity:artifact:1:ld1-1643399887910-1643399924371-1,materialPrimary,silk
entity:artifact:1:ld1-1643399887910-1643399924371-2,materialPrimary,silk
entity:artifact:1:ld1-1643399887910-1643399924622-1,materialPrimary,paper
entity:artifact:1:ld1-1643399887910-1643399924869-1,materialPrimary,paper
entity:artifact:1:ld1-1643399887910-1643399924870-0,materialPrimary,paper
entity:artifact:1:ld1-1643399887910-1643399924870-1,materialPrimary,paper
entity:artifact:1:ld1-1643399887910-1643399925655-0,materialPrimary,silk
entity:artifact:1:ld1-1643399887910-1643399925655-1,materialPrimary,silk
entity:artifact:1:ld1-1643399887910-1643399925656-0,materialPrimary,silk
entity:artifact:1:ld1-1643399887910-1643399925656-1,materialPrimary,silk
entity:artifact:1:ld1-1643399887910-1643399927091-2,materialPrimary,textile
entity:artifact:1:ld1-1643399887910-1643399927092-0,materialPrimary,textile
entity:artifact:1:ld1-1643399887910-1643399927132-0,materialPrimary,silk
entity:artifact:1:ld1-1643399887910-1643399927132-1,materialPrimary,silk
entity:artifact:1:ld1-1643399887910-1643399927527-1,materialPrimary,silk
entity:artifact:1:ld1-1643399887910-1643399927528-1,materialPrimary,cotton
entity:artifact:1:ld1-1643399887910-1643399927530-0,materialPrimary,silk
entity:artifact:1:ld1-1643399887910-1643399927530-1,materialPrimary,textile
entity:artifact:1:ld1-1643399887910-1643399927530-2,materialPrimary,textile
entity:artifact:1:ld1-1643399887910-1643399927531-0,materialPrimary,textile
entity:artifact:1:ld1-1643399887910-1643399927531-1,materialPrimary,textile
entity:artifact:1:ld1-1643399887910-1643399927531-2,materialPrimary,textile
entity:artifact:1:ld1-1643399887910-1643399927532-0,materialPrimary,textile
entity:artifact:1:ld1-1643399887910-1643399927532-1,materialPrimary,textile
entity:artifact:1:ld1-1643399887910-1643399927533-0,materialPrimary,textile
entity:artifact:1:ld1-1643399887910-1643399927533-1,materialPrimary,textile
entity:artifact:1:ld1-1643399887910-1643399927533-2,materialPrimary,textile
entity:artifact:1:ld1-1643399887910-1643399927534-0,materialPrimary,textile
entity:artifact:1:ld1-1643399887910-1643399927534-1,materialPrimary,textile
entity:artifact:1:ld1-1643399887910-1643399927535-0,materialPrimary,textile
entity:artifact:1:ld1-1643399887910-1643399927535-1,materialPrimary,textile
entity:artifact:1:ld1-1643399887910-1643399927535-2,materialPrimary,textile
entity:artifact:1:ld1-1643399887910-1643399927536-0,materialPrimary,textile
entity:artifact:1:ld1-1643399887910-1643399927536-1,materialPrimary,textile
entity:artifact:1:ld1-1643399887910-1643399927536-2,materialPrimary,textile
entity:artifact:1:ld1-1643399887910-1643399927537-0,materialPrimary,textile
entity:artifact:1:ld1-1643399887910-1643399927537-1,materialPrimary,textile
entity:artifact:1:ld1-1643399887910-1643399927538-0,materialPrimary,silk
entity:artifact:1:ld1-1643399887910-1643399927538-1,materialPrimary,silk
entity:artifact:1:ld1-1643399887910-1643399927538-2,materialPrimary,textile
entity:artifact:1:ld1-1643399887910-1643399927539-0,materialPrimary,textile
entity:artifact:1:ld1-1643399887910-1643399927539-1,materialPrimary,textile
entity:artifact:1:ld1-1643399887910-1643399927540-0,materialPrimary,textile
entity:artifact:1:ld1-1643399887910-1643399927540-1,materialPrimary,textile
entity:artifact:1:ld1-1643399887910-1643399928545-1,materialPrimary,wood
entity:artifact:1:ld1-1643399887910-1643399928734-0,materialPrimary,silk
entity:artifact:1:ld1-1643399887910-1643399928736-0,materialPrimary,silk
entity:artifact:1:ld1-1643399887910-1643399928741-0,materialPrimary,textile
entity:artifact:1:ld1-1643399887910-1643399928741-1,materialPrimary,silk
entity:artifact:1:ld1-1643399887910-1643399929083-0,materialPrimary,silk
entity:artifact:1:ld1-1643399887910-1643399929091-1,materialPrimary,silk
entity:artifact:1:ld1-1643399887910-1643399929128-1,materialPrimary,paper
entity:artifact:1:ld1-1643399887910-1643399929194-0,materialPrimary,silk
entity:artifact:1:ld1-1643399887910-1643399929194-1,materialPrimary,silk
entity:artifact:1:ld1-1643399887910-1643399929206-1,materialPrimary,silk
entity:artifact:1:ld1-1643399887910-1643399929207-0,materialPrimary,silk
entity:artifact:1:ld1-1643399887910-1643399929207-1,materialPrimary,silk
entity:artifact:1:ld1-1643399887910-1643399929394-0,materialPrimary,silk
entity:artifact:1:ld1-1643399887910-1643399929397-1,materialPrimary,wood
entity:artifact:1:ld1-1643399887910-1643399929782-0,materialPrimary,silk
entity:artifact:1:ld1-1643399887910-1643399930131-0,materialPrimary,silk
entity:artifact:1:ld1-1643399887910-1643399930448-0,materialPrimary,paper
entity:artifact:1:ld1-1643399887910-1643399930601-1,materialPrimary,silk
entity:artifact:1:ld1-1643399887910-1643399930788-0,materialPrimary,metal
entity:artifact:1:ld1-1643399887910-1643399931031-1,materialPrimary,ivory
entity:artifact:1:ld1-1643399887910-1643399931341-0,materialPrimary,porcelain
entity:artifact:1:ld1-1643399887910-1643399931434-0,materialPrimary,porcelain
entity:artifact:1:ld1-1643399887910-1643399931450-0,materialPrimary,paper
entity:artifact:1:ld1-1643399887910-1643399931527-0,materialPrimary,silk
entity:artifact:1:ld1-1643399887910-1643399931528-0,materialPrimary,silk
entity:artifact:1:ld1-1643399887910-1643399931528-1,materialPrimary,silk
entity:artifact:1:ld1-1643399887910-1643399931709-0,materialPrimary,silk
entity:artifact:1:ld1-1643399887910-1643399932216-0,materialPrimary,paper
entity:artifact:1:ld1-1643399887910-1643399932219-0,materialPrimary,earthenware
entity:artifact:1:ld1-1643399887910-1643399932271-0,materialPrimary,silk
entity:artifact:1:ld1-1643399887910-1643399932525-0,materialPrimary,silk
entity:artifact:1:ld1-1643399887910-1643399932526-0,materialPrimary,silk
entity:artifact:1:ld1-1643399887910-1643399932661-1,materialPrimary,cotton
entity:artifact:1:ld1-1643399887910-1643399932867-0,materialPrimary,paper
entity:artifact:1:ld1-1643399887910-1643399933195-1,materialPrimary,paper
entity:artifact:1:ld1-1643399887910-1643399933882-0,materialPrimary,silk
entity:artifact:1:ld1-1643399887910-1643399934430-0,materialPrimary,silk
entity:artifact:1:ld1-1643399887910-1643399934431-0,materialPrimary,silk
entity:artifact:1:ld1-1643399887910-1643399935114-0,materialPrimary,paper
entity:artifact:1:ld1-1643399887910-1643399935121-0,materialPrimary,paper
entity:artifact:1:ld1-1643399887910-1643399935127-0,materialPrimary,paper
entity:artifact:1:ld1-1643399887910-1643399935550-0,materialPrimary,silk
entity:artifact:1:ld1-1643399887910-1643399935914-0,materialPrimary,silk
entity:artifact:1:ld1-1643399887910-1643399935994-0,materialPrimary,silk
entity:artifact:1:ld1-1643399887910-1643399935997-0,materialPrimary,silk
entity:artifact:1:ld1-1643399887910-1643399936071-1,materialPrimary,silk
entity:artifact:1:ld1-1643399887910-1643399936098-1,materialPrimary,porcelain
entity:artifact:1:ld1-1643399887910-1643399936100-0,materialPrimary,porcelain
entity:artifact:1:ld1-1643399887910-1643399936110-1,materialPrimary,silk
entity:artifact:1:ld1-1643399887910-1643399936143-0,materialPrimary,bamboo
entity:artifact:1:ld1-1643399887910-1643399936145-1,materialPrimary,silk
entity:artifact:1:ld1-1643399887910-1643399937246-0,materialPrimary,silk
entity:artifact:1:ld1-1643399887910-1643399937271-1,materialPrimary,silk
entity:artifact:1:ld1-1643399887910-1643399937978-0,materialPrimary,textile
entity:artifact:1:ld1-1643399887910-1643399937979-0,materialPrimary,textile
entity:artifact:1:ld1-1643399887910-1643399937979-1,materialPrimary,textile
entity:artifact:1:ld1-1643399887910-1643399937980-0,materialPrimary,textile
entity:artifact:1:ld1-1643399887910-1643399938062-0,materialPrimary,porcelain
entity:artifact:1:ld1-1643399887910-1643399938261-1,materialPrimary,silk
entity:artifact:1:ld1-1643399887910-1643399939178-0,materialPrimary,porcelain
entity:artifact:1:ld1-1643399887910-1643399939823-0,materialPrimary,silk
entity:artifact:1:ld1-1643399887910-1643399940613-0,materialPrimary,jade
entity:artifact:1:ld1-1643399887910-1643399940614-0,materialPrimary,silk
entity:artifact:1:ld1-1643399887910-1643399940614-1,materialPrimary,silk
entity:artifact:1:ld1-1643399887910-1643399940615-0,materialPrimary,silk
entity:artifact:1:ld1-1643399887910-1643399940615-1,materialPrimary,silk
entity:artifact:1:ld1-1643399887910-1643399940616-0,materialPrimary,silk
entity:artifact:1:ld1-1643399887910-1643399940616-1,materialPrimary,silk
entity:artifact:1:ld1-1643399887910-1643399940617-0,materialPrimary,silk
entity:artifact:1:ld1-1643399887910-1643399940731-0,materialPrimary,silk
entity:artifact:1:ld1-1643399887910-1643399940733-0,materialPrimary,silk
entity:artifact:1:ld1-1643399887910-1643399940785-0,materialPrimary,porcelain
entity:artifact:1:ld1-1643399887910-1643399940788-0,materialPrimary,stone
entity:artifact:1:ld1-1643399887910-1643399940788-1,materialPrimary,nephrite
entity:artifact:1:ld1-1643399887910-1643399940789-0,materialPrimary,glass
entity:artifact:1:ld1-1643399887910-1643399940794-0,materialPrimary,earthenware
entity:artifact:1:ld1-1643399887910-1643399940795-0,materialPrimary,porcelain
entity:artifact:1:ld1-1643399887910-1643399940846-0,materialPrimary,wood
entity:artifact:1:ld1-1643399887910-1643399941129-0,materialPrimary,bronze
entity:artifact:1:ld1-1643399887910-1643399941727-1,materialPrimary,silk
entity:artifact:1:ld1-1643399887910-1643399941747-0,materialPrimary,silver
entity:artifact:1:ld1-1643399887910-1643399942115-0,materialPrimary,paper
entity:artifact:1:ld1-1643399887910-1643399942269-1,materialPrimary,silk
entity:artifact:1:ld1-1643399887910-1643399942278-0,materialPrimary,silk
entity:artifact:1:ld1-1643399887910-1643399942279-0,materialPrimary,silk
entity:artifact:1:ld1-1643399887910-1643399942556-1,materialPrimary,silk
entity:artifact:1:ld1-1643399887910-1643399942560-1,materialPrimary,silk
entity:artifact:1:ld1-1643399887910-1643399942561-1,materialPrimary,silk
entity:artifact:1:ld1-1643399887910-1643399942561-2,materialPrimary,silk
entity:artifact:1:ld1-1643399887910-1643399942562-0,materialPrimary,silk
entity:artifact:1:ld1-1643399887910-1643399942836-1,materialPrimary,paper
entity:artifact:1:ld1-1643399887910-1643399942836-2,materialPrimary,paper
entity:artifact:1:ld1-1643399887910-1643399942890-2,materialPrimary,paper
entity:artifact:1:ld1-1643399887910-1643399944219-0,materialPrimary,silk
entity:artifact:1:ld1-1643399887910-1643399944233-0,materialPrimary,silk
entity:artifact:1:ld1-1643399887910-1643399944247-1,materialPrimary,silk
entity:artifact:1:ld1-1643399887910-1643399944250-0,materialPrimary,silk
entity:artifact:1:ld1-1643399887910-1643399944252-2,materialPrimary,silk
entity:artifact:1:ld1-1643399887910-1643399944692-1,materialPrimary,silk
entity:artifact:1:ld1-1643399887910-1643399945400-0,materialPrimary,silk
entity:artifact:1:ld1-1643399887910-1643399947060-0,materialPrimary,porcelain
entity:artifact:1:ld1-1643399887910-1643399947370-1,materialPrimary,porcelain
entity:artifact:1:ld1-1643399887910-1643399947371-0,materialPrimary,porcelain
entity:artifact:1:ld1-1643399887910-1643399947381-1,materialPrimary,porcelain
entity:artifact:1:ld1-1643399887910-1643399947382-0,materialPrimary,porcelain
entity:artifact:1:ld1-1643399887910-1643399947383-0,materialPrimary,porcelain
entity:artifact:1:ld1-1643399887910-1643399947383-1,materialPrimary,porcelain
entity:artifact:1:ld1-1643399887910-1643399947388-0,materialPrimary,porcelain
entity:artifact:1:ld1-1643399887910-1643399948007-0,materialPrimary,enamel
entity:artifact:1:ld1-1643399887910-1643399948132-0,materialPrimary,silver
entity:artifact:1:ld1-1643399887910-1643399954421-1,materialPrimary,stone
entity:artifact:1:ld1-1643399887910-1643399954424-0,materialPrimary,glass
entity:artifact:1:ld1-1643399887910-1643399954425-0,materialPrimary,porcelain
entity:artifact:1:ld1-1643399887910-1643399954426-0,materialPrimary,earthenware
entity:artifact:1:ld1-1643399887910-1643399954511-0,materialPrimary,glass
entity:artifact:1:ld1-1643399887910-1643399954520-0,materialPrimary,porcelain
entity:artifact:1:ld1-1643399887910-1643399955055-0,materialPrimary,silk
entity:artifact:1:ld1-1643399887910-1643399955623-2,materialPrimary,stone
entity:artifact:1:ld1-1643399887910-1643399955624-0,materialPrimary,wood
entity:artifact:1:ld1-1643399887910-1643399955624-1,materialPrimary,wood
entity:artifact:1:ld1-1643399887910-1643399955625-0,materialPrimary,wood
entity:artifact:1:ld1-1643399887910-1643399955625-2,materialPrimary,stone
entity:artifact:1:ld1-1643399887910-1643399956790-0,materialPrimary,porcelain
entity:artifact:1:ld1-1643399887910-1643399957123-0,materialPrimary,stone
entity:artifact:1:ld1-1643399887910-1643399957123-1,materialPrimary,jade
entity:artifact:1:ld1-1643399887910-1643399957232-0,materialPrimary,paper
entity:artifact:1:ld1-1643399887910-1643399957232-1,materialPrimary,paper
entity:artifact:1:ld1-1643399887910-1643399957652-0,materialPrimary,porcelain
entity:artifact:1:ld1-1643399887910-1643399957653-0,materialPrimary,porcelain
entity:artifact:1:ld1-1643399887910-1643399957658-0,materialPrimary,porcelain
entity:artifact:1:ld1-1643399887910-1643399959049-1,materialPrimary,silver
entity:artifact:1:ld1-1643399887910-1643399959119-0,materialPrimary,silk
entity:artifact:1:ld1-1643399887910-1643399959139-1,materialPrimary,silk
entity:artifact:1:ld1-1643399887910-1643399959144-0,materialPrimary,porcelain
entity:artifact:1:ld1-1643399887910-1643399959430-1,materialPrimary,silk
entity:artifact:1:ld1-1643399887910-1643399965117-1,materialPrimary,porcelain
entity:artifact:1:ld1-1643399887910-1643399965118-0,materialPrimary,porcelain
entity:artifact:1:ld1-1643399887910-1643399965119-1,materialPrimary,porcelain
entity:artifact:1:ld1-1643399887910-1643399965120-0,materialPrimary,porcelain
entity:artifact:1:ld1-1643399887910-1643399965122-1,materialPrimary,porcelain
entity:artifact:1:ld1-1643399887910-1643399965123-1,materialPrimary,porcelain
entity:artifact:1:ld1-1643399887910-1643399965150-0,materialPrimary,porcelain
entity:artifact:1:ld1-1643399887910-1643399968459-1,materialPrimary,silk
entity:artifact:1:ld1-1643399887910-1643399969605-1,materialPrimary,silk
entity:artifact:1:ld1-1643399887910-1643399969606-0,materialPrimary,silk
entity:artifact:1:ld1-1643399887910-1643399969607-1,materialPrimary,silk
entity:artifact:1:ld1-1643399887910-1643399969618-0,materialPrimary,silk
entity:artifact:1:ld1-1643399887910-1643399969900-0,materialPrimary,paper
entity:artifact:1:ld1-1643399887910-1643399970944-0,materialPrimary,silk
entity:artifact:1:ld1-1643399887910-1643399970945-0,materialPrimary,silk
entity:artifact:1:ld1-1643399887910-1643399972372-0,materialPrimary,silk
entity:artifact:1:ld1-1643399887910-1643399973001-0,materialPrimary,paper
entity:artifact:1:ld1-1643399887910-1643399973091-0,materialPrimary,paper
entity:artifact:1:ld1-1643399887910-1643399973091-1,materialPrimary,paper
entity:artifact:1:ld1-1643399887910-1643399973093-0,materialPrimary,paper
entity:artifact:1:ld1-1643399887910-1643399973093-1,materialPrimary,paper
entity:artifact:1:ld1-1643399887910-1643399973094-0,materialPrimary,paper
entity:artifact:1:ld1-1643399887910-1643399973105-0,materialPrimary,paper
entity:artifact:1:ld1-1643399887910-1643399973109-1,materialPrimary,paper
entity:artifact:1:ld1-1643399887910-1643399973112-1,materialPrimary,paper
entity:artifact:1:ld1-1643399887910-1643399973842-0,materialPrimary,silk
entity:artifact:1:ld1-1643399887910-1643399974641-0,materialPrimary,silk
entity:artifact:1:ld1-1643399887910-1643399975197-0,materialPrimary,silk
entity:artifact:1:ld1-1643399887910-1643399975518-0,materialPrimary,textile
entity:artifact:1:ld1-1643399887910-1643399976105-1,materialPrimary,paper
entity:artifact:1:ld1-1643399887910-1643399976117-1,materialPrimary,paper
entity:artifact:1:ld1-1643399887910-1643399976254-0,materialPrimary,porcelain
entity:artifact:1:ld1-1643399887910-1643399976254-1,materialPrimary,porcelain
entity:artifact:1:ld1-1643399887910-1643399982872-0,materialPrimary,paper
entity:artifact:1:ld1-1643399887910-1643399988613-0,materialPrimary,porcelain
entity:artifact:1:ld1-1695458679732-1695458683281-0,materialPrimary,porcelain
entity:artifact:1:ld1-1695458679732-1695458683282-0,materialPrimary,porcelain
entity:artifact:1:ld1-1695458679732-1695458683283-0,materialPrimary,porcelain
entity:artifact:1:ld1-1695458679732-1695458683284-0,materialPrimary,porcelain
entity:artifact:1:ld1-1695458679732-1695458683284-1,materialPrimary,porcelain
entity:artifact:1:ld1-1695458679732-1695458683285-0,materialPrimary,porcelain
entity:artifact:1:ld1-1695458679732-1695458683286-0,materialPrimary,porcelain
entity:artifact:1:ld1-1733913842397-1733913845809-0,materialPrimary,textile
entity:artifact:1:ld1-1733913842397-1733913845810-0,materialPrimary,cotton
entity:artifact:1:ld1-1756975001566-1756975004506-1,materialPrimary,cotton
entity:artifact:1:ld1-1759311857404-1759311860069-0,materialPrimary,silk
entity:artifact:2:100098,materialPrimary,earthenware
entity:artifact:2:100180,materialPrimary,earthenware
entity:artifact:2:101448,materialPrimary,bronze
entity:artifact:2:101449,materialPrimary,earthenware
entity:artifact:2:101784,materialPrimary,earthenware
entity:artifact:2:101785,materialPrimary,earthenware
entity:artifact:2:101906,materialPrimary,paper
entity:artifact:2:101922,materialPrimary,paper
entity:artifact:2:101923,materialPrimary,paper
entity:artifact:2:101938,materialPrimary,paper
entity:artifact:2:101939,materialPrimary,paper
entity:artifact:2:101940,materialPrimary,paper
entity:artifact:2:101941,materialPrimary,paper
entity:artifact:2:101946,materialPrimary,paper
entity:artifact:2:101947,materialPrimary,paper
entity:artifact:2:101948,materialPrimary,paper
entity:artifact:2:10916,materialPrimary,paper
entity:artifact:2:10917,materialPrimary,paper
entity:artifact:2:10918,materialPrimary,paper
entity:artifact:2:10919,materialPrimary,paper
entity:artifact:2:10955,materialPrimary,paper
entity:artifact:2:10956,materialPrimary,paper
entity:artifact:2:10957,materialPrimary,paper
entity:artifact:2:117343,materialPrimary,earthenware
entity:artifact:2:117351,materialPrimary,earthenware
entity:artifact:2:12532,materialPrimary,paper
entity:artifact:2:12533,materialPrimary,paper
entity:artifact:2:12534,materialPrimary,paper
entity:artifact:2:12653,materialPrimary,paper
entity:artifact:2:12851,materialPrimary,paper
entity:artifact:2:12867,materialPrimary,paper
entity:artifact:2:12895,materialPrimary,paper
entity:artifact:2:141460,materialPrimary,earthenware
entity:artifact:2:141848,materialPrimary,earthenware
entity:artifact:2:141949,materialPrimary,earthenware
entity:artifact:2:142045,materialPrimary,earthenware
entity:artifact:2:142050,materialPrimary,earthenware
entity:artifact:2:142051,materialPrimary,earthenware
entity:artifact:2:142052,materialPrimary,earthenware
entity:artifact:2:142053,materialPrimary,earthenware
entity:artifact:2:142054,materialPrimary,earthenware
entity:artifact:2:142055,materialPrimary,earthenware
entity:artifact:2:142056,materialPrimary,earthenware
entity:artifact:2:142066,materialPrimary,earthenware
entity:artifact:2:142067,materialPrimary,earthenware
entity:artifact:2:1429,materialPrimary,paper
entity:artifact:2:1430,materialPrimary,earthenware
entity:artifact:2:143056,materialPrimary,porcelain
entity:artifact:2:143057,materialPrimary,earthenware
entity:artifact:2:143089,materialPrimary,earthenware
entity:artifact:2:143090,materialPrimary,earthenware
entity:artifact:2:143091,materialPrimary,earthenware
entity:artifact:2:1432,materialPrimary,earthenware
entity:artifact:2:143354,materialPrimary,earthenware
entity:artifact:2:143355,materialPrimary,earthenware
entity:artifact:2:145348,materialPrimary,earthenware
entity:artifact:2:145349,materialPrimary,earthenware
entity:artifact:2:145350,materialPrimary,earthenware
entity:artifact:2:145359,materialPrimary,earthenware
entity:artifact:2:145437,materialPrimary,earthenware
entity:artifact:2:146193,materialPrimary,earthenware
entity:artifact:2:146194,materialPrimary,earthenware
entity:artifact:2:146195,materialPrimary,earthenware
entity:artifact:2:146262,materialPrimary,earthenware
entity:artifact:2:146263,materialPrimary,earthenware
entity:artifact:2:146264,materialPrimary,earthenware
entity:artifact:2:146265,materialPrimary,earthenware
entity:artifact:2:146266,materialPrimary,earthenware
entity:artifact:2:146267,materialPrimary,earthenware
entity:artifact:2:146268,materialPrimary,earthenware
entity:artifact:2:146269,materialPrimary,earthenware
entity:artifact:2:146431,materialPrimary,earthenware
entity:artifact:2:146432,materialPrimary,earthenware
entity:artifact:2:146433,materialPrimary,porcelain
entity:artifact:2:146434,materialPrimary,earthenware
entity:artifact:2:146482,materialPrimary,earthenware
entity:artifact:2:146484,materialPrimary,earthenware
entity:artifact:2:146486,materialPrimary,earthenware
entity:artifact:2:146487,materialPrimary,earthenware
entity:artifact:2:146488,materialPrimary,earthenware
entity:artifact:2:146489,materialPrimary,earthenware
entity:artifact:2:146490,materialPrimary,earthenware
entity:artifact:2:146491,materialPrimary,earthenware
entity:artifact:2:146492,materialPrimary,earthenware
entity:artifact:2:146523,materialPrimary,earthenware
entity:artifact:2:146524,materialPrimary,earthenware
entity:artifact:2:146525,materialPrimary,earthenware
entity:artifact:2:146526,materialPrimary,earthenware
entity:artifact:2:146527,materialPrimary,earthenware
entity:artifact:2:146528,materialPrimary,earthenware
entity:artifact:2:146529,materialPrimary,earthenware
entity:artifact:2:146554,materialPrimary,earthenware
entity:artifact:2:146559,materialPrimary,earthenware
entity:artifact:2:146561,materialPrimary,earthenware
entity:artifact:2:146562,materialPrimary,earthenware
entity:artifact:2:146563,materialPrimary,earthenware
entity:artifact:2:146564,materialPrimary,earthenware
entity:artifact:2:146565,materialPrimary,earthenware
entity:artifact:2:146566,materialPrimary,earthenware
entity:artifact:2:146567,materialPrimary,earthenware
entity:artifact:2:146568,materialPrimary,earthenware
entity:artifact:2:146569,materialPrimary,earthenware
entity:artifact:2:146570,materialPrimary,earthenware
entity:artifact:2:146571,materialPrimary,earthenware
entity:artifact:2:146575,materialPrimary,earthenware
entity:artifact:2:146576,materialPrimary,earthenware
entity:artifact:2:146577,materialPrimary,earthenware
entity:artifact:2:146583,materialPrimary,earthenware
entity:artifact:2:146585,materialPrimary,earthenware
entity:artifact:2:146626,materialPrimary,earthenware
entity:artifact:2:146627,materialPrimary,earthenware
entity:artifact:2:146628,materialPrimary,earthenware
entity:artifact:2:146629,materialPrimary,earthenware
entity:artifact:2:146693,materialPrimary,earthenware
entity:artifact:2:146694,materialPrimary,earthenware
entity:artifact:2:146709,materialPrimary,earthenware
entity:artifact:2:146710,materialPrimary,earthenware
entity:artifact:2:146711,materialPrimary,earthenware
entity:artifact:2:146712,materialPrimary,earthenware
entity:artifact:2:146713,materialPrimary,earthenware
entity:artifact:2:146748,materialPrimary,earthenware
entity:artifact:2:146749,materialPrimary,earthenware
entity:artifact:2:146750,materialPrimary,earthenware
entity:artifact:2:146751,materialPrimary,earthenware
entity:artifact:2:146752,materialPrimary,earthenware
entity:artifact:2:146753,materialPrimary,earthenware
entity:artifact:2:146754,materialPrimary,earthenware
entity:artifact:2:146755,materialPrimary,earthenware
entity:artifact:2:146756,materialPrimary,earthenware
entity:artifact:2:146757,materialPrimary,earthenware
entity:artifact:2:146758,materialPrimary,silk
entity:artifact:2:146759,materialPrimary,earthenware
entity:artifact:2:146760,materialPrimary,earthenware
entity:artifact:2:146761,materialPrimary,earthenware
entity:artifact:2:146771,materialPrimary,earthenware
entity:artifact:2:146772,materialPrimary,earthenware
entity:artifact:2:147176,materialPrimary,earthenware
entity:artifact:2:147177,materialPrimary,earthenware
entity:artifact:2:147219,materialPrimary,earthenware
entity:artifact:2:147220,materialPrimary,earthenware
entity:artifact:2:147441,materialPrimary,earthenware
entity:artifact:2:147442,materialPrimary,earthenware
entity:artifact:2:148273,materialPrimary,earthenware
entity:artifact:2:148274,materialPrimary,earthenware
entity:artifact:2:148464,materialPrimary,earthenware
entity:artifact:2:148465,materialPrimary,earthenware
entity:artifact:2:148466,materialPrimary,earthenware
entity:artifact:2:148467,materialPrimary,earthenware
entity:artifact:2:148468,materialPrimary,earthenware
entity:artifact:2:148469,materialPrimary,earthenware
entity:artifact:2:148472,materialPrimary,earthenware
entity:artifact:2:148478,materialPrimary,earthenware
entity:artifact:2:148479,materialPrimary,earthenware
entity:artifact:2:148480,materialPrimary,earthenware
entity:artifact:2:148553,materialPrimary,earthenware
entity:artifact:2:148554,materialPrimary,earthenware
entity:artifact:2:148555,materialPrimary,earthenware
entity:artifact:2:148556,materialPrimary,earthenware
entity:artifact:2:148608,materialPrimary,earthenware
entity:artifact:2:148609,materialPrimary,earthenware
entity:artifact:2:149462,materialPrimary,earthenware
entity:artifact:2:149463,materialPrimary,earthenware
entity:artifact:2:149507,materialPrimary,earthenware
entity:artifact:2:149508,materialPrimary,earthenware
entity:artifact:2:149509,materialPrimary,earthenware
entity:artifact:2:149541,materialPrimary,earthenware
entity:artifact:2:149542,materialPrimary,earthenware
entity:artifact:2:149543,materialPrimary,earthenware
entity:artifact:2:149545,materialPrimary,earthenware
entity:artifact:2:149547,materialPrimary,earthenware
entity:artifact:2:149551,materialPrimary,earthenware
entity:artifact:2:149552,materialPrimary,earthenware
entity:artifact:2:149553,materialPrimary,earthenware
entity:artifact:2:149554,materialPrimary,earthenware
entity:artifact:2:149557,materialPrimary,earthenware
entity:artifact:2:149558,materialPrimary,earthenware
entity:artifact:2:160276,materialPrimary,earthenware
entity:artifact:2:16235,materialPrimary,paper
entity:artifact:2:16377,materialPrimary,paper
entity:artifact:2:16400,materialPrimary,paper
entity:artifact:2:164893,materialPrimary,earthenware
entity:artifact:2:164894,materialPrimary,earthenware
entity:artifact:2:16492,materialPrimary,paper
entity:artifact:2:165054,materialPrimary,earthenware
entity:artifact:2:165055,materialPrimary,earthenware
entity:artifact:2:165056,materialPrimary,earthenware
entity:artifact:2:165242,materialPrimary,porcelain
entity:artifact:2:16635,materialPrimary,paper
entity:artifact:2:16636,materialPrimary,paper
entity:artifact:2:16637,materialPrimary,paper
entity:artifact:2:16643,materialPrimary,paper
entity:artifact:2:16700,materialPrimary,paper
entity:artifact:2:167086,materialPrimary,earthenware
entity:artifact:2:167160,materialPrimary,porcelain
entity:artifact:2:167599,materialPrimary,earthenware
entity:artifact:2:167603,materialPrimary,earthenware
entity:artifact:2:16827,materialPrimary,paper
entity:artifact:2:16829,materialPrimary,paper
entity:artifact:2:16891,materialPrimary,paper
entity:artifact:2:169025,materialPrimary,earthenware
entity:artifact:2:16917,materialPrimary,paper
entity:artifact:2:16918,materialPrimary,paper
entity:artifact:2:16925,materialPrimary,paper
entity:artifact:2:16926,materialPrimary,paper
entity:artifact:2:16932,materialPrimary,paper
entity:artifact:2:169458,materialPrimary,earthenware
entity:artifact:2:169493,materialPrimary,earthenware
entity:artifact:2:169494,materialPrimary,bronze
entity:artifact:2:169509,materialPrimary,earthenware
entity:artifact:2:16956,materialPrimary,paper
entity:artifact:2:16957,materialPrimary,paper
entity:artifact:2:170143,materialPrimary,earthenware
entity:artifact:2:173145,materialPrimary,earthenware
entity:artifact:2:173146,materialPrimary,earthenware
entity:artifact:2:173147,materialPrimary,earthenware
entity:artifact:2:173148,materialPrimary,earthenware
entity:artifact:2:173149,materialPrimary,earthenware
entity:artifact:2:173150,materialPrimary,earthenware
entity:artifact:2:173592,materialPrimary,earthenware
entity:artifact:2:173593,materialPrimary,bronze
entity:artifact:2:173612,materialPrimary,earthenware
entity:artifact:2:173613,materialPrimary,earthenware
entity:artifact:2:173614,materialPrimary,earthenware
entity:artifact:2:173615,materialPrimary,earthenware
entity:artifact:2:173616,materialPrimary,earthenware
entity:artifact:2:173621,materialPrimary,earthenware
entity:artifact:2:173622,materialPrimary,earthenware
entity:artifact:2:173623,materialPrimary,earthenware
entity:artifact:2:173788,materialPrimary,earthenware
entity:artifact:2:173791,materialPrimary,earthenware
entity:artifact:2:173817,materialPrimary,earthenware
entity:artifact:2:173818,materialPrimary,earthenware
entity:artifact:2:173820,materialPrimary,earthenware
entity:artifact:2:173849,materialPrimary,earthenware
entity:artifact:2:173850,materialPrimary,earthenware
entity:artifact:2:174153,materialPrimary,earthenware
entity:artifact:2:174154,materialPrimary,earthenware
entity:artifact:2:174173,materialPrimary,earthenware
entity:artifact:2:174174,materialPrimary,earthenware
entity:artifact:2:174175,materialPrimary,earthenware
entity:artifact:2:174176,materialPrimary,earthenware
entity:artifact:2:174177,materialPrimary,earthenware
entity:artifact:2:174249,materialPrimary,earthenware
entity:artifact:2:174250,materialPrimary,earthenware
entity:artifact:2:174251,materialPrimary,earthenware
entity:artifact:2:174254,materialPrimary,earthenware
entity:artifact:2:174432,materialPrimary,earthenware
entity:artifact:2:174433,materialPrimary,earthenware
entity:artifact:2:174435,materialPrimary,earthenware
entity:artifact:2:174444,materialPrimary,porcelain
entity:artifact:2:174445,materialPrimary,earthenware
entity:artifact:2:174446,materialPrimary,earthenware
entity:artifact:2:174782,materialPrimary,paper
entity:artifact:2:174784,materialPrimary,earthenware
entity:artifact:2:174785,materialPrimary,earthenware
entity:artifact:2:174786,materialPrimary,bronze
entity:artifact:2:174787,materialPrimary,earthenware
entity:artifact:2:174788,materialPrimary,earthenware
entity:artifact:2:174841,materialPrimary,earthenware
entity:artifact:2:174843,materialPrimary,earthenware
entity:artifact:2:174848,materialPrimary,earthenware
entity:artifact:2:174849,materialPrimary,earthenware
entity:artifact:2:174850,materialPrimary,silver
entity:artifact:2:174902,materialPrimary,earthenware
entity:artifact:2:174903,materialPrimary,porcelain
entity:artifact:2:174966,materialPrimary,earthenware
entity:artifact:2:174967,materialPrimary,earthenware
entity:artifact:2:174968,materialPrimary,paper
entity:artifact:2:175142,materialPrimary,paper
entity:artifact:2:175143,materialPrimary,earthenware
entity:artifact:2:175365,materialPrimary,porcelain
entity:artifact:2:175366,materialPrimary,earthenware
entity:artifact:2:175367,materialPrimary,porcelain
entity:artifact:2:175370,materialPrimary,porcelain
entity:artifact:2:175371,materialPrimary,porcelain
entity:artifact:2:176272,materialPrimary,earthenware
entity:artifact:2:176273,materialPrimary,earthenware
entity:artifact:2:176274,materialPrimary,earthenware
entity:artifact:2:176360,materialPrimary,earthenware
entity:artifact:2:176362,materialPrimary,porcelain
entity:artifact:2:176365,materialPrimary,earthenware
entity:artifact:2:176366,materialPrimary,earthenware
entity:artifact:2:176655,materialPrimary,earthenware
entity:artifact:2:176659,materialPrimary,earthenware
entity:artifact:2:176893,materialPrimary,earthenware
entity:artifact:2:176894,materialPrimary,earthenware
entity:artifact:2:176895,materialPrimary,earthenware
entity:artifact:2:176896,materialPrimary,earthenware
entity:artifact:2:176897,materialPrimary,earthenware
entity:artifact:2:176899,materialPrimary,earthenware
entity:artifact:2:176954,materialPrimary,earthenware
entity:artifact:2:176955,materialPrimary,earthenware
entity:artifact:2:176956,materialPrimary,earthenware
entity:artifact:2:176957,materialPrimary,earthenware
entity:artifact:2:176958,materialPrimary,paper
entity:artifact:2:176962,materialPrimary,earthenware
entity:artifact:2:176964,materialPrimary,earthenware
entity:artifact:2:176965,materialPrimary,earthenware
entity:artifact:2:176966,materialPrimary,earthenware
entity:artifact:2:176967,materialPrimary,earthenware
entity:artifact:2:176968,materialPrimary,earthenware
entity:artifact:2:176969,materialPrimary,earthenware
entity:artifact:2:176970,materialPrimary,bronze
entity:artifact:2:176971,materialPrimary,bronze
entity:artifact:2:176994,materialPrimary,earthenware
entity:artifact:2:176995,materialPrimary,earthenware
entity:artifact:2:176996,materialPrimary,earthenware
entity:artifact:2:176997,materialPrimary,bronze
entity:artifact:2:177002,materialPrimary,porcelain
entity:artifact:2:178067,materialPrimary,copper
entity:artifact:2:178068,materialPrimary,copper
entity:artifact:2:178612,materialPrimary,nephrite
entity:artifact:2:178613,materialPrimary,nephrite
entity:artifact:2:178614,materialPrimary,earthenware
entity:artifact:2:178615,materialPrimary,earthenware
entity:artifact:2:178616,materialPrimary,earthenware
entity:artifact:2:178617,materialPrimary,earthenware
entity:artifact:2:178618,materialPrimary,earthenware
entity:artifact:2:179583,materialPrimary,nephrite
entity:artifact:2:179597,materialPrimary,nephrite
entity:artifact:2:179606,materialPrimary,nephrite
entity:artifact:2:179607,materialPrimary,nephrite
entity:artifact:2:180588,materialPrimary,earthenware
entity:artifact:2:180730,materialPrimary,earthenware
entity:artifact:2:180735,materialPrimary,porcelain
entity:artifact:2:181756,materialPrimary,bronze
entity:artifact:2:182174,materialPrimary,earthenware
entity:artifact:2:182232,materialPrimary,porcelain
entity:artifact:2:182235,materialPrimary,porcelain
entity:artifact:2:182242,materialPrimary,earthenware
entity:artifact:2:182243,materialPrimary,earthenware
entity:artifact:2:182443,materialPrimary,earthenware
entity:artifact:2:182444,materialPrimary,earthenware
entity:artifact:2:182445,materialPrimary,earthenware
entity:artifact:2:182446,materialPrimary,earthenware
entity:artifact:2:182449,materialPrimary,earthenware
entity:artifact:2:182450,materialPrimary,earthenware
entity:artifact:2:182452,materialPrimary,earthenware
entity:artifact:2:182453,materialPrimary,earthenware
entity:artifact:2:182454,materialPrimary,earthenware
entity:artifact:2:182456,materialPrimary,earthenware
entity:artifact:2:182460,materialPrimary,earthenware
entity:artifact:2:182461,materialPrimary,earthenware
entity:artifact:2:182462,materialPrimary,earthenware
entity:artifact:2:182487,materialPrimary,earthenware
entity:artifact:2:182488,materialPrimary,earthenware
entity:artifact:2:182489,materialPrimary,earthenware
entity:artifact:2:182492,materialPrimary,earthenware
entity:artifact:2:182524,materialPrimary,earthenware
entity:artifact:2:182526,materialPrimary,earthenware
entity:artifact:2:182527,materialPrimary,earthenware
entity:artifact:2:182528,materialPrimary,earthenware
entity:artifact:2:182529,materialPrimary,earthenware
entity:artifact:2:182530,materialPrimary,earthenware
entity:artifact:2:182595,materialPrimary,earthenware
entity:artifact:2:182596,materialPrimary,earthenware
entity:artifact:2:182606,materialPrimary,earthenware
entity:artifact:2:182607,materialPrimary,earthenware
entity:artifact:2:182655,materialPrimary,earthenware
entity:artifact:2:18384,materialPrimary,earthenware
entity:artifact:2:18385,materialPrimary,earthenware
entity:artifact:2:18386,materialPrimary,earthenware
entity:artifact:2:18387,materialPrimary,earthenware
entity:artifact:2:184431,materialPrimary,bronze
entity:artifact:2:185032,materialPrimary,earthenware
entity:artifact:2:185033,materialPrimary,earthenware
entity:artifact:2:185034,materialPrimary,porcelain
entity:artifact:2:185035,materialPrimary,gold
entity:artifact:2:185127,materialPrimary,earthenware
entity:artifact:2:185128,materialPrimary,bronze
entity:artifact:2:185129,materialPrimary,earthenware
entity:artifact:2:185449,materialPrimary,earthenware
entity:artifact:2:185450,materialPrimary,porcelain
entity:artifact:2:185451,materialPrimary,earthenware
entity:artifact:2:185452,materialPrimary,earthenware
entity:artifact:2:185453,materialPrimary,earthenware
entity:artifact:2:185759,materialPrimary,earthenware
entity:artifact:2:185760,materialPrimary,earthenware
entity:artifact:2:185761,materialPrimary,earthenware
entity:artifact:2:185763,materialPrimary,earthenware
entity:artifact:2:185764,materialPrimary,earthenware
entity:artifact:2:186302,materialPrimary,silk
entity:artifact:2:186658,materialPrimary,earthenware
entity:artifact:2:186659,materialPrimary,earthenware
entity:artifact:2:186742,materialPrimary,earthenware
entity:artifact:2:186744,materialPrimary,earthenware
entity:artifact:2:186745,materialPrimary,earthenware
entity:artifact:2:186746,materialPrimary,earthenware
entity:artifact:2:186747,materialPrimary,earthenware
entity:artifact:2:186931,materialPrimary,earthenware
entity:artifact:2:186932,materialPrimary,bronze
entity:artifact:2:186933,materialPrimary,bronze
entity:artifact:2:186934,materialPrimary,earthenware
entity:artifact:2:186935,materialPrimary,earthenware
entity:artifact:2:187002,materialPrimary,porcelain
entity:artifact:2:187003,materialPrimary,earthenware
entity:artifact:2:187004,materialPrimary,earthenware
entity:artifact:2:187005,materialPrimary,earthenware
entity:artifact:2:187274,materialPrimary,bronze
entity:artifact:2:18758,materialPrimary,earthenware
entity:artifact:2:18759,materialPrimary,earthenware
entity:artifact:2:187802,materialPrimary,earthenware
entity:artifact:2:188082,materialPrimary,earthenware
entity:artifact:2:188083,materialPrimary,earthenware
entity:artifact:2:188084,materialPrimary,earthenware
entity:artifact:2:188085,materialPrimary,porcelain
entity:artifact:2:188153,materialPrimary,earthenware
entity:artifact:2:188154,materialPrimary,earthenware
entity:artifact:2:188156,materialPrimary,bronze
entity:artifact:2:188157,materialPrimary,bronze
entity:artifact:2:188169,materialPrimary,earthenware
entity:artifact:2:188475,materialPrimary,ceramic
entity:artifact:2:18856,materialPrimary,nephrite
entity:artifact:2:18857,materialPrimary,earthenware
entity:artifact:2:188954,materialPrimary,earthenware
entity:artifact:2:189067,materialPrimary,earthenware
entity:artifact:2:189098,materialPrimary,paper
entity:artifact:2:189099,materialPrimary,earthenware
entity:artifact:2:189158,materialPrimary,earthenware
entity:artifact:2:189159,materialPrimary,earthenware
entity:artifact:2:189161,materialPrimary,earthenware
entity:artifact:2:189162,materialPrimary,earthenware
entity:artifact:2:189163,materialPrimary,earthenware
entity:artifact:2:189200,materialPrimary,earthenware
entity:artifact:2:189204,materialPrimary,earthenware
entity:artifact:2:189205,materialPrimary,earthenware
entity:artifact:2:189219,materialPrimary,silk
entity:artifact:2:189235,materialPrimary,earthenware
entity:artifact:2:189465,materialPrimary,paper
entity:artifact:2:189565,materialPrimary,earthenware
entity:artifact:2:189739,materialPrimary,earthenware
entity:artifact:2:189837,materialPrimary,paper
entity:artifact:2:189839,materialPrimary,silk
entity:artifact:2:189840,materialPrimary,paper
entity:artifact:2:189841,materialPrimary,paper
entity:artifact:2:189843,materialPrimary,silk
entity:artifact:2:189844,materialPrimary,silk
entity:artifact:2:18988,materialPrimary,ink
entity:artifact:2:190122,materialPrimary,paper
entity:artifact:2:190123,materialPrimary,paper
entity:artifact:2:190125,materialPrimary,paper
entity:artifact:2:190136,materialPrimary,paper
entity:artifact:2:190137,materialPrimary,paper
entity:artifact:2:190138,materialPrimary,paper
entity:artifact:2:190139,materialPrimary,silk
entity:artifact:2:190142,materialPrimary,silk
entity:artifact:2:190144,materialPrimary,paper
entity:artifact:2:190145,materialPrimary,paper
entity:artifact:2:190147,materialPrimary,paper
entity:artifact:2:190148,materialPrimary,paper
entity:artifact:2:190159,materialPrimary,earthenware
entity:artifact:2:190160,materialPrimary,earthenware
entity:artifact:2:190161,materialPrimary,earthenware
entity:artifact:2:190162,materialPrimary,earthenware
entity:artifact:2:190163,materialPrimary,earthenware
entity:artifact:2:190164,materialPrimary,earthenware
entity:artifact:2:190165,materialPrimary,earthenware
entity:artifact:2:190167,materialPrimary,silk
entity:artifact:2:190168,materialPrimary,silk
entity:artifact:2:190169,materialPrimary,silk
entity:artifact:2:190170,materialPrimary,paper
entity:artifact:2:190184,materialPrimary,silk
entity:artifact:2:190185,materialPrimary,silk
entity:artifact:2:190209,materialPrimary,earthenware
entity:artifact:2:190217,materialPrimary,earthenware
entity:artifact:2:190218,materialPrimary,earthenware
entity:artifact:2:190471,materialPrimary,bronze
entity:artifact:2:190472,materialPrimary,earthenware
entity:artifact:2:190809,materialPrimary,earthenware
entity:artifact:2:190811,materialPrimary,earthenware
entity:artifact:2:190850,materialPrimary,earthenware
entity:artifact:2:190851,materialPrimary,earthenware
entity:artifact:2:190853,materialPrimary,earthenware
entity:artifact:2:190854,materialPrimary,earthenware
entity:artifact:2:190928,materialPrimary,earthenware
entity:artifact:2:190929,materialPrimary,earthenware
entity:artifact:2:190930,materialPrimary,porcelain
entity:artifact:2:190996,materialPrimary,earthenware
entity:artifact:2:190997,materialPrimary,earthenware
entity:artifact:2:190998,materialPrimary,earthenware
entity:artifact:2:191000,materialPrimary,earthenware
entity:artifact:2:191001,materialPrimary,earthenware
entity:artifact:2:191003,materialPrimary,bronze
entity:artifact:2:191004,materialPrimary,earthenware
entity:artifact:2:191054,materialPrimary,earthenware
entity:artifact:2:191055,materialPrimary,earthenware
entity:artifact:2:191056,materialPrimary,earthenware
entity:artifact:2:191057,materialPrimary,earthenware
entity:artifact:2:191323,materialPrimary,earthenware
entity:artifact:2:191325,materialPrimary,earthenware
entity:artifact:2:191326,materialPrimary,earthenware
entity:artifact:2:191328,materialPrimary,earthenware
entity:artifact:2:191329,materialPrimary,earthenware
entity:artifact:2:192051,materialPrimary,earthenware
entity:artifact:2:192060,materialPrimary,earthenware
entity:artifact:2:192061,materialPrimary,earthenware
entity:artifact:2:192062,materialPrimary,earthenware
entity:artifact:2:192063,materialPrimary,earthenware
entity:artifact:2:192138,materialPrimary,earthenware
entity:artifact:2:192140,materialPrimary,earthenware
entity:artifact:2:192166,materialPrimary,earthenware
entity:artifact:2:19252,materialPrimary,nephrite
entity:artifact:2:19253,materialPrimary,nephrite
entity:artifact:2:19254,materialPrimary,nephrite
entity:artifact:2:19255,materialPrimary,earthenware
entity:artifact:2:19256,materialPrimary,earthenware
entity:artifact:2:19277,materialPrimary,earthenware
entity:artifact:2:192947,materialPrimary,earthenware
entity:artifact:2:192949,materialPrimary,earthenware
entity:artifact:2:193284,materialPrimary,stone
entity:artifact:2:193287,materialPrimary,earthenware
entity:artifact:2:193288,materialPrimary,earthenware
entity:artifact:2:193289,materialPrimary,earthenware
entity:artifact:2:193290,materialPrimary,earthenware
entity:artifact:2:193291,materialPrimary,earthenware
entity:artifact:2:193292,materialPrimary,earthenware
entity:artifact:2:194025,materialPrimary,earthenware
entity:artifact:2:195600,materialPrimary,earthenware
entity:artifact:2:195610,materialPrimary,earthenware
entity:artifact:2:195611,materialPrimary,earthenware
entity:artifact:2:196417,materialPrimary,earthenware
entity:artifact:2:196420,materialPrimary,earthenware
entity:artifact:2:19684,materialPrimary,copper
entity:artifact:2:19685,materialPrimary,copper
entity:artifact:2:196985,materialPrimary,earthenware
entity:artifact:2:196994,materialPrimary,earthenware
entity:artifact:2:196995,materialPrimary,earthenware
entity:artifact:2:196996,materialPrimary,earthenware
entity:artifact:2:196997,materialPrimary,earthenware
entity:artifact:2:196998,materialPrimary,earthenware
entity:artifact:2:197026,materialPrimary,earthenware
entity:artifact:2:197027,materialPrimary,earthenware
entity:artifact:2:197028,materialPrimary,earthenware
entity:artifact:2:197049,materialPrimary,earthenware
entity:artifact:2:197050,materialPrimary,earthenware
entity:artifact:2:197051,materialPrimary,earthenware
entity:artifact:2:197058,materialPrimary,earthenware
entity:artifact:2:197060,materialPrimary,earthenware
entity:artifact:2:197474,materialPrimary,earthenware
entity:artifact:2:197514,materialPrimary,rhinoceros horn
entity:artifact:2:197515,materialPrimary,rhinoceros horn
entity:artifact:2:197658,materialPrimary,nephrite
entity:artifact:2:197660,materialPrimary,wood
entity:artifact:2:197661,materialPrimary,earthenware
entity:artifact:2:197665,materialPrimary,earthenware
entity:artifact:2:197666,materialPrimary,earthenware
entity:artifact:2:197972,materialPrimary,earthenware
entity:artifact:2:198016,materialPrimary,bronze
entity:artifact:2:198019,materialPrimary,earthenware
entity:artifact:2:198020,materialPrimary,paper
entity:artifact:2:198022,materialPrimary,earthenware
entity:artifact:2:198023,materialPrimary,earthenware
entity:artifact:2:198104,materialPrimary,earthenware
entity:artifact:2:198105,materialPrimary,lacquer
entity:artifact:2:198106,materialPrimary,earthenware
entity:artifact:2:198241,materialPrimary,porcelain
entity:artifact:2:198244,materialPrimary,earthenware
entity:artifact:2:198247,materialPrimary,earthenware
entity:artifact:2:198359,materialPrimary,bamboo
entity:artifact:2:198361,materialPrimary,lacquer
entity:artifact:2:198461,materialPrimary,wood
entity:artifact:2:198462,materialPrimary,lacquer
entity:artifact:2:198532,materialPrimary,rhinoceros horn
entity:artifact:2:198568,materialPrimary,porcelain
entity:artifact:2:198876,materialPrimary,porcelain
entity:artifact:2:198963,materialPrimary,nephrite
entity:artifact:2:198964,materialPrimary,stone
entity:artifact:2:198965,materialPrimary,stone
entity:artifact:2:198966,materialPrimary,porcelain
entity:artifact:2:198967,materialPrimary,stone
entity:artifact:2:198984,materialPrimary,paper
entity:artifact:2:198990,materialPrimary,stone
entity:artifact:2:198991,materialPrimary,glass
entity:artifact:2:198992,materialPrimary,porcelain
entity:artifact:2:199013,materialPrimary,wood
entity:artifact:2:199014,materialPrimary,stone
entity:artifact:2:199017,materialPrimary,nephrite
entity:artifact:2:199178,materialPrimary,nephrite
entity:artifact:2:199179,materialPrimary,paper
entity:artifact:2:199183,materialPrimary,nephrite
entity:artifact:2:199184,materialPrimary,stone
entity:artifact:2:199187,materialPrimary,porcelain
entity:artifact:2:199188,materialPrimary,porcelain
entity:artifact:2:199189,materialPrimary,porcelain
entity:artifact:2:199379,materialPrimary,wood
entity:artifact:2:199427,materialPrimary,silk
entity:artifact:2:199428,materialPrimary,porcelain
entity:artifact:2:199429,materialPrimary,porcelain
entity:artifact:2:199432,materialPrimary,porcelain
entity:artifact:2:199433,materialPrimary,porcelain
entity:artifact:2:199592,materialPrimary,nephrite
entity:artifact:2:199593,materialPrimary,bronze
entity:artifact:2:199594,materialPrimary,paper
entity:artifact:2:199595,materialPrimary,paper
entity:artifact:2:199607,materialPrimary,paper
entity:artifact:2:199626,materialPrimary,earthenware
entity:artifact:2:199628,materialPrimary,stone
entity:artifact:2:199629,materialPrimary,nephrite
entity:artifact:2:199631,materialPrimary,paper
entity:artifact:2:199633,materialPrimary,porcelain
entity:artifact:2:199634,materialPrimary,porcelain
entity:artifact:2:199635,materialPrimary,textile
entity:artifact:2:199636,materialPrimary,paper
entity:artifact:2:199646,materialPrimary,porcelain
entity:artifact:2:199647,materialPrimary,porcelain
entity:artifact:2:199648,materialPrimary,stone
entity:artifact:2:199685,materialPrimary,silk
entity:artifact:2:199690,materialPrimary,nephrite
entity:artifact:2:199691,materialPrimary,porcelain
entity:artifact:2:199692,materialPrimary,porcelain
entity:artifact:2:199693,materialPrimary,bronze
entity:artifact:2:199694,materialPrimary,paper
entity:artifact:2:199695,materialPrimary,paper
entity:artifact:2:199712,materialPrimary,porcelain
entity:artifact:2:199713,materialPrimary,porcelain
entity:artifact:2:199714,materialPrimary,porcelain
entity:artifact:2:199715,materialPrimary,porcelain
entity:artifact:2:199716,materialPrimary,earthenware
entity:artifact:2:199721,materialPrimary,porcelain
entity:artifact:2:199722,materialPrimary,porcelain
entity:artifact:2:199724,materialPrimary,porcelain
entity:artifact:2:199751,materialPrimary,wood
entity:artifact:2:199752,materialPrimary,wood
entity:artifact:2:199753,materialPrimary,rhinoceros horn
entity:artifact:2:199754,materialPrimary,wood
entity:artifact:2:199755,materialPrimary,wood
entity:artifact:2:199756,materialPrimary,wood
entity:artifact:2:199757,materialPrimary,wood
entity:artifact:2:199805,materialPrimary,earthenware
entity:artifact:2:200087,materialPrimary,earthenware
entity:artifact:2:200100,materialPrimary,silk
entity:artifact:2:200101,materialPrimary,earthenware
entity:artifact:2:200245,materialPrimary,earthenware
entity:artifact:2:200286,materialPrimary,earthenware
entity:artifact:2:200497,materialPrimary,bronze
entity:artifact:2:200542,materialPrimary,wood
entity:artifact:2:200547,materialPrimary,earthenware
entity:artifact:2:200583,materialPrimary,earthenware
entity:artifact:2:200584,materialPrimary,bronze
entity:artifact:2:200715,materialPrimary,porcelain
entity:artifact:2:200716,materialPrimary,porcelain
entity:artifact:2:200718,materialPrimary,paper
entity:artifact:2:200719,materialPrimary,porcelain
entity:artifact:2:200760,materialPrimary,earthenware
entity:artifact:2:200761,materialPrimary,earthenware
entity:artifact:2:200764,materialPrimary,earthenware
entity:artifact:2:200818,materialPrimary,earthenware
entity:artifact:2:200821,materialPrimary,earthenware
entity:artifact:2:200837,materialPrimary,bronze
entity:artifact:2:200838,materialPrimary,bronze
entity:artifact:2:200839,materialPrimary,copper
entity:artifact:2:200840,materialPrimary,bronze
entity:artifact:2:200855,materialPrimary,earthenware
entity:artifact:2:200856,materialPrimary,paper
entity:artifact:2:200868,materialPrimary,wood
entity:artifact:2:200907,materialPrimary,earthenware
entity:artifact:2:200939,materialPrimary,wood
entity:artifact:2:200940,materialPrimary,wood
entity:artifact:2:200941,materialPrimary,earthenware
entity:artifact:2:200942,materialPrimary,earthenware
entity:artifact:2:200950,materialPrimary,earthenware
entity:artifact:2:200957,materialPrimary,copper
entity:artifact:2:200958,materialPrimary,copper
entity:artifact:2:200980,materialPrimary,earthenware
entity:artifact:2:200981,materialPrimary,bronze
entity:artifact:2:201013,materialPrimary,nephrite
entity:artifact:2:201014,materialPrimary,earthenware
entity:artifact:2:201038,materialPrimary,porcelain
entity:artifact:2:201063,materialPrimary,earthenware
entity:artifact:2:201064,materialPrimary,bronze
entity:artifact:2:201065,materialPrimary,bronze
entity:artifact:2:201066,materialPrimary,bronze
entity:artifact:2:201067,materialPrimary,bronze
entity:artifact:2:201068,materialPrimary,bronze
entity:artifact:2:201069,materialPrimary,bronze
entity:artifact:2:201086,materialPrimary,paper
entity:artifact:2:201090,materialPrimary,stone
entity:artifact:2:201091,materialPrimary,stone
entity:artifact:2:201099,materialPrimary,paper
entity:artifact:2:201116,materialPrimary,textile
entity:artifact:2:201141,materialPrimary,paper
entity:artifact:2:201146,materialPrimary,paper
entity:artifact:2:201147,materialPrimary,stone
entity:artifact:2:201158,materialPrimary,paper
entity:artifact:2:201173,materialPrimary,paper
entity:artifact:2:201174,materialPrimary,paper
entity:artifact:2:201175,materialPrimary,paper
entity:artifact:2:201176,materialPrimary,paper
entity:artifact:2:201210,materialPrimary,paper
entity:artifact:2:201240,materialPrimary,bronze
entity:artifact:2:201242,materialPrimary,paper
entity:artifact:2:201243,materialPrimary,paper
entity:artifact:2:201244,materialPrimary,paper
entity:artifact:2:201247,materialPrimary,earthenware
entity:artifact:2:201257,materialPrimary,earthenware
entity:artifact:2:201258,materialPrimary,earthenware
entity:artifact:2:201259,materialPrimary,earthenware
entity:artifact:2:201260,materialPrimary,earthenware
entity:artifact:2:201261,materialPrimary,earthenware
entity:artifact:2:201269,materialPrimary,paper
entity:artifact:2:201270,materialPrimary,paper
entity:artifact:2:201271,materialPrimary,paper
entity:artifact:2:201272,materialPrimary,paper
entity:artifact:2:201273,materialPrimary,paper
entity:artifact:2:201274,materialPrimary,paper
entity:artifact:2:201275,materialPrimary,paper
entity:artifact:2:201276,materialPrimary,paper
entity:artifact:2:201277,materialPrimary,paper
entity:artifact:2:201282,materialPrimary,paper
entity:artifact:2:201283,materialPrimary,paper
entity:artifact:2:201285,materialPrimary,earthenware
entity:artifact:2:201286,materialPrimary,earthenware
entity:artifact:2:201288,materialPrimary,paper
entity:artifact:2:201303,materialPrimary,paper
entity:artifact:2:201311,materialPrimary,earthenware
entity:artifact:2:201318,materialPrimary,bronze
entity:artifact:2:201320,materialPrimary,porcelain
entity:artifact:2:201327,materialPrimary,earthenware
entity:artifact:2:201328,materialPrimary,earthenware
entity:artifact:2:201329,materialPrimary,earthenware
entity:artifact:2:201330,materialPrimary,earthenware
entity:artifact:2:201331,materialPrimary,earthenware
entity:artifact:2:201332,materialPrimary,earthenware
entity:artifact:2:201333,materialPrimary,earthenware
entity:artifact:2:201350,materialPrimary,paper
entity:artifact:2:201351,materialPrimary,paper
entity:artifact:2:201352,materialPrimary,paper
entity:artifact:2:201355,materialPrimary,earthenware
entity:artifact:2:201357,materialPrimary,paper
entity:artifact:2:201358,materialPrimary,paper
entity:artifact:2:201359,materialPrimary,paper
entity:artifact:2:201360,materialPrimary,paper
entity:artifact:2:201361,materialPrimary,paper
entity:artifact:2:201362,materialPrimary,paper
entity:artifact:2:201363,materialPrimary,paper
entity:artifact:2:201370,materialPrimary,earthenware
entity:artifact:2:201391,materialPrimary,paper
entity:artifact:2:201392,materialPrimary,paper
entity:artifact:2:201402,materialPrimary,paper
entity:artifact:2:201403,materialPrimary,paper
entity:artifact:2:201404,materialPrimary,paper
entity:artifact:2:201412,materialPrimary,paper
entity:artifact:2:201447,materialPrimary,paper
entity:artifact:2:201448,materialPrimary,paper
entity:artifact:2:201449,materialPrimary,paper
entity:artifact:2:201450,materialPrimary,paper
entity:artifact:2:201455,materialPrimary,earthenware
entity:artifact:2:201456,materialPrimary,earthenware
entity:artifact:2:201457,materialPrimary,earthenware
entity:artifact:2:201458,materialPrimary,earthenware
entity:artifact:2:201459,materialPrimary,earthenware
entity:artifact:2:201460,materialPrimary,earthenware
entity:artifact:2:201463,materialPrimary,stone
entity:artifact:2:201464,materialPrimary,earthenware
entity:artifact:2:201465,materialPrimary,earthenware
entity:artifact:2:201466,materialPrimary,earthenware
entity:artifact:2:201469,materialPrimary,earthenware
entity:artifact:2:201470,materialPrimary,stone
entity:artifact:2:201473,materialPrimary,earthenware
entity:artifact:2:201478,materialPrimary,earthenware
entity:artifact:2:201479,materialPrimary,earthenware
entity:artifact:2:201480,materialPrimary,earthenware
entity:artifact:2:201481,materialPrimary,earthenware
entity:artifact:2:201482,materialPrimary,earthenware
entity:artifact:2:201483,materialPrimary,earthenware
entity:artifact:2:201484,materialPrimary,earthenware
entity:artifact:2:201486,materialPrimary,earthenware
entity:artifact:2:201487,materialPrimary,earthenware
entity:artifact:2:201491,materialPrimary,textile
entity:artifact:2:201494,materialPrimary,wood
entity:artifact:2:201495,materialPrimary,porcelain
entity:artifact:2:201502,materialPrimary,paper
entity:artifact:2:201507,materialPrimary,porcelain
entity:artifact:2:201508,materialPrimary,stone
entity:artifact:2:201518,materialPrimary,stone
entity:artifact:2:201519,materialPrimary,paper
entity:artifact:2:201528,materialPrimary,paper
entity:artifact:2:201529,materialPrimary,stone
entity:artifact:2:201530,materialPrimary,earthenware
entity:artifact:2:201531,materialPrimary,earthenware
entity:artifact:2:201532,materialPrimary,earthenware
entity:artifact:2:201533,materialPrimary,paper
entity:artifact:2:201536,materialPrimary,earthenware
entity:artifact:2:201537,materialPrimary,earthenware
entity:artifact:2:201539,materialPrimary,earthenware
entity:artifact:2:201540,materialPrimary,earthenware
entity:artifact:2:201541,materialPrimary,earthenware
entity:artifact:2:201542,materialPrimary,earthenware
entity:artifact:2:201543,materialPrimary,earthenware
entity:artifact:2:201544,materialPrimary,earthenware
entity:artifact:2:201546,materialPrimary,earthenware
entity:artifact:2:201550,materialPrimary,porcelain
entity:artifact:2:201551,materialPrimary,stone
entity:artifact:2:201552,materialPrimary,stone
entity:artifact:2:201553,materialPrimary,paper
entity:artifact:2:201554,materialPrimary,paper
entity:artifact:2:201558,materialPrimary,earthenware
entity:artifact:2:201559,materialPrimary,earthenware
entity:artifact:2:201560,materialPrimary,earthenware
entity:artifact:2:201561,materialPrimary,earthenware
entity:artifact:2:201562,materialPrimary,earthenware
entity:artifact:2:201563,materialPrimary,earthenware
entity:artifact:2:201564,materialPrimary,earthenware
entity:artifact:2:201565,materialPrimary,earthenware
entity:artifact:2:201571,materialPrimary,silk
entity:artifact:2:201591,materialPrimary,earthenware
entity:artifact:2:201592,materialPrimary,earthenware
entity:artifact:2:201593,materialPrimary,earthenware
entity:artifact:2:201594,materialPrimary,earthenware
entity:artifact:2:201595,materialPrimary,earthenware
entity:artifact:2:201610,materialPrimary,nephrite
entity:artifact:2:201611,materialPrimary,paper
entity:artifact:2:201613,materialPrimary,paper
entity:artifact:2:201614,materialPrimary,paper
entity:artifact:2:201615,materialPrimary,paper
entity:artifact:2:201616,materialPrimary,paper
entity:artifact:2:201636,materialPrimary,earthenware
entity:artifact:2:201637,materialPrimary,earthenware
entity:artifact:2:201644,materialPrimary,earthenware
entity:artifact:2:201645,materialPrimary,earthenware
entity:artifact:2:201646,materialPrimary,earthenware
entity:artifact:2:201647,materialPrimary,earthenware
entity:artifact:2:201648,materialPrimary,earthenware
entity:artifact:2:201649,materialPrimary,earthenware
entity:artifact:2:201650,materialPrimary,earthenware
entity:artifact:2:201657,materialPrimary,earthenware
entity:artifact:2:201659,materialPrimary,earthenware
entity:artifact:2:201660,materialPrimary,earthenware
entity:artifact:2:201661,materialPrimary,stone
entity:artifact:2:201664,materialPrimary,earthenware
entity:artifact:2:201665,materialPrimary,earthenware
entity:artifact:2:201666,materialPrimary,earthenware
entity:artifact:2:201667,materialPrimary,stone
entity:artifact:2:201668,materialPrimary,stone
entity:artifact:2:201669,materialPrimary,stone
entity:artifact:2:201670,materialPrimary,stone
entity:artifact:2:201671,materialPrimary,earthenware
entity:artifact:2:201672,materialPrimary,earthenware
entity:artifact:2:201673,materialPrimary,earthenware
entity:artifact:2:201677,materialPrimary,earthenware
entity:artifact:2:201678,materialPrimary,gold
entity:artifact:2:201681,materialPrimary,bronze
entity:artifact:2:201682,materialPrimary,silk
entity:artifact:2:201685,materialPrimary,wood
entity:artifact:2:201686,materialPrimary,bronze
entity:artifact:2:201688,materialPrimary,paper
entity:artifact:2:201689,materialPrimary,paper
entity:artifact:2:201690,materialPrimary,paper
entity:artifact:2:201693,materialPrimary,porcelain
entity:artifact:2:201694,materialPrimary,porcelain
entity:artifact:2:201695,materialPrimary,porcelain
entity:artifact:2:201698,materialPrimary,porcelain
entity:artifact:2:201699,materialPrimary,porcelain
entity:artifact:2:201704,materialPrimary,paper
entity:artifact:2:201705,materialPrimary,paper
entity:artifact:2:201706,materialPrimary,silk
entity:artifact:2:201714,materialPrimary,earthenware
entity:artifact:2:201715,materialPrimary,earthenware
entity:artifact:2:201716,materialPrimary,earthenware
entity:artifact:2:201717,materialPrimary,earthenware
entity:artifact:2:201719,materialPrimary,earthenware
entity:artifact:2:201720,materialPrimary,earthenware
entity:artifact:2:201721,materialPrimary,earthenware
entity:artifact:2:201722,materialPrimary,earthenware
entity:artifact:2:201723,materialPrimary,earthenware
entity:artifact:2:201724,materialPrimary,earthenware
entity:artifact:2:201725,materialPrimary,earthenware
entity:artifact:2:201726,materialPrimary,earthenware
entity:artifact:2:201737,materialPrimary,porcelain
entity:artifact:2:201742,materialPrimary,nephrite
entity:artifact:2:201743,materialPrimary,nephrite
entity:artifact:2:201744,materialPrimary,silk
entity:artifact:2:201751,materialPrimary,paper
entity:artifact:2:201757,materialPrimary,earthenware
entity:artifact:2:201758,materialPrimary,earthenware
entity:artifact:2:201759,materialPrimary,earthenware
entity:artifact:2:201760,materialPrimary,earthenware
entity:artifact:2:201761,materialPrimary,earthenware
entity:artifact:2:201762,materialPrimary,earthenware
entity:artifact:2:201763,materialPrimary,earthenware
entity:artifact:2:201764,materialPrimary,earthenware
entity:artifact:2:201765,materialPrimary,earthenware
entity:artifact:2:201766,materialPrimary,earthenware
entity:artifact:2:201767,materialPrimary,earthenware
entity:artifact:2:201768,materialPrimary,earthenware
entity:artifact:2:201778,materialPrimary,earthenware
entity:artifact:2:201779,materialPrimary,bronze
entity:artifact:2:201780,materialPrimary,stone
entity:artifact:2:201781,materialPrimary,nephrite
entity:artifact:2:201783,materialPrimary,earthenware
entity:artifact:2:201786,materialPrimary,earthenware
entity:artifact:2:201792,materialPrimary,bronze
entity:artifact:2:201793,materialPrimary,paper
entity:artifact:2:201794,materialPrimary,earthenware
entity:artifact:2:201796,materialPrimary,glass
entity:artifact:2:201797,materialPrimary,earthenware
entity:artifact:2:201801,materialPrimary,nephrite
entity:artifact:2:201802,materialPrimary,nephrite
entity:artifact:2:201803,materialPrimary,nephrite
entity:artifact:2:201804,materialPrimary,silver
entity:artifact:2:201805,materialPrimary,earthenware
entity:artifact:2:201806,materialPrimary,earthenware
entity:artifact:2:201807,materialPrimary,porcelain
entity:artifact:2:201808,materialPrimary,earthenware
entity:artifact:2:201813,materialPrimary,silk
entity:artifact:2:201816,materialPrimary,lacquer
entity:artifact:2:201817,materialPrimary,lacquer
entity:artifact:2:201818,materialPrimary,lacquer
entity:artifact:2:201819,materialPrimary,nephrite
entity:artifact:2:201820,materialPrimary,textile
entity:artifact:2:201827,materialPrimary,stone
entity:artifact:2:201828,materialPrimary,stone
entity:artifact:2:201829,materialPrimary,stone
entity:artifact:2:201830,materialPrimary,earthenware
entity:artifact:2:201831,materialPrimary,earthenware
entity:artifact:2:201832,materialPrimary,earthenware
entity:artifact:2:201833,materialPrimary,earthenware
entity:artifact:2:201834,materialPrimary,earthenware
entity:artifact:2:201835,materialPrimary,earthenware
entity:artifact:2:201836,materialPrimary,earthenware
entity:artifact:2:201837,materialPrimary,earthenware
entity:artifact:2:201838,materialPrimary,earthenware
entity:artifact:2:201839,materialPrimary,earthenware
entity:artifact:2:201840,materialPrimary,porcelain
entity:artifact:2:201841,materialPrimary,porcelain
entity:artifact:2:201842,materialPrimary,porcelain
entity:artifact:2:201843,materialPrimary,porcelain
entity:artifact:2:201844,materialPrimary,porcelain
entity:artifact:2:201850,materialPrimary,paper
entity:artifact:2:201851,materialPrimary,earthenware
entity:artifact:2:201854,materialPrimary,paper
entity:artifact:2:201884,materialPrimary,earthenware
entity:artifact:2:201885,materialPrimary,porcelain
entity:artifact:2:201904,materialPrimary,earthenware
entity:artifact:2:201905,materialPrimary,stone
entity:artifact:2:201927,materialPrimary,silk
entity:artifact:2:201928,materialPrimary,silk
entity:artifact:2:201929,materialPrimary,silk
entity:artifact:2:201930,materialPrimary,silk
entity:artifact:2:201931,materialPrimary,silk
entity:artifact:2:201934,materialPrimary,bronze
entity:artifact:2:201936,materialPrimary,paper
entity:artifact:2:201939,materialPrimary,earthenware
entity:artifact:2:201940,materialPrimary,earthenware
entity:artifact:2:201941,materialPrimary,stone
entity:artifact:2:201942,materialPrimary,stone
entity:artifact:2:201943,materialPrimary,stone
entity:artifact:2:201944,materialPrimary,stone
entity:artifact:2:201945,materialPrimary,earthenware
entity:artifact:2:201947,materialPrimary,earthenware
entity:artifact:2:201948,materialPrimary,lacquer
entity:artifact:2:201949,materialPrimary,lacquer
entity:artifact:2:201963,materialPrimary,earthenware
entity:artifact:2:201965,materialPrimary,earthenware
entity:artifact:2:201973,materialPrimary,paper
entity:artifact:2:201974,materialPrimary,paper
entity:artifact:2:201976,materialPrimary,silk
entity:artifact:2:201977,materialPrimary,paper
entity:artifact:2:201978,materialPrimary,earthenware
entity:artifact:2:201979,materialPrimary,earthenware
entity:artifact:2:201980,materialPrimary,paper
entity:artifact:2:201983,materialPrimary,porcelain
entity:artifact:2:201993,materialPrimary,stone
entity:artifact:2:201998,materialPrimary,lacquer
entity:artifact:2:202004,materialPrimary,earthenware
entity:artifact:2:202005,materialPrimary,earthenware
entity:artifact:2:202008,materialPrimary,earthenware
entity:artifact:2:202009,materialPrimary,earthenware
entity:artifact:2:202010,materialPrimary,stone
entity:artifact:2:202011,materialPrimary,stone
entity:artifact:2:202012,materialPrimary,earthenware
entity:artifact:2:202013,materialPrimary,earthenware
entity:artifact:2:202014,materialPrimary,earthenware
entity:artifact:2:202015,materialPrimary,earthenware
entity:artifact:2:202016,materialPrimary,earthenware
entity:artifact:2:202022,materialPrimary,paper
entity:artifact:2:202023,materialPrimary,paper
entity:artifact:2:202024,materialPrimary,bronze
entity:artifact:2:202026,materialPrimary,earthenware
entity:artifact:2:202027,materialPrimary,porcelain
entity:artifact:2:202028,materialPrimary,porcelain
entity:artifact:2:202029,materialPrimary,porcelain
entity:artifact:2:202036,materialPrimary,silk
entity:artifact:2:202037,materialPrimary,silk
entity:artifact:2:202039,materialPrimary,lacquer
entity:artifact:2:202040,materialPrimary,lacquer
entity:artifact:2:202041,materialPrimary,lacquer
entity:artifact:2:202042,materialPrimary,lacquer
entity:artifact:2:202043,materialPrimary,nephrite
entity:artifact:2:202044,materialPrimary,nephrite
entity:artifact:2:202045,materialPrimary,nephrite
entity:artifact:2:202046,materialPrimary,silk
entity:artifact:2:202048,materialPrimary,earthenware
entity:artifact:2:202049,materialPrimary,earthenware
entity:artifact:2:202052,materialPrimary,earthenware
entity:artifact:2:202053,materialPrimary,porcelain
entity:artifact:2:202061,materialPrimary,earthenware
entity:artifact:2:202062,materialPrimary,earthenware
entity:artifact:2:202063,materialPrimary,earthenware
entity:artifact:2:202064,materialPrimary,earthenware
entity:artifact:2:202065,materialPrimary,earthenware
entity:artifact:2:202071,materialPrimary,earthenware
entity:artifact:2:202072,materialPrimary,earthenware
entity:artifact:2:202074,materialPrimary,porcelain
entity:artifact:2:202084,materialPrimary,earthenware
entity:artifact:2:202085,materialPrimary,earthenware
entity:artifact:2:202089,materialPrimary,earthenware
entity:artifact:2:202111,materialPrimary,nephrite
entity:artifact:2:202114,materialPrimary,paper
entity:artifact:2:202115,materialPrimary,paper
entity:artifact:2:202116,materialPrimary,paper
entity:artifact:2:202117,materialPrimary,paper
entity:artifact:2:202119,materialPrimary,paper
entity:artifact:2:202120,materialPrimary,paper
entity:artifact:2:202121,materialPrimary,silk
entity:artifact:2:202122,materialPrimary,bronze
entity:artifact:2:202123,materialPrimary,earthenware
entity:artifact:2:202124,materialPrimary,earthenware
entity:artifact:2:202125,materialPrimary,earthenware
entity:artifact:2:202126,materialPrimary,earthenware
entity:artifact:2:202127,materialPrimary,paper
entity:artifact:2:202128,materialPrimary,silk
entity:artifact:2:202130,materialPrimary,paper
entity:artifact:2:202131,materialPrimary,paper
entity:artifact:2:202132,materialPrimary,paper
entity:artifact:2:202133,materialPrimary,porcelain
entity:artifact:2:202136,materialPrimary,silk
entity:artifact:2:202180,materialPrimary,earthenware
entity:artifact:2:202185,materialPrimary,earthenware
entity:artifact:2:202200,materialPrimary,earthenware
entity:artifact:2:202213,materialPrimary,bronze
entity:artifact:2:202239,materialPrimary,earthenware
entity:artifact:2:202240,materialPrimary,porcelain
entity:artifact:2:202259,materialPrimary,paper
entity:artifact:2:202260,materialPrimary,silk
entity:artifact:2:202261,materialPrimary,earthenware
entity:artifact:2:202266,materialPrimary,earthenware
entity:artifact:2:202267,materialPrimary,earthenware
entity:artifact:2:202281,materialPrimary,paper
entity:artifact:2:202282,materialPrimary,paper
entity:artifact:2:202283,materialPrimary,paper
entity:artifact:2:202284,materialPrimary,paper
entity:artifact:2:202285,materialPrimary,paper
entity:artifact:2:202286,materialPrimary,paper
entity:artifact:2:202287,materialPrimary,paper
entity:artifact:2:202288,materialPrimary,paper
entity:artifact:2:202366,materialPrimary,silk
entity:artifact:2:202370,materialPrimary,silk
entity:artifact:2:202371,materialPrimary,paper
entity:artifact:2:202373,materialPrimary,earthenware
entity:artifact:2:202375,materialPrimary,earthenware
entity:artifact:2:202376,materialPrimary,earthenware
entity:artifact:2:202377,materialPrimary,earthenware
entity:artifact:2:202378,materialPrimary,earthenware
entity:artifact:2:202379,materialPrimary,silk
entity:artifact:2:202380,materialPrimary,silk
entity:artifact:2:202382,materialPrimary,nephrite
entity:artifact:2:202383,materialPrimary,stone
entity:artifact:2:202384,materialPrimary,nephrite
entity:artifact:2:202385,materialPrimary,nephrite
entity:artifact:2:202388,materialPrimary,porcelain
entity:artifact:2:202389,materialPrimary,paper
entity:artifact:2:202390,materialPrimary,paper
entity:artifact:2:202391,materialPrimary,earthenware
entity:artifact:2:202392,materialPrimary,silk
entity:artifact:2:202393,materialPrimary,silk
entity:artifact:2:202400,materialPrimary,silk
entity:artifact:2:202433,materialPrimary,bronze
entity:artifact:2:202444,materialPrimary,stone
entity:artifact:2:202447,materialPrimary,earthenware
entity:artifact:2:202448,materialPrimary,bronze
entity:artifact:2:202476,materialPrimary,paper
entity:artifact:2:202477,materialPrimary,earthenware
entity:artifact:2:202478,materialPrimary,earthenware
entity:artifact:2:202479,materialPrimary,bronze
entity:artifact:2:202480,materialPrimary,earthenware
entity:artifact:2:202481,materialPrimary,earthenware
entity:artifact:2:202483,materialPrimary,earthenware
entity:artifact:2:202492,materialPrimary,earthenware
entity:artifact:2:202494,materialPrimary,earthenware
entity:artifact:2:202502,materialPrimary,porcelain
entity:artifact:2:202504,materialPrimary,silk
entity:artifact:2:202505,materialPrimary,paper
entity:artifact:2:202507,materialPrimary,earthenware
entity:artifact:2:202508,materialPrimary,paper
entity:artifact:2:202509,materialPrimary,paper
entity:artifact:2:202511,materialPrimary,earthenware
entity:artifact:2:202514,materialPrimary,earthenware
entity:artifact:2:202523,materialPrimary,porcelain
entity:artifact:2:202529,materialPrimary,earthenware
entity:artifact:2:202535,materialPrimary,earthenware
entity:artifact:2:202578,materialPrimary,paper
entity:artifact:2:202581,materialPrimary,paper
entity:artifact:2:202582,materialPrimary,paper
entity:artifact:2:202583,materialPrimary,paper
entity:artifact:2:202603,materialPrimary,paper
entity:artifact:2:202606,materialPrimary,stone
entity:artifact:2:202608,materialPrimary,paper
entity:artifact:2:202614,materialPrimary,earthenware
entity:artifact:2:202634,materialPrimary,earthenware
entity:artifact:2:202642,materialPrimary,earthenware
entity:artifact:2:202666,materialPrimary,porcelain
entity:artifact:2:202690,materialPrimary,earthenware
entity:artifact:2:202691,materialPrimary,porcelain
entity:artifact:2:202692,materialPrimary,paper
entity:artifact:2:202693,materialPrimary,paper
entity:artifact:2:202694,materialPrimary,paper
entity:artifact:2:202700,materialPrimary,silk
entity:artifact:2:202701,materialPrimary,silk
entity:artifact:2:202703,materialPrimary,paper
entity:artifact:2:202712,materialPrimary,earthenware
entity:artifact:2:202734,materialPrimary,porcelain
entity:artifact:2:202745,materialPrimary,earthenware
entity:artifact:2:202746,materialPrimary,ceramic
entity:artifact:2:202747,materialPrimary,ceramic
entity:artifact:2:202748,materialPrimary,ceramic
entity:artifact:2:202749,materialPrimary,ceramic
entity:artifact:2:202750,materialPrimary,ceramic
entity:artifact:2:202752,materialPrimary,paper
entity:artifact:2:202754,materialPrimary,silk
entity:artifact:2:202758,materialPrimary,paper
entity:artifact:2:202759,materialPrimary,nephrite
entity:artifact:2:202760,materialPrimary,nephrite
entity:artifact:2:202761,materialPrimary,stone
entity:artifact:2:202762,materialPrimary,porcelain
entity:artifact:2:202763,materialPrimary,stone
entity:artifact:2:202764,materialPrimary,nephrite
entity:artifact:2:202765,materialPrimary,porcelain
entity:artifact:2:202766,materialPrimary,nephrite
entity:artifact:2:202767,materialPrimary,nephrite
entity:artifact:2:202768,materialPrimary,paper
entity:artifact:2:202769,materialPrimary,paper
entity:artifact:2:202770,materialPrimary,nephrite
entity:artifact:2:202771,materialPrimary,nephrite
entity:artifact:2:202772,materialPrimary,nephrite
entity:artifact:2:202773,materialPrimary,stone
entity:artifact:2:202774,materialPrimary,nephrite
entity:artifact:2:202775,materialPrimary,nephrite
entity:artifact:2:202776,materialPrimary,silk
entity:artifact:2:202777,materialPrimary,earthenware
entity:artifact:2:202778,materialPrimary,earthenware
entity:artifact:2:202779,materialPrimary,earthenware
entity:artifact:2:202780,materialPrimary,earthenware
entity:artifact:2:202781,materialPrimary,earthenware
entity:artifact:2:202783,materialPrimary,nephrite
entity:artifact:2:202784,materialPrimary,nephrite
entity:artifact:2:202785,materialPrimary,nephrite
entity:artifact:2:202786,materialPrimary,nephrite
entity:artifact:2:202787,materialPrimary,nephrite
entity:artifact:2:202788,materialPrimary,nephrite
entity:artifact:2:202789,materialPrimary,nephrite
entity:artifact:2:202790,materialPrimary,nephrite
entity:artifact:2:202791,materialPrimary,silk
entity:artifact:2:202793,materialPrimary,paper
entity:artifact:2:202794,materialPrimary,paper
entity:artifact:2:202802,materialPrimary,earthenware
entity:artifact:2:202804,materialPrimary,paper
entity:artifact:2:202805,materialPrimary,paper
entity:artifact:2:202806,materialPrimary,silk
entity:artifact:2:202809,materialPrimary,paper
entity:artifact:2:202829,materialPrimary,ceramic
entity:artifact:2:202830,materialPrimary,ceramic
entity:artifact:2:202831,materialPrimary,silk
entity:artifact:2:202833,materialPrimary,paper
entity:artifact:2:202837,materialPrimary,porcelain
entity:artifact:2:202842,materialPrimary,paper
entity:artifact:2:202846,materialPrimary,plaster
entity:artifact:2:202849,materialPrimary,shell
entity:artifact:2:202852,materialPrimary,ceramic
entity:artifact:2:202854,materialPrimary,ceramic
entity:artifact:2:202885,materialPrimary,stone
entity:artifact:2:202913,materialPrimary,bronze
entity:artifact:2:202918,materialPrimary,stone
entity:artifact:2:202919,materialPrimary,earthenware
entity:artifact:2:202920,materialPrimary,earthenware
entity:artifact:2:202922,materialPrimary,ceramic
entity:artifact:2:202923,materialPrimary,porcelain
entity:artifact:2:202927,materialPrimary,earthenware
entity:artifact:2:202931,materialPrimary,silk
entity:artifact:2:202936,materialPrimary,enamel
entity:artifact:2:202947,materialPrimary,earthenware
entity:artifact:2:202952,materialPrimary,earthenware
entity:artifact:2:202958,materialPrimary,earthenware
entity:artifact:2:202975,materialPrimary,porcelain
entity:artifact:2:202976,materialPrimary,porcelain
entity:artifact:2:202977,materialPrimary,silk
entity:artifact:2:202978,materialPrimary,paper
entity:artifact:2:202990,materialPrimary,bronze
entity:artifact:2:202991,materialPrimary,bronze
entity:artifact:2:202997,materialPrimary,textile
entity:artifact:2:202998,materialPrimary,textile
entity:artifact:2:202999,materialPrimary,textile
entity:artifact:2:203000,materialPrimary,silk
entity:artifact:2:203001,materialPrimary,textile
entity:artifact:2:203002,materialPrimary,textile
entity:artifact:2:203003,materialPrimary,textile
entity:artifact:2:203004,materialPrimary,paper
entity:artifact:2:203005,materialPrimary,porcelain
entity:artifact:2:203006,materialPrimary,porcelain
entity:artifact:2:203012,materialPrimary,porcelain
entity:artifact:2:203030,materialPrimary,stone
entity:artifact:2:203031,materialPrimary,copper
entity:artifact:2:203032,materialPrimary,porcelain
entity:artifact:2:203040,materialPrimary,silk
entity:artifact:2:203041,materialPrimary,silk
entity:artifact:2:203042,materialPrimary,bronze
entity:artifact:2:203046,materialPrimary,stone
entity:artifact:2:203047,materialPrimary,porcelain
entity:artifact:2:203056,materialPrimary,metal
entity:artifact:2:203079,materialPrimary,porcelain
entity:artifact:2:203086,materialPrimary,silk
entity:artifact:2:203087,materialPrimary,stone
entity:artifact:2:203124,materialPrimary,porcelain
entity:artifact:2:203125,materialPrimary,earthenware
entity:artifact:2:203126,materialPrimary,earthenware
entity:artifact:2:203127,materialPrimary,earthenware
entity:artifact:2:203128,materialPrimary,earthenware
entity:artifact:2:203150,materialPrimary,earthenware
entity:artifact:2:203170,materialPrimary,earthenware
entity:artifact:2:203174,materialPrimary,porcelain
entity:artifact:2:203175,materialPrimary,earthenware
entity:artifact:2:203187,materialPrimary,porcelain
entity:artifact:2:203189,materialPrimary,bronze
entity:artifact:2:203191,materialPrimary,earthenware
entity:artifact:2:203221,materialPrimary,porcelain
entity:artifact:2:203223,materialPrimary,nephrite
entity:artifact:2:203224,materialPrimary,nephrite
entity:artifact:2:203225,materialPrimary,nephrite
entity:artifact:2:203226,materialPrimary,jade
entity:artifact:2:203228,materialPrimary,earthenware
entity:artifact:2:203229,materialPrimary,earthenware
entity:artifact:2:203230,materialPrimary,nephrite
entity:artifact:2:203242,materialPrimary,rhinoceros horn
entity:artifact:2:203243,materialPrimary,rhinoceros horn
entity:artifact:2:203244,materialPrimary,rhinoceros horn
entity:artifact:2:203245,materialPrimary,stone
entity:artifact:2:203246,materialPrimary,silk
entity:artifact:2:203247,materialPrimary,nephrite
entity:artifact:2:203248,materialPrimary,nephrite
entity:artifact:2:203249,materialPrimary,nephrite
entity:artifact:2:203250,materialPrimary,nephrite
entity:artifact:2:203251,materialPrimary,nephrite
entity:artifact:2:203252,materialPrimary,jade
entity:artifact:2:203253,materialPrimary,nephrite
entity:artifact:2:203254,materialPrimary,earthenware
entity:artifact:2:203256,materialPrimary,silk
entity:artifact:2:203257,materialPrimary,paper
entity:artifact:2:203258,materialPrimary,paper
entity:artifact:2:203259,materialPrimary,earthenware
entity:artifact:2:203260,materialPrimary,earthenware
entity:artifact:2:203261,materialPrimary,earthenware
entity:artifact:2:203262,materialPrimary,silk
entity:artifact:2:203266,materialPrimary,nephrite
entity:artifact:2:203272,materialPrimary,bronze
entity:artifact:2:203277,materialPrimary,metal
entity:artifact:2:203279,materialPrimary,bronze
entity:artifact:2:203280,materialPrimary,paper
entity:artifact:2:203281,materialPrimary,bronze
entity:artifact:2:203282,materialPrimary,earthenware
entity:artifact:2:203285,materialPrimary,nephrite
entity:artifact:2:203286,materialPrimary,nephrite
entity:artifact:2:203287,materialPrimary,nephrite
entity:artifact:2:203288,materialPrimary,nephrite
entity:artifact:2:203289,materialPrimary,porcelain
entity:artifact:2:203291,materialPrimary,earthenware
entity:artifact:2:203292,materialPrimary,earthenware
entity:artifact:2:203293,materialPrimary,earthenware
entity:artifact:2:203294,materialPrimary,nephrite
entity:artifact:2:203295,materialPrimary,stone
entity:artifact:2:203301,materialPrimary,pigment
entity:artifact:2:203307,materialPrimary,earthenware
entity:artifact:2:203308,materialPrimary,bronze
entity:artifact:2:203311,materialPrimary,bronze
entity:artifact:2:203323,materialPrimary,bronze
entity:artifact:2:203329,materialPrimary,ceramic
entity:artifact:2:203330,materialPrimary,bronze
entity:artifact:2:203350,materialPrimary,bronze
entity:artifact:2:203352,materialPrimary,pigment
entity:artifact:2:203353,materialPrimary,stone
entity:artifact:2:203359,materialPrimary,bronze
entity:artifact:2:203361,materialPrimary,bronze
entity:artifact:2:203362,materialPrimary,nephrite
entity:artifact:2:203363,materialPrimary,nephrite
entity:artifact:2:203364,materialPrimary,nephrite
entity:artifact:2:203365,materialPrimary,nephrite
entity:artifact:2:203366,materialPrimary,nephrite
entity:artifact:2:203367,materialPrimary,nephrite
entity:artifact:2:203368,materialPrimary,nephrite
entity:artifact:2:203369,materialPrimary,porcelain
entity:artifact:2:203370,materialPrimary,nephrite
entity:artifact:2:203371,materialPrimary,nephrite
entity:artifact:2:203372,materialPrimary,earthenware
entity:artifact:2:203373,materialPrimary,bronze
entity:artifact:2:203374,materialPrimary,earthenware
entity:artifact:2:203383,materialPrimary,paper
entity:artifact:2:203397,materialPrimary,porcelain
entity:artifact:2:203402,materialPrimary,bronze
entity:artifact:2:203404,materialPrimary,bronze
entity:artifact:2:203405,materialPrimary,bronze
entity:artifact:2:203406,materialPrimary,bronze
entity:artifact:2:203419,materialPrimary,earthenware
entity:artifact:2:203438,materialPrimary,textile
entity:artifact:2:203439,materialPrimary,textile
entity:artifact:2:203440,materialPrimary,silk
entity:artifact:2:203467,materialPrimary,silk
entity:artifact:2:203476,materialPrimary,earthenware
entity:artifact:2:203478,materialPrimary,earthenware
entity:artifact:2:203480,materialPrimary,textile
entity:artifact:2:203482,materialPrimary,bronze
entity:artifact:2:203483,materialPrimary,porcelain
entity:artifact:2:203484,materialPrimary,porcelain
entity:artifact:2:203485,materialPrimary,rhinoceros horn
entity:artifact:2:203486,materialPrimary,bronze
entity:artifact:2:203487,materialPrimary,rhinoceros horn
entity:artifact:2:203488,materialPrimary,rhinoceros horn
entity:artifact:2:203489,materialPrimary,rhinoceros horn
entity:artifact:2:203490,materialPrimary,rhinoceros horn
entity:artifact:2:203491,materialPrimary,rhinoceros horn
entity:artifact:2:203492,materialPrimary,rhinoceros horn
entity:artifact:2:203493,materialPrimary,rhinoceros horn
entity:artifact:2:203495,materialPrimary,earthenware
entity:artifact:2:203496,materialPrimary,ceramic
entity:artifact:2:203498,materialPrimary,wood
entity:artifact:2:203499,materialPrimary,bronze
entity:artifact:2:203500,materialPrimary,bronze
entity:artifact:2:203522,materialPrimary,earthenware
entity:artifact:2:203523,materialPrimary,stone
entity:artifact:2:203524,materialPrimary,stone
entity:artifact:2:203525,materialPrimary,bronze
entity:artifact:2:203526,materialPrimary,bronze
entity:artifact:2:203527,materialPrimary,bronze
entity:artifact:2:203528,materialPrimary,bronze
entity:artifact:2:203529,materialPrimary,earthenware
entity:artifact:2:203531,materialPrimary,bronze
entity:artifact:2:203535,materialPrimary,earthenware
entity:artifact:2:203536,materialPrimary,porcelain
entity:artifact:2:203537,materialPrimary,porcelain
entity:artifact:2:203538,materialPrimary,porcelain
entity:artifact:2:203539,materialPrimary,porcelain
entity:artifact:2:203540,materialPrimary,porcelain
entity:artifact:2:203541,materialPrimary,porcelain
entity:artifact:2:203542,materialPrimary,porcelain
entity:artifact:2:203543,materialPrimary,porcelain
entity:artifact:2:203544,materialPrimary,porcelain
entity:artifact:2:203545,materialPrimary,porcelain
entity:artifact:2:203546,materialPrimary,porcelain
entity:artifact:2:203547,materialPrimary,porcelain
entity:artifact:2:203548,materialPrimary,porcelain
entity:artifact:2:203549,materialPrimary,porcelain
entity:artifact:2:203560,materialPrimary,porcelain
entity:artifact:2:203561,materialPrimary,bronze
entity:artifact:2:203562,materialPrimary,metal
entity:artifact:2:203564,materialPrimary,rhinoceros horn
entity:artifact:2:203565,materialPrimary,bronze
entity:artifact:2:203566,materialPrimary,horn
entity:artifact:2:203567,materialPrimary,horn
entity:artifact:2:203568,materialPrimary,horn
entity:artifact:2:203581,materialPrimary,jade
entity:artifact:2:203582,materialPrimary,jade
entity:artifact:2:203583,materialPrimary,porcelain
entity:artifact:2:203584,materialPrimary,rhinoceros horn
entity:artifact:2:203585,materialPrimary,rhinoceros horn
entity:artifact:2:203586,materialPrimary,rhinoceros horn
entity:artifact:2:203587,materialPrimary,horn
entity:artifact:2:203588,materialPrimary,rhinoceros horn
entity:artifact:2:203589,materialPrimary,rhinoceros horn
entity:artifact:2:203591,materialPrimary,rhinoceros horn
entity:artifact:2:203593,materialPrimary,earthenware
entity:artifact:2:203595,materialPrimary,bronze
entity:artifact:2:203598,materialPrimary,lacquer
entity:artifact:2:203599,materialPrimary,earthenware
entity:artifact:2:203600,materialPrimary,jade
entity:artifact:2:203601,materialPrimary,earthenware
entity:artifact:2:203602,materialPrimary,rhinoceros horn
entity:artifact:2:203603,materialPrimary,rhinoceros horn
entity:artifact:2:203604,materialPrimary,rhinoceros horn
entity:artifact:2:203605,materialPrimary,rhinoceros horn
entity:artifact:2:203607,materialPrimary,paper
entity:artifact:2:203608,materialPrimary,nephrite
entity:artifact:2:203609,materialPrimary,nephrite
entity:artifact:2:203610,materialPrimary,rhinoceros horn
entity:artifact:2:203611,materialPrimary,rhinoceros horn
entity:artifact:2:203612,materialPrimary,rhinoceros horn
entity:artifact:2:203613,materialPrimary,silk
entity:artifact:2:203615,materialPrimary,bronze
entity:artifact:2:203616,materialPrimary,earthenware
entity:artifact:2:203619,materialPrimary,earthenware
entity:artifact:2:203620,materialPrimary,earthenware
entity:artifact:2:203622,materialPrimary,ceramic
entity:artifact:2:203623,materialPrimary,earthenware
entity:artifact:2:203629,materialPrimary,porcelain
entity:artifact:2:203630,materialPrimary,paper
entity:artifact:2:203631,materialPrimary,paper
entity:artifact:2:203632,materialPrimary,earthenware
entity:artifact:2:203633,materialPrimary,stone
entity:artifact:2:203634,materialPrimary,silk
entity:artifact:2:203638,materialPrimary,nephrite
entity:artifact:2:203654,materialPrimary,horn
entity:artifact:2:203655,materialPrimary,horn
entity:artifact:2:203656,materialPrimary,horn
entity:artifact:2:203657,materialPrimary,rhinoceros horn
entity:artifact:2:203658,materialPrimary,horn
entity:artifact:2:203659,materialPrimary,rhinoceros horn
entity:artifact:2:203660,materialPrimary,rhinoceros horn
entity:artifact:2:203661,materialPrimary,rhinoceros horn
entity:artifact:2:203662,materialPrimary,rhinoceros horn
entity:artifact:2:203663,materialPrimary,horn
entity:artifact:2:203664,materialPrimary,horn
entity:artifact:2:203665,materialPrimary,rhinoceros horn
entity:artifact:2:203667,materialPrimary,porcelain
entity:artifact:2:203669,materialPrimary,paper
entity:artifact:2:203670,materialPrimary,earthenware
entity:artifact:2:203671,materialPrimary,earthenware
entity:artifact:2:203672,materialPrimary,rhinoceros horn
entity:artifact:2:203673,materialPrimary,bronze
entity:artifact:2:203674,materialPrimary,nephrite
entity:artifact:2:203675,materialPrimary,nephrite
entity:artifact:2:203676,materialPrimary,stone
entity:artifact:2:203677,materialPrimary,stone
entity:artifact:2:203678,materialPrimary,nephrite
entity:artifact:2:203679,materialPrimary,stone
entity:artifact:2:203680,materialPrimary,nephrite
entity:artifact:2:203681,materialPrimary,nephrite
entity:artifact:2:203683,materialPrimary,nephrite
entity:artifact:2:203684,materialPrimary,bronze
entity:artifact:2:203685,materialPrimary,rhinoceros horn
entity:artifact:2:203686,materialPrimary,rhinoceros horn
entity:artifact:2:203687,materialPrimary,rhinoceros horn
entity:artifact:2:203688,materialPrimary,rhinoceros horn
entity:artifact:2:203689,materialPrimary,stone
entity:artifact:2:203690,materialPrimary,rhinoceros horn
entity:artifact:2:203691,materialPrimary,rhinoceros horn
entity:artifact:2:203692,materialPrimary,bronze
entity:artifact:2:203693,materialPrimary,bronze
entity:artifact:2:203694,materialPrimary,silk
entity:artifact:2:203695,materialPrimary,nephrite
entity:artifact:2:203696,materialPrimary,nephrite
entity:artifact:2:203698,materialPrimary,paper
entity:artifact:2:203699,materialPrimary,paper
entity:artifact:2:203700,materialPrimary,paper
entity:artifact:2:203701,materialPrimary,metal
entity:artifact:2:203703,materialPrimary,earthenware
entity:artifact:2:203704,materialPrimary,earthenware
entity:artifact:2:203705,materialPrimary,earthenware
entity:artifact:2:203707,materialPrimary,silk
entity:artifact:2:203714,materialPrimary,nephrite
entity:artifact:2:203716,materialPrimary,nephrite
entity:artifact:2:203717,materialPrimary,nephrite
entity:artifact:2:203718,materialPrimary,earthenware
entity:artifact:2:203719,materialPrimary,lacquer
entity:artifact:2:203721,materialPrimary,ceramic
entity:artifact:2:203722,materialPrimary,ceramic
entity:artifact:2:203723,materialPrimary,ceramic
entity:artifact:2:203728,materialPrimary,earthenware
entity:artifact:2:203729,materialPrimary,earthenware
entity:artifact:2:203730,materialPrimary,paper
entity:artifact:2:203734,materialPrimary,stone
entity:artifact:2:203748,materialPrimary,earthenware
entity:artifact:2:203749,materialPrimary,earthenware
entity:artifact:2:203750,materialPrimary,earthenware
entity:artifact:2:203753,materialPrimary,ceramic
entity:artifact:2:203754,materialPrimary,ceramic
entity:artifact:2:203757,materialPrimary,ceramic
entity:artifact:2:203758,materialPrimary,ceramic
entity:artifact:2:203759,materialPrimary,ceramic
entity:artifact:2:203760,materialPrimary,ceramic
entity:artifact:2:203761,materialPrimary,paper
entity:artifact:2:203765,materialPrimary,ceramic
entity:artifact:2:203780,materialPrimary,earthenware
entity:artifact:2:203781,materialPrimary,earthenware
entity:artifact:2:203782,materialPrimary,earthenware
entity:artifact:2:203783,materialPrimary,bronze
entity:artifact:2:203784,materialPrimary,bronze
entity:artifact:2:203785,materialPrimary,pigment
entity:artifact:2:203788,materialPrimary,bronze
entity:artifact:2:203789,materialPrimary,bronze
entity:artifact:2:203790,materialPrimary,silk
entity:artifact:2:203792,materialPrimary,earthenware
entity:artifact:2:203799,materialPrimary,earthenware
entity:artifact:2:203800,materialPrimary,porcelain
entity:artifact:2:203801,materialPrimary,porcelain
entity:artifact:2:203802,materialPrimary,porcelain
entity:artifact:2:203803,materialPrimary,earthenware
entity:artifact:2:203804,materialPrimary,porcelain
entity:artifact:2:203805,materialPrimary,porcelain
entity:artifact:2:203806,materialPrimary,porcelain
entity:artifact:2:203807,materialPrimary,porcelain
entity:artifact:2:203808,materialPrimary,porcelain
entity:artifact:2:203814,materialPrimary,porcelain
entity:artifact:2:203815,materialPrimary,porcelain
entity:artifact:2:203816,materialPrimary,porcelain
entity:artifact:2:203817,materialPrimary,porcelain
entity:artifact:2:203818,materialPrimary,porcelain
entity:artifact:2:203819,materialPrimary,porcelain
entity:artifact:2:203820,materialPrimary,porcelain
entity:artifact:2:203821,materialPrimary,porcelain
entity:artifact:2:203822,materialPrimary,porcelain
entity:artifact:2:203823,materialPrimary,earthenware
entity:artifact:2:203824,materialPrimary,earthenware
entity:artifact:2:203825,materialPrimary,porcelain
entity:artifact:2:203829,materialPrimary,silk
entity:artifact:2:203831,materialPrimary,earthenware
entity:artifact:2:203832,materialPrimary,porcelain
entity:artifact:2:203833,materialPrimary,porcelain
entity:artifact:2:203834,materialPrimary,porcelain
entity:artifact:2:203835,materialPrimary,porcelain
entity:artifact:2:203836,materialPrimary,porcelain
entity:artifact:2:203837,materialPrimary,porcelain
entity:artifact:2:203838,materialPrimary,earthenware
entity:artifact:2:203839,materialPrimary,porcelain
entity:artifact:2:203840,materialPrimary,earthenware
entity:artifact:2:203842,materialPrimary,porcelain
entity:artifact:2:203843,materialPrimary,porcelain
entity:artifact:2:203844,materialPrimary,porcelain
entity:artifact:2:203845,materialPrimary,porcelain
entity:artifact:2:203846,materialPrimary,porcelain
entity:artifact:2:203847,materialPrimary,porcelain
entity:artifact:2:203861,materialPrimary,wood
entity:artifact:2:203863,materialPrimary,silver
entity:artifact:2:203864,materialPrimary,earthenware
entity:artifact:2:203865,materialPrimary,wood
entity:artifact:2:203866,materialPrimary,bronze
entity:artifact:2:203867,materialPrimary,bronze
entity:artifact:2:203868,materialPrimary,earthenware
entity:artifact:2:203870,materialPrimary,bronze
entity:artifact:2:203872,materialPrimary,porcelain
entity:artifact:2:203873,materialPrimary,bronze
entity:artifact:2:203875,materialPrimary,porcelain
entity:artifact:2:203876,materialPrimary,porcelain
entity:artifact:2:203877,materialPrimary,porcelain
entity:artifact:2:203878,materialPrimary,porcelain
entity:artifact:2:203879,materialPrimary,porcelain
entity:artifact:2:203880,materialPrimary,porcelain
entity:artifact:2:203881,materialPrimary,porcelain
entity:artifact:2:203882,materialPrimary,porcelain
entity:artifact:2:203884,materialPrimary,porcelain
entity:artifact:2:203885,materialPrimary,porcelain
entity:artifact:2:203886,materialPrimary,porcelain
entity:artifact:2:203887,materialPrimary,porcelain
entity:artifact:2:203888,materialPrimary,porcelain
entity:artifact:2:203889,materialPrimary,porcelain
entity:artifact:2:203890,materialPrimary,porcelain
entity:artifact:2:203892,materialPrimary,bronze
entity:artifact:2:203893,materialPrimary,metal
entity:artifact:2:203894,materialPrimary,bronze
entity:artifact:2:203895,materialPrimary,rhinoceros horn
entity:artifact:2:203896,materialPrimary,rhinoceros horn
entity:artifact:2:203898,materialPrimary,lacquer
entity:artifact:2:203899,materialPrimary,horn
entity:artifact:2:203900,materialPrimary,horn
entity:artifact:2:203901,materialPrimary,horn
entity:artifact:2:203904,materialPrimary,rhinoceros horn
entity:artifact:2:203905,materialPrimary,metal
entity:artifact:2:203906,materialPrimary,rhinoceros horn
entity:artifact:2:203907,materialPrimary,horn
entity:artifact:2:203908,materialPrimary,rhinoceros horn
entity:artifact:2:203909,materialPrimary,rhinoceros horn
entity:artifact:2:203910,materialPrimary,rhinoceros horn
entity:artifact:2:203911,materialPrimary,earthenware
entity:artifact:2:203912,materialPrimary,earthenware
entity:artifact:2:203913,materialPrimary,earthenware
entity:artifact:2:203914,materialPrimary,earthenware
entity:artifact:2:203915,materialPrimary,earthenware
entity:artifact:2:203916,materialPrimary,porcelain
entity:artifact:2:203917,materialPrimary,porcelain
entity:artifact:2:203918,materialPrimary,porcelain
entity:artifact:2:203919,materialPrimary,porcelain
entity:artifact:2:203920,materialPrimary,porcelain
entity:artifact:2:203921,materialPrimary,porcelain
entity:artifact:2:203922,materialPrimary,porcelain
entity:artifact:2:203926,materialPrimary,porcelain
entity:artifact:2:203927,materialPrimary,porcelain
entity:artifact:2:203928,materialPrimary,porcelain
entity:artifact:2:203929,materialPrimary,porcelain
entity:artifact:2:203942,materialPrimary,jade
entity:artifact:2:203943,materialPrimary,rhinoceros horn
entity:artifact:2:203944,materialPrimary,bronze
entity:artifact:2:203945,materialPrimary,bronze
entity:artifact:2:203946,materialPrimary,bronze
entity:artifact:2:203947,materialPrimary,bronze
entity:artifact:2:203950,materialPrimary,earthenware
entity:artifact:2:203951,materialPrimary,stone
entity:artifact:2:203953,materialPrimary,porcelain
entity:artifact:2:203956,materialPrimary,porcelain
entity:artifact:2:203969,materialPrimary,earthenware
entity:artifact:2:203971,materialPrimary,porcelain
entity:artifact:2:203973,materialPrimary,rhinoceros horn
entity:artifact:2:203974,materialPrimary,horn
entity:artifact:2:203975,materialPrimary,horn
entity:artifact:2:203977,materialPrimary,horn
entity:artifact:2:203978,materialPrimary,horn
entity:artifact:2:203979,materialPrimary,bronze
entity:artifact:2:203980,materialPrimary,bronze
entity:artifact:2:203981,materialPrimary,bronze
entity:artifact:2:203982,materialPrimary,bronze
entity:artifact:2:203983,materialPrimary,bronze
entity:artifact:2:203984,materialPrimary,porcelain
entity:artifact:2:203985,materialPrimary,bronze
entity:artifact:2:203986,materialPrimary,bronze
entity:artifact:2:203987,materialPrimary,bronze
entity:artifact:2:203988,materialPrimary,bronze
entity:artifact:2:203989,materialPrimary,bronze
entity:artifact:2:203990,materialPrimary,bronze
entity:artifact:2:203991,materialPrimary,bronze
entity:artifact:2:203992,materialPrimary,bronze
entity:artifact:2:203993,materialPrimary,stone
entity:artifact:2:203994,materialPrimary,bronze
entity:artifact:2:203995,materialPrimary,bronze
entity:artifact:2:203996,materialPrimary,stone
entity:artifact:2:203997,materialPrimary,stone
entity:artifact:2:203998,materialPrimary,stone
entity:artifact:2:203999,materialPrimary,stone
entity:artifact:2:204002,materialPrimary,earthenware
entity:artifact:2:204003,materialPrimary,stone
entity:artifact:2:204004,materialPrimary,bronze
entity:artifact:2:204005,materialPrimary,bronze
entity:artifact:2:204006,materialPrimary,bronze
entity:artifact:2:204007,materialPrimary,bronze
entity:artifact:2:204008,materialPrimary,bronze
entity:artifact:2:204009,materialPrimary,bronze
entity:artifact:2:204013,materialPrimary,bone
entity:artifact:2:204015,materialPrimary,earthenware
entity:artifact:2:204016,materialPrimary,bronze
entity:artifact:2:204025,materialPrimary,stone
entity:artifact:2:204032,materialPrimary,earthenware
entity:artifact:2:204033,materialPrimary,pigment
entity:artifact:2:204034,materialPrimary,earthenware
entity:artifact:2:204035,materialPrimary,stone
entity:artifact:2:204036,materialPrimary,bronze
entity:artifact:2:204037,materialPrimary,earthenware
entity:artifact:2:204038,materialPrimary,earthenware
entity:artifact:2:204040,materialPrimary,nephrite
entity:artifact:2:204041,materialPrimary,bronze
entity:artifact:2:204042,materialPrimary,stone
entity:artifact:2:204043,materialPrimary,stone
entity:artifact:2:204044,materialPrimary,stone
entity:artifact:2:204045,materialPrimary,stone
entity:artifact:2:204046,materialPrimary,stone
entity:artifact:2:204047,materialPrimary,stone
entity:artifact:2:204049,materialPrimary,stone
entity:artifact:2:204050,materialPrimary,stone
entity:artifact:2:204051,materialPrimary,stone
entity:artifact:2:204052,materialPrimary,stone
entity:artifact:2:204066,materialPrimary,bronze
entity:artifact:2:204067,materialPrimary,bronze
entity:artifact:2:204068,materialPrimary,bronze
entity:artifact:2:204069,materialPrimary,stone
entity:artifact:2:204070,materialPrimary,bronze
entity:artifact:2:204071,materialPrimary,bronze
entity:artifact:2:204073,materialPrimary,bronze
entity:artifact:2:204074,materialPrimary,bronze
entity:artifact:2:204075,materialPrimary,bronze
entity:artifact:2:204076,materialPrimary,bronze
entity:artifact:2:204077,materialPrimary,bronze
entity:artifact:2:204078,materialPrimary,bronze
entity:artifact:2:204079,materialPrimary,earthenware
entity:artifact:2:204080,materialPrimary,porcelain
entity:artifact:2:204081,materialPrimary,bronze
entity:artifact:2:204082,materialPrimary,gold
entity:artifact:2:204083,materialPrimary,gold
entity:artifact:2:204084,materialPrimary,gold
entity:artifact:2:204086,materialPrimary,bronze
entity:artifact:2:204087,materialPrimary,bronze
entity:artifact:2:204088,materialPrimary,bronze
entity:artifact:2:204089,materialPrimary,bronze
entity:artifact:2:204090,materialPrimary,bronze
entity:artifact:2:204091,materialPrimary,bronze
entity:artifact:2:204092,materialPrimary,bronze
entity:artifact:2:204093,materialPrimary,bronze
entity:artifact:2:204094,materialPrimary,bronze
entity:artifact:2:204102,materialPrimary,bronze
entity:artifact:2:204103,materialPrimary,bronze
entity:artifact:2:204104,materialPrimary,paper
entity:artifact:2:204107,materialPrimary,bronze
entity:artifact:2:204113,materialPrimary,metal
entity:artifact:2:204114,materialPrimary,metal
entity:artifact:2:204115,materialPrimary,bronze
entity:artifact:2:204116,materialPrimary,bronze
entity:artifact:2:204117,materialPrimary,bronze
entity:artifact:2:204118,materialPrimary,bronze
entity:artifact:2:204119,materialPrimary,iron
entity:artifact:2:204120,materialPrimary,stone
entity:artifact:2:204121,materialPrimary,stone
entity:artifact:2:204122,materialPrimary,stone
entity:artifact:2:204124,materialPrimary,stone
entity:artifact:2:204125,materialPrimary,stone
entity:artifact:2:204126,materialPrimary,earthenware
entity:artifact:2:204127,materialPrimary,porcelain
entity:artifact:2:204130,materialPrimary,bronze
entity:artifact:2:204131,materialPrimary,bronze
entity:artifact:2:204132,materialPrimary,stone
entity:artifact:2:204133,materialPrimary,stone
entity:artifact:2:204134,materialPrimary,bronze
entity:artifact:2:204138,materialPrimary,stone
entity:artifact:2:204139,materialPrimary,stone
entity:artifact:2:204140,materialPrimary,stone
entity:artifact:2:204141,materialPrimary,stone
entity:artifact:2:204147,materialPrimary,porcelain
entity:artifact:2:204149,materialPrimary,porcelain
entity:artifact:2:204150,materialPrimary,ivory
entity:artifact:2:204151,materialPrimary,wood
entity:artifact:2:204152,materialPrimary,stone
entity:artifact:2:204153,materialPrimary,stone
entity:artifact:2:204154,materialPrimary,earthenware
entity:artifact:2:204155,materialPrimary,earthenware
entity:artifact:2:204156,materialPrimary,wood
entity:artifact:2:204162,materialPrimary,bronze
entity:artifact:2:204163,materialPrimary,bronze
entity:artifact:2:204164,materialPrimary,bronze
entity:artifact:2:204167,materialPrimary,bronze
entity:artifact:2:204168,materialPrimary,bronze
entity:artifact:2:204169,materialPrimary,bronze
entity:artifact:2:204175,materialPrimary,earthenware
entity:artifact:2:204176,materialPrimary,earthenware
entity:artifact:2:204177,materialPrimary,pigment
entity:artifact:2:204178,materialPrimary,earthenware
entity:artifact:2:204181,materialPrimary,ceramic
entity:artifact:2:204182,materialPrimary,ceramic
entity:artifact:2:204183,materialPrimary,ceramic
entity:artifact:2:204184,materialPrimary,ceramic
entity:artifact:2:204185,materialPrimary,ceramic
entity:artifact:2:204186,materialPrimary,earthenware
entity:artifact:2:204196,materialPrimary,textile
entity:artifact:2:204197,materialPrimary,textile
entity:artifact:2:204198,materialPrimary,bronze
entity:artifact:2:204199,materialPrimary,bronze
entity:artifact:2:204200,materialPrimary,bronze
entity:artifact:2:204203,materialPrimary,ceramic
entity:artifact:2:204207,materialPrimary,earthenware
entity:artifact:2:204208,materialPrimary,earthenware
entity:artifact:2:204209,materialPrimary,ceramic
entity:artifact:2:204210,materialPrimary,ceramic
entity:artifact:2:204211,materialPrimary,bronze
entity:artifact:2:204212,materialPrimary,bronze
entity:artifact:2:204213,materialPrimary,bronze
entity:artifact:2:204214,materialPrimary,bronze
entity:artifact:2:204217,materialPrimary,textile
entity:artifact:2:204219,materialPrimary,textile
entity:artifact:2:204220,materialPrimary,textile
entity:artifact:2:204228,materialPrimary,earthenware
entity:artifact:2:204232,materialPrimary,bronze
entity:artifact:2:204233,materialPrimary,bronze
entity:artifact:2:204234,materialPrimary,bronze
entity:artifact:2:204235,materialPrimary,stone
entity:artifact:2:204236,materialPrimary,stone
entity:artifact:2:204237,materialPrimary,stone
entity:artifact:2:204238,materialPrimary,nephrite
entity:artifact:2:204239,materialPrimary,nephrite
entity:artifact:2:204240,materialPrimary,nephrite
entity:artifact:2:204242,materialPrimary,bronze
entity:artifact:2:204243,materialPrimary,bronze
entity:artifact:2:204244,materialPrimary,bronze
entity:artifact:2:204245,materialPrimary,bronze
entity:artifact:2:204246,materialPrimary,bronze
entity:artifact:2:204247,materialPrimary,gold
entity:artifact:2:204248,materialPrimary,stone
entity:artifact:2:204249,materialPrimary,stone
entity:artifact:2:204250,materialPrimary,stone
entity:artifact:2:204251,materialPrimary,stone
entity:artifact:2:204252,materialPrimary,bronze
entity:artifact:2:204253,materialPrimary,bronze
entity:artifact:2:204254,materialPrimary,bronze
entity:artifact:2:204255,materialPrimary,bronze
entity:artifact:2:204258,materialPrimary,wood
entity:artifact:2:204259,materialPrimary,bronze
entity:artifact:2:204260,materialPrimary,bronze
entity:artifact:2:204261,materialPrimary,stone
entity:artifact:2:204262,materialPrimary,stone
entity:artifact:2:204265,materialPrimary,bronze
entity:artifact:2:204266,materialPrimary,nephrite
entity:artifact:2:204267,materialPrimary,nephrite
entity:artifact:2:204268,materialPrimary,nephrite
entity:artifact:2:204269,materialPrimary,bronze
entity:artifact:2:204270,materialPrimary,bronze
entity:artifact:2:204271,materialPrimary,bronze
entity:artifact:2:204272,materialPrimary,bronze
entity:artifact:2:204273,materialPrimary,bronze
entity:artifact:2:204274,materialPrimary,bronze
entity:artifact:2:204275,materialPrimary,bronze
entity:artifact:2:204276,materialPrimary,bronze
entity:artifact:2:204277,materialPrimary,bronze
entity:artifact:2:204278,materialPrimary,bronze
entity:artifact:2:204279,materialPrimary,bronze
entity:artifact:2:204280,materialPrimary,bronze
entity:artifact:2:204281,materialPrimary,bronze
entity:artifact:2:204282,materialPrimary,nephrite
entity:artifact:2:204283,materialPrimary,bronze
entity:artifact:2:204284,materialPrimary,paper
entity:artifact:2:204285,materialPrimary,stone
entity:artifact:2:204286,materialPrimary,stone
entity:artifact:2:204287,materialPrimary,nephrite
entity:artifact:2:204288,materialPrimary,nephrite
entity:artifact:2:204289,materialPrimary,bronze
entity:artifact:2:204290,materialPrimary,bronze
entity:artifact:2:204292,materialPrimary,stone
entity:artifact:2:204293,materialPrimary,nephrite
entity:artifact:2:204294,materialPrimary,nephrite
entity:artifact:2:204295,materialPrimary,nephrite
entity:artifact:2:204296,materialPrimary,bronze
entity:artifact:2:204297,materialPrimary,bronze
entity:artifact:2:204298,materialPrimary,bronze
entity:artifact:2:204299,materialPrimary,bronze
entity:artifact:2:204300,materialPrimary,bronze
entity:artifact:2:204301,materialPrimary,bronze
entity:artifact:2:204302,materialPrimary,bronze
entity:artifact:2:204303,materialPrimary,bronze
entity:artifact:2:204304,materialPrimary,bronze
entity:artifact:2:204305,materialPrimary,bronze
entity:artifact:2:204306,materialPrimary,bronze
entity:artifact:2:204307,materialPrimary,bronze
entity:artifact:2:204308,materialPrimary,bronze
entity:artifact:2:204309,materialPrimary,bronze
entity:artifact:2:204310,materialPrimary,bronze
entity:artifact:2:204311,materialPrimary,bronze
entity:artifact:2:204312,materialPrimary,bronze
entity:artifact:2:204313,materialPrimary,bronze
entity:artifact:2:204314,materialPrimary,bronze
entity:artifact:2:204315,materialPrimary,bronze
entity:artifact:2:204316,materialPrimary,bronze
entity:artifact:2:204317,materialPrimary,bronze
entity:artifact:2:204319,materialPrimary,stone
entity:artifact:2:204320,materialPrimary,stone
entity:artifact:2:204322,materialPrimary,bronze
entity:artifact:2:204324,materialPrimary,earthenware
entity:artifact:2:204325,materialPrimary,earthenware
entity:artifact:2:204326,materialPrimary,earthenware
entity:artifact:2:204327,materialPrimary,earthenware
entity:artifact:2:204328,materialPrimary,earthenware
entity:artifact:2:204343,materialPrimary,bronze
entity:artifact:2:204344,materialPrimary,bronze
entity:artifact:2:204345,materialPrimary,bronze
entity:artifact:2:204346,materialPrimary,bronze
entity:artifact:2:204347,materialPrimary,bronze
entity:artifact:2:204348,materialPrimary,bronze
entity:artifact:2:204349,materialPrimary,bronze
entity:artifact:2:204350,materialPrimary,bronze
entity:artifact:2:204351,materialPrimary,bronze
entity:artifact:2:204352,materialPrimary,stone
entity:artifact:2:204353,materialPrimary,stone
entity:artifact:2:204354,materialPrimary,stone
entity:artifact:2:204355,materialPrimary,stone
entity:artifact:2:204356,materialPrimary,bronze
entity:artifact:2:204357,materialPrimary,bronze
entity:artifact:2:204358,materialPrimary,bronze
entity:artifact:2:204359,materialPrimary,bronze
entity:artifact:2:204360,materialPrimary,bronze
entity:artifact:2:204361,materialPrimary,bronze
entity:artifact:2:204362,materialPrimary,bronze
entity:artifact:2:204363,materialPrimary,stone
entity:artifact:2:204364,materialPrimary,stone
entity:artifact:2:204365,materialPrimary,stone
entity:artifact:2:204366,materialPrimary,bronze
entity:artifact:2:204367,materialPrimary,bronze
entity:artifact:2:204368,materialPrimary,bronze
entity:artifact:2:204374,materialPrimary,earthenware
entity:artifact:2:204375,materialPrimary,porcelain
entity:artifact:2:204376,materialPrimary,earthenware
entity:artifact:2:204377,materialPrimary,ceramic
entity:artifact:2:204378,materialPrimary,lacquer
entity:artifact:2:204379,materialPrimary,metal
entity:artifact:2:204381,materialPrimary,bone
entity:artifact:2:204383,materialPrimary,metal
entity:artifact:2:204384,materialPrimary,earthenware
entity:artifact:2:204386,materialPrimary,bronze
entity:artifact:2:204387,materialPrimary,bronze
entity:artifact:2:204388,materialPrimary,bronze
entity:artifact:2:204389,materialPrimary,nephrite
entity:artifact:2:204390,materialPrimary,bronze
entity:artifact:2:204392,materialPrimary,nephrite
entity:artifact:2:204393,materialPrimary,bronze
entity:artifact:2:204394,materialPrimary,bronze
entity:artifact:2:204395,materialPrimary,bronze
entity:artifact:2:204396,materialPrimary,gold
entity:artifact:2:204398,materialPrimary,stone
entity:artifact:2:204399,materialPrimary,bronze
entity:artifact:2:204400,materialPrimary,bronze
entity:artifact:2:204401,materialPrimary,bronze
entity:artifact:2:204402,materialPrimary,porcelain
entity:artifact:2:204403,materialPrimary,porcelain
entity:artifact:2:204407,materialPrimary,earthenware
entity:artifact:2:204408,materialPrimary,porcelain
entity:artifact:2:204409,materialPrimary,earthenware
entity:artifact:2:204410,materialPrimary,bamboo
entity:artifact:2:204412,materialPrimary,bronze
entity:artifact:2:204413,materialPrimary,earthenware
entity:artifact:2:204414,materialPrimary,bronze
entity:artifact:2:204415,materialPrimary,bronze
entity:artifact:2:204416,materialPrimary,nephrite
entity:artifact:2:204417,materialPrimary,bronze
entity:artifact:2:204418,materialPrimary,bronze
entity:artifact:2:204421,materialPrimary,bronze
entity:artifact:2:204422,materialPrimary,stone
entity:artifact:2:204423,materialPrimary,stone
entity:artifact:2:204424,materialPrimary,stone
entity:artifact:2:204425,materialPrimary,stone
entity:artifact:2:204426,materialPrimary,stone
entity:artifact:2:204427,materialPrimary,stone
entity:artifact:2:204429,materialPrimary,stone
entity:artifact:2:204430,materialPrimary,stone
entity:artifact:2:204431,materialPrimary,stone
entity:artifact:2:204432,materialPrimary,stone
entity:artifact:2:204434,materialPrimary,bronze
entity:artifact:2:204435,materialPrimary,bronze
entity:artifact:2:204436,materialPrimary,bronze
entity:artifact:2:204440,materialPrimary,stone
entity:artifact:2:204441,materialPrimary,stone
entity:artifact:2:204442,materialPrimary,bronze
entity:artifact:2:204443,materialPrimary,bronze
entity:artifact:2:204444,materialPrimary,bronze
entity:artifact:2:204445,materialPrimary,bronze
entity:artifact:2:204447,materialPrimary,bronze
entity:artifact:2:204448,materialPrimary,bronze
entity:artifact:2:204449,materialPrimary,bronze
entity:artifact:2:204450,materialPrimary,bronze
entity:artifact:2:204451,materialPrimary,bronze
entity:artifact:2:204452,materialPrimary,bronze
entity:artifact:2:204455,materialPrimary,bronze
entity:artifact:2:204457,materialPrimary,bronze
entity:artifact:2:204458,materialPrimary,stone
entity:artifact:2:204459,materialPrimary,stone
entity:artifact:2:204460,materialPrimary,gold
entity:artifact:2:204461,materialPrimary,bronze
entity:artifact:2:204462,materialPrimary,bronze
entity:artifact:2:204463,materialPrimary,bronze
entity:artifact:2:204464,materialPrimary,bronze
entity:artifact:2:204465,materialPrimary,bronze
entity:artifact:2:204466,materialPrimary,bronze
entity:artifact:2:204467,materialPrimary,shell
entity:artifact:2:204468,materialPrimary,stone
entity:artifact:2:204469,materialPrimary,nephrite
entity:artifact:2:204470,materialPrimary,nephrite
entity:artifact:2:204471,materialPrimary,stone
entity:artifact:2:204473,materialPrimary,bronze
entity:artifact:2:204474,materialPrimary,bronze
entity:artifact:2:204475,materialPrimary,bronze
entity:artifact:2:204476,materialPrimary,bronze
entity:artifact:2:204477,materialPrimary,nephrite
entity:artifact:2:204478,materialPrimary,bronze
entity:artifact:2:204479,materialPrimary,bronze
entity:artifact:2:204480,materialPrimary,jade
entity:artifact:2:204481,materialPrimary,nephrite
entity:artifact:2:204482,materialPrimary,nephrite
entity:artifact:2:204483,materialPrimary,nephrite
entity:artifact:2:204484,materialPrimary,nephrite
entity:artifact:2:204485,materialPrimary,nephrite
entity:artifact:2:204486,materialPrimary,stone
entity:artifact:2:204487,materialPrimary,nephrite
entity:artifact:2:204488,materialPrimary,nephrite
entity:artifact:2:204489,materialPrimary,nephrite
entity:artifact:2:204490,materialPrimary,nephrite
entity:artifact:2:204491,materialPrimary,nephrite
entity:artifact:2:204492,materialPrimary,porcelain
entity:artifact:2:204493,materialPrimary,porcelain
entity:artifact:2:204495,materialPrimary,stone
entity:artifact:2:204496,materialPrimary,porcelain
entity:artifact:2:204497,materialPrimary,porcelain
entity:artifact:2:204498,materialPrimary,stone
entity:artifact:2:204499,materialPrimary,pigment
entity:artifact:2:204501,materialPrimary,nephrite
entity:artifact:2:204502,materialPrimary,jade
entity:artifact:2:204503,materialPrimary,jade
entity:artifact:2:204504,materialPrimary,gold
entity:artifact:2:204506,materialPrimary,bronze
entity:artifact:2:204507,materialPrimary,bronze
entity:artifact:2:204508,materialPrimary,porcelain
entity:artifact:2:204509,materialPrimary,porcelain
entity:artifact:2:204510,materialPrimary,porcelain
entity:artifact:2:204511,materialPrimary,porcelain
entity:artifact:2:204512,materialPrimary,nephrite
entity:artifact:2:204513,materialPrimary,nephrite
entity:artifact:2:204514,materialPrimary,porcelain
entity:artifact:2:204515,materialPrimary,porcelain
entity:artifact:2:204517,materialPrimary,porcelain
entity:artifact:2:204521,materialPrimary,stone
entity:artifact:2:204522,materialPrimary,stone
entity:artifact:2:204523,materialPrimary,stone
entity:artifact:2:204524,materialPrimary,nephrite
entity:artifact:2:204525,materialPrimary,nephrite
entity:artifact:2:204526,materialPrimary,nephrite
entity:artifact:2:204527,materialPrimary,stone
entity:artifact:2:204528,materialPrimary,nephrite
entity:artifact:2:204529,materialPrimary,nephrite
entity:artifact:2:204530,materialPrimary,stone
entity:artifact:2:204531,materialPrimary,nephrite
entity:artifact:2:204532,materialPrimary,nephrite
entity:artifact:2:204533,materialPrimary,porcelain
entity:artifact:2:204534,materialPrimary,nephrite
entity:artifact:2:204535,materialPrimary,nephrite
entity:artifact:2:204536,materialPrimary,nephrite
entity:artifact:2:204537,materialPrimary,stone
entity:artifact:2:204538,materialPrimary,jade
entity:artifact:2:204539,materialPrimary,stone
entity:artifact:2:204540,materialPrimary,nephrite
entity:artifact:2:204541,materialPrimary,nephrite
entity:artifact:2:204542,materialPrimary,stone
entity:artifact:2:204543,materialPrimary,nephrite
entity:artifact:2:204544,materialPrimary,nephrite
entity:artifact:2:204545,materialPrimary,nephrite
entity:artifact:2:204546,materialPrimary,stone
entity:artifact:2:204547,materialPrimary,porcelain
entity:artifact:2:204548,materialPrimary,nephrite
entity:artifact:2:204549,materialPrimary,nephrite
entity:artifact:2:204550,materialPrimary,bronze
entity:artifact:2:204552,materialPrimary,nephrite
entity:artifact:2:204553,materialPrimary,porcelain
entity:artifact:2:204554,materialPrimary,nephrite
entity:artifact:2:204555,materialPrimary,nephrite
entity:artifact:2:204557,materialPrimary,bronze
entity:artifact:2:204558,materialPrimary,bronze
entity:artifact:2:204559,materialPrimary,bronze
entity:artifact:2:204560,materialPrimary,bronze
entity:artifact:2:204561,materialPrimary,bronze
entity:artifact:2:204562,materialPrimary,bronze
entity:artifact:2:204563,materialPrimary,bronze
entity:artifact:2:204564,materialPrimary,bronze
entity:artifact:2:204565,materialPrimary,bronze
entity:artifact:2:204566,materialPrimary,bronze
entity:artifact:2:204567,materialPrimary,bronze
entity:artifact:2:204568,materialPrimary,stone
entity:artifact:2:204569,materialPrimary,nephrite
entity:artifact:2:204570,materialPrimary,stone
entity:artifact:2:204571,materialPrimary,nephrite
entity:artifact:2:204572,materialPrimary,nephrite
entity:artifact:2:204573,materialPrimary,nephrite
entity:artifact:2:204574,materialPrimary,nephrite
entity:artifact:2:204575,materialPrimary,nephrite
entity:artifact:2:204576,materialPrimary,nephrite
entity:artifact:2:204577,materialPrimary,nephrite
entity:artifact:2:204578,materialPrimary,stone
entity:artifact:2:204579,materialPrimary,stone
entity:artifact:2:204580,materialPrimary,nephrite
entity:artifact:2:204581,materialPrimary,stone
entity:artifact:2:204582,materialPrimary,nephrite
entity:artifact:2:204583,materialPrimary,nephrite
entity:artifact:2:204584,materialPrimary,nephrite
entity:artifact:2:204585,materialPrimary,nephrite
entity:artifact:2:204586,materialPrimary,stone
entity:artifact:2:204587,materialPrimary,bronze
entity:artifact:2:204588,materialPrimary,bronze
entity:artifact:2:204589,materialPrimary,bronze
entity:artifact:2:204590,materialPrimary,porcelain
entity:artifact:2:204591,materialPrimary,bronze
entity:artifact:2:204592,materialPrimary,bronze
entity:artifact:2:204593,materialPrimary,bronze
entity:artifact:2:204594,materialPrimary,bronze
entity:artifact:2:204595,materialPrimary,bronze
entity:artifact:2:204596,materialPrimary,wood
entity:artifact:2:204597,materialPrimary,bronze
entity:artifact:2:204598,materialPrimary,bronze
entity:artifact:2:204599,materialPrimary,nephrite
entity:artifact:2:204600,materialPrimary,nephrite
entity:artifact:2:204602,materialPrimary,glass
entity:artifact:2:204603,materialPrimary,nephrite
entity:artifact:2:204604,materialPrimary,nephrite
entity:artifact:2:204605,materialPrimary,stone
entity:artifact:2:204606,materialPrimary,stone
entity:artifact:2:204607,materialPrimary,jade
entity:artifact:2:204608,materialPrimary,nephrite
entity:artifact:2:204609,materialPrimary,porcelain
entity:artifact:2:204610,materialPrimary,nephrite
entity:artifact:2:204611,materialPrimary,stone
entity:artifact:2:204612,materialPrimary,nephrite
entity:artifact:2:204613,materialPrimary,bronze
entity:artifact:2:204614,materialPrimary,bronze
entity:artifact:2:204615,materialPrimary,bronze
entity:artifact:2:204616,materialPrimary,bronze
entity:artifact:2:204617,materialPrimary,bronze
entity:artifact:2:204618,materialPrimary,bronze
entity:artifact:2:204619,materialPrimary,bronze
entity:artifact:2:204620,materialPrimary,bronze
entity:artifact:2:204621,materialPrimary,bronze
entity:artifact:2:204622,materialPrimary,bronze
entity:artifact:2:204623,materialPrimary,bronze
entity:artifact:2:204624,materialPrimary,bronze
entity:artifact:2:204625,materialPrimary,stone
entity:artifact:2:204626,materialPrimary,bronze
entity:artifact:2:204627,materialPrimary,bronze
entity:artifact:2:204628,materialPrimary,stone
entity:artifact:2:204630,materialPrimary,nephrite
entity:artifact:2:204631,materialPrimary,nephrite
entity:artifact:2:204632,materialPrimary,nephrite
entity:artifact:2:204633,materialPrimary,bronze
entity:artifact:2:204634,materialPrimary,bronze
entity:artifact:2:204635,materialPrimary,bronze
entity:artifact:2:204636,materialPrimary,bronze
entity:artifact:2:204637,materialPrimary,bronze
entity:artifact:2:204638,materialPrimary,bronze
entity:artifact:2:204639,materialPrimary,bronze
entity:artifact:2:204640,materialPrimary,bronze
entity:artifact:2:204641,materialPrimary,bronze
entity:artifact:2:204642,materialPrimary,bronze
entity:artifact:2:204643,materialPrimary,nephrite
entity:artifact:2:204644,materialPrimary,stone
entity:artifact:2:204645,materialPrimary,nephrite
entity:artifact:2:204646,materialPrimary,bronze
entity:artifact:2:204647,materialPrimary,bronze
entity:artifact:2:204648,materialPrimary,bronze
entity:artifact:2:204649,materialPrimary,bronze
entity:artifact:2:204650,materialPrimary,bronze
entity:artifact:2:204651,materialPrimary,bronze
entity:artifact:2:204652,materialPrimary,bronze
entity:artifact:2:204653,materialPrimary,nephrite
entity:artifact:2:204654,materialPrimary,textile
entity:artifact:2:204655,materialPrimary,bronze
entity:artifact:2:204656,materialPrimary,bronze
entity:artifact:2:204657,materialPrimary,bronze
entity:artifact:2:204658,materialPrimary,glass
entity:artifact:2:204659,materialPrimary,bronze
entity:artifact:2:204660,materialPrimary,bronze
entity:artifact:2:204661,materialPrimary,nephrite
entity:artifact:2:204662,materialPrimary,bronze
entity:artifact:2:204663,materialPrimary,nephrite
entity:artifact:2:204664,materialPrimary,nephrite
entity:artifact:2:204665,materialPrimary,nephrite
entity:artifact:2:204666,materialPrimary,stone
entity:artifact:2:204668,materialPrimary,nephrite
entity:artifact:2:204669,materialPrimary,bronze
entity:artifact:2:204670,materialPrimary,bronze
entity:artifact:2:204671,materialPrimary,bronze
entity:artifact:2:204673,materialPrimary,bronze
entity:artifact:2:204674,materialPrimary,bronze
entity:artifact:2:204675,materialPrimary,bronze
entity:artifact:2:204676,materialPrimary,iron
entity:artifact:2:204677,materialPrimary,bronze
entity:artifact:2:204678,materialPrimary,glass
entity:artifact:2:204679,materialPrimary,bronze
entity:artifact:2:204680,materialPrimary,bronze
entity:artifact:2:204681,materialPrimary,nephrite
entity:artifact:2:204682,materialPrimary,nephrite
entity:artifact:2:204683,materialPrimary,nephrite
entity:artifact:2:204684,materialPrimary,nephrite
entity:artifact:2:204685,materialPrimary,nephrite
entity:artifact:2:204686,materialPrimary,nephrite
entity:artifact:2:204687,materialPrimary,nephrite
entity:artifact:2:204688,materialPrimary,porcelain
entity:artifact:2:204689,materialPrimary,porcelain
entity:artifact:2:204690,materialPrimary,porcelain
entity:artifact:2:204691,materialPrimary,porcelain
entity:artifact:2:204692,materialPrimary,porcelain
entity:artifact:2:204693,materialPrimary,porcelain
entity:artifact:2:204694,materialPrimary,porcelain
entity:artifact:2:204695,materialPrimary,nephrite
entity:artifact:2:204696,materialPrimary,porcelain
entity:artifact:2:204697,materialPrimary,porcelain
entity:artifact:2:204702,materialPrimary,stone
entity:artifact:2:204703,materialPrimary,nephrite
entity:artifact:2:204704,materialPrimary,nephrite
entity:artifact:2:204705,materialPrimary,nephrite
entity:artifact:2:204706,materialPrimary,nephrite
entity:artifact:2:204707,materialPrimary,porcelain
entity:artifact:2:204708,materialPrimary,porcelain
entity:artifact:2:204709,materialPrimary,nephrite
entity:artifact:2:204710,materialPrimary,nephrite
entity:artifact:2:204711,materialPrimary,stone
entity:artifact:2:204712,materialPrimary,porcelain
entity:artifact:2:204714,materialPrimary,porcelain
entity:artifact:2:204715,materialPrimary,porcelain
entity:artifact:2:204716,materialPrimary,porcelain
entity:artifact:2:204717,materialPrimary,porcelain
entity:artifact:2:204718,materialPrimary,porcelain
entity:artifact:2:204719,materialPrimary,porcelain
entity:artifact:2:204720,materialPrimary,porcelain
entity:artifact:2:204721,materialPrimary,nephrite
entity:artifact:2:204722,materialPrimary,porcelain
entity:artifact:2:204723,materialPrimary,porcelain
entity:artifact:2:204724,materialPrimary,porcelain
entity:artifact:2:204725,materialPrimary,porcelain
entity:artifact:2:204726,materialPrimary,nephrite
entity:artifact:2:204727,materialPrimary,nephrite
entity:artifact:2:204728,materialPrimary,nephrite
entity:artifact:2:204729,materialPrimary,nephrite
entity:artifact:2:204730,materialPrimary,nephrite
entity:artifact:2:204731,materialPrimary,nephrite
entity:artifact:2:204732,materialPrimary,nephrite
entity:artifact:2:204733,materialPrimary,stone
entity:artifact:2:204734,materialPrimary,nephrite
entity:artifact:2:204735,materialPrimary,nephrite
entity:artifact:2:204736,materialPrimary,nephrite
entity:artifact:2:204737,materialPrimary,stone
entity:artifact:2:204738,materialPrimary,nephrite
entity:artifact:2:204739,materialPrimary,porcelain
entity:artifact:2:204740,materialPrimary,nephrite
entity:artifact:2:204741,materialPrimary,nephrite
entity:artifact:2:204742,materialPrimary,nephrite
entity:artifact:2:204743,materialPrimary,nephrite
entity:artifact:2:204744,materialPrimary,nephrite
entity:artifact:2:204745,materialPrimary,nephrite
entity:artifact:2:204746,materialPrimary,nephrite
entity:artifact:2:204747,materialPrimary,nephrite
entity:artifact:2:204748,materialPrimary,nephrite
entity:artifact:2:204749,materialPrimary,nephrite
entity:artifact:2:204750,materialPrimary,stone
entity:artifact:2:204751,materialPrimary,nephrite
entity:artifact:2:204752,materialPrimary,stone
entity:artifact:2:204753,materialPrimary,stone
entity:artifact:2:204754,materialPrimary,stone
entity:artifact:2:204755,materialPrimary,stone
entity:artifact:2:204756,materialPrimary,nephrite
entity:artifact:2:204757,materialPrimary,nephrite
entity:artifact:2:204758,materialPrimary,nephrite
entity:artifact:2:204759,materialPrimary,nephrite
entity:artifact:2:204760,materialPrimary,stone
entity:artifact:2:204761,materialPrimary,glass
entity:artifact:2:204762,materialPrimary,nephrite
entity:artifact:2:204763,materialPrimary,nephrite
entity:artifact:2:204764,materialPrimary,nephrite
entity:artifact:2:204765,materialPrimary,nephrite
entity:artifact:2:204766,materialPrimary,nephrite
entity:artifact:2:204767,materialPrimary,nephrite
entity:artifact:2:204768,materialPrimary,nephrite
entity:artifact:2:204769,materialPrimary,nephrite
entity:artifact:2:204770,materialPrimary,nephrite
entity:artifact:2:204771,materialPrimary,nephrite
entity:artifact:2:204772,materialPrimary,nephrite
entity:artifact:2:204773,materialPrimary,nephrite
entity:artifact:2:204774,materialPrimary,nephrite
entity:artifact:2:204775,materialPrimary,nephrite
entity:artifact:2:204776,materialPrimary,stone
entity:artifact:2:204777,materialPrimary,nephrite
entity:artifact:2:204778,materialPrimary,nephrite
entity:artifact:2:204779,materialPrimary,nephrite
entity:artifact:2:204780,materialPrimary,nephrite
entity:artifact:2:204781,materialPrimary,nephrite
entity:artifact:2:204782,materialPrimary,nephrite
entity:artifact:2:204783,materialPrimary,nephrite
entity:artifact:2:204784,materialPrimary,nephrite
entity:artifact:2:204785,materialPrimary,nephrite
entity:artifact:2:204786,materialPrimary,nephrite
entity:artifact:2:204787,materialPrimary,nephrite
entity:artifact:2:204788,materialPrimary,nephrite
entity:artifact:2:204789,materialPrimary,nephrite
entity:artifact:2:204790,materialPrimary,nephrite
entity:artifact:2:204791,materialPrimary,nephrite
entity:artifact:2:204792,materialPrimary,nephrite
entity:artifact:2:204793,materialPrimary,nephrite
entity:artifact:2:204794,materialPrimary,nephrite
entity:artifact:2:204795,materialPrimary,nephrite
entity:artifact:2:204796,materialPrimary,nephrite
entity:artifact:2:204797,materialPrimary,nephrite
entity:artifact:2:204798,materialPrimary,nephrite
entity:artifact:2:204799,materialPrimary,nephrite
entity:artifact:2:204800,materialPrimary,porcelain
entity:artifact:2:204801,materialPrimary,nephrite
entity:artifact:2:204802,materialPrimary,nephrite
entity:artifact:2:204803,materialPrimary,nephrite
entity:artifact:2:204804,materialPrimary,nephrite
entity:artifact:2:204805,materialPrimary,nephrite
entity:artifact:2:204806,materialPrimary,nephrite
entity:artifact:2:204807,materialPrimary,nephrite
entity:artifact:2:204808,materialPrimary,stone
entity:artifact:2:204809,materialPrimary,nephrite
entity:artifact:2:204810,materialPrimary,nephrite
entity:artifact:2:204811,materialPrimary,nephrite
entity:artifact:2:204812,materialPrimary,nephrite
entity:artifact:2:204813,materialPrimary,nephrite
entity:artifact:2:204814,materialPrimary,nephrite
entity:artifact:2:204815,materialPrimary,nephrite
entity:artifact:2:204816,materialPrimary,nephrite
entity:artifact:2:204817,materialPrimary,nephrite
entity:artifact:2:204818,materialPrimary,nephrite
entity:artifact:2:204819,materialPrimary,glass
entity:artifact:2:204820,materialPrimary,stone
entity:artifact:2:204821,materialPrimary,stone
entity:artifact:2:204822,materialPrimary,nephrite
entity:artifact:2:204823,materialPrimary,porcelain
entity:artifact:2:204824,materialPrimary,nephrite
entity:artifact:2:204825,materialPrimary,stone
entity:artifact:2:204826,materialPrimary,nephrite
entity:artifact:2:204827,materialPrimary,nephrite
entity:artifact:2:204828,materialPrimary,nephrite
entity:artifact:2:204829,materialPrimary,nephrite
entity:artifact:2:204830,materialPrimary,porcelain
entity:artifact:2:204831,materialPrimary,jade
entity:artifact:2:204832,materialPrimary,nephrite
entity:artifact:2:204833,materialPrimary,nephrite
entity:artifact:2:204834,materialPrimary,nephrite
entity:artifact:2:204835,materialPrimary,stone
entity:artifact:2:204836,materialPrimary,nephrite
entity:artifact:2:204837,materialPrimary,nephrite
entity:artifact:2:204838,materialPrimary,stone
entity:artifact:2:204839,materialPrimary,nephrite
entity:artifact:2:204840,materialPrimary,nephrite
entity:artifact:2:204841,materialPrimary,nephrite
entity:artifact:2:204842,materialPrimary,nephrite
entity:artifact:2:204843,materialPrimary,stone
entity:artifact:2:204844,materialPrimary,nephrite
entity:artifact:2:204845,materialPrimary,stone
entity:artifact:2:204846,materialPrimary,stone
entity:artifact:2:204848,materialPrimary,nephrite
entity:artifact:2:204849,materialPrimary,nephrite
entity:artifact:2:204850,materialPrimary,nephrite
entity:artifact:2:204851,materialPrimary,pigment
entity:artifact:2:204852,materialPrimary,nephrite
entity:artifact:2:204853,materialPrimary,nephrite
entity:artifact:2:204854,materialPrimary,nephrite
entity:artifact:2:204855,materialPrimary,stone
entity:artifact:2:204856,materialPrimary,nephrite
entity:artifact:2:204857,materialPrimary,nephrite
entity:artifact:2:204858,materialPrimary,porcelain
entity:artifact:2:204859,materialPrimary,nephrite
entity:artifact:2:204860,materialPrimary,porcelain
entity:artifact:2:204861,materialPrimary,nephrite
entity:artifact:2:204862,materialPrimary,nephrite
entity:artifact:2:204863,materialPrimary,nephrite
entity:artifact:2:204864,materialPrimary,glass
entity:artifact:2:204865,materialPrimary,porcelain
entity:artifact:2:204866,materialPrimary,nephrite
entity:artifact:2:204867,materialPrimary,nephrite
entity:artifact:2:204868,materialPrimary,nephrite
entity:artifact:2:204869,materialPrimary,nephrite
entity:artifact:2:204870,materialPrimary,nephrite
entity:artifact:2:204872,materialPrimary,nephrite
entity:artifact:2:204873,materialPrimary,nephrite
entity:artifact:2:204874,materialPrimary,nephrite
entity:artifact:2:204875,materialPrimary,nephrite
entity:artifact:2:204876,materialPrimary,nephrite
entity:artifact:2:204879,materialPrimary,stone
entity:artifact:2:204880,materialPrimary,nephrite
entity:artifact:2:204881,materialPrimary,nephrite
entity:artifact:2:204882,materialPrimary,nephrite
entity:artifact:2:204883,materialPrimary,nephrite
entity:artifact:2:204884,materialPrimary,nephrite
entity:artifact:2:204885,materialPrimary,nephrite
entity:artifact:2:204886,materialPrimary,nephrite
entity:artifact:2:204887,materialPrimary,nephrite
entity:artifact:2:204888,materialPrimary,nephrite
entity:artifact:2:204889,materialPrimary,porcelain
entity:artifact:2:204890,materialPrimary,nephrite
entity:artifact:2:204891,materialPrimary,stone
entity:artifact:2:204893,materialPrimary,nephrite
entity:artifact:2:204894,materialPrimary,porcelain
entity:artifact:2:204895,materialPrimary,nephrite
entity:artifact:2:204896,materialPrimary,nephrite
entity:artifact:2:204897,materialPrimary,stone
entity:artifact:2:204898,materialPrimary,nephrite
entity:artifact:2:204899,materialPrimary,nephrite
entity:artifact:2:204900,materialPrimary,nephrite
entity:artifact:2:204901,materialPrimary,nephrite
entity:artifact:2:204902,materialPrimary,nephrite
entity:artifact:2:204903,materialPrimary,nephrite
entity:artifact:2:204904,materialPrimary,nephrite
entity:artifact:2:204905,materialPrimary,nephrite
entity:artifact:2:204906,materialPrimary,nephrite
entity:artifact:2:204907,materialPrimary,nephrite
entity:artifact:2:204908,materialPrimary,nephrite
entity:artifact:2:204909,materialPrimary,nephrite
entity:artifact:2:204910,materialPrimary,nephrite
entity:artifact:2:204911,materialPrimary,nephrite
entity:artifact:2:204912,materialPrimary,jade
entity:artifact:2:204913,materialPrimary,nephrite
entity:artifact:2:204914,materialPrimary,nephrite
entity:artifact:2:204915,materialPrimary,nephrite
entity:artifact:2:204916,materialPrimary,nephrite
entity:artifact:2:204917,materialPrimary,nephrite
entity:artifact:2:204919,materialPrimary,nephrite
entity:artifact:2:204920,materialPrimary,nephrite
entity:artifact:2:204921,materialPrimary,nephrite
entity:artifact:2:204922,materialPrimary,stone
entity:artifact:2:204923,materialPrimary,nephrite
entity:artifact:2:204924,materialPrimary,nephrite
entity:artifact:2:204925,materialPrimary,nephrite
entity:artifact:2:204926,materialPrimary,stone
entity:artifact:2:204927,materialPrimary,stone
entity:artifact:2:204928,materialPrimary,stone
entity:artifact:2:204929,materialPrimary,nephrite
entity:artifact:2:204930,materialPrimary,nephrite
entity:artifact:2:204931,materialPrimary,nephrite
entity:artifact:2:204932,materialPrimary,porcelain
entity:artifact:2:204933,materialPrimary,nephrite
entity:artifact:2:204934,materialPrimary,nephrite
entity:artifact:2:204935,materialPrimary,nephrite
entity:artifact:2:204936,materialPrimary,nephrite
entity:artifact:2:204937,materialPrimary,nephrite
entity:artifact:2:204938,materialPrimary,stone
entity:artifact:2:204939,materialPrimary,nephrite
entity:artifact:2:204940,materialPrimary,nephrite
entity:artifact:2:204941,materialPrimary,nephrite
entity:artifact:2:204942,materialPrimary,stone
entity:artifact:2:204943,materialPrimary,nephrite
entity:artifact:2:204944,materialPrimary,nephrite
entity:artifact:2:204945,materialPrimary,nephrite
entity:artifact:2:204946,materialPrimary,nephrite
entity:artifact:2:204947,materialPrimary,nephrite
entity:artifact:2:204948,materialPrimary,nephrite
entity:artifact:2:204949,materialPrimary,nephrite
entity:artifact:2:204950,materialPrimary,stone
entity:artifact:2:204951,materialPrimary,nephrite
entity:artifact:2:204952,materialPrimary,porcelain
entity:artifact:2:204953,materialPrimary,nephrite
entity:artifact:2:204955,materialPrimary,stone
entity:artifact:2:204956,materialPrimary,jade
entity:artifact:2:204957,materialPrimary,nephrite
entity:artifact:2:204958,materialPrimary,stone
entity:artifact:2:204959,materialPrimary,nephrite
entity:artifact:2:204960,materialPrimary,nephrite
entity:artifact:2:204961,materialPrimary,nephrite
entity:artifact:2:204962,materialPrimary,stone
entity:artifact:2:204963,materialPrimary,stone
entity:artifact:2:204964,materialPrimary,nephrite
entity:artifact:2:204965,materialPrimary,nephrite
entity:artifact:2:204966,materialPrimary,nephrite
entity:artifact:2:204967,materialPrimary,nephrite
entity:artifact:2:204968,materialPrimary,nephrite
entity:artifact:2:204969,materialPrimary,porcelain
entity:artifact:2:204970,materialPrimary,nephrite
entity:artifact:2:204971,materialPrimary,nephrite
entity:artifact:2:204972,materialPrimary,nephrite
entity:artifact:2:204973,materialPrimary,nephrite
entity:artifact:2:204974,materialPrimary,stone
entity:artifact:2:204975,materialPrimary,jade
entity:artifact:2:204976,materialPrimary,nephrite
entity:artifact:2:204977,materialPrimary,nephrite
entity:artifact:2:204978,materialPrimary,nephrite
entity:artifact:2:204979,materialPrimary,jade
entity:artifact:2:204980,materialPrimary,porcelain
entity:artifact:2:204981,materialPrimary,nephrite
entity:artifact:2:204982,materialPrimary,nephrite
entity:artifact:2:204983,materialPrimary,nephrite
entity:artifact:2:204984,materialPrimary,nephrite
entity:artifact:2:204985,materialPrimary,porcelain
entity:artifact:2:204986,materialPrimary,nephrite
entity:artifact:2:204987,materialPrimary,nephrite
entity:artifact:2:204988,materialPrimary,nephrite
entity:artifact:2:204989,materialPrimary,nephrite
entity:artifact:2:204990,materialPrimary,nephrite
entity:artifact:2:204991,materialPrimary,stone
entity:artifact:2:204992,materialPrimary,nephrite
entity:artifact:2:204993,materialPrimary,nephrite
entity:artifact:2:204994,materialPrimary,nephrite
entity:artifact:2:204995,materialPrimary,nephrite
entity:artifact:2:204996,materialPrimary,nephrite
entity:artifact:2:204997,materialPrimary,stone
entity:artifact:2:204998,materialPrimary,stone
entity:artifact:2:204999,materialPrimary,stone
entity:artifact:2:205000,materialPrimary,stone
entity:artifact:2:205001,materialPrimary,stone
entity:artifact:2:205002,materialPrimary,stone
entity:artifact:2:205003,materialPrimary,stone
entity:artifact:2:205004,materialPrimary,nephrite
entity:artifact:2:205005,materialPrimary,nephrite
entity:artifact:2:205006,materialPrimary,nephrite
entity:artifact:2:205007,materialPrimary,nephrite
entity:artifact:2:205008,materialPrimary,nephrite
entity:artifact:2:205009,materialPrimary,nephrite
entity:artifact:2:205010,materialPrimary,nephrite
entity:artifact:2:205011,materialPrimary,nephrite
entity:artifact:2:205012,materialPrimary,nephrite
entity:artifact:2:205013,materialPrimary,nephrite
entity:artifact:2:205014,materialPrimary,nephrite
entity:artifact:2:205015,materialPrimary,nephrite
entity:artifact:2:205016,materialPrimary,nephrite
entity:artifact:2:205017,materialPrimary,nephrite
entity:artifact:2:205018,materialPrimary,nephrite
entity:artifact:2:205019,materialPrimary,nephrite
entity:artifact:2:205020,materialPrimary,nephrite
entity:artifact:2:205021,materialPrimary,nephrite
entity:artifact:2:205022,materialPrimary,nephrite
entity:artifact:2:205023,materialPrimary,stone
entity:artifact:2:205024,materialPrimary,nephrite
entity:artifact:2:205025,materialPrimary,nephrite
entity:artifact:2:205026,materialPrimary,nephrite
entity:artifact:2:205027,materialPrimary,nephrite
entity:artifact:2:205028,materialPrimary,nephrite
entity:artifact:2:205029,materialPrimary,nephrite
entity:artifact:2:205030,materialPrimary,nephrite
entity:artifact:2:205031,materialPrimary,nephrite
entity:artifact:2:205032,materialPrimary,nephrite
entity:artifact:2:205033,materialPrimary,nephrite
entity:artifact:2:205034,materialPrimary,nephrite
entity:artifact:2:205035,materialPrimary,nephrite
entity:artifact:2:205036,materialPrimary,nephrite
entity:artifact:2:205037,materialPrimary,nephrite
entity:artifact:2:205038,materialPrimary,jade
entity:artifact:2:205039,materialPrimary,stone
entity:artifact:2:205040,materialPrimary,stone
entity:artifact:2:205041,materialPrimary,stone
entity:artifact:2:205042,materialPrimary,nephrite
entity:artifact:2:205044,materialPrimary,nephrite
entity:artifact:2:205045,materialPrimary,nephrite
entity:artifact:2:205046,materialPrimary,nephrite
entity:artifact:2:205047,materialPrimary,nephrite
entity:artifact:2:205048,materialPrimary,nephrite
entity:artifact:2:205049,materialPrimary,nephrite
entity:artifact:2:205050,materialPrimary,nephrite
entity:artifact:2:205051,materialPrimary,nephrite
entity:artifact:2:205052,materialPrimary,nephrite
entity:artifact:2:205053,materialPrimary,nephrite
entity:artifact:2:205054,materialPrimary,nephrite
entity:artifact:2:205055,materialPrimary,nephrite
entity:artifact:2:205057,materialPrimary,nephrite
entity:artifact:2:205058,materialPrimary,nephrite
entity:artifact:2:205059,materialPrimary,nephrite
entity:artifact:2:205060,materialPrimary,nephrite
entity:artifact:2:205061,materialPrimary,nephrite
entity:artifact:2:205062,materialPrimary,nephrite
entity:artifact:2:205063,materialPrimary,nephrite
entity:artifact:2:205064,materialPrimary,nephrite
entity:artifact:2:205065,materialPrimary,nephrite
entity:artifact:2:205066,materialPrimary,nephrite
entity:artifact:2:205067,materialPrimary,nephrite
entity:artifact:2:205068,materialPrimary,nephrite
entity:artifact:2:205069,materialPrimary,stone
entity:artifact:2:205070,materialPrimary,stone
entity:artifact:2:205071,materialPrimary,nephrite
entity:artifact:2:205073,materialPrimary,earthenware
entity:artifact:2:205074,materialPrimary,paper
entity:artifact:2:205075,materialPrimary,paper
entity:artifact:2:205076,materialPrimary,porcelain
entity:artifact:2:205077,materialPrimary,stone
entity:artifact:2:205078,materialPrimary,earthenware
entity:artifact:2:205082,materialPrimary,stone
entity:artifact:2:205085,materialPrimary,earthenware
entity:artifact:2:205086,materialPrimary,nephrite
entity:artifact:2:205087,materialPrimary,ivory
entity:artifact:2:205088,materialPrimary,nephrite
entity:artifact:2:205090,materialPrimary,paper
entity:artifact:2:205091,materialPrimary,paper
entity:artifact:2:205094,materialPrimary,nephrite
entity:artifact:2:205095,materialPrimary,earthenware
entity:artifact:2:205096,materialPrimary,nephrite
entity:artifact:2:205098,materialPrimary,nephrite
entity:artifact:2:205099,materialPrimary,nephrite
entity:artifact:2:205100,materialPrimary,nephrite
entity:artifact:2:205102,materialPrimary,jadeite
entity:artifact:2:205105,materialPrimary,earthenware
entity:artifact:2:205107,materialPrimary,ceramic
entity:artifact:2:205108,materialPrimary,ceramic
entity:artifact:2:205109,materialPrimary,ceramic
entity:artifact:2:205110,materialPrimary,ceramic
entity:artifact:2:205111,materialPrimary,ceramic
entity:artifact:2:205112,materialPrimary,ceramic
entity:artifact:2:205113,materialPrimary,earthenware
entity:artifact:2:205114,materialPrimary,earthenware
entity:artifact:2:205115,materialPrimary,nephrite
entity:artifact:2:205120,materialPrimary,earthenware
entity:artifact:2:205121,materialPrimary,earthenware
entity:artifact:2:205122,materialPrimary,ceramic
entity:artifact:2:205123,materialPrimary,ceramic
entity:artifact:2:205124,materialPrimary,ceramic
entity:artifact:2:205125,materialPrimary,ceramic
entity:artifact:2:205126,materialPrimary,ceramic
entity:artifact:2:205127,materialPrimary,earthenware
entity:artifact:2:205128,materialPrimary,ceramic
entity:artifact:2:205129,materialPrimary,ceramic
entity:artifact:2:205133,materialPrimary,earthenware
entity:artifact:2:205134,materialPrimary,nephrite
entity:artifact:2:205135,materialPrimary,nephrite
entity:artifact:2:205136,materialPrimary,nephrite
entity:artifact:2:205137,materialPrimary,nephrite
entity:artifact:2:205138,materialPrimary,stone
entity:artifact:2:205139,materialPrimary,nephrite
entity:artifact:2:205140,materialPrimary,nephrite
entity:artifact:2:205141,materialPrimary,nephrite
entity:artifact:2:205142,materialPrimary,stone
entity:artifact:2:205143,materialPrimary,nephrite
entity:artifact:2:205144,materialPrimary,nephrite
entity:artifact:2:205145,materialPrimary,ceramic
entity:artifact:2:205146,materialPrimary,ceramic
entity:artifact:2:205147,materialPrimary,earthenware
entity:artifact:2:205148,materialPrimary,ceramic
entity:artifact:2:205149,materialPrimary,ceramic
entity:artifact:2:205150,materialPrimary,ceramic
entity:artifact:2:205155,materialPrimary,nephrite
entity:artifact:2:205156,materialPrimary,earthenware
entity:artifact:2:205157,materialPrimary,earthenware
entity:artifact:2:205158,materialPrimary,earthenware
entity:artifact:2:205159,materialPrimary,nephrite
entity:artifact:2:205160,materialPrimary,porcelain
entity:artifact:2:205161,materialPrimary,porcelain
entity:artifact:2:205162,materialPrimary,nephrite
entity:artifact:2:205163,materialPrimary,nephrite
entity:artifact:2:205164,materialPrimary,nephrite
entity:artifact:2:205165,materialPrimary,nephrite
entity:artifact:2:205166,materialPrimary,nephrite
entity:artifact:2:205167,materialPrimary,nephrite
entity:artifact:2:205168,materialPrimary,nephrite
entity:artifact:2:205169,materialPrimary,nephrite
entity:artifact:2:205170,materialPrimary,nephrite
entity:artifact:2:205171,materialPrimary,nephrite
entity:artifact:2:205172,materialPrimary,nephrite
entity:artifact:2:205173,materialPrimary,ceramic
entity:artifact:2:205182,materialPrimary,earthenware
entity:artifact:2:205183,materialPrimary,earthenware
entity:artifact:2:205184,materialPrimary,earthenware
entity:artifact:2:205185,materialPrimary,earthenware
entity:artifact:2:205186,materialPrimary,earthenware
entity:artifact:2:205187,materialPrimary,earthenware
entity:artifact:2:205189,materialPrimary,earthenware
entity:artifact:2:205190,materialPrimary,nephrite
entity:artifact:2:205191,materialPrimary,nephrite
entity:artifact:2:205192,materialPrimary,nephrite
entity:artifact:2:205193,materialPrimary,wood
entity:artifact:2:205194,materialPrimary,nephrite
entity:artifact:2:205195,materialPrimary,nephrite
entity:artifact:2:205196,materialPrimary,nephrite
entity:artifact:2:205197,materialPrimary,nephrite
entity:artifact:2:205198,materialPrimary,nephrite
entity:artifact:2:205199,materialPrimary,nephrite
entity:artifact:2:205200,materialPrimary,stone
entity:artifact:2:205201,materialPrimary,nephrite
entity:artifact:2:205202,materialPrimary,jadeite
entity:artifact:2:205203,materialPrimary,earthenware
entity:artifact:2:205204,materialPrimary,earthenware
entity:artifact:2:205205,materialPrimary,earthenware
entity:artifact:2:205211,materialPrimary,ceramic
entity:artifact:2:205212,materialPrimary,ceramic
entity:artifact:2:205213,materialPrimary,ceramic
entity:artifact:2:205214,materialPrimary,ceramic
entity:artifact:2:205215,materialPrimary,ceramic
entity:artifact:2:205217,materialPrimary,ceramic
entity:artifact:2:205218,materialPrimary,ceramic
entity:artifact:2:205219,materialPrimary,ceramic
entity:artifact:2:205221,materialPrimary,stone
entity:artifact:2:205222,materialPrimary,nephrite
entity:artifact:2:205223,materialPrimary,nephrite
entity:artifact:2:205224,materialPrimary,nephrite
entity:artifact:2:205226,materialPrimary,nephrite
entity:artifact:2:205227,materialPrimary,stone
entity:artifact:2:205228,materialPrimary,nephrite
entity:artifact:2:205229,materialPrimary,nephrite
entity:artifact:2:205230,materialPrimary,stone
entity:artifact:2:205231,materialPrimary,nephrite
entity:artifact:2:205232,materialPrimary,ceramic
entity:artifact:2:205233,materialPrimary,ceramic
entity:artifact:2:205234,materialPrimary,ceramic
entity:artifact:2:205235,materialPrimary,earthenware
entity:artifact:2:205238,materialPrimary,earthenware
entity:artifact:2:205239,materialPrimary,earthenware
entity:artifact:2:205241,materialPrimary,earthenware
entity:artifact:2:205242,materialPrimary,earthenware
entity:artifact:2:205245,materialPrimary,nephrite
entity:artifact:2:205246,materialPrimary,porcelain
entity:artifact:2:205247,materialPrimary,porcelain
entity:artifact:2:205248,materialPrimary,porcelain
entity:artifact:2:205249,materialPrimary,stone
entity:artifact:2:205250,materialPrimary,nephrite
entity:artifact:2:205251,materialPrimary,nephrite
entity:artifact:2:205252,materialPrimary,nephrite
entity:artifact:2:205253,materialPrimary,nephrite
entity:artifact:2:205254,materialPrimary,nephrite
entity:artifact:2:205256,materialPrimary,nephrite
entity:artifact:2:205257,materialPrimary,nephrite
entity:artifact:2:205258,materialPrimary,nephrite
entity:artifact:2:205259,materialPrimary,nephrite
entity:artifact:2:205260,materialPrimary,nephrite
entity:artifact:2:205261,materialPrimary,stone
entity:artifact:2:205262,materialPrimary,nephrite
entity:artifact:2:205263,materialPrimary,nephrite
entity:artifact:2:205264,materialPrimary,stone
entity:artifact:2:205265,materialPrimary,stone
entity:artifact:2:205266,materialPrimary,stone
entity:artifact:2:205267,materialPrimary,nephrite
entity:artifact:2:205268,materialPrimary,nephrite
entity:artifact:2:205269,materialPrimary,nephrite
entity:artifact:2:205270,materialPrimary,nephrite
entity:artifact:2:205271,materialPrimary,nephrite
entity:artifact:2:205272,materialPrimary,stone
entity:artifact:2:205273,materialPrimary,nephrite
entity:artifact:2:205274,materialPrimary,earthenware
entity:artifact:2:205275,materialPrimary,nephrite
entity:artifact:2:205276,materialPrimary,stone
entity:artifact:2:205277,materialPrimary,stone
entity:artifact:2:205278,materialPrimary,stone
entity:artifact:2:205279,materialPrimary,stone
entity:artifact:2:205280,materialPrimary,jade
entity:artifact:2:205281,materialPrimary,nephrite
entity:artifact:2:205282,materialPrimary,jade
entity:artifact:2:205283,materialPrimary,nephrite
entity:artifact:2:205284,materialPrimary,nephrite
entity:artifact:2:205285,materialPrimary,nephrite
entity:artifact:2:205286,materialPrimary,nephrite
entity:artifact:2:205287,materialPrimary,nephrite
entity:artifact:2:205288,materialPrimary,stone
entity:artifact:2:205289,materialPrimary,nephrite
entity:artifact:2:205290,materialPrimary,porcelain
entity:artifact:2:205291,materialPrimary,nephrite
entity:artifact:2:205292,materialPrimary,nephrite
entity:artifact:2:205293,materialPrimary,nephrite
entity:artifact:2:205294,materialPrimary,nephrite
entity:artifact:2:205295,materialPrimary,jade
entity:artifact:2:205296,materialPrimary,nephrite
entity:artifact:2:205297,materialPrimary,nephrite
entity:artifact:2:205298,materialPrimary,nephrite
entity:artifact:2:205299,materialPrimary,stone
entity:artifact:2:205300,materialPrimary,stone
entity:artifact:2:205301,materialPrimary,nephrite
entity:artifact:2:205302,materialPrimary,stone
entity:artifact:2:205303,materialPrimary,nephrite
entity:artifact:2:205305,materialPrimary,stone
entity:artifact:2:205306,materialPrimary,plaster
entity:artifact:2:205307,materialPrimary,stone
entity:artifact:2:205309,materialPrimary,stone
entity:artifact:2:205310,materialPrimary,stone
entity:artifact:2:205311,materialPrimary,stone
entity:artifact:2:205312,materialPrimary,stone
entity:artifact:2:205313,materialPrimary,stone
entity:artifact:2:205322,materialPrimary,stone
entity:artifact:2:205323,materialPrimary,stone
entity:artifact:2:205324,materialPrimary,stone
entity:artifact:2:205325,materialPrimary,stone
entity:artifact:2:205329,materialPrimary,earthenware
entity:artifact:2:205330,materialPrimary,earthenware
entity:artifact:2:205331,materialPrimary,earthenware
entity:artifact:2:205332,materialPrimary,earthenware
entity:artifact:2:205333,materialPrimary,earthenware
entity:artifact:2:205334,materialPrimary,earthenware
entity:artifact:2:205336,materialPrimary,nephrite
entity:artifact:2:205338,materialPrimary,earthenware
entity:artifact:2:205339,materialPrimary,earthenware
entity:artifact:2:205340,materialPrimary,earthenware
entity:artifact:2:205341,materialPrimary,earthenware
entity:artifact:2:205342,materialPrimary,earthenware
entity:artifact:2:205343,materialPrimary,earthenware
entity:artifact:2:205344,materialPrimary,earthenware
entity:artifact:2:205345,materialPrimary,earthenware
entity:artifact:2:205346,materialPrimary,earthenware
entity:artifact:2:205347,materialPrimary,earthenware
entity:artifact:2:205348,materialPrimary,earthenware
entity:artifact:2:205349,materialPrimary,wood
entity:artifact:2:205350,materialPrimary,earthenware
entity:artifact:2:205352,materialPrimary,earthenware
entity:artifact:2:205353,materialPrimary,earthenware
entity:artifact:2:205354,materialPrimary,earthenware
entity:artifact:2:205355,materialPrimary,earthenware
entity:artifact:2:205357,materialPrimary,earthenware
entity:artifact:2:205358,materialPrimary,earthenware
entity:artifact:2:205359,materialPrimary,earthenware
entity:artifact:2:205360,materialPrimary,earthenware
entity:artifact:2:205361,materialPrimary,earthenware
entity:artifact:2:205362,materialPrimary,nephrite
entity:artifact:2:205363,materialPrimary,nephrite
entity:artifact:2:205366,materialPrimary,nephrite
entity:artifact:2:205367,materialPrimary,nephrite
entity:artifact:2:205368,materialPrimary,nephrite
entity:artifact:2:205369,materialPrimary,nephrite
entity:artifact:2:205370,materialPrimary,jade
entity:artifact:2:205371,materialPrimary,nephrite
entity:artifact:2:205372,materialPrimary,nephrite
entity:artifact:2:205373,materialPrimary,jade
entity:artifact:2:205376,materialPrimary,paper
entity:artifact:2:205377,materialPrimary,porcelain
entity:artifact:2:205378,materialPrimary,earthenware
entity:artifact:2:205379,materialPrimary,nephrite
entity:artifact:2:205381,materialPrimary,jade
entity:artifact:2:205382,materialPrimary,jade
entity:artifact:2:205383,materialPrimary,copper
entity:artifact:2:205384,materialPrimary,jadeite
entity:artifact:2:205385,materialPrimary,nephrite
entity:artifact:2:205386,materialPrimary,stone
entity:artifact:2:205387,materialPrimary,nephrite
entity:artifact:2:205388,materialPrimary,earthenware
entity:artifact:2:205389,materialPrimary,nephrite
entity:artifact:2:205390,materialPrimary,stone
entity:artifact:2:205391,materialPrimary,silk
entity:artifact:2:205392,materialPrimary,nephrite
entity:artifact:2:205394,materialPrimary,paper
entity:artifact:2:205395,materialPrimary,earthenware
entity:artifact:2:205396,materialPrimary,nephrite
entity:artifact:2:205399,materialPrimary,stone
entity:artifact:2:205400,materialPrimary,earthenware
entity:artifact:2:205401,materialPrimary,earthenware
entity:artifact:2:205403,materialPrimary,earthenware
entity:artifact:2:205404,materialPrimary,earthenware
entity:artifact:2:205405,materialPrimary,nephrite
entity:artifact:2:205407,materialPrimary,jade
entity:artifact:2:205408,materialPrimary,nephrite
entity:artifact:2:205410,materialPrimary,earthenware
entity:artifact:2:205411,materialPrimary,earthenware
entity:artifact:2:205412,materialPrimary,copper
entity:artifact:2:205413,materialPrimary,nephrite
entity:artifact:2:205414,materialPrimary,ivory
entity:artifact:2:205415,materialPrimary,stone
entity:artifact:2:205417,materialPrimary,stone
entity:artifact:2:205418,materialPrimary,nephrite
entity:artifact:2:205419,materialPrimary,earthenware
entity:artifact:2:205420,materialPrimary,earthenware
entity:artifact:2:205421,materialPrimary,earthenware
entity:artifact:2:205422,materialPrimary,nephrite
entity:artifact:2:205423,materialPrimary,jade
entity:artifact:2:205424,materialPrimary,nephrite
entity:artifact:2:205430,materialPrimary,jade
entity:artifact:2:205431,materialPrimary,jadeite
entity:artifact:2:205435,materialPrimary,textile
entity:artifact:2:205437,materialPrimary,nephrite
entity:artifact:2:205438,materialPrimary,nephrite
entity:artifact:2:205439,materialPrimary,earthenware
entity:artifact:2:205440,materialPrimary,earthenware
entity:artifact:2:205441,materialPrimary,porcelain
entity:artifact:2:205442,materialPrimary,nephrite
entity:artifact:2:205443,materialPrimary,nephrite
entity:artifact:2:205444,materialPrimary,nephrite
entity:artifact:2:205445,materialPrimary,jadeite
entity:artifact:2:205447,materialPrimary,nephrite
entity:artifact:2:205448,materialPrimary,earthenware
entity:artifact:2:205450,materialPrimary,nephrite
entity:artifact:2:205457,materialPrimary,porcelain
entity:artifact:2:205458,materialPrimary,porcelain
entity:artifact:2:205459,materialPrimary,porcelain
entity:artifact:2:205460,materialPrimary,wood
entity:artifact:2:205461,materialPrimary,nephrite
entity:artifact:2:205464,materialPrimary,nephrite
entity:artifact:2:205465,materialPrimary,jadeite
entity:artifact:2:205467,materialPrimary,nephrite
entity:artifact:2:205468,materialPrimary,nephrite
entity:artifact:2:205469,materialPrimary,earthenware
entity:artifact:2:205472,materialPrimary,earthenware
entity:artifact:2:205473,materialPrimary,ceramic
entity:artifact:2:205474,materialPrimary,ceramic
entity:artifact:2:205475,materialPrimary,earthenware
entity:artifact:2:205476,materialPrimary,glass
entity:artifact:2:205484,materialPrimary,porcelain
entity:artifact:2:205485,materialPrimary,porcelain
entity:artifact:2:205486,materialPrimary,ivory
entity:artifact:2:205488,materialPrimary,nephrite
entity:artifact:2:205489,materialPrimary,jadeite
entity:artifact:2:205490,materialPrimary,nephrite
entity:artifact:2:205492,materialPrimary,porcelain
entity:artifact:2:205496,materialPrimary,porcelain
entity:artifact:2:205497,materialPrimary,porcelain
entity:artifact:2:205498,materialPrimary,porcelain
entity:artifact:2:205499,materialPrimary,porcelain
entity:artifact:2:205500,materialPrimary,porcelain
entity:artifact:2:205501,materialPrimary,porcelain
entity:artifact:2:205502,materialPrimary,porcelain
entity:artifact:2:205503,materialPrimary,porcelain
entity:artifact:2:205504,materialPrimary,porcelain
entity:artifact:2:205505,materialPrimary,porcelain
entity:artifact:2:205506,materialPrimary,nephrite
entity:artifact:2:205508,materialPrimary,earthenware
entity:artifact:2:205513,materialPrimary,porcelain
entity:artifact:2:205515,materialPrimary,porcelain
entity:artifact:2:205516,materialPrimary,porcelain
entity:artifact:2:205517,materialPrimary,porcelain
entity:artifact:2:205518,materialPrimary,nephrite
entity:artifact:2:205520,materialPrimary,jadeite
entity:artifact:2:205521,materialPrimary,nephrite
entity:artifact:2:205522,materialPrimary,jadeite
entity:artifact:2:205523,materialPrimary,earthenware
entity:artifact:2:205524,materialPrimary,earthenware
entity:artifact:2:205526,materialPrimary,earthenware
entity:artifact:2:205528,materialPrimary,earthenware
entity:artifact:2:205529,materialPrimary,copper
entity:artifact:2:205531,materialPrimary,stone
entity:artifact:2:205535,materialPrimary,paper
entity:artifact:2:205536,materialPrimary,paper
entity:artifact:2:205537,materialPrimary,nephrite
entity:artifact:2:205538,materialPrimary,nephrite
entity:artifact:2:205541,materialPrimary,earthenware
entity:artifact:2:205544,materialPrimary,nephrite
entity:artifact:2:205545,materialPrimary,nephrite
entity:artifact:2:205546,materialPrimary,stone
entity:artifact:2:205547,materialPrimary,earthenware
entity:artifact:2:205548,materialPrimary,stone
entity:artifact:2:205549,materialPrimary,stone
entity:artifact:2:205550,materialPrimary,stone
entity:artifact:2:205551,materialPrimary,stone
entity:artifact:2:205552,materialPrimary,metal
entity:artifact:2:205553,materialPrimary,stone
entity:artifact:2:205554,materialPrimary,stone
entity:artifact:2:205558,materialPrimary,stone
entity:artifact:2:205559,materialPrimary,stone
entity:artifact:2:205560,materialPrimary,nephrite
entity:artifact:2:205561,materialPrimary,stone
entity:artifact:2:205562,materialPrimary,stone
entity:artifact:2:205563,materialPrimary,stone
entity:artifact:2:205564,materialPrimary,nephrite
entity:artifact:2:205565,materialPrimary,stone
entity:artifact:2:205566,materialPrimary,stone
entity:artifact:2:205567,materialPrimary,stone
entity:artifact:2:205568,materialPrimary,stone
entity:artifact:2:205569,materialPrimary,stone
entity:artifact:2:205571,materialPrimary,horn
entity:artifact:2:205572,materialPrimary,nephrite
entity:artifact:2:205573,materialPrimary,stone
entity:artifact:2:205574,materialPrimary,stone
entity:artifact:2:205575,materialPrimary,stone
entity:artifact:2:205576,materialPrimary,stone
entity:artifact:2:205577,materialPrimary,porcelain
entity:artifact:2:205579,materialPrimary,stone
entity:artifact:2:205581,materialPrimary,stone
entity:artifact:2:205582,materialPrimary,stone
entity:artifact:2:205583,materialPrimary,stone
entity:artifact:2:205584,materialPrimary,stone
entity:artifact:2:205585,materialPrimary,stone
entity:artifact:2:205586,materialPrimary,stone
entity:artifact:2:205587,materialPrimary,stone
entity:artifact:2:205589,materialPrimary,stone
entity:artifact:2:205590,materialPrimary,stone
entity:artifact:2:205591,materialPrimary,stone
entity:artifact:2:205592,materialPrimary,stone
entity:artifact:2:205594,materialPrimary,stone
entity:artifact:2:205595,materialPrimary,stone
entity:artifact:2:205596,materialPrimary,porcelain
entity:artifact:2:205597,materialPrimary,porcelain
entity:artifact:2:205598,materialPrimary,porcelain
entity:artifact:2:205599,materialPrimary,porcelain
entity:artifact:2:205603,materialPrimary,stone
entity:artifact:2:205604,materialPrimary,stone
entity:artifact:2:205605,materialPrimary,stone
entity:artifact:2:205606,materialPrimary,stone
entity:artifact:2:205607,materialPrimary,stone
entity:artifact:2:205609,materialPrimary,stone
entity:artifact:2:205610,materialPrimary,stone
entity:artifact:2:205611,materialPrimary,stone
entity:artifact:2:205612,materialPrimary,paper
entity:artifact:2:205613,materialPrimary,paper
entity:artifact:2:205614,materialPrimary,paper
entity:artifact:2:205615,materialPrimary,paper
entity:artifact:2:205616,materialPrimary,paper
entity:artifact:2:205617,materialPrimary,paper
entity:artifact:2:205618,materialPrimary,paper
entity:artifact:2:205619,materialPrimary,paper
entity:artifact:2:205620,materialPrimary,paper
entity:artifact:2:205621,materialPrimary,paper
entity:artifact:2:205622,materialPrimary,earthenware
entity:artifact:2:205625,materialPrimary,nephrite
entity:artifact:2:205626,materialPrimary,stone
entity:artifact:2:205627,materialPrimary,stone
entity:artifact:2:205628,materialPrimary,stone
entity:artifact:2:205629,materialPrimary,nephrite
entity:artifact:2:205630,materialPrimary,stone
entity:artifact:2:205631,materialPrimary,stone
entity:artifact:2:205632,materialPrimary,stone
entity:artifact:2:205633,materialPrimary,stone
entity:artifact:2:205634,materialPrimary,stone
entity:artifact:2:205635,materialPrimary,metal
entity:artifact:2:205641,materialPrimary,paper
entity:artifact:2:205642,materialPrimary,paper
entity:artifact:2:205643,materialPrimary,paper
entity:artifact:2:205644,materialPrimary,paper
entity:artifact:2:205645,materialPrimary,paper
entity:artifact:2:205646,materialPrimary,paper
entity:artifact:2:205647,materialPrimary,paper
entity:artifact:2:205648,materialPrimary,earthenware
entity:artifact:2:205649,materialPrimary,earthenware
entity:artifact:2:205650,materialPrimary,earthenware
entity:artifact:2:205651,materialPrimary,earthenware
entity:artifact:2:205652,materialPrimary,paper
entity:artifact:2:205653,materialPrimary,paper
entity:artifact:2:205654,materialPrimary,paper
entity:artifact:2:205655,materialPrimary,paper
entity:artifact:2:205656,materialPrimary,paper
entity:artifact:2:205657,materialPrimary,nephrite
entity:artifact:2:205658,materialPrimary,earthenware
entity:artifact:2:205659,materialPrimary,earthenware
entity:artifact:2:205660,materialPrimary,earthenware
entity:artifact:2:205661,materialPrimary,earthenware
entity:artifact:2:205662,materialPrimary,earthenware
entity:artifact:2:205663,materialPrimary,paper
entity:artifact:2:205664,materialPrimary,paper
entity:artifact:2:205665,materialPrimary,paper
entity:artifact:2:205666,materialPrimary,paper
entity:artifact:2:205667,materialPrimary,nephrite
entity:artifact:2:205668,materialPrimary,earthenware
entity:artifact:2:205669,materialPrimary,earthenware
entity:artifact:2:205670,materialPrimary,earthenware
entity:artifact:2:205671,materialPrimary,earthenware
entity:artifact:2:205672,materialPrimary,earthenware
entity:artifact:2:205673,materialPrimary,earthenware
entity:artifact:2:205686,materialPrimary,earthenware
entity:artifact:2:205687,materialPrimary,earthenware
entity:artifact:2:205688,materialPrimary,earthenware
entity:artifact:2:205689,materialPrimary,earthenware
entity:artifact:2:205690,materialPrimary,earthenware
entity:artifact:2:205691,materialPrimary,earthenware
entity:artifact:2:205692,materialPrimary,earthenware
entity:artifact:2:205693,materialPrimary,earthenware
entity:artifact:2:205694,materialPrimary,earthenware
entity:artifact:2:205695,materialPrimary,earthenware
entity:artifact:2:205696,materialPrimary,earthenware
entity:artifact:2:205710,materialPrimary,earthenware
entity:artifact:2:205711,materialPrimary,earthenware
entity:artifact:2:205712,materialPrimary,earthenware
entity:artifact:2:205713,materialPrimary,earthenware
entity:artifact:2:205714,materialPrimary,earthenware
entity:artifact:2:205715,materialPrimary,earthenware
entity:artifact:2:205716,materialPrimary,earthenware
entity:artifact:2:205717,materialPrimary,earthenware
entity:artifact:2:205718,materialPrimary,earthenware
entity:artifact:2:205719,materialPrimary,earthenware
entity:artifact:2:205720,materialPrimary,earthenware
entity:artifact:2:205733,materialPrimary,stone
entity:artifact:2:205734,materialPrimary,stone
entity:artifact:2:205735,materialPrimary,stone
entity:artifact:2:205736,materialPrimary,stone
entity:artifact:2:205741,materialPrimary,stone
entity:artifact:2:205742,materialPrimary,stone
entity:artifact:2:205743,materialPrimary,stone
entity:artifact:2:205752,materialPrimary,stone
entity:artifact:2:205753,materialPrimary,stone
entity:artifact:2:205754,materialPrimary,stone
entity:artifact:2:205755,materialPrimary,stone
entity:artifact:2:205767,materialPrimary,earthenware
entity:artifact:2:205768,materialPrimary,earthenware
entity:artifact:2:205769,materialPrimary,earthenware
entity:artifact:2:205770,materialPrimary,earthenware
entity:artifact:2:205771,materialPrimary,earthenware
entity:artifact:2:205772,materialPrimary,earthenware
entity:artifact:2:205773,materialPrimary,earthenware
entity:artifact:2:205774,materialPrimary,earthenware
entity:artifact:2:205775,materialPrimary,earthenware
entity:artifact:2:205776,materialPrimary,earthenware
entity:artifact:2:205777,materialPrimary,nephrite
entity:artifact:2:205778,materialPrimary,nephrite
entity:artifact:2:205780,materialPrimary,stone
entity:artifact:2:205781,materialPrimary,stone
entity:artifact:2:205782,materialPrimary,stone
entity:artifact:2:205783,materialPrimary,stone
entity:artifact:2:205784,materialPrimary,stone
entity:artifact:2:205785,materialPrimary,nephrite
entity:artifact:2:205786,materialPrimary,paper
entity:artifact:2:205787,materialPrimary,paper
entity:artifact:2:205788,materialPrimary,paper
entity:artifact:2:205789,materialPrimary,paper
entity:artifact:2:205792,materialPrimary,earthenware
entity:artifact:2:205793,materialPrimary,earthenware
entity:artifact:2:205794,materialPrimary,earthenware
entity:artifact:2:205796,materialPrimary,paper
entity:artifact:2:205797,materialPrimary,paper
entity:artifact:2:205798,materialPrimary,paper
entity:artifact:2:205799,materialPrimary,paper
entity:artifact:2:205800,materialPrimary,paper
entity:artifact:2:205801,materialPrimary,paper
entity:artifact:2:205802,materialPrimary,paper
entity:artifact:2:205803,materialPrimary,paper
entity:artifact:2:205804,materialPrimary,paper
entity:artifact:2:205805,materialPrimary,paper
entity:artifact:2:205806,materialPrimary,paper
entity:artifact:2:205808,materialPrimary,paper
entity:artifact:2:205809,materialPrimary,paper
entity:artifact:2:205810,materialPrimary,paper
entity:artifact:2:205811,materialPrimary,paper
entity:artifact:2:205812,materialPrimary,paper
entity:artifact:2:205813,materialPrimary,paper
entity:artifact:2:205814,materialPrimary,paper
entity:artifact:2:205815,materialPrimary,paper
entity:artifact:2:205816,materialPrimary,paper
entity:artifact:2:205817,materialPrimary,paper
entity:artifact:2:205818,materialPrimary,paper
entity:artifact:2:205819,materialPrimary,paper
entity:artifact:2:205820,materialPrimary,paper
entity:artifact:2:205821,materialPrimary,paper
entity:artifact:2:205822,materialPrimary,paper
entity:artifact:2:205823,materialPrimary,paper
entity:artifact:2:205824,materialPrimary,paper
entity:artifact:2:205825,materialPrimary,paper
entity:artifact:2:205826,materialPrimary,earthenware
entity:artifact:2:205830,materialPrimary,paper
entity:artifact:2:205831,materialPrimary,paper
entity:artifact:2:205832,materialPrimary,paper
entity:artifact:2:205833,materialPrimary,paper
entity:artifact:2:205835,materialPrimary,porcelain
entity:artifact:2:205836,materialPrimary,earthenware
entity:artifact:2:205842,materialPrimary,paper
entity:artifact:2:205843,materialPrimary,paper
entity:artifact:2:205844,materialPrimary,paper
entity:artifact:2:205845,materialPrimary,paper
entity:artifact:2:205846,materialPrimary,paper
entity:artifact:2:205847,materialPrimary,paper
entity:artifact:2:205848,materialPrimary,paper
entity:artifact:2:205849,materialPrimary,paper
entity:artifact:2:205850,materialPrimary,paper
entity:artifact:2:205851,materialPrimary,porcelain
entity:artifact:2:205852,materialPrimary,porcelain
entity:artifact:2:205860,materialPrimary,porcelain
entity:artifact:2:205861,materialPrimary,porcelain
entity:artifact:2:205863,materialPrimary,porcelain
entity:artifact:2:205866,materialPrimary,paper
entity:artifact:2:205867,materialPrimary,paper
entity:artifact:2:205868,materialPrimary,paper
entity:artifact:2:205871,materialPrimary,earthenware
entity:artifact:2:205876,materialPrimary,porcelain
entity:artifact:2:205878,materialPrimary,paper
entity:artifact:2:205879,materialPrimary,paper
entity:artifact:2:205880,materialPrimary,paper
entity:artifact:2:205881,materialPrimary,porcelain
entity:artifact:2:205882,materialPrimary,porcelain
entity:artifact:2:205883,materialPrimary,porcelain
entity:artifact:2:205884,materialPrimary,porcelain
entity:artifact:2:205885,materialPrimary,porcelain
entity:artifact:2:205886,materialPrimary,porcelain
entity:artifact:2:205887,materialPrimary,porcelain
entity:artifact:2:205888,materialPrimary,porcelain
entity:artifact:2:205889,materialPrimary,porcelain
entity:artifact:2:205890,materialPrimary,porcelain
entity:artifact:2:205891,materialPrimary,porcelain
entity:artifact:2:205892,materialPrimary,stone
entity:artifact:2:205893,materialPrimary,stone
entity:artifact:2:205894,materialPrimary,stone
entity:artifact:2:205895,materialPrimary,stone
entity:artifact:2:205896,materialPrimary,porcelain
entity:artifact:2:205897,materialPrimary,porcelain
entity:artifact:2:205898,materialPrimary,porcelain
entity:artifact:2:205899,materialPrimary,paper
entity:artifact:2:205906,materialPrimary,porcelain
entity:artifact:2:205907,materialPrimary,paper
entity:artifact:2:205908,materialPrimary,paper
entity:artifact:2:205909,materialPrimary,paper
entity:artifact:2:205910,materialPrimary,paper
entity:artifact:2:205911,materialPrimary,paper
entity:artifact:2:205912,materialPrimary,paper
entity:artifact:2:205913,materialPrimary,paper
entity:artifact:2:205914,materialPrimary,paper
entity:artifact:2:205915,materialPrimary,paper
entity:artifact:2:205916,materialPrimary,paper
entity:artifact:2:205917,materialPrimary,paper
entity:artifact:2:205918,materialPrimary,paper
entity:artifact:2:205919,materialPrimary,paper
entity:artifact:2:205920,materialPrimary,paper
entity:artifact:2:205921,materialPrimary,paper
entity:artifact:2:205922,materialPrimary,porcelain
entity:artifact:2:205923,materialPrimary,paper
entity:artifact:2:205924,materialPrimary,paper
entity:artifact:2:205925,materialPrimary,paper
entity:artifact:2:205926,materialPrimary,paper
entity:artifact:2:205927,materialPrimary,paper
entity:artifact:2:205928,materialPrimary,paper
entity:artifact:2:205929,materialPrimary,porcelain
entity:artifact:2:205930,materialPrimary,porcelain
entity:artifact:2:205931,materialPrimary,paper
entity:artifact:2:205932,materialPrimary,paper
entity:artifact:2:205933,materialPrimary,porcelain
entity:artifact:2:205934,materialPrimary,paper
entity:artifact:2:205935,materialPrimary,paper
entity:artifact:2:205936,materialPrimary,paper
entity:artifact:2:205937,materialPrimary,paper
entity:artifact:2:205938,materialPrimary,paper
entity:artifact:2:205939,materialPrimary,paper
entity:artifact:2:205940,materialPrimary,paper
entity:artifact:2:205941,materialPrimary,paper
entity:artifact:2:205942,materialPrimary,paper
entity:artifact:2:205943,materialPrimary,paper
entity:artifact:2:205944,materialPrimary,paper
entity:artifact:2:205945,materialPrimary,paper
entity:artifact:2:205946,materialPrimary,paper
entity:artifact:2:205947,materialPrimary,paper
entity:artifact:2:205948,materialPrimary,paper
entity:artifact:2:205949,materialPrimary,paper
entity:artifact:2:205951,materialPrimary,porcelain
entity:artifact:2:205952,materialPrimary,porcelain
entity:artifact:2:205953,materialPrimary,porcelain
entity:artifact:2:205955,materialPrimary,paper
entity:artifact:2:205956,materialPrimary,stone
entity:artifact:2:205957,materialPrimary,stone
entity:artifact:2:205958,materialPrimary,porcelain
entity:artifact:2:205959,materialPrimary,porcelain
entity:artifact:2:205961,materialPrimary,porcelain
entity:artifact:2:205962,materialPrimary,porcelain
entity:artifact:2:205963,materialPrimary,porcelain
entity:artifact:2:205964,materialPrimary,porcelain
entity:artifact:2:205965,materialPrimary,porcelain
entity:artifact:2:205966,materialPrimary,porcelain
entity:artifact:2:205967,materialPrimary,porcelain
entity:artifact:2:205968,materialPrimary,porcelain
entity:artifact:2:205969,materialPrimary,porcelain
entity:artifact:2:205970,materialPrimary,porcelain
entity:artifact:2:205971,materialPrimary,porcelain
entity:artifact:2:205972,materialPrimary,stone
entity:artifact:2:205973,materialPrimary,stone
entity:artifact:2:205974,materialPrimary,stone
entity:artifact:2:205975,materialPrimary,stone
entity:artifact:2:205976,materialPrimary,stone
entity:artifact:2:205977,materialPrimary,nephrite
entity:artifact:2:205978,materialPrimary,stone
entity:artifact:2:205979,materialPrimary,stone
entity:artifact:2:205980,materialPrimary,stone
entity:artifact:2:205982,materialPrimary,porcelain
entity:artifact:2:205983,materialPrimary,porcelain
entity:artifact:2:205984,materialPrimary,earthenware
entity:artifact:2:205985,materialPrimary,porcelain
entity:artifact:2:205986,materialPrimary,porcelain
entity:artifact:2:205987,materialPrimary,porcelain
entity:artifact:2:205988,materialPrimary,earthenware
entity:artifact:2:205989,materialPrimary,stone
entity:artifact:2:205990,materialPrimary,stone
entity:artifact:2:205991,materialPrimary,stone
entity:artifact:2:205992,materialPrimary,porcelain
entity:artifact:2:205993,materialPrimary,earthenware
entity:artifact:2:205995,materialPrimary,porcelain
entity:artifact:2:205996,materialPrimary,bronze
entity:artifact:2:205997,materialPrimary,earthenware
entity:artifact:2:205998,materialPrimary,stone
entity:artifact:2:205999,materialPrimary,stone
entity:artifact:2:206000,materialPrimary,stone
entity:artifact:2:206001,materialPrimary,stone
entity:artifact:2:206002,materialPrimary,stone
entity:artifact:2:206003,materialPrimary,stone
entity:artifact:2:206004,materialPrimary,stone
entity:artifact:2:206005,materialPrimary,stone
entity:artifact:2:206006,materialPrimary,stone
entity:artifact:2:206007,materialPrimary,stone
entity:artifact:2:206009,materialPrimary,stone
entity:artifact:2:206010,materialPrimary,stone
entity:artifact:2:206011,materialPrimary,nephrite
entity:artifact:2:206012,materialPrimary,gold
entity:artifact:2:206013,materialPrimary,stone
entity:artifact:2:206014,materialPrimary,stone
entity:artifact:2:206015,materialPrimary,stone
entity:artifact:2:206016,materialPrimary,silk
entity:artifact:2:206017,materialPrimary,paper
entity:artifact:2:206018,materialPrimary,paper
entity:artifact:2:206019,materialPrimary,paper
entity:artifact:2:206020,materialPrimary,paper
entity:artifact:2:206021,materialPrimary,paper
entity:artifact:2:206022,materialPrimary,paper
entity:artifact:2:206023,materialPrimary,paper
entity:artifact:2:206024,materialPrimary,paper
entity:artifact:2:206025,materialPrimary,paper
entity:artifact:2:206026,materialPrimary,paper
entity:artifact:2:206027,materialPrimary,paper
entity:artifact:2:206028,materialPrimary,paper
entity:artifact:2:206029,materialPrimary,paper
entity:artifact:2:206030,materialPrimary,paper
entity:artifact:2:206031,materialPrimary,paper
entity:artifact:2:206032,materialPrimary,paper
entity:artifact:2:206056,materialPrimary,textile
entity:artifact:2:206057,materialPrimary,bronze
entity:artifact:2:206059,materialPrimary,paper
entity:artifact:2:206060,materialPrimary,paper
entity:artifact:2:206061,materialPrimary,paper
entity:artifact:2:206067,materialPrimary,paper
entity:artifact:2:206077,materialPrimary,earthenware
entity:artifact:2:206078,materialPrimary,earthenware
entity:artifact:2:206079,materialPrimary,silk
entity:artifact:2:206080,materialPrimary,paper
entity:artifact:2:206081,materialPrimary,paper
entity:artifact:2:206082,materialPrimary,paper
entity:artifact:2:206083,materialPrimary,paper
entity:artifact:2:206084,materialPrimary,earthenware
entity:artifact:2:206086,materialPrimary,paper
entity:artifact:2:206087,materialPrimary,paper
entity:artifact:2:206088,materialPrimary,paper
entity:artifact:2:206089,materialPrimary,paper
entity:artifact:2:206090,materialPrimary,paper
entity:artifact:2:206091,materialPrimary,paper
entity:artifact:2:206092,materialPrimary,paper
entity:artifact:2:206093,materialPrimary,paper
entity:artifact:2:206094,materialPrimary,paper
entity:artifact:2:206095,materialPrimary,paper
entity:artifact:2:206096,materialPrimary,paper
entity:artifact:2:206097,materialPrimary,paper
entity:artifact:2:206098,materialPrimary,silk
entity:artifact:2:206109,materialPrimary,earthenware
entity:artifact:2:206111,materialPrimary,paper
entity:artifact:2:206112,materialPrimary,paper
entity:artifact:2:206113,materialPrimary,paper
entity:artifact:2:206114,materialPrimary,paper
entity:artifact:2:206115,materialPrimary,paper
entity:artifact:2:206116,materialPrimary,paper
entity:artifact:2:206117,materialPrimary,paper
entity:artifact:2:206118,materialPrimary,paper
entity:artifact:2:206119,materialPrimary,paper
entity:artifact:2:206120,materialPrimary,paper
entity:artifact:2:206121,materialPrimary,paper
entity:artifact:2:206122,materialPrimary,paper
entity:artifact:2:206123,materialPrimary,earthenware
entity:artifact:2:206124,materialPrimary,paper
entity:artifact:2:206125,materialPrimary,stone
entity:artifact:2:206126,materialPrimary,stone
entity:artifact:2:206127,materialPrimary,paper
entity:artifact:2:206128,materialPrimary,paper
entity:artifact:2:206129,materialPrimary,paper
entity:artifact:2:206130,materialPrimary,paper
entity:artifact:2:206131,materialPrimary,paper
entity:artifact:2:206132,materialPrimary,paper
entity:artifact:2:206133,materialPrimary,paper
entity:artifact:2:206134,materialPrimary,paper
entity:artifact:2:206135,materialPrimary,paper
entity:artifact:2:206136,materialPrimary,paper
entity:artifact:2:206137,materialPrimary,paper
entity:artifact:2:206138,materialPrimary,paper
entity:artifact:2:206139,materialPrimary,paper
entity:artifact:2:206140,materialPrimary,paper
entity:artifact:2:206141,materialPrimary,paper
entity:artifact:2:206142,materialPrimary,paper
entity:artifact:2:206143,materialPrimary,paper
entity:artifact:2:206144,materialPrimary,paper
entity:artifact:2:206145,materialPrimary,paper
entity:artifact:2:206146,materialPrimary,paper
entity:artifact:2:206147,materialPrimary,paper
entity:artifact:2:206148,materialPrimary,paper
entity:artifact:2:206149,materialPrimary,paper
entity:artifact:2:206150,materialPrimary,paper
entity:artifact:2:206151,materialPrimary,paper
entity:artifact:2:206152,materialPrimary,paper
entity:artifact:2:206153,materialPrimary,paper
entity:artifact:2:206154,materialPrimary,paper
entity:artifact:2:206155,materialPrimary,paper
entity:artifact:2:206156,materialPrimary,paper
entity:artifact:2:206157,materialPrimary,paper
entity:artifact:2:206158,materialPrimary,paper
entity:artifact:2:206159,materialPrimary,paper
entity:artifact:2:206162,materialPrimary,paper
entity:artifact:2:206163,materialPrimary,paper
entity:artifact:2:206164,materialPrimary,paper
entity:artifact:2:206165,materialPrimary,paper
entity:artifact:2:206166,materialPrimary,paper
entity:artifact:2:206167,materialPrimary,paper
entity:artifact:2:206168,materialPrimary,paper
entity:artifact:2:206169,materialPrimary,paper
entity:artifact:2:206170,materialPrimary,paper
entity:artifact:2:206172,materialPrimary,paper
entity:artifact:2:206187,materialPrimary,earthenware
entity:artifact:2:206188,materialPrimary,earthenware
entity:artifact:2:206189,materialPrimary,earthenware
entity:artifact:2:206190,materialPrimary,earthenware
entity:artifact:2:206195,materialPrimary,paper
entity:artifact:2:206196,materialPrimary,paper
entity:artifact:2:206197,materialPrimary,paper
entity:artifact:2:206198,materialPrimary,paper
entity:artifact:2:206199,materialPrimary,paper
entity:artifact:2:206200,materialPrimary,paper
entity:artifact:2:206201,materialPrimary,paper
entity:artifact:2:206202,materialPrimary,earthenware
entity:artifact:2:206204,materialPrimary,pigment
entity:artifact:2:206210,materialPrimary,paper
entity:artifact:2:206211,materialPrimary,paper
entity:artifact:2:206212,materialPrimary,paper
entity:artifact:2:206213,materialPrimary,paper
entity:artifact:2:206214,materialPrimary,paper
entity:artifact:2:206218,materialPrimary,paper
entity:artifact:2:206219,materialPrimary,paper
entity:artifact:2:206220,materialPrimary,paper
entity:artifact:2:206227,materialPrimary,stone
entity:artifact:2:206228,materialPrimary,stone
entity:artifact:2:206229,materialPrimary,stone
entity:artifact:2:206232,materialPrimary,paper
entity:artifact:2:206233,materialPrimary,paper
entity:artifact:2:206234,materialPrimary,paper
entity:artifact:2:206235,materialPrimary,paper
entity:artifact:2:206236,materialPrimary,bronze
entity:artifact:2:206237,materialPrimary,paper
entity:artifact:2:206238,materialPrimary,paper
entity:artifact:2:206239,materialPrimary,paper
entity:artifact:2:206245,materialPrimary,paper
entity:artifact:2:206246,materialPrimary,paper
entity:artifact:2:206247,materialPrimary,paper
entity:artifact:2:206248,materialPrimary,paper
entity:artifact:2:206249,materialPrimary,paper
entity:artifact:2:206250,materialPrimary,paper
entity:artifact:2:206251,materialPrimary,paper
entity:artifact:2:206252,materialPrimary,paper
entity:artifact:2:206253,materialPrimary,paper
entity:artifact:2:206254,materialPrimary,paper
entity:artifact:2:206255,materialPrimary,paper
entity:artifact:2:206256,materialPrimary,paper
entity:artifact:2:206257,materialPrimary,paper
entity:artifact:2:206258,materialPrimary,paper
entity:artifact:2:206259,materialPrimary,paper
entity:artifact:2:206260,materialPrimary,paper
entity:artifact:2:206261,materialPrimary,paper
entity:artifact:2:206262,materialPrimary,paper
entity:artifact:2:206265,materialPrimary,paper
entity:artifact:2:206266,materialPrimary,paper
entity:artifact:2:206267,materialPrimary,paper
entity:artifact:2:206268,materialPrimary,paper
entity:artifact:2:206269,materialPrimary,paper
entity:artifact:2:206270,materialPrimary,paper
entity:artifact:2:206271,materialPrimary,paper
entity:artifact:2:206272,materialPrimary,paper
entity:artifact:2:206273,materialPrimary,paper
entity:artifact:2:206274,materialPrimary,paper
entity:artifact:2:206275,materialPrimary,paper
entity:artifact:2:206287,materialPrimary,paper
entity:artifact:2:206288,materialPrimary,paper
entity:artifact:2:206289,materialPrimary,paper
entity:artifact:2:206290,materialPrimary,paper
entity:artifact:2:206292,materialPrimary,glass
entity:artifact:2:206293,materialPrimary,glass
entity:artifact:2:206301,materialPrimary,paper
entity:artifact:2:206302,materialPrimary,paper
entity:artifact:2:206303,materialPrimary,paper
entity:artifact:2:206304,materialPrimary,silk
entity:artifact:2:206305,materialPrimary,paper
entity:artifact:2:206306,materialPrimary,paper
entity:artifact:2:206307,materialPrimary,paper
entity:artifact:2:206308,materialPrimary,paper
entity:artifact:2:206309,materialPrimary,paper
entity:artifact:2:206310,materialPrimary,paper
entity:artifact:2:206311,materialPrimary,paper
entity:artifact:2:206312,materialPrimary,paper
entity:artifact:2:206313,materialPrimary,paper
entity:artifact:2:206314,materialPrimary,paper
entity:artifact:2:206315,materialPrimary,paper
entity:artifact:2:206322,materialPrimary,stone
entity:artifact:2:206323,materialPrimary,paper
entity:artifact:2:206324,materialPrimary,paper
entity:artifact:2:206325,materialPrimary,paper
entity:artifact:2:206327,materialPrimary,paper
entity:artifact:2:206328,materialPrimary,paper
entity:artifact:2:206340,materialPrimary,paper
entity:artifact:2:206341,materialPrimary,paper
entity:artifact:2:206342,materialPrimary,paper
entity:artifact:2:206343,materialPrimary,paper
entity:artifact:2:206344,materialPrimary,paper
entity:artifact:2:206345,materialPrimary,paper
entity:artifact:2:206346,materialPrimary,paper
entity:artifact:2:206347,materialPrimary,paper
entity:artifact:2:206348,materialPrimary,paper
entity:artifact:2:206349,materialPrimary,paper
entity:artifact:2:206350,materialPrimary,paper
entity:artifact:2:206351,materialPrimary,paper
entity:artifact:2:206363,materialPrimary,paper
entity:artifact:2:206364,materialPrimary,paper
entity:artifact:2:206365,materialPrimary,paper
entity:artifact:2:206366,materialPrimary,paper
entity:artifact:2:206373,materialPrimary,paper
entity:artifact:2:206374,materialPrimary,paper
entity:artifact:2:206376,materialPrimary,paper
entity:artifact:2:206377,materialPrimary,paper
entity:artifact:2:206378,materialPrimary,paper
entity:artifact:2:206379,materialPrimary,paper
entity:artifact:2:206380,materialPrimary,paper
entity:artifact:2:206381,materialPrimary,paper
entity:artifact:2:206382,materialPrimary,paper
entity:artifact:2:206383,materialPrimary,paper
entity:artifact:2:206384,materialPrimary,paper
entity:artifact:2:206385,materialPrimary,paper
entity:artifact:2:206386,materialPrimary,paper
entity:artifact:2:206387,materialPrimary,paper
entity:artifact:2:206388,materialPrimary,paper
entity:artifact:2:206389,materialPrimary,paper
entity:artifact:2:206399,materialPrimary,paper
entity:artifact:2:206400,materialPrimary,paper
entity:artifact:2:206411,materialPrimary,paper
entity:artifact:2:206412,materialPrimary,paper
entity:artifact:2:206413,materialPrimary,paper
entity:artifact:2:206414,materialPrimary,paper
entity:artifact:2:206415,materialPrimary,paper
entity:artifact:2:206416,materialPrimary,paper
entity:artifact:2:206417,materialPrimary,paper
entity:artifact:2:206418,materialPrimary,paper
entity:artifact:2:206419,materialPrimary,paper
entity:artifact:2:206420,materialPrimary,paper
entity:artifact:2:206421,materialPrimary,paper
entity:artifact:2:206422,materialPrimary,paper
entity:artifact:2:206427,materialPrimary,paper
entity:artifact:2:206435,materialPrimary,paper
entity:artifact:2:206436,materialPrimary,paper
entity:artifact:2:206437,materialPrimary,paper
entity:artifact:2:206438,materialPrimary,paper
entity:artifact:2:206439,materialPrimary,paper
entity:artifact:2:206440,materialPrimary,paper
entity:artifact:2:206441,materialPrimary,paper
entity:artifact:2:206442,materialPrimary,paper
entity:artifact:2:206443,materialPrimary,paper
entity:artifact:2:206444,materialPrimary,paper
entity:artifact:2:206445,materialPrimary,paper
entity:artifact:2:206446,materialPrimary,paper
entity:artifact:2:206447,materialPrimary,paper
entity:artifact:2:206448,materialPrimary,paper
entity:artifact:2:206449,materialPrimary,paper
entity:artifact:2:206450,materialPrimary,paper
entity:artifact:2:206451,materialPrimary,ink
entity:artifact:2:206452,materialPrimary,ink
entity:artifact:2:206453,materialPrimary,ink
entity:artifact:2:206472,materialPrimary,earthenware
entity:artifact:2:206489,materialPrimary,ink
entity:artifact:2:206490,materialPrimary,paper
entity:artifact:2:206491,materialPrimary,silk
entity:artifact:2:206493,materialPrimary,silk
entity:artifact:2:206494,materialPrimary,silk
entity:artifact:2:206495,materialPrimary,earthenware
entity:artifact:2:206497,materialPrimary,silk
entity:artifact:2:206498,materialPrimary,bronze
entity:artifact:2:206500,materialPrimary,silk
entity:artifact:2:206501,materialPrimary,paper
entity:artifact:2:206505,materialPrimary,bronze
entity:artifact:2:206506,materialPrimary,silk
entity:artifact:2:206507,materialPrimary,earthenware
entity:artifact:2:206508,materialPrimary,earthenware
entity:artifact:2:206510,materialPrimary,silk
entity:artifact:2:206511,materialPrimary,paper
entity:artifact:2:206512,materialPrimary,paper
entity:artifact:2:206513,materialPrimary,paper
entity:artifact:2:206514,materialPrimary,paper
entity:artifact:2:206518,materialPrimary,bronze
entity:artifact:2:206520,materialPrimary,silk
entity:artifact:2:206521,materialPrimary,paper
entity:artifact:2:206522,materialPrimary,silk
entity:artifact:2:206523,materialPrimary,silk
entity:artifact:2:206524,materialPrimary,paper
entity:artifact:2:206525,materialPrimary,paper
entity:artifact:2:206526,materialPrimary,paper
entity:artifact:2:206527,materialPrimary,paper
entity:artifact:2:206528,materialPrimary,ink
entity:artifact:2:206529,materialPrimary,ink
entity:artifact:2:206544,materialPrimary,iron
entity:artifact:2:206545,materialPrimary,paper
entity:artifact:2:206546,materialPrimary,paper
entity:artifact:2:206547,materialPrimary,paper
entity:artifact:2:206548,materialPrimary,paper
entity:artifact:2:206549,materialPrimary,paper
entity:artifact:2:206550,materialPrimary,paper
entity:artifact:2:206551,materialPrimary,paper
entity:artifact:2:206552,materialPrimary,paper
entity:artifact:2:206553,materialPrimary,paper
entity:artifact:2:206554,materialPrimary,paper
entity:artifact:2:206555,materialPrimary,paper
entity:artifact:2:206556,materialPrimary,paper
entity:artifact:2:206557,materialPrimary,paper
entity:artifact:2:206558,materialPrimary,paper
entity:artifact:2:206559,materialPrimary,paper
entity:artifact:2:206560,materialPrimary,paper
entity:artifact:2:206561,materialPrimary,paper
entity:artifact:2:206575,materialPrimary,silk
entity:artifact:2:206576,materialPrimary,paper
entity:artifact:2:206580,materialPrimary,silk
entity:artifact:2:206582,materialPrimary,silk
entity:artifact:2:206583,materialPrimary,paper
entity:artifact:2:206584,materialPrimary,paper
entity:artifact:2:206585,materialPrimary,paper
entity:artifact:2:206586,materialPrimary,ink
entity:artifact:2:206587,materialPrimary,ink
entity:artifact:2:206588,materialPrimary,ink
entity:artifact:2:206604,materialPrimary,paper
entity:artifact:2:206605,materialPrimary,paper
entity:artifact:2:206607,materialPrimary,paper
entity:artifact:2:206608,materialPrimary,paper
entity:artifact:2:206609,materialPrimary,paper
entity:artifact:2:206610,materialPrimary,paper
entity:artifact:2:206611,materialPrimary,paper
entity:artifact:2:206612,materialPrimary,paper
entity:artifact:2:206613,materialPrimary,paper
entity:artifact:2:206614,materialPrimary,paper
entity:artifact:2:206615,materialPrimary,paper
entity:artifact:2:206620,materialPrimary,paper
entity:artifact:2:206623,materialPrimary,paper
entity:artifact:2:206624,materialPrimary,paper
entity:artifact:2:206625,materialPrimary,paper
entity:artifact:2:206626,materialPrimary,paper
entity:artifact:2:206627,materialPrimary,paper
entity:artifact:2:206628,materialPrimary,paper
entity:artifact:2:206629,materialPrimary,paper
entity:artifact:2:206635,materialPrimary,wood
entity:artifact:2:20955,materialPrimary,earthenware
entity:artifact:2:20956,materialPrimary,silk
entity:artifact:2:20970,materialPrimary,earthenware
entity:artifact:2:20972,materialPrimary,porcelain
entity:artifact:2:20978,materialPrimary,earthenware
entity:artifact:2:209837,materialPrimary,bronze
entity:artifact:2:21115,materialPrimary,earthenware
entity:artifact:2:21116,materialPrimary,paper
entity:artifact:2:21117,materialPrimary,earthenware
entity:artifact:2:31296,materialPrimary,earthenware
entity:artifact:2:4586,materialPrimary,paper
entity:artifact:2:4587,materialPrimary,earthenware
entity:artifact:2:4588,materialPrimary,earthenware
entity:artifact:2:4615,materialPrimary,paper
entity:artifact:2:4640,materialPrimary,paper
entity:artifact:2:4641,materialPrimary,earthenware
entity:artifact:2:4642,materialPrimary,earthenware
entity:artifact:2:4644,materialPrimary,earthenware
entity:artifact:2:4645,materialPrimary,earthenware
entity:artifact:2:4646,materialPrimary,earthenware
entity:artifact:2:47472,materialPrimary,gold
entity:artifact:2:47501,materialPrimary,silk
entity:artifact:2:47502,materialPrimary,silk
entity:artifact:2:47503,materialPrimary,silk
entity:artifact:2:47504,materialPrimary,silk
entity:artifact:2:47768,materialPrimary,silk
entity:artifact:2:47769,materialPrimary,silk
entity:artifact:2:47770,materialPrimary,silk
entity:artifact:2:47803,materialPrimary,paper
entity:artifact:2:47804,materialPrimary,paper
entity:artifact:2:47805,materialPrimary,paper
entity:artifact:2:47806,materialPrimary,paper
entity:artifact:2:47807,materialPrimary,paper
entity:artifact:2:47808,materialPrimary,paper
entity:artifact:2:47809,materialPrimary,paper
entity:artifact:2:47965,materialPrimary,paper
entity:artifact:2:47966,materialPrimary,paper
entity:artifact:2:47967,materialPrimary,paper
entity:artifact:2:47968,materialPrimary,paper
entity:artifact:2:47969,materialPrimary,silk
entity:artifact:2:48082,materialPrimary,paper
entity:artifact:2:48083,materialPrimary,paper
entity:artifact:2:48084,materialPrimary,paper
entity:artifact:2:48085,materialPrimary,paper
entity:artifact:2:48086,materialPrimary,paper
entity:artifact:2:48087,materialPrimary,paper
entity:artifact:2:48125,materialPrimary,paper
entity:artifact:2:48126,materialPrimary,paper
entity:artifact:2:48127,materialPrimary,paper
entity:artifact:2:48128,materialPrimary,paper
entity:artifact:2:48129,materialPrimary,paper
entity:artifact:2:48130,materialPrimary,paper
entity:artifact:2:48131,materialPrimary,paper
entity:artifact:2:48132,materialPrimary,paper
entity:artifact:2:48145,materialPrimary,paper
entity:artifact:2:48146,materialPrimary,paper
entity:artifact:2:48147,materialPrimary,paper
entity:artifact:2:48148,materialPrimary,paper
entity:artifact:2:48149,materialPrimary,paper
entity:artifact:2:48150,materialPrimary,paper
entity:artifact:2:48182,materialPrimary,paper
entity:artifact:2:48183,materialPrimary,paper
entity:artifact:2:48237,materialPrimary,paper
entity:artifact:2:48238,materialPrimary,paper
entity:artifact:2:48239,materialPrimary,paper
entity:artifact:2:48240,materialPrimary,paper
entity:artifact:2:48241,materialPrimary,silk
entity:artifact:2:48242,materialPrimary,silk
entity:artifact:2:48243,materialPrimary,silk
entity:artifact:2:48284,materialPrimary,paper
entity:artifact:2:48285,materialPrimary,paper
entity:artifact:2:48286,materialPrimary,paper
entity:artifact:2:48287,materialPrimary,paper
entity:artifact:2:48288,materialPrimary,paper
entity:artifact:2:48289,materialPrimary,silk
entity:artifact:2:48331,materialPrimary,silk
entity:artifact:2:48332,materialPrimary,silk
entity:artifact:2:48370,materialPrimary,silk
entity:artifact:2:48371,materialPrimary,silk
entity:artifact:2:48372,materialPrimary,paper
entity:artifact:2:48395,materialPrimary,paper
entity:artifact:2:48562,materialPrimary,silk
entity:artifact:2:48563,materialPrimary,silk
entity:artifact:2:48564,materialPrimary,silk
entity:artifact:2:48565,materialPrimary,silk
entity:artifact:2:48601,materialPrimary,paper
entity:artifact:2:48602,materialPrimary,paper
entity:artifact:2:48603,materialPrimary,paper
entity:artifact:2:48604,materialPrimary,silk
entity:artifact:2:48605,materialPrimary,paper
entity:artifact:2:48606,materialPrimary,paper
entity:artifact:2:48607,materialPrimary,paper
entity:artifact:2:48613,materialPrimary,paper
entity:artifact:2:48614,materialPrimary,paper
entity:artifact:2:48644,materialPrimary,paper
entity:artifact:2:48645,materialPrimary,paper
entity:artifact:2:48646,materialPrimary,paper
entity:artifact:2:48647,materialPrimary,paper
entity:artifact:2:48648,materialPrimary,paper
entity:artifact:2:48649,materialPrimary,paper
entity:artifact:2:48650,materialPrimary,paper
entity:artifact:2:48651,materialPrimary,paper
entity:artifact:2:48652,materialPrimary,paper
entity:artifact:2:48661,materialPrimary,silk
entity:artifact:2:48662,materialPrimary,silk
entity:artifact:2:48663,materialPrimary,silk
entity:artifact:2:48664,materialPrimary,silk
entity:artifact:2:48665,materialPrimary,paper
entity:artifact:2:48666,materialPrimary,paper
entity:artifact:2:48670,materialPrimary,paper
entity:artifact:2:48671,materialPrimary,paper
entity:artifact:2:48672,materialPrimary,paper
entity:artifact:2:48673,materialPrimary,paper
entity:artifact:2:48783,materialPrimary,paper
entity:artifact:2:48784,materialPrimary,paper
entity:artifact:2:48785,materialPrimary,paper
entity:artifact:2:48786,materialPrimary,silk
entity:artifact:2:48787,materialPrimary,silk
entity:artifact:2:48788,materialPrimary,silk
entity:artifact:2:48789,materialPrimary,silk
entity:artifact:2:48790,materialPrimary,paper
entity:artifact:2:48791,materialPrimary,paper
entity:artifact:2:48792,materialPrimary,paper
entity:artifact:2:48793,materialPrimary,paper
entity:artifact:2:48794,materialPrimary,paper
entity:artifact:2:48795,materialPrimary,paper
entity:artifact:2:48796,materialPrimary,paper
entity:artifact:2:48797,materialPrimary,paper
entity:artifact:2:48828,materialPrimary,paper
entity:artifact:2:48829,materialPrimary,paper
entity:artifact:2:48830,materialPrimary,paper
entity:artifact:2:48831,materialPrimary,paper
entity:artifact:2:48832,materialPrimary,silk
entity:artifact:2:48833,materialPrimary,silk
entity:artifact:2:48834,materialPrimary,paper
entity:artifact:2:48835,materialPrimary,silk
entity:artifact:2:48836,materialPrimary,paper
entity:artifact:2:48837,materialPrimary,silk
entity:artifact:2:48838,materialPrimary,paper
entity:artifact:2:48839,materialPrimary,paper
entity:artifact:2:48840,materialPrimary,paper
entity:artifact:2:48841,materialPrimary,paper
entity:artifact:2:48842,materialPrimary,paper
entity:artifact:2:48843,materialPrimary,paper
entity:artifact:2:48844,materialPrimary,paper
entity:artifact:2:48847,materialPrimary,paper
entity:artifact:2:48848,materialPrimary,paper
entity:artifact:2:48849,materialPrimary,paper
entity:artifact:2:48887,materialPrimary,paper
entity:artifact:2:48888,materialPrimary,paper
entity:artifact:2:48930,materialPrimary,paper
entity:artifact:2:48931,materialPrimary,paper
entity:artifact:2:48932,materialPrimary,paper
entity:artifact:2:48933,materialPrimary,paper
entity:artifact:2:48934,materialPrimary,paper
entity:artifact:2:48935,materialPrimary,paper
entity:artifact:2:48939,materialPrimary,paper
entity:artifact:2:48940,materialPrimary,paper
entity:artifact:2:48941,materialPrimary,paper
entity:artifact:2:49026,materialPrimary,paper
entity:artifact:2:49038,materialPrimary,paper
entity:artifact:2:49048,materialPrimary,paper
entity:artifact:2:49049,materialPrimary,paper
entity:artifact:2:49050,materialPrimary,paper
entity:artifact:2:49051,materialPrimary,paper
entity:artifact:2:49052,materialPrimary,paper
entity:artifact:2:49053,materialPrimary,paper
entity:artifact:2:49054,materialPrimary,paper
entity:artifact:2:49055,materialPrimary,paper
entity:artifact:2:49056,materialPrimary,paper
entity:artifact:2:49057,materialPrimary,paper
entity:artifact:2:49101,materialPrimary,paper
entity:artifact:2:49113,materialPrimary,paper
entity:artifact:2:49114,materialPrimary,paper
entity:artifact:2:49115,materialPrimary,paper
entity:artifact:2:49116,materialPrimary,paper
entity:artifact:2:49117,materialPrimary,paper
entity:artifact:2:49118,materialPrimary,paper
entity:artifact:2:49119,materialPrimary,paper
entity:artifact:2:49120,materialPrimary,paper
entity:artifact:2:49121,materialPrimary,paper
entity:artifact:2:49122,materialPrimary,paper
entity:artifact:2:49123,materialPrimary,paper
entity:artifact:2:49124,materialPrimary,paper
entity:artifact:2:49125,materialPrimary,paper
entity:artifact:2:49126,materialPrimary,paper
entity:artifact:2:49149,materialPrimary,paper
entity:artifact:2:49150,materialPrimary,paper
entity:artifact:2:49151,materialPrimary,paper
entity:artifact:2:49152,materialPrimary,paper
entity:artifact:2:49153,materialPrimary,paper
entity:artifact:2:49154,materialPrimary,paper
entity:artifact:2:49155,materialPrimary,paper
entity:artifact:2:49156,materialPrimary,paper
entity:artifact:2:49169,materialPrimary,paper
entity:artifact:2:49170,materialPrimary,paper
entity:artifact:2:49180,materialPrimary,paper
entity:artifact:2:49184,materialPrimary,paper
entity:artifact:2:49190,materialPrimary,paper
entity:artifact:2:49191,materialPrimary,paper
entity:artifact:2:49192,materialPrimary,paper
entity:artifact:2:49193,materialPrimary,paper
entity:artifact:2:49194,materialPrimary,paper
entity:artifact:2:49213,materialPrimary,paper
entity:artifact:2:49214,materialPrimary,paper
entity:artifact:2:49215,materialPrimary,paper
entity:artifact:2:49216,materialPrimary,paper
entity:artifact:2:49217,materialPrimary,paper
entity:artifact:2:49218,materialPrimary,paper
entity:artifact:2:49219,materialPrimary,paper
entity:artifact:2:49220,materialPrimary,paper
entity:artifact:2:49221,materialPrimary,paper
entity:artifact:2:49222,materialPrimary,paper
entity:artifact:2:49223,materialPrimary,paper
entity:artifact:2:49224,materialPrimary,paper
entity:artifact:2:49225,materialPrimary,paper
entity:artifact:2:49265,materialPrimary,paper
entity:artifact:2:49266,materialPrimary,paper
entity:artifact:2:49267,materialPrimary,paper
entity:artifact:2:49268,materialPrimary,paper
entity:artifact:2:49269,materialPrimary,paper
entity:artifact:2:49278,materialPrimary,paper
entity:artifact:2:49279,materialPrimary,paper
entity:artifact:2:49502,materialPrimary,paper
entity:artifact:2:49511,materialPrimary,paper
entity:artifact:2:49523,materialPrimary,metal
entity:artifact:2:49524,materialPrimary,metal
entity:artifact:2:49525,materialPrimary,metal
entity:artifact:2:49526,materialPrimary,metal
entity:artifact:2:49574,materialPrimary,metal
entity:artifact:2:49575,materialPrimary,metal
entity:artifact:2:49576,materialPrimary,metal
entity:artifact:2:49577,materialPrimary,metal
entity:artifact:2:49578,materialPrimary,metal
entity:artifact:2:49579,materialPrimary,metal
entity:artifact:2:49580,materialPrimary,metal
entity:artifact:2:49581,materialPrimary,metal
entity:artifact:2:49582,materialPrimary,metal
entity:artifact:2:49583,materialPrimary,metal
entity:artifact:2:49627,materialPrimary,metal
entity:artifact:2:49628,materialPrimary,metal
entity:artifact:2:49629,materialPrimary,metal
entity:artifact:2:49630,materialPrimary,metal
entity:artifact:2:49631,materialPrimary,metal
entity:artifact:2:49632,materialPrimary,metal
entity:artifact:2:49633,materialPrimary,metal
entity:artifact:2:49634,materialPrimary,metal
entity:artifact:2:49635,materialPrimary,metal
entity:artifact:2:49636,materialPrimary,metal
entity:artifact:2:49663,materialPrimary,metal
entity:artifact:2:49664,materialPrimary,metal
entity:artifact:2:49666,materialPrimary,metal
entity:artifact:2:49667,materialPrimary,metal
entity:artifact:2:49735,materialPrimary,copper
entity:artifact:2:49736,materialPrimary,copper
entity:artifact:2:49737,materialPrimary,copper
entity:artifact:2:49738,materialPrimary,copper
entity:artifact:2:49739,materialPrimary,metal
entity:artifact:2:49740,materialPrimary,metal
entity:artifact:2:49741,materialPrimary,metal
entity:artifact:2:49742,materialPrimary,metal
entity:artifact:2:49743,materialPrimary,metal
entity:artifact:2:49744,materialPrimary,metal
entity:artifact:2:49745,materialPrimary,metal
entity:artifact:2:49746,materialPrimary,metal
entity:artifact:2:49815,materialPrimary,metal
entity:artifact:2:49816,materialPrimary,metal
entity:artifact:2:49817,materialPrimary,metal
entity:artifact:2:49818,materialPrimary,metal
entity:artifact:2:49819,materialPrimary,metal
entity:artifact:2:49820,materialPrimary,metal
entity:artifact:2:49821,materialPrimary,metal
entity:artifact:2:49822,materialPrimary,metal
entity:artifact:2:49852,materialPrimary,metal
entity:artifact:2:49854,materialPrimary,metal
entity:artifact:2:49855,materialPrimary,metal
entity:artifact:2:49856,materialPrimary,metal
entity:artifact:2:49857,materialPrimary,metal
entity:artifact:2:49858,materialPrimary,metal
entity:artifact:2:49859,materialPrimary,metal
entity:artifact:2:49860,materialPrimary,metal
entity:artifact:2:49861,materialPrimary,metal
entity:artifact:2:50060,materialPrimary,copper
entity:artifact:2:50061,materialPrimary,copper
entity:artifact:2:50062,materialPrimary,copper
entity:artifact:2:50063,materialPrimary,copper
entity:artifact:2:50064,materialPrimary,metal
entity:artifact:2:50065,materialPrimary,metal
entity:artifact:2:50066,materialPrimary,metal
entity:artifact:2:50067,materialPrimary,metal
entity:artifact:2:50068,materialPrimary,metal
entity:artifact:2:50069,materialPrimary,metal
entity:artifact:2:50070,materialPrimary,metal
entity:artifact:2:50071,materialPrimary,metal
entity:artifact:2:50072,materialPrimary,metal
entity:artifact:2:50110,materialPrimary,metal
entity:artifact:2:50111,materialPrimary,metal
entity:artifact:2:50112,materialPrimary,metal
entity:artifact:2:50114,materialPrimary,metal
entity:artifact:2:50115,materialPrimary,metal
entity:artifact:2:50116,materialPrimary,metal
entity:artifact:2:5144,materialPrimary,paper
entity:artifact:2:5145,materialPrimary,paper
entity:artifact:2:5146,materialPrimary,textile
entity:artifact:2:5189,materialPrimary,paper
entity:artifact:2:5204,materialPrimary,paper
entity:artifact:2:5205,materialPrimary,paper
entity:artifact:2:5215,materialPrimary,paper
entity:artifact:2:5216,materialPrimary,paper
entity:artifact:2:5217,materialPrimary,paper
entity:artifact:2:5218,materialPrimary,paper
entity:artifact:2:5219,materialPrimary,paper
entity:artifact:2:5220,materialPrimary,paper
entity:artifact:2:5221,materialPrimary,paper
entity:artifact:2:5222,materialPrimary,paper
entity:artifact:2:52757,materialPrimary,earthenware
entity:artifact:2:5277,materialPrimary,earthenware
entity:artifact:2:5368,materialPrimary,paper
entity:artifact:2:5369,materialPrimary,paper
entity:artifact:2:54111,materialPrimary,paper
entity:artifact:2:54270,materialPrimary,earthenware
entity:artifact:2:54285,materialPrimary,porcelain
entity:artifact:2:54286,materialPrimary,earthenware
entity:artifact:2:54287,materialPrimary,earthenware
entity:artifact:2:54289,materialPrimary,earthenware
entity:artifact:2:54307,materialPrimary,silver
entity:artifact:2:54308,materialPrimary,silver
entity:artifact:2:54340,materialPrimary,porcelain
entity:artifact:2:54341,materialPrimary,earthenware
entity:artifact:2:54342,materialPrimary,earthenware
entity:artifact:2:54343,materialPrimary,earthenware
entity:artifact:2:54354,materialPrimary,silver
entity:artifact:2:54355,materialPrimary,silver
entity:artifact:2:54372,materialPrimary,silver
entity:artifact:2:54373,materialPrimary,silver
entity:artifact:2:54389,materialPrimary,silver
entity:artifact:2:54390,materialPrimary,silver
entity:artifact:2:54391,materialPrimary,silver
entity:artifact:2:54407,materialPrimary,silver
entity:artifact:2:54408,materialPrimary,silver
entity:artifact:2:54409,materialPrimary,silver
entity:artifact:2:54410,materialPrimary,silver
entity:artifact:2:54411,materialPrimary,silver
entity:artifact:2:54471,materialPrimary,earthenware
entity:artifact:2:54481,materialPrimary,earthenware
entity:artifact:2:54482,materialPrimary,earthenware
entity:artifact:2:54492,materialPrimary,silver
entity:artifact:2:54493,materialPrimary,silver
entity:artifact:2:54494,materialPrimary,silver
entity:artifact:2:54495,materialPrimary,silver
entity:artifact:2:54496,materialPrimary,silver
entity:artifact:2:54527,materialPrimary,silver
entity:artifact:2:54528,materialPrimary,silver
entity:artifact:2:54529,materialPrimary,silver
entity:artifact:2:54530,materialPrimary,silver
entity:artifact:2:54550,materialPrimary,earthenware
entity:artifact:2:54593,materialPrimary,silver
entity:artifact:2:54594,materialPrimary,silver
entity:artifact:2:54595,materialPrimary,silver
entity:artifact:2:54596,materialPrimary,silver
entity:artifact:2:54597,materialPrimary,silver
entity:artifact:2:54631,materialPrimary,earthenware
entity:artifact:2:54632,materialPrimary,earthenware
entity:artifact:2:54633,materialPrimary,bronze
entity:artifact:2:54634,materialPrimary,porcelain
entity:artifact:2:54635,materialPrimary,earthenware
entity:artifact:2:54636,materialPrimary,earthenware
entity:artifact:2:54662,materialPrimary,silver
entity:artifact:2:54663,materialPrimary,silver
entity:artifact:2:54664,materialPrimary,silver
entity:artifact:2:54665,materialPrimary,silver
entity:artifact:2:54666,materialPrimary,silver
entity:artifact:2:54667,materialPrimary,silver
entity:artifact:2:54669,materialPrimary,silver
entity:artifact:2:54670,materialPrimary,silver
entity:artifact:2:54671,materialPrimary,silver
entity:artifact:2:54672,materialPrimary,silver
entity:artifact:2:54687,materialPrimary,silver
entity:artifact:2:54688,materialPrimary,silver
entity:artifact:2:54689,materialPrimary,silver
entity:artifact:2:54729,materialPrimary,silver
entity:artifact:2:54730,materialPrimary,silver
entity:artifact:2:54731,materialPrimary,silver
entity:artifact:2:54732,materialPrimary,silver
entity:artifact:2:54733,materialPrimary,silver
entity:artifact:2:54734,materialPrimary,silver
entity:artifact:2:54735,materialPrimary,silver
entity:artifact:2:54736,materialPrimary,silver
entity:artifact:2:54737,materialPrimary,silver
entity:artifact:2:54807,materialPrimary,silver
entity:artifact:2:54861,materialPrimary,earthenware
entity:artifact:2:54893,materialPrimary,silver
entity:artifact:2:54894,materialPrimary,silver
entity:artifact:2:54895,materialPrimary,silver
entity:artifact:2:54915,materialPrimary,earthenware
entity:artifact:2:54917,materialPrimary,earthenware
entity:artifact:2:54920,materialPrimary,earthenware
entity:artifact:2:54936,materialPrimary,silver
entity:artifact:2:54937,materialPrimary,silver
entity:artifact:2:54938,materialPrimary,silver
entity:artifact:2:54939,materialPrimary,porcelain
entity:artifact:2:5499,materialPrimary,paper
entity:artifact:2:5500,materialPrimary,paper
entity:artifact:2:5501,materialPrimary,paper
entity:artifact:2:5502,materialPrimary,paper
entity:artifact:2:55040,materialPrimary,silver
entity:artifact:2:55041,materialPrimary,silver
entity:artifact:2:55042,materialPrimary,silver
entity:artifact:2:55043,materialPrimary,silver
entity:artifact:2:55044,materialPrimary,silver
entity:artifact:2:55045,materialPrimary,silver
entity:artifact:2:55059,materialPrimary,silver
entity:artifact:2:55060,materialPrimary,silver
entity:artifact:2:55061,materialPrimary,silver
entity:artifact:2:55063,materialPrimary,silver
entity:artifact:2:55088,materialPrimary,silver
entity:artifact:2:55117,materialPrimary,silver
entity:artifact:2:55118,materialPrimary,silver
entity:artifact:2:55119,materialPrimary,silver
entity:artifact:2:55120,materialPrimary,silver
entity:artifact:2:55121,materialPrimary,silver
entity:artifact:2:55122,materialPrimary,silver
entity:artifact:2:55123,materialPrimary,silver
entity:artifact:2:55124,materialPrimary,silver
entity:artifact:2:55154,materialPrimary,silver
entity:artifact:2:55155,materialPrimary,silver
entity:artifact:2:55156,materialPrimary,silver
entity:artifact:2:55157,materialPrimary,silver
entity:artifact:2:55158,materialPrimary,silver
entity:artifact:2:55171,materialPrimary,silver
entity:artifact:2:55172,materialPrimary,silver
entity:artifact:2:55173,materialPrimary,silver
entity:artifact:2:55174,materialPrimary,silver
entity:artifact:2:55175,materialPrimary,silver
entity:artifact:2:55176,materialPrimary,silver
entity:artifact:2:55195,materialPrimary,wood
entity:artifact:2:55219,materialPrimary,silk
entity:artifact:2:5524,materialPrimary,paper
entity:artifact:2:5525,materialPrimary,paper
entity:artifact:2:55395,materialPrimary,silver
entity:artifact:2:55674,materialPrimary,silk
entity:artifact:2:5661,materialPrimary,silk
entity:artifact:2:56693,materialPrimary,bronze
entity:artifact:2:56694,materialPrimary,bronze
entity:artifact:2:5673,materialPrimary,paper
entity:artifact:2:57191,materialPrimary,bronze
entity:artifact:2:57192,materialPrimary,bronze
entity:artifact:2:57193,materialPrimary,bronze
entity:artifact:2:57205,materialPrimary,bronze
entity:artifact:2:57206,materialPrimary,bronze
entity:artifact:2:57207,materialPrimary,bronze
entity:artifact:2:57216,materialPrimary,bronze
entity:artifact:2:57217,materialPrimary,bronze
entity:artifact:2:5859,materialPrimary,earthenware
entity:artifact:2:58969,materialPrimary,earthenware
entity:artifact:2:59008,materialPrimary,bronze
entity:artifact:2:6314,materialPrimary,bronze
entity:artifact:2:6315,materialPrimary,bronze
entity:artifact:2:6758,materialPrimary,earthenware
entity:artifact:2:6759,materialPrimary,earthenware
entity:artifact:2:6760,materialPrimary,porcelain
entity:artifact:2:6762,materialPrimary,nephrite
entity:artifact:2:6786,materialPrimary,earthenware
entity:artifact:2:6791,materialPrimary,earthenware
entity:artifact:2:6797,materialPrimary,earthenware
entity:artifact:2:70044,materialPrimary,textile
entity:artifact:2:70462,materialPrimary,paper
entity:artifact:2:70467,materialPrimary,earthenware
entity:artifact:2:70470,materialPrimary,paper
entity:artifact:2:70471,materialPrimary,earthenware
entity:artifact:2:70622,materialPrimary,earthenware
entity:artifact:2:70637,materialPrimary,silk
entity:artifact:2:70724,materialPrimary,earthenware
entity:artifact:2:70759,materialPrimary,paper
entity:artifact:2:71735,materialPrimary,earthenware
entity:artifact:2:72326,materialPrimary,bronze
entity:artifact:2:73665,materialPrimary,paper
entity:artifact:2:73713,materialPrimary,earthenware
entity:artifact:2:73719,materialPrimary,earthenware
entity:artifact:2:73720,materialPrimary,earthenware
entity:artifact:2:73730,materialPrimary,earthenware
entity:artifact:2:73737,materialPrimary,stone
entity:artifact:2:77785,materialPrimary,wood
entity:artifact:2:77864,materialPrimary,paper
entity:artifact:2:77878,materialPrimary,earthenware
entity:artifact:2:78047,materialPrimary,paper
entity:artifact:2:78048,materialPrimary,paper
entity:artifact:2:78261,materialPrimary,earthenware
entity:artifact:2:8001,materialPrimary,earthenware
entity:artifact:2:92161,materialPrimary,silver
entity:artifact:2:92230,materialPrimary,stone
entity:artifact:2:92261,materialPrimary,paper
entity:artifact:2:92262,materialPrimary,paper
entity:artifact:2:92263,materialPrimary,paper
entity:artifact:2:92264,materialPrimary,paper
entity:artifact:2:92265,materialPrimary,paper
entity:artifact:2:92266,materialPrimary,paper
entity:artifact:2:92267,materialPrimary,paper
entity:artifact:2:92268,materialPrimary,paper
entity:artifact:2:92269,materialPrimary,paper
entity:artifact:2:92270,materialPrimary,textile
entity:artifact:2:92314,materialPrimary,paper
entity:artifact:2:92315,materialPrimary,paper
entity:artifact:2:92316,materialPrimary,paper
entity:artifact:2:92317,materialPrimary,paper
entity:artifact:2:92318,materialPrimary,paper
entity:artifact:2:92319,materialPrimary,paper
entity:artifact:2:92400,materialPrimary,paper
entity:artifact:2:92401,materialPrimary,paper
entity:artifact:2:92402,materialPrimary,paper
entity:artifact:2:92403,materialPrimary,paper
entity:artifact:2:92404,materialPrimary,paper
entity:artifact:2:92405,materialPrimary,paper
entity:artifact:2:92406,materialPrimary,paper
entity:artifact:2:92420,materialPrimary,paper
entity:artifact:2:92421,materialPrimary,paper
entity:artifact:2:92422,materialPrimary,paper
entity:artifact:2:92423,materialPrimary,paper
entity:artifact:2:92424,materialPrimary,paper
entity:artifact:2:92425,materialPrimary,paper
entity:artifact:2:92426,materialPrimary,paper
entity:artifact:2:92427,materialPrimary,paper
entity:artifact:2:92428,materialPrimary,paper
entity:artifact:2:92501,materialPrimary,paper
entity:artifact:2:92502,materialPrimary,paper
entity:artifact:2:92503,materialPrimary,paper
entity:artifact:2:92504,materialPrimary,paper
entity:artifact:2:92505,materialPrimary,paper
entity:artifact:2:92506,materialPrimary,paper
entity:artifact:2:92536,materialPrimary,clay
entity:artifact:2:92537,materialPrimary,paper
entity:artifact:2:92538,materialPrimary,paper
entity:artifact:2:92539,materialPrimary,paper
entity:artifact:2:92540,materialPrimary,paper
entity:artifact:2:92541,materialPrimary,paper
entity:artifact:2:92542,materialPrimary,paper
entity:artifact:2:92543,materialPrimary,paper
entity:artifact:2:92544,materialPrimary,paper
entity:artifact:2:92545,materialPrimary,paper
entity:artifact:2:92546,materialPrimary,paper
entity:artifact:2:92547,materialPrimary,paper
entity:artifact:2:92548,materialPrimary,paper
entity:artifact:2:92549,materialPrimary,paper
entity:artifact:2:92550,materialPrimary,paper
entity:artifact:2:92551,materialPrimary,paper
entity:artifact:2:92552,materialPrimary,paper
entity:artifact:2:92553,materialPrimary,paper
entity:artifact:2:92571,materialPrimary,paper
entity:artifact:2:92572,materialPrimary,paper
entity:artifact:2:92573,materialPrimary,paper
entity:artifact:2:92574,materialPrimary,paper
entity:artifact:2:92575,materialPrimary,paper
entity:artifact:2:92576,materialPrimary,paper
entity:artifact:2:92577,materialPrimary,paper
entity:artifact:2:92578,materialPrimary,paper
entity:artifact:2:92579,materialPrimary,paper
entity:artifact:2:92580,materialPrimary,paper
entity:artifact:2:92581,materialPrimary,paper
entity:artifact:2:92592,materialPrimary,paper
entity:artifact:2:92593,materialPrimary,paper
entity:artifact:2:92594,materialPrimary,paper
entity:artifact:2:92595,materialPrimary,paper
entity:artifact:2:92596,materialPrimary,paper
entity:artifact:2:92597,materialPrimary,paper
entity:artifact:2:92598,materialPrimary,paper
entity:artifact:2:92599,materialPrimary,paper
entity:artifact:2:92600,materialPrimary,textile
entity:artifact:2:92611,materialPrimary,earthenware
entity:artifact:2:92612,materialPrimary,earthenware
entity:artifact:2:92622,materialPrimary,earthenware
entity:artifact:2:92689,materialPrimary,paper
entity:artifact:2:92690,materialPrimary,paper
entity:artifact:2:92691,materialPrimary,paper
entity:artifact:2:92692,materialPrimary,paper
entity:artifact:2:92693,materialPrimary,paper
entity:artifact:2:92694,materialPrimary,paper
entity:artifact:2:92695,materialPrimary,paper
entity:artifact:2:92696,materialPrimary,paper
entity:artifact:2:92717,materialPrimary,paper
entity:artifact:2:92735,materialPrimary,paper
entity:artifact:2:92736,materialPrimary,paper
entity:artifact:2:92737,materialPrimary,paper
entity:artifact:2:92738,materialPrimary,paper
entity:artifact:2:92739,materialPrimary,paper
entity:artifact:2:92740,materialPrimary,paper
entity:artifact:2:92741,materialPrimary,paper
entity:artifact:2:92742,materialPrimary,paper
entity:artifact:2:92743,materialPrimary,paper
entity:artifact:2:92744,materialPrimary,paper
entity:artifact:2:92745,materialPrimary,paper
entity:artifact:2:92746,materialPrimary,paper
entity:artifact:2:92747,materialPrimary,paper
entity:artifact:2:92748,materialPrimary,paper
entity:artifact:2:92749,materialPrimary,paper
entity:artifact:2:92750,materialPrimary,paper
entity:artifact:2:92751,materialPrimary,paper
entity:artifact:2:92752,materialPrimary,paper
entity:artifact:2:92753,materialPrimary,paper
entity:artifact:2:92754,materialPrimary,paper
entity:artifact:2:92755,materialPrimary,paper
entity:artifact:2:92781,materialPrimary,paper
entity:artifact:2:92782,materialPrimary,paper
entity:artifact:2:92783,materialPrimary,paper
entity:artifact:2:92784,materialPrimary,paper
entity:artifact:2:92785,materialPrimary,paper
entity:artifact:2:92971,materialPrimary,earthenware
entity:artifact:2:92972,materialPrimary,earthenware
entity:artifact:2:92973,materialPrimary,earthenware
entity:artifact:2:93183,materialPrimary,paper
entity:artifact:2:93322,materialPrimary,paper
entity:artifact:2:93620,materialPrimary,earthenware
entity:artifact:2:93621,materialPrimary,earthenware
entity:artifact:2:93622,materialPrimary,earthenware
entity:artifact:2:93653,materialPrimary,earthenware
entity:artifact:2:93654,materialPrimary,earthenware
entity:artifact:2:93665,materialPrimary,earthenware
entity:artifact:2:93703,materialPrimary,earthenware
entity:artifact:2:94013,materialPrimary,paper
entity:artifact:2:94014,materialPrimary,paper
entity:artifact:2:94015,materialPrimary,paper
entity:artifact:2:94016,materialPrimary,paper
entity:artifact:2:94036,materialPrimary,paper
entity:artifact:2:94037,materialPrimary,paper
entity:artifact:2:94038,materialPrimary,paper
entity:artifact:2:94039,materialPrimary,paper
entity:artifact:2:94040,materialPrimary,paper
entity:artifact:2:94041,materialPrimary,paper
entity:artifact:2:94061,materialPrimary,paper
entity:artifact:2:94062,materialPrimary,paper
entity:artifact:2:94063,materialPrimary,paper
entity:artifact:2:94068,materialPrimary,earthenware
entity:artifact:2:94110,materialPrimary,paper
entity:artifact:2:94111,materialPrimary,paper
entity:artifact:2:94213,materialPrimary,paper
entity:artifact:2:94272,materialPrimary,earthenware
entity:artifact:2:94273,materialPrimary,earthenware
entity:artifact:2:94333,materialPrimary,paper
entity:artifact:2:94334,materialPrimary,paper
entity:artifact:2:94335,materialPrimary,paper
entity:artifact:2:94336,materialPrimary,paper
entity:artifact:2:94337,materialPrimary,paper
entity:artifact:2:94338,materialPrimary,paper
entity:artifact:2:94339,materialPrimary,paper
entity:artifact:2:94340,materialPrimary,paper
entity:artifact:2:94343,materialPrimary,paper
entity:artifact:2:94357,materialPrimary,earthenware
entity:artifact:2:94518,materialPrimary,paper
entity:artifact:2:94519,materialPrimary,paper
entity:artifact:2:94520,materialPrimary,paper
entity:artifact:2:94521,materialPrimary,paper
entity:artifact:2:94522,materialPrimary,paper
entity:artifact:2:94538,materialPrimary,bronze
entity:artifact:2:94643,materialPrimary,paper
entity:artifact:2:94669,materialPrimary,paper
entity:artifact:2:94670,materialPrimary,paper
entity:artifact:2:94671,materialPrimary,paper
entity:artifact:2:94680,materialPrimary,paper
entity:artifact:2:94695,materialPrimary,paper
entity:artifact:2:94696,materialPrimary,paper
entity:artifact:2:96180,materialPrimary,paper
entity:artifact:2:96415,materialPrimary,paper
entity:artifact:2:96416,materialPrimary,paper
entity:artifact:2:96417,materialPrimary,paper
entity:artifact:2:96511,materialPrimary,paper
entity:artifact:2:96512,materialPrimary,paper
entity:artifact:2:96513,materialPrimary,paper
entity:artifact:2:96514,materialPrimary,paper
entity:artifact:2:96515,materialPrimary,paper
entity:artifact:2:96601,materialPrimary,paper
entity:artifact:2:96602,materialPrimary,paper
entity:artifact:2:96603,materialPrimary,paper
entity:artifact:2:96604,materialPrimary,paper
entity:artifact:2:96605,materialPrimary,paper
entity:artifact:2:96606,materialPrimary,paper
entity:artifact:2:96665,materialPrimary,paper
entity:artifact:2:96666,materialPrimary,paper
entity:artifact:2:96667,materialPrimary,paper
entity:artifact:2:96752,materialPrimary,paper
entity:artifact:2:96779,materialPrimary,paper
entity:artifact:2:96780,materialPrimary,paper
entity:artifact:2:96781,materialPrimary,paper
entity:artifact:2:96782,materialPrimary,paper
entity:artifact:2:96783,materialPrimary,paper
entity:artifact:2:96784,materialPrimary,paper
entity:artifact:2:96796,materialPrimary,paper
entity:artifact:2:96797,materialPrimary,paper
entity:artifact:2:96798,materialPrimary,paper
entity:artifact:2:96799,materialPrimary,paper
entity:artifact:2:96800,materialPrimary,paper
entity:artifact:2:96801,materialPrimary,paper
entity:artifact:2:96802,materialPrimary,paper
entity:artifact:2:96803,materialPrimary,paper
entity:artifact:2:96809,materialPrimary,paper
entity:artifact:2:96812,materialPrimary,paper
entity:artifact:2:96813,materialPrimary,paper
entity:artifact:2:96814,materialPrimary,paper
entity:artifact:2:96815,materialPrimary,paper
entity:artifact:2:96816,materialPrimary,paper
entity:artifact:2:96817,materialPrimary,paper
entity:artifact:2:96818,materialPrimary,paper
entity:artifact:2:96819,materialPrimary,paper
entity:artifact:2:96820,materialPrimary,paper
entity:artifact:2:96821,materialPrimary,paper
entity:artifact:2:96822,materialPrimary,paper
entity:artifact:2:96823,materialPrimary,paper
entity:artifact:2:96832,materialPrimary,earthenware
entity:artifact:2:96842,materialPrimary,paper
entity:artifact:2:96873,materialPrimary,paper
entity:artifact:2:96874,materialPrimary,paper
entity:artifact:2:96875,materialPrimary,paper
entity:artifact:2:96876,materialPrimary,paper
entity:artifact:2:96877,materialPrimary,paper
entity:artifact:2:96878,materialPrimary,paper
entity:artifact:2:96879,materialPrimary,paper
entity:artifact:2:96914,materialPrimary,paper
entity:artifact:2:96915,materialPrimary,paper
entity:artifact:2:96916,materialPrimary,paper
entity:artifact:2:96917,materialPrimary,paper
entity:artifact:2:96918,materialPrimary,paper
entity:artifact:2:96919,materialPrimary,paper
entity:artifact:2:96937,materialPrimary,paper
entity:artifact:2:96938,materialPrimary,paper
entity:artifact:2:96939,materialPrimary,paper
entity:artifact:2:96940,materialPrimary,paper
entity:artifact:2:96941,materialPrimary,paper
entity:artifact:2:96942,materialPrimary,paper
entity:artifact:2:96943,materialPrimary,paper
entity:artifact:2:96944,materialPrimary,paper
entity:artifact:2:96945,materialPrimary,paper
entity:artifact:2:96966,materialPrimary,paper
entity:artifact:2:96967,materialPrimary,paper
entity:artifact:2:96968,materialPrimary,paper
entity:artifact:2:96979,materialPrimary,paper
entity:artifact:2:96987,materialPrimary,paper
entity:artifact:2:96988,materialPrimary,paper
entity:artifact:2:97017,materialPrimary,paper
entity:artifact:2:97103,materialPrimary,paper
entity:artifact:2:97104,materialPrimary,paper
entity:artifact:2:97105,materialPrimary,paper
entity:artifact:2:97106,materialPrimary,paper
entity:artifact:2:97107,materialPrimary,paper
entity:artifact:2:97108,materialPrimary,paper
entity:artifact:2:97164,materialPrimary,paper
entity:artifact:2:97165,materialPrimary,paper
entity:artifact:2:97209,materialPrimary,paper
entity:artifact:2:97210,materialPrimary,paper
entity:artifact:2:97276,materialPrimary,earthenware
entity:artifact:2:97296,materialPrimary,earthenware
entity:artifact:2:97375,materialPrimary,paper
entity:artifact:2:97376,materialPrimary,paper
entity:artifact:2:97377,materialPrimary,paper
entity:artifact:2:97379,materialPrimary,earthenware
entity:artifact:2:97380,materialPrimary,earthenware
entity:artifact:2:99543,materialPrimary,earthenware
entity:artifact:2:99777,materialPrimary,earthenware
entity:artifact:2:99779,materialPrimary,earthenware
entity:artifact:2:99837,materialPrimary,earthenware
entity:artifact:2:99839,materialPrimary,earthenware
entity:artifact:2:99841,materialPrimary,earthenware
entity:artifact:2:99854,materialPrimary,earthenware
entity:artifact:2:99888,materialPrimary,earthenware
entity:artifact:2:99889,materialPrimary,earthenware
entity:artifact:2:99895,materialPrimary,earthenware
entity:artifact:3:00.486,materialPrimary,silk
entity:artifact:3:00.488,materialPrimary,silk
entity:artifact:3:00.581,materialPrimary,silk
entity:artifact:3:00.613,materialPrimary,silk
entity:artifact:3:01.5661,materialPrimary,silk
entity:artifact:3:01.5662,materialPrimary,silk
entity:artifact:3:01.5719,materialPrimary,porcelain
entity:artifact:3:01.5721,materialPrimary,porcelain
entity:artifact:3:01.5722,materialPrimary,porcelain
entity:artifact:3:01.5726,materialPrimary,porcelain
entity:artifact:3:01.5731,materialPrimary,porcelain
entity:artifact:3:01.5732,materialPrimary,porcelain
entity:artifact:3:01.5745,materialPrimary,porcelain
entity:artifact:3:01.5748,materialPrimary,porcelain
entity:artifact:3:01.5771,materialPrimary,porcelain
entity:artifact:3:01.5772,materialPrimary,porcelain
entity:artifact:3:01.5804,materialPrimary,porcelain
entity:artifact:3:01.5812,materialPrimary,porcelain
entity:artifact:3:01.6264,materialPrimary,silk
entity:artifact:3:01.6402,materialPrimary,glass
entity:artifact:3:01.6720a-d,materialPrimary,lacquer
entity:artifact:3:02.344,materialPrimary,silk
entity:artifact:3:02.345,materialPrimary,silk
entity:artifact:3:02.346,materialPrimary,silk
entity:artifact:3:02.347,materialPrimary,silk
entity:artifact:3:02.348,materialPrimary,silk
entity:artifact:3:02.349,materialPrimary,silk
entity:artifact:3:02.350,materialPrimary,silk
entity:artifact:3:02.353,materialPrimary,silk
entity:artifact:3:02.354,materialPrimary,silk
entity:artifact:3:02.358,materialPrimary,silk
entity:artifact:3:02.393,materialPrimary,silk
entity:artifact:3:02.394,materialPrimary,silk
entity:artifact:3:02.396,materialPrimary,silk
entity:artifact:3:02.397,materialPrimary,silk
entity:artifact:3:02.398,materialPrimary,silk
entity:artifact:3:02.399,materialPrimary,silk
entity:artifact:3:02.401,materialPrimary,silk
entity:artifact:3:02.402,materialPrimary,silk
entity:artifact:3:02.48,materialPrimary,silk
entity:artifact:3:02.485,materialPrimary,silk
entity:artifact:3:02.49,materialPrimary,silk
entity:artifact:3:02.50,materialPrimary,silk
entity:artifact:3:02.51,materialPrimary,silk
entity:artifact:3:02.52,materialPrimary,silk
entity:artifact:3:02.53,materialPrimary,silk
entity:artifact:3:02.54,materialPrimary,silk
entity:artifact:3:02.55,materialPrimary,silk
entity:artifact:3:02.56,materialPrimary,silk
entity:artifact:3:02.57,materialPrimary,silk
entity:artifact:3:02.58,materialPrimary,silk
entity:artifact:3:02.59,materialPrimary,silk
entity:artifact:3:02.60,materialPrimary,silk
entity:artifact:3:02.62,materialPrimary,silk
entity:artifact:3:02.63,materialPrimary,silk
entity:artifact:3:02.64,materialPrimary,silk
entity:artifact:3:02.65,materialPrimary,silk
entity:artifact:3:02.66,materialPrimary,silk
entity:artifact:3:02.67,materialPrimary,silk
entity:artifact:3:02.68,materialPrimary,silk
entity:artifact:3:03.100,materialPrimary,porcelain
entity:artifact:3:03.102,materialPrimary,porcelain
entity:artifact:3:03.104,materialPrimary,porcelain
entity:artifact:3:03.1046,materialPrimary,silk
entity:artifact:3:03.108,materialPrimary,porcelain
entity:artifact:3:03.1157a-b,materialPrimary,bronze
entity:artifact:3:03.119,materialPrimary,porcelain
entity:artifact:3:03.122,materialPrimary,porcelain
entity:artifact:3:03.146,materialPrimary,porcelain
entity:artifact:3:03.719,materialPrimary,silk
entity:artifact:3:03.94,materialPrimary,porcelain
entity:artifact:3:03.99,materialPrimary,porcelain
entity:artifact:3:04.148,materialPrimary,ceramic
entity:artifact:3:04.1693a,materialPrimary,silk
entity:artifact:3:04.235,materialPrimary,silk
entity:artifact:3:04.236,materialPrimary,earthenware
entity:artifact:3:04.276,materialPrimary,silk
entity:artifact:3:04.277,materialPrimary,silk
entity:artifact:3:05.199,materialPrimary,silk
entity:artifact:3:05.210,materialPrimary,silk
entity:artifact:3:06.163a,materialPrimary,earthenware
entity:artifact:3:06.170,materialPrimary,bronze
entity:artifact:3:06.172,materialPrimary,bronze
entity:artifact:3:06.173,materialPrimary,metal
entity:artifact:3:06.179a-b,materialPrimary,bronze
entity:artifact:3:06.1899,materialPrimary,silk
entity:artifact:3:06.1902,materialPrimary,silk
entity:artifact:3:06.2410,materialPrimary,silk
entity:artifact:3:06.2443a-b,materialPrimary,enamel
entity:artifact:3:06.2445a-c,materialPrimary,jade
entity:artifact:3:07.11,materialPrimary,porcelain
entity:artifact:3:07.159,materialPrimary,bronze
entity:artifact:3:07.172,materialPrimary,bronze
entity:artifact:3:07.203,materialPrimary,bronze
entity:artifact:3:07.222,materialPrimary,bronze
entity:artifact:3:07.245,materialPrimary,bronze
entity:artifact:3:07.251,materialPrimary,earthenware
entity:artifact:3:07.253,materialPrimary,earthenware
entity:artifact:3:07.31,materialPrimary,porcelain
entity:artifact:3:07.50,materialPrimary,porcelain
entity:artifact:3:07.513,materialPrimary,bronze
entity:artifact:3:07.66,materialPrimary,porcelain
entity:artifact:3:07.718,materialPrimary,stone
entity:artifact:3:07.732,materialPrimary,stone
entity:artifact:3:07.734,materialPrimary,stone
entity:artifact:3:07.735,materialPrimary,stone
entity:artifact:3:07.738,materialPrimary,stone
entity:artifact:3:07.740,materialPrimary,stone
entity:artifact:3:07.741,materialPrimary,stone
entity:artifact:3:07.743,materialPrimary,stone
entity:artifact:3:07.750,materialPrimary,stone
entity:artifact:3:07.76,materialPrimary,porcelain
entity:artifact:3:07.832,materialPrimary,silk
entity:artifact:3:07.850,materialPrimary,silk
entity:artifact:3:07.879a,materialPrimary,bronze
entity:artifact:3:08.105,materialPrimary,silk
entity:artifact:3:08.120,materialPrimary,silk
entity:artifact:3:08.121,materialPrimary,silk
entity:artifact:3:08.273,materialPrimary,silk
entity:artifact:3:08.422,materialPrimary,bronze
entity:artifact:3:08.425,materialPrimary,bronze
entity:artifact:3:08.426,materialPrimary,bronze
entity:artifact:3:08.68,materialPrimary,ceramic
entity:artifact:3:11.4005,materialPrimary,silk
entity:artifact:3:11.4009,materialPrimary,silk
entity:artifact:3:11.6148,materialPrimary,silk
entity:artifact:3:11.6152,materialPrimary,silk
entity:artifact:3:11.6157,materialPrimary,silk
entity:artifact:3:14.54,materialPrimary,silk
entity:artifact:3:14.76,materialPrimary,silk
entity:artifact:3:14.80,materialPrimary,silk
entity:artifact:3:15.888,materialPrimary,silk
entity:artifact:3:15.891,materialPrimary,silk
entity:artifact:3:15.896,materialPrimary,silk
entity:artifact:3:15.897,materialPrimary,silk
entity:artifact:3:17.191,materialPrimary,silk
entity:artifact:3:17.197,materialPrimary,silk
entity:artifact:3:17.698,materialPrimary,silk
entity:artifact:3:17.746,materialPrimary,silk
entity:artifact:3:1973.173,materialPrimary,silk
entity:artifact:3:1974.305,materialPrimary,paper
entity:artifact:3:1974.528,materialPrimary,silk
entity:artifact:3:1975.314,materialPrimary,paper
entity:artifact:3:1979.203,materialPrimary,silk
entity:artifact:3:29.1155,materialPrimary,silk
entity:artifact:3:34.539,materialPrimary,textile
entity:artifact:3:56.257,materialPrimary,paper
entity:artifact:3:56.496,materialPrimary,silk
entity:artifact:3:85.21,materialPrimary,silk
entity:artifact:3:85.22,materialPrimary,silk
entity:artifact:3:85.23,materialPrimary,silk
entity:artifact:3:85.24,materialPrimary,silk
entity:artifact:3:86.68,materialPrimary,silk
entity:artifact:3:86.69,materialPrimary,silk
entity:artifact:3:86.70,materialPrimary,silk
entity:artifact:3:87.38,materialPrimary,silk
entity:artifact:3:92.2635,materialPrimary,earthenware
entity:artifact:3:92.2699,materialPrimary,earthenware
entity:artifact:3:92.2707a-b,materialPrimary,lacquer
entity:artifact:3:92.2718a-b,materialPrimary,silk
entity:artifact:3:92.2719,materialPrimary,silk
entity:artifact:3:92.2721,materialPrimary,silk
entity:artifact:3:92.2722,materialPrimary,silk
entity:artifact:3:92.2723,materialPrimary,silk
entity:artifact:3:92.2724,materialPrimary,silk
entity:artifact:3:92.2725,materialPrimary,paper
entity:artifact:3:92.2726,materialPrimary,paper
entity:artifact:3:92.2727,materialPrimary,paper
entity:artifact:3:92.2728,materialPrimary,pigment
entity:artifact:3:92.2729,materialPrimary,ink
entity:artifact:3:92.2730,materialPrimary,ink
entity:artifact:3:92.2731,materialPrimary,ink
entity:artifact:3:92.3099,materialPrimary,earthenware
entity:artifact:3:92.3100,materialPrimary,earthenware
entity:artifact:3:93.1014,materialPrimary,silk
entity:artifact:3:93.1028,materialPrimary,silk
entity:artifact:3:93.1029,materialPrimary,silk
entity:artifact:3:93.1043,materialPrimary,silk
entity:artifact:3:93.1044,materialPrimary,silk
entity:artifact:3:93.1046,materialPrimary,silk
entity:artifact:3:93.1086,materialPrimary,silk
entity:artifact:3:93.1087,materialPrimary,silk
entity:artifact:3:93.1122,materialPrimary,silk
entity:artifact:3:93.1123,materialPrimary,silk
entity:artifact:3:93.1124,materialPrimary,silk
entity:artifact:3:93.1125,materialPrimary,silk
entity:artifact:3:93.1454,materialPrimary,silk
entity:artifact:3:93.1459,materialPrimary,earthenware
entity:artifact:3:93.1477,materialPrimary,bronze
entity:artifact:3:93.155a,materialPrimary,lacquer
entity:artifact:3:95.1104,materialPrimary,silk
entity:artifact:3:95.1235,materialPrimary,silk
entity:artifact:3:95.1320,materialPrimary,gold
entity:artifact:3:95.1321,materialPrimary,gold
entity:artifact:3:95.1328,materialPrimary,silk
entity:artifact:3:95.211,materialPrimary,silk
entity:artifact:3:95.438,materialPrimary,porcelain
entity:artifact:3:95.507,materialPrimary,porcelain
entity:artifact:3:95.512,materialPrimary,porcelain
entity:artifact:3:95.521,materialPrimary,porcelain
entity:artifact:3:95.538,materialPrimary,porcelain
entity:artifact:3:95.542,materialPrimary,porcelain
entity:artifact:3:95.547,materialPrimary,porcelain
entity:artifact:3:95.548,materialPrimary,porcelain
entity:artifact:3:95.553,materialPrimary,porcelain
entity:artifact:3:95.559,materialPrimary,porcelain
entity:artifact:3:95.563a-b,materialPrimary,porcelain
entity:artifact:3:95.575,materialPrimary,porcelain
entity:artifact:3:95.577a,materialPrimary,porcelain
entity:artifact:3:95.622,materialPrimary,porcelain
entity:artifact:3:95.636,materialPrimary,porcelain
entity:artifact:3:95.697,materialPrimary,porcelain
entity:artifact:3:95.723,materialPrimary,porcelain
entity:artifact:3:95.725,materialPrimary,porcelain
entity:artifact:3:95.742,materialPrimary,porcelain
entity:artifact:3:95.759,materialPrimary,ceramic
entity:artifact:3:95.797,materialPrimary,glass
entity:artifact:3:95.817,materialPrimary,jade
entity:artifact:3:95.858,materialPrimary,ivory
entity:artifact:3:96.651,materialPrimary,silk
entity:artifact:3:96.652,materialPrimary,silk
entity:artifact:3:96.653,materialPrimary,silk
entity:artifact:3:96.654a-b,materialPrimary,lacquer
entity:artifact:3:97.169,materialPrimary,silk
entity:artifact:3:97.451,materialPrimary,silk
entity:artifact:3:97.66,materialPrimary,textile
entity:artifact:3:98.12,materialPrimary,earthenware
entity:artifact:3:98.208,materialPrimary,silk
entity:artifact:3:98.209,materialPrimary,silk
entity:artifact:3:98.210,materialPrimary,silk
entity:artifact:3:98.948,materialPrimary,jade
entity:artifact:3:98.955a-c,materialPrimary,lacquer
entity:artifact:3:99.318,materialPrimary,bronze
