from,relation,to
entity:artifact:1:ld1-1643381040022-1643381041048-0,periodEndYear,1890
entity:artifact:1:ld1-1643381040022-1643381041076-1,periodEndYear,1920
entity:artifact:1:ld1-1643381040022-1643381042241-1,periodEndYear,1920
entity:artifact:1:ld1-1643381040022-1643381046516-1,periodEndYear,1940
entity:artifact:1:ld1-1643381040022-1643381046517-0,periodEndYear,1940
entity:artifact:1:ld1-1643381040022-1643381049785-0,periodEndYear,1910
entity:artifact:1:ld1-1643381040022-1643381051352-0,periodEndYear,1830
entity:artifact:1:ld1-1643381040022-1643381053046-1,periodEndYear,1940
entity:artifact:1:ld1-1643381040022-1643381054060-0,periodEndYear,1900
entity:artifact:1:ld1-1643381040022-1643381054509-0,periodEndYear,1890
entity:artifact:1:ld1-1643381040022-1643381055993-0,periodEndYear,1880
entity:artifact:1:ld1-1643381040022-1643381057843-0,periodEndYear,1900
entity:artifact:1:ld1-1643381040022-1643381057909-1,periodEndYear,1880
entity:artifact:1:ld1-1643381040022-1643381058893-0,periodEndYear,1770
entity:artifact:1:ld1-1643381040022-1643381058911-1,periodEndYear,1900
entity:artifact:1:ld1-1643381040022-1643381058913-0,periodEndYear,1900
entity:artifact:1:ld1-1643381040022-1643381058914-1,periodEndYear,1850
entity:artifact:1:ld1-1643381040022-1643381058918-1,periodEndYear,1800
entity:artifact:1:ld1-1643381040022-1643381058919-0,periodEndYear,1900
entity:artifact:1:ld1-1643381040022-1643381058925-0,periodEndYear,1850
entity:artifact:1:ld1-1643381040022-1643381058946-1,periodEndYear,1800
entity:artifact:1:ld1-1643381040022-1643381059066-0,periodEndYear,1770
entity:artifact:1:ld1-1643381040022-1643381060180-0,periodEndYear,1900
entity:artifact:1:ld1-1643381040022-1643381060244-1,periodEndYear,1810
entity:artifact:1:ld1-1643381040022-1643381060334-0,periodEndYear,1890
entity:artifact:1:ld1-1643381040022-1643381062968-0,periodEndYear,1870
entity:artifact:1:ld1-1643381040022-1643381064179-0,periodEndYear,1920
entity:artifact:1:ld1-1643390182193-1643390182369-0,periodEndYear,1640
entity:artifact:1:ld1-1643390182193-1643390182438-0,periodEndYear,1000
entity:artifact:1:ld1-1643390182193-1643390182789-0,periodEndYear,1868
entity:artifact:1:ld1-1643390182193-1643390182964-0,periodEndYear,1868
entity:artifact:1:ld1-1643390182193-1643390183003-0,periodEndYear,1868
entity:artifact:1:ld1-1643390182193-1643390183661-0,periodEndYear,1590
entity:artifact:1:ld1-1643390182193-1643390183697-0,periodEndYear,200
entity:artifact:1:ld1-1643390182193-1643390183796-0,periodEndYear,1620
entity:artifact:1:ld1-1643390182193-1643390183796-1,periodEndYear,1590
entity:artifact:1:ld1-1643390182193-1643390183898-0,periodEndYear,200
entity:artifact:1:ld1-1643390182193-1643390184155-0,periodEndYear,200
entity:artifact:1:ld1-1643390182193-1643390184156-0,periodEndYear,200
entity:artifact:1:ld1-1643390182193-1643390184157-0,periodEndYear,200
entity:artifact:1:ld1-1643390182193-1643390184158-0,periodEndYear,200
entity:artifact:1:ld1-1643390182193-1643390184159-0,periodEndYear,200
entity:artifact:1:ld1-1643390182193-1643390184220-1,periodEndYear,1850
entity:artifact:1:ld1-1643390182193-1643390184307-0,periodEndYear,1868
entity:artifact:1:ld1-1643390182193-1643390184337-0,periodEndYear,1868
entity:artifact:1:ld1-1643390182193-1643390184342-0,periodEndYear,1590
entity:artifact:1:ld1-1643390182193-1643390184345-0,periodEndYear,1800
entity:artifact:1:ld1-1643390182193-1643390184347-0,periodEndYear,1800
entity:artifact:1:ld1-1643390182193-1643390184613-0,periodEndYear,1868
entity:artifact:1:ld1-1643390182193-1643390184722-0,periodEndYear,1868
entity:artifact:1:ld1-1643390182193-1643390184723-0,periodEndYear,1500
entity:artifact:1:ld1-1643390182193-1643390184728-0,periodEndYear,1600
entity:artifact:1:ld1-1643390182193-1643390184737-0,periodEndYear,1868
entity:artifact:1:ld1-1643390182193-1643390184810-0,periodEndYear,200
entity:artifact:1:ld1-1643390182193-1643390184821-0,periodEndYear,100
entity:artifact:1:ld1-1643390182193-1643390184828-0,periodEndYear,1200
entity:artifact:1:ld1-1643390182193-1643390184854-0,periodEndYear,1868
entity:artifact:1:ld1-1643390182193-1643390184879-0,periodEndYear,1700
entity:artifact:1:ld1-1643390182193-1643390185005-0,periodEndYear,200
entity:artifact:1:ld1-1643390182193-1643390185006-0,periodEndYear,200
entity:artifact:1:ld1-1643390182193-1643390185007-0,periodEndYear,200
entity:artifact:1:ld1-1643390182193-1643390185009-0,periodEndYear,200
entity:artifact:1:ld1-1643390182193-1643390185010-0,periodEndYear,200
entity:artifact:1:ld1-1643390182193-1643390185011-0,periodEndYear,200
entity:artifact:1:ld1-1643390182193-1643390185115-1,periodEndYear,1800
entity:artifact:1:ld1-1643390182193-1643390185147-1,periodEndYear,1300
entity:artifact:1:ld1-1643390182193-1643390185158-0,periodEndYear,1800
entity:artifact:1:ld1-1643390182193-1643390185171-0,periodEndYear,1700
entity:artifact:1:ld1-1643390182193-1643390185212-0,periodEndYear,1868
entity:artifact:1:ld1-1643390182193-1643390185213-0,periodEndYear,1868
entity:artifact:1:ld1-1643390182193-1643390185233-0,periodEndYear,200
entity:artifact:1:ld1-1643390182193-1643390185239-0,periodEndYear,1670
entity:artifact:1:ld1-1643390182193-1643390185379-0,periodEndYear,200
entity:artifact:1:ld1-1643390182193-1643390185380-0,periodEndYear,500
entity:artifact:1:ld1-1643390182193-1643390185381-0,periodEndYear,200
entity:artifact:1:ld1-1643390182193-1643390185382-0,periodEndYear,200
entity:artifact:1:ld1-1643390182193-1643390185382-1,periodEndYear,200
entity:artifact:1:ld1-1643390182193-1643390185383-0,periodEndYear,200
entity:artifact:1:ld1-1643390182193-1643390185394-1,periodEndYear,1400
entity:artifact:1:ld1-1643390182193-1643390185400-0,periodEndYear,1700
entity:artifact:1:ld1-1643390182193-1643390185439-0,periodEndYear,200
entity:artifact:1:ld1-1643390182193-1643390185476-0,periodEndYear,1000
entity:artifact:1:ld1-1643390182193-1643390185477-0,periodEndYear,200
entity:artifact:1:ld1-1643390182193-1643390185478-0,periodEndYear,1000
entity:artifact:1:ld1-1643390182193-1643390185489-0,periodEndYear,200
entity:artifact:1:ld1-1643390182193-1643390185490-0,periodEndYear,200
entity:artifact:1:ld1-1643390182193-1643390185502-0,periodEndYear,100
entity:artifact:1:ld1-1643390182193-1643390185503-0,periodEndYear,200
entity:artifact:1:ld1-1643390182193-1643390185504-0,periodEndYear,200
entity:artifact:1:ld1-1643390182193-1643390185557-0,periodEndYear,1100
entity:artifact:1:ld1-1643390182193-1643390185559-0,periodEndYear,1200
entity:artifact:1:ld1-1643390182193-1643390185559-1,periodEndYear,1500
entity:artifact:1:ld1-1643390182193-1643390185560-0,periodEndYear,1500
entity:artifact:1:ld1-1643390182193-1643390185859-1,periodEndYear,800
entity:artifact:1:ld1-1643390182193-1643390185861-1,periodEndYear,200
entity:artifact:1:ld1-1643390182193-1643390185863-0,periodEndYear,200
entity:artifact:1:ld1-1643390182193-1643390185954-0,periodEndYear,1868
entity:artifact:1:ld1-1643390182193-1643390185955-0,periodEndYear,1868
entity:artifact:1:ld1-1643390182193-1643390185990-0,periodEndYear,200
entity:artifact:1:ld1-1643390182193-1643390185990-1,periodEndYear,200
entity:artifact:1:ld1-1643390182193-1643390185991-0,periodEndYear,200
entity:artifact:1:ld1-1643390182193-1643390186230-0,periodEndYear,1600
entity:artifact:1:ld1-1643390182193-1643390186421-0,periodEndYear,500
entity:artifact:1:ld1-1643390182193-1643390186422-0,periodEndYear,500
entity:artifact:1:ld1-1643390182193-1643390186427-0,periodEndYear,500
entity:artifact:1:ld1-1643390182193-1643390186428-0,periodEndYear,500
entity:artifact:1:ld1-1643390182193-1643390186429-0,periodEndYear,600
entity:artifact:1:ld1-1643390182193-1643390186431-0,periodEndYear,500
entity:artifact:1:ld1-1643390182193-1643390186434-0,periodEndYear,500
entity:artifact:1:ld1-1643390182193-1643390186435-0,periodEndYear,500
entity:artifact:1:ld1-1643390182193-1643390186436-0,periodEndYear,500
entity:artifact:1:ld1-1643390182193-1643390186438-0,periodEndYear,500
entity:artifact:1:ld1-1643390182193-1643390186440-0,periodEndYear,500
entity:artifact:1:ld1-1643390182193-1643390186482-0,periodEndYear,1700
entity:artifact:1:ld1-1643390182193-1643390186483-0,periodEndYear,1700
entity:artifact:1:ld1-1643390182193-1643390186484-0,periodEndYear,1640
entity:artifact:1:ld1-1643390182193-1643390186488-0,periodEndYear,1640
entity:artifact:1:ld1-1643390182193-1643390186489-0,periodEndYear,1500
entity:artifact:1:ld1-1643390182193-1643390186490-0,periodEndYear,1700
entity:artifact:1:ld1-1643390182193-1643390186493-0,periodEndYear,1200
entity:artifact:1:ld1-1643390182193-1643390186494-0,periodEndYear,1700
entity:artifact:1:ld1-1643390182193-1643390186495-1,periodEndYear,1700
entity:artifact:1:ld1-1643390182193-1643390186496-0,periodEndYear,1500
entity:artifact:1:ld1-1643390182193-1643390186498-0,periodEndYear,1640
entity:artifact:1:ld1-1643390182193-1643390186502-0,periodEndYear,1700
entity:artifact:1:ld1-1643390182193-1643390186507-0,periodEndYear,1700
entity:artifact:1:ld1-1643390182193-1643390186509-0,periodEndYear,1640
entity:artifact:1:ld1-1643390182193-1643390186510-0,periodEndYear,1600
entity:artifact:1:ld1-1643390182193-1643390186513-0,periodEndYear,1500
entity:artifact:1:ld1-1643390182193-1643390186515-0,periodEndYear,1600
entity:artifact:1:ld1-1643390182193-1643390186517-0,periodEndYear,1600
entity:artifact:1:ld1-1643390182193-1643390186518-0,periodEndYear,1600
entity:artifact:1:ld1-1643390182193-1643390186519-0,periodEndYear,1600
entity:artifact:1:ld1-1643390182193-1643390186521-1,periodEndYear,1600
entity:artifact:1:ld1-1643390182193-1643390186522-0,periodEndYear,1500
entity:artifact:1:ld1-1643390182193-1643390186523-0,periodEndYear,1600
entity:artifact:1:ld1-1643390182193-1643390186525-0,periodEndYear,1500
entity:artifact:1:ld1-1643390182193-1643390186526-0,periodEndYear,1570
entity:artifact:1:ld1-1643390182193-1643390186527-0,periodEndYear,1640
entity:artifact:1:ld1-1643390182193-1643390186528-0,periodEndYear,1600
entity:artifact:1:ld1-1643390182193-1643390186529-0,periodEndYear,1640
entity:artifact:1:ld1-1643390182193-1643390186534-0,periodEndYear,1200
entity:artifact:1:ld1-1643390182193-1643390186536-0,periodEndYear,1800
entity:artifact:1:ld1-1643390182193-1643390186539-0,periodEndYear,1700
entity:artifact:1:ld1-1643390182193-1643390186541-0,periodEndYear,1700
entity:artifact:1:ld1-1643390182193-1643390186542-0,periodEndYear,1700
entity:artifact:1:ld1-1643390182193-1643390186544-0,periodEndYear,1700
entity:artifact:1:ld1-1643390182193-1643390186545-1,periodEndYear,1700
entity:artifact:1:ld1-1643390182193-1643390186547-0,periodEndYear,1500
entity:artifact:1:ld1-1643390182193-1643390186548-0,periodEndYear,1700
entity:artifact:1:ld1-1643390182193-1643390186550-0,periodEndYear,1700
entity:artifact:1:ld1-1643390182193-1643390186551-0,periodEndYear,1500
entity:artifact:1:ld1-1643390182193-1643390186552-0,periodEndYear,1500
entity:artifact:1:ld1-1643390182193-1643390186553-0,periodEndYear,1500
entity:artifact:1:ld1-1643390182193-1643390186554-0,periodEndYear,1640
entity:artifact:1:ld1-1643390182193-1643390186555-0,periodEndYear,1800
entity:artifact:1:ld1-1643390182193-1643390186556-0,periodEndYear,1640
entity:artifact:1:ld1-1643390182193-1643390186558-1,periodEndYear,1640
entity:artifact:1:ld1-1643390182193-1643390186560-0,periodEndYear,1640
entity:artifact:1:ld1-1643390182193-1643390186561-0,periodEndYear,1500
entity:artifact:1:ld1-1643390182193-1643390186562-0,periodEndYear,1640
entity:artifact:1:ld1-1643390182193-1643390186563-0,periodEndYear,1640
entity:artifact:1:ld1-1643390182193-1643390186564-1,periodEndYear,1640
entity:artifact:1:ld1-1643390182193-1643390186566-0,periodEndYear,1800
entity:artifact:1:ld1-1643390182193-1643390186566-1,periodEndYear,1800
entity:artifact:1:ld1-1643390182193-1643390186568-0,periodEndYear,1640
entity:artifact:1:ld1-1643390182193-1643390186569-0,periodEndYear,1640
entity:artifact:1:ld1-1643390182193-1643390186576-0,periodEndYear,1640
entity:artifact:1:ld1-1643390182193-1643390186576-1,periodEndYear,1640
entity:artifact:1:ld1-1643390182193-1643390186578-0,periodEndYear,1500
entity:artifact:1:ld1-1643390182193-1643390186579-0,periodEndYear,1640
entity:artifact:1:ld1-1643390182193-1643390186579-1,periodEndYear,1910
entity:artifact:1:ld1-1643390182193-1643390186581-0,periodEndYear,1640
entity:artifact:1:ld1-1643390182193-1643390186583-0,periodEndYear,1640
entity:artifact:1:ld1-1643390182193-1643390186584-0,periodEndYear,1640
entity:artifact:1:ld1-1643390182193-1643390186584-1,periodEndYear,1640
entity:artifact:1:ld1-1643390182193-1643390186585-0,periodEndYear,1640
entity:artifact:1:ld1-1643390182193-1643390186586-0,periodEndYear,1640
entity:artifact:1:ld1-1643390182193-1643390186587-0,periodEndYear,1640
entity:artifact:1:ld1-1643390182193-1643390186589-0,periodEndYear,1640
entity:artifact:1:ld1-1643390182193-1643390186590-0,periodEndYear,1600
entity:artifact:1:ld1-1643390182193-1643390186592-0,periodEndYear,1590
entity:artifact:1:ld1-1643390182193-1643390186593-0,periodEndYear,1500
entity:artifact:1:ld1-1643390182193-1643390186594-0,periodEndYear,1640
entity:artifact:1:ld1-1643390182193-1643390186597-1,periodEndYear,1640
entity:artifact:1:ld1-1643390182193-1643390186598-0,periodEndYear,1200
entity:artifact:1:ld1-1643390182193-1643390186599-1,periodEndYear,1640
entity:artifact:1:ld1-1643390182193-1643390186600-0,periodEndYear,1640
entity:artifact:1:ld1-1643390182193-1643390186606-1,periodEndYear,1200
entity:artifact:1:ld1-1643390182193-1643390186607-0,periodEndYear,1640
entity:artifact:1:ld1-1643390182193-1643390186608-0,periodEndYear,1640
entity:artifact:1:ld1-1643390182193-1643390186608-1,periodEndYear,1640
entity:artifact:1:ld1-1643390182193-1643390186609-0,periodEndYear,1640
entity:artifact:1:ld1-1643390182193-1643390186610-0,periodEndYear,1640
entity:artifact:1:ld1-1643390182193-1643390186611-0,periodEndYear,1640
entity:artifact:1:ld1-1643390182193-1643390186615-1,periodEndYear,1800
entity:artifact:1:ld1-1643390182193-1643390186616-0,periodEndYear,1800
entity:artifact:1:ld1-1643390182193-1643390186617-0,periodEndYear,1800
entity:artifact:1:ld1-1643390182193-1643390186618-0,periodEndYear,1800
entity:artifact:1:ld1-1643390182193-1643390186619-0,periodEndYear,1800
entity:artifact:1:ld1-1643390182193-1643390186620-0,periodEndYear,1800
entity:artifact:1:ld1-1643390182193-1643390186621-0,periodEndYear,1800
entity:artifact:1:ld1-1643390182193-1643390186621-1,periodEndYear,1800
entity:artifact:1:ld1-1643390182193-1643390186622-0,periodEndYear,1640
entity:artifact:1:ld1-1643390182193-1643390186623-0,periodEndYear,1640
entity:artifact:1:ld1-1643390182193-1643390186628-0,periodEndYear,1500
entity:artifact:1:ld1-1643390182193-1643390186632-0,periodEndYear,1640
entity:artifact:1:ld1-1643390182193-1643390186635-0,periodEndYear,1640
entity:artifact:1:ld1-1643390182193-1643390186638-0,periodEndYear,1640
entity:artifact:1:ld1-1643390182193-1643390186640-0,periodEndYear,1640
entity:artifact:1:ld1-1643390182193-1643390186641-0,periodEndYear,1640
entity:artifact:1:ld1-1643390182193-1643390186642-0,periodEndYear,1640
entity:artifact:1:ld1-1643390182193-1643390186645-0,periodEndYear,1640
entity:artifact:1:ld1-1643390182193-1643390186650-1,periodEndYear,1000
entity:artifact:1:ld1-1643390182193-1643390186654-0,periodEndYear,500
entity:artifact:1:ld1-1643390182193-1643390186655-0,periodEndYear,500
entity:artifact:1:ld1-1643390182193-1643390186656-0,periodEndYear,500
entity:artifact:1:ld1-1643390182193-1643390186657-0,periodEndYear,400
entity:artifact:1:ld1-1643390182193-1643390186658-0,periodEndYear,400
entity:artifact:1:ld1-1643390182193-1643390186659-0,periodEndYear,500
entity:artifact:1:ld1-1643390182193-1643390186660-0,periodEndYear,500
entity:artifact:1:ld1-1643390182193-1643390186661-0,periodEndYear,500
entity:artifact:1:ld1-1643390182193-1643390186666-1,periodEndYear,100
entity:artifact:1:ld1-1643390182193-1643390186668-1,periodEndYear,200
entity:artifact:1:ld1-1643390182193-1643390186671-0,periodEndYear,500
entity:artifact:1:ld1-1643390182193-1643390186672-1,periodEndYear,500
entity:artifact:1:ld1-1643390182193-1643390186673-0,periodEndYear,500
entity:artifact:1:ld1-1643390182193-1643390186675-0,periodEndYear,500
entity:artifact:1:ld1-1643390182193-1643390186676-0,periodEndYear,500
entity:artifact:1:ld1-1643390182193-1643390186677-0,periodEndYear,500
entity:artifact:1:ld1-1643390182193-1643390186677-1,periodEndYear,500
entity:artifact:1:ld1-1643390182193-1643390186680-0,periodEndYear,500
entity:artifact:1:ld1-1643390182193-1643390186681-0,periodEndYear,500
entity:artifact:1:ld1-1643390182193-1643390186681-1,periodEndYear,500
entity:artifact:1:ld1-1643390182193-1643390186705-0,periodEndYear,700
entity:artifact:1:ld1-1643390182193-1643390186706-0,periodEndYear,700
entity:artifact:1:ld1-1643390182193-1643390186708-0,periodEndYear,700
entity:artifact:1:ld1-1643390182193-1643390186711-0,periodEndYear,1000
entity:artifact:1:ld1-1643390182193-1643390186715-0,periodEndYear,200
entity:artifact:1:ld1-1643390182193-1643390186715-1,periodEndYear,100
entity:artifact:1:ld1-1643390182193-1643390186723-0,periodEndYear,1620
entity:artifact:1:ld1-1643390182193-1643390186746-1,periodEndYear,1680
entity:artifact:1:ld1-1643390182193-1643390186747-0,periodEndYear,600
entity:artifact:1:ld1-1643390182193-1643390186748-0,periodEndYear,600
entity:artifact:1:ld1-1643390182193-1643390186760-1,periodEndYear,1800
entity:artifact:1:ld1-1643390182193-1643390186761-0,periodEndYear,1680
entity:artifact:1:ld1-1643390182193-1643390186763-0,periodEndYear,1700
entity:artifact:1:ld1-1643390182193-1643390186763-1,periodEndYear,1600
entity:artifact:1:ld1-1643390182193-1643390187678-0,periodEndYear,200
entity:artifact:1:ld1-1643390182193-1643390187681-0,periodEndYear,1500
entity:artifact:1:ld1-1643390182193-1643390187686-0,periodEndYear,500
entity:artifact:1:ld1-1643390182193-1643390187686-1,periodEndYear,600
entity:artifact:1:ld1-1643390182193-1643390187687-0,periodEndYear,200
entity:artifact:1:ld1-1643390182193-1643390187734-0,periodEndYear,1800
entity:artifact:1:ld1-1643390182193-1643390187735-0,periodEndYear,1400
entity:artifact:1:ld1-1643390182193-1643390187736-0,periodEndYear,1750
entity:artifact:1:ld1-1643390182193-1643390187737-0,periodEndYear,1200
entity:artifact:1:ld1-1643390182193-1643390187740-0,periodEndYear,200
entity:artifact:1:ld1-1643390182193-1643390187741-0,periodEndYear,700
entity:artifact:1:ld1-1643390182193-1643390187742-1,periodEndYear,1000
entity:artifact:1:ld1-1643390182193-1643390187743-0,periodEndYear,1000
entity:artifact:1:ld1-1643390182193-1643390187744-0,periodEndYear,1000
entity:artifact:1:ld1-1643390182193-1643390187745-1,periodEndYear,1000
entity:artifact:1:ld1-1643390182193-1643390187747-0,periodEndYear,1000
entity:artifact:1:ld1-1643390182193-1643390187747-1,periodEndYear,1000
entity:artifact:1:ld1-1643390182193-1643390187753-0,periodEndYear,1000
entity:artifact:1:ld1-1643390182193-1643390187753-1,periodEndYear,1000
entity:artifact:1:ld1-1643390182193-1643390187764-1,periodEndYear,1640
entity:artifact:1:ld1-1643390182193-1643390187765-0,periodEndYear,200
entity:artifact:1:ld1-1643390182193-1643390187768-0,periodEndYear,1000
entity:artifact:1:ld1-1643390182193-1643390187771-0,periodEndYear,1000
entity:artifact:1:ld1-1643390182193-1643390187772-1,periodEndYear,1000
entity:artifact:1:ld1-1643390182193-1643390187774-0,periodEndYear,200
entity:artifact:1:ld1-1643390182193-1643390187779-0,periodEndYear,1000
entity:artifact:1:ld1-1643390182193-1643390187780-0,periodEndYear,1000
entity:artifact:1:ld1-1643390182193-1643390187780-1,periodEndYear,1000
entity:artifact:1:ld1-1643390182193-1643390187781-0,periodEndYear,1000
entity:artifact:1:ld1-1643390182193-1643390187782-0,periodEndYear,1000
entity:artifact:1:ld1-1643390182193-1643390187782-1,periodEndYear,1000
entity:artifact:1:ld1-1643390182193-1643390187783-0,periodEndYear,1000
entity:artifact:1:ld1-1643390182193-1643390187784-0,periodEndYear,1000
entity:artifact:1:ld1-1643390182193-1643390187784-1,periodEndYear,1000
entity:artifact:1:ld1-1643390182193-1643390187785-0,periodEndYear,1000
entity:artifact:1:ld1-1643390182193-1643390187786-0,periodEndYear,1000
entity:artifact:1:ld1-1643390182193-1643390187786-1,periodEndYear,200
entity:artifact:1:ld1-1643390182193-1643390187788-0,periodEndYear,200
entity:artifact:1:ld1-1643390182193-1643390187789-0,periodEndYear,200
entity:artifact:1:ld1-1643390182193-1643390187790-0,periodEndYear,200
entity:artifact:1:ld1-1643390182193-1643390187790-1,periodEndYear,200
entity:artifact:1:ld1-1643390182193-1643390187791-0,periodEndYear,200
entity:artifact:1:ld1-1643390182193-1643390187793-0,periodEndYear,200
entity:artifact:1:ld1-1643390182193-1643390187797-0,periodEndYear,900
entity:artifact:1:ld1-1643390182193-1643390187798-0,periodEndYear,900
entity:artifact:1:ld1-1643390182193-1643390187800-0,periodEndYear,200
entity:artifact:1:ld1-1643390182193-1643390187801-0,periodEndYear,200
entity:artifact:1:ld1-1643390182193-1643390187802-0,periodEndYear,400
entity:artifact:1:ld1-1643390182193-1643390187803-0,periodEndYear,500
entity:artifact:1:ld1-1643390182193-1643390187804-0,periodEndYear,700
entity:artifact:1:ld1-1643390182193-1643390187805-0,periodEndYear,700
entity:artifact:1:ld1-1643390182193-1643390187805-1,periodEndYear,500
entity:artifact:1:ld1-1643390182193-1643390187806-0,periodEndYear,500
entity:artifact:1:ld1-1643390182193-1643390187807-0,periodEndYear,500
entity:artifact:1:ld1-1643390182193-1643390187808-0,periodEndYear,500
entity:artifact:1:ld1-1643390182193-1643390187809-0,periodEndYear,500
entity:artifact:1:ld1-1643390182193-1643390187810-0,periodEndYear,500
entity:artifact:1:ld1-1643390182193-1643390187810-1,periodEndYear,400
entity:artifact:1:ld1-1643390182193-1643390187811-0,periodEndYear,500
entity:artifact:1:ld1-1643390182193-1643390187812-0,periodEndYear,500
entity:artifact:1:ld1-1643390182193-1643390187815-0,periodEndYear,500
entity:artifact:1:ld1-1643390182193-1643390187816-1,periodEndYear,500
entity:artifact:1:ld1-1643390182193-1643390187817-0,periodEndYear,500
entity:artifact:1:ld1-1643390182193-1643390187818-0,periodEndYear,500
entity:artifact:1:ld1-1643390182193-1643390187821-0,periodEndYear,1720
entity:artifact:1:ld1-1643390182193-1643390187821-1,periodEndYear,200
entity:artifact:1:ld1-1643390182193-1643390187828-0,periodEndYear,1640
entity:artifact:1:ld1-1643390182193-1643390187832-0,periodEndYear,1200
entity:artifact:1:ld1-1643390182193-1643390187833-0,periodEndYear,1500
entity:artifact:1:ld1-1643390182193-1643390187834-0,periodEndYear,1200
entity:artifact:1:ld1-1643390182193-1643390187835-0,periodEndYear,1500
entity:artifact:1:ld1-1643390182193-1643390187835-1,periodEndYear,1500
entity:artifact:1:ld1-1643390182193-1643390187836-0,periodEndYear,1400
entity:artifact:1:ld1-1643390182193-1643390187837-0,periodEndYear,1300
entity:artifact:1:ld1-1643390182193-1643390187859-0,periodEndYear,1640
entity:artifact:1:ld1-1643390182193-1643390187870-0,periodEndYear,1400
entity:artifact:1:ld1-1643390182193-1643390187871-0,periodEndYear,1400
entity:artifact:1:ld1-1643390182193-1643390187873-0,periodEndYear,1640
entity:artifact:1:ld1-1643390182193-1643390187874-1,periodEndYear,1640
entity:artifact:1:ld1-1643390182193-1643390187875-0,periodEndYear,1700
entity:artifact:1:ld1-1643390182193-1643390187876-0,periodEndYear,1640
entity:artifact:1:ld1-1643390182193-1643390187880-0,periodEndYear,1590
entity:artifact:1:ld1-1643390182193-1643390187880-1,periodEndYear,1500
entity:artifact:1:ld1-1643390182193-1643390187881-0,periodEndYear,1640
entity:artifact:1:ld1-1643390182193-1643390187882-0,periodEndYear,1640
entity:artifact:1:ld1-1643390182193-1643390187883-0,periodEndYear,1400
entity:artifact:1:ld1-1643390182193-1643390187884-0,periodEndYear,1640
entity:artifact:1:ld1-1643390182193-1643390187885-0,periodEndYear,1640
entity:artifact:1:ld1-1643390182193-1643390187886-0,periodEndYear,1640
entity:artifact:1:ld1-1643390182193-1643390187906-0,periodEndYear,1640
entity:artifact:1:ld1-1643390182193-1643390187914-0,periodEndYear,1700
entity:artifact:1:ld1-1643390182193-1643390187914-1,periodEndYear,1700
entity:artifact:1:ld1-1643390182193-1643390187921-1,periodEndYear,1600
entity:artifact:1:ld1-1643390182193-1643390187924-0,periodEndYear,1600
entity:artifact:1:ld1-1643390182193-1643390187928-1,periodEndYear,1640
entity:artifact:1:ld1-1643390182193-1643390187935-0,periodEndYear,1640
entity:artifact:1:ld1-1643390182193-1643390187938-0,periodEndYear,1700
entity:artifact:1:ld1-1643390182193-1643390187939-0,periodEndYear,1700
entity:artifact:1:ld1-1643390182193-1643390187942-0,periodEndYear,1640
entity:artifact:1:ld1-1643390182193-1643390187944-0,periodEndYear,1640
entity:artifact:1:ld1-1643390182193-1643390187946-0,periodEndYear,1640
entity:artifact:1:ld1-1643390182193-1643390187951-0,periodEndYear,1640
entity:artifact:1:ld1-1643390182193-1643390187951-1,periodEndYear,1800
entity:artifact:1:ld1-1643390182193-1643390187952-0,periodEndYear,1400
entity:artifact:1:ld1-1643390182193-1643390187953-0,periodEndYear,1640
entity:artifact:1:ld1-1643390182193-1643390187954-0,periodEndYear,1700
entity:artifact:1:ld1-1643390182193-1643390187956-0,periodEndYear,1640
entity:artifact:1:ld1-1643390182193-1643390187957-0,periodEndYear,1400
entity:artifact:1:ld1-1643390182193-1643390187959-0,periodEndYear,1700
entity:artifact:1:ld1-1643390182193-1643390187960-0,periodEndYear,1700
entity:artifact:1:ld1-1643390182193-1643390187961-0,periodEndYear,1200
entity:artifact:1:ld1-1643390182193-1643390187962-0,periodEndYear,1700
entity:artifact:1:ld1-1643390182193-1643390187965-0,periodEndYear,1640
entity:artifact:1:ld1-1643390182193-1643390187965-1,periodEndYear,1700
entity:artifact:1:ld1-1643390182193-1643390187966-0,periodEndYear,1640
entity:artifact:1:ld1-1643390182193-1643390187967-0,periodEndYear,1700
entity:artifact:1:ld1-1643390182193-1643390187973-0,periodEndYear,1640
entity:artifact:1:ld1-1643390182193-1643390187974-0,periodEndYear,1700
entity:artifact:1:ld1-1643390182193-1643390187975-0,periodEndYear,1700
entity:artifact:1:ld1-1643390182193-1643390187976-0,periodEndYear,1700
entity:artifact:1:ld1-1643390182193-1643390187979-0,periodEndYear,1640
entity:artifact:1:ld1-1643390182193-1643390187981-0,periodEndYear,1200
entity:artifact:1:ld1-1643390182193-1643390187982-0,periodEndYear,1640
entity:artifact:1:ld1-1643390182193-1643390187983-0,periodEndYear,1640
entity:artifact:1:ld1-1643390182193-1643390187984-0,periodEndYear,1640
entity:artifact:1:ld1-1643390182193-1643390187987-0,periodEndYear,1640
entity:artifact:1:ld1-1643390182193-1643390187988-0,periodEndYear,1640
entity:artifact:1:ld1-1643390182193-1643390187989-0,periodEndYear,1700
entity:artifact:1:ld1-1643390182193-1643390187990-0,periodEndYear,1700
entity:artifact:1:ld1-1643390182193-1643390187994-0,periodEndYear,1500
entity:artifact:1:ld1-1643390182193-1643390187994-1,periodEndYear,1700
entity:artifact:1:ld1-1643390182193-1643390187995-0,periodEndYear,1700
entity:artifact:1:ld1-1643390182193-1643390187997-1,periodEndYear,1640
entity:artifact:1:ld1-1643390182193-1643390188000-0,periodEndYear,1910
entity:artifact:1:ld1-1643390182193-1643390188002-1,periodEndYear,1700
entity:artifact:1:ld1-1643390182193-1643390188005-0,periodEndYear,1500
entity:artifact:1:ld1-1643390182193-1643390188006-0,periodEndYear,1500
entity:artifact:1:ld1-1643390182193-1643390188007-0,periodEndYear,1700
entity:artifact:1:ld1-1643390182193-1643390188007-1,periodEndYear,1500
entity:artifact:1:ld1-1643390182193-1643390188008-0,periodEndYear,1400
entity:artifact:1:ld1-1643390182193-1643390188010-0,periodEndYear,1700
entity:artifact:1:ld1-1643390182193-1643390188011-0,periodEndYear,1200
entity:artifact:1:ld1-1643390182193-1643390188011-1,periodEndYear,1700
entity:artifact:1:ld1-1643390182193-1643390188012-0,periodEndYear,1500
entity:artifact:1:ld1-1643390182193-1643390188014-0,periodEndYear,1720
entity:artifact:1:ld1-1643390182193-1643390188014-1,periodEndYear,1700
entity:artifact:1:ld1-1643390182193-1643390188015-0,periodEndYear,1700
entity:artifact:1:ld1-1643390182193-1643390188016-0,periodEndYear,1700
entity:artifact:1:ld1-1643390182193-1643390188017-0,periodEndYear,1640
entity:artifact:1:ld1-1643390182193-1643390188018-0,periodEndYear,1640
entity:artifact:1:ld1-1643390182193-1643390188020-1,periodEndYear,1400
entity:artifact:1:ld1-1643390182193-1643390188021-0,periodEndYear,1700
entity:artifact:1:ld1-1643390182193-1643390188023-0,periodEndYear,1720
entity:artifact:1:ld1-1643390182193-1643390188024-1,periodEndYear,1500
entity:artifact:1:ld1-1643390182193-1643390188025-0,periodEndYear,1500
entity:artifact:1:ld1-1643390182193-1643390188029-0,periodEndYear,1500
entity:artifact:1:ld1-1643390182193-1643390188030-0,periodEndYear,1800
entity:artifact:1:ld1-1643390182193-1643390188030-1,periodEndYear,1800
entity:artifact:1:ld1-1643390182193-1643390188031-0,periodEndYear,1640
entity:artifact:1:ld1-1643390182193-1643390188032-0,periodEndYear,1500
entity:artifact:1:ld1-1643390182193-1643390188033-0,periodEndYear,1300
entity:artifact:1:ld1-1643390182193-1643390188034-0,periodEndYear,1500
entity:artifact:1:ld1-1643390182193-1643390188035-0,periodEndYear,1610
entity:artifact:1:ld1-1643390182193-1643390188036-0,periodEndYear,1600
entity:artifact:1:ld1-1643390182193-1643390188039-1,periodEndYear,1700
entity:artifact:1:ld1-1643390182193-1643390188040-0,periodEndYear,1800
entity:artifact:1:ld1-1643390182193-1643390188041-0,periodEndYear,1700
entity:artifact:1:ld1-1643390182193-1643390188043-1,periodEndYear,1300
entity:artifact:1:ld1-1643390182193-1643390188051-0,periodEndYear,1800
entity:artifact:1:ld1-1643390182193-1643390188053-0,periodEndYear,1700
entity:artifact:1:ld1-1643390182193-1643390188054-0,periodEndYear,1640
entity:artifact:1:ld1-1643390182193-1643390188056-0,periodEndYear,1500
entity:artifact:1:ld1-1643390182193-1643390188062-0,periodEndYear,1300
entity:artifact:1:ld1-1643390182193-1643390188063-0,periodEndYear,1640
entity:artifact:1:ld1-1643390182193-1643390188063-1,periodEndYear,1640
entity:artifact:1:ld1-1643390182193-1643390188204-0,periodEndYear,500
entity:artifact:1:ld1-1643390182193-1643390188209-0,periodEndYear,500
entity:artifact:1:ld1-1643390182193-1643390188211-0,periodEndYear,500
entity:artifact:1:ld1-1643390182193-1643390188223-0,periodEndYear,500
entity:artifact:1:ld1-1643390182193-1643390188247-0,periodEndYear,1790
entity:artifact:1:ld1-1643390182193-1643390188253-0,periodEndYear,600
entity:artifact:1:ld1-1643390182193-1643390188273-0,periodEndYear,2000
entity:artifact:1:ld1-1643390182193-1643390188279-0,periodEndYear,1790
entity:artifact:1:ld1-1643390182193-1643390188295-0,periodEndYear,1700
entity:artifact:1:ld1-1643390182193-1643390188328-0,periodEndYear,1640
entity:artifact:1:ld1-1643390182193-1643390188330-0,periodEndYear,1640
entity:artifact:1:ld1-1643390182193-1643390188334-0,periodEndYear,1600
entity:artifact:1:ld1-1643390182193-1643390188338-0,periodEndYear,1640
entity:artifact:1:ld1-1643390182193-1643390188339-0,periodEndYear,1640
entity:artifact:1:ld1-1643390182193-1643390188342-0,periodEndYear,1800
entity:artifact:1:ld1-1643390182193-1643390188344-0,periodEndYear,1640
entity:artifact:1:ld1-1643390182193-1643390188346-0,periodEndYear,1640
entity:artifact:1:ld1-1643390182193-1643390188349-0,periodEndYear,1800
entity:artifact:1:ld1-1643390182193-1643390188351-0,periodEndYear,1700
entity:artifact:1:ld1-1643390182193-1643390188354-0,periodEndYear,1640
entity:artifact:1:ld1-1643390182193-1643390188358-0,periodEndYear,1300
entity:artifact:1:ld1-1643390182193-1643390188365-0,periodEndYear,700
entity:artifact:1:ld1-1643390182193-1643390188369-0,periodEndYear,1700
entity:artifact:1:ld1-1643390182193-1643390188371-0,periodEndYear,1740
entity:artifact:1:ld1-1643390182193-1643390188372-0,periodEndYear,1740
entity:artifact:1:ld1-1643390182193-1643390188374-0,periodEndYear,1740
entity:artifact:1:ld1-1643390182193-1643390188376-0,periodEndYear,1740
entity:artifact:1:ld1-1643390182193-1643390188377-0,periodEndYear,1740
entity:artifact:1:ld1-1643390182193-1643390188379-0,periodEndYear,1740
entity:artifact:1:ld1-1643390182193-1643390188380-0,periodEndYear,1740
entity:artifact:1:ld1-1643390182193-1643390188382-0,periodEndYear,1740
entity:artifact:1:ld1-1643390182193-1643390188400-0,periodEndYear,1500
entity:artifact:1:ld1-1643390182193-1643390188405-0,periodEndYear,1500
entity:artifact:1:ld1-1643390182193-1643390188410-0,periodEndYear,1640
entity:artifact:1:ld1-1643390182193-1643390188417-0,periodEndYear,1500
entity:artifact:1:ld1-1643390182193-1643390188419-0,periodEndYear,1640
entity:artifact:1:ld1-1643390182193-1643390188420-0,periodEndYear,1640
entity:artifact:1:ld1-1643390182193-1643390188422-0,periodEndYear,1640
entity:artifact:1:ld1-1643390182193-1643390188423-0,periodEndYear,1700
entity:artifact:1:ld1-1643390182193-1643390188430-0,periodEndYear,1910
entity:artifact:1:ld1-1643390182193-1643390188434-0,periodEndYear,1800
entity:artifact:1:ld1-1643390182193-1643390188435-0,periodEndYear,1700
entity:artifact:1:ld1-1643390182193-1643390188437-0,periodEndYear,1640
entity:artifact:1:ld1-1643390182193-1643390188443-0,periodEndYear,1700
entity:artifact:1:ld1-1643390182193-1643390188455-0,periodEndYear,500
entity:artifact:1:ld1-1643390182193-1643390188514-0,periodEndYear,1000
entity:artifact:1:ld1-1643390182193-1643390188516-0,periodEndYear,1868
entity:artifact:1:ld1-1643390182193-1643390188523-0,periodEndYear,700
entity:artifact:1:ld1-1643390182193-1643390188556-0,periodEndYear,200
entity:artifact:1:ld1-1643390182193-1643390188558-0,periodEndYear,200
entity:artifact:1:ld1-1643390182193-1643390188559-0,periodEndYear,200
entity:artifact:1:ld1-1643390182193-1643390188561-0,periodEndYear,200
entity:artifact:1:ld1-1643390182193-1643390188562-0,periodEndYear,200
entity:artifact:1:ld1-1643390182193-1643390188564-0,periodEndYear,200
entity:artifact:1:ld1-1643390182193-1643390188565-0,periodEndYear,200
entity:artifact:1:ld1-1643390182193-1643390188567-0,periodEndYear,200
entity:artifact:1:ld1-1643390182193-1643390188568-0,periodEndYear,200
entity:artifact:1:ld1-1643390182193-1643390188570-0,periodEndYear,200
entity:artifact:1:ld1-1643390182193-1643390188571-0,periodEndYear,200
entity:artifact:1:ld1-1643390182193-1643390188574-0,periodEndYear,1000
entity:artifact:1:ld1-1643390182193-1643390188576-0,periodEndYear,1000
entity:artifact:1:ld1-1643390182193-1643390188578-0,periodEndYear,1000
entity:artifact:1:ld1-1643390182193-1643390188579-0,periodEndYear,1720
entity:artifact:1:ld1-1643390182193-1643390188584-1,periodEndYear,1500
entity:artifact:1:ld1-1643390182193-1643390188602-0,periodEndYear,2000
entity:artifact:1:ld1-1643390182193-1643390188603-0,periodEndYear,2000
entity:artifact:1:ld1-1643390182193-1643390188612-0,periodEndYear,2000
entity:artifact:1:ld1-1643390182193-1643390188615-0,periodEndYear,1000
entity:artifact:1:ld1-1643390182193-1643390188642-0,periodEndYear,700
entity:artifact:1:ld1-1643390182193-1643390188646-0,periodEndYear,500
entity:artifact:1:ld1-1643390182193-1643390188647-0,periodEndYear,500
entity:artifact:1:ld1-1643390182193-1643390188653-0,periodEndYear,500
entity:artifact:1:ld1-1643390182193-1643390188657-0,periodEndYear,600
entity:artifact:1:ld1-1643390182193-1643390188658-0,periodEndYear,600
entity:artifact:1:ld1-1643390182193-1643390188659-0,periodEndYear,700
entity:artifact:1:ld1-1643390182193-1643390188668-0,periodEndYear,500
entity:artifact:1:ld1-1643390182193-1643390188676-0,periodEndYear,1700
entity:artifact:1:ld1-1643390182193-1643390188682-0,periodEndYear,1790
entity:artifact:1:ld1-1643390182193-1643390188688-0,periodEndYear,500
entity:artifact:1:ld1-1643390182193-1643390188693-0,periodEndYear,600
entity:artifact:1:ld1-1643390182193-1643390188698-0,periodEndYear,1000
entity:artifact:1:ld1-1643390182193-1643390188703-1,periodEndYear,200
entity:artifact:1:ld1-1643390182193-1643390188708-0,periodEndYear,600
entity:artifact:1:ld1-1643390182193-1643390188708-1,periodEndYear,600
entity:artifact:1:ld1-1643390182193-1643390188709-0,periodEndYear,500
entity:artifact:1:ld1-1643390182193-1643390188710-0,periodEndYear,700
entity:artifact:1:ld1-1643390182193-1643390188720-1,periodEndYear,1700
entity:artifact:1:ld1-1643390182193-1643390188722-0,periodEndYear,1640
entity:artifact:1:ld1-1643390182193-1643390188722-1,periodEndYear,1300
entity:artifact:1:ld1-1643390182193-1643390188724-0,periodEndYear,500
entity:artifact:1:ld1-1643390182193-1643390188725-1,periodEndYear,500
entity:artifact:1:ld1-1643390182193-1643390188727-0,periodEndYear,500
entity:artifact:1:ld1-1643390182193-1643390188728-0,periodEndYear,500
entity:artifact:1:ld1-1643390182193-1643390188728-1,periodEndYear,500
entity:artifact:1:ld1-1643390182193-1643390188729-0,periodEndYear,500
entity:artifact:1:ld1-1643390182193-1643390188730-0,periodEndYear,600
entity:artifact:1:ld1-1643390182193-1643390188731-0,periodEndYear,600
entity:artifact:1:ld1-1643390182193-1643390188739-0,periodEndYear,200
entity:artifact:1:ld1-1643390182193-1643390188741-0,periodEndYear,200
entity:artifact:1:ld1-1643390182193-1643390188741-1,periodEndYear,200
entity:artifact:1:ld1-1643390182193-1643390188745-0,periodEndYear,1000
entity:artifact:1:ld1-1643390182193-1643390188746-0,periodEndYear,200
entity:artifact:1:ld1-1643390182193-1643390188747-0,periodEndYear,200
entity:artifact:1:ld1-1643390182193-1643390188748-0,periodEndYear,200
entity:artifact:1:ld1-1643390182193-1643390188748-1,periodEndYear,200
entity:artifact:1:ld1-1643390182193-1643390188750-0,periodEndYear,200
entity:artifact:1:ld1-1643390182193-1643390188751-0,periodEndYear,200
entity:artifact:1:ld1-1643390182193-1643390188751-1,periodEndYear,200
entity:artifact:1:ld1-1643390182193-1643390188752-0,periodEndYear,200
entity:artifact:1:ld1-1643390182193-1643390188755-0,periodEndYear,200
entity:artifact:1:ld1-1643390182193-1643390188757-0,periodEndYear,200
entity:artifact:1:ld1-1643390182193-1643390188758-0,periodEndYear,200
entity:artifact:1:ld1-1643390182193-1643390188759-0,periodEndYear,200
entity:artifact:1:ld1-1643390182193-1643390188761-0,periodEndYear,200
entity:artifact:1:ld1-1643390182193-1643390188764-0,periodEndYear,200
entity:artifact:1:ld1-1643390182193-1643390188767-0,periodEndYear,1000
entity:artifact:1:ld1-1643390182193-1643390188768-0,periodEndYear,200
entity:artifact:1:ld1-1643390182193-1643390188770-0,periodEndYear,200
entity:artifact:1:ld1-1643390182193-1643390188771-1,periodEndYear,1700
entity:artifact:1:ld1-1643390182193-1643390188772-0,periodEndYear,700
entity:artifact:1:ld1-1643390182193-1643390188773-0,periodEndYear,500
entity:artifact:1:ld1-1643390182193-1643390188774-0,periodEndYear,500
entity:artifact:1:ld1-1643390182193-1643390188776-0,periodEndYear,700
entity:artifact:1:ld1-1643390182193-1643390188778-1,periodEndYear,1910
entity:artifact:1:ld1-1643390182193-1643390188787-0,periodEndYear,1800
entity:artifact:1:ld1-1643390182193-1643390188788-0,periodEndYear,1700
entity:artifact:1:ld1-1643390182193-1643390188789-0,periodEndYear,1790
entity:artifact:1:ld1-1643390182193-1643390188789-1,periodEndYear,1700
entity:artifact:1:ld1-1643390182193-1643390188790-0,periodEndYear,1700
entity:artifact:1:ld1-1643390182193-1643390188820-0,periodEndYear,200
entity:artifact:1:ld1-1643390182193-1643390188827-0,periodEndYear,200
entity:artifact:1:ld1-1643390182193-1643390188828-0,periodEndYear,1000
entity:artifact:1:ld1-1643390182193-1643390188833-0,periodEndYear,500
entity:artifact:1:ld1-1643390182193-1643390188834-0,periodEndYear,500
entity:artifact:1:ld1-1643390182193-1643390188835-0,periodEndYear,500
entity:artifact:1:ld1-1643390182193-1643390188836-0,periodEndYear,1640
entity:artifact:1:ld1-1643390182193-1643390188850-0,periodEndYear,500
entity:artifact:1:ld1-1643390182193-1643390188863-0,periodEndYear,200
entity:artifact:1:ld1-1643390182193-1643390188864-0,periodEndYear,500
entity:artifact:1:ld1-1643390182193-1643390188877-1,periodEndYear,700
entity:artifact:1:ld1-1643390182193-1643390188879-0,periodEndYear,200
entity:artifact:1:ld1-1643390182193-1643390188891-0,periodEndYear,1700
entity:artifact:1:ld1-1643390182193-1643390188892-0,periodEndYear,1700
entity:artifact:1:ld1-1643390182193-1643390188893-0,periodEndYear,1400
entity:artifact:1:ld1-1643390182193-1643390188903-0,periodEndYear,1600
entity:artifact:1:ld1-1643390182193-1643390188903-1,periodEndYear,1700
entity:artifact:1:ld1-1643390182193-1643390188906-0,periodEndYear,1800
entity:artifact:1:ld1-1643390182193-1643390188907-0,periodEndYear,1600
entity:artifact:1:ld1-1643390182193-1643390188908-0,periodEndYear,1800
entity:artifact:1:ld1-1643390182193-1643390188910-0,periodEndYear,600
entity:artifact:1:ld1-1643390182193-1643390188920-0,periodEndYear,200
entity:artifact:1:ld1-1643390182193-1643390188921-0,periodEndYear,200
entity:artifact:1:ld1-1643390182193-1643390188921-1,periodEndYear,200
entity:artifact:1:ld1-1643390182193-1643390188922-0,periodEndYear,1000
entity:artifact:1:ld1-1643390182193-1643390188923-0,periodEndYear,1000
entity:artifact:1:ld1-1643390182193-1643390188956-0,periodEndYear,1400
entity:artifact:1:ld1-1643390182193-1643390188957-0,periodEndYear,1640
entity:artifact:1:ld1-1643390182193-1643390188959-0,periodEndYear,1800
entity:artifact:1:ld1-1643390182193-1643390188960-0,periodEndYear,1800
entity:artifact:1:ld1-1643390182193-1643390188962-1,periodEndYear,1700
entity:artifact:1:ld1-1643390182193-1643390188963-0,periodEndYear,1700
entity:artifact:1:ld1-1643390182193-1643390188964-0,periodEndYear,1400
entity:artifact:1:ld1-1643390182193-1643390188965-0,periodEndYear,1200
entity:artifact:1:ld1-1643390182193-1643390188966-0,periodEndYear,1100
entity:artifact:1:ld1-1643390182193-1643390188967-0,periodEndYear,1640
entity:artifact:1:ld1-1643390182193-1643390188968-0,periodEndYear,1640
entity:artifact:1:ld1-1643390182193-1643390188970-0,periodEndYear,1640
entity:artifact:1:ld1-1643390182193-1643390188988-0,periodEndYear,1600
entity:artifact:1:ld1-1643390182193-1643390188989-0,periodEndYear,1700
entity:artifact:1:ld1-1643390182193-1643390188990-0,periodEndYear,1700
entity:artifact:1:ld1-1643390182193-1643390189005-0,periodEndYear,200
entity:artifact:1:ld1-1643390182193-1643390189006-0,periodEndYear,200
entity:artifact:1:ld1-1643390182193-1643390189007-0,periodEndYear,200
entity:artifact:1:ld1-1643390182193-1643390189008-0,periodEndYear,200
entity:artifact:1:ld1-1643390182193-1643390189009-0,periodEndYear,1000
entity:artifact:1:ld1-1643390182193-1643390189009-1,periodEndYear,1000
entity:artifact:1:ld1-1643390182193-1643390189014-0,periodEndYear,3000
entity:artifact:1:ld1-1643390182193-1643390189020-0,periodEndYear,500
entity:artifact:1:ld1-1643390182193-1643390189020-1,periodEndYear,500
entity:artifact:1:ld1-1643390182193-1643390189027-0,periodEndYear,200
entity:artifact:1:ld1-1643390182193-1643390189028-0,periodEndYear,200
entity:artifact:1:ld1-1643390182193-1643390189030-1,periodEndYear,200
entity:artifact:1:ld1-1643390182193-1643390189031-0,periodEndYear,1000
entity:artifact:1:ld1-1643390182193-1643390189032-0,periodEndYear,200
entity:artifact:1:ld1-1643390182193-1643390189032-1,periodEndYear,200
entity:artifact:1:ld1-1643390182193-1643390189033-0,periodEndYear,200
entity:artifact:1:ld1-1643390182193-1643390189034-0,periodEndYear,200
entity:artifact:1:ld1-1643390182193-1643390189041-0,periodEndYear,200
entity:artifact:1:ld1-1643390182193-1643390189049-0,periodEndYear,2000
entity:artifact:1:ld1-1643390182193-1643390189052-0,periodEndYear,800
entity:artifact:1:ld1-1643390182193-1643390189054-0,periodEndYear,2000
entity:artifact:1:ld1-1643390182193-1643390189054-1,periodEndYear,500
entity:artifact:1:ld1-1643390182193-1643390189055-0,periodEndYear,500
entity:artifact:1:ld1-1643390182193-1643390189060-0,periodEndYear,1000
entity:artifact:1:ld1-1643390182193-1643390189061-1,periodEndYear,1000
entity:artifact:1:ld1-1643390182193-1643390189080-0,periodEndYear,200
entity:artifact:1:ld1-1643390182193-1643390189081-0,periodEndYear,200
entity:artifact:1:ld1-1643390182193-1643390189083-0,periodEndYear,200
entity:artifact:1:ld1-1643390182193-1643390189084-0,periodEndYear,200
entity:artifact:1:ld1-1643390182193-1643390189088-0,periodEndYear,1000
entity:artifact:1:ld1-1643390182193-1643390189089-0,periodEndYear,1000
entity:artifact:1:ld1-1643390182193-1643390189090-0,periodEndYear,200
entity:artifact:1:ld1-1643390182193-1643390189090-1,periodEndYear,200
entity:artifact:1:ld1-1643390182193-1643390189094-0,periodEndYear,1000
entity:artifact:1:ld1-1643390182193-1643390189095-0,periodEndYear,200
entity:artifact:1:ld1-1643390182193-1643390189096-0,periodEndYear,200
entity:artifact:1:ld1-1643390182193-1643390189097-0,periodEndYear,200
entity:artifact:1:ld1-1643390182193-1643390189097-1,periodEndYear,200
entity:artifact:1:ld1-1643390182193-1643390189098-0,periodEndYear,200
entity:artifact:1:ld1-1643390182193-1643390189105-0,periodEndYear,200
entity:artifact:1:ld1-1643390182193-1643390189131-0,periodEndYear,200
entity:artifact:1:ld1-1643390182193-1643390189134-0,periodEndYear,200
entity:artifact:1:ld1-1643390182193-1643390189135-1,periodEndYear,200
entity:artifact:1:ld1-1643390182193-1643390189139-0,periodEndYear,200
entity:artifact:1:ld1-1643390182193-1643390189140-1,periodEndYear,200
entity:artifact:1:ld1-1643390182193-1643390189141-0,periodEndYear,200
entity:artifact:1:ld1-1643390182193-1643390189142-0,periodEndYear,200
entity:artifact:1:ld1-1643390182193-1643390189146-0,periodEndYear,200
entity:artifact:1:ld1-1643390182193-1643390189147-0,periodEndYear,200
entity:artifact:1:ld1-1643390182193-1643390189147-1,periodEndYear,200
entity:artifact:1:ld1-1643390182193-1643390189148-0,periodEndYear,200
entity:artifact:1:ld1-1643390182193-1643390189149-0,periodEndYear,200
entity:artifact:1:ld1-1643390182193-1643390189158-1,periodEndYear,1000
entity:artifact:1:ld1-1643390182193-1643390189160-0,periodEndYear,1000
entity:artifact:1:ld1-1643390182193-1643390189167-0,periodEndYear,1640
entity:artifact:1:ld1-1643390182193-1643390189168-0,periodEndYear,1800
entity:artifact:1:ld1-1643390182193-1643390189199-1,periodEndYear,1800
entity:artifact:1:ld1-1643390182193-1643390189221-0,periodEndYear,200
entity:artifact:1:ld1-1643390182193-1643390189222-0,periodEndYear,200
entity:artifact:1:ld1-1643390182193-1643390189223-0,periodEndYear,200
entity:artifact:1:ld1-1643390182193-1643390189224-0,periodEndYear,200
entity:artifact:1:ld1-1643390182193-1643390189224-1,periodEndYear,200
entity:artifact:1:ld1-1643390182193-1643390189225-0,periodEndYear,200
entity:artifact:1:ld1-1643390182193-1643390189226-0,periodEndYear,200
entity:artifact:1:ld1-1643390182193-1643390189229-0,periodEndYear,500
entity:artifact:1:ld1-1643390182193-1643390189233-1,periodEndYear,200
entity:artifact:1:ld1-1643390182193-1643390189238-0,periodEndYear,200
entity:artifact:1:ld1-1643390182193-1643390189239-0,periodEndYear,200
entity:artifact:1:ld1-1643390182193-1643390189240-0,periodEndYear,200
entity:artifact:1:ld1-1643390182193-1643390189240-1,periodEndYear,200
entity:artifact:1:ld1-1643390182193-1643390189241-0,periodEndYear,200
entity:artifact:1:ld1-1643390182193-1643390189242-0,periodEndYear,200
entity:artifact:1:ld1-1643390182193-1643390189243-0,periodEndYear,200
entity:artifact:1:ld1-1643390182193-1643390189244-0,periodEndYear,200
entity:artifact:1:ld1-1643390182193-1643390189246-1,periodEndYear,1000
entity:artifact:1:ld1-1643390182193-1643390189248-0,periodEndYear,200
entity:artifact:1:ld1-1643390182193-1643390189248-1,periodEndYear,200
entity:artifact:1:ld1-1643390182193-1643390189251-0,periodEndYear,200
entity:artifact:1:ld1-1643390182193-1643390189252-0,periodEndYear,200
entity:artifact:1:ld1-1643390182193-1643390189252-1,periodEndYear,200
entity:artifact:1:ld1-1643390182193-1643390189253-0,periodEndYear,1000
entity:artifact:1:ld1-1643390182193-1643390189254-1,periodEndYear,1500
entity:artifact:1:ld1-1643390182193-1643390189256-1,periodEndYear,1500
entity:artifact:1:ld1-1643390182193-1643390189257-0,periodEndYear,1700
entity:artifact:1:ld1-1643390182193-1643390189258-0,periodEndYear,1400
entity:artifact:1:ld1-1643390182193-1643390189261-0,periodEndYear,1500
entity:artifact:1:ld1-1643390182193-1643390189261-1,periodEndYear,1700
entity:artifact:1:ld1-1643390182193-1643390189263-0,periodEndYear,1700
entity:artifact:1:ld1-1643390182193-1643390189266-0,periodEndYear,1640
entity:artifact:1:ld1-1643390182193-1643390189267-0,periodEndYear,1700
entity:artifact:1:ld1-1643390182193-1643390189268-0,periodEndYear,1400
entity:artifact:1:ld1-1643390182193-1643390189269-0,periodEndYear,1640
entity:artifact:1:ld1-1643390182193-1643390189269-1,periodEndYear,1300
entity:artifact:1:ld1-1643390182193-1643390189271-0,periodEndYear,1640
entity:artifact:1:ld1-1643390182193-1643390189271-1,periodEndYear,1700
entity:artifact:1:ld1-1643390182193-1643390189273-0,periodEndYear,1700
entity:artifact:1:ld1-1643390182193-1643390189274-0,periodEndYear,1640
entity:artifact:1:ld1-1643390182193-1643390189275-0,periodEndYear,1600
entity:artifact:1:ld1-1643390182193-1643390189275-1,periodEndYear,1800
entity:artifact:1:ld1-1643390182193-1643390189276-0,periodEndYear,1640
entity:artifact:1:ld1-1643390182193-1643390189277-0,periodEndYear,1800
entity:artifact:1:ld1-1643390182193-1643390189278-0,periodEndYear,1640
entity:artifact:1:ld1-1643390182193-1643390189279-0,periodEndYear,1700
entity:artifact:1:ld1-1643390182193-1643390189280-0,periodEndYear,1790
entity:artifact:1:ld1-1643390182193-1643390189281-0,periodEndYear,1700
entity:artifact:1:ld1-1643390182193-1643390189282-0,periodEndYear,1500
entity:artifact:1:ld1-1643390182193-1643390189283-1,periodEndYear,1790
entity:artifact:1:ld1-1643390182193-1643390189284-0,periodEndYear,1910
entity:artifact:1:ld1-1643390182193-1643390189286-0,periodEndYear,1500
entity:artifact:1:ld1-1643390182193-1643390189287-0,periodEndYear,1790
entity:artifact:1:ld1-1643390182193-1643390189290-0,periodEndYear,1500
entity:artifact:1:ld1-1643390182193-1643390189292-0,periodEndYear,1640
entity:artifact:1:ld1-1643390182193-1643390189293-0,periodEndYear,1700
entity:artifact:1:ld1-1643390182193-1643390189295-0,periodEndYear,1400
entity:artifact:1:ld1-1643390182193-1643390189296-1,periodEndYear,1700
entity:artifact:1:ld1-1643390182193-1643390189297-0,periodEndYear,1640
entity:artifact:1:ld1-1643390182193-1643390189299-1,periodEndYear,1700
entity:artifact:1:ld1-1643390182193-1643390189301-1,periodEndYear,1700
entity:artifact:1:ld1-1643390182193-1643390189302-0,periodEndYear,1700
entity:artifact:1:ld1-1643390182193-1643390189303-0,periodEndYear,1790
entity:artifact:1:ld1-1643390182193-1643390189305-0,periodEndYear,1640
entity:artifact:1:ld1-1643390182193-1643390189306-0,periodEndYear,1500
entity:artifact:1:ld1-1643390182193-1643390189306-1,periodEndYear,1700
entity:artifact:1:ld1-1643390182193-1643390189308-0,periodEndYear,1700
entity:artifact:1:ld1-1643390182193-1643390189310-0,periodEndYear,1400
entity:artifact:1:ld1-1643390182193-1643390189312-0,periodEndYear,1640
entity:artifact:1:ld1-1643390182193-1643390189313-0,periodEndYear,1790
entity:artifact:1:ld1-1643390182193-1643390189314-0,periodEndYear,1600
entity:artifact:1:ld1-1643390182193-1643390189315-0,periodEndYear,1700
entity:artifact:1:ld1-1643390182193-1643390189316-0,periodEndYear,1640
entity:artifact:1:ld1-1643390182193-1643390189317-0,periodEndYear,1500
entity:artifact:1:ld1-1643390182193-1643390189318-0,periodEndYear,1700
entity:artifact:1:ld1-1643390182193-1643390189320-0,periodEndYear,1500
entity:artifact:1:ld1-1643390182193-1643390189323-0,periodEndYear,2000
entity:artifact:1:ld1-1643390182193-1643390189331-0,periodEndYear,1640
entity:artifact:1:ld1-1643390182193-1643390189335-1,periodEndYear,1500
entity:artifact:1:ld1-1643390182193-1643390189338-0,periodEndYear,1400
entity:artifact:1:ld1-1643390182193-1643390189339-0,periodEndYear,1700
entity:artifact:1:ld1-1643390182193-1643390189340-0,periodEndYear,1500
entity:artifact:1:ld1-1643390182193-1643390189341-0,periodEndYear,1700
entity:artifact:1:ld1-1643390182193-1643390189341-1,periodEndYear,1000
entity:artifact:1:ld1-1643390182193-1643390189342-0,periodEndYear,1000
entity:artifact:1:ld1-1643390182193-1643390189343-0,periodEndYear,1640
entity:artifact:1:ld1-1643390182193-1643390189344-0,periodEndYear,1720
entity:artifact:1:ld1-1643390182193-1643390189346-1,periodEndYear,1000
entity:artifact:1:ld1-1643390182193-1643390189348-0,periodEndYear,1000
entity:artifact:1:ld1-1643390182193-1643390189349-0,periodEndYear,1000
entity:artifact:1:ld1-1643390182193-1643390189349-1,periodEndYear,1900
entity:artifact:1:ld1-1643390182193-1643390189351-0,periodEndYear,500
entity:artifact:1:ld1-1643390182193-1643390189351-1,periodEndYear,200
entity:artifact:1:ld1-1643390182193-1643390189352-0,periodEndYear,100
entity:artifact:1:ld1-1643390182193-1643390189353-0,periodEndYear,2000
entity:artifact:1:ld1-1643390182193-1643390189354-0,periodEndYear,3000
entity:artifact:1:ld1-1643390182193-1643390189356-0,periodEndYear,2000
entity:artifact:1:ld1-1643390182193-1643390189357-0,periodEndYear,2000
entity:artifact:1:ld1-1643390182193-1643390189357-1,periodEndYear,2000
entity:artifact:1:ld1-1643390182193-1643390189358-0,periodEndYear,2000
entity:artifact:1:ld1-1643390182193-1643390189359-0,periodEndYear,2000
entity:artifact:1:ld1-1643390182193-1643390189360-0,periodEndYear,2000
entity:artifact:1:ld1-1643390182193-1643390189361-0,periodEndYear,2000
entity:artifact:1:ld1-1643390182193-1643390189361-1,periodEndYear,2000
entity:artifact:1:ld1-1643390182193-1643390189362-0,periodEndYear,3000
entity:artifact:1:ld1-1643390182193-1643390189363-0,periodEndYear,1000
entity:artifact:1:ld1-1643390182193-1643390189364-1,periodEndYear,1700
entity:artifact:1:ld1-1643390182193-1643390189366-1,periodEndYear,200
entity:artifact:1:ld1-1643390182193-1643390189369-0,periodEndYear,1910
entity:artifact:1:ld1-1643390182193-1643390189370-0,periodEndYear,1910
entity:artifact:1:ld1-1643390182193-1643390189375-0,periodEndYear,1640
entity:artifact:1:ld1-1643390182193-1643390189376-0,periodEndYear,1700
entity:artifact:1:ld1-1643390182193-1643390189377-1,periodEndYear,1640
entity:artifact:1:ld1-1643390182193-1643390189379-0,periodEndYear,1640
entity:artifact:1:ld1-1643390182193-1643390189380-0,periodEndYear,1500
entity:artifact:1:ld1-1643390182193-1643390189382-1,periodEndYear,1640
entity:artifact:1:ld1-1643390182193-1643390189386-0,periodEndYear,200
entity:artifact:1:ld1-1643390182193-1643390189387-0,periodEndYear,200
entity:artifact:1:ld1-1643390182193-1643390189389-0,periodEndYear,200
entity:artifact:1:ld1-1643390182193-1643390189390-1,periodEndYear,200
entity:artifact:1:ld1-1643390182193-1643390189391-0,periodEndYear,200
entity:artifact:1:ld1-1643390182193-1643390189392-0,periodEndYear,200
entity:artifact:1:ld1-1643390182193-1643390189393-0,periodEndYear,200
entity:artifact:1:ld1-1643390182193-1643390189394-0,periodEndYear,200
entity:artifact:1:ld1-1643390182193-1643390189395-1,periodEndYear,900
entity:artifact:1:ld1-1643390182193-1643390189397-0,periodEndYear,200
entity:artifact:1:ld1-1643390182193-1643390189398-0,periodEndYear,200
entity:artifact:1:ld1-1643390182193-1643390189400-1,periodEndYear,200
entity:artifact:1:ld1-1643390182193-1643390189404-0,periodEndYear,200
entity:artifact:1:ld1-1643390182193-1643390189410-0,periodEndYear,1640
entity:artifact:1:ld1-1643390182193-1643390189413-0,periodEndYear,600
entity:artifact:1:ld1-1643390182193-1643390189414-0,periodEndYear,600
entity:artifact:1:ld1-1643390182193-1643390189416-0,periodEndYear,200
entity:artifact:1:ld1-1643390182193-1643390189416-1,periodEndYear,1640
entity:artifact:1:ld1-1643390182193-1643390189419-0,periodEndYear,2000
entity:artifact:1:ld1-1643390182193-1643390189425-0,periodEndYear,200
entity:artifact:1:ld1-1643390182193-1643390189429-1,periodEndYear,200
entity:artifact:1:ld1-1643390182193-1643390189433-1,periodEndYear,200
entity:artifact:1:ld1-1643390182193-1643390189440-0,periodEndYear,1000
entity:artifact:1:ld1-1643390182193-1643390189440-1,periodEndYear,1000
entity:artifact:1:ld1-1643390182193-1643390189441-0,periodEndYear,1000
entity:artifact:1:ld1-1643390182193-1643390189442-0,periodEndYear,200
entity:artifact:1:ld1-1643390182193-1643390189443-0,periodEndYear,200
entity:artifact:1:ld1-1643390182193-1643390189443-1,periodEndYear,1000
entity:artifact:1:ld1-1643390182193-1643390189445-0,periodEndYear,200
entity:artifact:1:ld1-1643390182193-1643390189445-1,periodEndYear,1000
entity:artifact:1:ld1-1643390182193-1643390189449-1,periodEndYear,1000
entity:artifact:1:ld1-1643390182193-1643390189450-0,periodEndYear,200
entity:artifact:1:ld1-1643390182193-1643390189451-1,periodEndYear,200
entity:artifact:1:ld1-1643390182193-1643390189453-0,periodEndYear,200
entity:artifact:1:ld1-1643390182193-1643390189454-0,periodEndYear,200
entity:artifact:1:ld1-1643390182193-1643390189460-0,periodEndYear,200
entity:artifact:1:ld1-1643390182193-1643390189462-1,periodEndYear,200
entity:artifact:1:ld1-1643390182193-1643390189463-0,periodEndYear,200
entity:artifact:1:ld1-1643390182193-1643390189464-0,periodEndYear,200
entity:artifact:1:ld1-1643390182193-1643390189467-0,periodEndYear,200
entity:artifact:1:ld1-1643390182193-1643390189468-0,periodEndYear,200
entity:artifact:1:ld1-1643390182193-1643390189470-1,periodEndYear,200
entity:artifact:1:ld1-1643390182193-1643390189471-0,periodEndYear,200
entity:artifact:1:ld1-1643390182193-1643390189475-1,periodEndYear,200
entity:artifact:1:ld1-1643390182193-1643390189477-0,periodEndYear,200
entity:artifact:1:ld1-1643390182193-1643390189477-1,periodEndYear,200
entity:artifact:1:ld1-1643390182193-1643390189478-0,periodEndYear,200
entity:artifact:1:ld1-1643390182193-1643390189485-0,periodEndYear,600
entity:artifact:1:ld1-1643390182193-1643390189486-1,periodEndYear,200
entity:artifact:1:ld1-1643390182193-1643390189487-0,periodEndYear,200
entity:artifact:1:ld1-1643390182193-1643390189488-0,periodEndYear,200
entity:artifact:1:ld1-1643390182193-1643390189488-1,periodEndYear,200
entity:artifact:1:ld1-1643390182193-1643390189497-0,periodEndYear,500
entity:artifact:1:ld1-1643390182193-1643390189498-0,periodEndYear,500
entity:artifact:1:ld1-1643390182193-1643390189499-0,periodEndYear,1700
entity:artifact:1:ld1-1643390182193-1643390189500-0,periodEndYear,1000
entity:artifact:1:ld1-1643390182193-1643390189500-1,periodEndYear,1000
entity:artifact:1:ld1-1643390182193-1643390189501-0,periodEndYear,1000
entity:artifact:1:ld1-1643390182193-1643390189502-0,periodEndYear,1000
entity:artifact:1:ld1-1643390182193-1643390189502-1,periodEndYear,1000
entity:artifact:1:ld1-1643390182193-1643390189505-0,periodEndYear,1720
entity:artifact:1:ld1-1643390182193-1643390189506-0,periodEndYear,1720
entity:artifact:1:ld1-1643390182193-1643390189510-0,periodEndYear,1000
entity:artifact:1:ld1-1643390182193-1643390189514-0,periodEndYear,700
entity:artifact:1:ld1-1643390182193-1643390189517-0,periodEndYear,3000
entity:artifact:1:ld1-1643390182193-1643390189518-0,periodEndYear,1000
entity:artifact:1:ld1-1643390182193-1643390189523-0,periodEndYear,3000
entity:artifact:1:ld1-1643390182193-1643390189525-0,periodEndYear,1910
entity:artifact:1:ld1-1643390182193-1643390189526-0,periodEndYear,3000
entity:artifact:1:ld1-1643390182193-1643390189526-1,periodEndYear,3000
entity:artifact:1:ld1-1643390182193-1643390189527-0,periodEndYear,3000
entity:artifact:1:ld1-1643390182193-1643390189529-1,periodEndYear,2000
entity:artifact:1:ld1-1643390182193-1643390189532-0,periodEndYear,1000
entity:artifact:1:ld1-1643390182193-1643390189533-1,periodEndYear,2000
entity:artifact:1:ld1-1643390182193-1643390189537-0,periodEndYear,1000
entity:artifact:1:ld1-1643390182193-1643390189545-0,periodEndYear,1500
entity:artifact:1:ld1-1643390182193-1643390189546-0,periodEndYear,1640
entity:artifact:1:ld1-1643390182193-1643390189546-1,periodEndYear,1500
entity:artifact:1:ld1-1643390182193-1643390189548-0,periodEndYear,1640
entity:artifact:1:ld1-1643390182193-1643390189549-0,periodEndYear,1700
entity:artifact:1:ld1-1643390182193-1643390189550-0,periodEndYear,200
entity:artifact:1:ld1-1643390182193-1643390189551-0,periodEndYear,2000
entity:artifact:1:ld1-1643390182193-1643390189552-0,periodEndYear,2000
entity:artifact:1:ld1-1643390182193-1643390189555-0,periodEndYear,200
entity:artifact:1:ld1-1643390182193-1643390189555-1,periodEndYear,1700
entity:artifact:1:ld1-1643390182193-1643390189557-0,periodEndYear,2000
entity:artifact:1:ld1-1643390182193-1643390189557-1,periodEndYear,5000
entity:artifact:1:ld1-1643390182193-1643390189572-1,periodEndYear,200
entity:artifact:1:ld1-1643390182193-1643390189575-0,periodEndYear,200
entity:artifact:1:ld1-1643390182193-1643390189579-0,periodEndYear,200
entity:artifact:1:ld1-1643390182193-1643390189580-0,periodEndYear,200
entity:artifact:1:ld1-1643390182193-1643390189581-0,periodEndYear,200
entity:artifact:1:ld1-1643390182193-1643390189582-0,periodEndYear,200
entity:artifact:1:ld1-1643390182193-1643390189583-0,periodEndYear,200
entity:artifact:1:ld1-1643390182193-1643390189584-0,periodEndYear,200
entity:artifact:1:ld1-1643390182193-1643390189585-0,periodEndYear,200
entity:artifact:1:ld1-1643390182193-1643390189585-1,periodEndYear,1000
entity:artifact:1:ld1-1643390182193-1643390189587-0,periodEndYear,200
entity:artifact:1:ld1-1643390182193-1643390189588-0,periodEndYear,200
entity:artifact:1:ld1-1643390182193-1643390189589-0,periodEndYear,200
entity:artifact:1:ld1-1643390182193-1643390189590-0,periodEndYear,200
entity:artifact:1:ld1-1643390182193-1643390189591-0,periodEndYear,1000
entity:artifact:1:ld1-1643390182193-1643390189593-1,periodEndYear,200
entity:artifact:1:ld1-1643390182193-1643390189594-0,periodEndYear,200
entity:artifact:1:ld1-1643390182193-1643390189602-0,periodEndYear,1000
entity:artifact:1:ld1-1643390182193-1643390189602-1,periodEndYear,1000
entity:artifact:1:ld1-1643390182193-1643390189603-0,periodEndYear,200
entity:artifact:1:ld1-1643390182193-1643390189604-0,periodEndYear,200
entity:artifact:1:ld1-1643390182193-1643390189605-0,periodEndYear,900
entity:artifact:1:ld1-1643390182193-1643390189610-0,periodEndYear,200
entity:artifact:1:ld1-1643390182193-1643390189610-1,periodEndYear,200
entity:artifact:1:ld1-1643390182193-1643390189611-0,periodEndYear,200
entity:artifact:1:ld1-1643390182193-1643390189612-0,periodEndYear,200
entity:artifact:1:ld1-1643390182193-1643390189613-0,periodEndYear,1640
entity:artifact:1:ld1-1643390182193-1643390189613-1,periodEndYear,200
entity:artifact:1:ld1-1643390182193-1643390189614-0,periodEndYear,200
entity:artifact:1:ld1-1643390182193-1643390189615-0,periodEndYear,200
entity:artifact:1:ld1-1643390182193-1643390189616-0,periodEndYear,2000
entity:artifact:1:ld1-1643390182193-1643390189617-0,periodEndYear,2000
entity:artifact:1:ld1-1643390182193-1643390189618-0,periodEndYear,2000
entity:artifact:1:ld1-1643390182193-1643390189619-0,periodEndYear,2000
entity:artifact:1:ld1-1643390182193-1643390189619-1,periodEndYear,2000
entity:artifact:1:ld1-1643390182193-1643390189620-0,periodEndYear,2000
entity:artifact:1:ld1-1643390182193-1643390189622-1,periodEndYear,2000
entity:artifact:1:ld1-1643390182193-1643390189623-0,periodEndYear,2000
entity:artifact:1:ld1-1643390182193-1643390189624-0,periodEndYear,2000
entity:artifact:1:ld1-1643390182193-1643390189625-0,periodEndYear,2000
entity:artifact:1:ld1-1643390182193-1643390189626-0,periodEndYear,2000
entity:artifact:1:ld1-1643390182193-1643390189626-1,periodEndYear,2000
entity:artifact:1:ld1-1643390182193-1643390189627-0,periodEndYear,2000
entity:artifact:1:ld1-1643390182193-1643390189628-0,periodEndYear,2000
entity:artifact:1:ld1-1643390182193-1643390189629-0,periodEndYear,2000
entity:artifact:1:ld1-1643390182193-1643390189630-0,periodEndYear,2000
entity:artifact:1:ld1-1643390182193-1643390189630-1,periodEndYear,2000
entity:artifact:1:ld1-1643390182193-1643390189631-0,periodEndYear,2000
entity:artifact:1:ld1-1643390182193-1643390189633-0,periodEndYear,2000
entity:artifact:1:ld1-1643390182193-1643390189634-0,periodEndYear,2000
entity:artifact:1:ld1-1643390182193-1643390189634-1,periodEndYear,1640
entity:artifact:1:ld1-1643390182193-1643390189659-0,periodEndYear,1640
entity:artifact:1:ld1-1643390182193-1643390189661-0,periodEndYear,1640
entity:artifact:1:ld1-1643390182193-1643390189663-0,periodEndYear,1910
entity:artifact:1:ld1-1643390182193-1643390189664-0,periodEndYear,1640
entity:artifact:1:ld1-1643390182193-1643390189665-0,periodEndYear,1640
entity:artifact:1:ld1-1643390182193-1643390189666-0,periodEndYear,1700
entity:artifact:1:ld1-1643390182193-1643390189667-0,periodEndYear,1500
entity:artifact:1:ld1-1643390182193-1643390189668-0,periodEndYear,1500
entity:artifact:1:ld1-1643390182193-1643390189679-0,periodEndYear,1640
entity:artifact:1:ld1-1643390182193-1643390189681-0,periodEndYear,1700
entity:artifact:1:ld1-1643390182193-1643390189681-1,periodEndYear,1700
entity:artifact:1:ld1-1643390182193-1643390189682-0,periodEndYear,1640
entity:artifact:1:ld1-1643390182193-1643390189684-1,periodEndYear,1400
entity:artifact:1:ld1-1643390182193-1643390189685-0,periodEndYear,1640
entity:artifact:1:ld1-1643390182193-1643390189690-0,periodEndYear,1640
entity:artifact:1:ld1-1643390182193-1643390189699-0,periodEndYear,1640
entity:artifact:1:ld1-1643390182193-1643390189700-0,periodEndYear,1640
entity:artifact:1:ld1-1643390182193-1643390189701-0,periodEndYear,1600
entity:artifact:1:ld1-1643390182193-1643390189702-0,periodEndYear,1200
entity:artifact:1:ld1-1643390182193-1643390189703-0,periodEndYear,1500
entity:artifact:1:ld1-1643390182193-1643390189703-1,periodEndYear,1640
entity:artifact:1:ld1-1643390182193-1643390189704-0,periodEndYear,1500
entity:artifact:1:ld1-1643390182193-1643390189705-1,periodEndYear,1700
entity:artifact:1:ld1-1643390182193-1643390189706-0,periodEndYear,1300
entity:artifact:1:ld1-1643390182193-1643390189707-0,periodEndYear,1500
entity:artifact:1:ld1-1643390182193-1643390189708-0,periodEndYear,1590
entity:artifact:1:ld1-1643390182193-1643390189709-0,periodEndYear,1590
entity:artifact:1:ld1-1643390182193-1643390189710-0,periodEndYear,1400
entity:artifact:1:ld1-1643390182193-1643390189717-0,periodEndYear,1640
entity:artifact:1:ld1-1643390182193-1643390189731-0,periodEndYear,200
entity:artifact:1:ld1-1643390182193-1643390189736-0,periodEndYear,1700
entity:artifact:1:ld1-1643390182193-1643390189737-0,periodEndYear,2000
entity:artifact:1:ld1-1643390182193-1643390189739-0,periodEndYear,1790
entity:artifact:1:ld1-1643390182193-1643390189746-0,periodEndYear,1620
entity:artifact:1:ld1-1643390182193-1643390189816-0,periodEndYear,1000
entity:artifact:1:ld1-1643390182193-1643390189817-0,periodEndYear,200
entity:artifact:1:ld1-1643390182193-1643390189819-0,periodEndYear,200
entity:artifact:1:ld1-1643390182193-1643390189819-1,periodEndYear,200
entity:artifact:1:ld1-1643390182193-1643390189820-0,periodEndYear,200
entity:artifact:1:ld1-1643390182193-1643390189821-0,periodEndYear,200
entity:artifact:1:ld1-1643390182193-1643390189822-0,periodEndYear,1000
entity:artifact:1:ld1-1643390182193-1643390189824-0,periodEndYear,200
entity:artifact:1:ld1-1643390182193-1643390189829-0,periodEndYear,900
entity:artifact:1:ld1-1643390182193-1643390189829-1,periodEndYear,900
entity:artifact:1:ld1-1643390182193-1643390189830-0,periodEndYear,900
entity:artifact:1:ld1-1643390182193-1643390189831-0,periodEndYear,900
entity:artifact:1:ld1-1643390182193-1643390189832-0,periodEndYear,900
entity:artifact:1:ld1-1643390182193-1643390189833-0,periodEndYear,900
entity:artifact:1:ld1-1643390182193-1643390189857-0,periodEndYear,200
entity:artifact:1:ld1-1643390182193-1643390189859-1,periodEndYear,2000
entity:artifact:1:ld1-1643390182193-1643390189860-0,periodEndYear,2000
entity:artifact:1:ld1-1643390182193-1643390189861-0,periodEndYear,2000
entity:artifact:1:ld1-1643390182193-1643390189862-0,periodEndYear,2000
entity:artifact:1:ld1-1643390182193-1643390189866-0,periodEndYear,2000
entity:artifact:1:ld1-1643390182193-1643390189884-0,periodEndYear,2000
entity:artifact:1:ld1-1643390182193-1643390189886-0,periodEndYear,1790
entity:artifact:1:ld1-1643390182193-1643390189888-0,periodEndYear,3000
entity:artifact:1:ld1-1643390182193-1643390189888-1,periodEndYear,2000
entity:artifact:1:ld1-1643390182193-1643390189889-0,periodEndYear,5000
entity:artifact:1:ld1-1643390182193-1643390189894-0,periodEndYear,2000
entity:artifact:1:ld1-1643390182193-1643390189895-0,periodEndYear,5000
entity:artifact:1:ld1-1643390182193-1643390189897-0,periodEndYear,1790
entity:artifact:1:ld1-1643390182193-1643390189898-0,periodEndYear,5000
entity:artifact:1:ld1-1643390182193-1643390189900-0,periodEndYear,1000
entity:artifact:1:ld1-1643390182193-1643390189901-0,periodEndYear,1000
entity:artifact:1:ld1-1643390182193-1643390189901-1,periodEndYear,2000
entity:artifact:1:ld1-1643390182193-1643390189902-0,periodEndYear,200
entity:artifact:1:ld1-1643390182193-1643390189903-0,periodEndYear,500
entity:artifact:1:ld1-1643390182193-1643390189904-0,periodEndYear,2000
entity:artifact:1:ld1-1643390182193-1643390189905-0,periodEndYear,1000
entity:artifact:1:ld1-1643390182193-1643390189906-0,periodEndYear,2000
entity:artifact:1:ld1-1643390182193-1643390189908-0,periodEndYear,2000
entity:artifact:1:ld1-1643390182193-1643390189913-0,periodEndYear,2000
entity:artifact:1:ld1-1643390182193-1643390189914-0,periodEndYear,200
entity:artifact:1:ld1-1643390182193-1643390189915-0,periodEndYear,1000
entity:artifact:1:ld1-1643390182193-1643390189919-0,periodEndYear,3000
entity:artifact:1:ld1-1643390182193-1643390189920-0,periodEndYear,200
entity:artifact:1:ld1-1643390182193-1643390189922-1,periodEndYear,2000
entity:artifact:1:ld1-1643390182193-1643390189923-0,periodEndYear,1850
entity:artifact:1:ld1-1643390182193-1643390189924-0,periodEndYear,2000
entity:artifact:1:ld1-1643390182193-1643390189925-0,periodEndYear,2000
entity:artifact:1:ld1-1643390182193-1643390189925-1,periodEndYear,2000
entity:artifact:1:ld1-1643390182193-1643390189927-0,periodEndYear,1000
entity:artifact:1:ld1-1643390182193-1643390189931-0,periodEndYear,1000
entity:artifact:1:ld1-1643390182193-1643390189931-1,periodEndYear,1000
entity:artifact:1:ld1-1643390182193-1643390189933-1,periodEndYear,2000
entity:artifact:1:ld1-1643390182193-1643390189934-0,periodEndYear,2000
entity:artifact:1:ld1-1643390182193-1643390189936-0,periodEndYear,3000
entity:artifact:1:ld1-1643390182193-1643390189937-0,periodEndYear,2000
entity:artifact:1:ld1-1643390182193-1643390189937-1,periodEndYear,2000
entity:artifact:1:ld1-1643390182193-1643390189938-0,periodEndYear,2000
entity:artifact:1:ld1-1643390182193-1643390189941-0,periodEndYear,2000
entity:artifact:1:ld1-1643390182193-1643390189942-0,periodEndYear,2000
entity:artifact:1:ld1-1643390182193-1643390189949-0,periodEndYear,2000
entity:artifact:1:ld1-1643390182193-1643390189950-0,periodEndYear,2000
entity:artifact:1:ld1-1643390182193-1643390189952-0,periodEndYear,1640
entity:artifact:1:ld1-1643390182193-1643390189954-0,periodEndYear,1640
entity:artifact:1:ld1-1643390182193-1643390189956-0,periodEndYear,1200
entity:artifact:1:ld1-1643390182193-1643390189956-1,periodEndYear,1640
entity:artifact:1:ld1-1643390182193-1643390189957-0,periodEndYear,1640
entity:artifact:1:ld1-1643390182193-1643390189958-0,periodEndYear,1500
entity:artifact:1:ld1-1643390182193-1643390189959-0,periodEndYear,1700
entity:artifact:1:ld1-1643390182193-1643390189961-0,periodEndYear,1640
entity:artifact:1:ld1-1643390182193-1643390189962-0,periodEndYear,1700
entity:artifact:1:ld1-1643390182193-1643390189963-0,periodEndYear,1500
entity:artifact:1:ld1-1643390182193-1643390189964-0,periodEndYear,1500
entity:artifact:1:ld1-1643390182193-1643390189965-1,periodEndYear,1910
entity:artifact:1:ld1-1643390182193-1643390189967-0,periodEndYear,1640
entity:artifact:1:ld1-1643390182193-1643390189968-0,periodEndYear,1700
entity:artifact:1:ld1-1643390182193-1643390189969-0,periodEndYear,1640
entity:artifact:1:ld1-1643390182193-1643390189969-1,periodEndYear,1700
entity:artifact:1:ld1-1643390182193-1643390189971-0,periodEndYear,1600
entity:artifact:1:ld1-1643390182193-1643390189972-1,periodEndYear,1700
entity:artifact:1:ld1-1643390182193-1643390189973-0,periodEndYear,1500
entity:artifact:1:ld1-1643390182193-1643390189975-0,periodEndYear,1530
entity:artifact:1:ld1-1643390182193-1643390189976-0,periodEndYear,1640
entity:artifact:1:ld1-1643390182193-1643390189979-0,periodEndYear,1640
entity:artifact:1:ld1-1643390182193-1643390189980-0,periodEndYear,1700
entity:artifact:1:ld1-1643390182193-1643390189982-0,periodEndYear,1500
entity:artifact:1:ld1-1643390182193-1643390189998-0,periodEndYear,1640
entity:artifact:1:ld1-1643390182193-1643390190000-0,periodEndYear,200
entity:artifact:1:ld1-1643390182193-1643390190004-0,periodEndYear,100
entity:artifact:1:ld1-1643390182193-1643390190004-1,periodEndYear,200
entity:artifact:1:ld1-1643390182193-1643390190005-0,periodEndYear,200
entity:artifact:1:ld1-1643390182193-1643390190006-0,periodEndYear,200
entity:artifact:1:ld1-1643390182193-1643390190007-0,periodEndYear,800
entity:artifact:1:ld1-1643390182193-1643390190015-0,periodEndYear,1400
entity:artifact:1:ld1-1643390182193-1643390190017-0,periodEndYear,1700
entity:artifact:1:ld1-1643390182193-1643390190018-0,periodEndYear,1600
entity:artifact:1:ld1-1643390182193-1643390190020-0,periodEndYear,200
entity:artifact:1:ld1-1643390182193-1643390190020-1,periodEndYear,200
entity:artifact:1:ld1-1643390182193-1643390190022-0,periodEndYear,1000
entity:artifact:1:ld1-1643390182193-1643390190025-0,periodEndYear,1500
entity:artifact:1:ld1-1643390182193-1643390190026-0,periodEndYear,1640
entity:artifact:1:ld1-1643390182193-1643390190027-1,periodEndYear,1700
entity:artifact:1:ld1-1643390182193-1643390190029-0,periodEndYear,1000
entity:artifact:1:ld1-1643390182193-1643390190032-0,periodEndYear,1700
entity:artifact:1:ld1-1643390182193-1643390190033-0,periodEndYear,1800
entity:artifact:1:ld1-1643390182193-1643390190040-1,periodEndYear,200
entity:artifact:1:ld1-1643390182193-1643390190058-0,periodEndYear,500
entity:artifact:1:ld1-1643390182193-1643390190060-0,periodEndYear,500
entity:artifact:1:ld1-1643390182193-1643390190061-0,periodEndYear,800
entity:artifact:1:ld1-1643390182193-1643390190062-0,periodEndYear,500
entity:artifact:1:ld1-1643390182193-1643390190074-0,periodEndYear,200
entity:artifact:1:ld1-1643390182193-1643390190075-0,periodEndYear,200
entity:artifact:1:ld1-1643390182193-1643390190077-0,periodEndYear,1640
entity:artifact:1:ld1-1643390182193-1643390190078-0,periodEndYear,1800
entity:artifact:1:ld1-1643390182193-1643390190079-1,periodEndYear,200
entity:artifact:1:ld1-1643390182193-1643390190080-0,periodEndYear,200
entity:artifact:1:ld1-1643390182193-1643390190083-0,periodEndYear,200
entity:artifact:1:ld1-1643390182193-1643390190084-0,periodEndYear,200
entity:artifact:1:ld1-1643390182193-1643390190086-0,periodEndYear,200
entity:artifact:1:ld1-1643390182193-1643390190087-0,periodEndYear,200
entity:artifact:1:ld1-1643390182193-1643390190088-0,periodEndYear,200
entity:artifact:1:ld1-1643390182193-1643390190089-0,periodEndYear,1000
entity:artifact:1:ld1-1643390182193-1643390190156-0,periodEndYear,200
entity:artifact:1:ld1-1643390182193-1643390190164-0,periodEndYear,200
entity:artifact:1:ld1-1643390182193-1643390190165-0,periodEndYear,200
entity:artifact:1:ld1-1643390182193-1643390190178-0,periodEndYear,1300
entity:artifact:1:ld1-1643390182193-1643390190180-0,periodEndYear,1640
entity:artifact:1:ld1-1643390182193-1643390190183-0,periodEndYear,1500
entity:artifact:1:ld1-1643390182193-1643390190184-0,periodEndYear,1400
entity:artifact:1:ld1-1643390182193-1643390190186-0,periodEndYear,1500
entity:artifact:1:ld1-1643390182193-1643390190187-0,periodEndYear,1700
entity:artifact:1:ld1-1643390182193-1643390190192-0,periodEndYear,1640
entity:artifact:1:ld1-1643390182193-1643390190193-0,periodEndYear,1500
entity:artifact:1:ld1-1643390182193-1643390190195-0,periodEndYear,1700
entity:artifact:1:ld1-1643390182193-1643390190197-0,periodEndYear,2000
entity:artifact:1:ld1-1643390182193-1643390190198-0,periodEndYear,2000
entity:artifact:1:ld1-1643390182193-1643390190200-0,periodEndYear,2000
entity:artifact:1:ld1-1643390182193-1643390190202-0,periodEndYear,2000
entity:artifact:1:ld1-1643390182193-1643390190204-0,periodEndYear,2000
entity:artifact:1:ld1-1643390182193-1643390190206-0,periodEndYear,2000
entity:artifact:1:ld1-1643390182193-1643390190207-0,periodEndYear,2000
entity:artifact:1:ld1-1643390182193-1643390190209-0,periodEndYear,2000
entity:artifact:1:ld1-1643390182193-1643390190211-0,periodEndYear,2000
entity:artifact:1:ld1-1643390182193-1643390190212-0,periodEndYear,2000
entity:artifact:1:ld1-1643390182193-1643390190214-0,periodEndYear,2000
entity:artifact:1:ld1-1643390182193-1643390190216-0,periodEndYear,2000
entity:artifact:1:ld1-1643390182193-1643390190219-0,periodEndYear,2000
entity:artifact:1:ld1-1643390182193-1643390190221-0,periodEndYear,2000
entity:artifact:1:ld1-1643390182193-1643390190226-0,periodEndYear,2000
entity:artifact:1:ld1-1643390182193-1643390190232-0,periodEndYear,2000
entity:artifact:1:ld1-1643390182193-1643390190233-0,periodEndYear,2000
entity:artifact:1:ld1-1643390182193-1643390190235-0,periodEndYear,2000
entity:artifact:1:ld1-1643390182193-1643390190237-0,periodEndYear,2000
entity:artifact:1:ld1-1643390182193-1643390190241-0,periodEndYear,1640
entity:artifact:1:ld1-1643390182193-1643390190253-0,periodEndYear,2000
entity:artifact:1:ld1-1643390182193-1643390190254-0,periodEndYear,2000
entity:artifact:1:ld1-1643390182193-1643390190256-0,periodEndYear,2000
entity:artifact:1:ld1-1643390182193-1643390190258-0,periodEndYear,2000
entity:artifact:1:ld1-1643390182193-1643390190259-0,periodEndYear,2000
entity:artifact:1:ld1-1643390182193-1643390190261-0,periodEndYear,2000
entity:artifact:1:ld1-1643390182193-1643390190264-0,periodEndYear,2000
entity:artifact:1:ld1-1643390182193-1643390190266-0,periodEndYear,2000
entity:artifact:1:ld1-1643390182193-1643390190268-0,periodEndYear,2000
entity:artifact:1:ld1-1643390182193-1643390190270-0,periodEndYear,2000
entity:artifact:1:ld1-1643390182193-1643390190272-0,periodEndYear,2000
entity:artifact:1:ld1-1643390182193-1643390190274-0,periodEndYear,5000
entity:artifact:1:ld1-1643390182193-1643390190275-0,periodEndYear,5000
entity:artifact:1:ld1-1643390182193-1643390190277-0,periodEndYear,1800
entity:artifact:1:ld1-1643390182193-1643390190279-0,periodEndYear,3000
entity:artifact:1:ld1-1643390182193-1643390190280-0,periodEndYear,2000
entity:artifact:1:ld1-1643390182193-1643390190282-0,periodEndYear,2000
entity:artifact:1:ld1-1643390182193-1643390190285-0,periodEndYear,200
entity:artifact:1:ld1-1643390182193-1643390190286-0,periodEndYear,2000
entity:artifact:1:ld1-1643390182193-1643390190308-0,periodEndYear,200
entity:artifact:1:ld1-1643390182193-1643390190311-0,periodEndYear,200
entity:artifact:1:ld1-1643390182193-1643390190315-0,periodEndYear,500
entity:artifact:1:ld1-1643390182193-1643390190340-0,periodEndYear,1640
entity:artifact:1:ld1-1643390182193-1643390190363-0,periodEndYear,1500
entity:artifact:1:ld1-1643390182193-1643390190365-0,periodEndYear,1700
entity:artifact:1:ld1-1643390182193-1643390190366-0,periodEndYear,1700
entity:artifact:1:ld1-1643390182193-1643390190410-0,periodEndYear,1650
entity:artifact:1:ld1-1643390182193-1643390190412-0,periodEndYear,900
entity:artifact:1:ld1-1643390182193-1643390190474-0,periodEndYear,200
entity:artifact:1:ld1-1643390182193-1643390190548-0,periodEndYear,900
entity:artifact:1:ld1-1643390182193-1643390190682-0,periodEndYear,2000
entity:artifact:1:ld1-1643390182193-1643390190683-0,periodEndYear,2000
entity:artifact:1:ld1-1643390182193-1643390190687-0,periodEndYear,1700
entity:artifact:1:ld1-1643390182193-1643390190688-0,periodEndYear,1640
entity:artifact:1:ld1-1643390182193-1643390190694-0,periodEndYear,1700
entity:artifact:1:ld1-1643390182193-1643390190695-0,periodEndYear,1600
entity:artifact:1:ld1-1643390182193-1643390190696-0,periodEndYear,1700
entity:artifact:1:ld1-1643390182193-1643390190698-0,periodEndYear,1910
entity:artifact:1:ld1-1643390182193-1643390190701-0,periodEndYear,1640
entity:artifact:1:ld1-1643390182193-1643390190705-0,periodEndYear,2000
entity:artifact:1:ld1-1643390182193-1643390190708-0,periodEndYear,2000
entity:artifact:1:ld1-1643390182193-1643390190713-0,periodEndYear,2000
entity:artifact:1:ld1-1643390182193-1643390190714-0,periodEndYear,1000
entity:artifact:1:ld1-1643390182193-1643390190716-0,periodEndYear,2000
entity:artifact:1:ld1-1643390182193-1643390190717-0,periodEndYear,2000
entity:artifact:1:ld1-1643390182193-1643390190718-0,periodEndYear,2000
entity:artifact:1:ld1-1643390182193-1643390190720-0,periodEndYear,2000
entity:artifact:1:ld1-1643390182193-1643390190721-0,periodEndYear,2000
entity:artifact:1:ld1-1643390182193-1643390190724-0,periodEndYear,2000
entity:artifact:1:ld1-1643390182193-1643390190726-0,periodEndYear,3000
entity:artifact:1:ld1-1643390182193-1643390190727-0,periodEndYear,1000
entity:artifact:1:ld1-1643390182193-1643390190731-0,periodEndYear,3000
entity:artifact:1:ld1-1643390182193-1643390190732-0,periodEndYear,2000
entity:artifact:1:ld1-1643390182193-1643390190734-0,periodEndYear,1000
entity:artifact:1:ld1-1643390182193-1643390190736-0,periodEndYear,1500
entity:artifact:1:ld1-1643390182193-1643390190738-0,periodEndYear,1500
entity:artifact:1:ld1-1643390182193-1643390190740-0,periodEndYear,1700
entity:artifact:1:ld1-1643390182193-1643390190747-0,periodEndYear,2000
entity:artifact:1:ld1-1643390182193-1643390190749-0,periodEndYear,2000
entity:artifact:1:ld1-1643390182193-1643390190751-0,periodEndYear,900
entity:artifact:1:ld1-1643390182193-1643390190752-0,periodEndYear,1640
entity:artifact:1:ld1-1643390182193-1643390190754-0,periodEndYear,1720
entity:artifact:1:ld1-1643390182193-1643390190755-0,periodEndYear,200
entity:artifact:1:ld1-1643390182193-1643390190758-0,periodEndYear,1500
entity:artifact:1:ld1-1643390182193-1643390190972-0,periodEndYear,200
entity:artifact:1:ld1-1643390182193-1643390190973-0,periodEndYear,200
entity:artifact:1:ld1-1643390182193-1643390190975-0,periodEndYear,200
entity:artifact:1:ld1-1643390182193-1643390190981-0,periodEndYear,100
entity:artifact:1:ld1-1643390182193-1643390190984-0,periodEndYear,1640
entity:artifact:1:ld1-1643390182193-1643390190987-0,periodEndYear,200
entity:artifact:1:ld1-1643390182193-1643390190999-0,periodEndYear,1640
entity:artifact:1:ld1-1643390182193-1643390191009-0,periodEndYear,1000
entity:artifact:1:ld1-1643390182193-1643390191011-0,periodEndYear,200
entity:artifact:1:ld1-1643390182193-1643390191020-0,periodEndYear,200
entity:artifact:1:ld1-1643390182193-1643390191025-0,periodEndYear,1640
entity:artifact:1:ld1-1643390182193-1643390191027-0,periodEndYear,1500
entity:artifact:1:ld1-1643390182193-1643390191038-0,periodEndYear,1000
entity:artifact:1:ld1-1643390182193-1643390191040-0,periodEndYear,2000
entity:artifact:1:ld1-1643390182193-1643390191041-0,periodEndYear,2000
entity:artifact:1:ld1-1643390182193-1643390191043-0,periodEndYear,2000
entity:artifact:1:ld1-1643390182193-1643390191044-0,periodEndYear,3000
entity:artifact:1:ld1-1643390182193-1643390191047-0,periodEndYear,2000
entity:artifact:1:ld1-1643390182193-1643390191050-0,periodEndYear,2000
entity:artifact:1:ld1-1643390182193-1643390191053-0,periodEndYear,2000
entity:artifact:1:ld1-1643390182193-1643390191055-0,periodEndYear,2000
entity:artifact:1:ld1-1643390182193-1643390191058-0,periodEndYear,1000
entity:artifact:1:ld1-1643390182193-1643390191059-0,periodEndYear,2000
entity:artifact:1:ld1-1643390182193-1643390191062-0,periodEndYear,1000
entity:artifact:1:ld1-1643390182193-1643390191064-0,periodEndYear,2000
entity:artifact:1:ld1-1643390182193-1643390191066-0,periodEndYear,1790
entity:artifact:1:ld1-1643390182193-1643390191069-0,periodEndYear,1790
entity:artifact:1:ld1-1643390182193-1643390191071-0,periodEndYear,2000
entity:artifact:1:ld1-1643390182193-1643390191072-0,periodEndYear,1790
entity:artifact:1:ld1-1643390182193-1643390191080-0,periodEndYear,3000
entity:artifact:1:ld1-1643390182193-1643390191082-0,periodEndYear,2000
entity:artifact:1:ld1-1643390182193-1643390191082-1,periodEndYear,2000
entity:artifact:1:ld1-1643390182193-1643390191083-0,periodEndYear,2000
entity:artifact:1:ld1-1643390182193-1643390191084-0,periodEndYear,2000
entity:artifact:1:ld1-1643390182193-1643390191085-0,periodEndYear,2000
entity:artifact:1:ld1-1643390182193-1643390191086-0,periodEndYear,3000
entity:artifact:1:ld1-1643390182193-1643390191087-1,periodEndYear,1000
entity:artifact:1:ld1-1643390182193-1643390191088-0,periodEndYear,200
entity:artifact:1:ld1-1643390182193-1643390191090-1,periodEndYear,2000
entity:artifact:1:ld1-1643390182193-1643390191091-0,periodEndYear,2000
entity:artifact:1:ld1-1643390182193-1643390191092-0,periodEndYear,2000
entity:artifact:1:ld1-1643390182193-1643390191093-0,periodEndYear,2000
entity:artifact:1:ld1-1643390182193-1643390191094-1,periodEndYear,900
entity:artifact:1:ld1-1643390182193-1643390191095-0,periodEndYear,200
entity:artifact:1:ld1-1643390182193-1643390191096-0,periodEndYear,200
entity:artifact:1:ld1-1643390182193-1643390191097-0,periodEndYear,200
entity:artifact:1:ld1-1643390182193-1643390191097-1,periodEndYear,200
entity:artifact:1:ld1-1643390182193-1643390191098-0,periodEndYear,200
entity:artifact:1:ld1-1643390182193-1643390191104-1,periodEndYear,200
entity:artifact:1:ld1-1643390182193-1643390191105-0,periodEndYear,200
entity:artifact:1:ld1-1643390182193-1643390191106-0,periodEndYear,1000
entity:artifact:1:ld1-1643390182193-1643390191106-1,periodEndYear,200
entity:artifact:1:ld1-1643390182193-1643390191107-0,periodEndYear,500
entity:artifact:1:ld1-1643390182193-1643390191110-0,periodEndYear,2000
entity:artifact:1:ld1-1643390182193-1643390191116-0,periodEndYear,400
entity:artifact:1:ld1-1643390182193-1643390191125-1,periodEndYear,200
entity:artifact:1:ld1-1643390182193-1643390191126-0,periodEndYear,1300
entity:artifact:1:ld1-1643390182193-1643390191127-1,periodEndYear,1500
entity:artifact:1:ld1-1643390182193-1643390191128-0,periodEndYear,1700
entity:artifact:1:ld1-1643390182193-1643390191129-0,periodEndYear,1640
entity:artifact:1:ld1-1643390182193-1643390191129-1,periodEndYear,1500
entity:artifact:1:ld1-1643390182193-1643390191130-0,periodEndYear,1200
entity:artifact:1:ld1-1643390182193-1643390191132-0,periodEndYear,1500
entity:artifact:1:ld1-1643390182193-1643390191132-1,periodEndYear,1500
entity:artifact:1:ld1-1643390182193-1643390191133-0,periodEndYear,1600
entity:artifact:1:ld1-1643390182193-1643390191134-0,periodEndYear,1640
entity:artifact:1:ld1-1643390182193-1643390191136-0,periodEndYear,1590
entity:artifact:1:ld1-1643390182193-1643390191137-0,periodEndYear,1500
entity:artifact:1:ld1-1643390182193-1643390191140-1,periodEndYear,1200
entity:artifact:1:ld1-1643390182193-1643390191141-0,periodEndYear,1400
entity:artifact:1:ld1-1643390182193-1643390191142-0,periodEndYear,1700
entity:artifact:1:ld1-1643390182193-1643390191143-1,periodEndYear,1400
entity:artifact:1:ld1-1643390182193-1643390191144-0,periodEndYear,1640
entity:artifact:1:ld1-1643390182193-1643390191145-0,periodEndYear,1720
entity:artifact:1:ld1-1643390182193-1643390191146-0,periodEndYear,1640
entity:artifact:1:ld1-1643390182193-1643390191146-1,periodEndYear,1500
entity:artifact:1:ld1-1643390182193-1643390191147-0,periodEndYear,1700
entity:artifact:1:ld1-1643390182193-1643390191148-0,periodEndYear,1500
entity:artifact:1:ld1-1643390182193-1643390191149-0,periodEndYear,1500
entity:artifact:1:ld1-1643390182193-1643390191149-1,periodEndYear,1700
entity:artifact:1:ld1-1643390182193-1643390191150-0,periodEndYear,1500
entity:artifact:1:ld1-1643390182193-1643390191151-0,periodEndYear,1500
entity:artifact:1:ld1-1643390182193-1643390191152-1,periodEndYear,1700
entity:artifact:1:ld1-1643390182193-1643390191153-0,periodEndYear,1590
entity:artifact:1:ld1-1643390182193-1643390191154-0,periodEndYear,1700
entity:artifact:1:ld1-1643390182193-1643390191155-1,periodEndYear,1500
entity:artifact:1:ld1-1643390182193-1643390191157-0,periodEndYear,1600
entity:artifact:1:ld1-1643390182193-1643390191158-0,periodEndYear,1500
entity:artifact:1:ld1-1643390182193-1643390191158-1,periodEndYear,1640
entity:artifact:1:ld1-1643390182193-1643390191159-0,periodEndYear,1500
entity:artifact:1:ld1-1643390182193-1643390191160-0,periodEndYear,1700
entity:artifact:1:ld1-1643390182193-1643390191161-0,periodEndYear,1500
entity:artifact:1:ld1-1643390182193-1643390191161-1,periodEndYear,1700
entity:artifact:1:ld1-1643390182193-1643390191162-0,periodEndYear,1700
entity:artifact:1:ld1-1643390182193-1643390191163-0,periodEndYear,1500
entity:artifact:1:ld1-1643390182193-1643390191165-0,periodEndYear,1640
entity:artifact:1:ld1-1643390182193-1643390191167-0,periodEndYear,1700
entity:artifact:1:ld1-1643390182193-1643390191168-0,periodEndYear,1700
entity:artifact:1:ld1-1643390182193-1643390191169-0,periodEndYear,1640
entity:artifact:1:ld1-1643390182193-1643390191169-1,periodEndYear,1700
entity:artifact:1:ld1-1643390182193-1643390191171-0,periodEndYear,1700
entity:artifact:1:ld1-1643390182193-1643390191171-1,periodEndYear,1500
entity:artifact:1:ld1-1643390182193-1643390191172-0,periodEndYear,1640
entity:artifact:1:ld1-1643390182193-1643390191173-0,periodEndYear,1500
entity:artifact:1:ld1-1643390182193-1643390191176-0,periodEndYear,1500
entity:artifact:1:ld1-1643390182193-1643390191176-1,periodEndYear,1700
entity:artifact:1:ld1-1643390182193-1643390191177-0,periodEndYear,1500
entity:artifact:1:ld1-1643390182193-1643390191179-1,periodEndYear,1700
entity:artifact:1:ld1-1643390182193-1643390191181-0,periodEndYear,1620
entity:artifact:1:ld1-1643390182193-1643390191184-0,periodEndYear,200
entity:artifact:1:ld1-1643390182193-1643390191185-0,periodEndYear,200
entity:artifact:1:ld1-1643390182193-1643390191186-0,periodEndYear,500
entity:artifact:1:ld1-1643390182193-1643390191187-0,periodEndYear,500
entity:artifact:1:ld1-1643390182193-1643390191197-0,periodEndYear,500
entity:artifact:1:ld1-1643390182193-1643390191198-0,periodEndYear,500
entity:artifact:1:ld1-1643390182193-1643390191200-1,periodEndYear,100
entity:artifact:1:ld1-1643390182193-1643390191201-0,periodEndYear,100
entity:artifact:1:ld1-1643390182193-1643390191201-1,periodEndYear,200
entity:artifact:1:ld1-1643390182193-1643390191203-0,periodEndYear,100
entity:artifact:1:ld1-1643390182193-1643390191203-1,periodEndYear,100
entity:artifact:1:ld1-1643390182193-1643390191204-0,periodEndYear,700
entity:artifact:1:ld1-1643390182193-1643390191212-0,periodEndYear,1000
entity:artifact:1:ld1-1643390182193-1643390191214-0,periodEndYear,1000
entity:artifact:1:ld1-1643390182193-1643390191214-1,periodEndYear,1000
entity:artifact:1:ld1-1643390182193-1643390191220-1,periodEndYear,200
entity:artifact:1:ld1-1643390182193-1643390191221-0,periodEndYear,1100
entity:artifact:1:ld1-1643390182193-1643390191235-0,periodEndYear,200
entity:artifact:1:ld1-1643390182193-1643390191242-0,periodEndYear,700
entity:artifact:1:ld1-1643390182193-1643390191244-0,periodEndYear,600
entity:artifact:1:ld1-1643390182193-1643390191292-1,periodEndYear,1000
entity:artifact:1:ld1-1643390182193-1643390191296-1,periodEndYear,500
entity:artifact:1:ld1-1643390182193-1643390191297-0,periodEndYear,500
entity:artifact:1:ld1-1643390182193-1643390191298-0,periodEndYear,500
entity:artifact:1:ld1-1643390182193-1643390191300-0,periodEndYear,600
entity:artifact:1:ld1-1643390182193-1643390191301-0,periodEndYear,600
entity:artifact:1:ld1-1643390182193-1643390191308-0,periodEndYear,600
entity:artifact:1:ld1-1643390182193-1643390191308-1,periodEndYear,600
entity:artifact:1:ld1-1643390182193-1643390191310-0,periodEndYear,700
entity:artifact:1:ld1-1643390182193-1643390191329-0,periodEndYear,1400
entity:artifact:1:ld1-1643390182193-1643390191340-0,periodEndYear,5000
entity:artifact:1:ld1-1643390182193-1643390191341-0,periodEndYear,5000
entity:artifact:1:ld1-1643390182193-1643390191342-0,periodEndYear,2000
entity:artifact:1:ld1-1643390182193-1643390191342-1,periodEndYear,2000
entity:artifact:1:ld1-1643390182193-1643390191343-0,periodEndYear,1300
entity:artifact:1:ld1-1643390182193-1643390191346-0,periodEndYear,1930
entity:artifact:1:ld1-1643390182193-1643390191349-0,periodEndYear,600
entity:artifact:1:ld1-1643390182193-1643390191350-1,periodEndYear,1000
entity:artifact:1:ld1-1643390182193-1643390191531-0,periodEndYear,1000
entity:artifact:1:ld1-1643390182193-1643390191981-1,periodEndYear,1000
entity:artifact:1:ld1-1643390182193-1643390192028-1,periodEndYear,1000
entity:artifact:1:ld1-1643390182193-1643390192033-1,periodEndYear,1000
entity:artifact:1:ld1-1643390182193-1643390192060-0,periodEndYear,700
entity:artifact:1:ld1-1643390182193-1643390192061-0,periodEndYear,700
entity:artifact:1:ld1-1643390182193-1643390192357-0,periodEndYear,1000
entity:artifact:1:ld1-1643390182193-1643390192464-1,periodEndYear,1500
entity:artifact:1:ld1-1643390182193-1643390192477-0,periodEndYear,200
entity:artifact:1:ld1-1643390182193-1643390192478-0,periodEndYear,200
entity:artifact:1:ld1-1643390182193-1643390192479-0,periodEndYear,200
entity:artifact:1:ld1-1643390182193-1643390192480-0,periodEndYear,200
entity:artifact:1:ld1-1643390182193-1643390192486-0,periodEndYear,500
entity:artifact:1:ld1-1643390182193-1643390192488-1,periodEndYear,1000
entity:artifact:1:ld1-1643390182193-1643390192492-0,periodEndYear,500
entity:artifact:1:ld1-1643390182193-1643390192493-0,periodEndYear,500
entity:artifact:1:ld1-1643390182193-1643390192589-0,periodEndYear,1000
entity:artifact:1:ld1-1643390182193-1643390192894-1,periodEndYear,1000
entity:artifact:1:ld1-1643390182193-1643390193172-0,periodEndYear,1720
entity:artifact:1:ld1-1643390182193-1643390193173-0,periodEndYear,1720
entity:artifact:1:ld1-1643390182193-1643390193175-0,periodEndYear,1720
entity:artifact:1:ld1-1643390182193-1643390193176-0,periodEndYear,1720
entity:artifact:1:ld1-1643390182193-1643390193582-0,periodEndYear,1300
entity:artifact:1:ld1-1643390182193-1643390193586-0,periodEndYear,1400
entity:artifact:1:ld1-1643390182193-1643390193772-0,periodEndYear,1000
entity:artifact:1:ld1-1643390182193-1643390193859-0,periodEndYear,1500
entity:artifact:1:ld1-1643390182193-1643390194307-0,periodEndYear,1400
entity:artifact:1:ld1-1643390182193-1643390194308-0,periodEndYear,1300
entity:artifact:1:ld1-1643390182193-1643390194486-0,periodEndYear,1000
entity:artifact:1:ld1-1643390182193-1643390194898-0,periodEndYear,1000
entity:artifact:1:ld1-1643390182193-1643390194898-1,periodEndYear,1000
entity:artifact:1:ld1-1643390182193-1643390195115-1,periodEndYear,900
entity:artifact:1:ld1-1643390182193-1643390195166-0,periodEndYear,1000
entity:artifact:1:ld1-1643390182193-1643390195167-0,periodEndYear,1000
entity:artifact:1:ld1-1643390182193-1643390195204-1,periodEndYear,200
entity:artifact:1:ld1-1643390182193-1643390196364-0,periodEndYear,900
entity:artifact:1:ld1-1643390182193-1643390196412-1,periodEndYear,1000
entity:artifact:1:ld1-1643390182193-1643390196419-0,periodEndYear,1000
entity:artifact:1:ld1-1643390182193-1643390196420-0,periodEndYear,1000
entity:artifact:1:ld1-1643390182193-1643390196420-1,periodEndYear,1000
entity:artifact:1:ld1-1643390182193-1643390196421-0,periodEndYear,1000
entity:artifact:1:ld1-1643390182193-1643390196421-1,periodEndYear,1000
entity:artifact:1:ld1-1643390182193-1643390196422-0,periodEndYear,1000
entity:artifact:1:ld1-1643390182193-1643390196422-1,periodEndYear,1000
entity:artifact:1:ld1-1643390182193-1643390196423-0,periodEndYear,1000
entity:artifact:1:ld1-1643390182193-1643390196424-0,periodEndYear,1000
entity:artifact:1:ld1-1643390182193-1643390196424-1,periodEndYear,1000
entity:artifact:1:ld1-1643390182193-1643390196425-0,periodEndYear,1000
entity:artifact:1:ld1-1643390182193-1643390196425-1,periodEndYear,1000
entity:artifact:1:ld1-1643390182193-1643390196426-0,periodEndYear,1000
entity:artifact:1:ld1-1643390182193-1643390196426-1,periodEndYear,1000
entity:artifact:1:ld1-1643390182193-1643390196427-0,periodEndYear,1000
entity:artifact:1:ld1-1643390182193-1643390199654-0,periodEndYear,1000
entity:artifact:1:ld1-1643390182193-1643390199654-1,periodEndYear,1000
entity:artifact:1:ld1-1643390182193-1643390199655-0,periodEndYear,1000
entity:artifact:1:ld1-1643390182193-1643390201839-1,periodEndYear,1720
entity:artifact:1:ld1-1643390182193-1643390201840-0,periodEndYear,1720
entity:artifact:1:ld1-1643390182193-1643390202065-1,periodEndYear,1000
entity:artifact:1:ld1-1643390182193-1643390202105-0,periodEndYear,2000
entity:artifact:1:ld1-1643390182193-1643390202127-1,periodEndYear,1700
entity:artifact:1:ld1-1643390182193-1643390202870-0,periodEndYear,800
entity:artifact:1:ld1-1643390182193-1643390203114-0,periodEndYear,1000
entity:artifact:1:ld1-1643390182193-1643390203302-0,periodEndYear,1000
entity:artifact:1:ld1-1643390182193-1643390203443-0,periodEndYear,1000
entity:artifact:1:ld1-1643398738600-1643398745136-0,periodEndYear,1960
entity:artifact:1:ld1-1643398738600-1643398745137-0,periodEndYear,1960
entity:artifact:1:ld1-1643398738600-1643398745138-0,periodEndYear,1960
entity:artifact:1:ld1-1643398738600-1643398745213-0,periodEndYear,1900
entity:artifact:1:ld1-1643398738600-1643398747015-1,periodEndYear,1930
entity:artifact:1:ld1-1643398738600-1643398748738-1,periodEndYear,1860
entity:artifact:1:ld1-1643398853934-1643398856788-1,periodEndYear,1800
entity:artifact:1:ld1-1643398853934-1643398861803-0,periodEndYear,1790
entity:artifact:1:ld1-1643398853934-1643398865285-0,periodEndYear,1860
entity:artifact:1:ld1-1643398853934-1643398865570-0,periodEndYear,1850
entity:artifact:1:ld1-1643398986850-1643399010506-0,periodEndYear,1920
entity:artifact:1:ld1-1643398986850-1643399010507-0,periodEndYear,1920
entity:artifact:1:ld1-1643399207586-1643399235010-1,periodEndYear,1900
entity:artifact:1:ld1-1643399486815-1643399489990-1,periodEndYear,1910
entity:artifact:1:ld1-1643399486815-1643399489992-0,periodEndYear,1910
entity:artifact:1:ld1-1643399486815-1643399489995-0,periodEndYear,1910
entity:artifact:1:ld1-1643399486815-1643399489996-0,periodEndYear,1910
entity:artifact:1:ld1-1643399486815-1643399489997-0,periodEndYear,1910
entity:artifact:1:ld1-1643399486815-1643399489998-0,periodEndYear,1910
entity:artifact:1:ld1-1643399486815-1643399489999-0,periodEndYear,1910
entity:artifact:1:ld1-1643399486815-1643399490000-0,periodEndYear,1910
entity:artifact:1:ld1-1643399486815-1643399490001-0,periodEndYear,1910
entity:artifact:1:ld1-1643399486815-1643399490002-0,periodEndYear,1910
entity:artifact:1:ld1-1643399486815-1643399490003-0,periodEndYear,1910
entity:artifact:1:ld1-1643399486815-1643399490004-0,periodEndYear,1910
entity:artifact:1:ld1-1643399486815-1643399490005-0,periodEndYear,1910
entity:artifact:1:ld1-1643399486815-1643399490006-0,periodEndYear,1910
entity:artifact:1:ld1-1643399486815-1643399490007-0,periodEndYear,1910
entity:artifact:1:ld1-1643399486815-1643399490008-0,periodEndYear,1910
entity:artifact:1:ld1-1643399486815-1643399490009-0,periodEndYear,1910
entity:artifact:1:ld1-1643399486815-1643399490010-0,periodEndYear,1910
entity:artifact:1:ld1-1643399486815-1643399490011-0,periodEndYear,1910
entity:artifact:1:ld1-1643399486815-1643399490012-0,periodEndYear,1910
entity:artifact:1:ld1-1643399486815-1643399490013-0,periodEndYear,1910
entity:artifact:1:ld1-1643399486815-1643399490014-0,periodEndYear,1910
entity:artifact:1:ld1-1643399486815-1643399490015-0,periodEndYear,1910
entity:artifact:1:ld1-1643399486815-1643399490016-0,periodEndYear,1910
entity:artifact:1:ld1-1643399486815-1643399490017-0,periodEndYear,1910
entity:artifact:1:ld1-1643399486815-1643399490019-0,periodEndYear,1910
entity:artifact:1:ld1-1643399486815-1643399490020-0,periodEndYear,1910
entity:artifact:1:ld1-1643399486815-1643399490021-0,periodEndYear,1910
entity:artifact:1:ld1-1643399486815-1643399490022-0,periodEndYear,1910
entity:artifact:1:ld1-1643399486815-1643399490023-0,periodEndYear,1910
entity:artifact:1:ld1-1643399486815-1643399490024-0,periodEndYear,1910
entity:artifact:1:ld1-1643399486815-1643399490025-0,periodEndYear,1910
entity:artifact:1:ld1-1643399486815-1643399490026-1,periodEndYear,1910
entity:artifact:1:ld1-1643399486815-1643399490027-0,periodEndYear,1910
entity:artifact:1:ld1-1643399486815-1643399490028-0,periodEndYear,1910
entity:artifact:1:ld1-1643399486815-1643399490029-0,periodEndYear,1910
entity:artifact:1:ld1-1643399486815-1643399490030-0,periodEndYear,1910
entity:artifact:1:ld1-1643399486815-1643399490031-0,periodEndYear,1910
entity:artifact:1:ld1-1643399486815-1643399490032-0,periodEndYear,1910
entity:artifact:1:ld1-1643399486815-1643399490033-0,periodEndYear,1910
entity:artifact:1:ld1-1643399486815-1643399490034-0,periodEndYear,1910
entity:artifact:1:ld1-1643399486815-1643399490035-0,periodEndYear,1910
entity:artifact:1:ld1-1643399486815-1643399490036-0,periodEndYear,1910
entity:artifact:1:ld1-1643399486815-1643399490037-0,periodEndYear,1910
entity:artifact:1:ld1-1643399486815-1643399490038-0,periodEndYear,1910
entity:artifact:1:ld1-1643399486815-1643399490039-0,periodEndYear,1910
entity:artifact:1:ld1-1643399486815-1643399490040-0,periodEndYear,1910
entity:artifact:1:ld1-1643399486815-1643399490041-0,periodEndYear,1910
entity:artifact:1:ld1-1643399486815-1643399490042-0,periodEndYear,1910
entity:artifact:1:ld1-1643399486815-1643399490042-1,periodEndYear,1910
entity:artifact:1:ld1-1643399549356-1643399584799-0,periodEndYear,1800
entity:artifact:1:ld1-1643399549356-1643399604876-0,periodEndYear,1890
entity:artifact:1:ld1-1643399549356-1643399605133-0,periodEndYear,1870
entity:artifact:1:ld1-1643399549356-1643399605133-1,periodEndYear,1870
entity:artifact:1:ld1-1643399625297-1643399670189-0,periodEndYear,1870
entity:artifact:1:ld1-1643399625297-1643399677835-0,periodEndYear,1880
entity:artifact:1:ld1-1643399887910-1643399887993-1,periodEndYear,1800
entity:artifact:1:ld1-1643399887910-1643399887994-0,periodEndYear,1890
entity:artifact:1:ld1-1643399887910-1643399888016-1,periodEndYear,1800
entity:artifact:1:ld1-1643399887910-1643399888017-0,periodEndYear,1890
entity:artifact:1:ld1-1643399887910-1643399888017-1,periodEndYear,1800
entity:artifact:1:ld1-1643399887910-1643399888029-1,periodEndYear,1700
entity:artifact:1:ld1-1643399887910-1643399888064-1,periodEndYear,1800
entity:artifact:1:ld1-1643399887910-1643399888078-0,periodEndYear,1400
entity:artifact:1:ld1-1643399887910-1643399888095-0,periodEndYear,1880
entity:artifact:1:ld1-1643399887910-1643399888348-2,periodEndYear,1800
entity:artifact:1:ld1-1643399887910-1643399888555-1,periodEndYear,1820
entity:artifact:1:ld1-1643399887910-1643399888614-2,periodEndYear,1800
entity:artifact:1:ld1-1643399887910-1643399890353-1,periodEndYear,1800
entity:artifact:1:ld1-1643399887910-1643399890463-1,periodEndYear,1800
entity:artifact:1:ld1-1643399887910-1643399890528-1,periodEndYear,1500
entity:artifact:1:ld1-1643399887910-1643399890536-1,periodEndYear,1400
entity:artifact:1:ld1-1643399887910-1643399890538-0,periodEndYear,1590
entity:artifact:1:ld1-1643399887910-1643399890545-0,periodEndYear,1640
entity:artifact:1:ld1-1643399887910-1643399890545-1,periodEndYear,1640
entity:artifact:1:ld1-1643399887910-1643399890546-0,periodEndYear,1640
entity:artifact:1:ld1-1643399887910-1643399890547-1,periodEndYear,1800
entity:artifact:1:ld1-1643399887910-1643399890556-0,periodEndYear,1400
entity:artifact:1:ld1-1643399887910-1643399890581-1,periodEndYear,1400
entity:artifact:1:ld1-1643399887910-1643399890582-0,periodEndYear,1400
entity:artifact:1:ld1-1643399887910-1643399890582-1,periodEndYear,1400
entity:artifact:1:ld1-1643399887910-1643399890583-0,periodEndYear,1400
entity:artifact:1:ld1-1643399887910-1643399890584-1,periodEndYear,1800
entity:artifact:1:ld1-1643399887910-1643399890585-1,periodEndYear,1700
entity:artifact:1:ld1-1643399887910-1643399890614-1,periodEndYear,1600
entity:artifact:1:ld1-1643399887910-1643399890766-1,periodEndYear,1400
entity:artifact:1:ld1-1643399887910-1643399890785-0,periodEndYear,1700
entity:artifact:1:ld1-1643399887910-1643399890808-1,periodEndYear,1700
entity:artifact:1:ld1-1643399887910-1643399890809-0,periodEndYear,1700
entity:artifact:1:ld1-1643399887910-1643399890809-1,periodEndYear,1700
entity:artifact:1:ld1-1643399887910-1643399890810-0,periodEndYear,1700
entity:artifact:1:ld1-1643399887910-1643399890810-1,periodEndYear,1700
entity:artifact:1:ld1-1643399887910-1643399890868-1,periodEndYear,1820
entity:artifact:1:ld1-1643399887910-1643399891576-2,periodEndYear,1700
entity:artifact:1:ld1-1643399887910-1643399891577-0,periodEndYear,1700
entity:artifact:1:ld1-1643399887910-1643399891577-1,periodEndYear,1700
entity:artifact:1:ld1-1643399887910-1643399891590-0,periodEndYear,1700
entity:artifact:1:ld1-1643399887910-1643399891600-0,periodEndYear,1700
entity:artifact:1:ld1-1643399887910-1643399891605-1,periodEndYear,1700
entity:artifact:1:ld1-1643399887910-1643399891610-1,periodEndYear,1700
entity:artifact:1:ld1-1643399887910-1643399891618-1,periodEndYear,1700
entity:artifact:1:ld1-1643399887910-1643399891619-0,periodEndYear,1820
entity:artifact:1:ld1-1643399887910-1643399891620-0,periodEndYear,1820
entity:artifact:1:ld1-1643399887910-1643399891620-1,periodEndYear,1700
entity:artifact:1:ld1-1643399887910-1643399891621-0,periodEndYear,1700
entity:artifact:1:ld1-1643399887910-1643399891621-1,periodEndYear,1700
entity:artifact:1:ld1-1643399887910-1643399891622-0,periodEndYear,1700
entity:artifact:1:ld1-1643399887910-1643399891623-0,periodEndYear,1700
entity:artifact:1:ld1-1643399887910-1643399891623-1,periodEndYear,1800
entity:artifact:1:ld1-1643399887910-1643399891624-0,periodEndYear,1700
entity:artifact:1:ld1-1643399887910-1643399892133-1,periodEndYear,1800
entity:artifact:1:ld1-1643399887910-1643399892221-1,periodEndYear,1800
entity:artifact:1:ld1-1643399887910-1643399892439-1,periodEndYear,1800
entity:artifact:1:ld1-1643399887910-1643399892475-0,periodEndYear,1700
entity:artifact:1:ld1-1643399887910-1643399892475-1,periodEndYear,1700
entity:artifact:1:ld1-1643399887910-1643399892476-1,periodEndYear,1820
entity:artifact:1:ld1-1643399887910-1643399892477-0,periodEndYear,1820
entity:artifact:1:ld1-1643399887910-1643399892477-1,periodEndYear,1820
entity:artifact:1:ld1-1643399887910-1643399892477-2,periodEndYear,1820
entity:artifact:1:ld1-1643399887910-1643399892478-1,periodEndYear,1700
entity:artifact:1:ld1-1643399887910-1643399892479-0,periodEndYear,1700
entity:artifact:1:ld1-1643399887910-1643399892479-1,periodEndYear,1700
entity:artifact:1:ld1-1643399887910-1643399892480-0,periodEndYear,1700
entity:artifact:1:ld1-1643399887910-1643399892812-1,periodEndYear,1890
entity:artifact:1:ld1-1643399887910-1643399892840-1,periodEndYear,1810
entity:artifact:1:ld1-1643399887910-1643399892842-1,periodEndYear,1840
entity:artifact:1:ld1-1643399887910-1643399892844-0,periodEndYear,1850
entity:artifact:1:ld1-1643399887910-1643399892845-0,periodEndYear,1840
entity:artifact:1:ld1-1643399887910-1643399892846-1,periodEndYear,1850
entity:artifact:1:ld1-1643399887910-1643399892984-1,periodEndYear,1870
entity:artifact:1:ld1-1643399887910-1643399892985-1,periodEndYear,1870
entity:artifact:1:ld1-1643399887910-1643399893503-0,periodEndYear,1890
entity:artifact:1:ld1-1643399887910-1643399893572-1,periodEndYear,1910
entity:artifact:1:ld1-1643399887910-1643399893576-0,periodEndYear,1850
entity:artifact:1:ld1-1643399887910-1643399893590-0,periodEndYear,1700
entity:artifact:1:ld1-1643399887910-1643399893748-0,periodEndYear,1820
entity:artifact:1:ld1-1643399887910-1643399895416-0,periodEndYear,1800
entity:artifact:1:ld1-1643399887910-1643399895493-0,periodEndYear,1740
entity:artifact:1:ld1-1643399887910-1643399895494-0,periodEndYear,1740
entity:artifact:1:ld1-1643399887910-1643399895494-1,periodEndYear,1740
entity:artifact:1:ld1-1643399887910-1643399895495-0,periodEndYear,1740
entity:artifact:1:ld1-1643399887910-1643399895495-1,periodEndYear,1740
entity:artifact:1:ld1-1643399887910-1643399895495-2,periodEndYear,1740
entity:artifact:1:ld1-1643399887910-1643399895532-0,periodEndYear,1800
entity:artifact:1:ld1-1643399887910-1643399895818-0,periodEndYear,1770
entity:artifact:1:ld1-1643399887910-1643399895967-0,periodEndYear,1800
entity:artifact:1:ld1-1643399887910-1643399898198-0,periodEndYear,1740
entity:artifact:1:ld1-1643399887910-1643399898959-1,periodEndYear,1770
entity:artifact:1:ld1-1643399887910-1643399900899-1,periodEndYear,1780
entity:artifact:1:ld1-1643399887910-1643399900899-2,periodEndYear,1780
entity:artifact:1:ld1-1643399887910-1643399900901-1,periodEndYear,1730
entity:artifact:1:ld1-1643399887910-1643399900964-1,periodEndYear,1820
entity:artifact:1:ld1-1643399887910-1643399900965-1,periodEndYear,1710
entity:artifact:1:ld1-1643399887910-1643399901005-1,periodEndYear,1890
entity:artifact:1:ld1-1643399887910-1643399901036-1,periodEndYear,1700
entity:artifact:1:ld1-1643399887910-1643399901037-0,periodEndYear,1700
entity:artifact:1:ld1-1643399887910-1643399901037-1,periodEndYear,1700
entity:artifact:1:ld1-1643399887910-1643399901128-1,periodEndYear,1820
entity:artifact:1:ld1-1643399887910-1643399901356-1,periodEndYear,1700
entity:artifact:1:ld1-1643399887910-1643399901449-0,periodEndYear,1700
entity:artifact:1:ld1-1643399887910-1643399901821-1,periodEndYear,1800
entity:artifact:1:ld1-1643399887910-1643399901822-0,periodEndYear,1780
entity:artifact:1:ld1-1643399887910-1643399901822-1,periodEndYear,1790
entity:artifact:1:ld1-1643399887910-1643399901823-0,periodEndYear,1800
entity:artifact:1:ld1-1643399887910-1643399901830-0,periodEndYear,1800
entity:artifact:1:ld1-1643399887910-1643399901830-1,periodEndYear,1800
entity:artifact:1:ld1-1643399887910-1643399901831-0,periodEndYear,1800
entity:artifact:1:ld1-1643399887910-1643399901831-1,periodEndYear,1820
entity:artifact:1:ld1-1643399887910-1643399901831-2,periodEndYear,1800
entity:artifact:1:ld1-1643399887910-1643399901832-0,periodEndYear,1800
entity:artifact:1:ld1-1643399887910-1643399901832-1,periodEndYear,1820
entity:artifact:1:ld1-1643399887910-1643399901833-0,periodEndYear,1820
entity:artifact:1:ld1-1643399887910-1643399901834-0,periodEndYear,1820
entity:artifact:1:ld1-1643399887910-1643399901834-1,periodEndYear,1820
entity:artifact:1:ld1-1643399887910-1643399901835-0,periodEndYear,1800
entity:artifact:1:ld1-1643399887910-1643399901835-1,periodEndYear,1800
entity:artifact:1:ld1-1643399887910-1643399901836-0,periodEndYear,1800
entity:artifact:1:ld1-1643399887910-1643399901836-1,periodEndYear,1800
entity:artifact:1:ld1-1643399887910-1643399901836-2,periodEndYear,1800
entity:artifact:1:ld1-1643399887910-1643399901837-0,periodEndYear,1800
entity:artifact:1:ld1-1643399887910-1643399901837-1,periodEndYear,1800
entity:artifact:1:ld1-1643399887910-1643399901838-0,periodEndYear,1820
entity:artifact:1:ld1-1643399887910-1643399901842-1,periodEndYear,1770
entity:artifact:1:ld1-1643399887910-1643399901844-1,periodEndYear,1900
entity:artifact:1:ld1-1643399887910-1643399901844-2,periodEndYear,1900
entity:artifact:1:ld1-1643399887910-1643399901846-0,periodEndYear,1720
entity:artifact:1:ld1-1643399887910-1643399901930-0,periodEndYear,1820
entity:artifact:1:ld1-1643399887910-1643399901941-0,periodEndYear,1800
entity:artifact:1:ld1-1643399887910-1643399902225-1,periodEndYear,1790
entity:artifact:1:ld1-1643399887910-1643399902226-2,periodEndYear,1800
entity:artifact:1:ld1-1643399887910-1643399902227-0,periodEndYear,1790
entity:artifact:1:ld1-1643399887910-1643399902229-0,periodEndYear,1790
entity:artifact:1:ld1-1643399887910-1643399902229-1,periodEndYear,1790
entity:artifact:1:ld1-1643399887910-1643399902230-0,periodEndYear,1790
entity:artifact:1:ld1-1643399887910-1643399902231-0,periodEndYear,1790
entity:artifact:1:ld1-1643399887910-1643399902232-1,periodEndYear,1790
entity:artifact:1:ld1-1643399887910-1643399902233-0,periodEndYear,1720
entity:artifact:1:ld1-1643399887910-1643399902235-0,periodEndYear,1720
entity:artifact:1:ld1-1643399887910-1643399902348-1,periodEndYear,1700
entity:artifact:1:ld1-1643399887910-1643399902353-0,periodEndYear,1700
entity:artifact:1:ld1-1643399887910-1643399902498-0,periodEndYear,1700
entity:artifact:1:ld1-1643399887910-1643399902498-1,periodEndYear,1700
entity:artifact:1:ld1-1643399887910-1643399902499-0,periodEndYear,1700
entity:artifact:1:ld1-1643399887910-1643399902499-1,periodEndYear,1700
entity:artifact:1:ld1-1643399887910-1643399902500-0,periodEndYear,1700
entity:artifact:1:ld1-1643399887910-1643399902500-1,periodEndYear,1700
entity:artifact:1:ld1-1643399887910-1643399902554-0,periodEndYear,1850
entity:artifact:1:ld1-1643399887910-1643399902558-1,periodEndYear,1800
entity:artifact:1:ld1-1643399887910-1643399902559-1,periodEndYear,1700
entity:artifact:1:ld1-1643399887910-1643399902560-0,periodEndYear,1700
entity:artifact:1:ld1-1643399887910-1643399902567-1,periodEndYear,1800
entity:artifact:1:ld1-1643399887910-1643399902570-0,periodEndYear,1700
entity:artifact:1:ld1-1643399887910-1643399902579-0,periodEndYear,1900
entity:artifact:1:ld1-1643399887910-1643399902579-1,periodEndYear,1900
entity:artifact:1:ld1-1643399887910-1643399902870-0,periodEndYear,1800
entity:artifact:1:ld1-1643399887910-1643399903326-0,periodEndYear,1790
entity:artifact:1:ld1-1643399887910-1643399903326-1,periodEndYear,1820
entity:artifact:1:ld1-1643399887910-1643399903607-2,periodEndYear,1840
entity:artifact:1:ld1-1643399887910-1643399904592-0,periodEndYear,1770
entity:artifact:1:ld1-1643399887910-1643399905135-0,periodEndYear,1800
entity:artifact:1:ld1-1643399887910-1643399905797-1,periodEndYear,1700
entity:artifact:1:ld1-1643399887910-1643399905834-0,periodEndYear,1770
entity:artifact:1:ld1-1643399887910-1643399905836-1,periodEndYear,1770
entity:artifact:1:ld1-1643399887910-1643399905893-0,periodEndYear,1800
entity:artifact:1:ld1-1643399887910-1643399906894-0,periodEndYear,1800
entity:artifact:1:ld1-1643399887910-1643399906895-0,periodEndYear,1800
entity:artifact:1:ld1-1643399887910-1643399906895-1,periodEndYear,1800
entity:artifact:1:ld1-1643399887910-1643399906896-0,periodEndYear,1800
entity:artifact:1:ld1-1643399887910-1643399906966-0,periodEndYear,1720
entity:artifact:1:ld1-1643399887910-1643399907072-1,periodEndYear,1830
entity:artifact:1:ld1-1643399887910-1643399912627-0,periodEndYear,1800
entity:artifact:1:ld1-1643399887910-1643399912627-1,periodEndYear,1800
entity:artifact:1:ld1-1643399887910-1643399912631-1,periodEndYear,1700
entity:artifact:1:ld1-1643399887910-1643399912632-0,periodEndYear,1700
entity:artifact:1:ld1-1643399887910-1643399912632-1,periodEndYear,1800
entity:artifact:1:ld1-1643399887910-1643399912724-1,periodEndYear,1790
entity:artifact:1:ld1-1643399887910-1643399912790-0,periodEndYear,1720
entity:artifact:1:ld1-1643399887910-1643399912856-1,periodEndYear,1790
entity:artifact:1:ld1-1643399887910-1643399913258-1,periodEndYear,1820
entity:artifact:1:ld1-1643399887910-1643399913259-0,periodEndYear,1900
entity:artifact:1:ld1-1643399887910-1643399913260-0,periodEndYear,1900
entity:artifact:1:ld1-1643399887910-1643399913261-0,periodEndYear,1820
entity:artifact:1:ld1-1643399887910-1643399913396-0,periodEndYear,1830
entity:artifact:1:ld1-1643399887910-1643399913397-1,periodEndYear,1800
entity:artifact:1:ld1-1643399887910-1643399913401-0,periodEndYear,1800
entity:artifact:1:ld1-1643399887910-1643399913405-1,periodEndYear,1900
entity:artifact:1:ld1-1643399887910-1643399913408-0,periodEndYear,1800
entity:artifact:1:ld1-1643399887910-1643399913409-0,periodEndYear,1830
entity:artifact:1:ld1-1643399887910-1643399913918-1,periodEndYear,1900
entity:artifact:1:ld1-1643399887910-1643399913919-0,periodEndYear,1900
entity:artifact:1:ld1-1643399887910-1643399914139-1,periodEndYear,1850
entity:artifact:1:ld1-1643399887910-1643399914140-0,periodEndYear,1850
entity:artifact:1:ld1-1643399887910-1643399914150-0,periodEndYear,1800
entity:artifact:1:ld1-1643399887910-1643399914167-1,periodEndYear,1820
entity:artifact:1:ld1-1643399887910-1643399914168-0,periodEndYear,1820
entity:artifact:1:ld1-1643399887910-1643399914168-1,periodEndYear,1820
entity:artifact:1:ld1-1643399887910-1643399914169-0,periodEndYear,1910
entity:artifact:1:ld1-1643399887910-1643399914170-0,periodEndYear,1820
entity:artifact:1:ld1-1643399887910-1643399914170-1,periodEndYear,1820
entity:artifact:1:ld1-1643399887910-1643399914172-0,periodEndYear,1820
entity:artifact:1:ld1-1643399887910-1643399914172-1,periodEndYear,1820
entity:artifact:1:ld1-1643399887910-1643399914173-0,periodEndYear,1820
entity:artifact:1:ld1-1643399887910-1643399914173-1,periodEndYear,1820
entity:artifact:1:ld1-1643399887910-1643399914174-0,periodEndYear,1700
entity:artifact:1:ld1-1643399887910-1643399914175-0,periodEndYear,1700
entity:artifact:1:ld1-1643399887910-1643399914175-1,periodEndYear,1820
entity:artifact:1:ld1-1643399887910-1643399914176-0,periodEndYear,1820
entity:artifact:1:ld1-1643399887910-1643399914176-1,periodEndYear,1820
entity:artifact:1:ld1-1643399887910-1643399914221-0,periodEndYear,1800
entity:artifact:1:ld1-1643399887910-1643399914321-0,periodEndYear,1700
entity:artifact:1:ld1-1643399887910-1643399914568-0,periodEndYear,1840
entity:artifact:1:ld1-1643399887910-1643399914568-1,periodEndYear,1840
entity:artifact:1:ld1-1643399887910-1643399914569-1,periodEndYear,1840
entity:artifact:1:ld1-1643399887910-1643399914711-0,periodEndYear,1800
entity:artifact:1:ld1-1643399887910-1643399915439-0,periodEndYear,1800
entity:artifact:1:ld1-1643399887910-1643399915439-1,periodEndYear,1800
entity:artifact:1:ld1-1643399887910-1643399915801-0,periodEndYear,1600
entity:artifact:1:ld1-1643399887910-1643399915851-0,periodEndYear,1800
entity:artifact:1:ld1-1643399887910-1643399916079-1,periodEndYear,1700
entity:artifact:1:ld1-1643399887910-1643399916080-0,periodEndYear,1800
entity:artifact:1:ld1-1643399887910-1643399916126-1,periodEndYear,1700
entity:artifact:1:ld1-1643399887910-1643399916186-0,periodEndYear,1800
entity:artifact:1:ld1-1643399887910-1643399916186-1,periodEndYear,1800
entity:artifact:1:ld1-1643399887910-1643399916188-2,periodEndYear,1800
entity:artifact:1:ld1-1643399887910-1643399916189-0,periodEndYear,1800
entity:artifact:1:ld1-1643399887910-1643399916189-1,periodEndYear,1800
entity:artifact:1:ld1-1643399887910-1643399916190-0,periodEndYear,1800
entity:artifact:1:ld1-1643399887910-1643399916217-0,periodEndYear,1900
entity:artifact:1:ld1-1643399887910-1643399916217-1,periodEndYear,1900
entity:artifact:1:ld1-1643399887910-1643399916227-2,periodEndYear,1700
entity:artifact:1:ld1-1643399887910-1643399916228-0,periodEndYear,1700
entity:artifact:1:ld1-1643399887910-1643399916353-2,periodEndYear,1600
entity:artifact:1:ld1-1643399887910-1643399916833-0,periodEndYear,1800
entity:artifact:1:ld1-1643399887910-1643399916865-0,periodEndYear,1800
entity:artifact:1:ld1-1643399887910-1643399916899-0,periodEndYear,1800
entity:artifact:1:ld1-1643399887910-1643399918322-0,periodEndYear,1870
entity:artifact:1:ld1-1643399887910-1643399919346-0,periodEndYear,1810
entity:artifact:1:ld1-1643399887910-1643399919355-1,periodEndYear,1810
entity:artifact:1:ld1-1643399887910-1643399919359-1,periodEndYear,1810
entity:artifact:1:ld1-1643399887910-1643399919361-1,periodEndYear,1800
entity:artifact:1:ld1-1643399887910-1643399919376-0,periodEndYear,1810
entity:artifact:1:ld1-1643399887910-1643399919378-0,periodEndYear,1810
entity:artifact:1:ld1-1643399887910-1643399919379-1,periodEndYear,1810
entity:artifact:1:ld1-1643399887910-1643399919380-0,periodEndYear,1810
entity:artifact:1:ld1-1643399887910-1643399919380-1,periodEndYear,1810
entity:artifact:1:ld1-1643399887910-1643399919381-0,periodEndYear,1810
entity:artifact:1:ld1-1643399887910-1643399919381-1,periodEndYear,1810
entity:artifact:1:ld1-1643399887910-1643399919382-1,periodEndYear,1810
entity:artifact:1:ld1-1643399887910-1643399919383-0,periodEndYear,1810
entity:artifact:1:ld1-1643399887910-1643399919913-0,periodEndYear,1810
entity:artifact:1:ld1-1643399887910-1643399920351-2,periodEndYear,1820
entity:artifact:1:ld1-1643399887910-1643399920418-1,periodEndYear,1800
entity:artifact:1:ld1-1643399887910-1643399920423-0,periodEndYear,1800
entity:artifact:1:ld1-1643399887910-1643399920423-1,periodEndYear,1800
entity:artifact:1:ld1-1643399887910-1643399920424-0,periodEndYear,1800
entity:artifact:1:ld1-1643399887910-1643399920596-1,periodEndYear,1800
entity:artifact:1:ld1-1643399887910-1643399920597-0,periodEndYear,1800
entity:artifact:1:ld1-1643399887910-1643399920597-1,periodEndYear,1600
entity:artifact:1:ld1-1643399887910-1643399920597-2,periodEndYear,1800
entity:artifact:1:ld1-1643399887910-1643399920598-0,periodEndYear,1800
entity:artifact:1:ld1-1643399887910-1643399920598-1,periodEndYear,1800
entity:artifact:1:ld1-1643399887910-1643399920599-0,periodEndYear,1800
entity:artifact:1:ld1-1643399887910-1643399920599-1,periodEndYear,1700
entity:artifact:1:ld1-1643399887910-1643399920600-0,periodEndYear,1700
entity:artifact:1:ld1-1643399887910-1643399920600-1,periodEndYear,1800
entity:artifact:1:ld1-1643399887910-1643399920601-0,periodEndYear,1800
entity:artifact:1:ld1-1643399887910-1643399920601-1,periodEndYear,1800
entity:artifact:1:ld1-1643399887910-1643399920601-2,periodEndYear,1700
entity:artifact:1:ld1-1643399887910-1643399920602-0,periodEndYear,1700
entity:artifact:1:ld1-1643399887910-1643399920602-1,periodEndYear,1800
entity:artifact:1:ld1-1643399887910-1643399920828-1,periodEndYear,1700
entity:artifact:1:ld1-1643399887910-1643399921342-0,periodEndYear,1750
entity:artifact:1:ld1-1643399887910-1643399921539-1,periodEndYear,1500
entity:artifact:1:ld1-1643399887910-1643399921662-0,periodEndYear,1820
entity:artifact:1:ld1-1643399887910-1643399922086-1,periodEndYear,1900
entity:artifact:1:ld1-1643399887910-1643399922213-0,periodEndYear,1700
entity:artifact:1:ld1-1643399887910-1643399922925-0,periodEndYear,1900
entity:artifact:1:ld1-1643399887910-1643399922935-0,periodEndYear,1830
entity:artifact:1:ld1-1643399887910-1643399922941-0,periodEndYear,1780
entity:artifact:1:ld1-1643399887910-1643399922942-0,periodEndYear,1780
entity:artifact:1:ld1-1643399887910-1643399922944-1,periodEndYear,1800
entity:artifact:1:ld1-1643399887910-1643399922945-0,periodEndYear,1800
entity:artifact:1:ld1-1643399887910-1643399923680-1,periodEndYear,1820
entity:artifact:1:ld1-1643399887910-1643399923684-0,periodEndYear,1800
entity:artifact:1:ld1-1643399887910-1643399923781-1,periodEndYear,1500
entity:artifact:1:ld1-1643399887910-1643399923785-1,periodEndYear,1600
entity:artifact:1:ld1-1643399887910-1643399924134-1,periodEndYear,1840
entity:artifact:1:ld1-1643399887910-1643399924235-1,periodEndYear,1800
entity:artifact:1:ld1-1643399887910-1643399924251-0,periodEndYear,1900
entity:artifact:1:ld1-1643399887910-1643399924253-1,periodEndYear,1890
entity:artifact:1:ld1-1643399887910-1643399924255-1,periodEndYear,1880
entity:artifact:1:ld1-1643399887910-1643399924299-0,periodEndYear,1890
entity:artifact:1:ld1-1643399887910-1643399924371-1,periodEndYear,1800
entity:artifact:1:ld1-1643399887910-1643399924371-2,periodEndYear,1800
entity:artifact:1:ld1-1643399887910-1643399924622-1,periodEndYear,1800
entity:artifact:1:ld1-1643399887910-1643399924869-1,periodEndYear,1770
entity:artifact:1:ld1-1643399887910-1643399924870-0,periodEndYear,1820
entity:artifact:1:ld1-1643399887910-1643399924870-1,periodEndYear,1820
entity:artifact:1:ld1-1643399887910-1643399925655-0,periodEndYear,1800
entity:artifact:1:ld1-1643399887910-1643399925655-1,periodEndYear,1800
entity:artifact:1:ld1-1643399887910-1643399925656-0,periodEndYear,1700
entity:artifact:1:ld1-1643399887910-1643399925656-1,periodEndYear,1700
entity:artifact:1:ld1-1643399887910-1643399927091-2,periodEndYear,1710
entity:artifact:1:ld1-1643399887910-1643399927092-0,periodEndYear,1710
entity:artifact:1:ld1-1643399887910-1643399927132-0,periodEndYear,1910
entity:artifact:1:ld1-1643399887910-1643399927132-1,periodEndYear,1910
entity:artifact:1:ld1-1643399887910-1643399927527-1,periodEndYear,1800
entity:artifact:1:ld1-1643399887910-1643399927528-1,periodEndYear,1800
entity:artifact:1:ld1-1643399887910-1643399927530-0,periodEndYear,1800
entity:artifact:1:ld1-1643399887910-1643399927530-1,periodEndYear,1700
entity:artifact:1:ld1-1643399887910-1643399927530-2,periodEndYear,1700
entity:artifact:1:ld1-1643399887910-1643399927531-0,periodEndYear,1700
entity:artifact:1:ld1-1643399887910-1643399927531-1,periodEndYear,1700
entity:artifact:1:ld1-1643399887910-1643399927531-2,periodEndYear,1700
entity:artifact:1:ld1-1643399887910-1643399927532-0,periodEndYear,1700
entity:artifact:1:ld1-1643399887910-1643399927532-1,periodEndYear,1700
entity:artifact:1:ld1-1643399887910-1643399927533-0,periodEndYear,1700
entity:artifact:1:ld1-1643399887910-1643399927533-1,periodEndYear,1700
entity:artifact:1:ld1-1643399887910-1643399927533-2,periodEndYear,1700
entity:artifact:1:ld1-1643399887910-1643399927534-0,periodEndYear,1800
entity:artifact:1:ld1-1643399887910-1643399927534-1,periodEndYear,1700
entity:artifact:1:ld1-1643399887910-1643399927535-0,periodEndYear,1700
entity:artifact:1:ld1-1643399887910-1643399927535-1,periodEndYear,1700
entity:artifact:1:ld1-1643399887910-1643399927535-2,periodEndYear,1700
entity:artifact:1:ld1-1643399887910-1643399927536-0,periodEndYear,1700
entity:artifact:1:ld1-1643399887910-1643399927536-1,periodEndYear,1700
entity:artifact:1:ld1-1643399887910-1643399927536-2,periodEndYear,1700
entity:artifact:1:ld1-1643399887910-1643399927537-0,periodEndYear,1700
entity:artifact:1:ld1-1643399887910-1643399927537-1,periodEndYear,1700
entity:artifact:1:ld1-1643399887910-1643399927538-0,periodEndYear,1700
entity:artifact:1:ld1-1643399887910-1643399927538-1,periodEndYear,1700
entity:artifact:1:ld1-1643399887910-1643399927538-2,periodEndYear,1700
entity:artifact:1:ld1-1643399887910-1643399927539-0,periodEndYear,1700
entity:artifact:1:ld1-1643399887910-1643399927539-1,periodEndYear,1700
entity:artifact:1:ld1-1643399887910-1643399927540-0,periodEndYear,1700
entity:artifact:1:ld1-1643399887910-1643399927540-1,periodEndYear,1700
entity:artifact:1:ld1-1643399887910-1643399928545-1,periodEndYear,1800
entity:artifact:1:ld1-1643399887910-1643399928734-0,periodEndYear,1800
entity:artifact:1:ld1-1643399887910-1643399928736-0,periodEndYear,1800
entity:artifact:1:ld1-1643399887910-1643399928741-0,periodEndYear,1700
entity:artifact:1:ld1-1643399887910-1643399928741-1,periodEndYear,1700
entity:artifact:1:ld1-1643399887910-1643399929083-0,periodEndYear,1000
entity:artifact:1:ld1-1643399887910-1643399929091-1,periodEndYear,1800
entity:artifact:1:ld1-1643399887910-1643399929128-1,periodEndYear,1890
entity:artifact:1:ld1-1643399887910-1643399929194-0,periodEndYear,1800
entity:artifact:1:ld1-1643399887910-1643399929194-1,periodEndYear,1800
entity:artifact:1:ld1-1643399887910-1643399929206-1,periodEndYear,1800
entity:artifact:1:ld1-1643399887910-1643399929207-0,periodEndYear,1800
entity:artifact:1:ld1-1643399887910-1643399929207-1,periodEndYear,1800
entity:artifact:1:ld1-1643399887910-1643399929394-0,periodEndYear,1800
entity:artifact:1:ld1-1643399887910-1643399929397-1,periodEndYear,1800
entity:artifact:1:ld1-1643399887910-1643399929782-0,periodEndYear,1700
entity:artifact:1:ld1-1643399887910-1643399930131-0,periodEndYear,1900
entity:artifact:1:ld1-1643399887910-1643399930448-0,periodEndYear,1620
entity:artifact:1:ld1-1643399887910-1643399930601-1,periodEndYear,1800
entity:artifact:1:ld1-1643399887910-1643399930788-0,periodEndYear,1800
entity:artifact:1:ld1-1643399887910-1643399931031-1,periodEndYear,1800
entity:artifact:1:ld1-1643399887910-1643399931341-0,periodEndYear,1800
entity:artifact:1:ld1-1643399887910-1643399931434-0,periodEndYear,1790
entity:artifact:1:ld1-1643399887910-1643399931450-0,periodEndYear,1770
entity:artifact:1:ld1-1643399887910-1643399931527-0,periodEndYear,1900
entity:artifact:1:ld1-1643399887910-1643399931528-0,periodEndYear,1900
entity:artifact:1:ld1-1643399887910-1643399931528-1,periodEndYear,1900
entity:artifact:1:ld1-1643399887910-1643399931709-0,periodEndYear,1700
entity:artifact:1:ld1-1643399887910-1643399932216-0,periodEndYear,1800
entity:artifact:1:ld1-1643399887910-1643399932271-0,periodEndYear,1800
entity:artifact:1:ld1-1643399887910-1643399932525-0,periodEndYear,1820
entity:artifact:1:ld1-1643399887910-1643399932526-0,periodEndYear,1770
entity:artifact:1:ld1-1643399887910-1643399932661-1,periodEndYear,1760
entity:artifact:1:ld1-1643399887910-1643399932867-0,periodEndYear,1910
entity:artifact:1:ld1-1643399887910-1643399933195-1,periodEndYear,1810
entity:artifact:1:ld1-1643399887910-1643399933882-0,periodEndYear,1900
entity:artifact:1:ld1-1643399887910-1643399934430-0,periodEndYear,1820
entity:artifact:1:ld1-1643399887910-1643399934431-0,periodEndYear,1820
entity:artifact:1:ld1-1643399887910-1643399935114-0,periodEndYear,1750
entity:artifact:1:ld1-1643399887910-1643399935121-0,periodEndYear,1750
entity:artifact:1:ld1-1643399887910-1643399935127-0,periodEndYear,1750
entity:artifact:1:ld1-1643399887910-1643399935550-0,periodEndYear,1800
entity:artifact:1:ld1-1643399887910-1643399935914-0,periodEndYear,1790
entity:artifact:1:ld1-1643399887910-1643399935994-0,periodEndYear,1600
entity:artifact:1:ld1-1643399887910-1643399935997-0,periodEndYear,1600
entity:artifact:1:ld1-1643399887910-1643399936071-1,periodEndYear,1600
entity:artifact:1:ld1-1643399887910-1643399936098-1,periodEndYear,1700
entity:artifact:1:ld1-1643399887910-1643399936100-0,periodEndYear,1740
entity:artifact:1:ld1-1643399887910-1643399936110-1,periodEndYear,1900
entity:artifact:1:ld1-1643399887910-1643399936143-0,periodEndYear,1800
entity:artifact:1:ld1-1643399887910-1643399936145-1,periodEndYear,1800
entity:artifact:1:ld1-1643399887910-1643399937246-0,periodEndYear,1800
entity:artifact:1:ld1-1643399887910-1643399937271-1,periodEndYear,1800
entity:artifact:1:ld1-1643399887910-1643399937978-0,periodEndYear,1900
entity:artifact:1:ld1-1643399887910-1643399937979-0,periodEndYear,1900
entity:artifact:1:ld1-1643399887910-1643399937979-1,periodEndYear,1900
entity:artifact:1:ld1-1643399887910-1643399937980-0,periodEndYear,1900
entity:artifact:1:ld1-1643399887910-1643399938062-0,periodEndYear,1700
entity:artifact:1:ld1-1643399887910-1643399938261-1,periodEndYear,1800
entity:artifact:1:ld1-1643399887910-1643399939178-0,periodEndYear,1790
entity:artifact:1:ld1-1643399887910-1643399939823-0,periodEndYear,1800
entity:artifact:1:ld1-1643399887910-1643399940613-0,periodEndYear,1800
entity:artifact:1:ld1-1643399887910-1643399940614-0,periodEndYear,1700
entity:artifact:1:ld1-1643399887910-1643399940614-1,periodEndYear,1700
entity:artifact:1:ld1-1643399887910-1643399940615-0,periodEndYear,1700
entity:artifact:1:ld1-1643399887910-1643399940615-1,periodEndYear,1700
entity:artifact:1:ld1-1643399887910-1643399940616-0,periodEndYear,1700
entity:artifact:1:ld1-1643399887910-1643399940616-1,periodEndYear,1700
entity:artifact:1:ld1-1643399887910-1643399940617-0,periodEndYear,1700
entity:artifact:1:ld1-1643399887910-1643399940731-0,periodEndYear,1800
entity:artifact:1:ld1-1643399887910-1643399940733-0,periodEndYear,1800
entity:artifact:1:ld1-1643399887910-1643399940785-0,periodEndYear,1800
entity:artifact:1:ld1-1643399887910-1643399940788-0,periodEndYear,1790
entity:artifact:1:ld1-1643399887910-1643399940788-1,periodEndYear,1790
entity:artifact:1:ld1-1643399887910-1643399940789-0,periodEndYear,1920
entity:artifact:1:ld1-1643399887910-1643399940794-0,periodEndYear,1720
entity:artifact:1:ld1-1643399887910-1643399940795-0,periodEndYear,1720
entity:artifact:1:ld1-1643399887910-1643399940846-0,periodEndYear,1800
entity:artifact:1:ld1-1643399887910-1643399941129-0,periodEndYear,1850
entity:artifact:1:ld1-1643399887910-1643399941479-0,periodEndYear,1800
entity:artifact:1:ld1-1643399887910-1643399941727-1,periodEndYear,1900
entity:artifact:1:ld1-1643399887910-1643399941747-0,periodEndYear,1800
entity:artifact:1:ld1-1643399887910-1643399942115-0,periodEndYear,1800
entity:artifact:1:ld1-1643399887910-1643399942269-1,periodEndYear,1790
entity:artifact:1:ld1-1643399887910-1643399942278-0,periodEndYear,1820
entity:artifact:1:ld1-1643399887910-1643399942279-0,periodEndYear,1900
entity:artifact:1:ld1-1643399887910-1643399942556-1,periodEndYear,1200
entity:artifact:1:ld1-1643399887910-1643399942560-1,periodEndYear,1600
entity:artifact:1:ld1-1643399887910-1643399942561-1,periodEndYear,1800
entity:artifact:1:ld1-1643399887910-1643399942561-2,periodEndYear,1890
entity:artifact:1:ld1-1643399887910-1643399942562-0,periodEndYear,1800
entity:artifact:1:ld1-1643399887910-1643399942836-1,periodEndYear,1860
entity:artifact:1:ld1-1643399887910-1643399942836-2,periodEndYear,1860
entity:artifact:1:ld1-1643399887910-1643399942890-2,periodEndYear,1800
entity:artifact:1:ld1-1643399887910-1643399944219-0,periodEndYear,1700
entity:artifact:1:ld1-1643399887910-1643399944233-0,periodEndYear,1800
entity:artifact:1:ld1-1643399887910-1643399944247-1,periodEndYear,1700
entity:artifact:1:ld1-1643399887910-1643399944250-0,periodEndYear,1800
entity:artifact:1:ld1-1643399887910-1643399944252-2,periodEndYear,1600
entity:artifact:1:ld1-1643399887910-1643399944692-1,periodEndYear,1700
entity:artifact:1:ld1-1643399887910-1643399945400-0,periodEndYear,1700
entity:artifact:1:ld1-1643399887910-1643399947060-0,periodEndYear,1700
entity:artifact:1:ld1-1643399887910-1643399947370-1,periodEndYear,1800
entity:artifact:1:ld1-1643399887910-1643399947371-0,periodEndYear,1800
entity:artifact:1:ld1-1643399887910-1643399947381-1,periodEndYear,1720
entity:artifact:1:ld1-1643399887910-1643399947382-0,periodEndYear,1720
entity:artifact:1:ld1-1643399887910-1643399947383-0,periodEndYear,1720
entity:artifact:1:ld1-1643399887910-1643399947383-1,periodEndYear,1800
entity:artifact:1:ld1-1643399887910-1643399947388-0,periodEndYear,1720
entity:artifact:1:ld1-1643399887910-1643399948007-0,periodEndYear,1900
entity:artifact:1:ld1-1643399887910-1643399948132-0,periodEndYear,1900
entity:artifact:1:ld1-1643399887910-1643399954421-1,periodEndYear,1800
entity:artifact:1:ld1-1643399887910-1643399954424-0,periodEndYear,1840
entity:artifact:1:ld1-1643399887910-1643399954425-0,periodEndYear,1800
entity:artifact:1:ld1-1643399887910-1643399954426-0,periodEndYear,1800
entity:artifact:1:ld1-1643399887910-1643399954511-0,periodEndYear,1800
entity:artifact:1:ld1-1643399887910-1643399954520-0,periodEndYear,1730
entity:artifact:1:ld1-1643399887910-1643399955055-0,periodEndYear,1700
entity:artifact:1:ld1-1643399887910-1643399955623-2,periodEndYear,1700
entity:artifact:1:ld1-1643399887910-1643399955624-0,periodEndYear,1800
entity:artifact:1:ld1-1643399887910-1643399955624-1,periodEndYear,1800
entity:artifact:1:ld1-1643399887910-1643399955625-0,periodEndYear,1800
entity:artifact:1:ld1-1643399887910-1643399955625-2,periodEndYear,1800
entity:artifact:1:ld1-1643399887910-1643399956790-0,periodEndYear,1740
entity:artifact:1:ld1-1643399887910-1643399957123-0,periodEndYear,1800
entity:artifact:1:ld1-1643399887910-1643399957123-1,periodEndYear,1800
entity:artifact:1:ld1-1643399887910-1643399957232-0,periodEndYear,1750
entity:artifact:1:ld1-1643399887910-1643399957232-1,periodEndYear,1750
entity:artifact:1:ld1-1643399887910-1643399957652-0,periodEndYear,1720
entity:artifact:1:ld1-1643399887910-1643399957653-0,periodEndYear,1700
entity:artifact:1:ld1-1643399887910-1643399957658-0,periodEndYear,1720
entity:artifact:1:ld1-1643399887910-1643399959049-1,periodEndYear,1880
entity:artifact:1:ld1-1643399887910-1643399959119-0,periodEndYear,1600
entity:artifact:1:ld1-1643399887910-1643399959139-1,periodEndYear,1500
entity:artifact:1:ld1-1643399887910-1643399959144-0,periodEndYear,1890
entity:artifact:1:ld1-1643399887910-1643399959430-1,periodEndYear,1890
entity:artifact:1:ld1-1643399887910-1643399965117-1,periodEndYear,1720
entity:artifact:1:ld1-1643399887910-1643399965118-0,periodEndYear,1720
entity:artifact:1:ld1-1643399887910-1643399965119-1,periodEndYear,1800
entity:artifact:1:ld1-1643399887910-1643399965120-0,periodEndYear,1800
entity:artifact:1:ld1-1643399887910-1643399965122-1,periodEndYear,1800
entity:artifact:1:ld1-1643399887910-1643399965123-1,periodEndYear,1800
entity:artifact:1:ld1-1643399887910-1643399965150-0,periodEndYear,1820
entity:artifact:1:ld1-1643399887910-1643399968459-1,periodEndYear,1890
entity:artifact:1:ld1-1643399887910-1643399969605-1,periodEndYear,1800
entity:artifact:1:ld1-1643399887910-1643399969606-0,periodEndYear,1800
entity:artifact:1:ld1-1643399887910-1643399969607-1,periodEndYear,1800
entity:artifact:1:ld1-1643399887910-1643399969618-0,periodEndYear,1800
entity:artifact:1:ld1-1643399887910-1643399969900-0,periodEndYear,1770
entity:artifact:1:ld1-1643399887910-1643399970944-0,periodEndYear,1720
entity:artifact:1:ld1-1643399887910-1643399970945-0,periodEndYear,1720
entity:artifact:1:ld1-1643399887910-1643399972372-0,periodEndYear,1800
entity:artifact:1:ld1-1643399887910-1643399973001-0,periodEndYear,1900
entity:artifact:1:ld1-1643399887910-1643399973091-0,periodEndYear,1900
entity:artifact:1:ld1-1643399887910-1643399973091-1,periodEndYear,1900
entity:artifact:1:ld1-1643399887910-1643399973093-0,periodEndYear,1900
entity:artifact:1:ld1-1643399887910-1643399973093-1,periodEndYear,1900
entity:artifact:1:ld1-1643399887910-1643399973094-0,periodEndYear,1900
entity:artifact:1:ld1-1643399887910-1643399973105-0,periodEndYear,1900
entity:artifact:1:ld1-1643399887910-1643399973109-1,periodEndYear,1900
entity:artifact:1:ld1-1643399887910-1643399973112-1,periodEndYear,1900
entity:artifact:1:ld1-1643399887910-1643399973842-0,periodEndYear,1700
entity:artifact:1:ld1-1643399887910-1643399974641-0,periodEndYear,1800
entity:artifact:1:ld1-1643399887910-1643399975197-0,periodEndYear,1800
entity:artifact:1:ld1-1643399887910-1643399975518-0,periodEndYear,1890
entity:artifact:1:ld1-1643399887910-1643399976105-1,periodEndYear,1840
entity:artifact:1:ld1-1643399887910-1643399976117-1,periodEndYear,1850
entity:artifact:1:ld1-1643399887910-1643399976254-0,periodEndYear,1720
entity:artifact:1:ld1-1643399887910-1643399976254-1,periodEndYear,1720
entity:artifact:1:ld1-1643399887910-1643399982872-0,periodEndYear,1800
entity:artifact:1:ld1-1643399887910-1643399983519-1,periodEndYear,1730
entity:artifact:1:ld1-1643399887910-1643399988613-0,periodEndYear,1700
entity:artifact:1:ld1-1695458679732-1695458683281-0,periodEndYear,1930
entity:artifact:1:ld1-1695458679732-1695458683282-0,periodEndYear,1930
entity:artifact:1:ld1-1695458679732-1695458683283-0,periodEndYear,1930
entity:artifact:1:ld1-1695458679732-1695458683284-0,periodEndYear,1930
entity:artifact:1:ld1-1695458679732-1695458683284-1,periodEndYear,1930
entity:artifact:1:ld1-1695458679732-1695458683285-0,periodEndYear,1930
entity:artifact:1:ld1-1695458679732-1695458683286-0,periodEndYear,1930
entity:artifact:1:ld1-1733913842397-1733913845809-0,periodEndYear,2000
entity:artifact:1:ld1-1733913842397-1733913845810-0,periodEndYear,2000
entity:artifact:1:ld1-1756975001566-1756975004506-1,periodEndYear,1990
entity:artifact:1:ld1-1759311857404-1759311860069-0,periodEndYear,1960
entity:artifact:2:100098,periodEndYear,1234
entity:artifact:2:100099,periodEndYear,1279
entity:artifact:2:100180,periodEndYear,1234
entity:artifact:2:100181,periodEndYear,1279
entity:artifact:2:101448,periodEndYear,618
entity:artifact:2:101449,periodEndYear,1644
entity:artifact:2:101784,periodEndYear,960
entity:artifact:2:101785,periodEndYear,1127
entity:artifact:2:101796,periodEndYear,420
entity:artifact:2:10916,periodEndYear,1952
entity:artifact:2:10917,periodEndYear,1952
entity:artifact:2:10918,periodEndYear,1952
entity:artifact:2:10919,periodEndYear,1911
entity:artifact:2:10955,periodEndYear,1952
entity:artifact:2:10956,periodEndYear,1911
entity:artifact:2:10957,periodEndYear,1911
entity:artifact:2:117343,periodEndYear,9
entity:artifact:2:117351,periodEndYear,1127
entity:artifact:2:12532,periodEndYear,1911
entity:artifact:2:12533,periodEndYear,1911
entity:artifact:2:12534,periodEndYear,1911
entity:artifact:2:12653,periodEndYear,1911
entity:artifact:2:12851,periodEndYear,1911
entity:artifact:2:12867,periodEndYear,1911
entity:artifact:2:12895,periodEndYear,1911
entity:artifact:2:141460,periodEndYear,534
entity:artifact:2:141848,periodEndYear,534
entity:artifact:2:141855,periodEndYear,1279
entity:artifact:2:141949,periodEndYear,534
entity:artifact:2:142045,periodEndYear,1234
entity:artifact:2:142050,periodEndYear,534
entity:artifact:2:142051,periodEndYear,534
entity:artifact:2:142052,periodEndYear,534
entity:artifact:2:142053,periodEndYear,534
entity:artifact:2:142054,periodEndYear,534
entity:artifact:2:142055,periodEndYear,534
entity:artifact:2:142056,periodEndYear,618
entity:artifact:2:142066,periodEndYear,220
entity:artifact:2:142067,periodEndYear,534
entity:artifact:2:1429,periodEndYear,2005
entity:artifact:2:1430,periodEndYear,907
entity:artifact:2:143022,periodEndYear,1998
entity:artifact:2:143056,periodEndYear,1127
entity:artifact:2:143057,periodEndYear,618
entity:artifact:2:143089,periodEndYear,1234
entity:artifact:2:143090,periodEndYear,907
entity:artifact:2:143091,periodEndYear,220
entity:artifact:2:1432,periodEndYear,907
entity:artifact:2:143354,periodEndYear,907
entity:artifact:2:143355,periodEndYear,1127
entity:artifact:2:145348,periodEndYear,907
entity:artifact:2:145349,periodEndYear,907
entity:artifact:2:145350,periodEndYear,907
entity:artifact:2:145359,periodEndYear,1127
entity:artifact:2:145437,periodEndYear,1127
entity:artifact:2:146193,periodEndYear,1127
entity:artifact:2:146194,periodEndYear,1127
entity:artifact:2:146195,periodEndYear,1127
entity:artifact:2:146262,periodEndYear,907
entity:artifact:2:146263,periodEndYear,907
entity:artifact:2:146264,periodEndYear,907
entity:artifact:2:146265,periodEndYear,907
entity:artifact:2:146266,periodEndYear,907
entity:artifact:2:146267,periodEndYear,907
entity:artifact:2:146268,periodEndYear,907
entity:artifact:2:146269,periodEndYear,907
entity:artifact:2:146431,periodEndYear,9
entity:artifact:2:146432,periodEndYear,9
entity:artifact:2:146433,periodEndYear,1125
entity:artifact:2:146434,periodEndYear,420
entity:artifact:2:146482,periodEndYear,577
entity:artifact:2:146484,periodEndYear,1234
entity:artifact:2:146486,periodEndYear,907
entity:artifact:2:146487,periodEndYear,907
entity:artifact:2:146488,periodEndYear,907
entity:artifact:2:146489,periodEndYear,907
entity:artifact:2:146490,periodEndYear,907
entity:artifact:2:146491,periodEndYear,907
entity:artifact:2:146492,periodEndYear,907
entity:artifact:2:146523,periodEndYear,577
entity:artifact:2:146524,periodEndYear,577
entity:artifact:2:146525,periodEndYear,577
entity:artifact:2:146526,periodEndYear,618
entity:artifact:2:146527,periodEndYear,907
entity:artifact:2:146528,periodEndYear,907
entity:artifact:2:146529,periodEndYear,907
entity:artifact:2:146554,periodEndYear,-3000
entity:artifact:2:146559,periodEndYear,577
entity:artifact:2:146561,periodEndYear,618
entity:artifact:2:146562,periodEndYear,618
entity:artifact:2:146563,periodEndYear,577
entity:artifact:2:146564,periodEndYear,907
entity:artifact:2:146565,periodEndYear,907
entity:artifact:2:146566,periodEndYear,907
entity:artifact:2:146567,periodEndYear,907
entity:artifact:2:146568,periodEndYear,907
entity:artifact:2:146569,periodEndYear,907
entity:artifact:2:146570,periodEndYear,907
entity:artifact:2:146571,periodEndYear,907
entity:artifact:2:146575,periodEndYear,1127
entity:artifact:2:146576,periodEndYear,220
entity:artifact:2:146577,periodEndYear,220
entity:artifact:2:146578,periodEndYear,1234
entity:artifact:2:146579,periodEndYear,1234
entity:artifact:2:146580,periodEndYear,420
entity:artifact:2:146583,periodEndYear,577
entity:artifact:2:146585,periodEndYear,907
entity:artifact:2:146626,periodEndYear,907
entity:artifact:2:146627,periodEndYear,907
entity:artifact:2:146628,periodEndYear,907
entity:artifact:2:146629,periodEndYear,907
entity:artifact:2:146693,periodEndYear,1234
entity:artifact:2:146694,periodEndYear,907
entity:artifact:2:146709,periodEndYear,9
entity:artifact:2:146710,periodEndYear,9
entity:artifact:2:146711,periodEndYear,534
entity:artifact:2:146712,periodEndYear,577
entity:artifact:2:146713,periodEndYear,534
entity:artifact:2:146748,periodEndYear,9
entity:artifact:2:146749,periodEndYear,220
entity:artifact:2:146750,periodEndYear,534
entity:artifact:2:146751,periodEndYear,534
entity:artifact:2:146752,periodEndYear,534
entity:artifact:2:146753,periodEndYear,534
entity:artifact:2:146754,periodEndYear,550
entity:artifact:2:146755,periodEndYear,577
entity:artifact:2:146756,periodEndYear,577
entity:artifact:2:146757,periodEndYear,534
entity:artifact:2:146758,periodEndYear,1644
entity:artifact:2:146759,periodEndYear,1234
entity:artifact:2:146760,periodEndYear,1125
entity:artifact:2:146761,periodEndYear,-3000
entity:artifact:2:146771,periodEndYear,220
entity:artifact:2:146772,periodEndYear,220
entity:artifact:2:147176,periodEndYear,1234
entity:artifact:2:147177,periodEndYear,-2000
entity:artifact:2:147219,periodEndYear,577
entity:artifact:2:147442,periodEndYear,-600
entity:artifact:2:148273,periodEndYear,-2000
entity:artifact:2:148274,periodEndYear,-1500
entity:artifact:2:148465,periodEndYear,-2000
entity:artifact:2:148466,periodEndYear,-1500
entity:artifact:2:148467,periodEndYear,-1900
entity:artifact:2:148468,periodEndYear,-2600
entity:artifact:2:148472,periodEndYear,618
entity:artifact:2:148478,periodEndYear,-221
entity:artifact:2:148479,periodEndYear,-2000
entity:artifact:2:148480,periodEndYear,-2000
entity:artifact:2:148553,periodEndYear,-2000
entity:artifact:2:148554,periodEndYear,-2000
entity:artifact:2:148555,periodEndYear,-2000
entity:artifact:2:148556,periodEndYear,-3000
entity:artifact:2:148608,periodEndYear,-600
entity:artifact:2:148609,periodEndYear,-2000
entity:artifact:2:149462,periodEndYear,-1500
entity:artifact:2:149463,periodEndYear,-221
entity:artifact:2:149464,periodEndYear,1127
entity:artifact:2:149540,periodEndYear,907
entity:artifact:2:149541,periodEndYear,-1600
entity:artifact:2:149542,periodEndYear,-1500
entity:artifact:2:149543,periodEndYear,-2000
entity:artifact:2:149544,periodEndYear,907
entity:artifact:2:149545,periodEndYear,-2600
entity:artifact:2:149547,periodEndYear,-2600
entity:artifact:2:149551,periodEndYear,-1600
entity:artifact:2:149552,periodEndYear,-1600
entity:artifact:2:149553,periodEndYear,-1600
entity:artifact:2:149554,periodEndYear,1127
entity:artifact:2:149555,periodEndYear,1279
entity:artifact:2:149556,periodEndYear,1234
entity:artifact:2:149557,periodEndYear,-2000
entity:artifact:2:149558,periodEndYear,-2600
entity:artifact:2:160276,periodEndYear,1127
entity:artifact:2:16235,periodEndYear,1911
entity:artifact:2:16377,periodEndYear,1911
entity:artifact:2:16400,periodEndYear,1911
entity:artifact:2:164893,periodEndYear,907
entity:artifact:2:164894,periodEndYear,9
entity:artifact:2:16492,periodEndYear,1911
entity:artifact:2:165054,periodEndYear,907
entity:artifact:2:165055,periodEndYear,-2000
entity:artifact:2:165056,periodEndYear,1127
entity:artifact:2:165242,periodEndYear,1279
entity:artifact:2:165247,periodEndYear,907
entity:artifact:2:16635,periodEndYear,1911
entity:artifact:2:16636,periodEndYear,1911
entity:artifact:2:16637,periodEndYear,1911
entity:artifact:2:16643,periodEndYear,1911
entity:artifact:2:16700,periodEndYear,1911
entity:artifact:2:167086,periodEndYear,-221
entity:artifact:2:167160,periodEndYear,1279
entity:artifact:2:167598,periodEndYear,907
entity:artifact:2:167599,periodEndYear,9
entity:artifact:2:167600,periodEndYear,1279
entity:artifact:2:167601,periodEndYear,1279
entity:artifact:2:167602,periodEndYear,1279
entity:artifact:2:167603,periodEndYear,618
entity:artifact:2:167756,periodEndYear,1279
entity:artifact:2:167758,periodEndYear,1279
entity:artifact:2:167759,periodEndYear,1279
entity:artifact:2:167760,periodEndYear,907
entity:artifact:2:16827,periodEndYear,1911
entity:artifact:2:16829,periodEndYear,1911
entity:artifact:2:16891,periodEndYear,1911
entity:artifact:2:169022,periodEndYear,1279
entity:artifact:2:169023,periodEndYear,907
entity:artifact:2:169025,periodEndYear,907
entity:artifact:2:16917,periodEndYear,1911
entity:artifact:2:16918,periodEndYear,1911
entity:artifact:2:16925,periodEndYear,1911
entity:artifact:2:16926,periodEndYear,1911
entity:artifact:2:16932,periodEndYear,1911
entity:artifact:2:169456,periodEndYear,1279
entity:artifact:2:169457,periodEndYear,1279
entity:artifact:2:169458,periodEndYear,907
entity:artifact:2:169493,periodEndYear,1234
entity:artifact:2:169494,periodEndYear,907
entity:artifact:2:169509,periodEndYear,1279
entity:artifact:2:16956,periodEndYear,1911
entity:artifact:2:16957,periodEndYear,1911
entity:artifact:2:170143,periodEndYear,1234
entity:artifact:2:173145,periodEndYear,907
entity:artifact:2:173146,periodEndYear,-2000
entity:artifact:2:173147,periodEndYear,-500
entity:artifact:2:173148,periodEndYear,9
entity:artifact:2:173149,periodEndYear,9
entity:artifact:2:173150,periodEndYear,220
entity:artifact:2:173592,periodEndYear,220
entity:artifact:2:173593,periodEndYear,-221
entity:artifact:2:173612,periodEndYear,-2000
entity:artifact:2:173613,periodEndYear,9
entity:artifact:2:173614,periodEndYear,9
entity:artifact:2:173615,periodEndYear,220
entity:artifact:2:173616,periodEndYear,-2000
entity:artifact:2:173621,periodEndYear,-2000
entity:artifact:2:173622,periodEndYear,-221
entity:artifact:2:173623,periodEndYear,618
entity:artifact:2:173788,periodEndYear,220
entity:artifact:2:173791,periodEndYear,220
entity:artifact:2:173817,periodEndYear,220
entity:artifact:2:173818,periodEndYear,220
entity:artifact:2:173820,periodEndYear,220
entity:artifact:2:173849,periodEndYear,220
entity:artifact:2:173850,periodEndYear,220
entity:artifact:2:174153,periodEndYear,220
entity:artifact:2:174154,periodEndYear,220
entity:artifact:2:174173,periodEndYear,420
entity:artifact:2:174174,periodEndYear,907
entity:artifact:2:174175,periodEndYear,-500
entity:artifact:2:174176,periodEndYear,9
entity:artifact:2:174177,periodEndYear,9
entity:artifact:2:174249,periodEndYear,-2200
entity:artifact:2:174250,periodEndYear,-2600
entity:artifact:2:174251,periodEndYear,-2600
entity:artifact:2:174253,periodEndYear,1127
entity:artifact:2:174254,periodEndYear,1234
entity:artifact:2:174432,periodEndYear,-2000
entity:artifact:2:174433,periodEndYear,9
entity:artifact:2:174440,periodEndYear,1127
entity:artifact:2:174441,periodEndYear,1127
entity:artifact:2:174444,periodEndYear,1279
entity:artifact:2:174445,periodEndYear,-2000
entity:artifact:2:174446,periodEndYear,1234
entity:artifact:2:174780,periodEndYear,1368
entity:artifact:2:174782,periodEndYear,2000
entity:artifact:2:174783,periodEndYear,1127
entity:artifact:2:174784,periodEndYear,-2600
entity:artifact:2:174785,periodEndYear,-2600
entity:artifact:2:174786,periodEndYear,589
entity:artifact:2:174787,periodEndYear,-2600
entity:artifact:2:174788,periodEndYear,-2600
entity:artifact:2:174841,periodEndYear,907
entity:artifact:2:174843,periodEndYear,-221
entity:artifact:2:174844,periodEndYear,1127
entity:artifact:2:174845,periodEndYear,1127
entity:artifact:2:174846,periodEndYear,1127
entity:artifact:2:174848,periodEndYear,317
entity:artifact:2:174849,periodEndYear,589
entity:artifact:2:174850,periodEndYear,589
entity:artifact:2:174902,periodEndYear,618
entity:artifact:2:174903,periodEndYear,1279
entity:artifact:2:174965,periodEndYear,1279
entity:artifact:2:174966,periodEndYear,577
entity:artifact:2:174967,periodEndYear,577
entity:artifact:2:174968,periodEndYear,1911
entity:artifact:2:174969,periodEndYear,1644
entity:artifact:2:175140,periodEndYear,1279
entity:artifact:2:175141,periodEndYear,1279
entity:artifact:2:175142,periodEndYear,1911
entity:artifact:2:175143,periodEndYear,589
entity:artifact:2:175364,periodEndYear,420
entity:artifact:2:175365,periodEndYear,1911
entity:artifact:2:175366,periodEndYear,589
entity:artifact:2:175367,periodEndYear,1644
entity:artifact:2:175369,periodEndYear,1279
entity:artifact:2:175370,periodEndYear,1279
entity:artifact:2:175371,periodEndYear,1279
entity:artifact:2:175372,periodEndYear,1368
entity:artifact:2:175400,periodEndYear,1279
entity:artifact:2:175403,periodEndYear,1234
entity:artifact:2:175805,periodEndYear,1279
entity:artifact:2:175806,periodEndYear,1279
entity:artifact:2:175807,periodEndYear,1279
entity:artifact:2:175808,periodEndYear,1279
entity:artifact:2:175809,periodEndYear,1279
entity:artifact:2:176272,periodEndYear,589
entity:artifact:2:176273,periodEndYear,907
entity:artifact:2:176274,periodEndYear,-2000
entity:artifact:2:176275,periodEndYear,1127
entity:artifact:2:176276,periodEndYear,1127
entity:artifact:2:176277,periodEndYear,1127
entity:artifact:2:176278,periodEndYear,1127
entity:artifact:2:176279,periodEndYear,1279
entity:artifact:2:176359,periodEndYear,1279
entity:artifact:2:176360,periodEndYear,220
entity:artifact:2:176362,periodEndYear,1368
entity:artifact:2:176363,periodEndYear,618
entity:artifact:2:176365,periodEndYear,9
entity:artifact:2:176366,periodEndYear,9
entity:artifact:2:176367,periodEndYear,1279
entity:artifact:2:176368,periodEndYear,1279
entity:artifact:2:176369,periodEndYear,1279
entity:artifact:2:176655,periodEndYear,907
entity:artifact:2:176656,periodEndYear,1127
entity:artifact:2:176657,periodEndYear,1234
entity:artifact:2:176658,periodEndYear,1279
entity:artifact:2:176659,periodEndYear,-1050
entity:artifact:2:176660,periodEndYear,1127
entity:artifact:2:176661,periodEndYear,1127
entity:artifact:2:176662,periodEndYear,1279
entity:artifact:2:176663,periodEndYear,1279
entity:artifact:2:176664,periodEndYear,1279
entity:artifact:2:176893,periodEndYear,-1050
entity:artifact:2:176894,periodEndYear,-2000
entity:artifact:2:176895,periodEndYear,-2000
entity:artifact:2:176896,periodEndYear,-2000
entity:artifact:2:176897,periodEndYear,589
entity:artifact:2:176898,periodEndYear,618
entity:artifact:2:176899,periodEndYear,-771
entity:artifact:2:176900,periodEndYear,1127
entity:artifact:2:176901,periodEndYear,1279
entity:artifact:2:176902,periodEndYear,1279
entity:artifact:2:176954,periodEndYear,-2000
entity:artifact:2:176955,periodEndYear,-221
entity:artifact:2:176956,periodEndYear,-2600
entity:artifact:2:176957,periodEndYear,-3000
entity:artifact:2:176958,periodEndYear,1911
entity:artifact:2:176960,periodEndYear,1279
entity:artifact:2:176962,periodEndYear,589
entity:artifact:2:176963,periodEndYear,1279
entity:artifact:2:176964,periodEndYear,960
entity:artifact:2:176965,periodEndYear,-1900
entity:artifact:2:176966,periodEndYear,-3000
entity:artifact:2:176967,periodEndYear,9
entity:artifact:2:176968,periodEndYear,-2000
entity:artifact:2:176969,periodEndYear,-771
entity:artifact:2:176970,periodEndYear,618
entity:artifact:2:176971,periodEndYear,907
entity:artifact:2:176972,periodEndYear,1279
entity:artifact:2:176993,periodEndYear,1127
entity:artifact:2:176994,periodEndYear,-1500
entity:artifact:2:176995,periodEndYear,9
entity:artifact:2:176996,periodEndYear,9
entity:artifact:2:176997,periodEndYear,907
entity:artifact:2:177002,periodEndYear,1127
entity:artifact:2:178612,periodEndYear,1911
entity:artifact:2:178613,periodEndYear,1911
entity:artifact:2:178614,periodEndYear,-500
entity:artifact:2:178615,periodEndYear,-3000
entity:artifact:2:178616,periodEndYear,-221
entity:artifact:2:178617,periodEndYear,-476
entity:artifact:2:178618,periodEndYear,9
entity:artifact:2:179575,periodEndYear,1127
entity:artifact:2:179580,periodEndYear,1127
entity:artifact:2:179581,periodEndYear,1127
entity:artifact:2:179582,periodEndYear,1127
entity:artifact:2:179583,periodEndYear,1911
entity:artifact:2:179584,periodEndYear,1127
entity:artifact:2:179585,periodEndYear,1127
entity:artifact:2:179586,periodEndYear,1234
entity:artifact:2:179597,periodEndYear,1911
entity:artifact:2:179605,periodEndYear,1127
entity:artifact:2:179606,periodEndYear,1911
entity:artifact:2:179607,periodEndYear,1911
entity:artifact:2:179608,periodEndYear,1127
entity:artifact:2:180588,periodEndYear,1234
entity:artifact:2:180589,periodEndYear,1127
entity:artifact:2:180590,periodEndYear,907
entity:artifact:2:180591,periodEndYear,907
entity:artifact:2:180592,periodEndYear,960
entity:artifact:2:180593,periodEndYear,1279
entity:artifact:2:180594,periodEndYear,1234
entity:artifact:2:180595,periodEndYear,1234
entity:artifact:2:180730,periodEndYear,907
entity:artifact:2:180731,periodEndYear,1368
entity:artifact:2:180732,periodEndYear,1127
entity:artifact:2:180733,periodEndYear,1234
entity:artifact:2:180734,periodEndYear,960
entity:artifact:2:180735,periodEndYear,1279
entity:artifact:2:182174,periodEndYear,9
entity:artifact:2:182232,periodEndYear,1279
entity:artifact:2:182233,periodEndYear,1127
entity:artifact:2:182234,periodEndYear,1368
entity:artifact:2:182235,periodEndYear,1279
entity:artifact:2:182236,periodEndYear,1234
entity:artifact:2:182237,periodEndYear,1279
entity:artifact:2:182242,periodEndYear,1279
entity:artifact:2:182243,periodEndYear,1127
entity:artifact:2:182244,periodEndYear,1127
entity:artifact:2:182245,periodEndYear,1279
entity:artifact:2:182246,periodEndYear,1127
entity:artifact:2:182247,periodEndYear,1127
entity:artifact:2:182443,periodEndYear,589
entity:artifact:2:182444,periodEndYear,-1500
entity:artifact:2:182445,periodEndYear,2000
entity:artifact:2:182446,periodEndYear,-221
entity:artifact:2:182448,periodEndYear,1644
entity:artifact:2:182449,periodEndYear,-2600
entity:artifact:2:182450,periodEndYear,1279
entity:artifact:2:182452,periodEndYear,-1900
entity:artifact:2:182453,periodEndYear,-1500
entity:artifact:2:182454,periodEndYear,-2600
entity:artifact:2:182455,periodEndYear,1234
entity:artifact:2:182456,periodEndYear,-1500
entity:artifact:2:182460,periodEndYear,-2600
entity:artifact:2:182461,periodEndYear,577
entity:artifact:2:182462,periodEndYear,907
entity:artifact:2:182487,periodEndYear,-5000
entity:artifact:2:182488,periodEndYear,-2000
entity:artifact:2:182489,periodEndYear,-221
entity:artifact:2:182490,periodEndYear,1279
entity:artifact:2:182491,periodEndYear,960
entity:artifact:2:182492,periodEndYear,-1050
entity:artifact:2:182524,periodEndYear,907
entity:artifact:2:182526,periodEndYear,577
entity:artifact:2:182527,periodEndYear,577
entity:artifact:2:182528,periodEndYear,577
entity:artifact:2:182529,periodEndYear,589
entity:artifact:2:182530,periodEndYear,420
entity:artifact:2:182595,periodEndYear,-2000
entity:artifact:2:182596,periodEndYear,-2000
entity:artifact:2:182605,periodEndYear,-1500
entity:artifact:2:182606,periodEndYear,-2500
entity:artifact:2:182607,periodEndYear,-221
entity:artifact:2:182655,periodEndYear,589
entity:artifact:2:18384,periodEndYear,534
entity:artifact:2:18385,periodEndYear,534
entity:artifact:2:18386,periodEndYear,9
entity:artifact:2:18387,periodEndYear,577
entity:artifact:2:185032,periodEndYear,618
entity:artifact:2:185033,periodEndYear,618
entity:artifact:2:185034,periodEndYear,1911
entity:artifact:2:185035,periodEndYear,1127
entity:artifact:2:185127,periodEndYear,-221
entity:artifact:2:185128,periodEndYear,-206
entity:artifact:2:185129,periodEndYear,-2600
entity:artifact:2:185449,periodEndYear,618
entity:artifact:2:185450,periodEndYear,1644
entity:artifact:2:185451,periodEndYear,220
entity:artifact:2:185452,periodEndYear,220
entity:artifact:2:185453,periodEndYear,-2600
entity:artifact:2:185759,periodEndYear,907
entity:artifact:2:185760,periodEndYear,618
entity:artifact:2:185761,periodEndYear,618
entity:artifact:2:185762,periodEndYear,1279
entity:artifact:2:185763,periodEndYear,-2000
entity:artifact:2:185764,periodEndYear,-2000
entity:artifact:2:186302,periodEndYear,1900
entity:artifact:2:186658,periodEndYear,9
entity:artifact:2:186659,periodEndYear,577
entity:artifact:2:186742,periodEndYear,907
entity:artifact:2:186744,periodEndYear,1125
entity:artifact:2:186745,periodEndYear,618
entity:artifact:2:186746,periodEndYear,220
entity:artifact:2:186747,periodEndYear,220
entity:artifact:2:186931,periodEndYear,1125
entity:artifact:2:186932,periodEndYear,1125
entity:artifact:2:186933,periodEndYear,960
entity:artifact:2:186934,periodEndYear,1644
entity:artifact:2:186935,periodEndYear,907
entity:artifact:2:187002,periodEndYear,1644
entity:artifact:2:187003,periodEndYear,907
entity:artifact:2:187004,periodEndYear,907
entity:artifact:2:187005,periodEndYear,1234
entity:artifact:2:187274,periodEndYear,960
entity:artifact:2:187275,periodEndYear,907
entity:artifact:2:18758,periodEndYear,9
entity:artifact:2:18759,periodEndYear,577
entity:artifact:2:187802,periodEndYear,317
entity:artifact:2:188082,periodEndYear,220
entity:artifact:2:188083,periodEndYear,220
entity:artifact:2:188084,periodEndYear,907
entity:artifact:2:188085,periodEndYear,1644
entity:artifact:2:188153,periodEndYear,475
entity:artifact:2:188154,periodEndYear,-221
entity:artifact:2:188155,periodEndYear,1279
entity:artifact:2:188156,periodEndYear,960
entity:artifact:2:188157,periodEndYear,960
entity:artifact:2:188169,periodEndYear,907
entity:artifact:2:188475,periodEndYear,618
entity:artifact:2:18856,periodEndYear,-771
entity:artifact:2:18857,periodEndYear,534
entity:artifact:2:188954,periodEndYear,618
entity:artifact:2:189064,periodEndYear,1127
entity:artifact:2:189065,periodEndYear,1279
entity:artifact:2:189066,periodEndYear,907
entity:artifact:2:189067,periodEndYear,-1600
entity:artifact:2:189098,periodEndYear,1644
entity:artifact:2:189099,periodEndYear,1234
entity:artifact:2:189158,periodEndYear,907
entity:artifact:2:189159,periodEndYear,907
entity:artifact:2:189160,periodEndYear,1279
entity:artifact:2:189161,periodEndYear,-2000
entity:artifact:2:189162,periodEndYear,220
entity:artifact:2:189163,periodEndYear,220
entity:artifact:2:189165,periodEndYear,907
entity:artifact:2:189200,periodEndYear,9
entity:artifact:2:189201,periodEndYear,907
entity:artifact:2:189202,periodEndYear,907
entity:artifact:2:189203,periodEndYear,1279
entity:artifact:2:189204,periodEndYear,220
entity:artifact:2:189205,periodEndYear,-2600
entity:artifact:2:189219,periodEndYear,1911
entity:artifact:2:189235,periodEndYear,317
entity:artifact:2:189432,periodEndYear,907
entity:artifact:2:189465,periodEndYear,1911
entity:artifact:2:189565,periodEndYear,-2000
entity:artifact:2:189739,periodEndYear,9
entity:artifact:2:189837,periodEndYear,1911
entity:artifact:2:189839,periodEndYear,1911
entity:artifact:2:189840,periodEndYear,1911
entity:artifact:2:189841,periodEndYear,1911
entity:artifact:2:189843,periodEndYear,1911
entity:artifact:2:189844,periodEndYear,1911
entity:artifact:2:18988,periodEndYear,1900
entity:artifact:2:190122,periodEndYear,1911
entity:artifact:2:190123,periodEndYear,1911
entity:artifact:2:190125,periodEndYear,1911
entity:artifact:2:190136,periodEndYear,1644
entity:artifact:2:190137,periodEndYear,1911
entity:artifact:2:190138,periodEndYear,1644
entity:artifact:2:190139,periodEndYear,1911
entity:artifact:2:190142,periodEndYear,1911
entity:artifact:2:190144,periodEndYear,1911
entity:artifact:2:190145,periodEndYear,1911
entity:artifact:2:190147,periodEndYear,1911
entity:artifact:2:190148,periodEndYear,1911
entity:artifact:2:190156,periodEndYear,1279
entity:artifact:2:190157,periodEndYear,1279
entity:artifact:2:190158,periodEndYear,1279
entity:artifact:2:190159,periodEndYear,907
entity:artifact:2:190160,periodEndYear,907
entity:artifact:2:190161,periodEndYear,-256
entity:artifact:2:190162,periodEndYear,-476
entity:artifact:2:190163,periodEndYear,9
entity:artifact:2:190164,periodEndYear,1234
entity:artifact:2:190165,periodEndYear,-2000
entity:artifact:2:190167,periodEndYear,1911
entity:artifact:2:190168,periodEndYear,1911
entity:artifact:2:190169,periodEndYear,1911
entity:artifact:2:190170,periodEndYear,1911
entity:artifact:2:190184,periodEndYear,1911
entity:artifact:2:190185,periodEndYear,1911
entity:artifact:2:190201,periodEndYear,1279
entity:artifact:2:190202,periodEndYear,1279
entity:artifact:2:190203,periodEndYear,1279
entity:artifact:2:190209,periodEndYear,907
entity:artifact:2:190213,periodEndYear,1279
entity:artifact:2:190214,periodEndYear,1279
entity:artifact:2:190215,periodEndYear,1279
entity:artifact:2:190216,periodEndYear,1279
entity:artifact:2:190217,periodEndYear,9
entity:artifact:2:190218,periodEndYear,1234
entity:artifact:2:190471,periodEndYear,9
entity:artifact:2:190472,periodEndYear,-771
entity:artifact:2:190506,periodEndYear,1279
entity:artifact:2:190507,periodEndYear,1279
entity:artifact:2:190809,periodEndYear,-3000
entity:artifact:2:190810,periodEndYear,907
entity:artifact:2:190811,periodEndYear,-2000
entity:artifact:2:190813,periodEndYear,1279
entity:artifact:2:190814,periodEndYear,1279
entity:artifact:2:190815,periodEndYear,1279
entity:artifact:2:190816,periodEndYear,1279
entity:artifact:2:190850,periodEndYear,9
entity:artifact:2:190851,periodEndYear,907
entity:artifact:2:190853,periodEndYear,1368
entity:artifact:2:190854,periodEndYear,220
entity:artifact:2:190916,periodEndYear,1279
entity:artifact:2:190917,periodEndYear,1279
entity:artifact:2:190928,periodEndYear,-221
entity:artifact:2:190929,periodEndYear,-2000
entity:artifact:2:190930,periodEndYear,1127
entity:artifact:2:190996,periodEndYear,420
entity:artifact:2:190997,periodEndYear,220
entity:artifact:2:190998,periodEndYear,220
entity:artifact:2:191000,periodEndYear,-1500
entity:artifact:2:191001,periodEndYear,-2000
entity:artifact:2:191002,periodEndYear,1279
entity:artifact:2:191003,periodEndYear,907
entity:artifact:2:191004,periodEndYear,907
entity:artifact:2:191006,periodEndYear,1279
entity:artifact:2:191054,periodEndYear,420
entity:artifact:2:191055,periodEndYear,-1500
entity:artifact:2:191056,periodEndYear,9
entity:artifact:2:191057,periodEndYear,9
entity:artifact:2:191059,periodEndYear,1279
entity:artifact:2:191323,periodEndYear,907
entity:artifact:2:191325,periodEndYear,1279
entity:artifact:2:191326,periodEndYear,-2000
entity:artifact:2:191328,periodEndYear,1234
entity:artifact:2:191329,periodEndYear,-221
entity:artifact:2:192051,periodEndYear,907
entity:artifact:2:192060,periodEndYear,618
entity:artifact:2:192061,periodEndYear,280
entity:artifact:2:192062,periodEndYear,-1500
entity:artifact:2:192063,periodEndYear,-3000
entity:artifact:2:192138,periodEndYear,-2000
entity:artifact:2:192140,periodEndYear,-2000
entity:artifact:2:192166,periodEndYear,220
entity:artifact:2:19252,periodEndYear,-771
entity:artifact:2:19253,periodEndYear,-771
entity:artifact:2:19254,periodEndYear,-771
entity:artifact:2:19255,periodEndYear,534
entity:artifact:2:19256,periodEndYear,220
entity:artifact:2:19277,periodEndYear,589
entity:artifact:2:192947,periodEndYear,9
entity:artifact:2:192948,periodEndYear,-1500
entity:artifact:2:192949,periodEndYear,-221
entity:artifact:2:193284,periodEndYear,-1050
entity:artifact:2:193287,periodEndYear,-2000
entity:artifact:2:193288,periodEndYear,907
entity:artifact:2:193289,periodEndYear,618
entity:artifact:2:193290,periodEndYear,618
entity:artifact:2:193291,periodEndYear,589
entity:artifact:2:193292,periodEndYear,-2000
entity:artifact:2:194025,periodEndYear,220
entity:artifact:2:195548,periodEndYear,1279
entity:artifact:2:195600,periodEndYear,9
entity:artifact:2:195610,periodEndYear,9
entity:artifact:2:195611,periodEndYear,9
entity:artifact:2:196417,periodEndYear,-3000
entity:artifact:2:196420,periodEndYear,1368
entity:artifact:2:196983,periodEndYear,589
entity:artifact:2:196985,periodEndYear,1368
entity:artifact:2:196994,periodEndYear,220
entity:artifact:2:196995,periodEndYear,-1050
entity:artifact:2:196996,periodEndYear,-2000
entity:artifact:2:196997,periodEndYear,907
entity:artifact:2:196998,periodEndYear,2000
entity:artifact:2:197026,periodEndYear,-1500
entity:artifact:2:197027,periodEndYear,-256
entity:artifact:2:197028,periodEndYear,907
entity:artifact:2:197049,periodEndYear,475
entity:artifact:2:197050,periodEndYear,1125
entity:artifact:2:197051,periodEndYear,907
entity:artifact:2:197058,periodEndYear,-1900
entity:artifact:2:197060,periodEndYear,420
entity:artifact:2:197474,periodEndYear,-771
entity:artifact:2:197514,periodEndYear,1644
entity:artifact:2:197515,periodEndYear,1911
entity:artifact:2:197658,periodEndYear,1911
entity:artifact:2:197660,periodEndYear,1911
entity:artifact:2:197661,periodEndYear,-2000
entity:artifact:2:197665,periodEndYear,-771
entity:artifact:2:197666,periodEndYear,-221
entity:artifact:2:197972,periodEndYear,1127
entity:artifact:2:197974,periodEndYear,1234
entity:artifact:2:198016,periodEndYear,9
entity:artifact:2:198019,periodEndYear,9
entity:artifact:2:198020,periodEndYear,1911
entity:artifact:2:198022,periodEndYear,-771
entity:artifact:2:198023,periodEndYear,-221
entity:artifact:2:198095,periodEndYear,1279
entity:artifact:2:198096,periodEndYear,1127
entity:artifact:2:198104,periodEndYear,475
entity:artifact:2:198105,periodEndYear,9
entity:artifact:2:198106,periodEndYear,907
entity:artifact:2:198241,periodEndYear,1279
entity:artifact:2:198244,periodEndYear,-476
entity:artifact:2:198246,periodEndYear,907
entity:artifact:2:198247,periodEndYear,907
entity:artifact:2:198359,periodEndYear,1911
entity:artifact:2:198361,periodEndYear,1644
entity:artifact:2:198461,periodEndYear,1911
entity:artifact:2:198462,periodEndYear,1644
entity:artifact:2:198568,periodEndYear,1279
entity:artifact:2:198876,periodEndYear,9
entity:artifact:2:198961,periodEndYear,220
entity:artifact:2:198963,periodEndYear,-1050
entity:artifact:2:198965,periodEndYear,-476
entity:artifact:2:198966,periodEndYear,9
entity:artifact:2:198967,periodEndYear,220
entity:artifact:2:198984,periodEndYear,1911
entity:artifact:2:198988,periodEndYear,220
entity:artifact:2:198990,periodEndYear,-476
entity:artifact:2:198991,periodEndYear,9
entity:artifact:2:198992,periodEndYear,1279
entity:artifact:2:199013,periodEndYear,220
entity:artifact:2:199017,periodEndYear,-221
entity:artifact:2:199178,periodEndYear,-1050
entity:artifact:2:199179,periodEndYear,1911
entity:artifact:2:199183,periodEndYear,-1050
entity:artifact:2:199184,periodEndYear,-771
entity:artifact:2:199187,periodEndYear,9
entity:artifact:2:199188,periodEndYear,9
entity:artifact:2:199189,periodEndYear,9
entity:artifact:2:199427,periodEndYear,1911
entity:artifact:2:199428,periodEndYear,1911
entity:artifact:2:199429,periodEndYear,1911
entity:artifact:2:199432,periodEndYear,1911
entity:artifact:2:199433,periodEndYear,1911
entity:artifact:2:199592,periodEndYear,475
entity:artifact:2:199593,periodEndYear,-1050
entity:artifact:2:199594,periodEndYear,1911
entity:artifact:2:199595,periodEndYear,1911
entity:artifact:2:199607,periodEndYear,1911
entity:artifact:2:199626,periodEndYear,1127
entity:artifact:2:199628,periodEndYear,-2200
entity:artifact:2:199629,periodEndYear,-476
entity:artifact:2:199631,periodEndYear,1911
entity:artifact:2:199633,periodEndYear,1911
entity:artifact:2:199634,periodEndYear,1911
entity:artifact:2:199635,periodEndYear,-1050
entity:artifact:2:199636,periodEndYear,1911
entity:artifact:2:199646,periodEndYear,1911
entity:artifact:2:199647,periodEndYear,1911
entity:artifact:2:199648,periodEndYear,1911
entity:artifact:2:199685,periodEndYear,1644
entity:artifact:2:199690,periodEndYear,-256
entity:artifact:2:199691,periodEndYear,1644
entity:artifact:2:199692,periodEndYear,1644
entity:artifact:2:199693,periodEndYear,-1050
entity:artifact:2:199694,periodEndYear,1911
entity:artifact:2:199695,periodEndYear,1911
entity:artifact:2:199712,periodEndYear,1911
entity:artifact:2:199713,periodEndYear,1911
entity:artifact:2:199714,periodEndYear,1911
entity:artifact:2:199715,periodEndYear,1911
entity:artifact:2:199716,periodEndYear,907
entity:artifact:2:199721,periodEndYear,1644
entity:artifact:2:199722,periodEndYear,1644
entity:artifact:2:199724,periodEndYear,1644
entity:artifact:2:199753,periodEndYear,1911
entity:artifact:2:199805,periodEndYear,420
entity:artifact:2:200087,periodEndYear,220
entity:artifact:2:200100,periodEndYear,1911
entity:artifact:2:200101,periodEndYear,1125
entity:artifact:2:200241,periodEndYear,1644
entity:artifact:2:200245,periodEndYear,1368
entity:artifact:2:200497,periodEndYear,-771
entity:artifact:2:200542,periodEndYear,1125
entity:artifact:2:200547,periodEndYear,1234
entity:artifact:2:200583,periodEndYear,1127
entity:artifact:2:200584,periodEndYear,-1050
entity:artifact:2:200715,periodEndYear,1644
entity:artifact:2:200716,periodEndYear,1911
entity:artifact:2:200718,periodEndYear,1911
entity:artifact:2:200719,periodEndYear,1911
entity:artifact:2:200761,periodEndYear,1368
entity:artifact:2:200763,periodEndYear,960
entity:artifact:2:200764,periodEndYear,9
entity:artifact:2:200817,periodEndYear,1368
entity:artifact:2:200818,periodEndYear,1368
entity:artifact:2:200821,periodEndYear,589
entity:artifact:2:200837,periodEndYear,-1050
entity:artifact:2:200838,periodEndYear,-1050
entity:artifact:2:200839,periodEndYear,220
entity:artifact:2:200840,periodEndYear,-1050
entity:artifact:2:200855,periodEndYear,-2600
entity:artifact:2:200856,periodEndYear,1966
entity:artifact:2:200867,periodEndYear,1279
entity:artifact:2:200868,periodEndYear,1911
entity:artifact:2:200900,periodEndYear,1279
entity:artifact:2:200901,periodEndYear,1279
entity:artifact:2:200907,periodEndYear,1127
entity:artifact:2:200939,periodEndYear,1911
entity:artifact:2:200940,periodEndYear,1911
entity:artifact:2:200941,periodEndYear,1234
entity:artifact:2:200942,periodEndYear,-2600
entity:artifact:2:200949,periodEndYear,1279
entity:artifact:2:200950,periodEndYear,1127
entity:artifact:2:200957,periodEndYear,220
entity:artifact:2:200958,periodEndYear,220
entity:artifact:2:200978,periodEndYear,1279
entity:artifact:2:200980,periodEndYear,1234
entity:artifact:2:200981,periodEndYear,1125
entity:artifact:2:201011,periodEndYear,1279
entity:artifact:2:201013,periodEndYear,1644
entity:artifact:2:201014,periodEndYear,1234
entity:artifact:2:201038,periodEndYear,1644
entity:artifact:2:201063,periodEndYear,1644
entity:artifact:2:201064,periodEndYear,907
entity:artifact:2:201065,periodEndYear,907
entity:artifact:2:201066,periodEndYear,907
entity:artifact:2:201067,periodEndYear,907
entity:artifact:2:201068,periodEndYear,907
entity:artifact:2:201069,periodEndYear,907
entity:artifact:2:201086,periodEndYear,1911
entity:artifact:2:201090,periodEndYear,1644
entity:artifact:2:201091,periodEndYear,1644
entity:artifact:2:201099,periodEndYear,1911
entity:artifact:2:201116,periodEndYear,1911
entity:artifact:2:201141,periodEndYear,1911
entity:artifact:2:201146,periodEndYear,1644
entity:artifact:2:201147,periodEndYear,1644
entity:artifact:2:201158,periodEndYear,1644
entity:artifact:2:201173,periodEndYear,1911
entity:artifact:2:201174,periodEndYear,1911
entity:artifact:2:201175,periodEndYear,1911
entity:artifact:2:201176,periodEndYear,1911
entity:artifact:2:201210,periodEndYear,1100
entity:artifact:2:201240,periodEndYear,-771
entity:artifact:2:201242,periodEndYear,1644
entity:artifact:2:201243,periodEndYear,1644
entity:artifact:2:201244,periodEndYear,1644
entity:artifact:2:201247,periodEndYear,-1050
entity:artifact:2:201257,periodEndYear,-2200
entity:artifact:2:201258,periodEndYear,-2200
entity:artifact:2:201259,periodEndYear,-2200
entity:artifact:2:201260,periodEndYear,-2200
entity:artifact:2:201261,periodEndYear,-2200
entity:artifact:2:201269,periodEndYear,1644
entity:artifact:2:201270,periodEndYear,1644
entity:artifact:2:201271,periodEndYear,1644
entity:artifact:2:201272,periodEndYear,1644
entity:artifact:2:201273,periodEndYear,1644
entity:artifact:2:201274,periodEndYear,1911
entity:artifact:2:201275,periodEndYear,1911
entity:artifact:2:201276,periodEndYear,1911
entity:artifact:2:201277,periodEndYear,1911
entity:artifact:2:201282,periodEndYear,1911
entity:artifact:2:201283,periodEndYear,1911
entity:artifact:2:201285,periodEndYear,1234
entity:artifact:2:201286,periodEndYear,907
entity:artifact:2:201288,periodEndYear,1911
entity:artifact:2:201303,periodEndYear,1952
entity:artifact:2:201311,periodEndYear,9
entity:artifact:2:201318,periodEndYear,907
entity:artifact:2:201320,periodEndYear,1279
entity:artifact:2:201327,periodEndYear,-2200
entity:artifact:2:201328,periodEndYear,-2200
entity:artifact:2:201329,periodEndYear,-2200
entity:artifact:2:201330,periodEndYear,-2200
entity:artifact:2:201331,periodEndYear,-2200
entity:artifact:2:201332,periodEndYear,-2200
entity:artifact:2:201333,periodEndYear,-2200
entity:artifact:2:201350,periodEndYear,1911
entity:artifact:2:201351,periodEndYear,1883
entity:artifact:2:201352,periodEndYear,1911
entity:artifact:2:201355,periodEndYear,907
entity:artifact:2:201357,periodEndYear,1911
entity:artifact:2:201358,periodEndYear,1644
entity:artifact:2:201359,periodEndYear,1644
entity:artifact:2:201360,periodEndYear,1644
entity:artifact:2:201361,periodEndYear,1644
entity:artifact:2:201362,periodEndYear,1644
entity:artifact:2:201363,periodEndYear,1644
entity:artifact:2:201370,periodEndYear,-2200
entity:artifact:2:201391,periodEndYear,1644
entity:artifact:2:201392,periodEndYear,1644
entity:artifact:2:201402,periodEndYear,1911
entity:artifact:2:201403,periodEndYear,1911
entity:artifact:2:201404,periodEndYear,1911
entity:artifact:2:201412,periodEndYear,1911
entity:artifact:2:201447,periodEndYear,1911
entity:artifact:2:201448,periodEndYear,1911
entity:artifact:2:201449,periodEndYear,1911
entity:artifact:2:201450,periodEndYear,1911
entity:artifact:2:201455,periodEndYear,-2200
entity:artifact:2:201456,periodEndYear,-2200
entity:artifact:2:201457,periodEndYear,-2200
entity:artifact:2:201458,periodEndYear,-2200
entity:artifact:2:201459,periodEndYear,-2200
entity:artifact:2:201460,periodEndYear,-2200
entity:artifact:2:201463,periodEndYear,-2200
entity:artifact:2:201464,periodEndYear,-2200
entity:artifact:2:201465,periodEndYear,-2200
entity:artifact:2:201466,periodEndYear,-2200
entity:artifact:2:201469,periodEndYear,1234
entity:artifact:2:201470,periodEndYear,475
entity:artifact:2:201471,periodEndYear,-476
entity:artifact:2:201472,periodEndYear,960
entity:artifact:2:201473,periodEndYear,1127
entity:artifact:2:201474,periodEndYear,1279
entity:artifact:2:201475,periodEndYear,1279
entity:artifact:2:201478,periodEndYear,-2200
entity:artifact:2:201479,periodEndYear,-2200
entity:artifact:2:201480,periodEndYear,-2200
entity:artifact:2:201481,periodEndYear,-2200
entity:artifact:2:201482,periodEndYear,-2200
entity:artifact:2:201483,periodEndYear,-2200
entity:artifact:2:201484,periodEndYear,-2200
entity:artifact:2:201486,periodEndYear,-2200
entity:artifact:2:201487,periodEndYear,-2200
entity:artifact:2:201491,periodEndYear,2000
entity:artifact:2:201494,periodEndYear,1300
entity:artifact:2:201495,periodEndYear,1279
entity:artifact:2:201502,periodEndYear,1279
entity:artifact:2:201507,periodEndYear,1911
entity:artifact:2:201508,periodEndYear,-2200
entity:artifact:2:201518,periodEndYear,-2200
entity:artifact:2:201519,periodEndYear,1644
entity:artifact:2:201528,periodEndYear,1911
entity:artifact:2:201529,periodEndYear,-2200
entity:artifact:2:201531,periodEndYear,-2200
entity:artifact:2:201532,periodEndYear,-2200
entity:artifact:2:201533,periodEndYear,1368
entity:artifact:2:201536,periodEndYear,-2200
entity:artifact:2:201537,periodEndYear,-2200
entity:artifact:2:201539,periodEndYear,-2200
entity:artifact:2:201540,periodEndYear,-2200
entity:artifact:2:201541,periodEndYear,-2200
entity:artifact:2:201542,periodEndYear,-2200
entity:artifact:2:201543,periodEndYear,-2200
entity:artifact:2:201544,periodEndYear,-2200
entity:artifact:2:201546,periodEndYear,-2200
entity:artifact:2:201550,periodEndYear,1911
entity:artifact:2:201551,periodEndYear,-2200
entity:artifact:2:201552,periodEndYear,-2200
entity:artifact:2:201553,periodEndYear,960
entity:artifact:2:201554,periodEndYear,1911
entity:artifact:2:201558,periodEndYear,-2200
entity:artifact:2:201559,periodEndYear,-2200
entity:artifact:2:201560,periodEndYear,-2200
entity:artifact:2:201561,periodEndYear,-2200
entity:artifact:2:201562,periodEndYear,-2200
entity:artifact:2:201563,periodEndYear,-2200
entity:artifact:2:201564,periodEndYear,-2200
entity:artifact:2:201565,periodEndYear,-2200
entity:artifact:2:201571,periodEndYear,1911
entity:artifact:2:201591,periodEndYear,-2200
entity:artifact:2:201592,periodEndYear,-2200
entity:artifact:2:201593,periodEndYear,-2200
entity:artifact:2:201594,periodEndYear,-2200
entity:artifact:2:201595,periodEndYear,-2200
entity:artifact:2:201610,periodEndYear,1911
entity:artifact:2:201611,periodEndYear,1911
entity:artifact:2:201613,periodEndYear,1644
entity:artifact:2:201614,periodEndYear,1644
entity:artifact:2:201615,periodEndYear,1644
entity:artifact:2:201616,periodEndYear,1644
entity:artifact:2:201636,periodEndYear,-2200
entity:artifact:2:201637,periodEndYear,-2200
entity:artifact:2:201644,periodEndYear,-2200
entity:artifact:2:201645,periodEndYear,-2200
entity:artifact:2:201646,periodEndYear,-2200
entity:artifact:2:201647,periodEndYear,-2200
entity:artifact:2:201648,periodEndYear,-2200
entity:artifact:2:201649,periodEndYear,-2200
entity:artifact:2:201650,periodEndYear,-2200
entity:artifact:2:201657,periodEndYear,-2200
entity:artifact:2:201659,periodEndYear,-2200
entity:artifact:2:201660,periodEndYear,-2200
entity:artifact:2:201661,periodEndYear,-2200
entity:artifact:2:201664,periodEndYear,-2200
entity:artifact:2:201665,periodEndYear,-2200
entity:artifact:2:201666,periodEndYear,-2200
entity:artifact:2:201667,periodEndYear,-2200
entity:artifact:2:201668,periodEndYear,-2200
entity:artifact:2:201669,periodEndYear,-2200
entity:artifact:2:201670,periodEndYear,-2200
entity:artifact:2:201671,periodEndYear,-2200
entity:artifact:2:201672,periodEndYear,-2200
entity:artifact:2:201673,periodEndYear,-2200
entity:artifact:2:201677,periodEndYear,1234
entity:artifact:2:201678,periodEndYear,907
entity:artifact:2:201680,periodEndYear,1279
entity:artifact:2:201681,periodEndYear,1911
entity:artifact:2:201682,periodEndYear,1911
entity:artifact:2:201685,periodEndYear,1911
entity:artifact:2:201686,periodEndYear,-771
entity:artifact:2:201687,periodEndYear,1911
entity:artifact:2:201688,periodEndYear,1911
entity:artifact:2:201689,periodEndYear,1911
entity:artifact:2:201690,periodEndYear,1911
entity:artifact:2:201692,periodEndYear,-221
entity:artifact:2:201693,periodEndYear,1911
entity:artifact:2:201694,periodEndYear,1911
entity:artifact:2:201695,periodEndYear,1911
entity:artifact:2:201698,periodEndYear,1279
entity:artifact:2:201699,periodEndYear,1368
entity:artifact:2:201704,periodEndYear,1963
entity:artifact:2:201705,periodEndYear,1911
entity:artifact:2:201706,periodEndYear,1911
entity:artifact:2:201714,periodEndYear,-2200
entity:artifact:2:201715,periodEndYear,-2200
entity:artifact:2:201716,periodEndYear,-2200
entity:artifact:2:201717,periodEndYear,-2200
entity:artifact:2:201719,periodEndYear,-2200
entity:artifact:2:201720,periodEndYear,-2200
entity:artifact:2:201721,periodEndYear,-2200
entity:artifact:2:201722,periodEndYear,-2200
entity:artifact:2:201723,periodEndYear,-2200
entity:artifact:2:201724,periodEndYear,-2200
entity:artifact:2:201725,periodEndYear,-2200
entity:artifact:2:201726,periodEndYear,-2200
entity:artifact:2:201737,periodEndYear,1279
entity:artifact:2:201742,periodEndYear,-256
entity:artifact:2:201743,periodEndYear,1279
entity:artifact:2:201744,periodEndYear,1911
entity:artifact:2:201751,periodEndYear,1911
entity:artifact:2:201753,periodEndYear,1127
entity:artifact:2:201757,periodEndYear,-2200
entity:artifact:2:201758,periodEndYear,-2200
entity:artifact:2:201759,periodEndYear,-2200
entity:artifact:2:201760,periodEndYear,-2200
entity:artifact:2:201761,periodEndYear,-2200
entity:artifact:2:201762,periodEndYear,-2200
entity:artifact:2:201763,periodEndYear,-2200
entity:artifact:2:201764,periodEndYear,-2200
entity:artifact:2:201765,periodEndYear,-2200
entity:artifact:2:201766,periodEndYear,-2200
entity:artifact:2:201767,periodEndYear,-2200
entity:artifact:2:201768,periodEndYear,-2200
entity:artifact:2:201774,periodEndYear,1234
entity:artifact:2:201778,periodEndYear,1127
entity:artifact:2:201779,periodEndYear,1911
entity:artifact:2:201780,periodEndYear,-771
entity:artifact:2:201781,periodEndYear,-256
entity:artifact:2:201782,periodEndYear,1368
entity:artifact:2:201783,periodEndYear,317
entity:artifact:2:201784,periodEndYear,960
entity:artifact:2:201785,periodEndYear,907
entity:artifact:2:201786,periodEndYear,1125
entity:artifact:2:201787,periodEndYear,1234
entity:artifact:2:201792,periodEndYear,9
entity:artifact:2:201793,periodEndYear,1911
entity:artifact:2:201794,periodEndYear,1127
entity:artifact:2:201795,periodEndYear,1279
entity:artifact:2:201796,periodEndYear,475
entity:artifact:2:201797,periodEndYear,1368
entity:artifact:2:201798,periodEndYear,1234
entity:artifact:2:201801,periodEndYear,-221
entity:artifact:2:201802,periodEndYear,1911
entity:artifact:2:201803,periodEndYear,1911
entity:artifact:2:201804,periodEndYear,1368
entity:artifact:2:201805,periodEndYear,618
entity:artifact:2:201806,periodEndYear,618
entity:artifact:2:201807,periodEndYear,1911
entity:artifact:2:201808,periodEndYear,220
entity:artifact:2:201813,periodEndYear,1700
entity:artifact:2:201816,periodEndYear,1644
entity:artifact:2:201817,periodEndYear,1911
entity:artifact:2:201818,periodEndYear,1644
entity:artifact:2:201819,periodEndYear,-256
entity:artifact:2:201820,periodEndYear,1911
entity:artifact:2:201827,periodEndYear,-2200
entity:artifact:2:201828,periodEndYear,-2200
entity:artifact:2:201829,periodEndYear,-2200
entity:artifact:2:201830,periodEndYear,-2200
entity:artifact:2:201831,periodEndYear,-2200
entity:artifact:2:201832,periodEndYear,-2200
entity:artifact:2:201833,periodEndYear,-2200
entity:artifact:2:201834,periodEndYear,-2200
entity:artifact:2:201835,periodEndYear,-2200
entity:artifact:2:201836,periodEndYear,-2200
entity:artifact:2:201837,periodEndYear,-2200
entity:artifact:2:201838,periodEndYear,-2200
entity:artifact:2:201839,periodEndYear,-2200
entity:artifact:2:201840,periodEndYear,2000
entity:artifact:2:201841,periodEndYear,1911
entity:artifact:2:201842,periodEndYear,1911
entity:artifact:2:201843,periodEndYear,1911
entity:artifact:2:201844,periodEndYear,1911
entity:artifact:2:201849,periodEndYear,1279
entity:artifact:2:201850,periodEndYear,1911
entity:artifact:2:201851,periodEndYear,1234
entity:artifact:2:201854,periodEndYear,1911
entity:artifact:2:201884,periodEndYear,-1050
entity:artifact:2:201885,periodEndYear,1911
entity:artifact:2:201904,periodEndYear,618
entity:artifact:2:201905,periodEndYear,534
entity:artifact:2:201927,periodEndYear,1911
entity:artifact:2:201928,periodEndYear,1911
entity:artifact:2:201929,periodEndYear,1911
entity:artifact:2:201930,periodEndYear,1911
entity:artifact:2:201931,periodEndYear,1911
entity:artifact:2:201934,periodEndYear,-221
entity:artifact:2:201936,periodEndYear,1644
entity:artifact:2:201939,periodEndYear,-2200
entity:artifact:2:201940,periodEndYear,-2200
entity:artifact:2:201941,periodEndYear,-2200
entity:artifact:2:201942,periodEndYear,-2200
entity:artifact:2:201943,periodEndYear,-2200
entity:artifact:2:201944,periodEndYear,-2200
entity:artifact:2:201945,periodEndYear,-2200
entity:artifact:2:201947,periodEndYear,1644
entity:artifact:2:201948,periodEndYear,1644
entity:artifact:2:201949,periodEndYear,1644
entity:artifact:2:201956,periodEndYear,1127
entity:artifact:2:201957,periodEndYear,1127
entity:artifact:2:201963,periodEndYear,907
entity:artifact:2:201965,periodEndYear,907
entity:artifact:2:201973,periodEndYear,1911
entity:artifact:2:201974,periodEndYear,1911
entity:artifact:2:201975,periodEndYear,1227
entity:artifact:2:201976,periodEndYear,1644
entity:artifact:2:201977,periodEndYear,1911
entity:artifact:2:201978,periodEndYear,1234
entity:artifact:2:201979,periodEndYear,1125
entity:artifact:2:201980,periodEndYear,1911
entity:artifact:2:201983,periodEndYear,1644
entity:artifact:2:201993,periodEndYear,907
entity:artifact:2:201998,periodEndYear,1644
entity:artifact:2:202004,periodEndYear,-2200
entity:artifact:2:202005,periodEndYear,-2200
entity:artifact:2:202008,periodEndYear,-2200
entity:artifact:2:202009,periodEndYear,-2200
entity:artifact:2:202010,periodEndYear,-2200
entity:artifact:2:202011,periodEndYear,-2200
entity:artifact:2:202012,periodEndYear,-2200
entity:artifact:2:202013,periodEndYear,-2200
entity:artifact:2:202014,periodEndYear,-2200
entity:artifact:2:202015,periodEndYear,-2200
entity:artifact:2:202016,periodEndYear,-2200
entity:artifact:2:202022,periodEndYear,1911
entity:artifact:2:202023,periodEndYear,1911
entity:artifact:2:202024,periodEndYear,1644
entity:artifact:2:202026,periodEndYear,9
entity:artifact:2:202027,periodEndYear,1644
entity:artifact:2:202028,periodEndYear,1911
entity:artifact:2:202029,periodEndYear,1911
entity:artifact:2:202036,periodEndYear,1911
entity:artifact:2:202037,periodEndYear,1911
entity:artifact:2:202039,periodEndYear,1644
entity:artifact:2:202040,periodEndYear,1644
entity:artifact:2:202041,periodEndYear,1368
entity:artifact:2:202042,periodEndYear,1644
entity:artifact:2:202043,periodEndYear,-1050
entity:artifact:2:202044,periodEndYear,1911
entity:artifact:2:202045,periodEndYear,1279
entity:artifact:2:202046,periodEndYear,1911
entity:artifact:2:202048,periodEndYear,1279
entity:artifact:2:202049,periodEndYear,220
entity:artifact:2:202052,periodEndYear,1368
entity:artifact:2:202053,periodEndYear,1911
entity:artifact:2:202061,periodEndYear,-2200
entity:artifact:2:202062,periodEndYear,-2200
entity:artifact:2:202063,periodEndYear,-2200
entity:artifact:2:202064,periodEndYear,-2200
entity:artifact:2:202065,periodEndYear,-2200
entity:artifact:2:202071,periodEndYear,1234
entity:artifact:2:202072,periodEndYear,907
entity:artifact:2:202074,periodEndYear,1279
entity:artifact:2:202084,periodEndYear,907
entity:artifact:2:202085,periodEndYear,220
entity:artifact:2:202088,periodEndYear,1127
entity:artifact:2:202089,periodEndYear,1279
entity:artifact:2:202109,periodEndYear,907
entity:artifact:2:202111,periodEndYear,475
entity:artifact:2:202114,periodEndYear,1911
entity:artifact:2:202115,periodEndYear,1911
entity:artifact:2:202116,periodEndYear,1911
entity:artifact:2:202117,periodEndYear,1911
entity:artifact:2:202119,periodEndYear,1911
entity:artifact:2:202120,periodEndYear,1911
entity:artifact:2:202121,periodEndYear,1911
entity:artifact:2:202122,periodEndYear,220
entity:artifact:2:202123,periodEndYear,1127
entity:artifact:2:202124,periodEndYear,960
entity:artifact:2:202125,periodEndYear,960
entity:artifact:2:202126,periodEndYear,960
entity:artifact:2:202127,periodEndYear,1911
entity:artifact:2:202128,periodEndYear,1644
entity:artifact:2:202130,periodEndYear,1911
entity:artifact:2:202131,periodEndYear,1911
entity:artifact:2:202132,periodEndYear,1911
entity:artifact:2:202133,periodEndYear,1911
entity:artifact:2:202134,periodEndYear,1279
entity:artifact:2:202136,periodEndYear,1911
entity:artifact:2:202181,periodEndYear,1234
entity:artifact:2:202185,periodEndYear,907
entity:artifact:2:202200,periodEndYear,1644
entity:artifact:2:202213,periodEndYear,1644
entity:artifact:2:202238,periodEndYear,1127
entity:artifact:2:202239,periodEndYear,907
entity:artifact:2:202240,periodEndYear,1279
entity:artifact:2:202259,periodEndYear,1911
entity:artifact:2:202260,periodEndYear,1800
entity:artifact:2:202261,periodEndYear,907
entity:artifact:2:202266,periodEndYear,2000
entity:artifact:2:202267,periodEndYear,2000
entity:artifact:2:202281,periodEndYear,1911
entity:artifact:2:202282,periodEndYear,1911
entity:artifact:2:202283,periodEndYear,1911
entity:artifact:2:202284,periodEndYear,1911
entity:artifact:2:202285,periodEndYear,1911
entity:artifact:2:202286,periodEndYear,1911
entity:artifact:2:202287,periodEndYear,1911
entity:artifact:2:202288,periodEndYear,1911
entity:artifact:2:202366,periodEndYear,1911
entity:artifact:2:202370,periodEndYear,1911
entity:artifact:2:202371,periodEndYear,1911
entity:artifact:2:202373,periodEndYear,960
entity:artifact:2:202375,periodEndYear,960
entity:artifact:2:202376,periodEndYear,960
entity:artifact:2:202377,periodEndYear,960
entity:artifact:2:202378,periodEndYear,960
entity:artifact:2:202379,periodEndYear,1368
entity:artifact:2:202380,periodEndYear,1911
entity:artifact:2:202382,periodEndYear,-771
entity:artifact:2:202383,periodEndYear,-221
entity:artifact:2:202384,periodEndYear,-771
entity:artifact:2:202385,periodEndYear,-771
entity:artifact:2:202388,periodEndYear,1368
entity:artifact:2:202389,periodEndYear,1127
entity:artifact:2:202390,periodEndYear,1127
entity:artifact:2:202391,periodEndYear,960
entity:artifact:2:202392,periodEndYear,1644
entity:artifact:2:202393,periodEndYear,1644
entity:artifact:2:202400,periodEndYear,1911
entity:artifact:2:202433,periodEndYear,1644
entity:artifact:2:202444,periodEndYear,2000
entity:artifact:2:202476,periodEndYear,1911
entity:artifact:2:202477,periodEndYear,1279
entity:artifact:2:202478,periodEndYear,960
entity:artifact:2:202479,periodEndYear,907
entity:artifact:2:202480,periodEndYear,960
entity:artifact:2:202481,periodEndYear,960
entity:artifact:2:202483,periodEndYear,1127
entity:artifact:2:202487,periodEndYear,1234
entity:artifact:2:202492,periodEndYear,1911
entity:artifact:2:202494,periodEndYear,1127
entity:artifact:2:202502,periodEndYear,1911
entity:artifact:2:202504,periodEndYear,1279
entity:artifact:2:202505,periodEndYear,1911
entity:artifact:2:202506,periodEndYear,1911
entity:artifact:2:202507,periodEndYear,220
entity:artifact:2:202508,periodEndYear,1900
entity:artifact:2:202509,periodEndYear,1900
entity:artifact:2:202511,periodEndYear,907
entity:artifact:2:202514,periodEndYear,1911
entity:artifact:2:202523,periodEndYear,1911
entity:artifact:2:202529,periodEndYear,907
entity:artifact:2:202535,periodEndYear,1911
entity:artifact:2:202578,periodEndYear,1911
entity:artifact:2:202581,periodEndYear,1911
entity:artifact:2:202582,periodEndYear,1911
entity:artifact:2:202583,periodEndYear,1911
entity:artifact:2:202603,periodEndYear,1911
entity:artifact:2:202604,periodEndYear,960
entity:artifact:2:202606,periodEndYear,-1050
entity:artifact:2:202608,periodEndYear,1911
entity:artifact:2:202614,periodEndYear,907
entity:artifact:2:202634,periodEndYear,907
entity:artifact:2:202642,periodEndYear,907
entity:artifact:2:202666,periodEndYear,1368
entity:artifact:2:202690,periodEndYear,2000
entity:artifact:2:202691,periodEndYear,1911
entity:artifact:2:202692,periodEndYear,1911
entity:artifact:2:202693,periodEndYear,1911
entity:artifact:2:202694,periodEndYear,1911
entity:artifact:2:202700,periodEndYear,1911
entity:artifact:2:202701,periodEndYear,1911
entity:artifact:2:202703,periodEndYear,1968
entity:artifact:2:202712,periodEndYear,907
entity:artifact:2:202713,periodEndYear,1911
entity:artifact:2:202734,periodEndYear,1700
entity:artifact:2:202745,periodEndYear,1279
entity:artifact:2:202746,periodEndYear,1279
entity:artifact:2:202747,periodEndYear,1279
entity:artifact:2:202748,periodEndYear,1279
entity:artifact:2:202749,periodEndYear,1279
entity:artifact:2:202750,periodEndYear,1279
entity:artifact:2:202752,periodEndYear,1644
entity:artifact:2:202753,periodEndYear,1911
entity:artifact:2:202754,periodEndYear,1911
entity:artifact:2:202758,periodEndYear,1900
entity:artifact:2:202759,periodEndYear,-221
entity:artifact:2:202760,periodEndYear,-1050
entity:artifact:2:202761,periodEndYear,-476
entity:artifact:2:202762,periodEndYear,-3000
entity:artifact:2:202763,periodEndYear,-1050
entity:artifact:2:202764,periodEndYear,-771
entity:artifact:2:202765,periodEndYear,-1050
entity:artifact:2:202766,periodEndYear,-771
entity:artifact:2:202767,periodEndYear,-771
entity:artifact:2:202768,periodEndYear,1911
entity:artifact:2:202769,periodEndYear,1644
entity:artifact:2:202770,periodEndYear,-1050
entity:artifact:2:202771,periodEndYear,-771
entity:artifact:2:202772,periodEndYear,-771
entity:artifact:2:202773,periodEndYear,-771
entity:artifact:2:202774,periodEndYear,-771
entity:artifact:2:202775,periodEndYear,-771
entity:artifact:2:202776,periodEndYear,1911
entity:artifact:2:202777,periodEndYear,1279
entity:artifact:2:202778,periodEndYear,1279
entity:artifact:2:202779,periodEndYear,960
entity:artifact:2:202780,periodEndYear,960
entity:artifact:2:202781,periodEndYear,960
entity:artifact:2:202782,periodEndYear,907
entity:artifact:2:202783,periodEndYear,-771
entity:artifact:2:202784,periodEndYear,-771
entity:artifact:2:202785,periodEndYear,-771
entity:artifact:2:202786,periodEndYear,-771
entity:artifact:2:202787,periodEndYear,-771
entity:artifact:2:202788,periodEndYear,-771
entity:artifact:2:202789,periodEndYear,-1050
entity:artifact:2:202790,periodEndYear,-1050
entity:artifact:2:202791,periodEndYear,1279
entity:artifact:2:202793,periodEndYear,1127
entity:artifact:2:202794,periodEndYear,1911
entity:artifact:2:202802,periodEndYear,907
entity:artifact:2:202804,periodEndYear,1911
entity:artifact:2:202805,periodEndYear,1911
entity:artifact:2:202806,periodEndYear,1279
entity:artifact:2:202808,periodEndYear,1911
entity:artifact:2:202809,periodEndYear,1900
entity:artifact:2:202829,periodEndYear,1279
entity:artifact:2:202830,periodEndYear,1279
entity:artifact:2:202831,periodEndYear,1644
entity:artifact:2:202833,periodEndYear,1900
entity:artifact:2:202837,periodEndYear,1911
entity:artifact:2:202842,periodEndYear,1911
entity:artifact:2:202846,periodEndYear,2000
entity:artifact:2:202849,periodEndYear,1644
entity:artifact:2:202852,periodEndYear,1279
entity:artifact:2:202854,periodEndYear,1279
entity:artifact:2:202871,periodEndYear,1911
entity:artifact:2:202885,periodEndYear,1911
entity:artifact:2:202887,periodEndYear,1644
entity:artifact:2:202913,periodEndYear,589
entity:artifact:2:202918,periodEndYear,2000
entity:artifact:2:202919,periodEndYear,1368
entity:artifact:2:202920,periodEndYear,618
entity:artifact:2:202922,periodEndYear,1500
entity:artifact:2:202923,periodEndYear,1368
entity:artifact:2:202927,periodEndYear,618
entity:artifact:2:202931,periodEndYear,1127
entity:artifact:2:202936,periodEndYear,1644
entity:artifact:2:202938,periodEndYear,1800
entity:artifact:2:202947,periodEndYear,907
entity:artifact:2:202952,periodEndYear,907
entity:artifact:2:202955,periodEndYear,1911
entity:artifact:2:202958,periodEndYear,1911
entity:artifact:2:202975,periodEndYear,1911
entity:artifact:2:202976,periodEndYear,1911
entity:artifact:2:202977,periodEndYear,1911
entity:artifact:2:202978,periodEndYear,1911
entity:artifact:2:202982,periodEndYear,1644
entity:artifact:2:202988,periodEndYear,1644
entity:artifact:2:202989,periodEndYear,1368
entity:artifact:2:202990,periodEndYear,1911
entity:artifact:2:202991,periodEndYear,1911
entity:artifact:2:202997,periodEndYear,1911
entity:artifact:2:203000,periodEndYear,1911
entity:artifact:2:203001,periodEndYear,1911
entity:artifact:2:203002,periodEndYear,1911
entity:artifact:2:203003,periodEndYear,1911
entity:artifact:2:203004,periodEndYear,1951
entity:artifact:2:203005,periodEndYear,1911
entity:artifact:2:203006,periodEndYear,1911
entity:artifact:2:203012,periodEndYear,1911
entity:artifact:2:203025,periodEndYear,1644
entity:artifact:2:203030,periodEndYear,1911
entity:artifact:2:203031,periodEndYear,1911
entity:artifact:2:203032,periodEndYear,1911
entity:artifact:2:203040,periodEndYear,1911
entity:artifact:2:203041,periodEndYear,1911
entity:artifact:2:203042,periodEndYear,220
entity:artifact:2:203046,periodEndYear,534
entity:artifact:2:203047,periodEndYear,1911
entity:artifact:2:203056,periodEndYear,-221
entity:artifact:2:203079,periodEndYear,1911
entity:artifact:2:203086,periodEndYear,1644
entity:artifact:2:203087,periodEndYear,577
entity:artifact:2:203124,periodEndYear,1368
entity:artifact:2:203125,periodEndYear,1500
entity:artifact:2:203126,periodEndYear,1500
entity:artifact:2:203127,periodEndYear,1500
entity:artifact:2:203128,periodEndYear,1700
entity:artifact:2:203150,periodEndYear,960
entity:artifact:2:203170,periodEndYear,1500
entity:artifact:2:203174,periodEndYear,1644
entity:artifact:2:203175,periodEndYear,-1050
entity:artifact:2:203187,periodEndYear,1911
entity:artifact:2:203189,periodEndYear,9
entity:artifact:2:203191,periodEndYear,1234
entity:artifact:2:203221,periodEndYear,1500
entity:artifact:2:203222,periodEndYear,1644
entity:artifact:2:203223,periodEndYear,-256
entity:artifact:2:203224,periodEndYear,-221
entity:artifact:2:203225,periodEndYear,-221
entity:artifact:2:203226,periodEndYear,9
entity:artifact:2:203228,periodEndYear,220
entity:artifact:2:203229,periodEndYear,220
entity:artifact:2:203230,periodEndYear,-771
entity:artifact:2:203242,periodEndYear,1644
entity:artifact:2:203243,periodEndYear,1644
entity:artifact:2:203244,periodEndYear,1644
entity:artifact:2:203245,periodEndYear,220
entity:artifact:2:203246,periodEndYear,1911
entity:artifact:2:203247,periodEndYear,-221
entity:artifact:2:203248,periodEndYear,-771
entity:artifact:2:203249,periodEndYear,-476
entity:artifact:2:203250,periodEndYear,-221
entity:artifact:2:203251,periodEndYear,-221
entity:artifact:2:203252,periodEndYear,9
entity:artifact:2:203253,periodEndYear,9
entity:artifact:2:203254,periodEndYear,1125
entity:artifact:2:203256,periodEndYear,1644
entity:artifact:2:203257,periodEndYear,1911
entity:artifact:2:203258,periodEndYear,1911
entity:artifact:2:203259,periodEndYear,907
entity:artifact:2:203260,periodEndYear,907
entity:artifact:2:203261,periodEndYear,907
entity:artifact:2:203262,periodEndYear,1644
entity:artifact:2:203266,periodEndYear,1911
entity:artifact:2:203272,periodEndYear,-1050
entity:artifact:2:203276,periodEndYear,1127
entity:artifact:2:203277,periodEndYear,907
entity:artifact:2:203279,periodEndYear,907
entity:artifact:2:203280,periodEndYear,2000
entity:artifact:2:203282,periodEndYear,1644
entity:artifact:2:203285,periodEndYear,-221
entity:artifact:2:203286,periodEndYear,-221
entity:artifact:2:203287,periodEndYear,-2200
entity:artifact:2:203288,periodEndYear,1911
entity:artifact:2:203289,periodEndYear,-3000
entity:artifact:2:203291,periodEndYear,220
entity:artifact:2:203292,periodEndYear,220
entity:artifact:2:203293,periodEndYear,220
entity:artifact:2:203294,periodEndYear,-771
entity:artifact:2:203295,periodEndYear,2000
entity:artifact:2:203307,periodEndYear,534
entity:artifact:2:203308,periodEndYear,1700
entity:artifact:2:203309,periodEndYear,1700
entity:artifact:2:203312,periodEndYear,1644
entity:artifact:2:203314,periodEndYear,907
entity:artifact:2:203319,periodEndYear,1127
entity:artifact:2:203329,periodEndYear,1125
entity:artifact:2:203330,periodEndYear,907
entity:artifact:2:203350,periodEndYear,-1050
entity:artifact:2:203353,periodEndYear,2000
entity:artifact:2:203359,periodEndYear,2000
entity:artifact:2:203362,periodEndYear,220
entity:artifact:2:203363,periodEndYear,-221
entity:artifact:2:203364,periodEndYear,220
entity:artifact:2:203365,periodEndYear,-1050
entity:artifact:2:203366,periodEndYear,-1050
entity:artifact:2:203367,periodEndYear,-221
entity:artifact:2:203368,periodEndYear,-476
entity:artifact:2:203370,periodEndYear,2000
entity:artifact:2:203371,periodEndYear,-2200
entity:artifact:2:203372,periodEndYear,220
entity:artifact:2:203373,periodEndYear,-1050
entity:artifact:2:203374,periodEndYear,220
entity:artifact:2:203383,periodEndYear,1911
entity:artifact:2:203397,periodEndYear,1911
entity:artifact:2:203402,periodEndYear,1911
entity:artifact:2:203404,periodEndYear,-221
entity:artifact:2:203419,periodEndYear,1500
entity:artifact:2:203438,periodEndYear,1911
entity:artifact:2:203439,periodEndYear,1911
entity:artifact:2:203440,periodEndYear,1644
entity:artifact:2:203467,periodEndYear,1644
entity:artifact:2:203476,periodEndYear,1368
entity:artifact:2:203478,periodEndYear,907
entity:artifact:2:203482,periodEndYear,907
entity:artifact:2:203483,periodEndYear,1644
entity:artifact:2:203484,periodEndYear,1911
entity:artifact:2:203485,periodEndYear,1911
entity:artifact:2:203486,periodEndYear,907
entity:artifact:2:203487,periodEndYear,1911
entity:artifact:2:203488,periodEndYear,1911
entity:artifact:2:203489,periodEndYear,1911
entity:artifact:2:203490,periodEndYear,1644
entity:artifact:2:203491,periodEndYear,1911
entity:artifact:2:203492,periodEndYear,1644
entity:artifact:2:203493,periodEndYear,1911
entity:artifact:2:203495,periodEndYear,-1050
entity:artifact:2:203496,periodEndYear,1644
entity:artifact:2:203498,periodEndYear,1911
entity:artifact:2:203499,periodEndYear,1911
entity:artifact:2:203500,periodEndYear,1911
entity:artifact:2:203522,periodEndYear,220
entity:artifact:2:203523,periodEndYear,907
entity:artifact:2:203524,periodEndYear,534
entity:artifact:2:203525,periodEndYear,960
entity:artifact:2:203526,periodEndYear,960
entity:artifact:2:203527,periodEndYear,534
entity:artifact:2:203528,periodEndYear,534
entity:artifact:2:203529,periodEndYear,-2200
entity:artifact:2:203530,periodEndYear,960
entity:artifact:2:203531,periodEndYear,-256
entity:artifact:2:203535,periodEndYear,907
entity:artifact:2:203536,periodEndYear,1911
entity:artifact:2:203537,periodEndYear,1911
entity:artifact:2:203538,periodEndYear,1911
entity:artifact:2:203539,periodEndYear,1911
entity:artifact:2:203540,periodEndYear,1911
entity:artifact:2:203541,periodEndYear,1911
entity:artifact:2:203542,periodEndYear,1911
entity:artifact:2:203543,periodEndYear,1911
entity:artifact:2:203544,periodEndYear,1911
entity:artifact:2:203545,periodEndYear,1911
entity:artifact:2:203546,periodEndYear,1911
entity:artifact:2:203547,periodEndYear,1911
entity:artifact:2:203548,periodEndYear,1911
entity:artifact:2:203549,periodEndYear,1911
entity:artifact:2:203560,periodEndYear,1911
entity:artifact:2:203561,periodEndYear,220
entity:artifact:2:203562,periodEndYear,220
entity:artifact:2:203564,periodEndYear,1700
entity:artifact:2:203565,periodEndYear,618
entity:artifact:2:203566,periodEndYear,1700
entity:artifact:2:203567,periodEndYear,1700
entity:artifact:2:203568,periodEndYear,1700
entity:artifact:2:203581,periodEndYear,1911
entity:artifact:2:203582,periodEndYear,1911
entity:artifact:2:203583,periodEndYear,1279
entity:artifact:2:203584,periodEndYear,1911
entity:artifact:2:203585,periodEndYear,1700
entity:artifact:2:203586,periodEndYear,1911
entity:artifact:2:203587,periodEndYear,1700
entity:artifact:2:203588,periodEndYear,1700
entity:artifact:2:203589,periodEndYear,1644
entity:artifact:2:203591,periodEndYear,1644
entity:artifact:2:203593,periodEndYear,220
entity:artifact:2:203595,periodEndYear,2000
entity:artifact:2:203598,periodEndYear,9
entity:artifact:2:203599,periodEndYear,1125
entity:artifact:2:203600,periodEndYear,1911
entity:artifact:2:203601,periodEndYear,907
entity:artifact:2:203602,periodEndYear,1644
entity:artifact:2:203603,periodEndYear,1644
entity:artifact:2:203604,periodEndYear,1911
entity:artifact:2:203605,periodEndYear,1911
entity:artifact:2:203606,periodEndYear,1127
entity:artifact:2:203607,periodEndYear,1911
entity:artifact:2:203608,periodEndYear,1911
entity:artifact:2:203609,periodEndYear,-221
entity:artifact:2:203610,periodEndYear,1700
entity:artifact:2:203611,periodEndYear,1700
entity:artifact:2:203612,periodEndYear,1700
entity:artifact:2:203613,periodEndYear,1911
entity:artifact:2:203615,periodEndYear,618
entity:artifact:2:203616,periodEndYear,907
entity:artifact:2:203619,periodEndYear,907
entity:artifact:2:203620,periodEndYear,907
entity:artifact:2:203621,periodEndYear,907
entity:artifact:2:203622,periodEndYear,1279
entity:artifact:2:203623,periodEndYear,1127
entity:artifact:2:203629,periodEndYear,1911
entity:artifact:2:203630,periodEndYear,1911
entity:artifact:2:203631,periodEndYear,1911
entity:artifact:2:203632,periodEndYear,907
entity:artifact:2:203633,periodEndYear,1644
entity:artifact:2:203634,periodEndYear,1911
entity:artifact:2:203638,periodEndYear,1127
entity:artifact:2:203654,periodEndYear,1700
entity:artifact:2:203655,periodEndYear,1700
entity:artifact:2:203656,periodEndYear,1700
entity:artifact:2:203657,periodEndYear,1911
entity:artifact:2:203658,periodEndYear,1700
entity:artifact:2:203659,periodEndYear,1700
entity:artifact:2:203660,periodEndYear,1700
entity:artifact:2:203661,periodEndYear,1700
entity:artifact:2:203662,periodEndYear,1700
entity:artifact:2:203663,periodEndYear,1700
entity:artifact:2:203664,periodEndYear,1700
entity:artifact:2:203665,periodEndYear,1700
entity:artifact:2:203666,periodEndYear,1644
entity:artifact:2:203667,periodEndYear,1279
entity:artifact:2:203669,periodEndYear,1911
entity:artifact:2:203670,periodEndYear,220
entity:artifact:2:203671,periodEndYear,1125
entity:artifact:2:203672,periodEndYear,1911
entity:artifact:2:203673,periodEndYear,-771
entity:artifact:2:203674,periodEndYear,-476
entity:artifact:2:203675,periodEndYear,-771
entity:artifact:2:203676,periodEndYear,-256
entity:artifact:2:203677,periodEndYear,-256
entity:artifact:2:203678,periodEndYear,2000
entity:artifact:2:203679,periodEndYear,-1050
entity:artifact:2:203680,periodEndYear,475
entity:artifact:2:203681,periodEndYear,220
entity:artifact:2:203683,periodEndYear,-221
entity:artifact:2:203684,periodEndYear,220
entity:artifact:2:203685,periodEndYear,1911
entity:artifact:2:203686,periodEndYear,1644
entity:artifact:2:203687,periodEndYear,1644
entity:artifact:2:203688,periodEndYear,1644
entity:artifact:2:203689,periodEndYear,1644
entity:artifact:2:203690,periodEndYear,1911
entity:artifact:2:203691,periodEndYear,1911
entity:artifact:2:203692,periodEndYear,-771
entity:artifact:2:203693,periodEndYear,1911
entity:artifact:2:203694,periodEndYear,1279
entity:artifact:2:203695,periodEndYear,-771
entity:artifact:2:203696,periodEndYear,-771
entity:artifact:2:203698,periodEndYear,1911
entity:artifact:2:203699,periodEndYear,1911
entity:artifact:2:203700,periodEndYear,1911
entity:artifact:2:203701,periodEndYear,1900
entity:artifact:2:203703,periodEndYear,907
entity:artifact:2:203704,periodEndYear,907
entity:artifact:2:203705,periodEndYear,907
entity:artifact:2:203707,periodEndYear,1644
entity:artifact:2:203714,periodEndYear,-221
entity:artifact:2:203715,periodEndYear,907
entity:artifact:2:203716,periodEndYear,-256
entity:artifact:2:203717,periodEndYear,-256
entity:artifact:2:203718,periodEndYear,618
entity:artifact:2:203719,periodEndYear,-221
entity:artifact:2:203721,periodEndYear,1279
entity:artifact:2:203722,periodEndYear,1279
entity:artifact:2:203723,periodEndYear,1279
entity:artifact:2:203728,periodEndYear,1279
entity:artifact:2:203729,periodEndYear,1368
entity:artifact:2:203730,periodEndYear,589
entity:artifact:2:203734,periodEndYear,600
entity:artifact:2:203735,periodEndYear,1911
entity:artifact:2:203748,periodEndYear,907
entity:artifact:2:203749,periodEndYear,577
entity:artifact:2:203750,periodEndYear,618
entity:artifact:2:203753,periodEndYear,1279
entity:artifact:2:203754,periodEndYear,1279
entity:artifact:2:203757,periodEndYear,1279
entity:artifact:2:203758,periodEndYear,1279
entity:artifact:2:203759,periodEndYear,1279
entity:artifact:2:203760,periodEndYear,1279
entity:artifact:2:203761,periodEndYear,589
entity:artifact:2:203765,periodEndYear,1279
entity:artifact:2:203780,periodEndYear,1368
entity:artifact:2:203781,periodEndYear,-2200
entity:artifact:2:203782,periodEndYear,-2200
entity:artifact:2:203783,periodEndYear,2000
entity:artifact:2:203784,periodEndYear,-221
entity:artifact:2:203785,periodEndYear,-1050
entity:artifact:2:203788,periodEndYear,-771
entity:artifact:2:203789,periodEndYear,-771
entity:artifact:2:203790,periodEndYear,1279
entity:artifact:2:203791,periodEndYear,475
entity:artifact:2:203792,periodEndYear,1279
entity:artifact:2:203799,periodEndYear,907
entity:artifact:2:203800,periodEndYear,1911
entity:artifact:2:203801,periodEndYear,1911
entity:artifact:2:203802,periodEndYear,1911
entity:artifact:2:203803,periodEndYear,1911
entity:artifact:2:203804,periodEndYear,1911
entity:artifact:2:203805,periodEndYear,1911
entity:artifact:2:203806,periodEndYear,1911
entity:artifact:2:203807,periodEndYear,1911
entity:artifact:2:203808,periodEndYear,1911
entity:artifact:2:203809,periodEndYear,1127
entity:artifact:2:203814,periodEndYear,1911
entity:artifact:2:203815,periodEndYear,1911
entity:artifact:2:203816,periodEndYear,1911
entity:artifact:2:203817,periodEndYear,1911
entity:artifact:2:203818,periodEndYear,1911
entity:artifact:2:203819,periodEndYear,1911
entity:artifact:2:203820,periodEndYear,1911
entity:artifact:2:203821,periodEndYear,1911
entity:artifact:2:203822,periodEndYear,1911
entity:artifact:2:203823,periodEndYear,1125
entity:artifact:2:203824,periodEndYear,1234
entity:artifact:2:203825,periodEndYear,1911
entity:artifact:2:203829,periodEndYear,2000
entity:artifact:2:203830,periodEndYear,907
entity:artifact:2:203831,periodEndYear,1279
entity:artifact:2:203832,periodEndYear,1911
entity:artifact:2:203833,periodEndYear,1911
entity:artifact:2:203834,periodEndYear,1911
entity:artifact:2:203835,periodEndYear,1911
entity:artifact:2:203836,periodEndYear,1911
entity:artifact:2:203837,periodEndYear,1911
entity:artifact:2:203838,periodEndYear,1911
entity:artifact:2:203839,periodEndYear,1911
entity:artifact:2:203840,periodEndYear,1368
entity:artifact:2:203841,periodEndYear,1644
entity:artifact:2:203842,periodEndYear,1911
entity:artifact:2:203843,periodEndYear,1911
entity:artifact:2:203844,periodEndYear,1911
entity:artifact:2:203845,periodEndYear,1911
entity:artifact:2:203846,periodEndYear,1911
entity:artifact:2:203847,periodEndYear,1911
entity:artifact:2:203852,periodEndYear,1400
entity:artifact:2:203854,periodEndYear,1400
entity:artifact:2:203856,periodEndYear,1400
entity:artifact:2:203857,periodEndYear,1400
entity:artifact:2:203859,periodEndYear,1400
entity:artifact:2:203861,periodEndYear,1911
entity:artifact:2:203863,periodEndYear,475
entity:artifact:2:203864,periodEndYear,960
entity:artifact:2:203865,periodEndYear,220
entity:artifact:2:203866,periodEndYear,-1050
entity:artifact:2:203867,periodEndYear,-1050
entity:artifact:2:203868,periodEndYear,618
entity:artifact:2:203870,periodEndYear,-771
entity:artifact:2:203872,periodEndYear,1644
entity:artifact:2:203873,periodEndYear,9
entity:artifact:2:203875,periodEndYear,1911
entity:artifact:2:203876,periodEndYear,1911
entity:artifact:2:203877,periodEndYear,1911
entity:artifact:2:203878,periodEndYear,1911
entity:artifact:2:203879,periodEndYear,1911
entity:artifact:2:203880,periodEndYear,1911
entity:artifact:2:203881,periodEndYear,1911
entity:artifact:2:203882,periodEndYear,1911
entity:artifact:2:203883,periodEndYear,1644
entity:artifact:2:203884,periodEndYear,1911
entity:artifact:2:203885,periodEndYear,1911
entity:artifact:2:203886,periodEndYear,1911
entity:artifact:2:203887,periodEndYear,1911
entity:artifact:2:203888,periodEndYear,1911
entity:artifact:2:203889,periodEndYear,1911
entity:artifact:2:203890,periodEndYear,1911
entity:artifact:2:203892,periodEndYear,220
entity:artifact:2:203893,periodEndYear,-221
entity:artifact:2:203894,periodEndYear,-221
entity:artifact:2:203895,periodEndYear,1700
entity:artifact:2:203896,periodEndYear,1700
entity:artifact:2:203898,periodEndYear,1900
entity:artifact:2:203899,periodEndYear,1700
entity:artifact:2:203900,periodEndYear,1700
entity:artifact:2:203901,periodEndYear,1700
entity:artifact:2:203904,periodEndYear,1700
entity:artifact:2:203905,periodEndYear,1911
entity:artifact:2:203906,periodEndYear,1911
entity:artifact:2:203907,periodEndYear,1900
entity:artifact:2:203908,periodEndYear,1700
entity:artifact:2:203909,periodEndYear,1700
entity:artifact:2:203910,periodEndYear,1700
entity:artifact:2:203911,periodEndYear,1644
entity:artifact:2:203912,periodEndYear,1234
entity:artifact:2:203913,periodEndYear,1127
entity:artifact:2:203914,periodEndYear,1368
entity:artifact:2:203915,periodEndYear,1911
entity:artifact:2:203916,periodEndYear,1911
entity:artifact:2:203917,periodEndYear,1911
entity:artifact:2:203918,periodEndYear,1911
entity:artifact:2:203919,periodEndYear,1911
entity:artifact:2:203920,periodEndYear,1911
entity:artifact:2:203921,periodEndYear,1911
entity:artifact:2:203922,periodEndYear,1911
entity:artifact:2:203926,periodEndYear,1911
entity:artifact:2:203927,periodEndYear,1911
entity:artifact:2:203928,periodEndYear,1911
entity:artifact:2:203929,periodEndYear,1911
entity:artifact:2:203934,periodEndYear,1700
entity:artifact:2:203942,periodEndYear,1644
entity:artifact:2:203943,periodEndYear,1700
entity:artifact:2:203944,periodEndYear,-1050
entity:artifact:2:203945,periodEndYear,-221
entity:artifact:2:203946,periodEndYear,-1050
entity:artifact:2:203947,periodEndYear,-771
entity:artifact:2:203950,periodEndYear,-221
entity:artifact:2:203951,periodEndYear,1644
entity:artifact:2:203953,periodEndYear,1911
entity:artifact:2:203956,periodEndYear,1279
entity:artifact:2:203968,periodEndYear,907
entity:artifact:2:203969,periodEndYear,1644
entity:artifact:2:203970,periodEndYear,1644
entity:artifact:2:203971,periodEndYear,1279
entity:artifact:2:203973,periodEndYear,1700
entity:artifact:2:203974,periodEndYear,1700
entity:artifact:2:203975,periodEndYear,1700
entity:artifact:2:203977,periodEndYear,1700
entity:artifact:2:203978,periodEndYear,1700
entity:artifact:2:203979,periodEndYear,618
entity:artifact:2:203980,periodEndYear,907
entity:artifact:2:203981,periodEndYear,907
entity:artifact:2:203982,periodEndYear,-221
entity:artifact:2:203983,periodEndYear,-771
entity:artifact:2:203984,periodEndYear,-256
entity:artifact:2:203985,periodEndYear,-771
entity:artifact:2:203986,periodEndYear,-771
entity:artifact:2:203987,periodEndYear,-476
entity:artifact:2:203988,periodEndYear,-1050
entity:artifact:2:203989,periodEndYear,-1050
entity:artifact:2:203990,periodEndYear,907
entity:artifact:2:203991,periodEndYear,-771
entity:artifact:2:203992,periodEndYear,-221
entity:artifact:2:203993,periodEndYear,550
entity:artifact:2:203994,periodEndYear,-1050
entity:artifact:2:203995,periodEndYear,-1050
entity:artifact:2:203996,periodEndYear,577
entity:artifact:2:203997,periodEndYear,577
entity:artifact:2:203998,periodEndYear,577
entity:artifact:2:203999,periodEndYear,550
entity:artifact:2:204000,periodEndYear,534
entity:artifact:2:204001,periodEndYear,907
entity:artifact:2:204002,periodEndYear,1368
entity:artifact:2:204003,periodEndYear,534
entity:artifact:2:204004,periodEndYear,534
entity:artifact:2:204005,periodEndYear,534
entity:artifact:2:204006,periodEndYear,577
entity:artifact:2:204007,periodEndYear,577
entity:artifact:2:204008,periodEndYear,550
entity:artifact:2:204009,periodEndYear,1644
entity:artifact:2:204015,periodEndYear,1644
entity:artifact:2:204016,periodEndYear,1911
entity:artifact:2:204025,periodEndYear,2000
entity:artifact:2:204032,periodEndYear,-1050
entity:artifact:2:204033,periodEndYear,960
entity:artifact:2:204034,periodEndYear,220
entity:artifact:2:204035,periodEndYear,907
entity:artifact:2:204036,periodEndYear,1644
entity:artifact:2:204037,periodEndYear,220
entity:artifact:2:204038,periodEndYear,220
entity:artifact:2:204040,periodEndYear,9
entity:artifact:2:204041,periodEndYear,550
entity:artifact:2:204042,periodEndYear,550
entity:artifact:2:204043,periodEndYear,577
entity:artifact:2:204044,periodEndYear,618
entity:artifact:2:204045,periodEndYear,618
entity:artifact:2:204046,periodEndYear,577
entity:artifact:2:204047,periodEndYear,577
entity:artifact:2:204048,periodEndYear,577
entity:artifact:2:204049,periodEndYear,618
entity:artifact:2:204050,periodEndYear,534
entity:artifact:2:204051,periodEndYear,534
entity:artifact:2:204052,periodEndYear,534
entity:artifact:2:204066,periodEndYear,-771
entity:artifact:2:204069,periodEndYear,577
entity:artifact:2:204070,periodEndYear,907
entity:artifact:2:204071,periodEndYear,907
entity:artifact:2:204072,periodEndYear,1127
entity:artifact:2:204073,periodEndYear,907
entity:artifact:2:204074,periodEndYear,589
entity:artifact:2:204075,periodEndYear,534
entity:artifact:2:204076,periodEndYear,534
entity:artifact:2:204077,periodEndYear,534
entity:artifact:2:204078,periodEndYear,9
entity:artifact:2:204079,periodEndYear,960
entity:artifact:2:204080,periodEndYear,1911
entity:artifact:2:204081,periodEndYear,1644
entity:artifact:2:204082,periodEndYear,-221
entity:artifact:2:204083,periodEndYear,-221
entity:artifact:2:204084,periodEndYear,220
entity:artifact:2:204085,periodEndYear,-221
entity:artifact:2:204086,periodEndYear,-771
entity:artifact:2:204087,periodEndYear,-771
entity:artifact:2:204088,periodEndYear,9
entity:artifact:2:204089,periodEndYear,-221
entity:artifact:2:204090,periodEndYear,-221
entity:artifact:2:204091,periodEndYear,907
entity:artifact:2:204092,periodEndYear,907
entity:artifact:2:204093,periodEndYear,-771
entity:artifact:2:204094,periodEndYear,-1050
entity:artifact:2:204104,periodEndYear,2000
entity:artifact:2:204107,periodEndYear,-771
entity:artifact:2:204115,periodEndYear,907
entity:artifact:2:204116,periodEndYear,907
entity:artifact:2:204117,periodEndYear,220
entity:artifact:2:204118,periodEndYear,220
entity:artifact:2:204120,periodEndYear,1644
entity:artifact:2:204121,periodEndYear,1644
entity:artifact:2:204122,periodEndYear,960
entity:artifact:2:204124,periodEndYear,1644
entity:artifact:2:204125,periodEndYear,1644
entity:artifact:2:204126,periodEndYear,907
entity:artifact:2:204127,periodEndYear,1911
entity:artifact:2:204130,periodEndYear,-221
entity:artifact:2:204131,periodEndYear,-221
entity:artifact:2:204132,periodEndYear,550
entity:artifact:2:204133,periodEndYear,550
entity:artifact:2:204134,periodEndYear,-1050
entity:artifact:2:204138,periodEndYear,550
entity:artifact:2:204139,periodEndYear,550
entity:artifact:2:204140,periodEndYear,907
entity:artifact:2:204141,periodEndYear,577
entity:artifact:2:204142,periodEndYear,534
entity:artifact:2:204147,periodEndYear,1911
entity:artifact:2:204149,periodEndYear,1644
entity:artifact:2:204150,periodEndYear,1911
entity:artifact:2:204151,periodEndYear,1644
entity:artifact:2:204152,periodEndYear,2000
entity:artifact:2:204153,periodEndYear,2000
entity:artifact:2:204154,periodEndYear,1368
entity:artifact:2:204155,periodEndYear,618
entity:artifact:2:204156,periodEndYear,1911
entity:artifact:2:204163,periodEndYear,-1050
entity:artifact:2:204164,periodEndYear,220
entity:artifact:2:204167,periodEndYear,-771
entity:artifact:2:204168,periodEndYear,-1050
entity:artifact:2:204169,periodEndYear,-771
entity:artifact:2:204175,periodEndYear,9
entity:artifact:2:204176,periodEndYear,220
entity:artifact:2:204177,periodEndYear,618
entity:artifact:2:204178,periodEndYear,907
entity:artifact:2:204181,periodEndYear,1279
entity:artifact:2:204182,periodEndYear,1279
entity:artifact:2:204183,periodEndYear,1279
entity:artifact:2:204184,periodEndYear,1279
entity:artifact:2:204185,periodEndYear,1279
entity:artifact:2:204186,periodEndYear,1279
entity:artifact:2:204196,periodEndYear,1900
entity:artifact:2:204197,periodEndYear,1900
entity:artifact:2:204198,periodEndYear,-221
entity:artifact:2:204199,periodEndYear,618
entity:artifact:2:204203,periodEndYear,1279
entity:artifact:2:204207,periodEndYear,220
entity:artifact:2:204208,periodEndYear,907
entity:artifact:2:204209,periodEndYear,1279
entity:artifact:2:204210,periodEndYear,1279
entity:artifact:2:204212,periodEndYear,-1050
entity:artifact:2:204213,periodEndYear,-771
entity:artifact:2:204214,periodEndYear,-771
entity:artifact:2:204217,periodEndYear,1300
entity:artifact:2:204219,periodEndYear,1900
entity:artifact:2:204220,periodEndYear,1900
entity:artifact:2:204228,periodEndYear,589
entity:artifact:2:204233,periodEndYear,907
entity:artifact:2:204234,periodEndYear,2000
entity:artifact:2:204235,periodEndYear,1911
entity:artifact:2:204236,periodEndYear,-476
entity:artifact:2:204237,periodEndYear,-476
entity:artifact:2:204238,periodEndYear,-221
entity:artifact:2:204239,periodEndYear,-221
entity:artifact:2:204240,periodEndYear,-221
entity:artifact:2:204242,periodEndYear,-221
entity:artifact:2:204243,periodEndYear,-221
entity:artifact:2:204244,periodEndYear,220
entity:artifact:2:204245,periodEndYear,220
entity:artifact:2:204246,periodEndYear,220
entity:artifact:2:204247,periodEndYear,220
entity:artifact:2:204248,periodEndYear,1911
entity:artifact:2:204249,periodEndYear,1911
entity:artifact:2:204251,periodEndYear,1911
entity:artifact:2:204252,periodEndYear,-1050
entity:artifact:2:204253,periodEndYear,-771
entity:artifact:2:204254,periodEndYear,-771
entity:artifact:2:204255,periodEndYear,-221
entity:artifact:2:204258,periodEndYear,475
entity:artifact:2:204260,periodEndYear,-1050
entity:artifact:2:204261,periodEndYear,907
entity:artifact:2:204262,periodEndYear,907
entity:artifact:2:204265,periodEndYear,907
entity:artifact:2:204267,periodEndYear,-771
entity:artifact:2:204268,periodEndYear,-771
entity:artifact:2:204269,periodEndYear,-221
entity:artifact:2:204270,periodEndYear,-221
entity:artifact:2:204271,periodEndYear,220
entity:artifact:2:204272,periodEndYear,-221
entity:artifact:2:204273,periodEndYear,-221
entity:artifact:2:204274,periodEndYear,475
entity:artifact:2:204275,periodEndYear,-221
entity:artifact:2:204276,periodEndYear,-221
entity:artifact:2:204277,periodEndYear,9
entity:artifact:2:204278,periodEndYear,907
entity:artifact:2:204279,periodEndYear,-1050
entity:artifact:2:204280,periodEndYear,-1050
entity:artifact:2:204281,periodEndYear,220
entity:artifact:2:204282,periodEndYear,-221
entity:artifact:2:204283,periodEndYear,-221
entity:artifact:2:204284,periodEndYear,1127
entity:artifact:2:204285,periodEndYear,-476
entity:artifact:2:204286,periodEndYear,-476
entity:artifact:2:204289,periodEndYear,220
entity:artifact:2:204290,periodEndYear,220
entity:artifact:2:204292,periodEndYear,-221
entity:artifact:2:204293,periodEndYear,9
entity:artifact:2:204295,periodEndYear,-771
entity:artifact:2:204296,periodEndYear,-221
entity:artifact:2:204297,periodEndYear,-221
entity:artifact:2:204298,periodEndYear,-221
entity:artifact:2:204299,periodEndYear,-221
entity:artifact:2:204300,periodEndYear,220
entity:artifact:2:204301,periodEndYear,220
entity:artifact:2:204302,periodEndYear,-221
entity:artifact:2:204303,periodEndYear,-1050
entity:artifact:2:204304,periodEndYear,-221
entity:artifact:2:204305,periodEndYear,-221
entity:artifact:2:204306,periodEndYear,-221
entity:artifact:2:204307,periodEndYear,-221
entity:artifact:2:204308,periodEndYear,-221
entity:artifact:2:204309,periodEndYear,-221
entity:artifact:2:204310,periodEndYear,-221
entity:artifact:2:204311,periodEndYear,-771
entity:artifact:2:204312,periodEndYear,-221
entity:artifact:2:204313,periodEndYear,-1050
entity:artifact:2:204314,periodEndYear,-771
entity:artifact:2:204315,periodEndYear,-221
entity:artifact:2:204316,periodEndYear,220
entity:artifact:2:204317,periodEndYear,220
entity:artifact:2:204319,periodEndYear,534
entity:artifact:2:204320,periodEndYear,534
entity:artifact:2:204322,periodEndYear,1911
entity:artifact:2:204324,periodEndYear,534
entity:artifact:2:204325,periodEndYear,534
entity:artifact:2:204326,periodEndYear,220
entity:artifact:2:204327,periodEndYear,1644
entity:artifact:2:204328,periodEndYear,1644
entity:artifact:2:204343,periodEndYear,220
entity:artifact:2:204344,periodEndYear,-771
entity:artifact:2:204345,periodEndYear,-1050
entity:artifact:2:204346,periodEndYear,-221
entity:artifact:2:204347,periodEndYear,-221
entity:artifact:2:204348,periodEndYear,-476
entity:artifact:2:204349,periodEndYear,220
entity:artifact:2:204350,periodEndYear,-221
entity:artifact:2:204351,periodEndYear,-221
entity:artifact:2:204352,periodEndYear,550
entity:artifact:2:204353,periodEndYear,550
entity:artifact:2:204354,periodEndYear,550
entity:artifact:2:204355,periodEndYear,550
entity:artifact:2:204356,periodEndYear,-1050
entity:artifact:2:204357,periodEndYear,220
entity:artifact:2:204358,periodEndYear,220
entity:artifact:2:204359,periodEndYear,907
entity:artifact:2:204360,periodEndYear,-476
entity:artifact:2:204361,periodEndYear,-476
entity:artifact:2:204362,periodEndYear,220
entity:artifact:2:204363,periodEndYear,550
entity:artifact:2:204364,periodEndYear,550
entity:artifact:2:204365,periodEndYear,550
entity:artifact:2:204366,periodEndYear,-221
entity:artifact:2:204367,periodEndYear,907
entity:artifact:2:204368,periodEndYear,220
entity:artifact:2:204374,periodEndYear,-1050
entity:artifact:2:204375,periodEndYear,1911
entity:artifact:2:204376,periodEndYear,1644
entity:artifact:2:204377,periodEndYear,1911
entity:artifact:2:204379,periodEndYear,907
entity:artifact:2:204380,periodEndYear,907
entity:artifact:2:204384,periodEndYear,907
entity:artifact:2:204386,periodEndYear,-771
entity:artifact:2:204387,periodEndYear,907
entity:artifact:2:204388,periodEndYear,220
entity:artifact:2:204389,periodEndYear,-221
entity:artifact:2:204390,periodEndYear,-256
entity:artifact:2:204391,periodEndYear,-221
entity:artifact:2:204392,periodEndYear,-221
entity:artifact:2:204393,periodEndYear,-221
entity:artifact:2:204394,periodEndYear,-221
entity:artifact:2:204395,periodEndYear,220
entity:artifact:2:204396,periodEndYear,-221
entity:artifact:2:204398,periodEndYear,475
entity:artifact:2:204399,periodEndYear,907
entity:artifact:2:204400,periodEndYear,907
entity:artifact:2:204401,periodEndYear,907
entity:artifact:2:204402,periodEndYear,1644
entity:artifact:2:204403,periodEndYear,1911
entity:artifact:2:204407,periodEndYear,-1050
entity:artifact:2:204408,periodEndYear,1911
entity:artifact:2:204409,periodEndYear,1911
entity:artifact:2:204410,periodEndYear,1644
entity:artifact:2:204412,periodEndYear,1911
entity:artifact:2:204413,periodEndYear,1368
entity:artifact:2:204415,periodEndYear,1644
entity:artifact:2:204416,periodEndYear,9
entity:artifact:2:204417,periodEndYear,534
entity:artifact:2:204418,periodEndYear,1125
entity:artifact:2:204421,periodEndYear,618
entity:artifact:2:204422,periodEndYear,550
entity:artifact:2:204423,periodEndYear,550
entity:artifact:2:204424,periodEndYear,577
entity:artifact:2:204425,periodEndYear,534
entity:artifact:2:204426,periodEndYear,907
entity:artifact:2:204427,periodEndYear,907
entity:artifact:2:204428,periodEndYear,577
entity:artifact:2:204429,periodEndYear,550
entity:artifact:2:204430,periodEndYear,550
entity:artifact:2:204431,periodEndYear,550
entity:artifact:2:204432,periodEndYear,550
entity:artifact:2:204434,periodEndYear,907
entity:artifact:2:204435,periodEndYear,577
entity:artifact:2:204436,periodEndYear,907
entity:artifact:2:204440,periodEndYear,550
entity:artifact:2:204441,periodEndYear,550
entity:artifact:2:204445,periodEndYear,-1050
entity:artifact:2:204447,periodEndYear,-771
entity:artifact:2:204448,periodEndYear,-771
entity:artifact:2:204449,periodEndYear,220
entity:artifact:2:204450,periodEndYear,220
entity:artifact:2:204451,periodEndYear,907
entity:artifact:2:204452,periodEndYear,9
entity:artifact:2:204453,periodEndYear,-221
entity:artifact:2:204454,periodEndYear,-221
entity:artifact:2:204455,periodEndYear,220
entity:artifact:2:204457,periodEndYear,-1050
entity:artifact:2:204458,periodEndYear,577
entity:artifact:2:204459,periodEndYear,475
entity:artifact:2:204460,periodEndYear,220
entity:artifact:2:204461,periodEndYear,220
entity:artifact:2:204462,periodEndYear,220
entity:artifact:2:204463,periodEndYear,-221
entity:artifact:2:204464,periodEndYear,-221
entity:artifact:2:204465,periodEndYear,-221
entity:artifact:2:204466,periodEndYear,907
entity:artifact:2:204469,periodEndYear,2000
entity:artifact:2:204470,periodEndYear,1127
entity:artifact:2:204471,periodEndYear,1911
entity:artifact:2:204473,periodEndYear,475
entity:artifact:2:204478,periodEndYear,-771
entity:artifact:2:204479,periodEndYear,-771
entity:artifact:2:204480,periodEndYear,-1050
entity:artifact:2:204481,periodEndYear,-771
entity:artifact:2:204482,periodEndYear,-771
entity:artifact:2:204483,periodEndYear,-771
entity:artifact:2:204484,periodEndYear,-771
entity:artifact:2:204485,periodEndYear,-1050
entity:artifact:2:204486,periodEndYear,220
entity:artifact:2:204487,periodEndYear,-221
entity:artifact:2:204488,periodEndYear,-221
entity:artifact:2:204491,periodEndYear,-1050
entity:artifact:2:204492,periodEndYear,1644
entity:artifact:2:204493,periodEndYear,1911
entity:artifact:2:204496,periodEndYear,1911
entity:artifact:2:204497,periodEndYear,1644
entity:artifact:2:204499,periodEndYear,-221
entity:artifact:2:204502,periodEndYear,1911
entity:artifact:2:204503,periodEndYear,1911
entity:artifact:2:204504,periodEndYear,1911
entity:artifact:2:204506,periodEndYear,-221
entity:artifact:2:204508,periodEndYear,1644
entity:artifact:2:204509,periodEndYear,1644
entity:artifact:2:204510,periodEndYear,1644
entity:artifact:2:204511,periodEndYear,1644
entity:artifact:2:204514,periodEndYear,1644
entity:artifact:2:204515,periodEndYear,1644
entity:artifact:2:204517,periodEndYear,1644
entity:artifact:2:204521,periodEndYear,1911
entity:artifact:2:204522,periodEndYear,1911
entity:artifact:2:204523,periodEndYear,1911
entity:artifact:2:204524,periodEndYear,1911
entity:artifact:2:204525,periodEndYear,-771
entity:artifact:2:204526,periodEndYear,-771
entity:artifact:2:204527,periodEndYear,-2200
entity:artifact:2:204528,periodEndYear,-2200
entity:artifact:2:204529,periodEndYear,9
entity:artifact:2:204530,periodEndYear,-256
entity:artifact:2:204531,periodEndYear,-1050
entity:artifact:2:204532,periodEndYear,-1050
entity:artifact:2:204533,periodEndYear,-3000
entity:artifact:2:204534,periodEndYear,1644
entity:artifact:2:204535,periodEndYear,220
entity:artifact:2:204536,periodEndYear,220
entity:artifact:2:204537,periodEndYear,9
entity:artifact:2:204538,periodEndYear,-221
entity:artifact:2:204539,periodEndYear,9
entity:artifact:2:204540,periodEndYear,-221
entity:artifact:2:204541,periodEndYear,-476
entity:artifact:2:204542,periodEndYear,220
entity:artifact:2:204543,periodEndYear,-221
entity:artifact:2:204544,periodEndYear,1911
entity:artifact:2:204545,periodEndYear,-221
entity:artifact:2:204546,periodEndYear,220
entity:artifact:2:204547,periodEndYear,-3000
entity:artifact:2:204548,periodEndYear,220
entity:artifact:2:204549,periodEndYear,220
entity:artifact:2:204550,periodEndYear,1911
entity:artifact:2:204551,periodEndYear,-221
entity:artifact:2:204552,periodEndYear,1911
entity:artifact:2:204553,periodEndYear,220
entity:artifact:2:204554,periodEndYear,-221
entity:artifact:2:204555,periodEndYear,-221
entity:artifact:2:204557,periodEndYear,-1050
entity:artifact:2:204558,periodEndYear,-1050
entity:artifact:2:204559,periodEndYear,-1050
entity:artifact:2:204560,periodEndYear,-1050
entity:artifact:2:204561,periodEndYear,-1050
entity:artifact:2:204562,periodEndYear,-1050
entity:artifact:2:204563,periodEndYear,-1050
entity:artifact:2:204564,periodEndYear,9
entity:artifact:2:204565,periodEndYear,-1050
entity:artifact:2:204566,periodEndYear,-1050
entity:artifact:2:204567,periodEndYear,-1050
entity:artifact:2:204568,periodEndYear,220
entity:artifact:2:204569,periodEndYear,-221
entity:artifact:2:204570,periodEndYear,-221
entity:artifact:2:204572,periodEndYear,1644
entity:artifact:2:204573,periodEndYear,-1900
entity:artifact:2:204574,periodEndYear,-1050
entity:artifact:2:204575,periodEndYear,-1050
entity:artifact:2:204576,periodEndYear,-221
entity:artifact:2:204577,periodEndYear,220
entity:artifact:2:204578,periodEndYear,1911
entity:artifact:2:204580,periodEndYear,-3000
entity:artifact:2:204581,periodEndYear,-1050
entity:artifact:2:204582,periodEndYear,-1050
entity:artifact:2:204583,periodEndYear,-221
entity:artifact:2:204584,periodEndYear,-221
entity:artifact:2:204585,periodEndYear,1911
entity:artifact:2:204586,periodEndYear,475
entity:artifact:2:204587,periodEndYear,-1050
entity:artifact:2:204588,periodEndYear,-1050
entity:artifact:2:204589,periodEndYear,-1050
entity:artifact:2:204590,periodEndYear,-256
entity:artifact:2:204591,periodEndYear,-1050
entity:artifact:2:204592,periodEndYear,-1050
entity:artifact:2:204593,periodEndYear,-1050
entity:artifact:2:204594,periodEndYear,-221
entity:artifact:2:204595,periodEndYear,-221
entity:artifact:2:204596,periodEndYear,-221
entity:artifact:2:204597,periodEndYear,-1050
entity:artifact:2:204598,periodEndYear,-1050
entity:artifact:2:204599,periodEndYear,-221
entity:artifact:2:204600,periodEndYear,-221
entity:artifact:2:204602,periodEndYear,475
entity:artifact:2:204603,periodEndYear,220
entity:artifact:2:204604,periodEndYear,9
entity:artifact:2:204606,periodEndYear,-771
entity:artifact:2:204607,periodEndYear,9
entity:artifact:2:204608,periodEndYear,475
entity:artifact:2:204609,periodEndYear,-221
entity:artifact:2:204610,periodEndYear,-221
entity:artifact:2:204611,periodEndYear,-2200
entity:artifact:2:204612,periodEndYear,-221
entity:artifact:2:204613,periodEndYear,-1050
entity:artifact:2:204614,periodEndYear,-1050
entity:artifact:2:204615,periodEndYear,-771
entity:artifact:2:204616,periodEndYear,-1050
entity:artifact:2:204617,periodEndYear,220
entity:artifact:2:204618,periodEndYear,-1050
entity:artifact:2:204619,periodEndYear,-1050
entity:artifact:2:204620,periodEndYear,-1050
entity:artifact:2:204621,periodEndYear,-1050
entity:artifact:2:204622,periodEndYear,-771
entity:artifact:2:204623,periodEndYear,-771
entity:artifact:2:204624,periodEndYear,-771
entity:artifact:2:204625,periodEndYear,-1050
entity:artifact:2:204626,periodEndYear,-221
entity:artifact:2:204627,periodEndYear,-221
entity:artifact:2:204628,periodEndYear,1911
entity:artifact:2:204630,periodEndYear,-221
entity:artifact:2:204631,periodEndYear,-771
entity:artifact:2:204632,periodEndYear,-1050
entity:artifact:2:204633,periodEndYear,-221
entity:artifact:2:204634,periodEndYear,-221
entity:artifact:2:204635,periodEndYear,220
entity:artifact:2:204636,periodEndYear,-221
entity:artifact:2:204637,periodEndYear,220
entity:artifact:2:204638,periodEndYear,220
entity:artifact:2:204639,periodEndYear,-1500
entity:artifact:2:204640,periodEndYear,-1050
entity:artifact:2:204641,periodEndYear,-1050
entity:artifact:2:204642,periodEndYear,-771
entity:artifact:2:204643,periodEndYear,-221
entity:artifact:2:204644,periodEndYear,220
entity:artifact:2:204645,periodEndYear,-771
entity:artifact:2:204646,periodEndYear,-771
entity:artifact:2:204647,periodEndYear,220
entity:artifact:2:204648,periodEndYear,-221
entity:artifact:2:204649,periodEndYear,-221
entity:artifact:2:204650,periodEndYear,220
entity:artifact:2:204651,periodEndYear,-1500
entity:artifact:2:204652,periodEndYear,-221
entity:artifact:2:204653,periodEndYear,-1050
entity:artifact:2:204654,periodEndYear,-1500
entity:artifact:2:204655,periodEndYear,-1050
entity:artifact:2:204656,periodEndYear,907
entity:artifact:2:204657,periodEndYear,9
entity:artifact:2:204658,periodEndYear,9
entity:artifact:2:204659,periodEndYear,-221
entity:artifact:2:204660,periodEndYear,-221
entity:artifact:2:204661,periodEndYear,-221
entity:artifact:2:204662,periodEndYear,220
entity:artifact:2:204663,periodEndYear,-221
entity:artifact:2:204664,periodEndYear,475
entity:artifact:2:204665,periodEndYear,-221
entity:artifact:2:204666,periodEndYear,1911
entity:artifact:2:204668,periodEndYear,1911
entity:artifact:2:204671,periodEndYear,220
entity:artifact:2:204673,periodEndYear,-221
entity:artifact:2:204674,periodEndYear,-221
entity:artifact:2:204675,periodEndYear,-1050
entity:artifact:2:204677,periodEndYear,220
entity:artifact:2:204678,periodEndYear,475
entity:artifact:2:204681,periodEndYear,-1050
entity:artifact:2:204682,periodEndYear,-1050
entity:artifact:2:204683,periodEndYear,-221
entity:artifact:2:204684,periodEndYear,475
entity:artifact:2:204685,periodEndYear,-221
entity:artifact:2:204686,periodEndYear,-221
entity:artifact:2:204687,periodEndYear,9
entity:artifact:2:204688,periodEndYear,1644
entity:artifact:2:204689,periodEndYear,1644
entity:artifact:2:204690,periodEndYear,1644
entity:artifact:2:204691,periodEndYear,1911
entity:artifact:2:204692,periodEndYear,1911
entity:artifact:2:204693,periodEndYear,1644
entity:artifact:2:204694,periodEndYear,1644
entity:artifact:2:204695,periodEndYear,1911
entity:artifact:2:204696,periodEndYear,1644
entity:artifact:2:204697,periodEndYear,1644
entity:artifact:2:204702,periodEndYear,220
entity:artifact:2:204703,periodEndYear,-221
entity:artifact:2:204704,periodEndYear,-221
entity:artifact:2:204705,periodEndYear,-221
entity:artifact:2:204706,periodEndYear,9
entity:artifact:2:204707,periodEndYear,-221
entity:artifact:2:204708,periodEndYear,-221
entity:artifact:2:204709,periodEndYear,220
entity:artifact:2:204710,periodEndYear,9
entity:artifact:2:204711,periodEndYear,220
entity:artifact:2:204712,periodEndYear,-771
entity:artifact:2:204713,periodEndYear,1234
entity:artifact:2:204714,periodEndYear,1911
entity:artifact:2:204715,periodEndYear,1911
entity:artifact:2:204716,periodEndYear,1911
entity:artifact:2:204717,periodEndYear,1644
entity:artifact:2:204718,periodEndYear,1911
entity:artifact:2:204719,periodEndYear,1911
entity:artifact:2:204720,periodEndYear,1911
entity:artifact:2:204722,periodEndYear,1644
entity:artifact:2:204723,periodEndYear,1911
entity:artifact:2:204724,periodEndYear,1644
entity:artifact:2:204725,periodEndYear,1644
entity:artifact:2:204727,periodEndYear,-221
entity:artifact:2:204729,periodEndYear,9
entity:artifact:2:204730,periodEndYear,-771
entity:artifact:2:204731,periodEndYear,-1050
entity:artifact:2:204732,periodEndYear,-771
entity:artifact:2:204733,periodEndYear,-221
entity:artifact:2:204734,periodEndYear,-221
entity:artifact:2:204735,periodEndYear,475
entity:artifact:2:204736,periodEndYear,-221
entity:artifact:2:204737,periodEndYear,-1050
entity:artifact:2:204738,periodEndYear,-771
entity:artifact:2:204739,periodEndYear,-771
entity:artifact:2:204740,periodEndYear,-771
entity:artifact:2:204741,periodEndYear,9
entity:artifact:2:204742,periodEndYear,-221
entity:artifact:2:204743,periodEndYear,-771
entity:artifact:2:204744,periodEndYear,-1050
entity:artifact:2:204745,periodEndYear,475
entity:artifact:2:204746,periodEndYear,475
entity:artifact:2:204747,periodEndYear,-1050
entity:artifact:2:204748,periodEndYear,-771
entity:artifact:2:204749,periodEndYear,-476
entity:artifact:2:204750,periodEndYear,-1050
entity:artifact:2:204751,periodEndYear,-221
entity:artifact:2:204752,periodEndYear,-476
entity:artifact:2:204753,periodEndYear,-476
entity:artifact:2:204754,periodEndYear,-476
entity:artifact:2:204755,periodEndYear,-476
entity:artifact:2:204756,periodEndYear,-221
entity:artifact:2:204757,periodEndYear,-221
entity:artifact:2:204758,periodEndYear,-771
entity:artifact:2:204759,periodEndYear,-1050
entity:artifact:2:204760,periodEndYear,220
entity:artifact:2:204761,periodEndYear,220
entity:artifact:2:204762,periodEndYear,220
entity:artifact:2:204763,periodEndYear,-221
entity:artifact:2:204764,periodEndYear,-221
entity:artifact:2:204765,periodEndYear,-221
entity:artifact:2:204766,periodEndYear,-221
entity:artifact:2:204767,periodEndYear,-1050
entity:artifact:2:204768,periodEndYear,-771
entity:artifact:2:204769,periodEndYear,-221
entity:artifact:2:204770,periodEndYear,-221
entity:artifact:2:204773,periodEndYear,-221
entity:artifact:2:204774,periodEndYear,9
entity:artifact:2:204775,periodEndYear,-221
entity:artifact:2:204776,periodEndYear,-221
entity:artifact:2:204777,periodEndYear,2000
entity:artifact:2:204778,periodEndYear,-1050
entity:artifact:2:204779,periodEndYear,-1050
entity:artifact:2:204780,periodEndYear,-221
entity:artifact:2:204781,periodEndYear,-221
entity:artifact:2:204782,periodEndYear,-221
entity:artifact:2:204783,periodEndYear,-1050
entity:artifact:2:204784,periodEndYear,-1050
entity:artifact:2:204785,periodEndYear,-221
entity:artifact:2:204786,periodEndYear,-771
entity:artifact:2:204787,periodEndYear,-221
entity:artifact:2:204788,periodEndYear,-221
entity:artifact:2:204789,periodEndYear,-476
entity:artifact:2:204790,periodEndYear,-771
entity:artifact:2:204791,periodEndYear,-771
entity:artifact:2:204792,periodEndYear,-1050
entity:artifact:2:204793,periodEndYear,-221
entity:artifact:2:204794,periodEndYear,-1050
entity:artifact:2:204795,periodEndYear,-1050
entity:artifact:2:204796,periodEndYear,-1050
entity:artifact:2:204797,periodEndYear,-221
entity:artifact:2:204801,periodEndYear,-221
entity:artifact:2:204802,periodEndYear,1911
entity:artifact:2:204803,periodEndYear,1911
entity:artifact:2:204804,periodEndYear,9
entity:artifact:2:204805,periodEndYear,9
entity:artifact:2:204806,periodEndYear,220
entity:artifact:2:204808,periodEndYear,220
entity:artifact:2:204809,periodEndYear,-221
entity:artifact:2:204810,periodEndYear,-1050
entity:artifact:2:204811,periodEndYear,-1050
entity:artifact:2:204812,periodEndYear,-221
entity:artifact:2:204813,periodEndYear,-221
entity:artifact:2:204814,periodEndYear,-1050
entity:artifact:2:204815,periodEndYear,-221
entity:artifact:2:204816,periodEndYear,9
entity:artifact:2:204817,periodEndYear,220
entity:artifact:2:204818,periodEndYear,-2200
entity:artifact:2:204819,periodEndYear,9
entity:artifact:2:204820,periodEndYear,-2200
entity:artifact:2:204821,periodEndYear,-2200
entity:artifact:2:204822,periodEndYear,-2200
entity:artifact:2:204824,periodEndYear,-1900
entity:artifact:2:204825,periodEndYear,-1050
entity:artifact:2:204826,periodEndYear,-1050
entity:artifact:2:204827,periodEndYear,-1050
entity:artifact:2:204828,periodEndYear,-221
entity:artifact:2:204829,periodEndYear,9
entity:artifact:2:204830,periodEndYear,475
entity:artifact:2:204831,periodEndYear,-221
entity:artifact:2:204832,periodEndYear,-221
entity:artifact:2:204833,periodEndYear,9
entity:artifact:2:204834,periodEndYear,-221
entity:artifact:2:204835,periodEndYear,-2200
entity:artifact:2:204836,periodEndYear,-1050
entity:artifact:2:204837,periodEndYear,-2200
entity:artifact:2:204838,periodEndYear,-256
entity:artifact:2:204839,periodEndYear,-221
entity:artifact:2:204840,periodEndYear,-476
entity:artifact:2:204841,periodEndYear,475
entity:artifact:2:204842,periodEndYear,2000
entity:artifact:2:204843,periodEndYear,220
entity:artifact:2:204844,periodEndYear,220
entity:artifact:2:204846,periodEndYear,-256
entity:artifact:2:204848,periodEndYear,1279
entity:artifact:2:204849,periodEndYear,1644
entity:artifact:2:204850,periodEndYear,-1050
entity:artifact:2:204851,periodEndYear,-221
entity:artifact:2:204852,periodEndYear,-771
entity:artifact:2:204853,periodEndYear,-2200
entity:artifact:2:204854,periodEndYear,-221
entity:artifact:2:204855,periodEndYear,-256
entity:artifact:2:204856,periodEndYear,-256
entity:artifact:2:204858,periodEndYear,-2200
entity:artifact:2:204859,periodEndYear,-1050
entity:artifact:2:204860,periodEndYear,-1900
entity:artifact:2:204861,periodEndYear,-221
entity:artifact:2:204862,periodEndYear,220
entity:artifact:2:204863,periodEndYear,475
entity:artifact:2:204864,periodEndYear,475
entity:artifact:2:204866,periodEndYear,-771
entity:artifact:2:204867,periodEndYear,-1050
entity:artifact:2:204868,periodEndYear,-2200
entity:artifact:2:204869,periodEndYear,-771
entity:artifact:2:204870,periodEndYear,-771
entity:artifact:2:204871,periodEndYear,-771
entity:artifact:2:204872,periodEndYear,-476
entity:artifact:2:204873,periodEndYear,-771
entity:artifact:2:204874,periodEndYear,-771
entity:artifact:2:204875,periodEndYear,9
entity:artifact:2:204876,periodEndYear,9
entity:artifact:2:204881,periodEndYear,-771
entity:artifact:2:204882,periodEndYear,-221
entity:artifact:2:204883,periodEndYear,-771
entity:artifact:2:204885,periodEndYear,475
entity:artifact:2:204886,periodEndYear,9
entity:artifact:2:204887,periodEndYear,1911
entity:artifact:2:204888,periodEndYear,-771
entity:artifact:2:204889,periodEndYear,9
entity:artifact:2:204890,periodEndYear,-771
entity:artifact:2:204891,periodEndYear,-1050
entity:artifact:2:204893,periodEndYear,-1050
entity:artifact:2:204895,periodEndYear,-1050
entity:artifact:2:204896,periodEndYear,-1050
entity:artifact:2:204897,periodEndYear,-1050
entity:artifact:2:204898,periodEndYear,-221
entity:artifact:2:204899,periodEndYear,-1050
entity:artifact:2:204900,periodEndYear,475
entity:artifact:2:204901,periodEndYear,-771
entity:artifact:2:204902,periodEndYear,-771
entity:artifact:2:204903,periodEndYear,1911
entity:artifact:2:204904,periodEndYear,-1050
entity:artifact:2:204905,periodEndYear,-771
entity:artifact:2:204906,periodEndYear,-1050
entity:artifact:2:204907,periodEndYear,-1050
entity:artifact:2:204908,periodEndYear,1911
entity:artifact:2:204909,periodEndYear,-2200
entity:artifact:2:204910,periodEndYear,9
entity:artifact:2:204911,periodEndYear,-771
entity:artifact:2:204912,periodEndYear,-1050
entity:artifact:2:204913,periodEndYear,-221
entity:artifact:2:204914,periodEndYear,-771
entity:artifact:2:204915,periodEndYear,1911
entity:artifact:2:204916,periodEndYear,-1050
entity:artifact:2:204917,periodEndYear,-771
entity:artifact:2:204919,periodEndYear,-1050
entity:artifact:2:204920,periodEndYear,-1050
entity:artifact:2:204921,periodEndYear,-771
entity:artifact:2:204922,periodEndYear,-771
entity:artifact:2:204923,periodEndYear,-1050
entity:artifact:2:204925,periodEndYear,-1050
entity:artifact:2:204926,periodEndYear,-1050
entity:artifact:2:204927,periodEndYear,-1050
entity:artifact:2:204928,periodEndYear,1911
entity:artifact:2:204931,periodEndYear,-1050
entity:artifact:2:204932,periodEndYear,1644
entity:artifact:2:204933,periodEndYear,-221
entity:artifact:2:204934,periodEndYear,-771
entity:artifact:2:204935,periodEndYear,-771
entity:artifact:2:204936,periodEndYear,-1050
entity:artifact:2:204937,periodEndYear,-221
entity:artifact:2:204938,periodEndYear,220
entity:artifact:2:204939,periodEndYear,-771
entity:artifact:2:204940,periodEndYear,-1900
entity:artifact:2:204942,periodEndYear,-1050
entity:artifact:2:204943,periodEndYear,-771
entity:artifact:2:204944,periodEndYear,-1050
entity:artifact:2:204945,periodEndYear,-1050
entity:artifact:2:204946,periodEndYear,-771
entity:artifact:2:204947,periodEndYear,-771
entity:artifact:2:204948,periodEndYear,-771
entity:artifact:2:204949,periodEndYear,-1050
entity:artifact:2:204951,periodEndYear,-771
entity:artifact:2:204952,periodEndYear,-1050
entity:artifact:2:204953,periodEndYear,-771
entity:artifact:2:204956,periodEndYear,-1050
entity:artifact:2:204957,periodEndYear,-771
entity:artifact:2:204958,periodEndYear,-771
entity:artifact:2:204959,periodEndYear,-1050
entity:artifact:2:204960,periodEndYear,-771
entity:artifact:2:204961,periodEndYear,-221
entity:artifact:2:204962,periodEndYear,2000
entity:artifact:2:204963,periodEndYear,2000
entity:artifact:2:204964,periodEndYear,-221
entity:artifact:2:204965,periodEndYear,-771
entity:artifact:2:204966,periodEndYear,-221
entity:artifact:2:204967,periodEndYear,-221
entity:artifact:2:204968,periodEndYear,-221
entity:artifact:2:204969,periodEndYear,-1050
entity:artifact:2:204970,periodEndYear,-476
entity:artifact:2:204971,periodEndYear,-476
entity:artifact:2:204972,periodEndYear,-1050
entity:artifact:2:204973,periodEndYear,-1050
entity:artifact:2:204974,periodEndYear,-256
entity:artifact:2:204975,periodEndYear,-771
entity:artifact:2:204976,periodEndYear,-1050
entity:artifact:2:204977,periodEndYear,475
entity:artifact:2:204978,periodEndYear,-2000
entity:artifact:2:204981,periodEndYear,-771
entity:artifact:2:204982,periodEndYear,-771
entity:artifact:2:204983,periodEndYear,-1050
entity:artifact:2:204984,periodEndYear,-1050
entity:artifact:2:204985,periodEndYear,-221
entity:artifact:2:204986,periodEndYear,-1050
entity:artifact:2:204987,periodEndYear,-221
entity:artifact:2:204989,periodEndYear,-1050
entity:artifact:2:204990,periodEndYear,-1050
entity:artifact:2:204992,periodEndYear,-771
entity:artifact:2:204993,periodEndYear,-221
entity:artifact:2:204994,periodEndYear,-221
entity:artifact:2:204995,periodEndYear,-476
entity:artifact:2:204997,periodEndYear,1911
entity:artifact:2:204998,periodEndYear,-2200
entity:artifact:2:204999,periodEndYear,-221
entity:artifact:2:205000,periodEndYear,-476
entity:artifact:2:205001,periodEndYear,-476
entity:artifact:2:205002,periodEndYear,-476
entity:artifact:2:205003,periodEndYear,-476
entity:artifact:2:205004,periodEndYear,-221
entity:artifact:2:205005,periodEndYear,-221
entity:artifact:2:205006,periodEndYear,-771
entity:artifact:2:205007,periodEndYear,9
entity:artifact:2:205008,periodEndYear,-1050
entity:artifact:2:205009,periodEndYear,9
entity:artifact:2:205010,periodEndYear,-771
entity:artifact:2:205011,periodEndYear,-221
entity:artifact:2:205012,periodEndYear,-221
entity:artifact:2:205013,periodEndYear,-771
entity:artifact:2:205014,periodEndYear,-771
entity:artifact:2:205015,periodEndYear,-1050
entity:artifact:2:205016,periodEndYear,220
entity:artifact:2:205017,periodEndYear,220
entity:artifact:2:205018,periodEndYear,220
entity:artifact:2:205019,periodEndYear,-1050
entity:artifact:2:205020,periodEndYear,-1050
entity:artifact:2:205021,periodEndYear,-1050
entity:artifact:2:205022,periodEndYear,-771
entity:artifact:2:205023,periodEndYear,-2200
entity:artifact:2:205024,periodEndYear,-1050
entity:artifact:2:205025,periodEndYear,-771
entity:artifact:2:205027,periodEndYear,-1050
entity:artifact:2:205028,periodEndYear,-1050
entity:artifact:2:205032,periodEndYear,-771
entity:artifact:2:205033,periodEndYear,-771
entity:artifact:2:205034,periodEndYear,-771
entity:artifact:2:205035,periodEndYear,-1050
entity:artifact:2:205036,periodEndYear,-221
entity:artifact:2:205037,periodEndYear,-221
entity:artifact:2:205038,periodEndYear,-221
entity:artifact:2:205039,periodEndYear,-476
entity:artifact:2:205040,periodEndYear,-476
entity:artifact:2:205041,periodEndYear,-476
entity:artifact:2:205044,periodEndYear,-1050
entity:artifact:2:205045,periodEndYear,-771
entity:artifact:2:205046,periodEndYear,-771
entity:artifact:2:205047,periodEndYear,-771
entity:artifact:2:205048,periodEndYear,1911
entity:artifact:2:205049,periodEndYear,-221
entity:artifact:2:205050,periodEndYear,-221
entity:artifact:2:205051,periodEndYear,9
entity:artifact:2:205052,periodEndYear,220
entity:artifact:2:205053,periodEndYear,220
entity:artifact:2:205054,periodEndYear,-1050
entity:artifact:2:205055,periodEndYear,-1050
entity:artifact:2:205057,periodEndYear,-221
entity:artifact:2:205058,periodEndYear,475
entity:artifact:2:205059,periodEndYear,-221
entity:artifact:2:205060,periodEndYear,-221
entity:artifact:2:205061,periodEndYear,-221
entity:artifact:2:205062,periodEndYear,-221
entity:artifact:2:205063,periodEndYear,-256
entity:artifact:2:205064,periodEndYear,9
entity:artifact:2:205065,periodEndYear,1911
entity:artifact:2:205066,periodEndYear,1911
entity:artifact:2:205067,periodEndYear,220
entity:artifact:2:205068,periodEndYear,220
entity:artifact:2:205069,periodEndYear,220
entity:artifact:2:205070,periodEndYear,220
entity:artifact:2:205071,periodEndYear,-1050
entity:artifact:2:205072,periodEndYear,1127
entity:artifact:2:205073,periodEndYear,1234
entity:artifact:2:205074,periodEndYear,1644
entity:artifact:2:205075,periodEndYear,1644
entity:artifact:2:205076,periodEndYear,1644
entity:artifact:2:205077,periodEndYear,-1050
entity:artifact:2:205078,periodEndYear,1127
entity:artifact:2:205079,periodEndYear,1127
entity:artifact:2:205080,periodEndYear,1234
entity:artifact:2:205081,periodEndYear,1234
entity:artifact:2:205082,periodEndYear,1911
entity:artifact:2:205083,periodEndYear,1279
entity:artifact:2:205085,periodEndYear,1127
entity:artifact:2:205086,periodEndYear,1911
entity:artifact:2:205087,periodEndYear,1911
entity:artifact:2:205088,periodEndYear,1911
entity:artifact:2:205090,periodEndYear,1644
entity:artifact:2:205091,periodEndYear,1644
entity:artifact:2:205094,periodEndYear,-2200
entity:artifact:2:205095,periodEndYear,1127
entity:artifact:2:205096,periodEndYear,1911
entity:artifact:2:205098,periodEndYear,1911
entity:artifact:2:205099,periodEndYear,1911
entity:artifact:2:205100,periodEndYear,1911
entity:artifact:2:205102,periodEndYear,1911
entity:artifact:2:205105,periodEndYear,1279
entity:artifact:2:205113,periodEndYear,1279
entity:artifact:2:205114,periodEndYear,1279
entity:artifact:2:205115,periodEndYear,1911
entity:artifact:2:205120,periodEndYear,1279
entity:artifact:2:205121,periodEndYear,1279
entity:artifact:2:205127,periodEndYear,1279
entity:artifact:2:205133,periodEndYear,1234
entity:artifact:2:205134,periodEndYear,-1050
entity:artifact:2:205137,periodEndYear,-1050
entity:artifact:2:205139,periodEndYear,-221
entity:artifact:2:205140,periodEndYear,-221
entity:artifact:2:205141,periodEndYear,-1050
entity:artifact:2:205142,periodEndYear,-1050
entity:artifact:2:205143,periodEndYear,-771
entity:artifact:2:205144,periodEndYear,-771
entity:artifact:2:205147,periodEndYear,1279
entity:artifact:2:205156,periodEndYear,907
entity:artifact:2:205157,periodEndYear,1911
entity:artifact:2:205158,periodEndYear,1127
entity:artifact:2:205160,periodEndYear,1644
entity:artifact:2:205161,periodEndYear,1644
entity:artifact:2:205162,periodEndYear,-1050
entity:artifact:2:205163,periodEndYear,-1050
entity:artifact:2:205165,periodEndYear,-1050
entity:artifact:2:205167,periodEndYear,-771
entity:artifact:2:205168,periodEndYear,-1050
entity:artifact:2:205169,periodEndYear,-771
entity:artifact:2:205170,periodEndYear,-1050
entity:artifact:2:205171,periodEndYear,-221
entity:artifact:2:205172,periodEndYear,-2200
entity:artifact:2:205182,periodEndYear,907
entity:artifact:2:205183,periodEndYear,1234
entity:artifact:2:205184,periodEndYear,1234
entity:artifact:2:205185,periodEndYear,1234
entity:artifact:2:205186,periodEndYear,1234
entity:artifact:2:205187,periodEndYear,1127
entity:artifact:2:205188,periodEndYear,1279
entity:artifact:2:205189,periodEndYear,1234
entity:artifact:2:205191,periodEndYear,-1050
entity:artifact:2:205192,periodEndYear,-256
entity:artifact:2:205193,periodEndYear,-1050
entity:artifact:2:205194,periodEndYear,-1050
entity:artifact:2:205195,periodEndYear,-476
entity:artifact:2:205197,periodEndYear,-1050
entity:artifact:2:205198,periodEndYear,-771
entity:artifact:2:205199,periodEndYear,-2200
entity:artifact:2:205200,periodEndYear,-1900
entity:artifact:2:205202,periodEndYear,1911
entity:artifact:2:205203,periodEndYear,907
entity:artifact:2:205204,periodEndYear,907
entity:artifact:2:205205,periodEndYear,907
entity:artifact:2:205220,periodEndYear,1279
entity:artifact:2:205221,periodEndYear,-1050
entity:artifact:2:205222,periodEndYear,1911
entity:artifact:2:205224,periodEndYear,-1050
entity:artifact:2:205226,periodEndYear,-1050
entity:artifact:2:205227,periodEndYear,-1050
entity:artifact:2:205228,periodEndYear,-256
entity:artifact:2:205229,periodEndYear,-1050
entity:artifact:2:205230,periodEndYear,-476
entity:artifact:2:205231,periodEndYear,-1050
entity:artifact:2:205235,periodEndYear,1368
entity:artifact:2:205238,periodEndYear,907
entity:artifact:2:205239,periodEndYear,907
entity:artifact:2:205240,periodEndYear,1227
entity:artifact:2:205241,periodEndYear,1911
entity:artifact:2:205242,periodEndYear,1911
entity:artifact:2:205243,periodEndYear,1279
entity:artifact:2:205244,periodEndYear,1279
entity:artifact:2:205246,periodEndYear,1644
entity:artifact:2:205247,periodEndYear,1911
entity:artifact:2:205248,periodEndYear,1911
entity:artifact:2:205255,periodEndYear,-256
entity:artifact:2:205257,periodEndYear,-256
entity:artifact:2:205258,periodEndYear,220
entity:artifact:2:205260,periodEndYear,-1050
entity:artifact:2:205261,periodEndYear,-1900
entity:artifact:2:205267,periodEndYear,-256
entity:artifact:2:205268,periodEndYear,-771
entity:artifact:2:205269,periodEndYear,-1050
entity:artifact:2:205270,periodEndYear,220
entity:artifact:2:205271,periodEndYear,-221
entity:artifact:2:205272,periodEndYear,-2200
entity:artifact:2:205273,periodEndYear,-1050
entity:artifact:2:205274,periodEndYear,-1050
entity:artifact:2:205276,periodEndYear,-256
entity:artifact:2:205277,periodEndYear,-1050
entity:artifact:2:205279,periodEndYear,-2200
entity:artifact:2:205281,periodEndYear,-1050
entity:artifact:2:205283,periodEndYear,-771
entity:artifact:2:205284,periodEndYear,-1050
entity:artifact:2:205285,periodEndYear,-1050
entity:artifact:2:205286,periodEndYear,-1050
entity:artifact:2:205287,periodEndYear,-1050
entity:artifact:2:205289,periodEndYear,-1050
entity:artifact:2:205290,periodEndYear,1644
entity:artifact:2:205291,periodEndYear,-476
entity:artifact:2:205292,periodEndYear,-476
entity:artifact:2:205293,periodEndYear,-1050
entity:artifact:2:205294,periodEndYear,-771
entity:artifact:2:205297,periodEndYear,-1050
entity:artifact:2:205298,periodEndYear,-1050
entity:artifact:2:205301,periodEndYear,-771
entity:artifact:2:205302,periodEndYear,-771
entity:artifact:2:205303,periodEndYear,1279
entity:artifact:2:205305,periodEndYear,2000
entity:artifact:2:205306,periodEndYear,2000
entity:artifact:2:205307,periodEndYear,2000
entity:artifact:2:205309,periodEndYear,2000
entity:artifact:2:205310,periodEndYear,2000
entity:artifact:2:205311,periodEndYear,2000
entity:artifact:2:205312,periodEndYear,2000
entity:artifact:2:205313,periodEndYear,2000
entity:artifact:2:205314,periodEndYear,1911
entity:artifact:2:205322,periodEndYear,2000
entity:artifact:2:205323,periodEndYear,2000
entity:artifact:2:205324,periodEndYear,2000
entity:artifact:2:205325,periodEndYear,2000
entity:artifact:2:205326,periodEndYear,1911
entity:artifact:2:205327,periodEndYear,1911
entity:artifact:2:205328,periodEndYear,1911
entity:artifact:2:205329,periodEndYear,1644
entity:artifact:2:205330,periodEndYear,1644
entity:artifact:2:205331,periodEndYear,1644
entity:artifact:2:205332,periodEndYear,1234
entity:artifact:2:205333,periodEndYear,1368
entity:artifact:2:205334,periodEndYear,1234
entity:artifact:2:205336,periodEndYear,1911
entity:artifact:2:205337,periodEndYear,1279
entity:artifact:2:205338,periodEndYear,1127
entity:artifact:2:205339,periodEndYear,1127
entity:artifact:2:205340,periodEndYear,1234
entity:artifact:2:205341,periodEndYear,1644
entity:artifact:2:205342,periodEndYear,1644
entity:artifact:2:205343,periodEndYear,1644
entity:artifact:2:205344,periodEndYear,1644
entity:artifact:2:205345,periodEndYear,1644
entity:artifact:2:205346,periodEndYear,1644
entity:artifact:2:205347,periodEndYear,1644
entity:artifact:2:205348,periodEndYear,1644
entity:artifact:2:205349,periodEndYear,1911
entity:artifact:2:205350,periodEndYear,1644
entity:artifact:2:205351,periodEndYear,1911
entity:artifact:2:205352,periodEndYear,1644
entity:artifact:2:205353,periodEndYear,1644
entity:artifact:2:205354,periodEndYear,1644
entity:artifact:2:205355,periodEndYear,1644
entity:artifact:2:205356,periodEndYear,1644
entity:artifact:2:205357,periodEndYear,1234
entity:artifact:2:205358,periodEndYear,1234
entity:artifact:2:205359,periodEndYear,1234
entity:artifact:2:205360,periodEndYear,1234
entity:artifact:2:205361,periodEndYear,1234
entity:artifact:2:205362,periodEndYear,1911
entity:artifact:2:205363,periodEndYear,1279
entity:artifact:2:205364,periodEndYear,1279
entity:artifact:2:205365,periodEndYear,1127
entity:artifact:2:205366,periodEndYear,1911
entity:artifact:2:205367,periodEndYear,1644
entity:artifact:2:205368,periodEndYear,1644
entity:artifact:2:205369,periodEndYear,1911
entity:artifact:2:205370,periodEndYear,1911
entity:artifact:2:205371,periodEndYear,1911
entity:artifact:2:205372,periodEndYear,1911
entity:artifact:2:205373,periodEndYear,1911
entity:artifact:2:205375,periodEndYear,1234
entity:artifact:2:205376,periodEndYear,1644
entity:artifact:2:205377,periodEndYear,1911
entity:artifact:2:205378,periodEndYear,1127
entity:artifact:2:205379,periodEndYear,1911
entity:artifact:2:205381,periodEndYear,1911
entity:artifact:2:205382,periodEndYear,1911
entity:artifact:2:205383,periodEndYear,1911
entity:artifact:2:205384,periodEndYear,1911
entity:artifact:2:205385,periodEndYear,1911
entity:artifact:2:205386,periodEndYear,1911
entity:artifact:2:205387,periodEndYear,1911
entity:artifact:2:205388,periodEndYear,1127
entity:artifact:2:205389,periodEndYear,1911
entity:artifact:2:205390,periodEndYear,1911
entity:artifact:2:205391,periodEndYear,1911
entity:artifact:2:205392,periodEndYear,1911
entity:artifact:2:205394,periodEndYear,2000
entity:artifact:2:205395,periodEndYear,1234
entity:artifact:2:205396,periodEndYear,1911
entity:artifact:2:205399,periodEndYear,1900
entity:artifact:2:205400,periodEndYear,1279
entity:artifact:2:205401,periodEndYear,1279
entity:artifact:2:205402,periodEndYear,1127
entity:artifact:2:205403,periodEndYear,1127
entity:artifact:2:205404,periodEndYear,1127
entity:artifact:2:205405,periodEndYear,1911
entity:artifact:2:205407,periodEndYear,1911
entity:artifact:2:205408,periodEndYear,1911
entity:artifact:2:205410,periodEndYear,1368
entity:artifact:2:205411,periodEndYear,1234
entity:artifact:2:205412,periodEndYear,1911
entity:artifact:2:205413,periodEndYear,-1050
entity:artifact:2:205414,periodEndYear,1911
entity:artifact:2:205415,periodEndYear,1911
entity:artifact:2:205417,periodEndYear,1911
entity:artifact:2:205418,periodEndYear,1911
entity:artifact:2:205419,periodEndYear,1234
entity:artifact:2:205420,periodEndYear,1127
entity:artifact:2:205421,periodEndYear,1279
entity:artifact:2:205422,periodEndYear,1911
entity:artifact:2:205423,periodEndYear,1911
entity:artifact:2:205424,periodEndYear,1911
entity:artifact:2:205426,periodEndYear,1911
entity:artifact:2:205427,periodEndYear,1911
entity:artifact:2:205428,periodEndYear,1911
entity:artifact:2:205430,periodEndYear,1911
entity:artifact:2:205431,periodEndYear,1911
entity:artifact:2:205435,periodEndYear,1911
entity:artifact:2:205437,periodEndYear,1911
entity:artifact:2:205438,periodEndYear,1911
entity:artifact:2:205439,periodEndYear,1911
entity:artifact:2:205440,periodEndYear,1911
entity:artifact:2:205441,periodEndYear,1279
entity:artifact:2:205442,periodEndYear,1911
entity:artifact:2:205443,periodEndYear,1911
entity:artifact:2:205444,periodEndYear,1911
entity:artifact:2:205445,periodEndYear,1911
entity:artifact:2:205447,periodEndYear,1911
entity:artifact:2:205448,periodEndYear,1279
entity:artifact:2:205449,periodEndYear,960
entity:artifact:2:205450,periodEndYear,1911
entity:artifact:2:205457,periodEndYear,1644
entity:artifact:2:205458,periodEndYear,1911
entity:artifact:2:205459,periodEndYear,1644
entity:artifact:2:205460,periodEndYear,1911
entity:artifact:2:205461,periodEndYear,1911
entity:artifact:2:205464,periodEndYear,1911
entity:artifact:2:205465,periodEndYear,1911
entity:artifact:2:205467,periodEndYear,1911
entity:artifact:2:205468,periodEndYear,1911
entity:artifact:2:205469,periodEndYear,907
entity:artifact:2:205472,periodEndYear,-1050
entity:artifact:2:205475,periodEndYear,1234
entity:artifact:2:205476,periodEndYear,1279
entity:artifact:2:205484,periodEndYear,1644
entity:artifact:2:205485,periodEndYear,1911
entity:artifact:2:205486,periodEndYear,1911
entity:artifact:2:205488,periodEndYear,1911
entity:artifact:2:205489,periodEndYear,1911
entity:artifact:2:205490,periodEndYear,1911
entity:artifact:2:205492,periodEndYear,1911
entity:artifact:2:205496,periodEndYear,1644
entity:artifact:2:205497,periodEndYear,1644
entity:artifact:2:205498,periodEndYear,1644
entity:artifact:2:205499,periodEndYear,1644
entity:artifact:2:205500,periodEndYear,1644
entity:artifact:2:205501,periodEndYear,1911
entity:artifact:2:205502,periodEndYear,1911
entity:artifact:2:205503,periodEndYear,1644
entity:artifact:2:205504,periodEndYear,1644
entity:artifact:2:205505,periodEndYear,1644
entity:artifact:2:205506,periodEndYear,1911
entity:artifact:2:205507,periodEndYear,1127
entity:artifact:2:205508,periodEndYear,1127
entity:artifact:2:205509,periodEndYear,1127
entity:artifact:2:205513,periodEndYear,1644
entity:artifact:2:205515,periodEndYear,1911
entity:artifact:2:205516,periodEndYear,1644
entity:artifact:2:205517,periodEndYear,1644
entity:artifact:2:205518,periodEndYear,1911
entity:artifact:2:205520,periodEndYear,1911
entity:artifact:2:205521,periodEndYear,1911
entity:artifact:2:205522,periodEndYear,1911
entity:artifact:2:205523,periodEndYear,1234
entity:artifact:2:205524,periodEndYear,1279
entity:artifact:2:205525,periodEndYear,1279
entity:artifact:2:205526,periodEndYear,1234
entity:artifact:2:205527,periodEndYear,1234
entity:artifact:2:205528,periodEndYear,1127
entity:artifact:2:205529,periodEndYear,1911
entity:artifact:2:205531,periodEndYear,-1900
entity:artifact:2:205532,periodEndYear,1234
entity:artifact:2:205533,periodEndYear,1127
entity:artifact:2:205534,periodEndYear,1279
entity:artifact:2:205535,periodEndYear,1644
entity:artifact:2:205536,periodEndYear,1644
entity:artifact:2:205537,periodEndYear,1911
entity:artifact:2:205538,periodEndYear,1911
entity:artifact:2:205539,periodEndYear,907
entity:artifact:2:205540,periodEndYear,907
entity:artifact:2:205541,periodEndYear,1127
entity:artifact:2:205544,periodEndYear,-1900
entity:artifact:2:205545,periodEndYear,-256
entity:artifact:2:205547,periodEndYear,1234
entity:artifact:2:205548,periodEndYear,2000
entity:artifact:2:205549,periodEndYear,2000
entity:artifact:2:205550,periodEndYear,2000
entity:artifact:2:205552,periodEndYear,1300
entity:artifact:2:205553,periodEndYear,2000
entity:artifact:2:205554,periodEndYear,2000
entity:artifact:2:205558,periodEndYear,2000
entity:artifact:2:205572,periodEndYear,1911
entity:artifact:2:205573,periodEndYear,2000
entity:artifact:2:205574,periodEndYear,2000
entity:artifact:2:205575,periodEndYear,2000
entity:artifact:2:205576,periodEndYear,2000
entity:artifact:2:205577,periodEndYear,1911
entity:artifact:2:205579,periodEndYear,2000
entity:artifact:2:205580,periodEndYear,2000
entity:artifact:2:205581,periodEndYear,2000
entity:artifact:2:205589,periodEndYear,1911
entity:artifact:2:205590,periodEndYear,2000
entity:artifact:2:205591,periodEndYear,2000
entity:artifact:2:205592,periodEndYear,2000
entity:artifact:2:205594,periodEndYear,2000
entity:artifact:2:205595,periodEndYear,2000
entity:artifact:2:205596,periodEndYear,1644
entity:artifact:2:205597,periodEndYear,1644
entity:artifact:2:205598,periodEndYear,1644
entity:artifact:2:205599,periodEndYear,1911
entity:artifact:2:205603,periodEndYear,2000
entity:artifact:2:205604,periodEndYear,2000
entity:artifact:2:205605,periodEndYear,2000
entity:artifact:2:205606,periodEndYear,2000
entity:artifact:2:205612,periodEndYear,1644
entity:artifact:2:205613,periodEndYear,1644
entity:artifact:2:205614,periodEndYear,1644
entity:artifact:2:205615,periodEndYear,1644
entity:artifact:2:205616,periodEndYear,1644
entity:artifact:2:205617,periodEndYear,1644
entity:artifact:2:205618,periodEndYear,1644
entity:artifact:2:205619,periodEndYear,1644
entity:artifact:2:205620,periodEndYear,1644
entity:artifact:2:205621,periodEndYear,1644
entity:artifact:2:205622,periodEndYear,1644
entity:artifact:2:205624,periodEndYear,2000
entity:artifact:2:205625,periodEndYear,1911
entity:artifact:2:205626,periodEndYear,2000
entity:artifact:2:205627,periodEndYear,2000
entity:artifact:2:205628,periodEndYear,2000
entity:artifact:2:205629,periodEndYear,1911
entity:artifact:2:205630,periodEndYear,2000
entity:artifact:2:205631,periodEndYear,2000
entity:artifact:2:205635,periodEndYear,1300
entity:artifact:2:205640,periodEndYear,2000
entity:artifact:2:205641,periodEndYear,1644
entity:artifact:2:205642,periodEndYear,1644
entity:artifact:2:205643,periodEndYear,1644
entity:artifact:2:205644,periodEndYear,1644
entity:artifact:2:205645,periodEndYear,1644
entity:artifact:2:205646,periodEndYear,1644
entity:artifact:2:205647,periodEndYear,1644
entity:artifact:2:205649,periodEndYear,1644
entity:artifact:2:205650,periodEndYear,1644
entity:artifact:2:205651,periodEndYear,1644
entity:artifact:2:205652,periodEndYear,1644
entity:artifact:2:205653,periodEndYear,1644
entity:artifact:2:205654,periodEndYear,1644
entity:artifact:2:205655,periodEndYear,1644
entity:artifact:2:205656,periodEndYear,1644
entity:artifact:2:205657,periodEndYear,1911
entity:artifact:2:205658,periodEndYear,1644
entity:artifact:2:205659,periodEndYear,1644
entity:artifact:2:205660,periodEndYear,1644
entity:artifact:2:205661,periodEndYear,1644
entity:artifact:2:205662,periodEndYear,1644
entity:artifact:2:205663,periodEndYear,1644
entity:artifact:2:205664,periodEndYear,1644
entity:artifact:2:205665,periodEndYear,1644
entity:artifact:2:205666,periodEndYear,1644
entity:artifact:2:205667,periodEndYear,1911
entity:artifact:2:205668,periodEndYear,1644
entity:artifact:2:205669,periodEndYear,1644
entity:artifact:2:205670,periodEndYear,1644
entity:artifact:2:205671,periodEndYear,1644
entity:artifact:2:205672,periodEndYear,1644
entity:artifact:2:205673,periodEndYear,1644
entity:artifact:2:205686,periodEndYear,1644
entity:artifact:2:205687,periodEndYear,1644
entity:artifact:2:205688,periodEndYear,1644
entity:artifact:2:205689,periodEndYear,1644
entity:artifact:2:205690,periodEndYear,1644
entity:artifact:2:205691,periodEndYear,1644
entity:artifact:2:205692,periodEndYear,1644
entity:artifact:2:205693,periodEndYear,1644
entity:artifact:2:205694,periodEndYear,1644
entity:artifact:2:205695,periodEndYear,1644
entity:artifact:2:205696,periodEndYear,1644
entity:artifact:2:205710,periodEndYear,1644
entity:artifact:2:205711,periodEndYear,1644
entity:artifact:2:205712,periodEndYear,1644
entity:artifact:2:205713,periodEndYear,1644
entity:artifact:2:205714,periodEndYear,1644
entity:artifact:2:205715,periodEndYear,1644
entity:artifact:2:205716,periodEndYear,1644
entity:artifact:2:205717,periodEndYear,1644
entity:artifact:2:205718,periodEndYear,1644
entity:artifact:2:205719,periodEndYear,1644
entity:artifact:2:205720,periodEndYear,1644
entity:artifact:2:205733,periodEndYear,2000
entity:artifact:2:205734,periodEndYear,2000
entity:artifact:2:205735,periodEndYear,2000
entity:artifact:2:205740,periodEndYear,2000
entity:artifact:2:205741,periodEndYear,2000
entity:artifact:2:205742,periodEndYear,2000
entity:artifact:2:205743,periodEndYear,2000
entity:artifact:2:205745,periodEndYear,1911
entity:artifact:2:205746,periodEndYear,1911
entity:artifact:2:205747,periodEndYear,1911
entity:artifact:2:205748,periodEndYear,1911
entity:artifact:2:205749,periodEndYear,1911
entity:artifact:2:205750,periodEndYear,1911
entity:artifact:2:205752,periodEndYear,2000
entity:artifact:2:205753,periodEndYear,2000
entity:artifact:2:205754,periodEndYear,2000
entity:artifact:2:205755,periodEndYear,2000
entity:artifact:2:205756,periodEndYear,1911
entity:artifact:2:205757,periodEndYear,1911
entity:artifact:2:205758,periodEndYear,1911
entity:artifact:2:205759,periodEndYear,1911
entity:artifact:2:205760,periodEndYear,1911
entity:artifact:2:205761,periodEndYear,1911
entity:artifact:2:205762,periodEndYear,1911
entity:artifact:2:205763,periodEndYear,1911
entity:artifact:2:205764,periodEndYear,1911
entity:artifact:2:205765,periodEndYear,1911
entity:artifact:2:205767,periodEndYear,1368
entity:artifact:2:205768,periodEndYear,1644
entity:artifact:2:205769,periodEndYear,1644
entity:artifact:2:205770,periodEndYear,1644
entity:artifact:2:205771,periodEndYear,1644
entity:artifact:2:205772,periodEndYear,1644
entity:artifact:2:205773,periodEndYear,1644
entity:artifact:2:205774,periodEndYear,1234
entity:artifact:2:205775,periodEndYear,1234
entity:artifact:2:205776,periodEndYear,1234
entity:artifact:2:205777,periodEndYear,1911
entity:artifact:2:205778,periodEndYear,1911
entity:artifact:2:205779,periodEndYear,1279
entity:artifact:2:205780,periodEndYear,2000
entity:artifact:2:205781,periodEndYear,2000
entity:artifact:2:205782,periodEndYear,2000
entity:artifact:2:205783,periodEndYear,2000
entity:artifact:2:205784,periodEndYear,2000
entity:artifact:2:205786,periodEndYear,1644
entity:artifact:2:205787,periodEndYear,1644
entity:artifact:2:205788,periodEndYear,1644
entity:artifact:2:205789,periodEndYear,1644
entity:artifact:2:205792,periodEndYear,-221
entity:artifact:2:205793,periodEndYear,-221
entity:artifact:2:205794,periodEndYear,-221
entity:artifact:2:205796,periodEndYear,2000
entity:artifact:2:205797,periodEndYear,2000
entity:artifact:2:205798,periodEndYear,2000
entity:artifact:2:205799,periodEndYear,2000
entity:artifact:2:205800,periodEndYear,2000
entity:artifact:2:205801,periodEndYear,2000
entity:artifact:2:205802,periodEndYear,2000
entity:artifact:2:205803,periodEndYear,2000
entity:artifact:2:205804,periodEndYear,1644
entity:artifact:2:205805,periodEndYear,1644
entity:artifact:2:205806,periodEndYear,1644
entity:artifact:2:205807,periodEndYear,1279
entity:artifact:2:205808,periodEndYear,1644
entity:artifact:2:205809,periodEndYear,1644
entity:artifact:2:205810,periodEndYear,1644
entity:artifact:2:205811,periodEndYear,1644
entity:artifact:2:205812,periodEndYear,1644
entity:artifact:2:205813,periodEndYear,1644
entity:artifact:2:205814,periodEndYear,1644
entity:artifact:2:205815,periodEndYear,1644
entity:artifact:2:205816,periodEndYear,1644
entity:artifact:2:205817,periodEndYear,1644
entity:artifact:2:205818,periodEndYear,1644
entity:artifact:2:205819,periodEndYear,1644
entity:artifact:2:205820,periodEndYear,1644
entity:artifact:2:205821,periodEndYear,1644
entity:artifact:2:205822,periodEndYear,1644
entity:artifact:2:205823,periodEndYear,1644
entity:artifact:2:205824,periodEndYear,1644
entity:artifact:2:205825,periodEndYear,1644
entity:artifact:2:205826,periodEndYear,-221
entity:artifact:2:205830,periodEndYear,2000
entity:artifact:2:205831,periodEndYear,2000
entity:artifact:2:205832,periodEndYear,2000
entity:artifact:2:205833,periodEndYear,2000
entity:artifact:2:205835,periodEndYear,1279
entity:artifact:2:205836,periodEndYear,907
entity:artifact:2:205842,periodEndYear,1644
entity:artifact:2:205843,periodEndYear,1644
entity:artifact:2:205844,periodEndYear,1644
entity:artifact:2:205845,periodEndYear,1644
entity:artifact:2:205846,periodEndYear,1644
entity:artifact:2:205847,periodEndYear,1644
entity:artifact:2:205848,periodEndYear,1644
entity:artifact:2:205849,periodEndYear,1644
entity:artifact:2:205850,periodEndYear,1644
entity:artifact:2:205851,periodEndYear,1911
entity:artifact:2:205852,periodEndYear,1644
entity:artifact:2:205860,periodEndYear,1911
entity:artifact:2:205861,periodEndYear,1644
entity:artifact:2:205863,periodEndYear,1644
entity:artifact:2:205866,periodEndYear,2000
entity:artifact:2:205867,periodEndYear,2000
entity:artifact:2:205868,periodEndYear,2000
entity:artifact:2:205871,periodEndYear,907
entity:artifact:2:205876,periodEndYear,1911
entity:artifact:2:205877,periodEndYear,2000
entity:artifact:2:205878,periodEndYear,2000
entity:artifact:2:205879,periodEndYear,2000
entity:artifact:2:205880,periodEndYear,2000
entity:artifact:2:205881,periodEndYear,1911
entity:artifact:2:205882,periodEndYear,1644
entity:artifact:2:205883,periodEndYear,1644
entity:artifact:2:205884,periodEndYear,1644
entity:artifact:2:205885,periodEndYear,1644
entity:artifact:2:205886,periodEndYear,1911
entity:artifact:2:205887,periodEndYear,1911
entity:artifact:2:205888,periodEndYear,1911
entity:artifact:2:205889,periodEndYear,1644
entity:artifact:2:205890,periodEndYear,1911
entity:artifact:2:205891,periodEndYear,1644
entity:artifact:2:205892,periodEndYear,2000
entity:artifact:2:205893,periodEndYear,2000
entity:artifact:2:205894,periodEndYear,2000
entity:artifact:2:205895,periodEndYear,2000
entity:artifact:2:205896,periodEndYear,1911
entity:artifact:2:205897,periodEndYear,1644
entity:artifact:2:205898,periodEndYear,1911
entity:artifact:2:205899,periodEndYear,1644
entity:artifact:2:205906,periodEndYear,1644
entity:artifact:2:205907,periodEndYear,2000
entity:artifact:2:205908,periodEndYear,2000
entity:artifact:2:205909,periodEndYear,2000
entity:artifact:2:205910,periodEndYear,2000
entity:artifact:2:205911,periodEndYear,2000
entity:artifact:2:205912,periodEndYear,2000
entity:artifact:2:205913,periodEndYear,1644
entity:artifact:2:205914,periodEndYear,1644
entity:artifact:2:205915,periodEndYear,1644
entity:artifact:2:205916,periodEndYear,1644
entity:artifact:2:205917,periodEndYear,1644
entity:artifact:2:205918,periodEndYear,1644
entity:artifact:2:205919,periodEndYear,1644
entity:artifact:2:205920,periodEndYear,1644
entity:artifact:2:205921,periodEndYear,1644
entity:artifact:2:205922,periodEndYear,1644
entity:artifact:2:205923,periodEndYear,1644
entity:artifact:2:205924,periodEndYear,1644
entity:artifact:2:205925,periodEndYear,1644
entity:artifact:2:205926,periodEndYear,1644
entity:artifact:2:205927,periodEndYear,1644
entity:artifact:2:205928,periodEndYear,1644
entity:artifact:2:205929,periodEndYear,1644
entity:artifact:2:205930,periodEndYear,1644
entity:artifact:2:205931,periodEndYear,1644
entity:artifact:2:205932,periodEndYear,1644
entity:artifact:2:205933,periodEndYear,1644
entity:artifact:2:205934,periodEndYear,1644
entity:artifact:2:205935,periodEndYear,1644
entity:artifact:2:205936,periodEndYear,1644
entity:artifact:2:205937,periodEndYear,1644
entity:artifact:2:205938,periodEndYear,1644
entity:artifact:2:205939,periodEndYear,1644
entity:artifact:2:205940,periodEndYear,1644
entity:artifact:2:205941,periodEndYear,1644
entity:artifact:2:205942,periodEndYear,1644
entity:artifact:2:205943,periodEndYear,1644
entity:artifact:2:205944,periodEndYear,1644
entity:artifact:2:205945,periodEndYear,1644
entity:artifact:2:205946,periodEndYear,2000
entity:artifact:2:205947,periodEndYear,2000
entity:artifact:2:205948,periodEndYear,2000
entity:artifact:2:205949,periodEndYear,2000
entity:artifact:2:205951,periodEndYear,1644
entity:artifact:2:205952,periodEndYear,1644
entity:artifact:2:205953,periodEndYear,1644
entity:artifact:2:205955,periodEndYear,2000
entity:artifact:2:205956,periodEndYear,2000
entity:artifact:2:205957,periodEndYear,2000
entity:artifact:2:205958,periodEndYear,1644
entity:artifact:2:205959,periodEndYear,1644
entity:artifact:2:205961,periodEndYear,1644
entity:artifact:2:205962,periodEndYear,1644
entity:artifact:2:205963,periodEndYear,1644
entity:artifact:2:205964,periodEndYear,1644
entity:artifact:2:205965,periodEndYear,1644
entity:artifact:2:205966,periodEndYear,1644
entity:artifact:2:205967,periodEndYear,1644
entity:artifact:2:205968,periodEndYear,1911
entity:artifact:2:205969,periodEndYear,1644
entity:artifact:2:205970,periodEndYear,1911
entity:artifact:2:205971,periodEndYear,1911
entity:artifact:2:205972,periodEndYear,2000
entity:artifact:2:205973,periodEndYear,2000
entity:artifact:2:205974,periodEndYear,2000
entity:artifact:2:205975,periodEndYear,2000
entity:artifact:2:205976,periodEndYear,2000
entity:artifact:2:205978,periodEndYear,2000
entity:artifact:2:205979,periodEndYear,2000
entity:artifact:2:205980,periodEndYear,2000
entity:artifact:2:205982,periodEndYear,1644
entity:artifact:2:205983,periodEndYear,1911
entity:artifact:2:205984,periodEndYear,1911
entity:artifact:2:205985,periodEndYear,1911
entity:artifact:2:205986,periodEndYear,1911
entity:artifact:2:205987,periodEndYear,1911
entity:artifact:2:205988,periodEndYear,907
entity:artifact:2:205989,periodEndYear,2000
entity:artifact:2:205990,periodEndYear,2000
entity:artifact:2:205991,periodEndYear,2000
entity:artifact:2:205992,periodEndYear,1644
entity:artifact:2:205993,periodEndYear,220
entity:artifact:2:205995,periodEndYear,1911
entity:artifact:2:205996,periodEndYear,2000
entity:artifact:2:205997,periodEndYear,907
entity:artifact:2:205998,periodEndYear,2000
entity:artifact:2:205999,periodEndYear,2000
entity:artifact:2:206000,periodEndYear,2000
entity:artifact:2:206001,periodEndYear,2000
entity:artifact:2:206002,periodEndYear,2000
entity:artifact:2:206003,periodEndYear,2000
entity:artifact:2:206004,periodEndYear,2000
entity:artifact:2:206005,periodEndYear,2000
entity:artifact:2:206011,periodEndYear,1911
entity:artifact:2:206012,periodEndYear,1911
entity:artifact:2:206013,periodEndYear,2000
entity:artifact:2:206014,periodEndYear,2000
entity:artifact:2:206015,periodEndYear,2000
entity:artifact:2:206016,periodEndYear,1644
entity:artifact:2:206017,periodEndYear,1911
entity:artifact:2:206018,periodEndYear,1911
entity:artifact:2:206019,periodEndYear,1911
entity:artifact:2:206020,periodEndYear,1911
entity:artifact:2:206021,periodEndYear,1911
entity:artifact:2:206022,periodEndYear,1911
entity:artifact:2:206023,periodEndYear,1911
entity:artifact:2:206024,periodEndYear,1911
entity:artifact:2:206025,periodEndYear,1911
entity:artifact:2:206026,periodEndYear,1911
entity:artifact:2:206027,periodEndYear,1911
entity:artifact:2:206028,periodEndYear,1911
entity:artifact:2:206029,periodEndYear,1911
entity:artifact:2:206030,periodEndYear,1911
entity:artifact:2:206031,periodEndYear,1911
entity:artifact:2:206032,periodEndYear,1911
entity:artifact:2:206057,periodEndYear,1911
entity:artifact:2:206059,periodEndYear,1911
entity:artifact:2:206060,periodEndYear,1911
entity:artifact:2:206061,periodEndYear,1911
entity:artifact:2:206067,periodEndYear,1911
entity:artifact:2:206077,periodEndYear,-1050
entity:artifact:2:206078,periodEndYear,-221
entity:artifact:2:206079,periodEndYear,1644
entity:artifact:2:206080,periodEndYear,2000
entity:artifact:2:206081,periodEndYear,2000
entity:artifact:2:206082,periodEndYear,2000
entity:artifact:2:206083,periodEndYear,2000
entity:artifact:2:206084,periodEndYear,9
entity:artifact:2:206086,periodEndYear,1911
entity:artifact:2:206087,periodEndYear,1911
entity:artifact:2:206088,periodEndYear,1911
entity:artifact:2:206089,periodEndYear,1911
entity:artifact:2:206090,periodEndYear,1911
entity:artifact:2:206091,periodEndYear,1911
entity:artifact:2:206092,periodEndYear,1911
entity:artifact:2:206093,periodEndYear,1911
entity:artifact:2:206094,periodEndYear,1911
entity:artifact:2:206095,periodEndYear,1911
entity:artifact:2:206096,periodEndYear,1911
entity:artifact:2:206097,periodEndYear,1644
entity:artifact:2:206098,periodEndYear,1368
entity:artifact:2:206109,periodEndYear,-221
entity:artifact:2:206111,periodEndYear,2000
entity:artifact:2:206112,periodEndYear,2000
entity:artifact:2:206113,periodEndYear,1911
entity:artifact:2:206114,periodEndYear,1911
entity:artifact:2:206115,periodEndYear,1911
entity:artifact:2:206116,periodEndYear,1911
entity:artifact:2:206117,periodEndYear,1911
entity:artifact:2:206118,periodEndYear,1911
entity:artifact:2:206119,periodEndYear,1644
entity:artifact:2:206120,periodEndYear,1644
entity:artifact:2:206121,periodEndYear,1644
entity:artifact:2:206122,periodEndYear,1644
entity:artifact:2:206123,periodEndYear,1279
entity:artifact:2:206124,periodEndYear,1644
entity:artifact:2:206125,periodEndYear,534
entity:artifact:2:206126,periodEndYear,2000
entity:artifact:2:206127,periodEndYear,1644
entity:artifact:2:206128,periodEndYear,1644
entity:artifact:2:206129,periodEndYear,1644
entity:artifact:2:206130,periodEndYear,1644
entity:artifact:2:206131,periodEndYear,1644
entity:artifact:2:206132,periodEndYear,1644
entity:artifact:2:206133,periodEndYear,1644
entity:artifact:2:206134,periodEndYear,1644
entity:artifact:2:206135,periodEndYear,1644
entity:artifact:2:206136,periodEndYear,1644
entity:artifact:2:206137,periodEndYear,1911
entity:artifact:2:206138,periodEndYear,1911
entity:artifact:2:206139,periodEndYear,1911
entity:artifact:2:206140,periodEndYear,1911
entity:artifact:2:206141,periodEndYear,1911
entity:artifact:2:206142,periodEndYear,1911
entity:artifact:2:206143,periodEndYear,1911
entity:artifact:2:206144,periodEndYear,1911
entity:artifact:2:206145,periodEndYear,1911
entity:artifact:2:206146,periodEndYear,1911
entity:artifact:2:206147,periodEndYear,1911
entity:artifact:2:206148,periodEndYear,1911
entity:artifact:2:206149,periodEndYear,1911
entity:artifact:2:206150,periodEndYear,1911
entity:artifact:2:206151,periodEndYear,1911
entity:artifact:2:206152,periodEndYear,1911
entity:artifact:2:206153,periodEndYear,1911
entity:artifact:2:206154,periodEndYear,1644
entity:artifact:2:206155,periodEndYear,1644
entity:artifact:2:206156,periodEndYear,1644
entity:artifact:2:206157,periodEndYear,1644
entity:artifact:2:206158,periodEndYear,1644
entity:artifact:2:206159,periodEndYear,1644
entity:artifact:2:206162,periodEndYear,1911
entity:artifact:2:206163,periodEndYear,1911
entity:artifact:2:206164,periodEndYear,2000
entity:artifact:2:206165,periodEndYear,2000
entity:artifact:2:206166,periodEndYear,2000
entity:artifact:2:206167,periodEndYear,2000
entity:artifact:2:206168,periodEndYear,2000
entity:artifact:2:206169,periodEndYear,2000
entity:artifact:2:206170,periodEndYear,2000
entity:artifact:2:206171,periodEndYear,220
entity:artifact:2:206172,periodEndYear,1644
entity:artifact:2:206187,periodEndYear,-476
entity:artifact:2:206188,periodEndYear,-476
entity:artifact:2:206189,periodEndYear,-771
entity:artifact:2:206190,periodEndYear,-221
entity:artifact:2:206195,periodEndYear,2000
entity:artifact:2:206196,periodEndYear,2000
entity:artifact:2:206197,periodEndYear,2000
entity:artifact:2:206198,periodEndYear,2000
entity:artifact:2:206199,periodEndYear,2000
entity:artifact:2:206200,periodEndYear,2000
entity:artifact:2:206201,periodEndYear,2000
entity:artifact:2:206202,periodEndYear,9
entity:artifact:2:206204,periodEndYear,1933
entity:artifact:2:206210,periodEndYear,2000
entity:artifact:2:206211,periodEndYear,2000
entity:artifact:2:206212,periodEndYear,1644
entity:artifact:2:206213,periodEndYear,1644
entity:artifact:2:206214,periodEndYear,1644
entity:artifact:2:206218,periodEndYear,2000
entity:artifact:2:206219,periodEndYear,2000
entity:artifact:2:206220,periodEndYear,2000
entity:artifact:2:206227,periodEndYear,2000
entity:artifact:2:206228,periodEndYear,2000
entity:artifact:2:206229,periodEndYear,2000
entity:artifact:2:206232,periodEndYear,1644
entity:artifact:2:206233,periodEndYear,1911
entity:artifact:2:206234,periodEndYear,1644
entity:artifact:2:206235,periodEndYear,1644
entity:artifact:2:206236,periodEndYear,-771
entity:artifact:2:206237,periodEndYear,1644
entity:artifact:2:206238,periodEndYear,1644
entity:artifact:2:206239,periodEndYear,1644
entity:artifact:2:206245,periodEndYear,1911
entity:artifact:2:206246,periodEndYear,1911
entity:artifact:2:206247,periodEndYear,1911
entity:artifact:2:206248,periodEndYear,1911
entity:artifact:2:206249,periodEndYear,1911
entity:artifact:2:206250,periodEndYear,1911
entity:artifact:2:206251,periodEndYear,1911
entity:artifact:2:206252,periodEndYear,1911
entity:artifact:2:206253,periodEndYear,1911
entity:artifact:2:206254,periodEndYear,1911
entity:artifact:2:206255,periodEndYear,1911
entity:artifact:2:206256,periodEndYear,1911
entity:artifact:2:206257,periodEndYear,1911
entity:artifact:2:206258,periodEndYear,1911
entity:artifact:2:206259,periodEndYear,1911
entity:artifact:2:206260,periodEndYear,1911
entity:artifact:2:206261,periodEndYear,1911
entity:artifact:2:206262,periodEndYear,1911
entity:artifact:2:206265,periodEndYear,1911
entity:artifact:2:206266,periodEndYear,1911
entity:artifact:2:206267,periodEndYear,1911
entity:artifact:2:206268,periodEndYear,1911
entity:artifact:2:206269,periodEndYear,1911
entity:artifact:2:206270,periodEndYear,1911
entity:artifact:2:206271,periodEndYear,1911
entity:artifact:2:206272,periodEndYear,1911
entity:artifact:2:206273,periodEndYear,1911
entity:artifact:2:206274,periodEndYear,1911
entity:artifact:2:206275,periodEndYear,1911
entity:artifact:2:206287,periodEndYear,1911
entity:artifact:2:206288,periodEndYear,1911
entity:artifact:2:206289,periodEndYear,1911
entity:artifact:2:206290,periodEndYear,1911
entity:artifact:2:206292,periodEndYear,475
entity:artifact:2:206293,periodEndYear,475
entity:artifact:2:206301,periodEndYear,1911
entity:artifact:2:206302,periodEndYear,1911
entity:artifact:2:206303,periodEndYear,1911
entity:artifact:2:206304,periodEndYear,1644
entity:artifact:2:206305,periodEndYear,1911
entity:artifact:2:206306,periodEndYear,1911
entity:artifact:2:206307,periodEndYear,1911
entity:artifact:2:206308,periodEndYear,1911
entity:artifact:2:206309,periodEndYear,1911
entity:artifact:2:206310,periodEndYear,1911
entity:artifact:2:206311,periodEndYear,1911
entity:artifact:2:206312,periodEndYear,1911
entity:artifact:2:206313,periodEndYear,1911
entity:artifact:2:206314,periodEndYear,1911
entity:artifact:2:206315,periodEndYear,1911
entity:artifact:2:206322,periodEndYear,618
entity:artifact:2:206323,periodEndYear,1911
entity:artifact:2:206324,periodEndYear,1911
entity:artifact:2:206325,periodEndYear,1911
entity:artifact:2:206327,periodEndYear,1911
entity:artifact:2:206328,periodEndYear,1911
entity:artifact:2:206340,periodEndYear,1911
entity:artifact:2:206341,periodEndYear,1911
entity:artifact:2:206342,periodEndYear,1911
entity:artifact:2:206343,periodEndYear,1911
entity:artifact:2:206344,periodEndYear,1911
entity:artifact:2:206345,periodEndYear,1911
entity:artifact:2:206346,periodEndYear,1911
entity:artifact:2:206347,periodEndYear,1911
entity:artifact:2:206348,periodEndYear,1911
entity:artifact:2:206349,periodEndYear,1911
entity:artifact:2:206350,periodEndYear,1911
entity:artifact:2:206351,periodEndYear,1911
entity:artifact:2:206363,periodEndYear,1911
entity:artifact:2:206364,periodEndYear,1911
entity:artifact:2:206365,periodEndYear,1911
entity:artifact:2:206366,periodEndYear,1911
entity:artifact:2:206373,periodEndYear,1911
entity:artifact:2:206374,periodEndYear,1911
entity:artifact:2:206376,periodEndYear,1911
entity:artifact:2:206377,periodEndYear,1911
entity:artifact:2:206378,periodEndYear,1911
entity:artifact:2:206379,periodEndYear,1911
entity:artifact:2:206380,periodEndYear,1911
entity:artifact:2:206381,periodEndYear,1911
entity:artifact:2:206382,periodEndYear,1911
entity:artifact:2:206383,periodEndYear,1932
entity:artifact:2:206384,periodEndYear,1911
entity:artifact:2:206385,periodEndYear,1911
entity:artifact:2:206386,periodEndYear,1911
entity:artifact:2:206387,periodEndYear,1911
entity:artifact:2:206388,periodEndYear,1911
entity:artifact:2:206389,periodEndYear,1911
entity:artifact:2:206399,periodEndYear,1911
entity:artifact:2:206400,periodEndYear,1911
entity:artifact:2:206411,periodEndYear,1911
entity:artifact:2:206412,periodEndYear,1911
entity:artifact:2:206413,periodEndYear,1911
entity:artifact:2:206414,periodEndYear,1911
entity:artifact:2:206415,periodEndYear,1911
entity:artifact:2:206416,periodEndYear,1911
entity:artifact:2:206417,periodEndYear,1911
entity:artifact:2:206418,periodEndYear,1911
entity:artifact:2:206419,periodEndYear,1911
entity:artifact:2:206420,periodEndYear,1911
entity:artifact:2:206421,periodEndYear,1911
entity:artifact:2:206422,periodEndYear,1911
entity:artifact:2:206427,periodEndYear,1911
entity:artifact:2:206435,periodEndYear,1911
entity:artifact:2:206436,periodEndYear,1911
entity:artifact:2:206437,periodEndYear,1911
entity:artifact:2:206438,periodEndYear,1911
entity:artifact:2:206439,periodEndYear,1911
entity:artifact:2:206440,periodEndYear,1911
entity:artifact:2:206441,periodEndYear,1911
entity:artifact:2:206442,periodEndYear,1911
entity:artifact:2:206443,periodEndYear,1911
entity:artifact:2:206444,periodEndYear,1932
entity:artifact:2:206445,periodEndYear,1911
entity:artifact:2:206446,periodEndYear,1911
entity:artifact:2:206447,periodEndYear,1911
entity:artifact:2:206448,periodEndYear,1911
entity:artifact:2:206449,periodEndYear,1911
entity:artifact:2:206450,periodEndYear,1911
entity:artifact:2:206451,periodEndYear,1900
entity:artifact:2:206452,periodEndYear,1900
entity:artifact:2:206453,periodEndYear,1900
entity:artifact:2:206472,periodEndYear,220
entity:artifact:2:206489,periodEndYear,1900
entity:artifact:2:206490,periodEndYear,1644
entity:artifact:2:206491,periodEndYear,1279
entity:artifact:2:206493,periodEndYear,1644
entity:artifact:2:206494,periodEndYear,1644
entity:artifact:2:206495,periodEndYear,220
entity:artifact:2:206497,periodEndYear,1644
entity:artifact:2:206498,periodEndYear,960
entity:artifact:2:206500,periodEndYear,1644
entity:artifact:2:206501,periodEndYear,1644
entity:artifact:2:206505,periodEndYear,907
entity:artifact:2:206506,periodEndYear,1644
entity:artifact:2:206510,periodEndYear,1644
entity:artifact:2:206511,periodEndYear,1911
entity:artifact:2:206512,periodEndYear,1911
entity:artifact:2:206513,periodEndYear,1911
entity:artifact:2:206514,periodEndYear,1911
entity:artifact:2:206518,periodEndYear,907
entity:artifact:2:206520,periodEndYear,1644
entity:artifact:2:206521,periodEndYear,1644
entity:artifact:2:206522,periodEndYear,1911
entity:artifact:2:206523,periodEndYear,1644
entity:artifact:2:206524,periodEndYear,1911
entity:artifact:2:206525,periodEndYear,1911
entity:artifact:2:206526,periodEndYear,1911
entity:artifact:2:206527,periodEndYear,1911
entity:artifact:2:206528,periodEndYear,1900
entity:artifact:2:206529,periodEndYear,1900
entity:artifact:2:206544,periodEndYear,1127
entity:artifact:2:206545,periodEndYear,1911
entity:artifact:2:206546,periodEndYear,1911
entity:artifact:2:206547,periodEndYear,1911
entity:artifact:2:206548,periodEndYear,1911
entity:artifact:2:206549,periodEndYear,1911
entity:artifact:2:206550,periodEndYear,1911
entity:artifact:2:206551,periodEndYear,1911
entity:artifact:2:206552,periodEndYear,1911
entity:artifact:2:206553,periodEndYear,1911
entity:artifact:2:206554,periodEndYear,1911
entity:artifact:2:206555,periodEndYear,1911
entity:artifact:2:206556,periodEndYear,1911
entity:artifact:2:206557,periodEndYear,1911
entity:artifact:2:206558,periodEndYear,1911
entity:artifact:2:206559,periodEndYear,1911
entity:artifact:2:206560,periodEndYear,1911
entity:artifact:2:206561,periodEndYear,1911
entity:artifact:2:206575,periodEndYear,1644
entity:artifact:2:206576,periodEndYear,1644
entity:artifact:2:206580,periodEndYear,1644
entity:artifact:2:206582,periodEndYear,1644
entity:artifact:2:206583,periodEndYear,1911
entity:artifact:2:206584,periodEndYear,1911
entity:artifact:2:206585,periodEndYear,1911
entity:artifact:2:206586,periodEndYear,1900
entity:artifact:2:206587,periodEndYear,1900
entity:artifact:2:206588,periodEndYear,1900
entity:artifact:2:206604,periodEndYear,1911
entity:artifact:2:206605,periodEndYear,1911
entity:artifact:2:206606,periodEndYear,1911
entity:artifact:2:206607,periodEndYear,1911
entity:artifact:2:206608,periodEndYear,1911
entity:artifact:2:206609,periodEndYear,1911
entity:artifact:2:206610,periodEndYear,1911
entity:artifact:2:206611,periodEndYear,1911
entity:artifact:2:206612,periodEndYear,1911
entity:artifact:2:206613,periodEndYear,1911
entity:artifact:2:206614,periodEndYear,1911
entity:artifact:2:206615,periodEndYear,1911
entity:artifact:2:206620,periodEndYear,1911
entity:artifact:2:206623,periodEndYear,1911
entity:artifact:2:206624,periodEndYear,1911
entity:artifact:2:206625,periodEndYear,1911
entity:artifact:2:206626,periodEndYear,1911
entity:artifact:2:206627,periodEndYear,1911
entity:artifact:2:206628,periodEndYear,1911
entity:artifact:2:206629,periodEndYear,1911
entity:artifact:2:206635,periodEndYear,1644
entity:artifact:2:20955,periodEndYear,907
entity:artifact:2:20956,periodEndYear,1368
entity:artifact:2:20957,periodEndYear,220
entity:artifact:2:20968,periodEndYear,280
entity:artifact:2:20970,periodEndYear,1127
entity:artifact:2:20972,periodEndYear,1644
entity:artifact:2:20978,periodEndYear,2000
entity:artifact:2:209837,periodEndYear,907
entity:artifact:2:21115,periodEndYear,907
entity:artifact:2:21116,periodEndYear,2004
entity:artifact:2:21117,periodEndYear,-771
entity:artifact:2:31296,periodEndYear,618
entity:artifact:2:4586,periodEndYear,2005
entity:artifact:2:4587,periodEndYear,618
entity:artifact:2:4588,periodEndYear,907
entity:artifact:2:4615,periodEndYear,2005
entity:artifact:2:4640,periodEndYear,2005
entity:artifact:2:4641,periodEndYear,577
entity:artifact:2:4642,periodEndYear,907
entity:artifact:2:4644,periodEndYear,907
entity:artifact:2:4645,periodEndYear,907
entity:artifact:2:4646,periodEndYear,907
entity:artifact:2:47472,periodEndYear,1870
entity:artifact:2:47501,periodEndYear,1911
entity:artifact:2:47502,periodEndYear,1911
entity:artifact:2:47503,periodEndYear,1911
entity:artifact:2:47504,periodEndYear,1911
entity:artifact:2:47600,periodEndYear,1900
entity:artifact:2:47768,periodEndYear,1911
entity:artifact:2:47769,periodEndYear,1911
entity:artifact:2:47770,periodEndYear,1911
entity:artifact:2:47803,periodEndYear,1911
entity:artifact:2:47804,periodEndYear,1911
entity:artifact:2:47805,periodEndYear,1911
entity:artifact:2:47806,periodEndYear,1911
entity:artifact:2:47807,periodEndYear,1911
entity:artifact:2:47808,periodEndYear,1911
entity:artifact:2:47809,periodEndYear,1911
entity:artifact:2:47965,periodEndYear,1911
entity:artifact:2:47966,periodEndYear,1911
entity:artifact:2:47967,periodEndYear,1911
entity:artifact:2:47968,periodEndYear,1911
entity:artifact:2:47969,periodEndYear,1911
entity:artifact:2:48082,periodEndYear,1911
entity:artifact:2:48083,periodEndYear,1911
entity:artifact:2:48084,periodEndYear,1911
entity:artifact:2:48085,periodEndYear,1911
entity:artifact:2:48086,periodEndYear,1911
entity:artifact:2:48087,periodEndYear,1911
entity:artifact:2:48125,periodEndYear,1911
entity:artifact:2:48126,periodEndYear,1911
entity:artifact:2:48127,periodEndYear,1911
entity:artifact:2:48128,periodEndYear,1911
entity:artifact:2:48129,periodEndYear,1911
entity:artifact:2:48130,periodEndYear,1911
entity:artifact:2:48131,periodEndYear,1911
entity:artifact:2:48132,periodEndYear,1911
entity:artifact:2:48145,periodEndYear,1911
entity:artifact:2:48146,periodEndYear,1911
entity:artifact:2:48147,periodEndYear,1911
entity:artifact:2:48148,periodEndYear,1911
entity:artifact:2:48149,periodEndYear,1911
entity:artifact:2:48150,periodEndYear,1911
entity:artifact:2:48182,periodEndYear,1911
entity:artifact:2:48183,periodEndYear,1911
entity:artifact:2:48237,periodEndYear,1911
entity:artifact:2:48238,periodEndYear,1911
entity:artifact:2:48239,periodEndYear,1911
entity:artifact:2:48240,periodEndYear,1911
entity:artifact:2:48241,periodEndYear,1911
entity:artifact:2:48242,periodEndYear,1911
entity:artifact:2:48243,periodEndYear,1911
entity:artifact:2:48284,periodEndYear,1911
entity:artifact:2:48285,periodEndYear,1911
entity:artifact:2:48286,periodEndYear,1911
entity:artifact:2:48287,periodEndYear,1911
entity:artifact:2:48288,periodEndYear,1911
entity:artifact:2:48289,periodEndYear,1911
entity:artifact:2:48331,periodEndYear,1911
entity:artifact:2:48332,periodEndYear,1911
entity:artifact:2:48370,periodEndYear,1911
entity:artifact:2:48371,periodEndYear,1911
entity:artifact:2:48372,periodEndYear,1911
entity:artifact:2:48395,periodEndYear,1911
entity:artifact:2:48562,periodEndYear,1911
entity:artifact:2:48563,periodEndYear,1911
entity:artifact:2:48564,periodEndYear,1911
entity:artifact:2:48565,periodEndYear,1911
entity:artifact:2:48601,periodEndYear,1911
entity:artifact:2:48602,periodEndYear,1911
entity:artifact:2:48603,periodEndYear,1911
entity:artifact:2:48604,periodEndYear,1911
entity:artifact:2:48605,periodEndYear,1911
entity:artifact:2:48606,periodEndYear,1911
entity:artifact:2:48607,periodEndYear,1911
entity:artifact:2:48613,periodEndYear,1911
entity:artifact:2:48614,periodEndYear,1911
entity:artifact:2:48644,periodEndYear,1911
entity:artifact:2:48645,periodEndYear,1911
entity:artifact:2:48646,periodEndYear,1911
entity:artifact:2:48647,periodEndYear,1911
entity:artifact:2:48648,periodEndYear,1911
entity:artifact:2:48649,periodEndYear,1911
entity:artifact:2:48650,periodEndYear,1911
entity:artifact:2:48651,periodEndYear,1911
entity:artifact:2:48652,periodEndYear,1911
entity:artifact:2:48661,periodEndYear,1911
entity:artifact:2:48662,periodEndYear,1911
entity:artifact:2:48663,periodEndYear,1911
entity:artifact:2:48664,periodEndYear,1911
entity:artifact:2:48665,periodEndYear,1911
entity:artifact:2:48666,periodEndYear,1911
entity:artifact:2:48670,periodEndYear,1911
entity:artifact:2:48671,periodEndYear,1911
entity:artifact:2:48672,periodEndYear,1911
entity:artifact:2:48673,periodEndYear,1911
entity:artifact:2:48783,periodEndYear,1911
entity:artifact:2:48784,periodEndYear,1911
entity:artifact:2:48785,periodEndYear,1911
entity:artifact:2:48786,periodEndYear,1911
entity:artifact:2:48787,periodEndYear,1911
entity:artifact:2:48788,periodEndYear,1911
entity:artifact:2:48789,periodEndYear,1911
entity:artifact:2:48790,periodEndYear,1911
entity:artifact:2:48791,periodEndYear,1911
entity:artifact:2:48792,periodEndYear,1911
entity:artifact:2:48793,periodEndYear,1911
entity:artifact:2:48794,periodEndYear,1911
entity:artifact:2:48795,periodEndYear,1911
entity:artifact:2:48796,periodEndYear,1911
entity:artifact:2:48797,periodEndYear,1911
entity:artifact:2:48828,periodEndYear,1911
entity:artifact:2:48829,periodEndYear,1911
entity:artifact:2:48830,periodEndYear,1911
entity:artifact:2:48831,periodEndYear,1911
entity:artifact:2:48832,periodEndYear,1911
entity:artifact:2:48833,periodEndYear,1911
entity:artifact:2:48834,periodEndYear,1911
entity:artifact:2:48835,periodEndYear,1911
entity:artifact:2:48836,periodEndYear,1911
entity:artifact:2:48837,periodEndYear,1911
entity:artifact:2:48838,periodEndYear,1911
entity:artifact:2:48839,periodEndYear,1911
entity:artifact:2:48840,periodEndYear,1911
entity:artifact:2:48841,periodEndYear,1911
entity:artifact:2:48842,periodEndYear,1911
entity:artifact:2:48843,periodEndYear,1911
entity:artifact:2:48844,periodEndYear,1911
entity:artifact:2:48847,periodEndYear,1911
entity:artifact:2:48848,periodEndYear,1911
entity:artifact:2:48849,periodEndYear,1911
entity:artifact:2:48887,periodEndYear,1911
entity:artifact:2:48888,periodEndYear,1911
entity:artifact:2:48930,periodEndYear,1911
entity:artifact:2:48931,periodEndYear,1911
entity:artifact:2:48932,periodEndYear,1911
entity:artifact:2:48933,periodEndYear,1911
entity:artifact:2:48934,periodEndYear,1911
entity:artifact:2:48935,periodEndYear,1911
entity:artifact:2:48939,periodEndYear,1911
entity:artifact:2:48940,periodEndYear,1911
entity:artifact:2:48941,periodEndYear,1911
entity:artifact:2:49026,periodEndYear,1911
entity:artifact:2:49038,periodEndYear,1911
entity:artifact:2:49048,periodEndYear,1911
entity:artifact:2:49049,periodEndYear,1911
entity:artifact:2:49050,periodEndYear,1911
entity:artifact:2:49051,periodEndYear,1911
entity:artifact:2:49052,periodEndYear,1911
entity:artifact:2:49053,periodEndYear,1911
entity:artifact:2:49054,periodEndYear,1911
entity:artifact:2:49055,periodEndYear,1911
entity:artifact:2:49056,periodEndYear,1911
entity:artifact:2:49057,periodEndYear,1911
entity:artifact:2:49101,periodEndYear,1911
entity:artifact:2:49113,periodEndYear,1911
entity:artifact:2:49114,periodEndYear,1911
entity:artifact:2:49115,periodEndYear,1911
entity:artifact:2:49116,periodEndYear,1911
entity:artifact:2:49117,periodEndYear,1911
entity:artifact:2:49118,periodEndYear,1911
entity:artifact:2:49119,periodEndYear,1911
entity:artifact:2:49120,periodEndYear,1911
entity:artifact:2:49121,periodEndYear,1911
entity:artifact:2:49122,periodEndYear,1911
entity:artifact:2:49123,periodEndYear,1911
entity:artifact:2:49124,periodEndYear,1911
entity:artifact:2:49125,periodEndYear,1911
entity:artifact:2:49126,periodEndYear,1911
entity:artifact:2:49149,periodEndYear,1911
entity:artifact:2:49150,periodEndYear,1911
entity:artifact:2:49151,periodEndYear,1911
entity:artifact:2:49152,periodEndYear,1911
entity:artifact:2:49153,periodEndYear,1911
entity:artifact:2:49154,periodEndYear,1911
entity:artifact:2:49155,periodEndYear,1911
entity:artifact:2:49156,periodEndYear,1911
entity:artifact:2:49169,periodEndYear,1911
entity:artifact:2:49170,periodEndYear,1911
entity:artifact:2:49180,periodEndYear,1911
entity:artifact:2:49184,periodEndYear,1911
entity:artifact:2:49190,periodEndYear,1911
entity:artifact:2:49191,periodEndYear,1911
entity:artifact:2:49192,periodEndYear,1911
entity:artifact:2:49193,periodEndYear,1911
entity:artifact:2:49194,periodEndYear,1911
entity:artifact:2:49213,periodEndYear,1911
entity:artifact:2:49214,periodEndYear,1911
entity:artifact:2:49215,periodEndYear,1911
entity:artifact:2:49216,periodEndYear,1911
entity:artifact:2:49217,periodEndYear,1911
entity:artifact:2:49218,periodEndYear,1911
entity:artifact:2:49219,periodEndYear,1911
entity:artifact:2:49220,periodEndYear,1911
entity:artifact:2:49221,periodEndYear,1911
entity:artifact:2:49222,periodEndYear,1911
entity:artifact:2:49223,periodEndYear,1911
entity:artifact:2:49224,periodEndYear,1911
entity:artifact:2:49225,periodEndYear,1911
entity:artifact:2:49265,periodEndYear,1911
entity:artifact:2:49266,periodEndYear,1911
entity:artifact:2:49267,periodEndYear,1911
entity:artifact:2:49268,periodEndYear,1911
entity:artifact:2:49269,periodEndYear,1911
entity:artifact:2:49278,periodEndYear,1911
entity:artifact:2:49279,periodEndYear,1911
entity:artifact:2:49502,periodEndYear,1911
entity:artifact:2:49511,periodEndYear,1911
entity:artifact:2:5108,periodEndYear,1279
entity:artifact:2:5144,periodEndYear,2006
entity:artifact:2:5145,periodEndYear,2006
entity:artifact:2:5146,periodEndYear,2006
entity:artifact:2:5189,periodEndYear,1990
entity:artifact:2:5204,periodEndYear,2006
entity:artifact:2:5205,periodEndYear,1990
entity:artifact:2:5215,periodEndYear,2006
entity:artifact:2:5216,periodEndYear,2006
entity:artifact:2:5217,periodEndYear,2006
entity:artifact:2:5218,periodEndYear,2006
entity:artifact:2:5219,periodEndYear,2006
entity:artifact:2:5220,periodEndYear,2006
entity:artifact:2:5221,periodEndYear,1990
entity:artifact:2:5222,periodEndYear,1990
entity:artifact:2:52757,periodEndYear,1368
entity:artifact:2:5277,periodEndYear,-221
entity:artifact:2:5368,periodEndYear,1991
entity:artifact:2:5369,periodEndYear,2006
entity:artifact:2:54111,periodEndYear,1911
entity:artifact:2:54270,periodEndYear,9
entity:artifact:2:54271,periodEndYear,1279
entity:artifact:2:54272,periodEndYear,1279
entity:artifact:2:54285,periodEndYear,1911
entity:artifact:2:54286,periodEndYear,1234
entity:artifact:2:54287,periodEndYear,1127
entity:artifact:2:54288,periodEndYear,907
entity:artifact:2:54289,periodEndYear,1127
entity:artifact:2:54307,periodEndYear,1911
entity:artifact:2:54308,periodEndYear,1911
entity:artifact:2:54339,periodEndYear,1279
entity:artifact:2:54340,periodEndYear,1279
entity:artifact:2:54341,periodEndYear,1127
entity:artifact:2:54342,periodEndYear,1127
entity:artifact:2:54343,periodEndYear,907
entity:artifact:2:54354,periodEndYear,1911
entity:artifact:2:54355,periodEndYear,1911
entity:artifact:2:54372,periodEndYear,1911
entity:artifact:2:54373,periodEndYear,1911
entity:artifact:2:54389,periodEndYear,1911
entity:artifact:2:54390,periodEndYear,1911
entity:artifact:2:54391,periodEndYear,1911
entity:artifact:2:54407,periodEndYear,1911
entity:artifact:2:54408,periodEndYear,1911
entity:artifact:2:54409,periodEndYear,1911
entity:artifact:2:54410,periodEndYear,1911
entity:artifact:2:54411,periodEndYear,1911
entity:artifact:2:54471,periodEndYear,-771
entity:artifact:2:54474,periodEndYear,907
entity:artifact:2:54481,periodEndYear,1234
entity:artifact:2:54482,periodEndYear,220
entity:artifact:2:54492,periodEndYear,1911
entity:artifact:2:54493,periodEndYear,1911
entity:artifact:2:54494,periodEndYear,1911
entity:artifact:2:54495,periodEndYear,1911
entity:artifact:2:54496,periodEndYear,1911
entity:artifact:2:54527,periodEndYear,1911
entity:artifact:2:54528,periodEndYear,1911
entity:artifact:2:54529,periodEndYear,1911
entity:artifact:2:54530,periodEndYear,1911
entity:artifact:2:54550,periodEndYear,220
entity:artifact:2:54593,periodEndYear,1911
entity:artifact:2:54594,periodEndYear,1911
entity:artifact:2:54595,periodEndYear,1911
entity:artifact:2:54596,periodEndYear,1911
entity:artifact:2:54597,periodEndYear,1911
entity:artifact:2:54630,periodEndYear,420
entity:artifact:2:54631,periodEndYear,907
entity:artifact:2:54632,periodEndYear,1644
entity:artifact:2:54633,periodEndYear,1279
entity:artifact:2:54634,periodEndYear,1368
entity:artifact:2:54635,periodEndYear,1125
entity:artifact:2:54636,periodEndYear,1125
entity:artifact:2:54662,periodEndYear,1911
entity:artifact:2:54663,periodEndYear,1911
entity:artifact:2:54664,periodEndYear,1911
entity:artifact:2:54665,periodEndYear,1911
entity:artifact:2:54666,periodEndYear,1911
entity:artifact:2:54667,periodEndYear,1911
entity:artifact:2:54669,periodEndYear,1911
entity:artifact:2:54670,periodEndYear,1911
entity:artifact:2:54671,periodEndYear,1911
entity:artifact:2:54672,periodEndYear,1911
entity:artifact:2:54687,periodEndYear,1911
entity:artifact:2:54688,periodEndYear,1911
entity:artifact:2:54689,periodEndYear,1911
entity:artifact:2:54729,periodEndYear,1911
entity:artifact:2:54730,periodEndYear,1911
entity:artifact:2:54731,periodEndYear,1911
entity:artifact:2:54732,periodEndYear,1911
entity:artifact:2:54733,periodEndYear,1911
entity:artifact:2:54734,periodEndYear,1911
entity:artifact:2:54735,periodEndYear,1911
entity:artifact:2:54736,periodEndYear,1911
entity:artifact:2:54737,periodEndYear,1911
entity:artifact:2:54807,periodEndYear,1911
entity:artifact:2:54860,periodEndYear,907
entity:artifact:2:54861,periodEndYear,-2000
entity:artifact:2:54893,periodEndYear,1911
entity:artifact:2:54894,periodEndYear,1911
entity:artifact:2:54895,periodEndYear,1911
entity:artifact:2:54915,periodEndYear,220
entity:artifact:2:54916,periodEndYear,1127
entity:artifact:2:54917,periodEndYear,589
entity:artifact:2:54920,periodEndYear,9
entity:artifact:2:54936,periodEndYear,1911
entity:artifact:2:54937,periodEndYear,1911
entity:artifact:2:54938,periodEndYear,1911
entity:artifact:2:54939,periodEndYear,1911
entity:artifact:2:54940,periodEndYear,1127
entity:artifact:2:5499,periodEndYear,2006
entity:artifact:2:5500,periodEndYear,2006
entity:artifact:2:5501,periodEndYear,2006
entity:artifact:2:5502,periodEndYear,1991
entity:artifact:2:55040,periodEndYear,1911
entity:artifact:2:55041,periodEndYear,1911
entity:artifact:2:55042,periodEndYear,1911
entity:artifact:2:55043,periodEndYear,1911
entity:artifact:2:55044,periodEndYear,1911
entity:artifact:2:55045,periodEndYear,1911
entity:artifact:2:55059,periodEndYear,1911
entity:artifact:2:55060,periodEndYear,1911
entity:artifact:2:55061,periodEndYear,1911
entity:artifact:2:55063,periodEndYear,1911
entity:artifact:2:55088,periodEndYear,1911
entity:artifact:2:55117,periodEndYear,1911
entity:artifact:2:55118,periodEndYear,1911
entity:artifact:2:55119,periodEndYear,1911
entity:artifact:2:55120,periodEndYear,1911
entity:artifact:2:55121,periodEndYear,1911
entity:artifact:2:55122,periodEndYear,1911
entity:artifact:2:55123,periodEndYear,1911
entity:artifact:2:55124,periodEndYear,1911
entity:artifact:2:55154,periodEndYear,1911
entity:artifact:2:55155,periodEndYear,1911
entity:artifact:2:55156,periodEndYear,1911
entity:artifact:2:55157,periodEndYear,1911
entity:artifact:2:55158,periodEndYear,1911
entity:artifact:2:55171,periodEndYear,1911
entity:artifact:2:55172,periodEndYear,1911
entity:artifact:2:55173,periodEndYear,1911
entity:artifact:2:55174,periodEndYear,1911
entity:artifact:2:55175,periodEndYear,1911
entity:artifact:2:55176,periodEndYear,1911
entity:artifact:2:55195,periodEndYear,1911
entity:artifact:2:55219,periodEndYear,1911
entity:artifact:2:5524,periodEndYear,2006
entity:artifact:2:5525,periodEndYear,2006
entity:artifact:2:55395,periodEndYear,1911
entity:artifact:2:55674,periodEndYear,1911
entity:artifact:2:5661,periodEndYear,1644
entity:artifact:2:5673,periodEndYear,2005
entity:artifact:2:5859,periodEndYear,1125
entity:artifact:2:58969,periodEndYear,589
entity:artifact:2:59008,periodEndYear,1125
entity:artifact:2:6314,periodEndYear,1125
entity:artifact:2:6315,periodEndYear,907
entity:artifact:2:6318,periodEndYear,907
entity:artifact:2:64558,periodEndYear,1279
entity:artifact:2:64559,periodEndYear,1279
entity:artifact:2:6758,periodEndYear,1368
entity:artifact:2:6759,periodEndYear,1234
entity:artifact:2:6760,periodEndYear,1911
entity:artifact:2:6762,periodEndYear,1644
entity:artifact:2:6786,periodEndYear,960
entity:artifact:2:6791,periodEndYear,1234
entity:artifact:2:6797,periodEndYear,1127
entity:artifact:2:70462,periodEndYear,2000
entity:artifact:2:70467,periodEndYear,-3000
entity:artifact:2:70470,periodEndYear,1911
entity:artifact:2:70471,periodEndYear,1644
entity:artifact:2:70472,periodEndYear,1279
entity:artifact:2:70508,periodEndYear,1127
entity:artifact:2:70622,periodEndYear,9
entity:artifact:2:70635,periodEndYear,2000
entity:artifact:2:70637,periodEndYear,1911
entity:artifact:2:70724,periodEndYear,907
entity:artifact:2:70759,periodEndYear,1984
entity:artifact:2:71735,periodEndYear,-2200
entity:artifact:2:73665,periodEndYear,1960
entity:artifact:2:73713,periodEndYear,-1500
entity:artifact:2:73719,periodEndYear,589
entity:artifact:2:73720,periodEndYear,589
entity:artifact:2:73730,periodEndYear,907
entity:artifact:2:73737,periodEndYear,1911
entity:artifact:2:77785,periodEndYear,220
entity:artifact:2:77864,periodEndYear,1644
entity:artifact:2:77878,periodEndYear,220
entity:artifact:2:78047,periodEndYear,1993
entity:artifact:2:78048,periodEndYear,1644
entity:artifact:2:78261,periodEndYear,220
entity:artifact:2:8001,periodEndYear,1368
entity:artifact:2:8002,periodEndYear,1127
entity:artifact:2:92161,periodEndYear,1911
entity:artifact:2:92230,periodEndYear,1911
entity:artifact:2:92536,periodEndYear,907
entity:artifact:2:92611,periodEndYear,-2200
entity:artifact:2:92612,periodEndYear,-2200
entity:artifact:2:92622,periodEndYear,618
entity:artifact:2:92971,periodEndYear,-2200
entity:artifact:2:92972,periodEndYear,-2200
entity:artifact:2:92973,periodEndYear,-2200
entity:artifact:2:93260,periodEndYear,1911
entity:artifact:2:93619,periodEndYear,1234
entity:artifact:2:93620,periodEndYear,1644
entity:artifact:2:93621,periodEndYear,-2000
entity:artifact:2:93622,periodEndYear,-3000
entity:artifact:2:93653,periodEndYear,-221
entity:artifact:2:93654,periodEndYear,618
entity:artifact:2:93703,periodEndYear,589
entity:artifact:2:94013,periodEndYear,1100
entity:artifact:2:94014,periodEndYear,1100
entity:artifact:2:94015,periodEndYear,1100
entity:artifact:2:94016,periodEndYear,1100
entity:artifact:2:94036,periodEndYear,1100
entity:artifact:2:94037,periodEndYear,1100
entity:artifact:2:94038,periodEndYear,1100
entity:artifact:2:94039,periodEndYear,1100
entity:artifact:2:94040,periodEndYear,1100
entity:artifact:2:94041,periodEndYear,1100
entity:artifact:2:94061,periodEndYear,1911
entity:artifact:2:94062,periodEndYear,1100
entity:artifact:2:94063,periodEndYear,1100
entity:artifact:2:94068,periodEndYear,220
entity:artifact:2:94110,periodEndYear,1100
entity:artifact:2:94111,periodEndYear,1100
entity:artifact:2:94213,periodEndYear,1911
entity:artifact:2:94272,periodEndYear,220
entity:artifact:2:94273,periodEndYear,220
entity:artifact:2:94333,periodEndYear,1100
entity:artifact:2:94334,periodEndYear,1100
entity:artifact:2:94335,periodEndYear,1100
entity:artifact:2:94336,periodEndYear,1100
entity:artifact:2:94337,periodEndYear,1100
entity:artifact:2:94338,periodEndYear,1100
entity:artifact:2:94339,periodEndYear,1100
entity:artifact:2:94340,periodEndYear,1100
entity:artifact:2:94343,periodEndYear,1100
entity:artifact:2:94357,periodEndYear,220
entity:artifact:2:94518,periodEndYear,1100
entity:artifact:2:94519,periodEndYear,1100
entity:artifact:2:94520,periodEndYear,1100
entity:artifact:2:94521,periodEndYear,1100
entity:artifact:2:94522,periodEndYear,1100
entity:artifact:2:94538,periodEndYear,1911
entity:artifact:2:94615,periodEndYear,1127
entity:artifact:2:94643,periodEndYear,1279
entity:artifact:2:94669,periodEndYear,1279
entity:artifact:2:94670,periodEndYear,1279
entity:artifact:2:94671,periodEndYear,1279
entity:artifact:2:94680,periodEndYear,1279
entity:artifact:2:94695,periodEndYear,1279
entity:artifact:2:94696,periodEndYear,1279
entity:artifact:2:96180,periodEndYear,1911
entity:artifact:2:96415,periodEndYear,1911
entity:artifact:2:96416,periodEndYear,1911
entity:artifact:2:96417,periodEndYear,1911
entity:artifact:2:96511,periodEndYear,1911
entity:artifact:2:96512,periodEndYear,1911
entity:artifact:2:96513,periodEndYear,1911
entity:artifact:2:96601,periodEndYear,1911
entity:artifact:2:96602,periodEndYear,1911
entity:artifact:2:96603,periodEndYear,1911
entity:artifact:2:96604,periodEndYear,1911
entity:artifact:2:96605,periodEndYear,1911
entity:artifact:2:96606,periodEndYear,1911
entity:artifact:2:96665,periodEndYear,1911
entity:artifact:2:96666,periodEndYear,1911
entity:artifact:2:96667,periodEndYear,1911
entity:artifact:2:96752,periodEndYear,1279
entity:artifact:2:96779,periodEndYear,1911
entity:artifact:2:96780,periodEndYear,1911
entity:artifact:2:96781,periodEndYear,1911
entity:artifact:2:96782,periodEndYear,1911
entity:artifact:2:96783,periodEndYear,1911
entity:artifact:2:96784,periodEndYear,1911
entity:artifact:2:96796,periodEndYear,1911
entity:artifact:2:96797,periodEndYear,1911
entity:artifact:2:96798,periodEndYear,1911
entity:artifact:2:96799,periodEndYear,1911
entity:artifact:2:96800,periodEndYear,1911
entity:artifact:2:96801,periodEndYear,1911
entity:artifact:2:96802,periodEndYear,1911
entity:artifact:2:96803,periodEndYear,1911
entity:artifact:2:96809,periodEndYear,1911
entity:artifact:2:96812,periodEndYear,1911
entity:artifact:2:96813,periodEndYear,1911
entity:artifact:2:96814,periodEndYear,1911
entity:artifact:2:96815,periodEndYear,1911
entity:artifact:2:96816,periodEndYear,1911
entity:artifact:2:96817,periodEndYear,1911
entity:artifact:2:96818,periodEndYear,1911
entity:artifact:2:96819,periodEndYear,1911
entity:artifact:2:96820,periodEndYear,1911
entity:artifact:2:96821,periodEndYear,1911
entity:artifact:2:96832,periodEndYear,9
entity:artifact:2:96842,periodEndYear,1644
entity:artifact:2:96873,periodEndYear,1911
entity:artifact:2:96874,periodEndYear,1911
entity:artifact:2:96875,periodEndYear,1911
entity:artifact:2:96876,periodEndYear,1911
entity:artifact:2:96877,periodEndYear,1911
entity:artifact:2:96878,periodEndYear,1911
entity:artifact:2:96879,periodEndYear,1911
entity:artifact:2:96914,periodEndYear,1911
entity:artifact:2:96915,periodEndYear,1911
entity:artifact:2:96916,periodEndYear,1911
entity:artifact:2:96917,periodEndYear,1911
entity:artifact:2:96918,periodEndYear,1911
entity:artifact:2:96919,periodEndYear,1911
entity:artifact:2:96937,periodEndYear,1911
entity:artifact:2:96938,periodEndYear,1911
entity:artifact:2:96939,periodEndYear,1911
entity:artifact:2:96940,periodEndYear,1911
entity:artifact:2:96941,periodEndYear,1911
entity:artifact:2:96942,periodEndYear,1911
entity:artifact:2:96943,periodEndYear,1911
entity:artifact:2:96966,periodEndYear,1911
entity:artifact:2:96967,periodEndYear,1911
entity:artifact:2:96968,periodEndYear,1911
entity:artifact:2:96979,periodEndYear,1911
entity:artifact:2:96987,periodEndYear,1952
entity:artifact:2:96988,periodEndYear,1911
entity:artifact:2:97017,periodEndYear,1911
entity:artifact:2:97103,periodEndYear,1644
entity:artifact:2:97104,periodEndYear,1644
entity:artifact:2:97105,periodEndYear,1644
entity:artifact:2:97106,periodEndYear,1644
entity:artifact:2:97107,periodEndYear,1644
entity:artifact:2:97108,periodEndYear,1644
entity:artifact:2:97164,periodEndYear,1911
entity:artifact:2:97165,periodEndYear,1911
entity:artifact:2:97209,periodEndYear,1911
entity:artifact:2:97210,periodEndYear,1911
entity:artifact:2:97255,periodEndYear,1127
entity:artifact:2:97276,periodEndYear,220
entity:artifact:2:97296,periodEndYear,9
entity:artifact:2:97375,periodEndYear,1911
entity:artifact:2:97376,periodEndYear,1911
entity:artifact:2:97377,periodEndYear,1911
entity:artifact:2:97379,periodEndYear,220
entity:artifact:2:97380,periodEndYear,220
entity:artifact:2:99543,periodEndYear,-3000
entity:artifact:2:99777,periodEndYear,1234
entity:artifact:2:99839,periodEndYear,9
entity:artifact:2:99840,periodEndYear,1127
entity:artifact:2:99841,periodEndYear,-476
entity:artifact:2:99854,periodEndYear,9
entity:artifact:2:99888,periodEndYear,-3300
entity:artifact:2:99889,periodEndYear,-2000
entity:artifact:2:99895,periodEndYear,9
entity:artifact:3:00.486,periodEndYear,1900
entity:artifact:3:00.488,periodEndYear,1900
entity:artifact:3:00.581,periodEndYear,1900
entity:artifact:3:00.613,periodEndYear,1880
entity:artifact:3:01.5661,periodEndYear,1700
entity:artifact:3:01.5719,periodEndYear,1722
entity:artifact:3:01.5721,periodEndYear,1722
entity:artifact:3:01.5722,periodEndYear,1911
entity:artifact:3:01.5726,periodEndYear,1722
entity:artifact:3:01.5731,periodEndYear,1900
entity:artifact:3:01.5732,periodEndYear,1900
entity:artifact:3:01.5745,periodEndYear,1620
entity:artifact:3:01.5748,periodEndYear,1722
entity:artifact:3:01.5771,periodEndYear,1644
entity:artifact:3:01.5772,periodEndYear,1700
entity:artifact:3:01.5804,periodEndYear,1820
entity:artifact:3:01.5812,periodEndYear,1820
entity:artifact:3:01.6720a-d,periodEndYear,1600
entity:artifact:3:02.344,periodEndYear,1870
entity:artifact:3:02.345,periodEndYear,1870
entity:artifact:3:02.346,periodEndYear,1900
entity:artifact:3:02.347,periodEndYear,1900
entity:artifact:3:02.348,periodEndYear,1900
entity:artifact:3:02.349,periodEndYear,1900
entity:artifact:3:02.350,periodEndYear,1900
entity:artifact:3:02.353,periodEndYear,1900
entity:artifact:3:02.354,periodEndYear,1900
entity:artifact:3:02.358,periodEndYear,1900
entity:artifact:3:02.393,periodEndYear,1900
entity:artifact:3:02.394,periodEndYear,1900
entity:artifact:3:02.396,periodEndYear,1825
entity:artifact:3:02.397,periodEndYear,1750
entity:artifact:3:02.398,periodEndYear,1900
entity:artifact:3:02.399,periodEndYear,1800
entity:artifact:3:02.401,periodEndYear,1790
entity:artifact:3:02.402,periodEndYear,1800
entity:artifact:3:02.48,periodEndYear,1720
entity:artifact:3:02.485,periodEndYear,1900
entity:artifact:3:02.49,periodEndYear,1800
entity:artifact:3:02.50,periodEndYear,1700
entity:artifact:3:02.51,periodEndYear,1700
entity:artifact:3:02.52,periodEndYear,1700
entity:artifact:3:02.53,periodEndYear,1700
entity:artifact:3:02.54,periodEndYear,1900
entity:artifact:3:02.55,periodEndYear,1870
entity:artifact:3:02.56,periodEndYear,1900
entity:artifact:3:02.57,periodEndYear,1900
entity:artifact:3:02.58,periodEndYear,1880
entity:artifact:3:02.59,periodEndYear,1850
entity:artifact:3:02.60,periodEndYear,1880
entity:artifact:3:02.62,periodEndYear,1850
entity:artifact:3:02.63,periodEndYear,1880
entity:artifact:3:02.64,periodEndYear,1900
entity:artifact:3:02.65,periodEndYear,1880
entity:artifact:3:02.66,periodEndYear,1850
entity:artifact:3:02.67,periodEndYear,1900
entity:artifact:3:02.68,periodEndYear,1790
entity:artifact:3:03.100,periodEndYear,1722
entity:artifact:3:03.102,periodEndYear,1722
entity:artifact:3:03.104,periodEndYear,1820
entity:artifact:3:03.1046,periodEndYear,1900
entity:artifact:3:03.108,periodEndYear,1736
entity:artifact:3:03.1157a-b,periodEndYear,1500
entity:artifact:3:03.119,periodEndYear,1736
entity:artifact:3:03.122,periodEndYear,1736
entity:artifact:3:03.146,periodEndYear,1722
entity:artifact:3:03.719,periodEndYear,1700
entity:artifact:3:03.94,periodEndYear,1722
entity:artifact:3:03.99,periodEndYear,1722
entity:artifact:3:04.1693a,periodEndYear,1900
entity:artifact:3:04.235,periodEndYear,1900
entity:artifact:3:04.236,periodEndYear,1400
entity:artifact:3:04.276,periodEndYear,1600
entity:artifact:3:04.277,periodEndYear,1600
entity:artifact:3:05.199,periodEndYear,1400
entity:artifact:3:05.210,periodEndYear,1500
entity:artifact:3:06.163a,periodEndYear,1700
entity:artifact:3:06.170,periodEndYear,1368
entity:artifact:3:06.1899,periodEndYear,1300
entity:artifact:3:06.1902,periodEndYear,1600
entity:artifact:3:06.2410,periodEndYear,1900
entity:artifact:3:06.2445a-c,periodEndYear,1800
entity:artifact:3:07.11,periodEndYear,1722
entity:artifact:3:07.159,periodEndYear,-206
entity:artifact:3:07.222,periodEndYear,1100
entity:artifact:3:07.245,periodEndYear,1644
entity:artifact:3:07.251,periodEndYear,-206
entity:artifact:3:07.253,periodEndYear,100
entity:artifact:3:07.31,periodEndYear,1800
entity:artifact:3:07.50,periodEndYear,1900
entity:artifact:3:07.513,periodEndYear,-1001
entity:artifact:3:07.66,periodEndYear,1722
entity:artifact:3:07.718,periodEndYear,535
entity:artifact:3:07.732,periodEndYear,587
entity:artifact:3:07.734,periodEndYear,596
entity:artifact:3:07.735,periodEndYear,530
entity:artifact:3:07.738,periodEndYear,754
entity:artifact:3:07.740,periodEndYear,589
entity:artifact:3:07.741,periodEndYear,564
entity:artifact:3:07.743,periodEndYear,665
entity:artifact:3:07.750,periodEndYear,500
entity:artifact:3:07.76,periodEndYear,1800
entity:artifact:3:07.832,periodEndYear,1800
entity:artifact:3:07.850,periodEndYear,1700
entity:artifact:3:07.879a,periodEndYear,-206
entity:artifact:3:08.105,periodEndYear,1627
entity:artifact:3:08.120,periodEndYear,1400
entity:artifact:3:08.121,periodEndYear,1735
entity:artifact:3:08.273,periodEndYear,1700
entity:artifact:3:08.422,periodEndYear,589
entity:artifact:3:08.425,periodEndYear,589
entity:artifact:3:08.426,periodEndYear,589
entity:artifact:3:11.4005,periodEndYear,1500
entity:artifact:3:11.4009,periodEndYear,1700
entity:artifact:3:11.6148,periodEndYear,1600
entity:artifact:3:11.6152,periodEndYear,1600
entity:artifact:3:11.6157,periodEndYear,1400
entity:artifact:3:14.54,periodEndYear,1200
entity:artifact:3:14.76,periodEndYear,1644
entity:artifact:3:14.80,periodEndYear,1900
entity:artifact:3:15.888,periodEndYear,1600
entity:artifact:3:15.891,periodEndYear,1800
entity:artifact:3:15.896,periodEndYear,1500
entity:artifact:3:15.897,periodEndYear,1500
entity:artifact:3:17.191,periodEndYear,1600
entity:artifact:3:17.197,periodEndYear,1800
entity:artifact:3:17.698,periodEndYear,1700
entity:artifact:3:17.746,periodEndYear,1400
entity:artifact:3:1973.173,periodEndYear,1604
entity:artifact:3:1974.305,periodEndYear,2000
entity:artifact:3:1974.528,periodEndYear,1700
entity:artifact:3:1975.314,periodEndYear,1745
entity:artifact:3:1979.203,periodEndYear,1600
entity:artifact:3:29.1155,periodEndYear,1744
entity:artifact:3:56.257,periodEndYear,1800
entity:artifact:3:56.496,periodEndYear,1800
entity:artifact:3:85.21,periodEndYear,1900
entity:artifact:3:85.22,periodEndYear,1870
entity:artifact:3:85.23,periodEndYear,1870
entity:artifact:3:85.24,periodEndYear,1880
entity:artifact:3:86.68,periodEndYear,1900
entity:artifact:3:86.69,periodEndYear,1900
entity:artifact:3:86.70,periodEndYear,1900
entity:artifact:3:87.38,periodEndYear,1800
entity:artifact:3:92.2635,periodEndYear,1400
entity:artifact:3:92.2699,periodEndYear,1900
entity:artifact:3:92.2707a-b,periodEndYear,1600
entity:artifact:3:92.2718a-b,periodEndYear,1900
entity:artifact:3:92.2719,periodEndYear,1860
entity:artifact:3:92.2721,periodEndYear,1870
entity:artifact:3:92.2722,periodEndYear,1860
entity:artifact:3:92.2723,periodEndYear,1860
entity:artifact:3:92.2724,periodEndYear,1860
entity:artifact:3:92.2725,periodEndYear,1900
entity:artifact:3:92.2726,periodEndYear,1900
entity:artifact:3:92.2727,periodEndYear,1900
entity:artifact:3:92.2728,periodEndYear,1900
entity:artifact:3:92.2729,periodEndYear,1900
entity:artifact:3:92.2730,periodEndYear,1900
entity:artifact:3:92.2731,periodEndYear,1900
entity:artifact:3:92.3099,periodEndYear,740
entity:artifact:3:92.3100,periodEndYear,740
entity:artifact:3:93.1014,periodEndYear,1900
entity:artifact:3:93.1028,periodEndYear,1900
entity:artifact:3:93.1029,periodEndYear,1800
entity:artifact:3:93.1043,periodEndYear,1900
entity:artifact:3:93.1046,periodEndYear,1860
entity:artifact:3:93.1086,periodEndYear,1900
entity:artifact:3:93.1087,periodEndYear,1800
entity:artifact:3:93.1122,periodEndYear,1880
entity:artifact:3:93.1123,periodEndYear,1880
entity:artifact:3:93.1125,periodEndYear,1900
entity:artifact:3:93.1454,periodEndYear,1880
entity:artifact:3:93.1459,periodEndYear,1600
entity:artifact:3:93.1477,periodEndYear,1800
entity:artifact:3:93.155a,periodEndYear,1900
entity:artifact:3:95.1104,periodEndYear,1900
entity:artifact:3:95.1235,periodEndYear,1870
entity:artifact:3:95.1320,periodEndYear,1900
entity:artifact:3:95.1321,periodEndYear,1900
entity:artifact:3:95.1328,periodEndYear,1800
entity:artifact:3:95.211,periodEndYear,1900
entity:artifact:3:95.438,periodEndYear,1700
entity:artifact:3:95.507,periodEndYear,1800
entity:artifact:3:95.512,periodEndYear,1722
entity:artifact:3:95.521,periodEndYear,1900
entity:artifact:3:95.538,periodEndYear,1722
entity:artifact:3:95.542,periodEndYear,1722
entity:artifact:3:95.547,periodEndYear,1800
entity:artifact:3:95.548,periodEndYear,1722
entity:artifact:3:95.553,periodEndYear,1722
entity:artifact:3:95.559,periodEndYear,1722
entity:artifact:3:95.563a-b,periodEndYear,1722
entity:artifact:3:95.575,periodEndYear,1796
entity:artifact:3:95.577a,periodEndYear,1722
entity:artifact:3:95.622,periodEndYear,1722
entity:artifact:3:95.636,periodEndYear,1736
entity:artifact:3:95.697,periodEndYear,1820
entity:artifact:3:95.723,periodEndYear,1736
entity:artifact:3:95.725,periodEndYear,1722
entity:artifact:3:95.797,periodEndYear,1736
entity:artifact:3:95.817,periodEndYear,1800
entity:artifact:3:96.651,periodEndYear,1870
entity:artifact:3:96.652,periodEndYear,1800
entity:artifact:3:96.653,periodEndYear,1800
entity:artifact:3:96.654a-b,periodEndYear,1736
entity:artifact:3:97.169,periodEndYear,1880
entity:artifact:3:97.451,periodEndYear,1500
entity:artifact:3:98.12,periodEndYear,1300
entity:artifact:3:98.208,periodEndYear,1900
entity:artifact:3:98.209,periodEndYear,1900
entity:artifact:3:98.210,periodEndYear,1900
entity:artifact:3:98.955a-c,periodEndYear,1900
