from,relation,to
entity:artifact:1:ld1-1643381040022-1643381041048-0,usesMaterial,entity:material:canvas
entity:artifact:1:ld1-1643381040022-1643381041048-0,usesMaterial,entity:material:oil
entity:artifact:1:ld1-1643381040022-1643381042241-1,usesMaterial,entity:material:canvas
entity:artifact:1:ld1-1643381040022-1643381042241-1,usesMaterial,entity:material:oil
entity:artifact:1:ld1-1643381040022-1643381046516-1,usesMaterial,entity:material:ink
entity:artifact:1:ld1-1643381040022-1643381046516-1,usesMaterial,entity:material:paper
entity:artifact:1:ld1-1643381040022-1643381046517-0,usesMaterial,entity:material:paper
entity:artifact:1:ld1-1643381040022-1643381049785-0,usesMaterial,entity:material:paper
entity:artifact:1:ld1-1643381040022-1643381051352-0,usesMaterial,entity:material:paper
entity:artifact:1:ld1-1643381040022-1643381051352-0,usesMaterial,entity:material:pigment
entity:artifact:1:ld1-1643381040022-1643381054060-0,usesMaterial,entity:material:oil
entity:artifact:1:ld1-1643381040022-1643381054060-0,usesMaterial,entity:material:wood
entity:artifact:1:ld1-1643381040022-1643381054509-0,usesMaterial,entity:material:canvas
entity:artifact:1:ld1-1643381040022-1643381054509-0,usesMaterial,entity:material:oil
entity:artifact:1:ld1-1643381040022-1643381055993-0,usesMaterial,entity:material:ink
entity:artifact:1:ld1-1643381040022-1643381055993-0,usesMaterial,entity:material:paper
entity:artifact:1:ld1-1643381040022-1643381057843-0,usesMaterial,entity:material:paper
entity:artifact:1:ld1-1643381040022-1643381057843-0,usesMaterial,entity:material:wood
entity:artifact:1:ld1-1643381040022-1643381057909-1,usesMaterial,entity:material:canvas
entity:artifact:1:ld1-1643381040022-1643381057909-1,usesMaterial,entity:material:oil
entity:artifact:1:ld1-1643381040022-1643381058884-1,usesMaterial,entity:material:wood
entity:artifact:1:ld1-1643381040022-1643381058893-0,usesMaterial,entity:material:ivory
entity:artifact:1:ld1-1643381040022-1643381058893-0,usesMaterial,entity:material:paper
entity:artifact:1:ld1-1643381040022-1643381058911-1,usesMaterial,entity:material:ivory
entity:artifact:1:ld1-1643381040022-1643381058911-1,usesMaterial,entity:material:paper
entity:artifact:1:ld1-1643381040022-1643381058911-1,usesMaterial,entity:material:textile
entity:artifact:1:ld1-1643381040022-1643381058913-0,usesMaterial,entity:material:paper
entity:artifact:1:ld1-1643381040022-1643381058913-0,usesMaterial,entity:material:textile
entity:artifact:1:ld1-1643381040022-1643381058913-0,usesMaterial,entity:material:wood
entity:artifact:1:ld1-1643381040022-1643381058914-1,usesMaterial,entity:material:enamel
entity:artifact:1:ld1-1643381040022-1643381058914-1,usesMaterial,entity:material:metal
entity:artifact:1:ld1-1643381040022-1643381058918-1,usesMaterial,entity:material:ivory
entity:artifact:1:ld1-1643381040022-1643381058919-0,usesMaterial,entity:material:shell
entity:artifact:1:ld1-1643381040022-1643381058925-0,usesMaterial,entity:material:ivory
entity:artifact:1:ld1-1643381040022-1643381058925-0,usesMaterial,entity:material:textile
entity:artifact:1:ld1-1643381040022-1643381058946-1,usesMaterial,entity:material:wood
entity:artifact:1:ld1-1643381040022-1643381059066-0,usesMaterial,entity:material:ivory
entity:artifact:1:ld1-1643381040022-1643381059066-0,usesMaterial,entity:material:silk
entity:artifact:1:ld1-1643381040022-1643381059156-0,usesMaterial,entity:material:glass
entity:artifact:1:ld1-1643381040022-1643381060180-0,usesMaterial,entity:material:paper
entity:artifact:1:ld1-1643381040022-1643381060180-0,usesMaterial,entity:material:pigment
entity:artifact:1:ld1-1643381040022-1643381060244-1,usesMaterial,entity:material:paper
entity:artifact:1:ld1-1643381040022-1643381060334-0,usesMaterial,entity:material:paper
entity:artifact:1:ld1-1643381040022-1643381060334-0,usesMaterial,entity:material:pigment
entity:artifact:1:ld1-1643381040022-1643381062968-0,usesMaterial,entity:material:paper
entity:artifact:1:ld1-1643381040022-1643381062968-0,usesMaterial,entity:material:wood
entity:artifact:1:ld1-1643381040022-1643381064179-0,usesMaterial,entity:material:canvas
entity:artifact:1:ld1-1643381040022-1643381064179-0,usesMaterial,entity:material:oil
entity:artifact:1:ld1-1643381040022-1643381066704-1,usesMaterial,entity:material:ivory
entity:artifact:1:ld1-1643381040022-1643381066706-1,usesMaterial,entity:material:ivory
entity:artifact:1:ld1-1643381040022-1643381066708-0,usesMaterial,entity:material:ivory
entity:artifact:1:ld1-1643381040022-1643381066735-0,usesMaterial,entity:material:enamel
entity:artifact:1:ld1-1643381040022-1643381066735-0,usesMaterial,entity:material:silver
entity:artifact:1:ld1-1643390182193-1643390182369-0,usesMaterial,entity:material:ink
entity:artifact:1:ld1-1643390182193-1643390182369-0,usesMaterial,entity:material:pigment
entity:artifact:1:ld1-1643390182193-1643390182369-0,usesMaterial,entity:material:silk
entity:artifact:1:ld1-1643390182193-1643390182438-0,usesMaterial,entity:material:bronze
entity:artifact:1:ld1-1643390182193-1643390182789-0,usesMaterial,entity:material:copper
entity:artifact:1:ld1-1643390182193-1643390182789-0,usesMaterial,entity:material:earthenware
entity:artifact:1:ld1-1643390182193-1643390182964-0,usesMaterial,entity:material:earthenware
entity:artifact:1:ld1-1643390182193-1643390182964-0,usesMaterial,entity:material:wood
entity:artifact:1:ld1-1643390182193-1643390183003-0,usesMaterial,entity:material:earthenware
entity:artifact:1:ld1-1643390182193-1643390183003-0,usesMaterial,entity:material:gold
entity:artifact:1:ld1-1643390182193-1643390183003-0,usesMaterial,entity:material:lacquer
entity:artifact:1:ld1-1643390182193-1643390183661-0,usesMaterial,entity:material:gold
entity:artifact:1:ld1-1643390182193-1643390183661-0,usesMaterial,entity:material:ink
entity:artifact:1:ld1-1643390182193-1643390183661-0,usesMaterial,entity:material:paper
entity:artifact:1:ld1-1643390182193-1643390183661-0,usesMaterial,entity:material:pigment
entity:artifact:1:ld1-1643390182193-1643390183697-0,usesMaterial,entity:material:copper
entity:artifact:1:ld1-1643390182193-1643390183697-0,usesMaterial,entity:material:earthenware
entity:artifact:1:ld1-1643390182193-1643390183697-0,usesMaterial,entity:material:metal
entity:artifact:1:ld1-1643390182193-1643390183796-0,usesMaterial,entity:material:gold
entity:artifact:1:ld1-1643390182193-1643390183796-0,usesMaterial,entity:material:ink
entity:artifact:1:ld1-1643390182193-1643390183796-0,usesMaterial,entity:material:paper
entity:artifact:1:ld1-1643390182193-1643390183796-0,usesMaterial,entity:material:pigment
entity:artifact:1:ld1-1643390182193-1643390183796-1,usesMaterial,entity:material:gold
entity:artifact:1:ld1-1643390182193-1643390183796-1,usesMaterial,entity:material:ink
entity:artifact:1:ld1-1643390182193-1643390183796-1,usesMaterial,entity:material:paper
entity:artifact:1:ld1-1643390182193-1643390183796-1,usesMaterial,entity:material:pigment
entity:artifact:1:ld1-1643390182193-1643390183898-0,usesMaterial,entity:material:copper
entity:artifact:1:ld1-1643390182193-1643390183898-0,usesMaterial,entity:material:earthenware
entity:artifact:1:ld1-1643390182193-1643390183898-0,usesMaterial,entity:material:metal
entity:artifact:1:ld1-1643390182193-1643390184155-0,usesMaterial,entity:material:copper
entity:artifact:1:ld1-1643390182193-1643390184155-0,usesMaterial,entity:material:earthenware
entity:artifact:1:ld1-1643390182193-1643390184155-0,usesMaterial,entity:material:metal
entity:artifact:1:ld1-1643390182193-1643390184156-0,usesMaterial,entity:material:copper
entity:artifact:1:ld1-1643390182193-1643390184156-0,usesMaterial,entity:material:earthenware
entity:artifact:1:ld1-1643390182193-1643390184156-0,usesMaterial,entity:material:metal
entity:artifact:1:ld1-1643390182193-1643390184157-0,usesMaterial,entity:material:copper
entity:artifact:1:ld1-1643390182193-1643390184157-0,usesMaterial,entity:material:earthenware
entity:artifact:1:ld1-1643390182193-1643390184157-0,usesMaterial,entity:material:metal
entity:artifact:1:ld1-1643390182193-1643390184158-0,usesMaterial,entity:material:copper
entity:artifact:1:ld1-1643390182193-1643390184158-0,usesMaterial,entity:material:earthenware
entity:artifact:1:ld1-1643390182193-1643390184158-0,usesMaterial,entity:material:metal
entity:artifact:1:ld1-1643390182193-1643390184159-0,usesMaterial,entity:material:copper
entity:artifact:1:ld1-1643390182193-1643390184159-0,usesMaterial,entity:material:earthenware
entity:artifact:1:ld1-1643390182193-1643390184159-0,usesMaterial,entity:material:metal
entity:artifact:1:ld1-1643390182193-1643390184220-1,usesMaterial,entity:material:gold
entity:artifact:1:ld1-1643390182193-1643390184220-1,usesMaterial,entity:material:silk
entity:artifact:1:ld1-1643390182193-1643390184307-0,usesMaterial,entity:material:gold
entity:artifact:1:ld1-1643390182193-1643390184307-0,usesMaterial,entity:material:paper
entity:artifact:1:ld1-1643390182193-1643390184307-0,usesMaterial,entity:material:pigment
entity:artifact:1:ld1-1643390182193-1643390184337-0,usesMaterial,entity:material:ink
entity:artifact:1:ld1-1643390182193-1643390184337-0,usesMaterial,entity:material:paper
entity:artifact:1:ld1-1643390182193-1643390184342-0,usesMaterial,entity:material:ink
entity:artifact:1:ld1-1643390182193-1643390184342-0,usesMaterial,entity:material:pigment
entity:artifact:1:ld1-1643390182193-1643390184342-0,usesMaterial,entity:material:silk
entity:artifact:1:ld1-1643390182193-1643390184345-0,usesMaterial,entity:material:ink
entity:artifact:1:ld1-1643390182193-1643390184345-0,usesMaterial,entity:material:pigment
entity:artifact:1:ld1-1643390182193-1643390184345-0,usesMaterial,entity:material:silk
entity:artifact:1:ld1-1643390182193-1643390184347-0,usesMaterial,entity:material:canvas
entity:artifact:1:ld1-1643390182193-1643390184347-0,usesMaterial,entity:material:gold
entity:artifact:1:ld1-1643390182193-1643390184613-0,usesMaterial,entity:material:lacquer
entity:artifact:1:ld1-1643390182193-1643390184722-0,usesMaterial,entity:material:ink
entity:artifact:1:ld1-1643390182193-1643390184722-0,usesMaterial,entity:material:paper
entity:artifact:1:ld1-1643390182193-1643390184723-0,usesMaterial,entity:material:ink
entity:artifact:1:ld1-1643390182193-1643390184723-0,usesMaterial,entity:material:pigment
entity:artifact:1:ld1-1643390182193-1643390184723-0,usesMaterial,entity:material:silk
entity:artifact:1:ld1-1643390182193-1643390184728-0,usesMaterial,entity:material:ink
entity:artifact:1:ld1-1643390182193-1643390184728-0,usesMaterial,entity:material:pigment
entity:artifact:1:ld1-1643390182193-1643390184728-0,usesMaterial,entity:material:silk
entity:artifact:1:ld1-1643390182193-1643390184737-0,usesMaterial,entity:material:ink
entity:artifact:1:ld1-1643390182193-1643390184737-0,usesMaterial,entity:material:paper
entity:artifact:1:ld1-1643390182193-1643390184810-0,usesMaterial,entity:material:copper
entity:artifact:1:ld1-1643390182193-1643390184810-0,usesMaterial,entity:material:earthenware
entity:artifact:1:ld1-1643390182193-1643390184810-0,usesMaterial,entity:material:metal
entity:artifact:1:ld1-1643390182193-1643390184821-0,usesMaterial,entity:material:copper
entity:artifact:1:ld1-1643390182193-1643390184821-0,usesMaterial,entity:material:earthenware
entity:artifact:1:ld1-1643390182193-1643390184821-0,usesMaterial,entity:material:metal
entity:artifact:1:ld1-1643390182193-1643390184828-0,usesMaterial,entity:material:ink
entity:artifact:1:ld1-1643390182193-1643390184828-0,usesMaterial,entity:material:pigment
entity:artifact:1:ld1-1643390182193-1643390184828-0,usesMaterial,entity:material:silk
entity:artifact:1:ld1-1643390182193-1643390184854-0,usesMaterial,entity:material:ink
entity:artifact:1:ld1-1643390182193-1643390184854-0,usesMaterial,entity:material:pigment
entity:artifact:1:ld1-1643390182193-1643390184854-0,usesMaterial,entity:material:silk
entity:artifact:1:ld1-1643390182193-1643390184879-0,usesMaterial,entity:material:ink
entity:artifact:1:ld1-1643390182193-1643390184879-0,usesMaterial,entity:material:pigment
entity:artifact:1:ld1-1643390182193-1643390184879-0,usesMaterial,entity:material:silk
entity:artifact:1:ld1-1643390182193-1643390185005-0,usesMaterial,entity:material:copper
entity:artifact:1:ld1-1643390182193-1643390185005-0,usesMaterial,entity:material:earthenware
entity:artifact:1:ld1-1643390182193-1643390185005-0,usesMaterial,entity:material:metal
entity:artifact:1:ld1-1643390182193-1643390185006-0,usesMaterial,entity:material:copper
entity:artifact:1:ld1-1643390182193-1643390185006-0,usesMaterial,entity:material:earthenware
entity:artifact:1:ld1-1643390182193-1643390185006-0,usesMaterial,entity:material:metal
entity:artifact:1:ld1-1643390182193-1643390185007-0,usesMaterial,entity:material:copper
entity:artifact:1:ld1-1643390182193-1643390185007-0,usesMaterial,entity:material:earthenware
entity:artifact:1:ld1-1643390182193-1643390185007-0,usesMaterial,entity:material:metal
entity:artifact:1:ld1-1643390182193-1643390185009-0,usesMaterial,entity:material:copper
entity:artifact:1:ld1-1643390182193-1643390185009-0,usesMaterial,entity:material:earthenware
entity:artifact:1:ld1-1643390182193-1643390185009-0,usesMaterial,entity:material:metal
entity:artifact:1:ld1-1643390182193-1643390185010-0,usesMaterial,entity:material:copper
entity:artifact:1:ld1-1643390182193-1643390185010-0,usesMaterial,entity:material:earthenware
entity:artifact:1:ld1-1643390182193-1643390185010-0,usesMaterial,entity:material:metal
entity:artifact:1:ld1-1643390182193-1643390185011-0,usesMaterial,entity:material:copper
entity:artifact:1:ld1-1643390182193-1643390185011-0,usesMaterial,entity:material:earthenware
entity:artifact:1:ld1-1643390182193-1643390185011-0,usesMaterial,entity:material:metal
entity:artifact:1:ld1-1643390182193-1643390185115-1,usesMaterial,entity:material:textile
entity:artifact:1:ld1-1643390182193-1643390185147-1,usesMaterial,entity:material:ink
entity:artifact:1:ld1-1643390182193-1643390185147-1,usesMaterial,entity:material:silk
entity:artifact:1:ld1-1643390182193-1643390185158-0,usesMaterial,entity:material:textile
entity:artifact:1:ld1-1643390182193-1643390185171-0,usesMaterial,entity:material:ink
entity:artifact:1:ld1-1643390182193-1643390185171-0,usesMaterial,entity:material:pigment
entity:artifact:1:ld1-1643390182193-1643390185171-0,usesMaterial,entity:material:silk
entity:artifact:1:ld1-1643390182193-1643390185212-0,usesMaterial,entity:material:ink
entity:artifact:1:ld1-1643390182193-1643390185212-0,usesMaterial,entity:material:silk
entity:artifact:1:ld1-1643390182193-1643390185213-0,usesMaterial,entity:material:ink
entity:artifact:1:ld1-1643390182193-1643390185213-0,usesMaterial,entity:material:silk
entity:artifact:1:ld1-1643390182193-1643390185233-0,usesMaterial,entity:material:copper
entity:artifact:1:ld1-1643390182193-1643390185233-0,usesMaterial,entity:material:earthenware
entity:artifact:1:ld1-1643390182193-1643390185233-0,usesMaterial,entity:material:metal
entity:artifact:1:ld1-1643390182193-1643390185239-0,usesMaterial,entity:material:gold
entity:artifact:1:ld1-1643390182193-1643390185239-0,usesMaterial,entity:material:lacquer
entity:artifact:1:ld1-1643390182193-1643390185239-0,usesMaterial,entity:material:pigment
entity:artifact:1:ld1-1643390182193-1643390185379-0,usesMaterial,entity:material:copper
entity:artifact:1:ld1-1643390182193-1643390185379-0,usesMaterial,entity:material:earthenware
entity:artifact:1:ld1-1643390182193-1643390185379-0,usesMaterial,entity:material:metal
entity:artifact:1:ld1-1643390182193-1643390185380-0,usesMaterial,entity:material:copper
entity:artifact:1:ld1-1643390182193-1643390185380-0,usesMaterial,entity:material:earthenware
entity:artifact:1:ld1-1643390182193-1643390185380-0,usesMaterial,entity:material:metal
entity:artifact:1:ld1-1643390182193-1643390185381-0,usesMaterial,entity:material:copper
entity:artifact:1:ld1-1643390182193-1643390185381-0,usesMaterial,entity:material:earthenware
entity:artifact:1:ld1-1643390182193-1643390185381-0,usesMaterial,entity:material:metal
entity:artifact:1:ld1-1643390182193-1643390185382-0,usesMaterial,entity:material:copper
entity:artifact:1:ld1-1643390182193-1643390185382-0,usesMaterial,entity:material:earthenware
entity:artifact:1:ld1-1643390182193-1643390185382-0,usesMaterial,entity:material:metal
entity:artifact:1:ld1-1643390182193-1643390185382-1,usesMaterial,entity:material:copper
entity:artifact:1:ld1-1643390182193-1643390185382-1,usesMaterial,entity:material:earthenware
entity:artifact:1:ld1-1643390182193-1643390185382-1,usesMaterial,entity:material:metal
entity:artifact:1:ld1-1643390182193-1643390185383-0,usesMaterial,entity:material:copper
entity:artifact:1:ld1-1643390182193-1643390185383-0,usesMaterial,entity:material:earthenware
entity:artifact:1:ld1-1643390182193-1643390185383-0,usesMaterial,entity:material:metal
entity:artifact:1:ld1-1643390182193-1643390185394-1,usesMaterial,entity:material:ink
entity:artifact:1:ld1-1643390182193-1643390185394-1,usesMaterial,entity:material:silk
entity:artifact:1:ld1-1643390182193-1643390185400-0,usesMaterial,entity:material:ink
entity:artifact:1:ld1-1643390182193-1643390185400-0,usesMaterial,entity:material:pigment
entity:artifact:1:ld1-1643390182193-1643390185400-0,usesMaterial,entity:material:silk
entity:artifact:1:ld1-1643390182193-1643390185439-0,usesMaterial,entity:material:copper
entity:artifact:1:ld1-1643390182193-1643390185439-0,usesMaterial,entity:material:earthenware
entity:artifact:1:ld1-1643390182193-1643390185439-0,usesMaterial,entity:material:metal
entity:artifact:1:ld1-1643390182193-1643390185475-0,usesMaterial,entity:material:bronze
entity:artifact:1:ld1-1643390182193-1643390185476-0,usesMaterial,entity:material:bronze
entity:artifact:1:ld1-1643390182193-1643390185477-0,usesMaterial,entity:material:bronze
entity:artifact:1:ld1-1643390182193-1643390185478-0,usesMaterial,entity:material:bronze
entity:artifact:1:ld1-1643390182193-1643390185489-0,usesMaterial,entity:material:copper
entity:artifact:1:ld1-1643390182193-1643390185489-0,usesMaterial,entity:material:earthenware
entity:artifact:1:ld1-1643390182193-1643390185489-0,usesMaterial,entity:material:metal
entity:artifact:1:ld1-1643390182193-1643390185490-0,usesMaterial,entity:material:copper
entity:artifact:1:ld1-1643390182193-1643390185490-0,usesMaterial,entity:material:earthenware
entity:artifact:1:ld1-1643390182193-1643390185490-0,usesMaterial,entity:material:metal
entity:artifact:1:ld1-1643390182193-1643390185502-0,usesMaterial,entity:material:copper
entity:artifact:1:ld1-1643390182193-1643390185502-0,usesMaterial,entity:material:earthenware
entity:artifact:1:ld1-1643390182193-1643390185502-0,usesMaterial,entity:material:metal
entity:artifact:1:ld1-1643390182193-1643390185503-0,usesMaterial,entity:material:copper
entity:artifact:1:ld1-1643390182193-1643390185503-0,usesMaterial,entity:material:earthenware
entity:artifact:1:ld1-1643390182193-1643390185503-0,usesMaterial,entity:material:metal
entity:artifact:1:ld1-1643390182193-1643390185504-0,usesMaterial,entity:material:copper
entity:artifact:1:ld1-1643390182193-1643390185504-0,usesMaterial,entity:material:earthenware
entity:artifact:1:ld1-1643390182193-1643390185504-0,usesMaterial,entity:material:metal
entity:artifact:1:ld1-1643390182193-1643390185557-0,usesMaterial,entity:material:ink
entity:artifact:1:ld1-1643390182193-1643390185557-0,usesMaterial,entity:material:pigment
entity:artifact:1:ld1-1643390182193-1643390185557-0,usesMaterial,entity:material:silk
entity:artifact:1:ld1-1643390182193-1643390185559-0,usesMaterial,entity:material:ink
entity:artifact:1:ld1-1643390182193-1643390185559-0,usesMaterial,entity:material:silk
entity:artifact:1:ld1-1643390182193-1643390185559-1,usesMaterial,entity:material:ink
entity:artifact:1:ld1-1643390182193-1643390185559-1,usesMaterial,entity:material:silk
entity:artifact:1:ld1-1643390182193-1643390185560-0,usesMaterial,entity:material:ink
entity:artifact:1:ld1-1643390182193-1643390185560-0,usesMaterial,entity:material:silk
entity:artifact:1:ld1-1643390182193-1643390185859-1,usesMaterial,entity:material:bronze
entity:artifact:1:ld1-1643390182193-1643390185861-1,usesMaterial,entity:material:bronze
entity:artifact:1:ld1-1643390182193-1643390185863-0,usesMaterial,entity:material:bronze
entity:artifact:1:ld1-1643390182193-1643390185954-0,usesMaterial,entity:material:ink
entity:artifact:1:ld1-1643390182193-1643390185954-0,usesMaterial,entity:material:silk
entity:artifact:1:ld1-1643390182193-1643390185955-0,usesMaterial,entity:material:ink
entity:artifact:1:ld1-1643390182193-1643390185955-0,usesMaterial,entity:material:silk
entity:artifact:1:ld1-1643390182193-1643390185990-0,usesMaterial,entity:material:copper
entity:artifact:1:ld1-1643390182193-1643390185990-0,usesMaterial,entity:material:earthenware
entity:artifact:1:ld1-1643390182193-1643390185990-0,usesMaterial,entity:material:metal
entity:artifact:1:ld1-1643390182193-1643390185990-1,usesMaterial,entity:material:copper
entity:artifact:1:ld1-1643390182193-1643390185990-1,usesMaterial,entity:material:earthenware
entity:artifact:1:ld1-1643390182193-1643390185990-1,usesMaterial,entity:material:metal
entity:artifact:1:ld1-1643390182193-1643390185991-0,usesMaterial,entity:material:copper
entity:artifact:1:ld1-1643390182193-1643390185991-0,usesMaterial,entity:material:earthenware
entity:artifact:1:ld1-1643390182193-1643390185991-0,usesMaterial,entity:material:metal
entity:artifact:1:ld1-1643390182193-1643390186230-0,usesMaterial,entity:material:ink
entity:artifact:1:ld1-1643390182193-1643390186230-0,usesMaterial,entity:material:pigment
entity:artifact:1:ld1-1643390182193-1643390186230-0,usesMaterial,entity:material:silk
entity:artifact:1:ld1-1643390182193-1643390186421-0,usesMaterial,entity:material:stone
entity:artifact:1:ld1-1643390182193-1643390186422-0,usesMaterial,entity:material:stone
entity:artifact:1:ld1-1643390182193-1643390186427-0,usesMaterial,entity:material:stone
entity:artifact:1:ld1-1643390182193-1643390186428-0,usesMaterial,entity:material:stone
entity:artifact:1:ld1-1643390182193-1643390186429-0,usesMaterial,entity:material:stone
entity:artifact:1:ld1-1643390182193-1643390186431-0,usesMaterial,entity:material:stone
entity:artifact:1:ld1-1643390182193-1643390186434-0,usesMaterial,entity:material:stone
entity:artifact:1:ld1-1643390182193-1643390186435-0,usesMaterial,entity:material:stone
entity:artifact:1:ld1-1643390182193-1643390186436-0,usesMaterial,entity:material:stone
entity:artifact:1:ld1-1643390182193-1643390186438-0,usesMaterial,entity:material:stone
entity:artifact:1:ld1-1643390182193-1643390186440-0,usesMaterial,entity:material:earthenware
entity:artifact:1:ld1-1643390182193-1643390186482-0,usesMaterial,entity:material:ink
entity:artifact:1:ld1-1643390182193-1643390186482-0,usesMaterial,entity:material:pigment
entity:artifact:1:ld1-1643390182193-1643390186482-0,usesMaterial,entity:material:silk
entity:artifact:1:ld1-1643390182193-1643390186483-0,usesMaterial,entity:material:ink
entity:artifact:1:ld1-1643390182193-1643390186483-0,usesMaterial,entity:material:pigment
entity:artifact:1:ld1-1643390182193-1643390186483-0,usesMaterial,entity:material:silk
entity:artifact:1:ld1-1643390182193-1643390186484-0,usesMaterial,entity:material:ink
entity:artifact:1:ld1-1643390182193-1643390186484-0,usesMaterial,entity:material:pigment
entity:artifact:1:ld1-1643390182193-1643390186484-0,usesMaterial,entity:material:silk
entity:artifact:1:ld1-1643390182193-1643390186488-0,usesMaterial,entity:material:ink
entity:artifact:1:ld1-1643390182193-1643390186488-0,usesMaterial,entity:material:silk
entity:artifact:1:ld1-1643390182193-1643390186489-0,usesMaterial,entity:material:ink
entity:artifact:1:ld1-1643390182193-1643390186489-0,usesMaterial,entity:material:pigment
entity:artifact:1:ld1-1643390182193-1643390186489-0,usesMaterial,entity:material:silk
entity:artifact:1:ld1-1643390182193-1643390186490-0,usesMaterial,entity:material:ink
entity:artifact:1:ld1-1643390182193-1643390186490-0,usesMaterial,entity:material:pigment
entity:artifact:1:ld1-1643390182193-1643390186490-0,usesMaterial,entity:material:silk
entity:artifact:1:ld1-1643390182193-1643390186493-0,usesMaterial,entity:material:ink
entity:artifact:1:ld1-1643390182193-1643390186493-0,usesMaterial,entity:material:pigment
entity:artifact:1:ld1-1643390182193-1643390186493-0,usesMaterial,entity:material:silk
entity:artifact:1:ld1-1643390182193-1643390186494-0,usesMaterial,entity:material:ink
entity:artifact:1:ld1-1643390182193-1643390186494-0,usesMaterial,entity:material:pigment
entity:artifact:1:ld1-1643390182193-1643390186494-0,usesMaterial,entity:material:silk
entity:artifact:1:ld1-1643390182193-1643390186495-1,usesMaterial,entity:material:ink
entity:artifact:1:ld1-1643390182193-1643390186495-1,usesMaterial,entity:material:paper
entity:artifact:1:ld1-1643390182193-1643390186496-0,usesMaterial,entity:material:ink
entity:artifact:1:ld1-1643390182193-1643390186496-0,usesMaterial,entity:material:paper
entity:artifact:1:ld1-1643390182193-1643390186496-0,usesMaterial,entity:material:pigment
entity:artifact:1:ld1-1643390182193-1643390186498-0,usesMaterial,entity:material:ink
entity:artifact:1:ld1-1643390182193-1643390186498-0,usesMaterial,entity:material:pigment
entity:artifact:1:ld1-1643390182193-1643390186498-0,usesMaterial,entity:material:silk
entity:artifact:1:ld1-1643390182193-1643390186502-0,usesMaterial,entity:material:ink
entity:artifact:1:ld1-1643390182193-1643390186502-0,usesMaterial,entity:material:silk
entity:artifact:1:ld1-1643390182193-1643390186507-0,usesMaterial,entity:material:ink
entity:artifact:1:ld1-1643390182193-1643390186507-0,usesMaterial,entity:material:pigment
entity:artifact:1:ld1-1643390182193-1643390186507-0,usesMaterial,entity:material:silk
entity:artifact:1:ld1-1643390182193-1643390186509-0,usesMaterial,entity:material:ink
entity:artifact:1:ld1-1643390182193-1643390186509-0,usesMaterial,entity:material:pigment
entity:artifact:1:ld1-1643390182193-1643390186509-0,usesMaterial,entity:material:silk
entity:artifact:1:ld1-1643390182193-1643390186510-0,usesMaterial,entity:material:ink
entity:artifact:1:ld1-1643390182193-1643390186510-0,usesMaterial,entity:material:paper
entity:artifact:1:ld1-1643390182193-1643390186510-0,usesMaterial,entity:material:pigment
entity:artifact:1:ld1-1643390182193-1643390186513-0,usesMaterial,entity:material:ink
entity:artifact:1:ld1-1643390182193-1643390186513-0,usesMaterial,entity:material:pigment
entity:artifact:1:ld1-1643390182193-1643390186513-0,usesMaterial,entity:material:silk
entity:artifact:1:ld1-1643390182193-1643390186515-0,usesMaterial,entity:material:ink
entity:artifact:1:ld1-1643390182193-1643390186515-0,usesMaterial,entity:material:pigment
entity:artifact:1:ld1-1643390182193-1643390186515-0,usesMaterial,entity:material:silk
entity:artifact:1:ld1-1643390182193-1643390186517-0,usesMaterial,entity:material:ink
entity:artifact:1:ld1-1643390182193-1643390186517-0,usesMaterial,entity:material:pigment
entity:artifact:1:ld1-1643390182193-1643390186517-0,usesMaterial,entity:material:silk
entity:artifact:1:ld1-1643390182193-1643390186518-0,usesMaterial,entity:material:ink
entity:artifact:1:ld1-1643390182193-1643390186518-0,usesMaterial,entity:material:pigment
entity:artifact:1:ld1-1643390182193-1643390186518-0,usesMaterial,entity:material:silk
entity:artifact:1:ld1-1643390182193-1643390186519-0,usesMaterial,entity:material:ink
entity:artifact:1:ld1-1643390182193-1643390186519-0,usesMaterial,entity:material:pigment
entity:artifact:1:ld1-1643390182193-1643390186519-0,usesMaterial,entity:material:silk
entity:artifact:1:ld1-1643390182193-1643390186521-1,usesMaterial,entity:material:ink
entity:artifact:1:ld1-1643390182193-1643390186521-1,usesMaterial,entity:material:pigment
entity:artifact:1:ld1-1643390182193-1643390186521-1,usesMaterial,entity:material:silk
entity:artifact:1:ld1-1643390182193-1643390186522-0,usesMaterial,entity:material:gold
entity:artifact:1:ld1-1643390182193-1643390186522-0,usesMaterial,entity:material:ink
entity:artifact:1:ld1-1643390182193-1643390186522-0,usesMaterial,entity:material:pigment
entity:artifact:1:ld1-1643390182193-1643390186522-0,usesMaterial,entity:material:silk
entity:artifact:1:ld1-1643390182193-1643390186523-0,usesMaterial,entity:material:ink
entity:artifact:1:ld1-1643390182193-1643390186523-0,usesMaterial,entity:material:pigment
entity:artifact:1:ld1-1643390182193-1643390186523-0,usesMaterial,entity:material:silk
entity:artifact:1:ld1-1643390182193-1643390186525-0,usesMaterial,entity:material:ink
entity:artifact:1:ld1-1643390182193-1643390186525-0,usesMaterial,entity:material:pigment
entity:artifact:1:ld1-1643390182193-1643390186525-0,usesMaterial,entity:material:silk
entity:artifact:1:ld1-1643390182193-1643390186526-0,usesMaterial,entity:material:ink
entity:artifact:1:ld1-1643390182193-1643390186526-0,usesMaterial,entity:material:pigment
entity:artifact:1:ld1-1643390182193-1643390186526-0,usesMaterial,entity:material:silk
entity:artifact:1:ld1-1643390182193-1643390186527-0,usesMaterial,entity:material:ink
entity:artifact:1:ld1-1643390182193-1643390186527-0,usesMaterial,entity:material:pigment
entity:artifact:1:ld1-1643390182193-1643390186527-0,usesMaterial,entity:material:silk
entity:artifact:1:ld1-1643390182193-1643390186528-0,usesMaterial,entity:material:ink
entity:artifact:1:ld1-1643390182193-1643390186528-0,usesMaterial,entity:material:pigment
entity:artifact:1:ld1-1643390182193-1643390186528-0,usesMaterial,entity:material:silk
entity:artifact:1:ld1-1643390182193-1643390186529-0,usesMaterial,entity:material:ink
entity:artifact:1:ld1-1643390182193-1643390186529-0,usesMaterial,entity:material:paper
entity:artifact:1:ld1-1643390182193-1643390186529-0,usesMaterial,entity:material:pigment
entity:artifact:1:ld1-1643390182193-1643390186534-0,usesMaterial,entity:material:ink
entity:artifact:1:ld1-1643390182193-1643390186534-0,usesMaterial,entity:material:paper
entity:artifact:1:ld1-1643390182193-1643390186536-0,usesMaterial,entity:material:ink
entity:artifact:1:ld1-1643390182193-1643390186536-0,usesMaterial,entity:material:pigment
entity:artifact:1:ld1-1643390182193-1643390186536-0,usesMaterial,entity:material:silk
entity:artifact:1:ld1-1643390182193-1643390186539-0,usesMaterial,entity:material:ink
entity:artifact:1:ld1-1643390182193-1643390186539-0,usesMaterial,entity:material:pigment
entity:artifact:1:ld1-1643390182193-1643390186539-0,usesMaterial,entity:material:silk
entity:artifact:1:ld1-1643390182193-1643390186541-0,usesMaterial,entity:material:gold
entity:artifact:1:ld1-1643390182193-1643390186541-0,usesMaterial,entity:material:ink
entity:artifact:1:ld1-1643390182193-1643390186541-0,usesMaterial,entity:material:pigment
entity:artifact:1:ld1-1643390182193-1643390186541-0,usesMaterial,entity:material:silk
entity:artifact:1:ld1-1643390182193-1643390186542-0,usesMaterial,entity:material:ink
entity:artifact:1:ld1-1643390182193-1643390186542-0,usesMaterial,entity:material:pigment
entity:artifact:1:ld1-1643390182193-1643390186542-0,usesMaterial,entity:material:silk
entity:artifact:1:ld1-1643390182193-1643390186544-0,usesMaterial,entity:material:ink
entity:artifact:1:ld1-1643390182193-1643390186544-0,usesMaterial,entity:material:paper
entity:artifact:1:ld1-1643390182193-1643390186545-1,usesMaterial,entity:material:ink
entity:artifact:1:ld1-1643390182193-1643390186545-1,usesMaterial,entity:material:pigment
entity:artifact:1:ld1-1643390182193-1643390186545-1,usesMaterial,entity:material:silk
entity:artifact:1:ld1-1643390182193-1643390186547-0,usesMaterial,entity:material:ink
entity:artifact:1:ld1-1643390182193-1643390186547-0,usesMaterial,entity:material:pigment
entity:artifact:1:ld1-1643390182193-1643390186547-0,usesMaterial,entity:material:silk
entity:artifact:1:ld1-1643390182193-1643390186548-0,usesMaterial,entity:material:ink
entity:artifact:1:ld1-1643390182193-1643390186548-0,usesMaterial,entity:material:pigment
entity:artifact:1:ld1-1643390182193-1643390186548-0,usesMaterial,entity:material:silk
entity:artifact:1:ld1-1643390182193-1643390186550-0,usesMaterial,entity:material:ink
entity:artifact:1:ld1-1643390182193-1643390186550-0,usesMaterial,entity:material:paper
entity:artifact:1:ld1-1643390182193-1643390186551-0,usesMaterial,entity:material:ink
entity:artifact:1:ld1-1643390182193-1643390186551-0,usesMaterial,entity:material:pigment
entity:artifact:1:ld1-1643390182193-1643390186551-0,usesMaterial,entity:material:silk
entity:artifact:1:ld1-1643390182193-1643390186552-0,usesMaterial,entity:material:ink
entity:artifact:1:ld1-1643390182193-1643390186552-0,usesMaterial,entity:material:pigment
entity:artifact:1:ld1-1643390182193-1643390186552-0,usesMaterial,entity:material:silk
entity:artifact:1:ld1-1643390182193-1643390186553-0,usesMaterial,entity:material:ink
entity:artifact:1:ld1-1643390182193-1643390186553-0,usesMaterial,entity:material:pigment
entity:artifact:1:ld1-1643390182193-1643390186553-0,usesMaterial,entity:material:silk
entity:artifact:1:ld1-1643390182193-1643390186554-0,usesMaterial,entity:material:gold
entity:artifact:1:ld1-1643390182193-1643390186554-0,usesMaterial,entity:material:ink
entity:artifact:1:ld1-1643390182193-1643390186554-0,usesMaterial,entity:material:pigment
entity:artifact:1:ld1-1643390182193-1643390186554-0,usesMaterial,entity:material:silk
entity:artifact:1:ld1-1643390182193-1643390186555-0,usesMaterial,entity:material:ink
entity:artifact:1:ld1-1643390182193-1643390186555-0,usesMaterial,entity:material:pigment
entity:artifact:1:ld1-1643390182193-1643390186555-0,usesMaterial,entity:material:silk
entity:artifact:1:ld1-1643390182193-1643390186556-0,usesMaterial,entity:material:gold
entity:artifact:1:ld1-1643390182193-1643390186556-0,usesMaterial,entity:material:ink
entity:artifact:1:ld1-1643390182193-1643390186556-0,usesMaterial,entity:material:pigment
entity:artifact:1:ld1-1643390182193-1643390186556-0,usesMaterial,entity:material:silk
entity:artifact:1:ld1-1643390182193-1643390186558-1,usesMaterial,entity:material:pigment
entity:artifact:1:ld1-1643390182193-1643390186558-1,usesMaterial,entity:material:silk
entity:artifact:1:ld1-1643390182193-1643390186560-0,usesMaterial,entity:material:ink
entity:artifact:1:ld1-1643390182193-1643390186560-0,usesMaterial,entity:material:pigment
entity:artifact:1:ld1-1643390182193-1643390186560-0,usesMaterial,entity:material:silk
entity:artifact:1:ld1-1643390182193-1643390186561-0,usesMaterial,entity:material:pigment
entity:artifact:1:ld1-1643390182193-1643390186561-0,usesMaterial,entity:material:silk
entity:artifact:1:ld1-1643390182193-1643390186562-0,usesMaterial,entity:material:pigment
entity:artifact:1:ld1-1643390182193-1643390186562-0,usesMaterial,entity:material:silk
entity:artifact:1:ld1-1643390182193-1643390186563-0,usesMaterial,entity:material:ink
entity:artifact:1:ld1-1643390182193-1643390186563-0,usesMaterial,entity:material:silk
entity:artifact:1:ld1-1643390182193-1643390186564-1,usesMaterial,entity:material:pigment
entity:artifact:1:ld1-1643390182193-1643390186564-1,usesMaterial,entity:material:silk
entity:artifact:1:ld1-1643390182193-1643390186566-0,usesMaterial,entity:material:ink
entity:artifact:1:ld1-1643390182193-1643390186566-0,usesMaterial,entity:material:pigment
entity:artifact:1:ld1-1643390182193-1643390186566-0,usesMaterial,entity:material:silk
entity:artifact:1:ld1-1643390182193-1643390186566-1,usesMaterial,entity:material:ink
entity:artifact:1:ld1-1643390182193-1643390186566-1,usesMaterial,entity:material:pigment
entity:artifact:1:ld1-1643390182193-1643390186566-1,usesMaterial,entity:material:silk
entity:artifact:1:ld1-1643390182193-1643390186568-0,usesMaterial,entity:material:ink
entity:artifact:1:ld1-1643390182193-1643390186568-0,usesMaterial,entity:material:pigment
entity:artifact:1:ld1-1643390182193-1643390186568-0,usesMaterial,entity:material:silk
entity:artifact:1:ld1-1643390182193-1643390186569-0,usesMaterial,entity:material:ink
entity:artifact:1:ld1-1643390182193-1643390186569-0,usesMaterial,entity:material:pigment
entity:artifact:1:ld1-1643390182193-1643390186569-0,usesMaterial,entity:material:silk
entity:artifact:1:ld1-1643390182193-1643390186576-0,usesMaterial,entity:material:ink
entity:artifact:1:ld1-1643390182193-1643390186576-0,usesMaterial,entity:material:pigment
entity:artifact:1:ld1-1643390182193-1643390186576-0,usesMaterial,entity:material:silk
entity:artifact:1:ld1-1643390182193-1643390186576-1,usesMaterial,entity:material:ink
entity:artifact:1:ld1-1643390182193-1643390186576-1,usesMaterial,entity:material:silk
entity:artifact:1:ld1-1643390182193-1643390186578-0,usesMaterial,entity:material:ink
entity:artifact:1:ld1-1643390182193-1643390186578-0,usesMaterial,entity:material:silk
entity:artifact:1:ld1-1643390182193-1643390186579-0,usesMaterial,entity:material:ink
entity:artifact:1:ld1-1643390182193-1643390186579-0,usesMaterial,entity:material:pigment
entity:artifact:1:ld1-1643390182193-1643390186579-0,usesMaterial,entity:material:silk
entity:artifact:1:ld1-1643390182193-1643390186579-1,usesMaterial,entity:material:ink
entity:artifact:1:ld1-1643390182193-1643390186579-1,usesMaterial,entity:material:pigment
entity:artifact:1:ld1-1643390182193-1643390186579-1,usesMaterial,entity:material:silk
entity:artifact:1:ld1-1643390182193-1643390186581-0,usesMaterial,entity:material:ink
entity:artifact:1:ld1-1643390182193-1643390186581-0,usesMaterial,entity:material:pigment
entity:artifact:1:ld1-1643390182193-1643390186581-0,usesMaterial,entity:material:silk
entity:artifact:1:ld1-1643390182193-1643390186583-0,usesMaterial,entity:material:gold
entity:artifact:1:ld1-1643390182193-1643390186583-0,usesMaterial,entity:material:ink
entity:artifact:1:ld1-1643390182193-1643390186583-0,usesMaterial,entity:material:pigment
entity:artifact:1:ld1-1643390182193-1643390186583-0,usesMaterial,entity:material:silk
entity:artifact:1:ld1-1643390182193-1643390186584-0,usesMaterial,entity:material:ink
entity:artifact:1:ld1-1643390182193-1643390186584-0,usesMaterial,entity:material:pigment
entity:artifact:1:ld1-1643390182193-1643390186584-0,usesMaterial,entity:material:silk
entity:artifact:1:ld1-1643390182193-1643390186584-1,usesMaterial,entity:material:ink
entity:artifact:1:ld1-1643390182193-1643390186584-1,usesMaterial,entity:material:pigment
entity:artifact:1:ld1-1643390182193-1643390186584-1,usesMaterial,entity:material:silk
entity:artifact:1:ld1-1643390182193-1643390186585-0,usesMaterial,entity:material:ink
entity:artifact:1:ld1-1643390182193-1643390186585-0,usesMaterial,entity:material:pigment
entity:artifact:1:ld1-1643390182193-1643390186585-0,usesMaterial,entity:material:silk
entity:artifact:1:ld1-1643390182193-1643390186586-0,usesMaterial,entity:material:ink
entity:artifact:1:ld1-1643390182193-1643390186586-0,usesMaterial,entity:material:pigment
entity:artifact:1:ld1-1643390182193-1643390186586-0,usesMaterial,entity:material:silk
entity:artifact:1:ld1-1643390182193-1643390186587-0,usesMaterial,entity:material:pigment
entity:artifact:1:ld1-1643390182193-1643390186587-0,usesMaterial,entity:material:silk
entity:artifact:1:ld1-1643390182193-1643390186589-0,usesMaterial,entity:material:ink
entity:artifact:1:ld1-1643390182193-1643390186589-0,usesMaterial,entity:material:silk
entity:artifact:1:ld1-1643390182193-1643390186590-0,usesMaterial,entity:material:gold
entity:artifact:1:ld1-1643390182193-1643390186590-0,usesMaterial,entity:material:ink
entity:artifact:1:ld1-1643390182193-1643390186590-0,usesMaterial,entity:material:pigment
entity:artifact:1:ld1-1643390182193-1643390186590-0,usesMaterial,entity:material:silk
entity:artifact:1:ld1-1643390182193-1643390186592-0,usesMaterial,entity:material:ink
entity:artifact:1:ld1-1643390182193-1643390186592-0,usesMaterial,entity:material:pigment
entity:artifact:1:ld1-1643390182193-1643390186592-0,usesMaterial,entity:material:silk
entity:artifact:1:ld1-1643390182193-1643390186593-0,usesMaterial,entity:material:ink
entity:artifact:1:ld1-1643390182193-1643390186593-0,usesMaterial,entity:material:pigment
entity:artifact:1:ld1-1643390182193-1643390186593-0,usesMaterial,entity:material:silk
entity:artifact:1:ld1-1643390182193-1643390186594-0,usesMaterial,entity:material:ink
entity:artifact:1:ld1-1643390182193-1643390186594-0,usesMaterial,entity:material:pigment
entity:artifact:1:ld1-1643390182193-1643390186594-0,usesMaterial,entity:material:silk
entity:artifact:1:ld1-1643390182193-1643390186597-1,usesMaterial,entity:material:ink
entity:artifact:1:ld1-1643390182193-1643390186597-1,usesMaterial,entity:material:pigment
entity:artifact:1:ld1-1643390182193-1643390186597-1,usesMaterial,entity:material:silk
entity:artifact:1:ld1-1643390182193-1643390186598-0,usesMaterial,entity:material:ink
entity:artifact:1:ld1-1643390182193-1643390186598-0,usesMaterial,entity:material:silk
entity:artifact:1:ld1-1643390182193-1643390186599-1,usesMaterial,entity:material:pigment
entity:artifact:1:ld1-1643390182193-1643390186599-1,usesMaterial,entity:material:silk
entity:artifact:1:ld1-1643390182193-1643390186600-0,usesMaterial,entity:material:ink
entity:artifact:1:ld1-1643390182193-1643390186600-0,usesMaterial,entity:material:pigment
entity:artifact:1:ld1-1643390182193-1643390186600-0,usesMaterial,entity:material:silk
entity:artifact:1:ld1-1643390182193-1643390186606-1,usesMaterial,entity:material:ink
entity:artifact:1:ld1-1643390182193-1643390186606-1,usesMaterial,entity:material:pigment
entity:artifact:1:ld1-1643390182193-1643390186606-1,usesMaterial,entity:material:silk
entity:artifact:1:ld1-1643390182193-1643390186607-0,usesMaterial,entity:material:ink
entity:artifact:1:ld1-1643390182193-1643390186607-0,usesMaterial,entity:material:pigment
entity:artifact:1:ld1-1643390182193-1643390186607-0,usesMaterial,entity:material:silk
entity:artifact:1:ld1-1643390182193-1643390186608-0,usesMaterial,entity:material:ink
entity:artifact:1:ld1-1643390182193-1643390186608-0,usesMaterial,entity:material:pigment
entity:artifact:1:ld1-1643390182193-1643390186608-0,usesMaterial,entity:material:silk
entity:artifact:1:ld1-1643390182193-1643390186608-1,usesMaterial,entity:material:ink
entity:artifact:1:ld1-1643390182193-1643390186608-1,usesMaterial,entity:material:pigment
entity:artifact:1:ld1-1643390182193-1643390186608-1,usesMaterial,entity:material:silk
entity:artifact:1:ld1-1643390182193-1643390186609-0,usesMaterial,entity:material:ink
entity:artifact:1:ld1-1643390182193-1643390186609-0,usesMaterial,entity:material:pigment
entity:artifact:1:ld1-1643390182193-1643390186609-0,usesMaterial,entity:material:silk
entity:artifact:1:ld1-1643390182193-1643390186610-0,usesMaterial,entity:material:ink
entity:artifact:1:ld1-1643390182193-1643390186610-0,usesMaterial,entity:material:pigment
entity:artifact:1:ld1-1643390182193-1643390186610-0,usesMaterial,entity:material:silk
entity:artifact:1:ld1-1643390182193-1643390186611-0,usesMaterial,entity:material:ink
entity:artifact:1:ld1-1643390182193-1643390186611-0,usesMaterial,entity:material:pigment
entity:artifact:1:ld1-1643390182193-1643390186611-0,usesMaterial,entity:material:silk
entity:artifact:1:ld1-1643390182193-1643390186615-1,usesMaterial,entity:material:ink
entity:artifact:1:ld1-1643390182193-1643390186615-1,usesMaterial,entity:material:pigment
entity:artifact:1:ld1-1643390182193-1643390186615-1,usesMaterial,entity:material:silk
entity:artifact:1:ld1-1643390182193-1643390186616-0,usesMaterial,entity:material:ink
entity:artifact:1:ld1-1643390182193-1643390186616-0,usesMaterial,entity:material:pigment
entity:artifact:1:ld1-1643390182193-1643390186616-0,usesMaterial,entity:material:silk
entity:artifact:1:ld1-1643390182193-1643390186617-0,usesMaterial,entity:material:ink
entity:artifact:1:ld1-1643390182193-1643390186617-0,usesMaterial,entity:material:pigment
entity:artifact:1:ld1-1643390182193-1643390186617-0,usesMaterial,entity:material:silk
entity:artifact:1:ld1-1643390182193-1643390186618-0,usesMaterial,entity:material:ink
entity:artifact:1:ld1-1643390182193-1643390186618-0,usesMaterial,entity:material:pigment
entity:artifact:1:ld1-1643390182193-1643390186618-0,usesMaterial,entity:material:silk
entity:artifact:1:ld1-1643390182193-1643390186619-0,usesMaterial,entity:material:ink
entity:artifact:1:ld1-1643390182193-1643390186619-0,usesMaterial,entity:material:pigment
entity:artifact:1:ld1-1643390182193-1643390186619-0,usesMaterial,entity:material:silk
entity:artifact:1:ld1-1643390182193-1643390186620-0,usesMaterial,entity:material:ink
entity:artifact:1:ld1-1643390182193-1643390186620-0,usesMaterial,entity:material:pigment
entity:artifact:1:ld1-1643390182193-1643390186620-0,usesMaterial,entity:material:silk
entity:artifact:1:ld1-1643390182193-1643390186621-0,usesMaterial,entity:material:ink
entity:artifact:1:ld1-1643390182193-1643390186621-0,usesMaterial,entity:material:pigment
entity:artifact:1:ld1-1643390182193-1643390186621-0,usesMaterial,entity:material:silk
entity:artifact:1:ld1-1643390182193-1643390186621-1,usesMaterial,entity:material:ink
entity:artifact:1:ld1-1643390182193-1643390186621-1,usesMaterial,entity:material:pigment
entity:artifact:1:ld1-1643390182193-1643390186621-1,usesMaterial,entity:material:silk
entity:artifact:1:ld1-1643390182193-1643390186622-0,usesMaterial,entity:material:ink
entity:artifact:1:ld1-1643390182193-1643390186622-0,usesMaterial,entity:material:pigment
entity:artifact:1:ld1-1643390182193-1643390186622-0,usesMaterial,entity:material:silk
entity:artifact:1:ld1-1643390182193-1643390186623-0,usesMaterial,entity:material:ink
entity:artifact:1:ld1-1643390182193-1643390186623-0,usesMaterial,entity:material:paper
entity:artifact:1:ld1-1643390182193-1643390186628-0,usesMaterial,entity:material:ink
entity:artifact:1:ld1-1643390182193-1643390186628-0,usesMaterial,entity:material:pigment
entity:artifact:1:ld1-1643390182193-1643390186628-0,usesMaterial,entity:material:silk
entity:artifact:1:ld1-1643390182193-1643390186632-0,usesMaterial,entity:material:ink
entity:artifact:1:ld1-1643390182193-1643390186632-0,usesMaterial,entity:material:pigment
entity:artifact:1:ld1-1643390182193-1643390186632-0,usesMaterial,entity:material:silk
entity:artifact:1:ld1-1643390182193-1643390186635-0,usesMaterial,entity:material:ink
entity:artifact:1:ld1-1643390182193-1643390186635-0,usesMaterial,entity:material:paper
entity:artifact:1:ld1-1643390182193-1643390186638-0,usesMaterial,entity:material:ink
entity:artifact:1:ld1-1643390182193-1643390186638-0,usesMaterial,entity:material:silk
entity:artifact:1:ld1-1643390182193-1643390186640-0,usesMaterial,entity:material:ink
entity:artifact:1:ld1-1643390182193-1643390186640-0,usesMaterial,entity:material:silk
entity:artifact:1:ld1-1643390182193-1643390186641-0,usesMaterial,entity:material:ink
entity:artifact:1:ld1-1643390182193-1643390186641-0,usesMaterial,entity:material:silk
entity:artifact:1:ld1-1643390182193-1643390186642-0,usesMaterial,entity:material:ink
entity:artifact:1:ld1-1643390182193-1643390186642-0,usesMaterial,entity:material:pigment
entity:artifact:1:ld1-1643390182193-1643390186642-0,usesMaterial,entity:material:silk
entity:artifact:1:ld1-1643390182193-1643390186645-0,usesMaterial,entity:material:ink
entity:artifact:1:ld1-1643390182193-1643390186645-0,usesMaterial,entity:material:silk
entity:artifact:1:ld1-1643390182193-1643390186650-1,usesMaterial,entity:material:bronze
entity:artifact:1:ld1-1643390182193-1643390186651-0,usesMaterial,entity:material:bronze
entity:artifact:1:ld1-1643390182193-1643390186654-0,usesMaterial,entity:material:bronze
entity:artifact:1:ld1-1643390182193-1643390186655-0,usesMaterial,entity:material:bronze
entity:artifact:1:ld1-1643390182193-1643390186656-0,usesMaterial,entity:material:bronze
entity:artifact:1:ld1-1643390182193-1643390186657-0,usesMaterial,entity:material:bronze
entity:artifact:1:ld1-1643390182193-1643390186658-0,usesMaterial,entity:material:bronze
entity:artifact:1:ld1-1643390182193-1643390186659-0,usesMaterial,entity:material:bronze
entity:artifact:1:ld1-1643390182193-1643390186660-0,usesMaterial,entity:material:bronze
entity:artifact:1:ld1-1643390182193-1643390186661-0,usesMaterial,entity:material:bronze
entity:artifact:1:ld1-1643390182193-1643390186666-1,usesMaterial,entity:material:bronze
entity:artifact:1:ld1-1643390182193-1643390186667-0,usesMaterial,entity:material:bronze
entity:artifact:1:ld1-1643390182193-1643390186668-1,usesMaterial,entity:material:bronze
entity:artifact:1:ld1-1643390182193-1643390186670-0,usesMaterial,entity:material:bronze
entity:artifact:1:ld1-1643390182193-1643390186671-0,usesMaterial,entity:material:stone
entity:artifact:1:ld1-1643390182193-1643390186672-1,usesMaterial,entity:material:stone
entity:artifact:1:ld1-1643390182193-1643390186673-0,usesMaterial,entity:material:stone
entity:artifact:1:ld1-1643390182193-1643390186675-0,usesMaterial,entity:material:pigment
entity:artifact:1:ld1-1643390182193-1643390186675-0,usesMaterial,entity:material:stone
entity:artifact:1:ld1-1643390182193-1643390186676-0,usesMaterial,entity:material:stone
entity:artifact:1:ld1-1643390182193-1643390186677-0,usesMaterial,entity:material:stone
entity:artifact:1:ld1-1643390182193-1643390186677-1,usesMaterial,entity:material:pigment
entity:artifact:1:ld1-1643390182193-1643390186677-1,usesMaterial,entity:material:stone
entity:artifact:1:ld1-1643390182193-1643390186680-0,usesMaterial,entity:material:pigment
entity:artifact:1:ld1-1643390182193-1643390186680-0,usesMaterial,entity:material:stone
entity:artifact:1:ld1-1643390182193-1643390186681-0,usesMaterial,entity:material:stone
entity:artifact:1:ld1-1643390182193-1643390186681-1,usesMaterial,entity:material:stone
entity:artifact:1:ld1-1643390182193-1643390186684-1,usesMaterial,entity:material:earthenware
entity:artifact:1:ld1-1643390182193-1643390186684-1,usesMaterial,entity:material:wood
entity:artifact:1:ld1-1643390182193-1643390186705-0,usesMaterial,entity:material:copper
entity:artifact:1:ld1-1643390182193-1643390186705-0,usesMaterial,entity:material:earthenware
entity:artifact:1:ld1-1643390182193-1643390186705-0,usesMaterial,entity:material:metal
entity:artifact:1:ld1-1643390182193-1643390186706-0,usesMaterial,entity:material:copper
entity:artifact:1:ld1-1643390182193-1643390186706-0,usesMaterial,entity:material:earthenware
entity:artifact:1:ld1-1643390182193-1643390186706-0,usesMaterial,entity:material:metal
entity:artifact:1:ld1-1643390182193-1643390186708-0,usesMaterial,entity:material:earthenware
entity:artifact:1:ld1-1643390182193-1643390186708-0,usesMaterial,entity:material:iron
entity:artifact:1:ld1-1643390182193-1643390186708-0,usesMaterial,entity:material:metal
entity:artifact:1:ld1-1643390182193-1643390186711-0,usesMaterial,entity:material:bronze
entity:artifact:1:ld1-1643390182193-1643390186711-1,usesMaterial,entity:material:bronze
entity:artifact:1:ld1-1643390182193-1643390186712-0,usesMaterial,entity:material:bronze
entity:artifact:1:ld1-1643390182193-1643390186715-0,usesMaterial,entity:material:bronze
entity:artifact:1:ld1-1643390182193-1643390186715-1,usesMaterial,entity:material:bronze
entity:artifact:1:ld1-1643390182193-1643390186723-0,usesMaterial,entity:material:wood
entity:artifact:1:ld1-1643390182193-1643390186746-1,usesMaterial,entity:material:ink
entity:artifact:1:ld1-1643390182193-1643390186746-1,usesMaterial,entity:material:pigment
entity:artifact:1:ld1-1643390182193-1643390186746-1,usesMaterial,entity:material:silk
entity:artifact:1:ld1-1643390182193-1643390186747-0,usesMaterial,entity:material:earthenware
entity:artifact:1:ld1-1643390182193-1643390186747-0,usesMaterial,entity:material:pigment
entity:artifact:1:ld1-1643390182193-1643390186748-0,usesMaterial,entity:material:earthenware
entity:artifact:1:ld1-1643390182193-1643390186748-0,usesMaterial,entity:material:pigment
entity:artifact:1:ld1-1643390182193-1643390186760-1,usesMaterial,entity:material:silk
entity:artifact:1:ld1-1643390182193-1643390186761-0,usesMaterial,entity:material:gold
entity:artifact:1:ld1-1643390182193-1643390186761-0,usesMaterial,entity:material:ink
entity:artifact:1:ld1-1643390182193-1643390186761-0,usesMaterial,entity:material:pigment
entity:artifact:1:ld1-1643390182193-1643390186761-0,usesMaterial,entity:material:silk
entity:artifact:1:ld1-1643390182193-1643390186763-0,usesMaterial,entity:material:ink
entity:artifact:1:ld1-1643390182193-1643390186763-0,usesMaterial,entity:material:paper
entity:artifact:1:ld1-1643390182193-1643390186763-1,usesMaterial,entity:material:ink
entity:artifact:1:ld1-1643390182193-1643390186763-1,usesMaterial,entity:material:pigment
entity:artifact:1:ld1-1643390182193-1643390186763-1,usesMaterial,entity:material:silk
entity:artifact:1:ld1-1643390182193-1643390187678-0,usesMaterial,entity:material:stone
entity:artifact:1:ld1-1643390182193-1643390187681-0,usesMaterial,entity:material:ink
entity:artifact:1:ld1-1643390182193-1643390187681-0,usesMaterial,entity:material:paper
entity:artifact:1:ld1-1643390182193-1643390187681-0,usesMaterial,entity:material:pigment
entity:artifact:1:ld1-1643390182193-1643390187686-0,usesMaterial,entity:material:stone
entity:artifact:1:ld1-1643390182193-1643390187686-1,usesMaterial,entity:material:stone
entity:artifact:1:ld1-1643390182193-1643390187687-0,usesMaterial,entity:material:copper
entity:artifact:1:ld1-1643390182193-1643390187687-0,usesMaterial,entity:material:earthenware
entity:artifact:1:ld1-1643390182193-1643390187687-0,usesMaterial,entity:material:metal
entity:artifact:1:ld1-1643390182193-1643390187688-0,usesMaterial,entity:material:earthenware
entity:artifact:1:ld1-1643390182193-1643390187688-0,usesMaterial,entity:material:wood
entity:artifact:1:ld1-1643390182193-1643390187734-0,usesMaterial,entity:material:ink
entity:artifact:1:ld1-1643390182193-1643390187734-0,usesMaterial,entity:material:pigment
entity:artifact:1:ld1-1643390182193-1643390187734-0,usesMaterial,entity:material:silk
entity:artifact:1:ld1-1643390182193-1643390187735-0,usesMaterial,entity:material:ink
entity:artifact:1:ld1-1643390182193-1643390187735-0,usesMaterial,entity:material:silk
entity:artifact:1:ld1-1643390182193-1643390187736-0,usesMaterial,entity:material:ink
entity:artifact:1:ld1-1643390182193-1643390187736-0,usesMaterial,entity:material:silk
entity:artifact:1:ld1-1643390182193-1643390187737-0,usesMaterial,entity:material:ink
entity:artifact:1:ld1-1643390182193-1643390187737-0,usesMaterial,entity:material:pigment
entity:artifact:1:ld1-1643390182193-1643390187737-0,usesMaterial,entity:material:silk
entity:artifact:1:ld1-1643390182193-1643390187740-0,usesMaterial,entity:material:jade
entity:artifact:1:ld1-1643390182193-1643390187741-0,usesMaterial,entity:material:stone
entity:artifact:1:ld1-1643390182193-1643390187742-0,usesMaterial,entity:material:bronze
entity:artifact:1:ld1-1643390182193-1643390187742-1,usesMaterial,entity:material:bronze
entity:artifact:1:ld1-1643390182193-1643390187743-0,usesMaterial,entity:material:bronze
entity:artifact:1:ld1-1643390182193-1643390187744-0,usesMaterial,entity:material:bronze
entity:artifact:1:ld1-1643390182193-1643390187745-1,usesMaterial,entity:material:bronze
entity:artifact:1:ld1-1643390182193-1643390187747-0,usesMaterial,entity:material:bronze
entity:artifact:1:ld1-1643390182193-1643390187747-1,usesMaterial,entity:material:bronze
entity:artifact:1:ld1-1643390182193-1643390187748-0,usesMaterial,entity:material:bronze
entity:artifact:1:ld1-1643390182193-1643390187749-0,usesMaterial,entity:material:bronze
entity:artifact:1:ld1-1643390182193-1643390187749-0,usesMaterial,entity:material:wood
entity:artifact:1:ld1-1643390182193-1643390187749-1,usesMaterial,entity:material:bronze
entity:artifact:1:ld1-1643390182193-1643390187750-0,usesMaterial,entity:material:bronze
entity:artifact:1:ld1-1643390182193-1643390187753-0,usesMaterial,entity:material:bronze
entity:artifact:1:ld1-1643390182193-1643390187753-1,usesMaterial,entity:material:bronze
entity:artifact:1:ld1-1643390182193-1643390187754-0,usesMaterial,entity:material:bronze
entity:artifact:1:ld1-1643390182193-1643390187755-0,usesMaterial,entity:material:bronze
entity:artifact:1:ld1-1643390182193-1643390187757-0,usesMaterial,entity:material:bronze
entity:artifact:1:ld1-1643390182193-1643390187757-1,usesMaterial,entity:material:bronze
entity:artifact:1:ld1-1643390182193-1643390187758-0,usesMaterial,entity:material:bronze
entity:artifact:1:ld1-1643390182193-1643390187759-0,usesMaterial,entity:material:bronze
entity:artifact:1:ld1-1643390182193-1643390187760-0,usesMaterial,entity:material:bronze
entity:artifact:1:ld1-1643390182193-1643390187760-1,usesMaterial,entity:material:bronze
entity:artifact:1:ld1-1643390182193-1643390187761-0,usesMaterial,entity:material:bronze
entity:artifact:1:ld1-1643390182193-1643390187762-0,usesMaterial,entity:material:bronze
entity:artifact:1:ld1-1643390182193-1643390187763-0,usesMaterial,entity:material:bronze
entity:artifact:1:ld1-1643390182193-1643390187764-1,usesMaterial,entity:material:bronze
entity:artifact:1:ld1-1643390182193-1643390187765-0,usesMaterial,entity:material:bronze
entity:artifact:1:ld1-1643390182193-1643390187768-0,usesMaterial,entity:material:bronze
entity:artifact:1:ld1-1643390182193-1643390187771-0,usesMaterial,entity:material:bronze
entity:artifact:1:ld1-1643390182193-1643390187772-1,usesMaterial,entity:material:bronze
entity:artifact:1:ld1-1643390182193-1643390187773-0,usesMaterial,entity:material:bronze
entity:artifact:1:ld1-1643390182193-1643390187774-0,usesMaterial,entity:material:bronze
entity:artifact:1:ld1-1643390182193-1643390187778-0,usesMaterial,entity:material:bronze
entity:artifact:1:ld1-1643390182193-1643390187778-1,usesMaterial,entity:material:bronze
entity:artifact:1:ld1-1643390182193-1643390187778-1,usesMaterial,entity:material:silver
entity:artifact:1:ld1-1643390182193-1643390187779-0,usesMaterial,entity:material:bronze
entity:artifact:1:ld1-1643390182193-1643390187780-0,usesMaterial,entity:material:bronze
entity:artifact:1:ld1-1643390182193-1643390187780-1,usesMaterial,entity:material:bronze
entity:artifact:1:ld1-1643390182193-1643390187781-0,usesMaterial,entity:material:bronze
entity:artifact:1:ld1-1643390182193-1643390187782-0,usesMaterial,entity:material:bronze
entity:artifact:1:ld1-1643390182193-1643390187782-1,usesMaterial,entity:material:bronze
entity:artifact:1:ld1-1643390182193-1643390187783-0,usesMaterial,entity:material:bronze
entity:artifact:1:ld1-1643390182193-1643390187784-0,usesMaterial,entity:material:bronze
entity:artifact:1:ld1-1643390182193-1643390187784-1,usesMaterial,entity:material:bronze
entity:artifact:1:ld1-1643390182193-1643390187785-0,usesMaterial,entity:material:bronze
entity:artifact:1:ld1-1643390182193-1643390187786-0,usesMaterial,entity:material:bronze
entity:artifact:1:ld1-1643390182193-1643390187786-1,usesMaterial,entity:material:bronze
entity:artifact:1:ld1-1643390182193-1643390187788-0,usesMaterial,entity:material:bronze
entity:artifact:1:ld1-1643390182193-1643390187789-0,usesMaterial,entity:material:bronze
entity:artifact:1:ld1-1643390182193-1643390187790-0,usesMaterial,entity:material:bronze
entity:artifact:1:ld1-1643390182193-1643390187790-1,usesMaterial,entity:material:bronze
entity:artifact:1:ld1-1643390182193-1643390187791-0,usesMaterial,entity:material:bronze
entity:artifact:1:ld1-1643390182193-1643390187793-0,usesMaterial,entity:material:bronze
entity:artifact:1:ld1-1643390182193-1643390187797-0,usesMaterial,entity:material:bronze
entity:artifact:1:ld1-1643390182193-1643390187798-0,usesMaterial,entity:material:bronze
entity:artifact:1:ld1-1643390182193-1643390187800-0,usesMaterial,entity:material:bronze
entity:artifact:1:ld1-1643390182193-1643390187801-0,usesMaterial,entity:material:bronze
entity:artifact:1:ld1-1643390182193-1643390187801-1,usesMaterial,entity:material:bronze
entity:artifact:1:ld1-1643390182193-1643390187802-0,usesMaterial,entity:material:bronze
entity:artifact:1:ld1-1643390182193-1643390187802-0,usesMaterial,entity:material:gold
entity:artifact:1:ld1-1643390182193-1643390187803-0,usesMaterial,entity:material:bronze
entity:artifact:1:ld1-1643390182193-1643390187804-0,usesMaterial,entity:material:bronze
entity:artifact:1:ld1-1643390182193-1643390187805-0,usesMaterial,entity:material:bronze
entity:artifact:1:ld1-1643390182193-1643390187805-1,usesMaterial,entity:material:bronze
entity:artifact:1:ld1-1643390182193-1643390187806-0,usesMaterial,entity:material:bronze
entity:artifact:1:ld1-1643390182193-1643390187807-0,usesMaterial,entity:material:bronze
entity:artifact:1:ld1-1643390182193-1643390187808-0,usesMaterial,entity:material:bronze
entity:artifact:1:ld1-1643390182193-1643390187809-0,usesMaterial,entity:material:bronze
entity:artifact:1:ld1-1643390182193-1643390187810-0,usesMaterial,entity:material:bronze
entity:artifact:1:ld1-1643390182193-1643390187810-0,usesMaterial,entity:material:gold
entity:artifact:1:ld1-1643390182193-1643390187810-1,usesMaterial,entity:material:bronze
entity:artifact:1:ld1-1643390182193-1643390187811-0,usesMaterial,entity:material:bronze
entity:artifact:1:ld1-1643390182193-1643390187812-0,usesMaterial,entity:material:bronze
entity:artifact:1:ld1-1643390182193-1643390187815-0,usesMaterial,entity:material:bronze
entity:artifact:1:ld1-1643390182193-1643390187816-1,usesMaterial,entity:material:bronze
entity:artifact:1:ld1-1643390182193-1643390187817-0,usesMaterial,entity:material:bronze
entity:artifact:1:ld1-1643390182193-1643390187818-0,usesMaterial,entity:material:bronze
entity:artifact:1:ld1-1643390182193-1643390187821-1,usesMaterial,entity:material:bronze
entity:artifact:1:ld1-1643390182193-1643390187828-0,usesMaterial,entity:material:ink
entity:artifact:1:ld1-1643390182193-1643390187828-0,usesMaterial,entity:material:pigment
entity:artifact:1:ld1-1643390182193-1643390187828-0,usesMaterial,entity:material:silk
entity:artifact:1:ld1-1643390182193-1643390187832-0,usesMaterial,entity:material:ink
entity:artifact:1:ld1-1643390182193-1643390187832-0,usesMaterial,entity:material:pigment
entity:artifact:1:ld1-1643390182193-1643390187832-0,usesMaterial,entity:material:silk
entity:artifact:1:ld1-1643390182193-1643390187833-0,usesMaterial,entity:material:ink
entity:artifact:1:ld1-1643390182193-1643390187833-0,usesMaterial,entity:material:pigment
entity:artifact:1:ld1-1643390182193-1643390187833-0,usesMaterial,entity:material:silk
entity:artifact:1:ld1-1643390182193-1643390187834-0,usesMaterial,entity:material:ink
entity:artifact:1:ld1-1643390182193-1643390187834-0,usesMaterial,entity:material:pigment
entity:artifact:1:ld1-1643390182193-1643390187834-0,usesMaterial,entity:material:silk
entity:artifact:1:ld1-1643390182193-1643390187835-0,usesMaterial,entity:material:ink
entity:artifact:1:ld1-1643390182193-1643390187835-0,usesMaterial,entity:material:pigment
entity:artifact:1:ld1-1643390182193-1643390187835-0,usesMaterial,entity:material:silk
entity:artifact:1:ld1-1643390182193-1643390187835-1,usesMaterial,entity:material:gold
entity:artifact:1:ld1-1643390182193-1643390187835-1,usesMaterial,entity:material:ink
entity:artifact:1:ld1-1643390182193-1643390187835-1,usesMaterial,entity:material:pigment
entity:artifact:1:ld1-1643390182193-1643390187835-1,usesMaterial,entity:material:silk
entity:artifact:1:ld1-1643390182193-1643390187836-0,usesMaterial,entity:material:ink
entity:artifact:1:ld1-1643390182193-1643390187836-0,usesMaterial,entity:material:silk
entity:artifact:1:ld1-1643390182193-1643390187837-0,usesMaterial,entity:material:ink
entity:artifact:1:ld1-1643390182193-1643390187837-0,usesMaterial,entity:material:pigment
entity:artifact:1:ld1-1643390182193-1643390187837-0,usesMaterial,entity:material:silk
entity:artifact:1:ld1-1643390182193-1643390187859-0,usesMaterial,entity:material:ink
entity:artifact:1:ld1-1643390182193-1643390187859-0,usesMaterial,entity:material:pigment
entity:artifact:1:ld1-1643390182193-1643390187859-0,usesMaterial,entity:material:silk
entity:artifact:1:ld1-1643390182193-1643390187870-0,usesMaterial,entity:material:ink
entity:artifact:1:ld1-1643390182193-1643390187870-0,usesMaterial,entity:material:pigment
entity:artifact:1:ld1-1643390182193-1643390187870-0,usesMaterial,entity:material:silk
entity:artifact:1:ld1-1643390182193-1643390187871-0,usesMaterial,entity:material:ink
entity:artifact:1:ld1-1643390182193-1643390187871-0,usesMaterial,entity:material:silk
entity:artifact:1:ld1-1643390182193-1643390187873-0,usesMaterial,entity:material:ink
entity:artifact:1:ld1-1643390182193-1643390187873-0,usesMaterial,entity:material:pigment
entity:artifact:1:ld1-1643390182193-1643390187873-0,usesMaterial,entity:material:silk
entity:artifact:1:ld1-1643390182193-1643390187874-1,usesMaterial,entity:material:ink
entity:artifact:1:ld1-1643390182193-1643390187874-1,usesMaterial,entity:material:pigment
entity:artifact:1:ld1-1643390182193-1643390187874-1,usesMaterial,entity:material:silk
entity:artifact:1:ld1-1643390182193-1643390187875-0,usesMaterial,entity:material:ink
entity:artifact:1:ld1-1643390182193-1643390187875-0,usesMaterial,entity:material:pigment
entity:artifact:1:ld1-1643390182193-1643390187875-0,usesMaterial,entity:material:silk
entity:artifact:1:ld1-1643390182193-1643390187876-0,usesMaterial,entity:material:ink
entity:artifact:1:ld1-1643390182193-1643390187876-0,usesMaterial,entity:material:pigment
entity:artifact:1:ld1-1643390182193-1643390187876-0,usesMaterial,entity:material:silk
entity:artifact:1:ld1-1643390182193-1643390187880-0,usesMaterial,entity:material:ink
entity:artifact:1:ld1-1643390182193-1643390187880-0,usesMaterial,entity:material:pigment
entity:artifact:1:ld1-1643390182193-1643390187880-0,usesMaterial,entity:material:silk
entity:artifact:1:ld1-1643390182193-1643390187880-1,usesMaterial,entity:material:ink
entity:artifact:1:ld1-1643390182193-1643390187880-1,usesMaterial,entity:material:pigment
entity:artifact:1:ld1-1643390182193-1643390187880-1,usesMaterial,entity:material:silk
entity:artifact:1:ld1-1643390182193-1643390187881-0,usesMaterial,entity:material:ink
entity:artifact:1:ld1-1643390182193-1643390187881-0,usesMaterial,entity:material:silk
entity:artifact:1:ld1-1643390182193-1643390187882-0,usesMaterial,entity:material:ink
entity:artifact:1:ld1-1643390182193-1643390187882-0,usesMaterial,entity:material:pigment
entity:artifact:1:ld1-1643390182193-1643390187882-0,usesMaterial,entity:material:silk
entity:artifact:1:ld1-1643390182193-1643390187883-0,usesMaterial,entity:material:ink
entity:artifact:1:ld1-1643390182193-1643390187883-0,usesMaterial,entity:material:silk
entity:artifact:1:ld1-1643390182193-1643390187884-0,usesMaterial,entity:material:ink
entity:artifact:1:ld1-1643390182193-1643390187884-0,usesMaterial,entity:material:pigment
entity:artifact:1:ld1-1643390182193-1643390187884-0,usesMaterial,entity:material:silk
entity:artifact:1:ld1-1643390182193-1643390187885-0,usesMaterial,entity:material:ink
entity:artifact:1:ld1-1643390182193-1643390187885-0,usesMaterial,entity:material:silk
entity:artifact:1:ld1-1643390182193-1643390187886-0,usesMaterial,entity:material:ink
entity:artifact:1:ld1-1643390182193-1643390187886-0,usesMaterial,entity:material:silk
entity:artifact:1:ld1-1643390182193-1643390187906-0,usesMaterial,entity:material:ink
entity:artifact:1:ld1-1643390182193-1643390187906-0,usesMaterial,entity:material:pigment
entity:artifact:1:ld1-1643390182193-1643390187906-0,usesMaterial,entity:material:silk
entity:artifact:1:ld1-1643390182193-1643390187914-0,usesMaterial,entity:material:ink
entity:artifact:1:ld1-1643390182193-1643390187914-0,usesMaterial,entity:material:paper
entity:artifact:1:ld1-1643390182193-1643390187914-1,usesMaterial,entity:material:ink
entity:artifact:1:ld1-1643390182193-1643390187914-1,usesMaterial,entity:material:paper
entity:artifact:1:ld1-1643390182193-1643390187914-1,usesMaterial,entity:material:pigment
entity:artifact:1:ld1-1643390182193-1643390187921-1,usesMaterial,entity:material:ink
entity:artifact:1:ld1-1643390182193-1643390187921-1,usesMaterial,entity:material:pigment
entity:artifact:1:ld1-1643390182193-1643390187921-1,usesMaterial,entity:material:silk
entity:artifact:1:ld1-1643390182193-1643390187924-0,usesMaterial,entity:material:ink
entity:artifact:1:ld1-1643390182193-1643390187924-0,usesMaterial,entity:material:pigment
entity:artifact:1:ld1-1643390182193-1643390187924-0,usesMaterial,entity:material:silk
entity:artifact:1:ld1-1643390182193-1643390187928-1,usesMaterial,entity:material:ink
entity:artifact:1:ld1-1643390182193-1643390187928-1,usesMaterial,entity:material:paper
entity:artifact:1:ld1-1643390182193-1643390187935-0,usesMaterial,entity:material:ink
entity:artifact:1:ld1-1643390182193-1643390187935-0,usesMaterial,entity:material:paper
entity:artifact:1:ld1-1643390182193-1643390187935-0,usesMaterial,entity:material:pigment
entity:artifact:1:ld1-1643390182193-1643390187938-0,usesMaterial,entity:material:gold
entity:artifact:1:ld1-1643390182193-1643390187938-0,usesMaterial,entity:material:ink
entity:artifact:1:ld1-1643390182193-1643390187938-0,usesMaterial,entity:material:pigment
entity:artifact:1:ld1-1643390182193-1643390187938-0,usesMaterial,entity:material:silk
entity:artifact:1:ld1-1643390182193-1643390187939-0,usesMaterial,entity:material:ink
entity:artifact:1:ld1-1643390182193-1643390187939-0,usesMaterial,entity:material:pigment
entity:artifact:1:ld1-1643390182193-1643390187939-0,usesMaterial,entity:material:silk
entity:artifact:1:ld1-1643390182193-1643390187942-0,usesMaterial,entity:material:ink
entity:artifact:1:ld1-1643390182193-1643390187942-0,usesMaterial,entity:material:silk
entity:artifact:1:ld1-1643390182193-1643390187944-0,usesMaterial,entity:material:ink
entity:artifact:1:ld1-1643390182193-1643390187944-0,usesMaterial,entity:material:pigment
entity:artifact:1:ld1-1643390182193-1643390187944-0,usesMaterial,entity:material:silk
entity:artifact:1:ld1-1643390182193-1643390187946-0,usesMaterial,entity:material:ink
entity:artifact:1:ld1-1643390182193-1643390187946-0,usesMaterial,entity:material:pigment
entity:artifact:1:ld1-1643390182193-1643390187946-0,usesMaterial,entity:material:silk
entity:artifact:1:ld1-1643390182193-1643390187951-0,usesMaterial,entity:material:ink
entity:artifact:1:ld1-1643390182193-1643390187951-0,usesMaterial,entity:material:pigment
entity:artifact:1:ld1-1643390182193-1643390187951-0,usesMaterial,entity:material:silk
entity:artifact:1:ld1-1643390182193-1643390187951-1,usesMaterial,entity:material:ink
entity:artifact:1:ld1-1643390182193-1643390187951-1,usesMaterial,entity:material:pigment
entity:artifact:1:ld1-1643390182193-1643390187951-1,usesMaterial,entity:material:silk
entity:artifact:1:ld1-1643390182193-1643390187952-0,usesMaterial,entity:material:gold
entity:artifact:1:ld1-1643390182193-1643390187952-0,usesMaterial,entity:material:paper
entity:artifact:1:ld1-1643390182193-1643390187952-0,usesMaterial,entity:material:pigment
entity:artifact:1:ld1-1643390182193-1643390187953-0,usesMaterial,entity:material:ink
entity:artifact:1:ld1-1643390182193-1643390187953-0,usesMaterial,entity:material:pigment
entity:artifact:1:ld1-1643390182193-1643390187953-0,usesMaterial,entity:material:silk
entity:artifact:1:ld1-1643390182193-1643390187954-0,usesMaterial,entity:material:ink
entity:artifact:1:ld1-1643390182193-1643390187954-0,usesMaterial,entity:material:pigment
entity:artifact:1:ld1-1643390182193-1643390187954-0,usesMaterial,entity:material:silk
entity:artifact:1:ld1-1643390182193-1643390187956-0,usesMaterial,entity:material:ink
entity:artifact:1:ld1-1643390182193-1643390187956-0,usesMaterial,entity:material:silk
entity:artifact:1:ld1-1643390182193-1643390187957-0,usesMaterial,entity:material:ink
entity:artifact:1:ld1-1643390182193-1643390187957-0,usesMaterial,entity:material:pigment
entity:artifact:1:ld1-1643390182193-1643390187957-0,usesMaterial,entity:material:silk
entity:artifact:1:ld1-1643390182193-1643390187959-0,usesMaterial,entity:material:ink
entity:artifact:1:ld1-1643390182193-1643390187959-0,usesMaterial,entity:material:pigment
entity:artifact:1:ld1-1643390182193-1643390187959-0,usesMaterial,entity:material:silk
entity:artifact:1:ld1-1643390182193-1643390187960-0,usesMaterial,entity:material:ink
entity:artifact:1:ld1-1643390182193-1643390187960-0,usesMaterial,entity:material:pigment
entity:artifact:1:ld1-1643390182193-1643390187960-0,usesMaterial,entity:material:silk
entity:artifact:1:ld1-1643390182193-1643390187961-0,usesMaterial,entity:material:ink
entity:artifact:1:ld1-1643390182193-1643390187961-0,usesMaterial,entity:material:pigment
entity:artifact:1:ld1-1643390182193-1643390187961-0,usesMaterial,entity:material:silk
entity:artifact:1:ld1-1643390182193-1643390187962-0,usesMaterial,entity:material:ink
entity:artifact:1:ld1-1643390182193-1643390187962-0,usesMaterial,entity:material:pigment
entity:artifact:1:ld1-1643390182193-1643390187962-0,usesMaterial,entity:material:silk
entity:artifact:1:ld1-1643390182193-1643390187965-0,usesMaterial,entity:material:ink
entity:artifact:1:ld1-1643390182193-1643390187965-0,usesMaterial,entity:material:silk
entity:artifact:1:ld1-1643390182193-1643390187965-1,usesMaterial,entity:material:ink
entity:artifact:1:ld1-1643390182193-1643390187965-1,usesMaterial,entity:material:pigment
entity:artifact:1:ld1-1643390182193-1643390187965-1,usesMaterial,entity:material:silk
entity:artifact:1:ld1-1643390182193-1643390187966-0,usesMaterial,entity:material:ink
entity:artifact:1:ld1-1643390182193-1643390187966-0,usesMaterial,entity:material:pigment
entity:artifact:1:ld1-1643390182193-1643390187966-0,usesMaterial,entity:material:silk
entity:artifact:1:ld1-1643390182193-1643390187967-0,usesMaterial,entity:material:ink
entity:artifact:1:ld1-1643390182193-1643390187967-0,usesMaterial,entity:material:pigment
entity:artifact:1:ld1-1643390182193-1643390187967-0,usesMaterial,entity:material:silk
entity:artifact:1:ld1-1643390182193-1643390187973-0,usesMaterial,entity:material:ink
entity:artifact:1:ld1-1643390182193-1643390187973-0,usesMaterial,entity:material:paper
entity:artifact:1:ld1-1643390182193-1643390187973-0,usesMaterial,entity:material:pigment
entity:artifact:1:ld1-1643390182193-1643390187974-0,usesMaterial,entity:material:ink
entity:artifact:1:ld1-1643390182193-1643390187974-0,usesMaterial,entity:material:pigment
entity:artifact:1:ld1-1643390182193-1643390187974-0,usesMaterial,entity:material:silk
entity:artifact:1:ld1-1643390182193-1643390187975-0,usesMaterial,entity:material:ink
entity:artifact:1:ld1-1643390182193-1643390187975-0,usesMaterial,entity:material:pigment
entity:artifact:1:ld1-1643390182193-1643390187975-0,usesMaterial,entity:material:silk
entity:artifact:1:ld1-1643390182193-1643390187976-0,usesMaterial,entity:material:ink
entity:artifact:1:ld1-1643390182193-1643390187976-0,usesMaterial,entity:material:pigment
entity:artifact:1:ld1-1643390182193-1643390187976-0,usesMaterial,entity:material:silk
entity:artifact:1:ld1-1643390182193-1643390187979-0,usesMaterial,entity:material:ink
entity:artifact:1:ld1-1643390182193-1643390187979-0,usesMaterial,entity:material:pigment
entity:artifact:1:ld1-1643390182193-1643390187979-0,usesMaterial,entity:material:silk
entity:artifact:1:ld1-1643390182193-1643390187981-0,usesMaterial,entity:material:ink
entity:artifact:1:ld1-1643390182193-1643390187981-0,usesMaterial,entity:material:silk
entity:artifact:1:ld1-1643390182193-1643390187982-0,usesMaterial,entity:material:ink
entity:artifact:1:ld1-1643390182193-1643390187982-0,usesMaterial,entity:material:pigment
entity:artifact:1:ld1-1643390182193-1643390187982-0,usesMaterial,entity:material:silk
entity:artifact:1:ld1-1643390182193-1643390187983-0,usesMaterial,entity:material:ink
entity:artifact:1:ld1-1643390182193-1643390187983-0,usesMaterial,entity:material:pigment
entity:artifact:1:ld1-1643390182193-1643390187983-0,usesMaterial,entity:material:silk
entity:artifact:1:ld1-1643390182193-1643390187984-0,usesMaterial,entity:material:pigment
entity:artifact:1:ld1-1643390182193-1643390187984-0,usesMaterial,entity:material:silk
entity:artifact:1:ld1-1643390182193-1643390187987-0,usesMaterial,entity:material:ink
entity:artifact:1:ld1-1643390182193-1643390187987-0,usesMaterial,entity:material:pigment
entity:artifact:1:ld1-1643390182193-1643390187987-0,usesMaterial,entity:material:silk
entity:artifact:1:ld1-1643390182193-1643390187988-0,usesMaterial,entity:material:ink
entity:artifact:1:ld1-1643390182193-1643390187988-0,usesMaterial,entity:material:pigment
entity:artifact:1:ld1-1643390182193-1643390187988-0,usesMaterial,entity:material:silk
entity:artifact:1:ld1-1643390182193-1643390187989-0,usesMaterial,entity:material:ink
entity:artifact:1:ld1-1643390182193-1643390187989-0,usesMaterial,entity:material:pigment
entity:artifact:1:ld1-1643390182193-1643390187989-0,usesMaterial,entity:material:silk
entity:artifact:1:ld1-1643390182193-1643390187990-0,usesMaterial,entity:material:ink
entity:artifact:1:ld1-1643390182193-1643390187990-0,usesMaterial,entity:material:pigment
entity:artifact:1:ld1-1643390182193-1643390187990-0,usesMaterial,entity:material:silk
entity:artifact:1:ld1-1643390182193-1643390187994-0,usesMaterial,entity:material:ink
entity:artifact:1:ld1-1643390182193-1643390187994-0,usesMaterial,entity:material:pigment
entity:artifact:1:ld1-1643390182193-1643390187994-0,usesMaterial,entity:material:silk
entity:artifact:1:ld1-1643390182193-1643390187994-1,usesMaterial,entity:material:ink
entity:artifact:1:ld1-1643390182193-1643390187994-1,usesMaterial,entity:material:pigment
entity:artifact:1:ld1-1643390182193-1643390187994-1,usesMaterial,entity:material:silk
entity:artifact:1:ld1-1643390182193-1643390187995-0,usesMaterial,entity:material:ink
entity:artifact:1:ld1-1643390182193-1643390187995-0,usesMaterial,entity:material:pigment
entity:artifact:1:ld1-1643390182193-1643390187995-0,usesMaterial,entity:material:silk
entity:artifact:1:ld1-1643390182193-1643390187997-1,usesMaterial,entity:material:ink
entity:artifact:1:ld1-1643390182193-1643390187997-1,usesMaterial,entity:material:paper
entity:artifact:1:ld1-1643390182193-1643390187997-1,usesMaterial,entity:material:pigment
entity:artifact:1:ld1-1643390182193-1643390188000-0,usesMaterial,entity:material:pigment
entity:artifact:1:ld1-1643390182193-1643390188000-0,usesMaterial,entity:material:silk
entity:artifact:1:ld1-1643390182193-1643390188002-1,usesMaterial,entity:material:ink
entity:artifact:1:ld1-1643390182193-1643390188002-1,usesMaterial,entity:material:silk
entity:artifact:1:ld1-1643390182193-1643390188005-0,usesMaterial,entity:material:ink
entity:artifact:1:ld1-1643390182193-1643390188005-0,usesMaterial,entity:material:pigment
entity:artifact:1:ld1-1643390182193-1643390188005-0,usesMaterial,entity:material:silk
entity:artifact:1:ld1-1643390182193-1643390188006-0,usesMaterial,entity:material:ink
entity:artifact:1:ld1-1643390182193-1643390188006-0,usesMaterial,entity:material:pigment
entity:artifact:1:ld1-1643390182193-1643390188006-0,usesMaterial,entity:material:silk
entity:artifact:1:ld1-1643390182193-1643390188007-0,usesMaterial,entity:material:ink
entity:artifact:1:ld1-1643390182193-1643390188007-0,usesMaterial,entity:material:pigment
entity:artifact:1:ld1-1643390182193-1643390188007-0,usesMaterial,entity:material:silk
entity:artifact:1:ld1-1643390182193-1643390188007-1,usesMaterial,entity:material:ink
entity:artifact:1:ld1-1643390182193-1643390188007-1,usesMaterial,entity:material:paper
entity:artifact:1:ld1-1643390182193-1643390188008-0,usesMaterial,entity:material:ink
entity:artifact:1:ld1-1643390182193-1643390188008-0,usesMaterial,entity:material:pigment
entity:artifact:1:ld1-1643390182193-1643390188008-0,usesMaterial,entity:material:silk
entity:artifact:1:ld1-1643390182193-1643390188010-0,usesMaterial,entity:material:ink
entity:artifact:1:ld1-1643390182193-1643390188010-0,usesMaterial,entity:material:paper
entity:artifact:1:ld1-1643390182193-1643390188011-0,usesMaterial,entity:material:ink
entity:artifact:1:ld1-1643390182193-1643390188011-0,usesMaterial,entity:material:silk
entity:artifact:1:ld1-1643390182193-1643390188011-1,usesMaterial,entity:material:ink
entity:artifact:1:ld1-1643390182193-1643390188011-1,usesMaterial,entity:material:silk
entity:artifact:1:ld1-1643390182193-1643390188012-0,usesMaterial,entity:material:ink
entity:artifact:1:ld1-1643390182193-1643390188012-0,usesMaterial,entity:material:silk
entity:artifact:1:ld1-1643390182193-1643390188014-0,usesMaterial,entity:material:ink
entity:artifact:1:ld1-1643390182193-1643390188014-0,usesMaterial,entity:material:pigment
entity:artifact:1:ld1-1643390182193-1643390188014-0,usesMaterial,entity:material:silk
entity:artifact:1:ld1-1643390182193-1643390188014-1,usesMaterial,entity:material:ink
entity:artifact:1:ld1-1643390182193-1643390188014-1,usesMaterial,entity:material:pigment
entity:artifact:1:ld1-1643390182193-1643390188014-1,usesMaterial,entity:material:silk
entity:artifact:1:ld1-1643390182193-1643390188015-0,usesMaterial,entity:material:ink
entity:artifact:1:ld1-1643390182193-1643390188015-0,usesMaterial,entity:material:pigment
entity:artifact:1:ld1-1643390182193-1643390188015-0,usesMaterial,entity:material:silk
entity:artifact:1:ld1-1643390182193-1643390188016-0,usesMaterial,entity:material:ink
entity:artifact:1:ld1-1643390182193-1643390188016-0,usesMaterial,entity:material:paper
entity:artifact:1:ld1-1643390182193-1643390188017-0,usesMaterial,entity:material:ink
entity:artifact:1:ld1-1643390182193-1643390188017-0,usesMaterial,entity:material:silk
entity:artifact:1:ld1-1643390182193-1643390188018-0,usesMaterial,entity:material:ink
entity:artifact:1:ld1-1643390182193-1643390188018-0,usesMaterial,entity:material:pigment
entity:artifact:1:ld1-1643390182193-1643390188018-0,usesMaterial,entity:material:silk
entity:artifact:1:ld1-1643390182193-1643390188020-1,usesMaterial,entity:material:ink
entity:artifact:1:ld1-1643390182193-1643390188020-1,usesMaterial,entity:material:pigment
entity:artifact:1:ld1-1643390182193-1643390188020-1,usesMaterial,entity:material:silk
entity:artifact:1:ld1-1643390182193-1643390188021-0,usesMaterial,entity:material:ink
entity:artifact:1:ld1-1643390182193-1643390188021-0,usesMaterial,entity:material:paper
entity:artifact:1:ld1-1643390182193-1643390188023-0,usesMaterial,entity:material:silk
entity:artifact:1:ld1-1643390182193-1643390188024-1,usesMaterial,entity:material:ink
entity:artifact:1:ld1-1643390182193-1643390188024-1,usesMaterial,entity:material:pigment
entity:artifact:1:ld1-1643390182193-1643390188024-1,usesMaterial,entity:material:silk
entity:artifact:1:ld1-1643390182193-1643390188025-0,usesMaterial,entity:material:ink
entity:artifact:1:ld1-1643390182193-1643390188025-0,usesMaterial,entity:material:pigment
entity:artifact:1:ld1-1643390182193-1643390188025-0,usesMaterial,entity:material:silk
entity:artifact:1:ld1-1643390182193-1643390188029-0,usesMaterial,entity:material:ink
entity:artifact:1:ld1-1643390182193-1643390188029-0,usesMaterial,entity:material:pigment
entity:artifact:1:ld1-1643390182193-1643390188029-0,usesMaterial,entity:material:silk
entity:artifact:1:ld1-1643390182193-1643390188030-0,usesMaterial,entity:material:ink
entity:artifact:1:ld1-1643390182193-1643390188030-0,usesMaterial,entity:material:pigment
entity:artifact:1:ld1-1643390182193-1643390188030-0,usesMaterial,entity:material:silk
entity:artifact:1:ld1-1643390182193-1643390188030-1,usesMaterial,entity:material:ink
entity:artifact:1:ld1-1643390182193-1643390188030-1,usesMaterial,entity:material:silk
entity:artifact:1:ld1-1643390182193-1643390188031-0,usesMaterial,entity:material:ink
entity:artifact:1:ld1-1643390182193-1643390188031-0,usesMaterial,entity:material:pigment
entity:artifact:1:ld1-1643390182193-1643390188031-0,usesMaterial,entity:material:silk
entity:artifact:1:ld1-1643390182193-1643390188032-0,usesMaterial,entity:material:ink
entity:artifact:1:ld1-1643390182193-1643390188032-0,usesMaterial,entity:material:pigment
entity:artifact:1:ld1-1643390182193-1643390188032-0,usesMaterial,entity:material:silk
entity:artifact:1:ld1-1643390182193-1643390188033-0,usesMaterial,entity:material:ink
entity:artifact:1:ld1-1643390182193-1643390188033-0,usesMaterial,entity:material:pigment
entity:artifact:1:ld1-1643390182193-1643390188033-0,usesMaterial,entity:material:silk
entity:artifact:1:ld1-1643390182193-1643390188034-0,usesMaterial,entity:material:ink
entity:artifact:1:ld1-1643390182193-1643390188034-0,usesMaterial,entity:material:pigment
entity:artifact:1:ld1-1643390182193-1643390188034-0,usesMaterial,entity:material:silk
entity:artifact:1:ld1-1643390182193-1643390188035-0,usesMaterial,entity:material:ink
entity:artifact:1:ld1-1643390182193-1643390188035-0,usesMaterial,entity:material:paper
entity:artifact:1:ld1-1643390182193-1643390188036-0,usesMaterial,entity:material:ink
entity:artifact:1:ld1-1643390182193-1643390188036-0,usesMaterial,entity:material:paper
entity:artifact:1:ld1-1643390182193-1643390188039-1,usesMaterial,entity:material:ink
entity:artifact:1:ld1-1643390182193-1643390188039-1,usesMaterial,entity:material:pigment
entity:artifact:1:ld1-1643390182193-1643390188039-1,usesMaterial,entity:material:silk
entity:artifact:1:ld1-1643390182193-1643390188040-0,usesMaterial,entity:material:ink
entity:artifact:1:ld1-1643390182193-1643390188040-0,usesMaterial,entity:material:pigment
entity:artifact:1:ld1-1643390182193-1643390188040-0,usesMaterial,entity:material:silk
entity:artifact:1:ld1-1643390182193-1643390188041-0,usesMaterial,entity:material:ink
entity:artifact:1:ld1-1643390182193-1643390188041-0,usesMaterial,entity:material:pigment
entity:artifact:1:ld1-1643390182193-1643390188041-0,usesMaterial,entity:material:silk
entity:artifact:1:ld1-1643390182193-1643390188043-1,usesMaterial,entity:material:ink
entity:artifact:1:ld1-1643390182193-1643390188043-1,usesMaterial,entity:material:silk
entity:artifact:1:ld1-1643390182193-1643390188051-0,usesMaterial,entity:material:ink
entity:artifact:1:ld1-1643390182193-1643390188051-0,usesMaterial,entity:material:pigment
entity:artifact:1:ld1-1643390182193-1643390188051-0,usesMaterial,entity:material:silk
entity:artifact:1:ld1-1643390182193-1643390188053-0,usesMaterial,entity:material:ink
entity:artifact:1:ld1-1643390182193-1643390188053-0,usesMaterial,entity:material:paper
entity:artifact:1:ld1-1643390182193-1643390188053-0,usesMaterial,entity:material:pigment
entity:artifact:1:ld1-1643390182193-1643390188054-0,usesMaterial,entity:material:ink
entity:artifact:1:ld1-1643390182193-1643390188054-0,usesMaterial,entity:material:silk
entity:artifact:1:ld1-1643390182193-1643390188056-0,usesMaterial,entity:material:ink
entity:artifact:1:ld1-1643390182193-1643390188056-0,usesMaterial,entity:material:pigment
entity:artifact:1:ld1-1643390182193-1643390188056-0,usesMaterial,entity:material:silk
entity:artifact:1:ld1-1643390182193-1643390188062-0,usesMaterial,entity:material:ink
entity:artifact:1:ld1-1643390182193-1643390188062-0,usesMaterial,entity:material:silk
entity:artifact:1:ld1-1643390182193-1643390188063-0,usesMaterial,entity:material:ink
entity:artifact:1:ld1-1643390182193-1643390188063-0,usesMaterial,entity:material:pigment
entity:artifact:1:ld1-1643390182193-1643390188063-0,usesMaterial,entity:material:silk
entity:artifact:1:ld1-1643390182193-1643390188063-1,usesMaterial,entity:material:ink
entity:artifact:1:ld1-1643390182193-1643390188063-1,usesMaterial,entity:material:pigment
entity:artifact:1:ld1-1643390182193-1643390188063-1,usesMaterial,entity:material:silk
entity:artifact:1:ld1-1643390182193-1643390188204-0,usesMaterial,entity:material:stone
entity:artifact:1:ld1-1643390182193-1643390188209-0,usesMaterial,entity:material:pigment
entity:artifact:1:ld1-1643390182193-1643390188209-0,usesMaterial,entity:material:stone
entity:artifact:1:ld1-1643390182193-1643390188211-0,usesMaterial,entity:material:pigment
entity:artifact:1:ld1-1643390182193-1643390188211-0,usesMaterial,entity:material:stone
entity:artifact:1:ld1-1643390182193-1643390188223-0,usesMaterial,entity:material:pigment
entity:artifact:1:ld1-1643390182193-1643390188223-0,usesMaterial,entity:material:stone
entity:artifact:1:ld1-1643390182193-1643390188247-0,usesMaterial,entity:material:stone
entity:artifact:1:ld1-1643390182193-1643390188253-0,usesMaterial,entity:material:stone
entity:artifact:1:ld1-1643390182193-1643390188273-0,usesMaterial,entity:material:jade
entity:artifact:1:ld1-1643390182193-1643390188273-0,usesMaterial,entity:material:nephrite
entity:artifact:1:ld1-1643390182193-1643390188279-0,usesMaterial,entity:material:jade
entity:artifact:1:ld1-1643390182193-1643390188295-0,usesMaterial,entity:material:jade
entity:artifact:1:ld1-1643390182193-1643390188295-0,usesMaterial,entity:material:stone
entity:artifact:1:ld1-1643390182193-1643390188301-0,usesMaterial,entity:material:jade
entity:artifact:1:ld1-1643390182193-1643390188301-0,usesMaterial,entity:material:nephrite
entity:artifact:1:ld1-1643390182193-1643390188328-0,usesMaterial,entity:material:ink
entity:artifact:1:ld1-1643390182193-1643390188328-0,usesMaterial,entity:material:pigment
entity:artifact:1:ld1-1643390182193-1643390188328-0,usesMaterial,entity:material:silk
entity:artifact:1:ld1-1643390182193-1643390188330-0,usesMaterial,entity:material:ink
entity:artifact:1:ld1-1643390182193-1643390188330-0,usesMaterial,entity:material:pigment
entity:artifact:1:ld1-1643390182193-1643390188330-0,usesMaterial,entity:material:silk
entity:artifact:1:ld1-1643390182193-1643390188334-0,usesMaterial,entity:material:ink
entity:artifact:1:ld1-1643390182193-1643390188334-0,usesMaterial,entity:material:pigment
entity:artifact:1:ld1-1643390182193-1643390188334-0,usesMaterial,entity:material:silk
entity:artifact:1:ld1-1643390182193-1643390188338-0,usesMaterial,entity:material:ink
entity:artifact:1:ld1-1643390182193-1643390188338-0,usesMaterial,entity:material:silk
entity:artifact:1:ld1-1643390182193-1643390188339-0,usesMaterial,entity:material:ink
entity:artifact:1:ld1-1643390182193-1643390188339-0,usesMaterial,entity:material:pigment
entity:artifact:1:ld1-1643390182193-1643390188339-0,usesMaterial,entity:material:silk
entity:artifact:1:ld1-1643390182193-1643390188342-0,usesMaterial,entity:material:ink
entity:artifact:1:ld1-1643390182193-1643390188342-0,usesMaterial,entity:material:pigment
entity:artifact:1:ld1-1643390182193-1643390188342-0,usesMaterial,entity:material:silk
entity:artifact:1:ld1-1643390182193-1643390188344-0,usesMaterial,entity:material:ink
entity:artifact:1:ld1-1643390182193-1643390188344-0,usesMaterial,entity:material:pigment
entity:artifact:1:ld1-1643390182193-1643390188344-0,usesMaterial,entity:material:silk
entity:artifact:1:ld1-1643390182193-1643390188346-0,usesMaterial,entity:material:ink
entity:artifact:1:ld1-1643390182193-1643390188346-0,usesMaterial,entity:material:pigment
entity:artifact:1:ld1-1643390182193-1643390188346-0,usesMaterial,entity:material:silk
entity:artifact:1:ld1-1643390182193-1643390188349-0,usesMaterial,entity:material:ink
entity:artifact:1:ld1-1643390182193-1643390188349-0,usesMaterial,entity:material:pigment
entity:artifact:1:ld1-1643390182193-1643390188349-0,usesMaterial,entity:material:silk
entity:artifact:1:ld1-1643390182193-1643390188351-0,usesMaterial,entity:material:ink
entity:artifact:1:ld1-1643390182193-1643390188351-0,usesMaterial,entity:material:pigment
entity:artifact:1:ld1-1643390182193-1643390188351-0,usesMaterial,entity:material:silk
entity:artifact:1:ld1-1643390182193-1643390188354-0,usesMaterial,entity:material:ink
entity:artifact:1:ld1-1643390182193-1643390188354-0,usesMaterial,entity:material:paper
entity:artifact:1:ld1-1643390182193-1643390188354-0,usesMaterial,entity:material:pigment
entity:artifact:1:ld1-1643390182193-1643390188358-0,usesMaterial,entity:material:ink
entity:artifact:1:ld1-1643390182193-1643390188358-0,usesMaterial,entity:material:paper
entity:artifact:1:ld1-1643390182193-1643390188365-0,usesMaterial,entity:material:bronze
entity:artifact:1:ld1-1643390182193-1643390188365-0,usesMaterial,entity:material:gold
entity:artifact:1:ld1-1643390182193-1643390188369-0,usesMaterial,entity:material:ink
entity:artifact:1:ld1-1643390182193-1643390188369-0,usesMaterial,entity:material:silk
entity:artifact:1:ld1-1643390182193-1643390188371-0,usesMaterial,entity:material:ink
entity:artifact:1:ld1-1643390182193-1643390188371-0,usesMaterial,entity:material:pigment
entity:artifact:1:ld1-1643390182193-1643390188371-0,usesMaterial,entity:material:silk
entity:artifact:1:ld1-1643390182193-1643390188372-0,usesMaterial,entity:material:ink
entity:artifact:1:ld1-1643390182193-1643390188372-0,usesMaterial,entity:material:pigment
entity:artifact:1:ld1-1643390182193-1643390188372-0,usesMaterial,entity:material:silk
entity:artifact:1:ld1-1643390182193-1643390188374-0,usesMaterial,entity:material:ink
entity:artifact:1:ld1-1643390182193-1643390188374-0,usesMaterial,entity:material:pigment
entity:artifact:1:ld1-1643390182193-1643390188374-0,usesMaterial,entity:material:silk
entity:artifact:1:ld1-1643390182193-1643390188376-0,usesMaterial,entity:material:ink
entity:artifact:1:ld1-1643390182193-1643390188376-0,usesMaterial,entity:material:pigment
entity:artifact:1:ld1-1643390182193-1643390188376-0,usesMaterial,entity:material:silk
entity:artifact:1:ld1-1643390182193-1643390188377-0,usesMaterial,entity:material:ink
entity:artifact:1:ld1-1643390182193-1643390188377-0,usesMaterial,entity:material:pigment
entity:artifact:1:ld1-1643390182193-1643390188377-0,usesMaterial,entity:material:silk
entity:artifact:1:ld1-1643390182193-1643390188379-0,usesMaterial,entity:material:ink
entity:artifact:1:ld1-1643390182193-1643390188379-0,usesMaterial,entity:material:pigment
entity:artifact:1:ld1-1643390182193-1643390188379-0,usesMaterial,entity:material:silk
entity:artifact:1:ld1-1643390182193-1643390188380-0,usesMaterial,entity:material:ink
entity:artifact:1:ld1-1643390182193-1643390188380-0,usesMaterial,entity:material:pigment
entity:artifact:1:ld1-1643390182193-1643390188380-0,usesMaterial,entity:material:silk
entity:artifact:1:ld1-1643390182193-1643390188382-0,usesMaterial,entity:material:ink
entity:artifact:1:ld1-1643390182193-1643390188382-0,usesMaterial,entity:material:pigment
entity:artifact:1:ld1-1643390182193-1643390188382-0,usesMaterial,entity:material:silk
entity:artifact:1:ld1-1643390182193-1643390188400-0,usesMaterial,entity:material:ink
entity:artifact:1:ld1-1643390182193-1643390188400-0,usesMaterial,entity:material:pigment
entity:artifact:1:ld1-1643390182193-1643390188400-0,usesMaterial,entity:material:silk
entity:artifact:1:ld1-1643390182193-1643390188405-0,usesMaterial,entity:material:ink
entity:artifact:1:ld1-1643390182193-1643390188405-0,usesMaterial,entity:material:paper
entity:artifact:1:ld1-1643390182193-1643390188410-0,usesMaterial,entity:material:ink
entity:artifact:1:ld1-1643390182193-1643390188410-0,usesMaterial,entity:material:silk
entity:artifact:1:ld1-1643390182193-1643390188417-0,usesMaterial,entity:material:ink
entity:artifact:1:ld1-1643390182193-1643390188417-0,usesMaterial,entity:material:pigment
entity:artifact:1:ld1-1643390182193-1643390188417-0,usesMaterial,entity:material:silk
entity:artifact:1:ld1-1643390182193-1643390188419-0,usesMaterial,entity:material:ink
entity:artifact:1:ld1-1643390182193-1643390188419-0,usesMaterial,entity:material:pigment
entity:artifact:1:ld1-1643390182193-1643390188419-0,usesMaterial,entity:material:silk
entity:artifact:1:ld1-1643390182193-1643390188420-0,usesMaterial,entity:material:ink
entity:artifact:1:ld1-1643390182193-1643390188420-0,usesMaterial,entity:material:paper
entity:artifact:1:ld1-1643390182193-1643390188422-0,usesMaterial,entity:material:ink
entity:artifact:1:ld1-1643390182193-1643390188422-0,usesMaterial,entity:material:paper
entity:artifact:1:ld1-1643390182193-1643390188423-0,usesMaterial,entity:material:ink
entity:artifact:1:ld1-1643390182193-1643390188423-0,usesMaterial,entity:material:paper
entity:artifact:1:ld1-1643390182193-1643390188430-0,usesMaterial,entity:material:ink
entity:artifact:1:ld1-1643390182193-1643390188430-0,usesMaterial,entity:material:pigment
entity:artifact:1:ld1-1643390182193-1643390188430-0,usesMaterial,entity:material:silk
entity:artifact:1:ld1-1643390182193-1643390188434-0,usesMaterial,entity:material:ink
entity:artifact:1:ld1-1643390182193-1643390188434-0,usesMaterial,entity:material:silk
entity:artifact:1:ld1-1643390182193-1643390188435-0,usesMaterial,entity:material:ink
entity:artifact:1:ld1-1643390182193-1643390188435-0,usesMaterial,entity:material:pigment
entity:artifact:1:ld1-1643390182193-1643390188435-0,usesMaterial,entity:material:silk
entity:artifact:1:ld1-1643390182193-1643390188437-0,usesMaterial,entity:material:ink
entity:artifact:1:ld1-1643390182193-1643390188437-0,usesMaterial,entity:material:pigment
entity:artifact:1:ld1-1643390182193-1643390188437-0,usesMaterial,entity:material:silk
entity:artifact:1:ld1-1643390182193-1643390188443-0,usesMaterial,entity:material:ink
entity:artifact:1:ld1-1643390182193-1643390188443-0,usesMaterial,entity:material:pigment
entity:artifact:1:ld1-1643390182193-1643390188443-0,usesMaterial,entity:material:silk
entity:artifact:1:ld1-1643390182193-1643390188455-0,usesMaterial,entity:material:stone
entity:artifact:1:ld1-1643390182193-1643390188514-0,usesMaterial,entity:material:bronze
entity:artifact:1:ld1-1643390182193-1643390188516-0,usesMaterial,entity:material:gold
entity:artifact:1:ld1-1643390182193-1643390188516-0,usesMaterial,entity:material:paper
entity:artifact:1:ld1-1643390182193-1643390188516-0,usesMaterial,entity:material:silk
entity:artifact:1:ld1-1643390182193-1643390188523-0,usesMaterial,entity:material:silk
entity:artifact:1:ld1-1643390182193-1643390188555-0,usesMaterial,entity:material:bronze
entity:artifact:1:ld1-1643390182193-1643390188556-0,usesMaterial,entity:material:bronze
entity:artifact:1:ld1-1643390182193-1643390188558-0,usesMaterial,entity:material:bronze
entity:artifact:1:ld1-1643390182193-1643390188559-0,usesMaterial,entity:material:bronze
entity:artifact:1:ld1-1643390182193-1643390188561-0,usesMaterial,entity:material:bronze
entity:artifact:1:ld1-1643390182193-1643390188562-0,usesMaterial,entity:material:bronze
entity:artifact:1:ld1-1643390182193-1643390188564-0,usesMaterial,entity:material:bronze
entity:artifact:1:ld1-1643390182193-1643390188565-0,usesMaterial,entity:material:bronze
entity:artifact:1:ld1-1643390182193-1643390188567-0,usesMaterial,entity:material:bronze
entity:artifact:1:ld1-1643390182193-1643390188568-0,usesMaterial,entity:material:bronze
entity:artifact:1:ld1-1643390182193-1643390188570-0,usesMaterial,entity:material:bronze
entity:artifact:1:ld1-1643390182193-1643390188571-0,usesMaterial,entity:material:bronze
entity:artifact:1:ld1-1643390182193-1643390188573-0,usesMaterial,entity:material:bronze
entity:artifact:1:ld1-1643390182193-1643390188574-0,usesMaterial,entity:material:bronze
entity:artifact:1:ld1-1643390182193-1643390188576-0,usesMaterial,entity:material:bronze
entity:artifact:1:ld1-1643390182193-1643390188578-0,usesMaterial,entity:material:bronze
entity:artifact:1:ld1-1643390182193-1643390188579-0,usesMaterial,entity:material:lacquer
entity:artifact:1:ld1-1643390182193-1643390188579-0,usesMaterial,entity:material:shell
entity:artifact:1:ld1-1643390182193-1643390188579-0,usesMaterial,entity:material:wood
entity:artifact:1:ld1-1643390182193-1643390188584-1,usesMaterial,entity:material:ink
entity:artifact:1:ld1-1643390182193-1643390188584-1,usesMaterial,entity:material:pigment
entity:artifact:1:ld1-1643390182193-1643390188584-1,usesMaterial,entity:material:silk
entity:artifact:1:ld1-1643390182193-1643390188602-0,usesMaterial,entity:material:jade
entity:artifact:1:ld1-1643390182193-1643390188603-0,usesMaterial,entity:material:jade
entity:artifact:1:ld1-1643390182193-1643390188603-0,usesMaterial,entity:material:nephrite
entity:artifact:1:ld1-1643390182193-1643390188612-0,usesMaterial,entity:material:jade
entity:artifact:1:ld1-1643390182193-1643390188612-0,usesMaterial,entity:material:nephrite
entity:artifact:1:ld1-1643390182193-1643390188614-0,usesMaterial,entity:material:jade
entity:artifact:1:ld1-1643390182193-1643390188614-0,usesMaterial,entity:material:nephrite
entity:artifact:1:ld1-1643390182193-1643390188615-0,usesMaterial,entity:material:jade
entity:artifact:1:ld1-1643390182193-1643390188615-0,usesMaterial,entity:material:nephrite
entity:artifact:1:ld1-1643390182193-1643390188642-0,usesMaterial,entity:material:stone
entity:artifact:1:ld1-1643390182193-1643390188646-0,usesMaterial,entity:material:stone
entity:artifact:1:ld1-1643390182193-1643390188647-0,usesMaterial,entity:material:stone
entity:artifact:1:ld1-1643390182193-1643390188653-0,usesMaterial,entity:material:stone
entity:artifact:1:ld1-1643390182193-1643390188657-0,usesMaterial,entity:material:pigment
entity:artifact:1:ld1-1643390182193-1643390188657-0,usesMaterial,entity:material:stone
entity:artifact:1:ld1-1643390182193-1643390188658-0,usesMaterial,entity:material:stone
entity:artifact:1:ld1-1643390182193-1643390188659-0,usesMaterial,entity:material:stone
entity:artifact:1:ld1-1643390182193-1643390188668-0,usesMaterial,entity:material:stone
entity:artifact:1:ld1-1643390182193-1643390188676-0,usesMaterial,entity:material:ink
entity:artifact:1:ld1-1643390182193-1643390188676-0,usesMaterial,entity:material:pigment
entity:artifact:1:ld1-1643390182193-1643390188676-0,usesMaterial,entity:material:silk
entity:artifact:1:ld1-1643390182193-1643390188682-0,usesMaterial,entity:material:jade
entity:artifact:1:ld1-1643390182193-1643390188685-0,usesMaterial,entity:material:bronze
entity:artifact:1:ld1-1643390182193-1643390188688-0,usesMaterial,entity:material:stone
entity:artifact:1:ld1-1643390182193-1643390188691-0,usesMaterial,entity:material:bronze
entity:artifact:1:ld1-1643390182193-1643390188693-0,usesMaterial,entity:material:pigment
entity:artifact:1:ld1-1643390182193-1643390188693-0,usesMaterial,entity:material:stone
entity:artifact:1:ld1-1643390182193-1643390188698-0,usesMaterial,entity:material:bronze
entity:artifact:1:ld1-1643390182193-1643390188703-1,usesMaterial,entity:material:stone
entity:artifact:1:ld1-1643390182193-1643390188708-0,usesMaterial,entity:material:bronze
entity:artifact:1:ld1-1643390182193-1643390188708-1,usesMaterial,entity:material:bronze
entity:artifact:1:ld1-1643390182193-1643390188709-0,usesMaterial,entity:material:bronze
entity:artifact:1:ld1-1643390182193-1643390188710-0,usesMaterial,entity:material:bronze
entity:artifact:1:ld1-1643390182193-1643390188720-1,usesMaterial,entity:material:ink
entity:artifact:1:ld1-1643390182193-1643390188720-1,usesMaterial,entity:material:pigment
entity:artifact:1:ld1-1643390182193-1643390188720-1,usesMaterial,entity:material:silk
entity:artifact:1:ld1-1643390182193-1643390188722-0,usesMaterial,entity:material:ink
entity:artifact:1:ld1-1643390182193-1643390188722-0,usesMaterial,entity:material:pigment
entity:artifact:1:ld1-1643390182193-1643390188722-0,usesMaterial,entity:material:silk
entity:artifact:1:ld1-1643390182193-1643390188722-1,usesMaterial,entity:material:ink
entity:artifact:1:ld1-1643390182193-1643390188722-1,usesMaterial,entity:material:pigment
entity:artifact:1:ld1-1643390182193-1643390188722-1,usesMaterial,entity:material:silk
entity:artifact:1:ld1-1643390182193-1643390188724-0,usesMaterial,entity:material:pigment
entity:artifact:1:ld1-1643390182193-1643390188724-0,usesMaterial,entity:material:stone
entity:artifact:1:ld1-1643390182193-1643390188725-1,usesMaterial,entity:material:stone
entity:artifact:1:ld1-1643390182193-1643390188727-0,usesMaterial,entity:material:pigment
entity:artifact:1:ld1-1643390182193-1643390188727-0,usesMaterial,entity:material:stone
entity:artifact:1:ld1-1643390182193-1643390188728-0,usesMaterial,entity:material:stone
entity:artifact:1:ld1-1643390182193-1643390188728-1,usesMaterial,entity:material:stone
entity:artifact:1:ld1-1643390182193-1643390188729-0,usesMaterial,entity:material:stone
entity:artifact:1:ld1-1643390182193-1643390188730-0,usesMaterial,entity:material:pigment
entity:artifact:1:ld1-1643390182193-1643390188730-0,usesMaterial,entity:material:stone
entity:artifact:1:ld1-1643390182193-1643390188731-0,usesMaterial,entity:material:stone
entity:artifact:1:ld1-1643390182193-1643390188739-0,usesMaterial,entity:material:bronze
entity:artifact:1:ld1-1643390182193-1643390188741-0,usesMaterial,entity:material:bronze
entity:artifact:1:ld1-1643390182193-1643390188741-1,usesMaterial,entity:material:bronze
entity:artifact:1:ld1-1643390182193-1643390188745-0,usesMaterial,entity:material:bronze
entity:artifact:1:ld1-1643390182193-1643390188746-0,usesMaterial,entity:material:bronze
entity:artifact:1:ld1-1643390182193-1643390188747-0,usesMaterial,entity:material:bronze
entity:artifact:1:ld1-1643390182193-1643390188747-0,usesMaterial,entity:material:stone
entity:artifact:1:ld1-1643390182193-1643390188748-0,usesMaterial,entity:material:bronze
entity:artifact:1:ld1-1643390182193-1643390188748-1,usesMaterial,entity:material:bronze
entity:artifact:1:ld1-1643390182193-1643390188749-0,usesMaterial,entity:material:bronze
entity:artifact:1:ld1-1643390182193-1643390188750-0,usesMaterial,entity:material:bronze
entity:artifact:1:ld1-1643390182193-1643390188751-0,usesMaterial,entity:material:bronze
entity:artifact:1:ld1-1643390182193-1643390188751-1,usesMaterial,entity:material:bronze
entity:artifact:1:ld1-1643390182193-1643390188752-0,usesMaterial,entity:material:bronze
entity:artifact:1:ld1-1643390182193-1643390188755-0,usesMaterial,entity:material:bronze
entity:artifact:1:ld1-1643390182193-1643390188757-0,usesMaterial,entity:material:metal
entity:artifact:1:ld1-1643390182193-1643390188758-0,usesMaterial,entity:material:bronze
entity:artifact:1:ld1-1643390182193-1643390188759-0,usesMaterial,entity:material:bronze
entity:artifact:1:ld1-1643390182193-1643390188761-0,usesMaterial,entity:material:bronze
entity:artifact:1:ld1-1643390182193-1643390188764-0,usesMaterial,entity:material:bronze
entity:artifact:1:ld1-1643390182193-1643390188764-0,usesMaterial,entity:material:stone
entity:artifact:1:ld1-1643390182193-1643390188766-0,usesMaterial,entity:material:bronze
entity:artifact:1:ld1-1643390182193-1643390188766-0,usesMaterial,entity:material:silver
entity:artifact:1:ld1-1643390182193-1643390188767-0,usesMaterial,entity:material:bronze
entity:artifact:1:ld1-1643390182193-1643390188768-0,usesMaterial,entity:material:bronze
entity:artifact:1:ld1-1643390182193-1643390188769-0,usesMaterial,entity:material:bronze
entity:artifact:1:ld1-1643390182193-1643390188770-0,usesMaterial,entity:material:bronze
entity:artifact:1:ld1-1643390182193-1643390188771-1,usesMaterial,entity:material:glass
entity:artifact:1:ld1-1643390182193-1643390188772-0,usesMaterial,entity:material:stone
entity:artifact:1:ld1-1643390182193-1643390188773-0,usesMaterial,entity:material:pigment
entity:artifact:1:ld1-1643390182193-1643390188773-0,usesMaterial,entity:material:stone
entity:artifact:1:ld1-1643390182193-1643390188774-0,usesMaterial,entity:material:pigment
entity:artifact:1:ld1-1643390182193-1643390188774-0,usesMaterial,entity:material:stone
entity:artifact:1:ld1-1643390182193-1643390188776-0,usesMaterial,entity:material:stone
entity:artifact:1:ld1-1643390182193-1643390188778-1,usesMaterial,entity:material:stone
entity:artifact:1:ld1-1643390182193-1643390188787-0,usesMaterial,entity:material:metal
entity:artifact:1:ld1-1643390182193-1643390188787-0,usesMaterial,entity:material:silk
entity:artifact:1:ld1-1643390182193-1643390188788-0,usesMaterial,entity:material:metal
entity:artifact:1:ld1-1643390182193-1643390188788-0,usesMaterial,entity:material:silk
entity:artifact:1:ld1-1643390182193-1643390188789-0,usesMaterial,entity:material:metal
entity:artifact:1:ld1-1643390182193-1643390188789-0,usesMaterial,entity:material:silk
entity:artifact:1:ld1-1643390182193-1643390188789-1,usesMaterial,entity:material:metal
entity:artifact:1:ld1-1643390182193-1643390188789-1,usesMaterial,entity:material:silk
entity:artifact:1:ld1-1643390182193-1643390188790-0,usesMaterial,entity:material:metal
entity:artifact:1:ld1-1643390182193-1643390188790-0,usesMaterial,entity:material:silk
entity:artifact:1:ld1-1643390182193-1643390188820-0,usesMaterial,entity:material:bronze
entity:artifact:1:ld1-1643390182193-1643390188827-0,usesMaterial,entity:material:bronze
entity:artifact:1:ld1-1643390182193-1643390188828-0,usesMaterial,entity:material:bronze
entity:artifact:1:ld1-1643390182193-1643390188833-0,usesMaterial,entity:material:stone
entity:artifact:1:ld1-1643390182193-1643390188834-0,usesMaterial,entity:material:pigment
entity:artifact:1:ld1-1643390182193-1643390188834-0,usesMaterial,entity:material:stone
entity:artifact:1:ld1-1643390182193-1643390188835-0,usesMaterial,entity:material:stone
entity:artifact:1:ld1-1643390182193-1643390188836-0,usesMaterial,entity:material:stone
entity:artifact:1:ld1-1643390182193-1643390188850-0,usesMaterial,entity:material:bronze
entity:artifact:1:ld1-1643390182193-1643390188862-0,usesMaterial,entity:material:bronze
entity:artifact:1:ld1-1643390182193-1643390188862-0,usesMaterial,entity:material:silver
entity:artifact:1:ld1-1643390182193-1643390188863-0,usesMaterial,entity:material:bronze
entity:artifact:1:ld1-1643390182193-1643390188864-0,usesMaterial,entity:material:stone
entity:artifact:1:ld1-1643390182193-1643390188873-0,usesMaterial,entity:material:jade
entity:artifact:1:ld1-1643390182193-1643390188873-0,usesMaterial,entity:material:stone
entity:artifact:1:ld1-1643390182193-1643390188877-1,usesMaterial,entity:material:stone
entity:artifact:1:ld1-1643390182193-1643390188879-0,usesMaterial,entity:material:stone
entity:artifact:1:ld1-1643390182193-1643390188891-0,usesMaterial,entity:material:ink
entity:artifact:1:ld1-1643390182193-1643390188891-0,usesMaterial,entity:material:pigment
entity:artifact:1:ld1-1643390182193-1643390188891-0,usesMaterial,entity:material:silk
entity:artifact:1:ld1-1643390182193-1643390188892-0,usesMaterial,entity:material:ink
entity:artifact:1:ld1-1643390182193-1643390188892-0,usesMaterial,entity:material:pigment
entity:artifact:1:ld1-1643390182193-1643390188892-0,usesMaterial,entity:material:silk
entity:artifact:1:ld1-1643390182193-1643390188893-0,usesMaterial,entity:material:ink
entity:artifact:1:ld1-1643390182193-1643390188893-0,usesMaterial,entity:material:silk
entity:artifact:1:ld1-1643390182193-1643390188903-0,usesMaterial,entity:material:ink
entity:artifact:1:ld1-1643390182193-1643390188903-0,usesMaterial,entity:material:pigment
entity:artifact:1:ld1-1643390182193-1643390188903-0,usesMaterial,entity:material:silk
entity:artifact:1:ld1-1643390182193-1643390188903-1,usesMaterial,entity:material:ink
entity:artifact:1:ld1-1643390182193-1643390188903-1,usesMaterial,entity:material:pigment
entity:artifact:1:ld1-1643390182193-1643390188903-1,usesMaterial,entity:material:silk
entity:artifact:1:ld1-1643390182193-1643390188906-0,usesMaterial,entity:material:ink
entity:artifact:1:ld1-1643390182193-1643390188906-0,usesMaterial,entity:material:silk
entity:artifact:1:ld1-1643390182193-1643390188907-0,usesMaterial,entity:material:ink
entity:artifact:1:ld1-1643390182193-1643390188907-0,usesMaterial,entity:material:pigment
entity:artifact:1:ld1-1643390182193-1643390188907-0,usesMaterial,entity:material:silk
entity:artifact:1:ld1-1643390182193-1643390188908-0,usesMaterial,entity:material:ink
entity:artifact:1:ld1-1643390182193-1643390188908-0,usesMaterial,entity:material:pigment
entity:artifact:1:ld1-1643390182193-1643390188908-0,usesMaterial,entity:material:silk
entity:artifact:1:ld1-1643390182193-1643390188910-0,usesMaterial,entity:material:bronze
entity:artifact:1:ld1-1643390182193-1643390188910-0,usesMaterial,entity:material:gold
entity:artifact:1:ld1-1643390182193-1643390188920-0,usesMaterial,entity:material:glass
entity:artifact:1:ld1-1643390182193-1643390188921-0,usesMaterial,entity:material:jade
entity:artifact:1:ld1-1643390182193-1643390188921-0,usesMaterial,entity:material:nephrite
entity:artifact:1:ld1-1643390182193-1643390188921-1,usesMaterial,entity:material:jade
entity:artifact:1:ld1-1643390182193-1643390188922-0,usesMaterial,entity:material:jade
entity:artifact:1:ld1-1643390182193-1643390188922-0,usesMaterial,entity:material:nephrite
entity:artifact:1:ld1-1643390182193-1643390188923-0,usesMaterial,entity:material:jade
entity:artifact:1:ld1-1643390182193-1643390188923-0,usesMaterial,entity:material:nephrite
entity:artifact:1:ld1-1643390182193-1643390188926-0,usesMaterial,entity:material:earthenware
entity:artifact:1:ld1-1643390182193-1643390188926-1,usesMaterial,entity:material:earthenware
entity:artifact:1:ld1-1643390182193-1643390188956-0,usesMaterial,entity:material:ink
entity:artifact:1:ld1-1643390182193-1643390188956-0,usesMaterial,entity:material:pigment
entity:artifact:1:ld1-1643390182193-1643390188956-0,usesMaterial,entity:material:silk
entity:artifact:1:ld1-1643390182193-1643390188957-0,usesMaterial,entity:material:ink
entity:artifact:1:ld1-1643390182193-1643390188957-0,usesMaterial,entity:material:paper
entity:artifact:1:ld1-1643390182193-1643390188959-0,usesMaterial,entity:material:ink
entity:artifact:1:ld1-1643390182193-1643390188959-0,usesMaterial,entity:material:pigment
entity:artifact:1:ld1-1643390182193-1643390188959-0,usesMaterial,entity:material:silk
entity:artifact:1:ld1-1643390182193-1643390188960-0,usesMaterial,entity:material:ink
entity:artifact:1:ld1-1643390182193-1643390188960-0,usesMaterial,entity:material:pigment
entity:artifact:1:ld1-1643390182193-1643390188960-0,usesMaterial,entity:material:silk
entity:artifact:1:ld1-1643390182193-1643390188962-1,usesMaterial,entity:material:ink
entity:artifact:1:ld1-1643390182193-1643390188962-1,usesMaterial,entity:material:paper
entity:artifact:1:ld1-1643390182193-1643390188962-1,usesMaterial,entity:material:pigment
entity:artifact:1:ld1-1643390182193-1643390188963-0,usesMaterial,entity:material:ink
entity:artifact:1:ld1-1643390182193-1643390188963-0,usesMaterial,entity:material:pigment
entity:artifact:1:ld1-1643390182193-1643390188963-0,usesMaterial,entity:material:silk
entity:artifact:1:ld1-1643390182193-1643390188964-0,usesMaterial,entity:material:ink
entity:artifact:1:ld1-1643390182193-1643390188964-0,usesMaterial,entity:material:pigment
entity:artifact:1:ld1-1643390182193-1643390188964-0,usesMaterial,entity:material:silk
entity:artifact:1:ld1-1643390182193-1643390188965-0,usesMaterial,entity:material:ink
entity:artifact:1:ld1-1643390182193-1643390188965-0,usesMaterial,entity:material:pigment
entity:artifact:1:ld1-1643390182193-1643390188965-0,usesMaterial,entity:material:silk
entity:artifact:1:ld1-1643390182193-1643390188966-0,usesMaterial,entity:material:ink
entity:artifact:1:ld1-1643390182193-1643390188966-0,usesMaterial,entity:material:pigment
entity:artifact:1:ld1-1643390182193-1643390188966-0,usesMaterial,entity:material:silk
entity:artifact:1:ld1-1643390182193-1643390188967-0,usesMaterial,entity:material:ink
entity:artifact:1:ld1-1643390182193-1643390188967-0,usesMaterial,entity:material:silk
entity:artifact:1:ld1-1643390182193-1643390188968-0,usesMaterial,entity:material:ink
entity:artifact:1:ld1-1643390182193-1643390188968-0,usesMaterial,entity:material:pigment
entity:artifact:1:ld1-1643390182193-1643390188968-0,usesMaterial,entity:material:silk
entity:artifact:1:ld1-1643390182193-1643390188970-0,usesMaterial,entity:material:ink
entity:artifact:1:ld1-1643390182193-1643390188970-0,usesMaterial,entity:material:paper
entity:artifact:1:ld1-1643390182193-1643390188970-0,usesMaterial,entity:material:pigment
entity:artifact:1:ld1-1643390182193-1643390188988-0,usesMaterial,entity:material:ink
entity:artifact:1:ld1-1643390182193-1643390188988-0,usesMaterial,entity:material:pigment
entity:artifact:1:ld1-1643390182193-1643390188988-0,usesMaterial,entity:material:silk
entity:artifact:1:ld1-1643390182193-1643390188989-0,usesMaterial,entity:material:ink
entity:artifact:1:ld1-1643390182193-1643390188989-0,usesMaterial,entity:material:pigment
entity:artifact:1:ld1-1643390182193-1643390188989-0,usesMaterial,entity:material:silk
entity:artifact:1:ld1-1643390182193-1643390188990-0,usesMaterial,entity:material:ink
entity:artifact:1:ld1-1643390182193-1643390188990-0,usesMaterial,entity:material:pigment
entity:artifact:1:ld1-1643390182193-1643390188990-0,usesMaterial,entity:material:silk
entity:artifact:1:ld1-1643390182193-1643390188992-1,usesMaterial,entity:material:bronze
entity:artifact:1:ld1-1643390182193-1643390189005-0,usesMaterial,entity:material:bronze
entity:artifact:1:ld1-1643390182193-1643390189006-0,usesMaterial,entity:material:bronze
entity:artifact:1:ld1-1643390182193-1643390189007-0,usesMaterial,entity:material:bronze
entity:artifact:1:ld1-1643390182193-1643390189008-0,usesMaterial,entity:material:bronze
entity:artifact:1:ld1-1643390182193-1643390189009-0,usesMaterial,entity:material:bronze
entity:artifact:1:ld1-1643390182193-1643390189009-1,usesMaterial,entity:material:bronze
entity:artifact:1:ld1-1643390182193-1643390189014-0,usesMaterial,entity:material:jade
entity:artifact:1:ld1-1643390182193-1643390189014-0,usesMaterial,entity:material:nephrite
entity:artifact:1:ld1-1643390182193-1643390189020-0,usesMaterial,entity:material:stone
entity:artifact:1:ld1-1643390182193-1643390189020-1,usesMaterial,entity:material:bronze
entity:artifact:1:ld1-1643390182193-1643390189027-0,usesMaterial,entity:material:bronze
entity:artifact:1:ld1-1643390182193-1643390189028-0,usesMaterial,entity:material:bronze
entity:artifact:1:ld1-1643390182193-1643390189028-0,usesMaterial,entity:material:stone
entity:artifact:1:ld1-1643390182193-1643390189030-1,usesMaterial,entity:material:bronze
entity:artifact:1:ld1-1643390182193-1643390189031-0,usesMaterial,entity:material:bronze
entity:artifact:1:ld1-1643390182193-1643390189032-0,usesMaterial,entity:material:bronze
entity:artifact:1:ld1-1643390182193-1643390189032-1,usesMaterial,entity:material:bronze
entity:artifact:1:ld1-1643390182193-1643390189033-0,usesMaterial,entity:material:bronze
entity:artifact:1:ld1-1643390182193-1643390189034-0,usesMaterial,entity:material:metal
entity:artifact:1:ld1-1643390182193-1643390189041-0,usesMaterial,entity:material:bronze
entity:artifact:1:ld1-1643390182193-1643390189042-0,usesMaterial,entity:material:bronze
entity:artifact:1:ld1-1643390182193-1643390189042-0,usesMaterial,entity:material:stone
entity:artifact:1:ld1-1643390182193-1643390189047-1,usesMaterial,entity:material:bronze
entity:artifact:1:ld1-1643390182193-1643390189049-0,usesMaterial,entity:material:bronze
entity:artifact:1:ld1-1643390182193-1643390189049-0,usesMaterial,entity:material:silver
entity:artifact:1:ld1-1643390182193-1643390189050-0,usesMaterial,entity:material:bronze
entity:artifact:1:ld1-1643390182193-1643390189052-0,usesMaterial,entity:material:bronze
entity:artifact:1:ld1-1643390182193-1643390189053-0,usesMaterial,entity:material:bronze
entity:artifact:1:ld1-1643390182193-1643390189054-0,usesMaterial,entity:material:jade
entity:artifact:1:ld1-1643390182193-1643390189054-0,usesMaterial,entity:material:nephrite
entity:artifact:1:ld1-1643390182193-1643390189054-1,usesMaterial,entity:material:pigment
entity:artifact:1:ld1-1643390182193-1643390189054-1,usesMaterial,entity:material:stone
entity:artifact:1:ld1-1643390182193-1643390189055-0,usesMaterial,entity:material:pigment
entity:artifact:1:ld1-1643390182193-1643390189055-0,usesMaterial,entity:material:stone
entity:artifact:1:ld1-1643390182193-1643390189060-0,usesMaterial,entity:material:bronze
entity:artifact:1:ld1-1643390182193-1643390189061-1,usesMaterial,entity:material:bronze
entity:artifact:1:ld1-1643390182193-1643390189062-0,usesMaterial,entity:material:bronze
entity:artifact:1:ld1-1643390182193-1643390189062-0,usesMaterial,entity:material:silver
entity:artifact:1:ld1-1643390182193-1643390189078-1,usesMaterial,entity:material:bronze
entity:artifact:1:ld1-1643390182193-1643390189080-0,usesMaterial,entity:material:bronze
entity:artifact:1:ld1-1643390182193-1643390189081-0,usesMaterial,entity:material:bronze
entity:artifact:1:ld1-1643390182193-1643390189083-0,usesMaterial,entity:material:bronze
entity:artifact:1:ld1-1643390182193-1643390189084-0,usesMaterial,entity:material:bronze
entity:artifact:1:ld1-1643390182193-1643390189085-1,usesMaterial,entity:material:bronze
entity:artifact:1:ld1-1643390182193-1643390189086-0,usesMaterial,entity:material:bronze
entity:artifact:1:ld1-1643390182193-1643390189088-0,usesMaterial,entity:material:bronze
entity:artifact:1:ld1-1643390182193-1643390189089-0,usesMaterial,entity:material:bronze
entity:artifact:1:ld1-1643390182193-1643390189090-0,usesMaterial,entity:material:bronze
entity:artifact:1:ld1-1643390182193-1643390189090-1,usesMaterial,entity:material:bronze
entity:artifact:1:ld1-1643390182193-1643390189091-0,usesMaterial,entity:material:bronze
entity:artifact:1:ld1-1643390182193-1643390189091-0,usesMaterial,entity:material:gold
entity:artifact:1:ld1-1643390182193-1643390189091-0,usesMaterial,entity:material:stone
entity:artifact:1:ld1-1643390182193-1643390189094-0,usesMaterial,entity:material:bronze
entity:artifact:1:ld1-1643390182193-1643390189095-0,usesMaterial,entity:material:bronze
entity:artifact:1:ld1-1643390182193-1643390189096-0,usesMaterial,entity:material:bronze
entity:artifact:1:ld1-1643390182193-1643390189097-0,usesMaterial,entity:material:bronze
entity:artifact:1:ld1-1643390182193-1643390189097-1,usesMaterial,entity:material:bronze
entity:artifact:1:ld1-1643390182193-1643390189098-0,usesMaterial,entity:material:bronze
entity:artifact:1:ld1-1643390182193-1643390189105-0,usesMaterial,entity:material:bronze
entity:artifact:1:ld1-1643390182193-1643390189107-0,usesMaterial,entity:material:bronze
entity:artifact:1:ld1-1643390182193-1643390189110-0,usesMaterial,entity:material:bronze
entity:artifact:1:ld1-1643390182193-1643390189111-0,usesMaterial,entity:material:bronze
entity:artifact:1:ld1-1643390182193-1643390189112-0,usesMaterial,entity:material:bronze
entity:artifact:1:ld1-1643390182193-1643390189115-0,usesMaterial,entity:material:bronze
entity:artifact:1:ld1-1643390182193-1643390189115-0,usesMaterial,entity:material:gold
entity:artifact:1:ld1-1643390182193-1643390189115-0,usesMaterial,entity:material:silver
entity:artifact:1:ld1-1643390182193-1643390189115-0,usesMaterial,entity:material:stone
entity:artifact:1:ld1-1643390182193-1643390189117-0,usesMaterial,entity:material:bronze
entity:artifact:1:ld1-1643390182193-1643390189117-0,usesMaterial,entity:material:silver
entity:artifact:1:ld1-1643390182193-1643390189125-1,usesMaterial,entity:material:gold
entity:artifact:1:ld1-1643390182193-1643390189125-1,usesMaterial,entity:material:iron
entity:artifact:1:ld1-1643390182193-1643390189126-0,usesMaterial,entity:material:bronze
entity:artifact:1:ld1-1643390182193-1643390189130-0,usesMaterial,entity:material:bronze
entity:artifact:1:ld1-1643390182193-1643390189130-1,usesMaterial,entity:material:bronze
entity:artifact:1:ld1-1643390182193-1643390189131-0,usesMaterial,entity:material:bronze
entity:artifact:1:ld1-1643390182193-1643390189134-0,usesMaterial,entity:material:bronze
entity:artifact:1:ld1-1643390182193-1643390189135-1,usesMaterial,entity:material:bronze
entity:artifact:1:ld1-1643390182193-1643390189139-0,usesMaterial,entity:material:bronze
entity:artifact:1:ld1-1643390182193-1643390189140-1,usesMaterial,entity:material:bronze
entity:artifact:1:ld1-1643390182193-1643390189141-0,usesMaterial,entity:material:bronze
entity:artifact:1:ld1-1643390182193-1643390189142-0,usesMaterial,entity:material:bronze
entity:artifact:1:ld1-1643390182193-1643390189146-0,usesMaterial,entity:material:bronze
entity:artifact:1:ld1-1643390182193-1643390189147-0,usesMaterial,entity:material:bronze
entity:artifact:1:ld1-1643390182193-1643390189147-1,usesMaterial,entity:material:bronze
entity:artifact:1:ld1-1643390182193-1643390189148-0,usesMaterial,entity:material:bronze
entity:artifact:1:ld1-1643390182193-1643390189149-0,usesMaterial,entity:material:bronze
entity:artifact:1:ld1-1643390182193-1643390189154-0,usesMaterial,entity:material:jade
entity:artifact:1:ld1-1643390182193-1643390189154-0,usesMaterial,entity:material:nephrite
entity:artifact:1:ld1-1643390182193-1643390189155-0,usesMaterial,entity:material:jade
entity:artifact:1:ld1-1643390182193-1643390189155-0,usesMaterial,entity:material:nephrite
entity:artifact:1:ld1-1643390182193-1643390189156-0,usesMaterial,entity:material:jade
entity:artifact:1:ld1-1643390182193-1643390189157-0,usesMaterial,entity:material:shell
entity:artifact:1:ld1-1643390182193-1643390189158-0,usesMaterial,entity:material:jade
entity:artifact:1:ld1-1643390182193-1643390189158-0,usesMaterial,entity:material:nephrite
entity:artifact:1:ld1-1643390182193-1643390189158-1,usesMaterial,entity:material:jade
entity:artifact:1:ld1-1643390182193-1643390189158-1,usesMaterial,entity:material:nephrite
entity:artifact:1:ld1-1643390182193-1643390189160-0,usesMaterial,entity:material:bone
entity:artifact:1:ld1-1643390182193-1643390189167-0,usesMaterial,entity:material:ink
entity:artifact:1:ld1-1643390182193-1643390189167-0,usesMaterial,entity:material:pigment
entity:artifact:1:ld1-1643390182193-1643390189167-0,usesMaterial,entity:material:silk
entity:artifact:1:ld1-1643390182193-1643390189168-0,usesMaterial,entity:material:gold
entity:artifact:1:ld1-1643390182193-1643390189168-0,usesMaterial,entity:material:ink
entity:artifact:1:ld1-1643390182193-1643390189168-0,usesMaterial,entity:material:pigment
entity:artifact:1:ld1-1643390182193-1643390189168-0,usesMaterial,entity:material:silk
entity:artifact:1:ld1-1643390182193-1643390189199-1,usesMaterial,entity:material:silk
entity:artifact:1:ld1-1643390182193-1643390189216-0,usesMaterial,entity:material:stone
entity:artifact:1:ld1-1643390182193-1643390189221-0,usesMaterial,entity:material:bronze
entity:artifact:1:ld1-1643390182193-1643390189222-0,usesMaterial,entity:material:bronze
entity:artifact:1:ld1-1643390182193-1643390189223-0,usesMaterial,entity:material:bronze
entity:artifact:1:ld1-1643390182193-1643390189224-0,usesMaterial,entity:material:bronze
entity:artifact:1:ld1-1643390182193-1643390189224-1,usesMaterial,entity:material:bronze
entity:artifact:1:ld1-1643390182193-1643390189225-0,usesMaterial,entity:material:bronze
entity:artifact:1:ld1-1643390182193-1643390189226-0,usesMaterial,entity:material:bronze
entity:artifact:1:ld1-1643390182193-1643390189229-0,usesMaterial,entity:material:pigment
entity:artifact:1:ld1-1643390182193-1643390189229-0,usesMaterial,entity:material:stone
entity:artifact:1:ld1-1643390182193-1643390189233-0,usesMaterial,entity:material:stone
entity:artifact:1:ld1-1643390182193-1643390189233-1,usesMaterial,entity:material:jade
entity:artifact:1:ld1-1643390182193-1643390189233-1,usesMaterial,entity:material:nephrite
entity:artifact:1:ld1-1643390182193-1643390189238-0,usesMaterial,entity:material:earthenware
entity:artifact:1:ld1-1643390182193-1643390189239-0,usesMaterial,entity:material:earthenware
entity:artifact:1:ld1-1643390182193-1643390189240-0,usesMaterial,entity:material:earthenware
entity:artifact:1:ld1-1643390182193-1643390189240-1,usesMaterial,entity:material:earthenware
entity:artifact:1:ld1-1643390182193-1643390189241-0,usesMaterial,entity:material:earthenware
entity:artifact:1:ld1-1643390182193-1643390189242-0,usesMaterial,entity:material:earthenware
entity:artifact:1:ld1-1643390182193-1643390189243-0,usesMaterial,entity:material:earthenware
entity:artifact:1:ld1-1643390182193-1643390189244-0,usesMaterial,entity:material:bronze
entity:artifact:1:ld1-1643390182193-1643390189246-1,usesMaterial,entity:material:bronze
entity:artifact:1:ld1-1643390182193-1643390189248-0,usesMaterial,entity:material:bronze
entity:artifact:1:ld1-1643390182193-1643390189248-1,usesMaterial,entity:material:bronze
entity:artifact:1:ld1-1643390182193-1643390189251-0,usesMaterial,entity:material:bronze
entity:artifact:1:ld1-1643390182193-1643390189252-0,usesMaterial,entity:material:bronze
entity:artifact:1:ld1-1643390182193-1643390189252-1,usesMaterial,entity:material:bronze
entity:artifact:1:ld1-1643390182193-1643390189253-0,usesMaterial,entity:material:bronze
entity:artifact:1:ld1-1643390182193-1643390189254-1,usesMaterial,entity:material:ink
entity:artifact:1:ld1-1643390182193-1643390189254-1,usesMaterial,entity:material:pigment
entity:artifact:1:ld1-1643390182193-1643390189254-1,usesMaterial,entity:material:silk
entity:artifact:1:ld1-1643390182193-1643390189256-1,usesMaterial,entity:material:ink
entity:artifact:1:ld1-1643390182193-1643390189256-1,usesMaterial,entity:material:pigment
entity:artifact:1:ld1-1643390182193-1643390189256-1,usesMaterial,entity:material:silk
entity:artifact:1:ld1-1643390182193-1643390189257-0,usesMaterial,entity:material:ink
entity:artifact:1:ld1-1643390182193-1643390189257-0,usesMaterial,entity:material:pigment
entity:artifact:1:ld1-1643390182193-1643390189257-0,usesMaterial,entity:material:silk
entity:artifact:1:ld1-1643390182193-1643390189258-0,usesMaterial,entity:material:ink
entity:artifact:1:ld1-1643390182193-1643390189258-0,usesMaterial,entity:material:silk
entity:artifact:1:ld1-1643390182193-1643390189261-0,usesMaterial,entity:material:ink
entity:artifact:1:ld1-1643390182193-1643390189261-0,usesMaterial,entity:material:pigment
entity:artifact:1:ld1-1643390182193-1643390189261-0,usesMaterial,entity:material:silk
entity:artifact:1:ld1-1643390182193-1643390189261-1,usesMaterial,entity:material:ink
entity:artifact:1:ld1-1643390182193-1643390189261-1,usesMaterial,entity:material:silk
entity:artifact:1:ld1-1643390182193-1643390189263-0,usesMaterial,entity:material:ink
entity:artifact:1:ld1-1643390182193-1643390189263-0,usesMaterial,entity:material:pigment
entity:artifact:1:ld1-1643390182193-1643390189263-0,usesMaterial,entity:material:silk
entity:artifact:1:ld1-1643390182193-1643390189266-0,usesMaterial,entity:material:ink
entity:artifact:1:ld1-1643390182193-1643390189266-0,usesMaterial,entity:material:silk
entity:artifact:1:ld1-1643390182193-1643390189267-0,usesMaterial,entity:material:ink
entity:artifact:1:ld1-1643390182193-1643390189267-0,usesMaterial,entity:material:pigment
entity:artifact:1:ld1-1643390182193-1643390189267-0,usesMaterial,entity:material:silk
entity:artifact:1:ld1-1643390182193-1643390189268-0,usesMaterial,entity:material:ink
entity:artifact:1:ld1-1643390182193-1643390189268-0,usesMaterial,entity:material:paper
entity:artifact:1:ld1-1643390182193-1643390189269-0,usesMaterial,entity:material:ink
entity:artifact:1:ld1-1643390182193-1643390189269-0,usesMaterial,entity:material:pigment
entity:artifact:1:ld1-1643390182193-1643390189269-0,usesMaterial,entity:material:silk
entity:artifact:1:ld1-1643390182193-1643390189269-1,usesMaterial,entity:material:ink
entity:artifact:1:ld1-1643390182193-1643390189269-1,usesMaterial,entity:material:pigment
entity:artifact:1:ld1-1643390182193-1643390189269-1,usesMaterial,entity:material:silk
entity:artifact:1:ld1-1643390182193-1643390189271-0,usesMaterial,entity:material:ink
entity:artifact:1:ld1-1643390182193-1643390189271-0,usesMaterial,entity:material:paper
entity:artifact:1:ld1-1643390182193-1643390189271-0,usesMaterial,entity:material:pigment
entity:artifact:1:ld1-1643390182193-1643390189271-1,usesMaterial,entity:material:ink
entity:artifact:1:ld1-1643390182193-1643390189271-1,usesMaterial,entity:material:pigment
entity:artifact:1:ld1-1643390182193-1643390189271-1,usesMaterial,entity:material:silk
entity:artifact:1:ld1-1643390182193-1643390189273-0,usesMaterial,entity:material:ink
entity:artifact:1:ld1-1643390182193-1643390189273-0,usesMaterial,entity:material:pigment
entity:artifact:1:ld1-1643390182193-1643390189273-0,usesMaterial,entity:material:silk
entity:artifact:1:ld1-1643390182193-1643390189274-0,usesMaterial,entity:material:ink
entity:artifact:1:ld1-1643390182193-1643390189274-0,usesMaterial,entity:material:pigment
entity:artifact:1:ld1-1643390182193-1643390189274-0,usesMaterial,entity:material:silk
entity:artifact:1:ld1-1643390182193-1643390189275-0,usesMaterial,entity:material:ink
entity:artifact:1:ld1-1643390182193-1643390189275-0,usesMaterial,entity:material:paper
entity:artifact:1:ld1-1643390182193-1643390189275-0,usesMaterial,entity:material:pigment
entity:artifact:1:ld1-1643390182193-1643390189275-1,usesMaterial,entity:material:ink
entity:artifact:1:ld1-1643390182193-1643390189275-1,usesMaterial,entity:material:silk
entity:artifact:1:ld1-1643390182193-1643390189276-0,usesMaterial,entity:material:ink
entity:artifact:1:ld1-1643390182193-1643390189276-0,usesMaterial,entity:material:pigment
entity:artifact:1:ld1-1643390182193-1643390189276-0,usesMaterial,entity:material:silk
entity:artifact:1:ld1-1643390182193-1643390189277-0,usesMaterial,entity:material:ink
entity:artifact:1:ld1-1643390182193-1643390189277-0,usesMaterial,entity:material:pigment
entity:artifact:1:ld1-1643390182193-1643390189277-0,usesMaterial,entity:material:silk
entity:artifact:1:ld1-1643390182193-1643390189278-0,usesMaterial,entity:material:ink
entity:artifact:1:ld1-1643390182193-1643390189278-0,usesMaterial,entity:material:pigment
entity:artifact:1:ld1-1643390182193-1643390189278-0,usesMaterial,entity:material:silk
entity:artifact:1:ld1-1643390182193-1643390189279-0,usesMaterial,entity:material:ink
entity:artifact:1:ld1-1643390182193-1643390189279-0,usesMaterial,entity:material:pigment
entity:artifact:1:ld1-1643390182193-1643390189279-0,usesMaterial,entity:material:silk
entity:artifact:1:ld1-1643390182193-1643390189280-0,usesMaterial,entity:material:ink
entity:artifact:1:ld1-1643390182193-1643390189280-0,usesMaterial,entity:material:pigment
entity:artifact:1:ld1-1643390182193-1643390189280-0,usesMaterial,entity:material:silk
entity:artifact:1:ld1-1643390182193-1643390189281-0,usesMaterial,entity:material:ink
entity:artifact:1:ld1-1643390182193-1643390189281-0,usesMaterial,entity:material:pigment
entity:artifact:1:ld1-1643390182193-1643390189281-0,usesMaterial,entity:material:silk
entity:artifact:1:ld1-1643390182193-1643390189282-0,usesMaterial,entity:material:ink
entity:artifact:1:ld1-1643390182193-1643390189282-0,usesMaterial,entity:material:pigment
entity:artifact:1:ld1-1643390182193-1643390189282-0,usesMaterial,entity:material:silk
entity:artifact:1:ld1-1643390182193-1643390189283-1,usesMaterial,entity:material:ink
entity:artifact:1:ld1-1643390182193-1643390189283-1,usesMaterial,entity:material:pigment
entity:artifact:1:ld1-1643390182193-1643390189283-1,usesMaterial,entity:material:silk
entity:artifact:1:ld1-1643390182193-1643390189284-0,usesMaterial,entity:material:pigment
entity:artifact:1:ld1-1643390182193-1643390189284-0,usesMaterial,entity:material:silk
entity:artifact:1:ld1-1643390182193-1643390189286-0,usesMaterial,entity:material:ink
entity:artifact:1:ld1-1643390182193-1643390189286-0,usesMaterial,entity:material:pigment
entity:artifact:1:ld1-1643390182193-1643390189286-0,usesMaterial,entity:material:silk
entity:artifact:1:ld1-1643390182193-1643390189287-0,usesMaterial,entity:material:ink
entity:artifact:1:ld1-1643390182193-1643390189287-0,usesMaterial,entity:material:pigment
entity:artifact:1:ld1-1643390182193-1643390189287-0,usesMaterial,entity:material:silk
entity:artifact:1:ld1-1643390182193-1643390189290-0,usesMaterial,entity:material:ink
entity:artifact:1:ld1-1643390182193-1643390189290-0,usesMaterial,entity:material:pigment
entity:artifact:1:ld1-1643390182193-1643390189290-0,usesMaterial,entity:material:silk
entity:artifact:1:ld1-1643390182193-1643390189292-0,usesMaterial,entity:material:ink
entity:artifact:1:ld1-1643390182193-1643390189292-0,usesMaterial,entity:material:pigment
entity:artifact:1:ld1-1643390182193-1643390189292-0,usesMaterial,entity:material:silk
entity:artifact:1:ld1-1643390182193-1643390189293-0,usesMaterial,entity:material:ink
entity:artifact:1:ld1-1643390182193-1643390189293-0,usesMaterial,entity:material:pigment
entity:artifact:1:ld1-1643390182193-1643390189293-0,usesMaterial,entity:material:silk
entity:artifact:1:ld1-1643390182193-1643390189295-0,usesMaterial,entity:material:ink
entity:artifact:1:ld1-1643390182193-1643390189295-0,usesMaterial,entity:material:pigment
entity:artifact:1:ld1-1643390182193-1643390189295-0,usesMaterial,entity:material:silk
entity:artifact:1:ld1-1643390182193-1643390189296-1,usesMaterial,entity:material:ink
entity:artifact:1:ld1-1643390182193-1643390189296-1,usesMaterial,entity:material:pigment
entity:artifact:1:ld1-1643390182193-1643390189296-1,usesMaterial,entity:material:silk
entity:artifact:1:ld1-1643390182193-1643390189297-0,usesMaterial,entity:material:ink
entity:artifact:1:ld1-1643390182193-1643390189297-0,usesMaterial,entity:material:pigment
entity:artifact:1:ld1-1643390182193-1643390189297-0,usesMaterial,entity:material:silk
entity:artifact:1:ld1-1643390182193-1643390189299-1,usesMaterial,entity:material:ink
entity:artifact:1:ld1-1643390182193-1643390189299-1,usesMaterial,entity:material:silk
entity:artifact:1:ld1-1643390182193-1643390189301-1,usesMaterial,entity:material:ink
entity:artifact:1:ld1-1643390182193-1643390189301-1,usesMaterial,entity:material:pigment
entity:artifact:1:ld1-1643390182193-1643390189301-1,usesMaterial,entity:material:silk
entity:artifact:1:ld1-1643390182193-1643390189302-0,usesMaterial,entity:material:ink
entity:artifact:1:ld1-1643390182193-1643390189302-0,usesMaterial,entity:material:pigment
entity:artifact:1:ld1-1643390182193-1643390189302-0,usesMaterial,entity:material:silk
entity:artifact:1:ld1-1643390182193-1643390189303-0,usesMaterial,entity:material:ink
entity:artifact:1:ld1-1643390182193-1643390189303-0,usesMaterial,entity:material:pigment
entity:artifact:1:ld1-1643390182193-1643390189303-0,usesMaterial,entity:material:silk
entity:artifact:1:ld1-1643390182193-1643390189305-0,usesMaterial,entity:material:pigment
entity:artifact:1:ld1-1643390182193-1643390189305-0,usesMaterial,entity:material:silk
entity:artifact:1:ld1-1643390182193-1643390189306-0,usesMaterial,entity:material:ink
entity:artifact:1:ld1-1643390182193-1643390189306-0,usesMaterial,entity:material:pigment
entity:artifact:1:ld1-1643390182193-1643390189306-0,usesMaterial,entity:material:silk
entity:artifact:1:ld1-1643390182193-1643390189306-1,usesMaterial,entity:material:ink
entity:artifact:1:ld1-1643390182193-1643390189306-1,usesMaterial,entity:material:pigment
entity:artifact:1:ld1-1643390182193-1643390189306-1,usesMaterial,entity:material:silk
entity:artifact:1:ld1-1643390182193-1643390189308-0,usesMaterial,entity:material:ink
entity:artifact:1:ld1-1643390182193-1643390189308-0,usesMaterial,entity:material:pigment
entity:artifact:1:ld1-1643390182193-1643390189308-0,usesMaterial,entity:material:silk
entity:artifact:1:ld1-1643390182193-1643390189310-0,usesMaterial,entity:material:ink
entity:artifact:1:ld1-1643390182193-1643390189310-0,usesMaterial,entity:material:pigment
entity:artifact:1:ld1-1643390182193-1643390189310-0,usesMaterial,entity:material:silk
entity:artifact:1:ld1-1643390182193-1643390189312-0,usesMaterial,entity:material:pigment
entity:artifact:1:ld1-1643390182193-1643390189312-0,usesMaterial,entity:material:silk
entity:artifact:1:ld1-1643390182193-1643390189313-0,usesMaterial,entity:material:ink
entity:artifact:1:ld1-1643390182193-1643390189313-0,usesMaterial,entity:material:pigment
entity:artifact:1:ld1-1643390182193-1643390189313-0,usesMaterial,entity:material:silk
entity:artifact:1:ld1-1643390182193-1643390189314-0,usesMaterial,entity:material:ink
entity:artifact:1:ld1-1643390182193-1643390189314-0,usesMaterial,entity:material:pigment
entity:artifact:1:ld1-1643390182193-1643390189314-0,usesMaterial,entity:material:silk
entity:artifact:1:ld1-1643390182193-1643390189315-0,usesMaterial,entity:material:ink
entity:artifact:1:ld1-1643390182193-1643390189315-0,usesMaterial,entity:material:pigment
entity:artifact:1:ld1-1643390182193-1643390189315-0,usesMaterial,entity:material:silk
entity:artifact:1:ld1-1643390182193-1643390189316-0,usesMaterial,entity:material:ink
entity:artifact:1:ld1-1643390182193-1643390189316-0,usesMaterial,entity:material:paper
entity:artifact:1:ld1-1643390182193-1643390189316-0,usesMaterial,entity:material:pigment
entity:artifact:1:ld1-1643390182193-1643390189317-0,usesMaterial,entity:material:ink
entity:artifact:1:ld1-1643390182193-1643390189317-0,usesMaterial,entity:material:pigment
entity:artifact:1:ld1-1643390182193-1643390189317-0,usesMaterial,entity:material:silk
entity:artifact:1:ld1-1643390182193-1643390189318-0,usesMaterial,entity:material:ink
entity:artifact:1:ld1-1643390182193-1643390189318-0,usesMaterial,entity:material:pigment
entity:artifact:1:ld1-1643390182193-1643390189318-0,usesMaterial,entity:material:silk
entity:artifact:1:ld1-1643390182193-1643390189320-0,usesMaterial,entity:material:ink
entity:artifact:1:ld1-1643390182193-1643390189320-0,usesMaterial,entity:material:pigment
entity:artifact:1:ld1-1643390182193-1643390189320-0,usesMaterial,entity:material:silk
entity:artifact:1:ld1-1643390182193-1643390189322-0,usesMaterial,entity:material:bronze
entity:artifact:1:ld1-1643390182193-1643390189322-0,usesMaterial,entity:material:gold
entity:artifact:1:ld1-1643390182193-1643390189323-0,usesMaterial,entity:material:jade
entity:artifact:1:ld1-1643390182193-1643390189323-0,usesMaterial,entity:material:nephrite
entity:artifact:1:ld1-1643390182193-1643390189331-0,usesMaterial,entity:material:textile
entity:artifact:1:ld1-1643390182193-1643390189335-1,usesMaterial,entity:material:ink
entity:artifact:1:ld1-1643390182193-1643390189335-1,usesMaterial,entity:material:pigment
entity:artifact:1:ld1-1643390182193-1643390189335-1,usesMaterial,entity:material:silk
entity:artifact:1:ld1-1643390182193-1643390189338-0,usesMaterial,entity:material:ink
entity:artifact:1:ld1-1643390182193-1643390189338-0,usesMaterial,entity:material:silk
entity:artifact:1:ld1-1643390182193-1643390189339-0,usesMaterial,entity:material:ink
entity:artifact:1:ld1-1643390182193-1643390189339-0,usesMaterial,entity:material:pigment
entity:artifact:1:ld1-1643390182193-1643390189339-0,usesMaterial,entity:material:silk
entity:artifact:1:ld1-1643390182193-1643390189340-0,usesMaterial,entity:material:ink
entity:artifact:1:ld1-1643390182193-1643390189340-0,usesMaterial,entity:material:pigment
entity:artifact:1:ld1-1643390182193-1643390189340-0,usesMaterial,entity:material:silk
entity:artifact:1:ld1-1643390182193-1643390189341-0,usesMaterial,entity:material:ink
entity:artifact:1:ld1-1643390182193-1643390189341-0,usesMaterial,entity:material:pigment
entity:artifact:1:ld1-1643390182193-1643390189341-0,usesMaterial,entity:material:silk
entity:artifact:1:ld1-1643390182193-1643390189341-1,usesMaterial,entity:material:bronze
entity:artifact:1:ld1-1643390182193-1643390189342-0,usesMaterial,entity:material:bronze
entity:artifact:1:ld1-1643390182193-1643390189343-0,usesMaterial,entity:material:jade
entity:artifact:1:ld1-1643390182193-1643390189343-0,usesMaterial,entity:material:nephrite
entity:artifact:1:ld1-1643390182193-1643390189345-0,usesMaterial,entity:material:jade
entity:artifact:1:ld1-1643390182193-1643390189345-0,usesMaterial,entity:material:nephrite
entity:artifact:1:ld1-1643390182193-1643390189346-0,usesMaterial,entity:material:jade
entity:artifact:1:ld1-1643390182193-1643390189346-0,usesMaterial,entity:material:nephrite
entity:artifact:1:ld1-1643390182193-1643390189346-1,usesMaterial,entity:material:jade
entity:artifact:1:ld1-1643390182193-1643390189346-1,usesMaterial,entity:material:nephrite
entity:artifact:1:ld1-1643390182193-1643390189348-0,usesMaterial,entity:material:jade
entity:artifact:1:ld1-1643390182193-1643390189348-0,usesMaterial,entity:material:nephrite
entity:artifact:1:ld1-1643390182193-1643390189349-0,usesMaterial,entity:material:jade
entity:artifact:1:ld1-1643390182193-1643390189349-0,usesMaterial,entity:material:nephrite
entity:artifact:1:ld1-1643390182193-1643390189349-1,usesMaterial,entity:material:jade
entity:artifact:1:ld1-1643390182193-1643390189349-1,usesMaterial,entity:material:nephrite
entity:artifact:1:ld1-1643390182193-1643390189351-0,usesMaterial,entity:material:jade
entity:artifact:1:ld1-1643390182193-1643390189351-1,usesMaterial,entity:material:jade
entity:artifact:1:ld1-1643390182193-1643390189351-1,usesMaterial,entity:material:nephrite
entity:artifact:1:ld1-1643390182193-1643390189352-0,usesMaterial,entity:material:jade
entity:artifact:1:ld1-1643390182193-1643390189352-0,usesMaterial,entity:material:nephrite
entity:artifact:1:ld1-1643390182193-1643390189353-0,usesMaterial,entity:material:jade
entity:artifact:1:ld1-1643390182193-1643390189353-0,usesMaterial,entity:material:nephrite
entity:artifact:1:ld1-1643390182193-1643390189354-0,usesMaterial,entity:material:jade
entity:artifact:1:ld1-1643390182193-1643390189354-0,usesMaterial,entity:material:nephrite
entity:artifact:1:ld1-1643390182193-1643390189356-0,usesMaterial,entity:material:jade
entity:artifact:1:ld1-1643390182193-1643390189356-0,usesMaterial,entity:material:nephrite
entity:artifact:1:ld1-1643390182193-1643390189357-0,usesMaterial,entity:material:jade
entity:artifact:1:ld1-1643390182193-1643390189357-0,usesMaterial,entity:material:nephrite
entity:artifact:1:ld1-1643390182193-1643390189357-1,usesMaterial,entity:material:jade
entity:artifact:1:ld1-1643390182193-1643390189357-1,usesMaterial,entity:material:nephrite
entity:artifact:1:ld1-1643390182193-1643390189358-0,usesMaterial,entity:material:jade
entity:artifact:1:ld1-1643390182193-1643390189358-0,usesMaterial,entity:material:nephrite
entity:artifact:1:ld1-1643390182193-1643390189359-0,usesMaterial,entity:material:jade
entity:artifact:1:ld1-1643390182193-1643390189359-0,usesMaterial,entity:material:nephrite
entity:artifact:1:ld1-1643390182193-1643390189360-0,usesMaterial,entity:material:jade
entity:artifact:1:ld1-1643390182193-1643390189360-0,usesMaterial,entity:material:nephrite
entity:artifact:1:ld1-1643390182193-1643390189361-0,usesMaterial,entity:material:jade
entity:artifact:1:ld1-1643390182193-1643390189361-0,usesMaterial,entity:material:nephrite
entity:artifact:1:ld1-1643390182193-1643390189361-1,usesMaterial,entity:material:jade
entity:artifact:1:ld1-1643390182193-1643390189361-1,usesMaterial,entity:material:nephrite
entity:artifact:1:ld1-1643390182193-1643390189362-0,usesMaterial,entity:material:jade
entity:artifact:1:ld1-1643390182193-1643390189362-0,usesMaterial,entity:material:nephrite
entity:artifact:1:ld1-1643390182193-1643390189363-0,usesMaterial,entity:material:jade
entity:artifact:1:ld1-1643390182193-1643390189363-0,usesMaterial,entity:material:nephrite
entity:artifact:1:ld1-1643390182193-1643390189364-1,usesMaterial,entity:material:bronze
entity:artifact:1:ld1-1643390182193-1643390189364-1,usesMaterial,entity:material:gold
entity:artifact:1:ld1-1643390182193-1643390189364-1,usesMaterial,entity:material:silver
entity:artifact:1:ld1-1643390182193-1643390189364-1,usesMaterial,entity:material:wood
entity:artifact:1:ld1-1643390182193-1643390189366-1,usesMaterial,entity:material:jade
entity:artifact:1:ld1-1643390182193-1643390189366-1,usesMaterial,entity:material:nephrite
entity:artifact:1:ld1-1643390182193-1643390189369-0,usesMaterial,entity:material:jade
entity:artifact:1:ld1-1643390182193-1643390189369-0,usesMaterial,entity:material:nephrite
entity:artifact:1:ld1-1643390182193-1643390189370-0,usesMaterial,entity:material:jade
entity:artifact:1:ld1-1643390182193-1643390189375-0,usesMaterial,entity:material:ink
entity:artifact:1:ld1-1643390182193-1643390189375-0,usesMaterial,entity:material:pigment
entity:artifact:1:ld1-1643390182193-1643390189375-0,usesMaterial,entity:material:silk
entity:artifact:1:ld1-1643390182193-1643390189376-0,usesMaterial,entity:material:ink
entity:artifact:1:ld1-1643390182193-1643390189376-0,usesMaterial,entity:material:pigment
entity:artifact:1:ld1-1643390182193-1643390189376-0,usesMaterial,entity:material:silk
entity:artifact:1:ld1-1643390182193-1643390189377-1,usesMaterial,entity:material:ink
entity:artifact:1:ld1-1643390182193-1643390189377-1,usesMaterial,entity:material:silk
entity:artifact:1:ld1-1643390182193-1643390189379-0,usesMaterial,entity:material:ink
entity:artifact:1:ld1-1643390182193-1643390189379-0,usesMaterial,entity:material:paper
entity:artifact:1:ld1-1643390182193-1643390189379-0,usesMaterial,entity:material:pigment
entity:artifact:1:ld1-1643390182193-1643390189380-0,usesMaterial,entity:material:ink
entity:artifact:1:ld1-1643390182193-1643390189380-0,usesMaterial,entity:material:silk
entity:artifact:1:ld1-1643390182193-1643390189382-1,usesMaterial,entity:material:ink
entity:artifact:1:ld1-1643390182193-1643390189382-1,usesMaterial,entity:material:pigment
entity:artifact:1:ld1-1643390182193-1643390189382-1,usesMaterial,entity:material:silk
entity:artifact:1:ld1-1643390182193-1643390189386-0,usesMaterial,entity:material:bronze
entity:artifact:1:ld1-1643390182193-1643390189387-0,usesMaterial,entity:material:bronze
entity:artifact:1:ld1-1643390182193-1643390189388-0,usesMaterial,entity:material:bronze
entity:artifact:1:ld1-1643390182193-1643390189388-0,usesMaterial,entity:material:stone
entity:artifact:1:ld1-1643390182193-1643390189389-0,usesMaterial,entity:material:bronze
entity:artifact:1:ld1-1643390182193-1643390189390-1,usesMaterial,entity:material:bronze
entity:artifact:1:ld1-1643390182193-1643390189391-0,usesMaterial,entity:material:bronze
entity:artifact:1:ld1-1643390182193-1643390189392-0,usesMaterial,entity:material:bronze
entity:artifact:1:ld1-1643390182193-1643390189393-0,usesMaterial,entity:material:bronze
entity:artifact:1:ld1-1643390182193-1643390189394-0,usesMaterial,entity:material:bronze
entity:artifact:1:ld1-1643390182193-1643390189395-0,usesMaterial,entity:material:bronze
entity:artifact:1:ld1-1643390182193-1643390189395-0,usesMaterial,entity:material:gold
entity:artifact:1:ld1-1643390182193-1643390189395-0,usesMaterial,entity:material:stone
entity:artifact:1:ld1-1643390182193-1643390189395-1,usesMaterial,entity:material:bronze
entity:artifact:1:ld1-1643390182193-1643390189395-1,usesMaterial,entity:material:gold
entity:artifact:1:ld1-1643390182193-1643390189397-0,usesMaterial,entity:material:bronze
entity:artifact:1:ld1-1643390182193-1643390189398-0,usesMaterial,entity:material:bronze
entity:artifact:1:ld1-1643390182193-1643390189400-1,usesMaterial,entity:material:bronze
entity:artifact:1:ld1-1643390182193-1643390189404-0,usesMaterial,entity:material:bronze
entity:artifact:1:ld1-1643390182193-1643390189410-0,usesMaterial,entity:material:ink
entity:artifact:1:ld1-1643390182193-1643390189410-0,usesMaterial,entity:material:paper
entity:artifact:1:ld1-1643390182193-1643390189410-0,usesMaterial,entity:material:pigment
entity:artifact:1:ld1-1643390182193-1643390189411-1,usesMaterial,entity:material:bronze
entity:artifact:1:ld1-1643390182193-1643390189411-1,usesMaterial,entity:material:gold
entity:artifact:1:ld1-1643390182193-1643390189411-1,usesMaterial,entity:material:silver
entity:artifact:1:ld1-1643390182193-1643390189413-0,usesMaterial,entity:material:pigment
entity:artifact:1:ld1-1643390182193-1643390189413-0,usesMaterial,entity:material:stone
entity:artifact:1:ld1-1643390182193-1643390189414-0,usesMaterial,entity:material:stone
entity:artifact:1:ld1-1643390182193-1643390189416-0,usesMaterial,entity:material:bronze
entity:artifact:1:ld1-1643390182193-1643390189416-0,usesMaterial,entity:material:pigment
entity:artifact:1:ld1-1643390182193-1643390189416-1,usesMaterial,entity:material:ink
entity:artifact:1:ld1-1643390182193-1643390189416-1,usesMaterial,entity:material:paper
entity:artifact:1:ld1-1643390182193-1643390189419-0,usesMaterial,entity:material:jade
entity:artifact:1:ld1-1643390182193-1643390189419-0,usesMaterial,entity:material:nephrite
entity:artifact:1:ld1-1643390182193-1643390189422-0,usesMaterial,entity:material:bronze
entity:artifact:1:ld1-1643390182193-1643390189425-0,usesMaterial,entity:material:bronze
entity:artifact:1:ld1-1643390182193-1643390189427-0,usesMaterial,entity:material:bronze
entity:artifact:1:ld1-1643390182193-1643390189427-0,usesMaterial,entity:material:gold
entity:artifact:1:ld1-1643390182193-1643390189428-0,usesMaterial,entity:material:iron
entity:artifact:1:ld1-1643390182193-1643390189429-0,usesMaterial,entity:material:iron
entity:artifact:1:ld1-1643390182193-1643390189429-1,usesMaterial,entity:material:gold
entity:artifact:1:ld1-1643390182193-1643390189429-1,usesMaterial,entity:material:iron
entity:artifact:1:ld1-1643390182193-1643390189429-1,usesMaterial,entity:material:silver
entity:artifact:1:ld1-1643390182193-1643390189433-1,usesMaterial,entity:material:bronze
entity:artifact:1:ld1-1643390182193-1643390189435-0,usesMaterial,entity:material:bronze
entity:artifact:1:ld1-1643390182193-1643390189435-0,usesMaterial,entity:material:gold
entity:artifact:1:ld1-1643390182193-1643390189435-0,usesMaterial,entity:material:silver
entity:artifact:1:ld1-1643390182193-1643390189437-0,usesMaterial,entity:material:bronze
entity:artifact:1:ld1-1643390182193-1643390189438-0,usesMaterial,entity:material:bronze
entity:artifact:1:ld1-1643390182193-1643390189439-0,usesMaterial,entity:material:bronze
entity:artifact:1:ld1-1643390182193-1643390189440-0,usesMaterial,entity:material:bronze
entity:artifact:1:ld1-1643390182193-1643390189440-1,usesMaterial,entity:material:bronze
entity:artifact:1:ld1-1643390182193-1643390189441-0,usesMaterial,entity:material:bronze
entity:artifact:1:ld1-1643390182193-1643390189442-0,usesMaterial,entity:material:bronze
entity:artifact:1:ld1-1643390182193-1643390189443-0,usesMaterial,entity:material:bronze
entity:artifact:1:ld1-1643390182193-1643390189443-1,usesMaterial,entity:material:bronze
entity:artifact:1:ld1-1643390182193-1643390189444-0,usesMaterial,entity:material:bronze
entity:artifact:1:ld1-1643390182193-1643390189445-0,usesMaterial,entity:material:bronze
entity:artifact:1:ld1-1643390182193-1643390189445-1,usesMaterial,entity:material:bronze
entity:artifact:1:ld1-1643390182193-1643390189449-1,usesMaterial,entity:material:bronze
entity:artifact:1:ld1-1643390182193-1643390189450-0,usesMaterial,entity:material:bronze
entity:artifact:1:ld1-1643390182193-1643390189451-1,usesMaterial,entity:material:bronze
entity:artifact:1:ld1-1643390182193-1643390189453-0,usesMaterial,entity:material:bronze
entity:artifact:1:ld1-1643390182193-1643390189454-0,usesMaterial,entity:material:bronze
entity:artifact:1:ld1-1643390182193-1643390189460-0,usesMaterial,entity:material:bronze
entity:artifact:1:ld1-1643390182193-1643390189462-1,usesMaterial,entity:material:bronze
entity:artifact:1:ld1-1643390182193-1643390189463-0,usesMaterial,entity:material:bronze
entity:artifact:1:ld1-1643390182193-1643390189464-0,usesMaterial,entity:material:bronze
entity:artifact:1:ld1-1643390182193-1643390189467-0,usesMaterial,entity:material:bronze
entity:artifact:1:ld1-1643390182193-1643390189468-0,usesMaterial,entity:material:bronze
entity:artifact:1:ld1-1643390182193-1643390189470-1,usesMaterial,entity:material:bronze
entity:artifact:1:ld1-1643390182193-1643390189471-0,usesMaterial,entity:material:bronze
entity:artifact:1:ld1-1643390182193-1643390189475-1,usesMaterial,entity:material:bronze
entity:artifact:1:ld1-1643390182193-1643390189477-0,usesMaterial,entity:material:bronze
entity:artifact:1:ld1-1643390182193-1643390189477-1,usesMaterial,entity:material:bronze
entity:artifact:1:ld1-1643390182193-1643390189478-0,usesMaterial,entity:material:bronze
entity:artifact:1:ld1-1643390182193-1643390189481-1,usesMaterial,entity:material:bronze
entity:artifact:1:ld1-1643390182193-1643390189485-0,usesMaterial,entity:material:bronze
entity:artifact:1:ld1-1643390182193-1643390189486-1,usesMaterial,entity:material:metal
entity:artifact:1:ld1-1643390182193-1643390189487-0,usesMaterial,entity:material:metal
entity:artifact:1:ld1-1643390182193-1643390189488-0,usesMaterial,entity:material:metal
entity:artifact:1:ld1-1643390182193-1643390189488-1,usesMaterial,entity:material:metal
entity:artifact:1:ld1-1643390182193-1643390189497-0,usesMaterial,entity:material:stone
entity:artifact:1:ld1-1643390182193-1643390189498-0,usesMaterial,entity:material:pigment
entity:artifact:1:ld1-1643390182193-1643390189498-0,usesMaterial,entity:material:stone
entity:artifact:1:ld1-1643390182193-1643390189499-0,usesMaterial,entity:material:glass
entity:artifact:1:ld1-1643390182193-1643390189500-0,usesMaterial,entity:material:bronze
entity:artifact:1:ld1-1643390182193-1643390189500-1,usesMaterial,entity:material:bronze
entity:artifact:1:ld1-1643390182193-1643390189501-0,usesMaterial,entity:material:bronze
entity:artifact:1:ld1-1643390182193-1643390189502-0,usesMaterial,entity:material:bronze
entity:artifact:1:ld1-1643390182193-1643390189502-1,usesMaterial,entity:material:bronze
entity:artifact:1:ld1-1643390182193-1643390189505-0,usesMaterial,entity:material:textile
entity:artifact:1:ld1-1643390182193-1643390189506-0,usesMaterial,entity:material:textile
entity:artifact:1:ld1-1643390182193-1643390189510-0,usesMaterial,entity:material:bronze
entity:artifact:1:ld1-1643390182193-1643390189514-0,usesMaterial,entity:material:pigment
entity:artifact:1:ld1-1643390182193-1643390189514-0,usesMaterial,entity:material:stone
entity:artifact:1:ld1-1643390182193-1643390189517-0,usesMaterial,entity:material:jade
entity:artifact:1:ld1-1643390182193-1643390189517-0,usesMaterial,entity:material:nephrite
entity:artifact:1:ld1-1643390182193-1643390189518-0,usesMaterial,entity:material:jade
entity:artifact:1:ld1-1643390182193-1643390189518-0,usesMaterial,entity:material:nephrite
entity:artifact:1:ld1-1643390182193-1643390189523-0,usesMaterial,entity:material:jade
entity:artifact:1:ld1-1643390182193-1643390189523-0,usesMaterial,entity:material:nephrite
entity:artifact:1:ld1-1643390182193-1643390189525-0,usesMaterial,entity:material:jade
entity:artifact:1:ld1-1643390182193-1643390189526-0,usesMaterial,entity:material:jade
entity:artifact:1:ld1-1643390182193-1643390189526-0,usesMaterial,entity:material:nephrite
entity:artifact:1:ld1-1643390182193-1643390189526-1,usesMaterial,entity:material:jade
entity:artifact:1:ld1-1643390182193-1643390189526-1,usesMaterial,entity:material:nephrite
entity:artifact:1:ld1-1643390182193-1643390189527-0,usesMaterial,entity:material:jade
entity:artifact:1:ld1-1643390182193-1643390189527-0,usesMaterial,entity:material:nephrite
entity:artifact:1:ld1-1643390182193-1643390189529-1,usesMaterial,entity:material:jade
entity:artifact:1:ld1-1643390182193-1643390189529-1,usesMaterial,entity:material:nephrite
entity:artifact:1:ld1-1643390182193-1643390189532-0,usesMaterial,entity:material:jade
entity:artifact:1:ld1-1643390182193-1643390189532-0,usesMaterial,entity:material:nephrite
entity:artifact:1:ld1-1643390182193-1643390189533-1,usesMaterial,entity:material:jade
entity:artifact:1:ld1-1643390182193-1643390189533-1,usesMaterial,entity:material:nephrite
entity:artifact:1:ld1-1643390182193-1643390189537-0,usesMaterial,entity:material:bronze
entity:artifact:1:ld1-1643390182193-1643390189545-0,usesMaterial,entity:material:ink
entity:artifact:1:ld1-1643390182193-1643390189545-0,usesMaterial,entity:material:pigment
entity:artifact:1:ld1-1643390182193-1643390189545-0,usesMaterial,entity:material:silk
entity:artifact:1:ld1-1643390182193-1643390189546-0,usesMaterial,entity:material:ink
entity:artifact:1:ld1-1643390182193-1643390189546-0,usesMaterial,entity:material:silk
entity:artifact:1:ld1-1643390182193-1643390189546-1,usesMaterial,entity:material:ink
entity:artifact:1:ld1-1643390182193-1643390189546-1,usesMaterial,entity:material:paper
entity:artifact:1:ld1-1643390182193-1643390189548-0,usesMaterial,entity:material:pigment
entity:artifact:1:ld1-1643390182193-1643390189548-0,usesMaterial,entity:material:silk
entity:artifact:1:ld1-1643390182193-1643390189549-0,usesMaterial,entity:material:ink
entity:artifact:1:ld1-1643390182193-1643390189549-0,usesMaterial,entity:material:paper
entity:artifact:1:ld1-1643390182193-1643390189550-0,usesMaterial,entity:material:earthenware
entity:artifact:1:ld1-1643390182193-1643390189551-0,usesMaterial,entity:material:jade
entity:artifact:1:ld1-1643390182193-1643390189551-0,usesMaterial,entity:material:nephrite
entity:artifact:1:ld1-1643390182193-1643390189552-0,usesMaterial,entity:material:jade
entity:artifact:1:ld1-1643390182193-1643390189552-0,usesMaterial,entity:material:nephrite
entity:artifact:1:ld1-1643390182193-1643390189555-0,usesMaterial,entity:material:earthenware
entity:artifact:1:ld1-1643390182193-1643390189555-1,usesMaterial,entity:material:glass
entity:artifact:1:ld1-1643390182193-1643390189557-0,usesMaterial,entity:material:jade
entity:artifact:1:ld1-1643390182193-1643390189557-0,usesMaterial,entity:material:nephrite
entity:artifact:1:ld1-1643390182193-1643390189557-1,usesMaterial,entity:material:jade
entity:artifact:1:ld1-1643390182193-1643390189557-1,usesMaterial,entity:material:nephrite
entity:artifact:1:ld1-1643390182193-1643390189572-1,usesMaterial,entity:material:bronze
entity:artifact:1:ld1-1643390182193-1643390189575-0,usesMaterial,entity:material:bronze
entity:artifact:1:ld1-1643390182193-1643390189576-0,usesMaterial,entity:material:bronze
entity:artifact:1:ld1-1643390182193-1643390189576-0,usesMaterial,entity:material:stone
entity:artifact:1:ld1-1643390182193-1643390189577-0,usesMaterial,entity:material:bronze
entity:artifact:1:ld1-1643390182193-1643390189578-0,usesMaterial,entity:material:bronze
entity:artifact:1:ld1-1643390182193-1643390189579-0,usesMaterial,entity:material:bronze
entity:artifact:1:ld1-1643390182193-1643390189580-0,usesMaterial,entity:material:bronze
entity:artifact:1:ld1-1643390182193-1643390189581-0,usesMaterial,entity:material:bronze
entity:artifact:1:ld1-1643390182193-1643390189582-0,usesMaterial,entity:material:bronze
entity:artifact:1:ld1-1643390182193-1643390189583-0,usesMaterial,entity:material:bronze
entity:artifact:1:ld1-1643390182193-1643390189583-1,usesMaterial,entity:material:bronze
entity:artifact:1:ld1-1643390182193-1643390189584-0,usesMaterial,entity:material:bronze
entity:artifact:1:ld1-1643390182193-1643390189585-0,usesMaterial,entity:material:bronze
entity:artifact:1:ld1-1643390182193-1643390189585-1,usesMaterial,entity:material:bronze
entity:artifact:1:ld1-1643390182193-1643390189586-0,usesMaterial,entity:material:bronze
entity:artifact:1:ld1-1643390182193-1643390189587-0,usesMaterial,entity:material:bronze
entity:artifact:1:ld1-1643390182193-1643390189587-0,usesMaterial,entity:material:silver
entity:artifact:1:ld1-1643390182193-1643390189588-0,usesMaterial,entity:material:bronze
entity:artifact:1:ld1-1643390182193-1643390189588-0,usesMaterial,entity:material:gold
entity:artifact:1:ld1-1643390182193-1643390189589-0,usesMaterial,entity:material:bronze
entity:artifact:1:ld1-1643390182193-1643390189590-0,usesMaterial,entity:material:bronze
entity:artifact:1:ld1-1643390182193-1643390189591-0,usesMaterial,entity:material:bronze
entity:artifact:1:ld1-1643390182193-1643390189593-1,usesMaterial,entity:material:bronze
entity:artifact:1:ld1-1643390182193-1643390189594-0,usesMaterial,entity:material:bronze
entity:artifact:1:ld1-1643390182193-1643390189601-0,usesMaterial,entity:material:bronze
entity:artifact:1:ld1-1643390182193-1643390189602-0,usesMaterial,entity:material:bronze
entity:artifact:1:ld1-1643390182193-1643390189602-1,usesMaterial,entity:material:bronze
entity:artifact:1:ld1-1643390182193-1643390189603-0,usesMaterial,entity:material:bronze
entity:artifact:1:ld1-1643390182193-1643390189604-0,usesMaterial,entity:material:bronze
entity:artifact:1:ld1-1643390182193-1643390189605-0,usesMaterial,entity:material:bronze
entity:artifact:1:ld1-1643390182193-1643390189605-0,usesMaterial,entity:material:gold
entity:artifact:1:ld1-1643390182193-1643390189609-0,usesMaterial,entity:material:bronze
entity:artifact:1:ld1-1643390182193-1643390189610-0,usesMaterial,entity:material:bronze
entity:artifact:1:ld1-1643390182193-1643390189610-1,usesMaterial,entity:material:bronze
entity:artifact:1:ld1-1643390182193-1643390189610-1,usesMaterial,entity:material:silver
entity:artifact:1:ld1-1643390182193-1643390189611-0,usesMaterial,entity:material:bronze
entity:artifact:1:ld1-1643390182193-1643390189611-0,usesMaterial,entity:material:silver
entity:artifact:1:ld1-1643390182193-1643390189612-0,usesMaterial,entity:material:bronze
entity:artifact:1:ld1-1643390182193-1643390189612-0,usesMaterial,entity:material:gold
entity:artifact:1:ld1-1643390182193-1643390189613-0,usesMaterial,entity:material:bronze
entity:artifact:1:ld1-1643390182193-1643390189613-1,usesMaterial,entity:material:copper
entity:artifact:1:ld1-1643390182193-1643390189613-1,usesMaterial,entity:material:earthenware
entity:artifact:1:ld1-1643390182193-1643390189613-1,usesMaterial,entity:material:metal
entity:artifact:1:ld1-1643390182193-1643390189614-0,usesMaterial,entity:material:copper
entity:artifact:1:ld1-1643390182193-1643390189614-0,usesMaterial,entity:material:earthenware
entity:artifact:1:ld1-1643390182193-1643390189614-0,usesMaterial,entity:material:metal
entity:artifact:1:ld1-1643390182193-1643390189615-0,usesMaterial,entity:material:copper
entity:artifact:1:ld1-1643390182193-1643390189615-0,usesMaterial,entity:material:earthenware
entity:artifact:1:ld1-1643390182193-1643390189615-0,usesMaterial,entity:material:metal
entity:artifact:1:ld1-1643390182193-1643390189616-0,usesMaterial,entity:material:jade
entity:artifact:1:ld1-1643390182193-1643390189616-0,usesMaterial,entity:material:nephrite
entity:artifact:1:ld1-1643390182193-1643390189617-0,usesMaterial,entity:material:jade
entity:artifact:1:ld1-1643390182193-1643390189617-0,usesMaterial,entity:material:nephrite
entity:artifact:1:ld1-1643390182193-1643390189618-0,usesMaterial,entity:material:jade
entity:artifact:1:ld1-1643390182193-1643390189618-0,usesMaterial,entity:material:nephrite
entity:artifact:1:ld1-1643390182193-1643390189619-0,usesMaterial,entity:material:jade
entity:artifact:1:ld1-1643390182193-1643390189619-0,usesMaterial,entity:material:nephrite
entity:artifact:1:ld1-1643390182193-1643390189619-1,usesMaterial,entity:material:jade
entity:artifact:1:ld1-1643390182193-1643390189619-1,usesMaterial,entity:material:nephrite
entity:artifact:1:ld1-1643390182193-1643390189620-0,usesMaterial,entity:material:jade
entity:artifact:1:ld1-1643390182193-1643390189620-0,usesMaterial,entity:material:nephrite
entity:artifact:1:ld1-1643390182193-1643390189621-0,usesMaterial,entity:material:jade
entity:artifact:1:ld1-1643390182193-1643390189621-0,usesMaterial,entity:material:nephrite
entity:artifact:1:ld1-1643390182193-1643390189622-1,usesMaterial,entity:material:jade
entity:artifact:1:ld1-1643390182193-1643390189622-1,usesMaterial,entity:material:nephrite
entity:artifact:1:ld1-1643390182193-1643390189623-0,usesMaterial,entity:material:jade
entity:artifact:1:ld1-1643390182193-1643390189623-0,usesMaterial,entity:material:nephrite
entity:artifact:1:ld1-1643390182193-1643390189624-0,usesMaterial,entity:material:jade
entity:artifact:1:ld1-1643390182193-1643390189624-0,usesMaterial,entity:material:nephrite
entity:artifact:1:ld1-1643390182193-1643390189625-0,usesMaterial,entity:material:jade
entity:artifact:1:ld1-1643390182193-1643390189625-0,usesMaterial,entity:material:nephrite
entity:artifact:1:ld1-1643390182193-1643390189626-0,usesMaterial,entity:material:jade
entity:artifact:1:ld1-1643390182193-1643390189626-0,usesMaterial,entity:material:nephrite
entity:artifact:1:ld1-1643390182193-1643390189626-1,usesMaterial,entity:material:jade
entity:artifact:1:ld1-1643390182193-1643390189626-1,usesMaterial,entity:material:nephrite
entity:artifact:1:ld1-1643390182193-1643390189627-0,usesMaterial,entity:material:jade
entity:artifact:1:ld1-1643390182193-1643390189627-0,usesMaterial,entity:material:nephrite
entity:artifact:1:ld1-1643390182193-1643390189628-0,usesMaterial,entity:material:jade
entity:artifact:1:ld1-1643390182193-1643390189628-0,usesMaterial,entity:material:nephrite
entity:artifact:1:ld1-1643390182193-1643390189629-0,usesMaterial,entity:material:jade
entity:artifact:1:ld1-1643390182193-1643390189629-0,usesMaterial,entity:material:nephrite
entity:artifact:1:ld1-1643390182193-1643390189630-0,usesMaterial,entity:material:jade
entity:artifact:1:ld1-1643390182193-1643390189630-0,usesMaterial,entity:material:nephrite
entity:artifact:1:ld1-1643390182193-1643390189630-1,usesMaterial,entity:material:jade
entity:artifact:1:ld1-1643390182193-1643390189630-1,usesMaterial,entity:material:nephrite
entity:artifact:1:ld1-1643390182193-1643390189631-0,usesMaterial,entity:material:jade
entity:artifact:1:ld1-1643390182193-1643390189631-0,usesMaterial,entity:material:nephrite
entity:artifact:1:ld1-1643390182193-1643390189632-0,usesMaterial,entity:material:jade
entity:artifact:1:ld1-1643390182193-1643390189632-0,usesMaterial,entity:material:nephrite
entity:artifact:1:ld1-1643390182193-1643390189633-0,usesMaterial,entity:material:jade
entity:artifact:1:ld1-1643390182193-1643390189633-0,usesMaterial,entity:material:nephrite
entity:artifact:1:ld1-1643390182193-1643390189634-0,usesMaterial,entity:material:jade
entity:artifact:1:ld1-1643390182193-1643390189634-0,usesMaterial,entity:material:nephrite
entity:artifact:1:ld1-1643390182193-1643390189634-1,usesMaterial,entity:material:jade
entity:artifact:1:ld1-1643390182193-1643390189635-0,usesMaterial,entity:material:jade
entity:artifact:1:ld1-1643390182193-1643390189635-0,usesMaterial,entity:material:nephrite
entity:artifact:1:ld1-1643390182193-1643390189659-0,usesMaterial,entity:material:pigment
entity:artifact:1:ld1-1643390182193-1643390189659-0,usesMaterial,entity:material:silk
entity:artifact:1:ld1-1643390182193-1643390189661-0,usesMaterial,entity:material:ink
entity:artifact:1:ld1-1643390182193-1643390189661-0,usesMaterial,entity:material:pigment
entity:artifact:1:ld1-1643390182193-1643390189661-0,usesMaterial,entity:material:silk
entity:artifact:1:ld1-1643390182193-1643390189663-0,usesMaterial,entity:material:pigment
entity:artifact:1:ld1-1643390182193-1643390189663-0,usesMaterial,entity:material:silk
entity:artifact:1:ld1-1643390182193-1643390189664-0,usesMaterial,entity:material:pigment
entity:artifact:1:ld1-1643390182193-1643390189664-0,usesMaterial,entity:material:silk
entity:artifact:1:ld1-1643390182193-1643390189665-0,usesMaterial,entity:material:ink
entity:artifact:1:ld1-1643390182193-1643390189665-0,usesMaterial,entity:material:paper
entity:artifact:1:ld1-1643390182193-1643390189665-0,usesMaterial,entity:material:pigment
entity:artifact:1:ld1-1643390182193-1643390189666-0,usesMaterial,entity:material:pigment
entity:artifact:1:ld1-1643390182193-1643390189666-0,usesMaterial,entity:material:silk
entity:artifact:1:ld1-1643390182193-1643390189667-0,usesMaterial,entity:material:ink
entity:artifact:1:ld1-1643390182193-1643390189667-0,usesMaterial,entity:material:pigment
entity:artifact:1:ld1-1643390182193-1643390189667-0,usesMaterial,entity:material:silk
entity:artifact:1:ld1-1643390182193-1643390189668-0,usesMaterial,entity:material:ink
entity:artifact:1:ld1-1643390182193-1643390189668-0,usesMaterial,entity:material:silk
entity:artifact:1:ld1-1643390182193-1643390189679-0,usesMaterial,entity:material:ink
entity:artifact:1:ld1-1643390182193-1643390189679-0,usesMaterial,entity:material:silk
entity:artifact:1:ld1-1643390182193-1643390189681-0,usesMaterial,entity:material:ink
entity:artifact:1:ld1-1643390182193-1643390189681-0,usesMaterial,entity:material:pigment
entity:artifact:1:ld1-1643390182193-1643390189681-0,usesMaterial,entity:material:silk
entity:artifact:1:ld1-1643390182193-1643390189681-1,usesMaterial,entity:material:ink
entity:artifact:1:ld1-1643390182193-1643390189681-1,usesMaterial,entity:material:silk
entity:artifact:1:ld1-1643390182193-1643390189682-0,usesMaterial,entity:material:ink
entity:artifact:1:ld1-1643390182193-1643390189682-0,usesMaterial,entity:material:pigment
entity:artifact:1:ld1-1643390182193-1643390189682-0,usesMaterial,entity:material:silk
entity:artifact:1:ld1-1643390182193-1643390189684-1,usesMaterial,entity:material:ink
entity:artifact:1:ld1-1643390182193-1643390189684-1,usesMaterial,entity:material:pigment
entity:artifact:1:ld1-1643390182193-1643390189684-1,usesMaterial,entity:material:silk
entity:artifact:1:ld1-1643390182193-1643390189685-0,usesMaterial,entity:material:pigment
entity:artifact:1:ld1-1643390182193-1643390189685-0,usesMaterial,entity:material:silk
entity:artifact:1:ld1-1643390182193-1643390189690-0,usesMaterial,entity:material:ink
entity:artifact:1:ld1-1643390182193-1643390189690-0,usesMaterial,entity:material:pigment
entity:artifact:1:ld1-1643390182193-1643390189690-0,usesMaterial,entity:material:silk
entity:artifact:1:ld1-1643390182193-1643390189699-0,usesMaterial,entity:material:ink
entity:artifact:1:ld1-1643390182193-1643390189699-0,usesMaterial,entity:material:pigment
entity:artifact:1:ld1-1643390182193-1643390189699-0,usesMaterial,entity:material:silk
entity:artifact:1:ld1-1643390182193-1643390189700-0,usesMaterial,entity:material:ink
entity:artifact:1:ld1-1643390182193-1643390189700-0,usesMaterial,entity:material:pigment
entity:artifact:1:ld1-1643390182193-1643390189700-0,usesMaterial,entity:material:silk
entity:artifact:1:ld1-1643390182193-1643390189701-0,usesMaterial,entity:material:ink
entity:artifact:1:ld1-1643390182193-1643390189701-0,usesMaterial,entity:material:pigment
entity:artifact:1:ld1-1643390182193-1643390189701-0,usesMaterial,entity:material:silk
entity:artifact:1:ld1-1643390182193-1643390189702-0,usesMaterial,entity:material:ink
entity:artifact:1:ld1-1643390182193-1643390189702-0,usesMaterial,entity:material:pigment
entity:artifact:1:ld1-1643390182193-1643390189702-0,usesMaterial,entity:material:silk
entity:artifact:1:ld1-1643390182193-1643390189703-0,usesMaterial,entity:material:ink
entity:artifact:1:ld1-1643390182193-1643390189703-0,usesMaterial,entity:material:pigment
entity:artifact:1:ld1-1643390182193-1643390189703-0,usesMaterial,entity:material:silk
entity:artifact:1:ld1-1643390182193-1643390189703-1,usesMaterial,entity:material:ink
entity:artifact:1:ld1-1643390182193-1643390189703-1,usesMaterial,entity:material:pigment
entity:artifact:1:ld1-1643390182193-1643390189703-1,usesMaterial,entity:material:silk
entity:artifact:1:ld1-1643390182193-1643390189704-0,usesMaterial,entity:material:ink
entity:artifact:1:ld1-1643390182193-1643390189704-0,usesMaterial,entity:material:silk
entity:artifact:1:ld1-1643390182193-1643390189705-1,usesMaterial,entity:material:ink
entity:artifact:1:ld1-1643390182193-1643390189705-1,usesMaterial,entity:material:pigment
entity:artifact:1:ld1-1643390182193-1643390189705-1,usesMaterial,entity:material:silk
entity:artifact:1:ld1-1643390182193-1643390189706-0,usesMaterial,entity:material:ink
entity:artifact:1:ld1-1643390182193-1643390189706-0,usesMaterial,entity:material:silk
entity:artifact:1:ld1-1643390182193-1643390189707-0,usesMaterial,entity:material:ink
entity:artifact:1:ld1-1643390182193-1643390189707-0,usesMaterial,entity:material:pigment
entity:artifact:1:ld1-1643390182193-1643390189707-0,usesMaterial,entity:material:silk
entity:artifact:1:ld1-1643390182193-1643390189708-0,usesMaterial,entity:material:ink
entity:artifact:1:ld1-1643390182193-1643390189708-0,usesMaterial,entity:material:pigment
entity:artifact:1:ld1-1643390182193-1643390189708-0,usesMaterial,entity:material:silk
entity:artifact:1:ld1-1643390182193-1643390189709-0,usesMaterial,entity:material:ink
entity:artifact:1:ld1-1643390182193-1643390189709-0,usesMaterial,entity:material:silk
entity:artifact:1:ld1-1643390182193-1643390189710-0,usesMaterial,entity:material:ink
entity:artifact:1:ld1-1643390182193-1643390189710-0,usesMaterial,entity:material:pigment
entity:artifact:1:ld1-1643390182193-1643390189710-0,usesMaterial,entity:material:silk
entity:artifact:1:ld1-1643390182193-1643390189717-0,usesMaterial,entity:material:ink
entity:artifact:1:ld1-1643390182193-1643390189717-0,usesMaterial,entity:material:pigment
entity:artifact:1:ld1-1643390182193-1643390189717-0,usesMaterial,entity:material:silk
entity:artifact:1:ld1-1643390182193-1643390189731-0,usesMaterial,entity:material:glass
entity:artifact:1:ld1-1643390182193-1643390189736-0,usesMaterial,entity:material:jade
entity:artifact:1:ld1-1643390182193-1643390189737-0,usesMaterial,entity:material:jade
entity:artifact:1:ld1-1643390182193-1643390189737-0,usesMaterial,entity:material:nephrite
entity:artifact:1:ld1-1643390182193-1643390189739-0,usesMaterial,entity:material:jade
entity:artifact:1:ld1-1643390182193-1643390189746-0,usesMaterial,entity:material:metal
entity:artifact:1:ld1-1643390182193-1643390189746-0,usesMaterial,entity:material:silk
entity:artifact:1:ld1-1643390182193-1643390189816-0,usesMaterial,entity:material:bronze
entity:artifact:1:ld1-1643390182193-1643390189817-0,usesMaterial,entity:material:bronze
entity:artifact:1:ld1-1643390182193-1643390189819-0,usesMaterial,entity:material:bronze
entity:artifact:1:ld1-1643390182193-1643390189819-1,usesMaterial,entity:material:bronze
entity:artifact:1:ld1-1643390182193-1643390189820-0,usesMaterial,entity:material:bronze
entity:artifact:1:ld1-1643390182193-1643390189821-0,usesMaterial,entity:material:bronze
entity:artifact:1:ld1-1643390182193-1643390189822-0,usesMaterial,entity:material:bronze
entity:artifact:1:ld1-1643390182193-1643390189824-0,usesMaterial,entity:material:bronze
entity:artifact:1:ld1-1643390182193-1643390189829-0,usesMaterial,entity:material:bronze
entity:artifact:1:ld1-1643390182193-1643390189829-0,usesMaterial,entity:material:gold
entity:artifact:1:ld1-1643390182193-1643390189829-1,usesMaterial,entity:material:bronze
entity:artifact:1:ld1-1643390182193-1643390189829-1,usesMaterial,entity:material:gold
entity:artifact:1:ld1-1643390182193-1643390189830-0,usesMaterial,entity:material:bronze
entity:artifact:1:ld1-1643390182193-1643390189830-0,usesMaterial,entity:material:gold
entity:artifact:1:ld1-1643390182193-1643390189831-0,usesMaterial,entity:material:bronze
entity:artifact:1:ld1-1643390182193-1643390189831-0,usesMaterial,entity:material:gold
entity:artifact:1:ld1-1643390182193-1643390189832-0,usesMaterial,entity:material:bronze
entity:artifact:1:ld1-1643390182193-1643390189832-0,usesMaterial,entity:material:gold
entity:artifact:1:ld1-1643390182193-1643390189833-0,usesMaterial,entity:material:bronze
entity:artifact:1:ld1-1643390182193-1643390189833-0,usesMaterial,entity:material:gold
entity:artifact:1:ld1-1643390182193-1643390189857-0,usesMaterial,entity:material:bronze
entity:artifact:1:ld1-1643390182193-1643390189859-0,usesMaterial,entity:material:jade
entity:artifact:1:ld1-1643390182193-1643390189859-0,usesMaterial,entity:material:nephrite
entity:artifact:1:ld1-1643390182193-1643390189859-1,usesMaterial,entity:material:jade
entity:artifact:1:ld1-1643390182193-1643390189859-1,usesMaterial,entity:material:nephrite
entity:artifact:1:ld1-1643390182193-1643390189860-0,usesMaterial,entity:material:jade
entity:artifact:1:ld1-1643390182193-1643390189860-0,usesMaterial,entity:material:nephrite
entity:artifact:1:ld1-1643390182193-1643390189861-0,usesMaterial,entity:material:jade
entity:artifact:1:ld1-1643390182193-1643390189861-0,usesMaterial,entity:material:nephrite
entity:artifact:1:ld1-1643390182193-1643390189862-0,usesMaterial,entity:material:jade
entity:artifact:1:ld1-1643390182193-1643390189862-0,usesMaterial,entity:material:nephrite
entity:artifact:1:ld1-1643390182193-1643390189866-0,usesMaterial,entity:material:jade
entity:artifact:1:ld1-1643390182193-1643390189866-0,usesMaterial,entity:material:nephrite
entity:artifact:1:ld1-1643390182193-1643390189883-0,usesMaterial,entity:material:bronze
entity:artifact:1:ld1-1643390182193-1643390189883-0,usesMaterial,entity:material:gold
entity:artifact:1:ld1-1643390182193-1643390189883-0,usesMaterial,entity:material:silver
entity:artifact:1:ld1-1643390182193-1643390189884-0,usesMaterial,entity:material:jade
entity:artifact:1:ld1-1643390182193-1643390189884-0,usesMaterial,entity:material:nephrite
entity:artifact:1:ld1-1643390182193-1643390189886-0,usesMaterial,entity:material:jade
entity:artifact:1:ld1-1643390182193-1643390189888-0,usesMaterial,entity:material:jade
entity:artifact:1:ld1-1643390182193-1643390189888-0,usesMaterial,entity:material:nephrite
entity:artifact:1:ld1-1643390182193-1643390189888-1,usesMaterial,entity:material:jade
entity:artifact:1:ld1-1643390182193-1643390189888-1,usesMaterial,entity:material:nephrite
entity:artifact:1:ld1-1643390182193-1643390189889-0,usesMaterial,entity:material:jade
entity:artifact:1:ld1-1643390182193-1643390189889-0,usesMaterial,entity:material:nephrite
entity:artifact:1:ld1-1643390182193-1643390189894-0,usesMaterial,entity:material:jade
entity:artifact:1:ld1-1643390182193-1643390189894-0,usesMaterial,entity:material:nephrite
entity:artifact:1:ld1-1643390182193-1643390189895-0,usesMaterial,entity:material:jade
entity:artifact:1:ld1-1643390182193-1643390189895-0,usesMaterial,entity:material:nephrite
entity:artifact:1:ld1-1643390182193-1643390189897-0,usesMaterial,entity:material:jade
entity:artifact:1:ld1-1643390182193-1643390189898-0,usesMaterial,entity:material:jade
entity:artifact:1:ld1-1643390182193-1643390189898-0,usesMaterial,entity:material:nephrite
entity:artifact:1:ld1-1643390182193-1643390189900-0,usesMaterial,entity:material:jade
entity:artifact:1:ld1-1643390182193-1643390189900-0,usesMaterial,entity:material:nephrite
entity:artifact:1:ld1-1643390182193-1643390189901-0,usesMaterial,entity:material:jade
entity:artifact:1:ld1-1643390182193-1643390189901-0,usesMaterial,entity:material:nephrite
entity:artifact:1:ld1-1643390182193-1643390189901-1,usesMaterial,entity:material:jade
entity:artifact:1:ld1-1643390182193-1643390189901-1,usesMaterial,entity:material:nephrite
entity:artifact:1:ld1-1643390182193-1643390189902-0,usesMaterial,entity:material:jade
entity:artifact:1:ld1-1643390182193-1643390189903-0,usesMaterial,entity:material:jade
entity:artifact:1:ld1-1643390182193-1643390189904-0,usesMaterial,entity:material:jade
entity:artifact:1:ld1-1643390182193-1643390189904-0,usesMaterial,entity:material:nephrite
entity:artifact:1:ld1-1643390182193-1643390189905-0,usesMaterial,entity:material:jade
entity:artifact:1:ld1-1643390182193-1643390189905-0,usesMaterial,entity:material:stone
entity:artifact:1:ld1-1643390182193-1643390189906-0,usesMaterial,entity:material:jade
entity:artifact:1:ld1-1643390182193-1643390189906-0,usesMaterial,entity:material:nephrite
entity:artifact:1:ld1-1643390182193-1643390189908-0,usesMaterial,entity:material:jade
entity:artifact:1:ld1-1643390182193-1643390189908-0,usesMaterial,entity:material:nephrite
entity:artifact:1:ld1-1643390182193-1643390189913-0,usesMaterial,entity:material:jade
entity:artifact:1:ld1-1643390182193-1643390189913-0,usesMaterial,entity:material:nephrite
entity:artifact:1:ld1-1643390182193-1643390189914-0,usesMaterial,entity:material:jade
entity:artifact:1:ld1-1643390182193-1643390189914-0,usesMaterial,entity:material:nephrite
entity:artifact:1:ld1-1643390182193-1643390189915-0,usesMaterial,entity:material:jade
entity:artifact:1:ld1-1643390182193-1643390189915-0,usesMaterial,entity:material:nephrite
entity:artifact:1:ld1-1643390182193-1643390189919-0,usesMaterial,entity:material:jade
entity:artifact:1:ld1-1643390182193-1643390189919-0,usesMaterial,entity:material:nephrite
entity:artifact:1:ld1-1643390182193-1643390189920-0,usesMaterial,entity:material:jade
entity:artifact:1:ld1-1643390182193-1643390189922-1,usesMaterial,entity:material:jade
entity:artifact:1:ld1-1643390182193-1643390189922-1,usesMaterial,entity:material:nephrite
entity:artifact:1:ld1-1643390182193-1643390189923-0,usesMaterial,entity:material:jade
entity:artifact:1:ld1-1643390182193-1643390189924-0,usesMaterial,entity:material:jade
entity:artifact:1:ld1-1643390182193-1643390189924-0,usesMaterial,entity:material:nephrite
entity:artifact:1:ld1-1643390182193-1643390189925-0,usesMaterial,entity:material:jade
entity:artifact:1:ld1-1643390182193-1643390189925-0,usesMaterial,entity:material:nephrite
entity:artifact:1:ld1-1643390182193-1643390189925-1,usesMaterial,entity:material:jade
entity:artifact:1:ld1-1643390182193-1643390189925-1,usesMaterial,entity:material:nephrite
entity:artifact:1:ld1-1643390182193-1643390189927-0,usesMaterial,entity:material:jade
entity:artifact:1:ld1-1643390182193-1643390189927-0,usesMaterial,entity:material:nephrite
entity:artifact:1:ld1-1643390182193-1643390189931-0,usesMaterial,entity:material:jade
entity:artifact:1:ld1-1643390182193-1643390189931-1,usesMaterial,entity:material:jade
entity:artifact:1:ld1-1643390182193-1643390189931-1,usesMaterial,entity:material:nephrite
entity:artifact:1:ld1-1643390182193-1643390189933-1,usesMaterial,entity:material:jade
entity:artifact:1:ld1-1643390182193-1643390189933-1,usesMaterial,entity:material:nephrite
entity:artifact:1:ld1-1643390182193-1643390189934-0,usesMaterial,entity:material:jade
entity:artifact:1:ld1-1643390182193-1643390189934-0,usesMaterial,entity:material:nephrite
entity:artifact:1:ld1-1643390182193-1643390189936-0,usesMaterial,entity:material:jade
entity:artifact:1:ld1-1643390182193-1643390189936-0,usesMaterial,entity:material:nephrite
entity:artifact:1:ld1-1643390182193-1643390189937-0,usesMaterial,entity:material:jade
entity:artifact:1:ld1-1643390182193-1643390189937-0,usesMaterial,entity:material:nephrite
entity:artifact:1:ld1-1643390182193-1643390189937-1,usesMaterial,entity:material:jade
entity:artifact:1:ld1-1643390182193-1643390189937-1,usesMaterial,entity:material:nephrite
entity:artifact:1:ld1-1643390182193-1643390189938-0,usesMaterial,entity:material:jade
entity:artifact:1:ld1-1643390182193-1643390189938-0,usesMaterial,entity:material:nephrite
entity:artifact:1:ld1-1643390182193-1643390189939-0,usesMaterial,entity:material:jade
entity:artifact:1:ld1-1643390182193-1643390189939-0,usesMaterial,entity:material:nephrite
entity:artifact:1:ld1-1643390182193-1643390189941-0,usesMaterial,entity:material:jade
entity:artifact:1:ld1-1643390182193-1643390189941-0,usesMaterial,entity:material:nephrite
entity:artifact:1:ld1-1643390182193-1643390189942-0,usesMaterial,entity:material:jade
entity:artifact:1:ld1-1643390182193-1643390189942-0,usesMaterial,entity:material:nephrite
entity:artifact:1:ld1-1643390182193-1643390189949-0,usesMaterial,entity:material:jade
entity:artifact:1:ld1-1643390182193-1643390189949-0,usesMaterial,entity:material:nephrite
entity:artifact:1:ld1-1643390182193-1643390189950-0,usesMaterial,entity:material:jade
entity:artifact:1:ld1-1643390182193-1643390189950-0,usesMaterial,entity:material:nephrite
entity:artifact:1:ld1-1643390182193-1643390189952-0,usesMaterial,entity:material:ink
entity:artifact:1:ld1-1643390182193-1643390189952-0,usesMaterial,entity:material:pigment
entity:artifact:1:ld1-1643390182193-1643390189952-0,usesMaterial,entity:material:silk
entity:artifact:1:ld1-1643390182193-1643390189954-0,usesMaterial,entity:material:ink
entity:artifact:1:ld1-1643390182193-1643390189954-0,usesMaterial,entity:material:paper
entity:artifact:1:ld1-1643390182193-1643390189954-0,usesMaterial,entity:material:pigment
entity:artifact:1:ld1-1643390182193-1643390189956-0,usesMaterial,entity:material:ink
entity:artifact:1:ld1-1643390182193-1643390189956-0,usesMaterial,entity:material:pigment
entity:artifact:1:ld1-1643390182193-1643390189956-0,usesMaterial,entity:material:silk
entity:artifact:1:ld1-1643390182193-1643390189956-1,usesMaterial,entity:material:ink
entity:artifact:1:ld1-1643390182193-1643390189956-1,usesMaterial,entity:material:pigment
entity:artifact:1:ld1-1643390182193-1643390189956-1,usesMaterial,entity:material:silk
entity:artifact:1:ld1-1643390182193-1643390189957-0,usesMaterial,entity:material:paper
entity:artifact:1:ld1-1643390182193-1643390189957-0,usesMaterial,entity:material:pigment
entity:artifact:1:ld1-1643390182193-1643390189958-0,usesMaterial,entity:material:ink
entity:artifact:1:ld1-1643390182193-1643390189958-0,usesMaterial,entity:material:pigment
entity:artifact:1:ld1-1643390182193-1643390189958-0,usesMaterial,entity:material:silk
entity:artifact:1:ld1-1643390182193-1643390189959-0,usesMaterial,entity:material:ink
entity:artifact:1:ld1-1643390182193-1643390189959-0,usesMaterial,entity:material:pigment
entity:artifact:1:ld1-1643390182193-1643390189959-0,usesMaterial,entity:material:silk
entity:artifact:1:ld1-1643390182193-1643390189961-0,usesMaterial,entity:material:ink
entity:artifact:1:ld1-1643390182193-1643390189961-0,usesMaterial,entity:material:paper
entity:artifact:1:ld1-1643390182193-1643390189962-0,usesMaterial,entity:material:ink
entity:artifact:1:ld1-1643390182193-1643390189962-0,usesMaterial,entity:material:paper
entity:artifact:1:ld1-1643390182193-1643390189963-0,usesMaterial,entity:material:ink
entity:artifact:1:ld1-1643390182193-1643390189963-0,usesMaterial,entity:material:paper
entity:artifact:1:ld1-1643390182193-1643390189963-0,usesMaterial,entity:material:pigment
entity:artifact:1:ld1-1643390182193-1643390189964-0,usesMaterial,entity:material:ink
entity:artifact:1:ld1-1643390182193-1643390189964-0,usesMaterial,entity:material:paper
entity:artifact:1:ld1-1643390182193-1643390189964-0,usesMaterial,entity:material:pigment
entity:artifact:1:ld1-1643390182193-1643390189965-1,usesMaterial,entity:material:silk
entity:artifact:1:ld1-1643390182193-1643390189967-0,usesMaterial,entity:material:pigment
entity:artifact:1:ld1-1643390182193-1643390189967-0,usesMaterial,entity:material:silk
entity:artifact:1:ld1-1643390182193-1643390189968-0,usesMaterial,entity:material:pigment
entity:artifact:1:ld1-1643390182193-1643390189968-0,usesMaterial,entity:material:silk
entity:artifact:1:ld1-1643390182193-1643390189969-0,usesMaterial,entity:material:pigment
entity:artifact:1:ld1-1643390182193-1643390189969-0,usesMaterial,entity:material:silk
entity:artifact:1:ld1-1643390182193-1643390189969-1,usesMaterial,entity:material:ink
entity:artifact:1:ld1-1643390182193-1643390189969-1,usesMaterial,entity:material:pigment
entity:artifact:1:ld1-1643390182193-1643390189969-1,usesMaterial,entity:material:silk
entity:artifact:1:ld1-1643390182193-1643390189971-0,usesMaterial,entity:material:ink
entity:artifact:1:ld1-1643390182193-1643390189971-0,usesMaterial,entity:material:pigment
entity:artifact:1:ld1-1643390182193-1643390189971-0,usesMaterial,entity:material:silk
entity:artifact:1:ld1-1643390182193-1643390189972-1,usesMaterial,entity:material:ink
entity:artifact:1:ld1-1643390182193-1643390189972-1,usesMaterial,entity:material:pigment
entity:artifact:1:ld1-1643390182193-1643390189972-1,usesMaterial,entity:material:silk
entity:artifact:1:ld1-1643390182193-1643390189973-0,usesMaterial,entity:material:ink
entity:artifact:1:ld1-1643390182193-1643390189973-0,usesMaterial,entity:material:silk
entity:artifact:1:ld1-1643390182193-1643390189975-0,usesMaterial,entity:material:ink
entity:artifact:1:ld1-1643390182193-1643390189975-0,usesMaterial,entity:material:pigment
entity:artifact:1:ld1-1643390182193-1643390189975-0,usesMaterial,entity:material:silk
entity:artifact:1:ld1-1643390182193-1643390189976-0,usesMaterial,entity:material:pigment
entity:artifact:1:ld1-1643390182193-1643390189976-0,usesMaterial,entity:material:silk
entity:artifact:1:ld1-1643390182193-1643390189979-0,usesMaterial,entity:material:gold
entity:artifact:1:ld1-1643390182193-1643390189979-0,usesMaterial,entity:material:ink
entity:artifact:1:ld1-1643390182193-1643390189979-0,usesMaterial,entity:material:paper
entity:artifact:1:ld1-1643390182193-1643390189980-0,usesMaterial,entity:material:ink
entity:artifact:1:ld1-1643390182193-1643390189980-0,usesMaterial,entity:material:pigment
entity:artifact:1:ld1-1643390182193-1643390189980-0,usesMaterial,entity:material:silk
entity:artifact:1:ld1-1643390182193-1643390189982-0,usesMaterial,entity:material:gold
entity:artifact:1:ld1-1643390182193-1643390189982-0,usesMaterial,entity:material:paper
entity:artifact:1:ld1-1643390182193-1643390189998-0,usesMaterial,entity:material:ink
entity:artifact:1:ld1-1643390182193-1643390189998-0,usesMaterial,entity:material:paper
entity:artifact:1:ld1-1643390182193-1643390189998-0,usesMaterial,entity:material:pigment
entity:artifact:1:ld1-1643390182193-1643390190000-0,usesMaterial,entity:material:bronze
entity:artifact:1:ld1-1643390182193-1643390190004-0,usesMaterial,entity:material:bronze
entity:artifact:1:ld1-1643390182193-1643390190004-1,usesMaterial,entity:material:bronze
entity:artifact:1:ld1-1643390182193-1643390190005-0,usesMaterial,entity:material:bronze
entity:artifact:1:ld1-1643390182193-1643390190006-0,usesMaterial,entity:material:bronze
entity:artifact:1:ld1-1643390182193-1643390190007-0,usesMaterial,entity:material:bronze
entity:artifact:1:ld1-1643390182193-1643390190015-0,usesMaterial,entity:material:ink
entity:artifact:1:ld1-1643390182193-1643390190015-0,usesMaterial,entity:material:paper
entity:artifact:1:ld1-1643390182193-1643390190017-0,usesMaterial,entity:material:ink
entity:artifact:1:ld1-1643390182193-1643390190017-0,usesMaterial,entity:material:paper
entity:artifact:1:ld1-1643390182193-1643390190018-0,usesMaterial,entity:material:ink
entity:artifact:1:ld1-1643390182193-1643390190018-0,usesMaterial,entity:material:pigment
entity:artifact:1:ld1-1643390182193-1643390190018-0,usesMaterial,entity:material:silk
entity:artifact:1:ld1-1643390182193-1643390190020-0,usesMaterial,entity:material:copper
entity:artifact:1:ld1-1643390182193-1643390190020-0,usesMaterial,entity:material:earthenware
entity:artifact:1:ld1-1643390182193-1643390190020-0,usesMaterial,entity:material:metal
entity:artifact:1:ld1-1643390182193-1643390190020-1,usesMaterial,entity:material:copper
entity:artifact:1:ld1-1643390182193-1643390190020-1,usesMaterial,entity:material:earthenware
entity:artifact:1:ld1-1643390182193-1643390190020-1,usesMaterial,entity:material:metal
entity:artifact:1:ld1-1643390182193-1643390190022-0,usesMaterial,entity:material:bronze
entity:artifact:1:ld1-1643390182193-1643390190025-0,usesMaterial,entity:material:silk
entity:artifact:1:ld1-1643390182193-1643390190026-0,usesMaterial,entity:material:pigment
entity:artifact:1:ld1-1643390182193-1643390190026-0,usesMaterial,entity:material:silk
entity:artifact:1:ld1-1643390182193-1643390190027-1,usesMaterial,entity:material:ink
entity:artifact:1:ld1-1643390182193-1643390190027-1,usesMaterial,entity:material:paper
entity:artifact:1:ld1-1643390182193-1643390190027-1,usesMaterial,entity:material:pigment
entity:artifact:1:ld1-1643390182193-1643390190029-0,usesMaterial,entity:material:bronze
entity:artifact:1:ld1-1643390182193-1643390190032-0,usesMaterial,entity:material:ink
entity:artifact:1:ld1-1643390182193-1643390190032-0,usesMaterial,entity:material:pigment
entity:artifact:1:ld1-1643390182193-1643390190032-0,usesMaterial,entity:material:silk
entity:artifact:1:ld1-1643390182193-1643390190033-0,usesMaterial,entity:material:ink
entity:artifact:1:ld1-1643390182193-1643390190033-0,usesMaterial,entity:material:pigment
entity:artifact:1:ld1-1643390182193-1643390190033-0,usesMaterial,entity:material:silk
entity:artifact:1:ld1-1643390182193-1643390190040-1,usesMaterial,entity:material:copper
entity:artifact:1:ld1-1643390182193-1643390190040-1,usesMaterial,entity:material:earthenware
entity:artifact:1:ld1-1643390182193-1643390190040-1,usesMaterial,entity:material:metal
entity:artifact:1:ld1-1643390182193-1643390190058-0,usesMaterial,entity:material:stone
entity:artifact:1:ld1-1643390182193-1643390190060-0,usesMaterial,entity:material:stone
entity:artifact:1:ld1-1643390182193-1643390190061-0,usesMaterial,entity:material:stone
entity:artifact:1:ld1-1643390182193-1643390190062-0,usesMaterial,entity:material:stone
entity:artifact:1:ld1-1643390182193-1643390190071-1,usesMaterial,entity:material:bronze
entity:artifact:1:ld1-1643390182193-1643390190071-1,usesMaterial,entity:material:gold
entity:artifact:1:ld1-1643390182193-1643390190071-1,usesMaterial,entity:material:silver
entity:artifact:1:ld1-1643390182193-1643390190072-0,usesMaterial,entity:material:bronze
entity:artifact:1:ld1-1643390182193-1643390190072-0,usesMaterial,entity:material:silver
entity:artifact:1:ld1-1643390182193-1643390190074-0,usesMaterial,entity:material:bronze
entity:artifact:1:ld1-1643390182193-1643390190075-0,usesMaterial,entity:material:bronze
entity:artifact:1:ld1-1643390182193-1643390190077-0,usesMaterial,entity:material:bronze
entity:artifact:1:ld1-1643390182193-1643390190078-0,usesMaterial,entity:material:bronze
entity:artifact:1:ld1-1643390182193-1643390190079-1,usesMaterial,entity:material:bronze
entity:artifact:1:ld1-1643390182193-1643390190080-0,usesMaterial,entity:material:bronze
entity:artifact:1:ld1-1643390182193-1643390190081-0,usesMaterial,entity:material:bronze
entity:artifact:1:ld1-1643390182193-1643390190082-0,usesMaterial,entity:material:bronze
entity:artifact:1:ld1-1643390182193-1643390190083-0,usesMaterial,entity:material:bronze
entity:artifact:1:ld1-1643390182193-1643390190084-0,usesMaterial,entity:material:bronze
entity:artifact:1:ld1-1643390182193-1643390190085-0,usesMaterial,entity:material:bronze
entity:artifact:1:ld1-1643390182193-1643390190085-0,usesMaterial,entity:material:silver
entity:artifact:1:ld1-1643390182193-1643390190086-0,usesMaterial,entity:material:bronze
entity:artifact:1:ld1-1643390182193-1643390190087-0,usesMaterial,entity:material:bronze
entity:artifact:1:ld1-1643390182193-1643390190088-0,usesMaterial,entity:material:bronze
entity:artifact:1:ld1-1643390182193-1643390190089-0,usesMaterial,entity:material:bronze
entity:artifact:1:ld1-1643390182193-1643390190090-0,usesMaterial,entity:material:bronze
entity:artifact:1:ld1-1643390182193-1643390190091-0,usesMaterial,entity:material:bronze
entity:artifact:1:ld1-1643390182193-1643390190091-0,usesMaterial,entity:material:glass
entity:artifact:1:ld1-1643390182193-1643390190091-0,usesMaterial,entity:material:gold
entity:artifact:1:ld1-1643390182193-1643390190156-0,usesMaterial,entity:material:bronze
entity:artifact:1:ld1-1643390182193-1643390190164-0,usesMaterial,entity:material:bronze
entity:artifact:1:ld1-1643390182193-1643390190165-0,usesMaterial,entity:material:bronze
entity:artifact:1:ld1-1643390182193-1643390190178-0,usesMaterial,entity:material:ink
entity:artifact:1:ld1-1643390182193-1643390190178-0,usesMaterial,entity:material:pigment
entity:artifact:1:ld1-1643390182193-1643390190178-0,usesMaterial,entity:material:silk
entity:artifact:1:ld1-1643390182193-1643390190180-0,usesMaterial,entity:material:ink
entity:artifact:1:ld1-1643390182193-1643390190180-0,usesMaterial,entity:material:pigment
entity:artifact:1:ld1-1643390182193-1643390190180-0,usesMaterial,entity:material:silk
entity:artifact:1:ld1-1643390182193-1643390190183-0,usesMaterial,entity:material:ink
entity:artifact:1:ld1-1643390182193-1643390190183-0,usesMaterial,entity:material:pigment
entity:artifact:1:ld1-1643390182193-1643390190183-0,usesMaterial,entity:material:silk
entity:artifact:1:ld1-1643390182193-1643390190184-0,usesMaterial,entity:material:ink
entity:artifact:1:ld1-1643390182193-1643390190184-0,usesMaterial,entity:material:pigment
entity:artifact:1:ld1-1643390182193-1643390190184-0,usesMaterial,entity:material:silk
entity:artifact:1:ld1-1643390182193-1643390190186-0,usesMaterial,entity:material:ink
entity:artifact:1:ld1-1643390182193-1643390190186-0,usesMaterial,entity:material:pigment
entity:artifact:1:ld1-1643390182193-1643390190186-0,usesMaterial,entity:material:silk
entity:artifact:1:ld1-1643390182193-1643390190187-0,usesMaterial,entity:material:ink
entity:artifact:1:ld1-1643390182193-1643390190187-0,usesMaterial,entity:material:paper
entity:artifact:1:ld1-1643390182193-1643390190187-0,usesMaterial,entity:material:pigment
entity:artifact:1:ld1-1643390182193-1643390190192-0,usesMaterial,entity:material:ink
entity:artifact:1:ld1-1643390182193-1643390190192-0,usesMaterial,entity:material:paper
entity:artifact:1:ld1-1643390182193-1643390190193-0,usesMaterial,entity:material:ink
entity:artifact:1:ld1-1643390182193-1643390190193-0,usesMaterial,entity:material:pigment
entity:artifact:1:ld1-1643390182193-1643390190193-0,usesMaterial,entity:material:silk
entity:artifact:1:ld1-1643390182193-1643390190195-0,usesMaterial,entity:material:ink
entity:artifact:1:ld1-1643390182193-1643390190195-0,usesMaterial,entity:material:silk
entity:artifact:1:ld1-1643390182193-1643390190197-0,usesMaterial,entity:material:jade
entity:artifact:1:ld1-1643390182193-1643390190197-0,usesMaterial,entity:material:nephrite
entity:artifact:1:ld1-1643390182193-1643390190198-0,usesMaterial,entity:material:jade
entity:artifact:1:ld1-1643390182193-1643390190198-0,usesMaterial,entity:material:nephrite
entity:artifact:1:ld1-1643390182193-1643390190200-0,usesMaterial,entity:material:jade
entity:artifact:1:ld1-1643390182193-1643390190200-0,usesMaterial,entity:material:nephrite
entity:artifact:1:ld1-1643390182193-1643390190202-0,usesMaterial,entity:material:jade
entity:artifact:1:ld1-1643390182193-1643390190202-0,usesMaterial,entity:material:nephrite
entity:artifact:1:ld1-1643390182193-1643390190204-0,usesMaterial,entity:material:jade
entity:artifact:1:ld1-1643390182193-1643390190204-0,usesMaterial,entity:material:nephrite
entity:artifact:1:ld1-1643390182193-1643390190206-0,usesMaterial,entity:material:jade
entity:artifact:1:ld1-1643390182193-1643390190206-0,usesMaterial,entity:material:nephrite
entity:artifact:1:ld1-1643390182193-1643390190207-0,usesMaterial,entity:material:jade
entity:artifact:1:ld1-1643390182193-1643390190207-0,usesMaterial,entity:material:nephrite
entity:artifact:1:ld1-1643390182193-1643390190209-0,usesMaterial,entity:material:jade
entity:artifact:1:ld1-1643390182193-1643390190209-0,usesMaterial,entity:material:nephrite
entity:artifact:1:ld1-1643390182193-1643390190211-0,usesMaterial,entity:material:jade
entity:artifact:1:ld1-1643390182193-1643390190211-0,usesMaterial,entity:material:nephrite
entity:artifact:1:ld1-1643390182193-1643390190212-0,usesMaterial,entity:material:jade
entity:artifact:1:ld1-1643390182193-1643390190212-0,usesMaterial,entity:material:nephrite
entity:artifact:1:ld1-1643390182193-1643390190214-0,usesMaterial,entity:material:jade
entity:artifact:1:ld1-1643390182193-1643390190214-0,usesMaterial,entity:material:nephrite
entity:artifact:1:ld1-1643390182193-1643390190216-0,usesMaterial,entity:material:jade
entity:artifact:1:ld1-1643390182193-1643390190216-0,usesMaterial,entity:material:nephrite
entity:artifact:1:ld1-1643390182193-1643390190218-0,usesMaterial,entity:material:jade
entity:artifact:1:ld1-1643390182193-1643390190218-0,usesMaterial,entity:material:nephrite
entity:artifact:1:ld1-1643390182193-1643390190219-0,usesMaterial,entity:material:jade
entity:artifact:1:ld1-1643390182193-1643390190219-0,usesMaterial,entity:material:nephrite
entity:artifact:1:ld1-1643390182193-1643390190221-0,usesMaterial,entity:material:jade
entity:artifact:1:ld1-1643390182193-1643390190221-0,usesMaterial,entity:material:nephrite
entity:artifact:1:ld1-1643390182193-1643390190224-0,usesMaterial,entity:material:jade
entity:artifact:1:ld1-1643390182193-1643390190224-0,usesMaterial,entity:material:nephrite
entity:artifact:1:ld1-1643390182193-1643390190226-0,usesMaterial,entity:material:jade
entity:artifact:1:ld1-1643390182193-1643390190226-0,usesMaterial,entity:material:nephrite
entity:artifact:1:ld1-1643390182193-1643390190232-0,usesMaterial,entity:material:jade
entity:artifact:1:ld1-1643390182193-1643390190232-0,usesMaterial,entity:material:nephrite
entity:artifact:1:ld1-1643390182193-1643390190233-0,usesMaterial,entity:material:jade
entity:artifact:1:ld1-1643390182193-1643390190233-0,usesMaterial,entity:material:nephrite
entity:artifact:1:ld1-1643390182193-1643390190235-0,usesMaterial,entity:material:jade
entity:artifact:1:ld1-1643390182193-1643390190235-0,usesMaterial,entity:material:nephrite
entity:artifact:1:ld1-1643390182193-1643390190237-0,usesMaterial,entity:material:jade
entity:artifact:1:ld1-1643390182193-1643390190237-0,usesMaterial,entity:material:nephrite
entity:artifact:1:ld1-1643390182193-1643390190241-0,usesMaterial,entity:material:jade
entity:artifact:1:ld1-1643390182193-1643390190241-0,usesMaterial,entity:material:nephrite
entity:artifact:1:ld1-1643390182193-1643390190243-0,usesMaterial,entity:material:jade
entity:artifact:1:ld1-1643390182193-1643390190243-0,usesMaterial,entity:material:nephrite
entity:artifact:1:ld1-1643390182193-1643390190248-0,usesMaterial,entity:material:jade
entity:artifact:1:ld1-1643390182193-1643390190248-0,usesMaterial,entity:material:nephrite
entity:artifact:1:ld1-1643390182193-1643390190250-0,usesMaterial,entity:material:jade
entity:artifact:1:ld1-1643390182193-1643390190250-0,usesMaterial,entity:material:nephrite
entity:artifact:1:ld1-1643390182193-1643390190253-0,usesMaterial,entity:material:jade
entity:artifact:1:ld1-1643390182193-1643390190253-0,usesMaterial,entity:material:nephrite
entity:artifact:1:ld1-1643390182193-1643390190254-0,usesMaterial,entity:material:jade
entity:artifact:1:ld1-1643390182193-1643390190254-0,usesMaterial,entity:material:nephrite
entity:artifact:1:ld1-1643390182193-1643390190256-0,usesMaterial,entity:material:jade
entity:artifact:1:ld1-1643390182193-1643390190256-0,usesMaterial,entity:material:nephrite
entity:artifact:1:ld1-1643390182193-1643390190258-0,usesMaterial,entity:material:jade
entity:artifact:1:ld1-1643390182193-1643390190258-0,usesMaterial,entity:material:nephrite
entity:artifact:1:ld1-1643390182193-1643390190259-0,usesMaterial,entity:material:jade
entity:artifact:1:ld1-1643390182193-1643390190259-0,usesMaterial,entity:material:nephrite
entity:artifact:1:ld1-1643390182193-1643390190261-0,usesMaterial,entity:material:jade
entity:artifact:1:ld1-1643390182193-1643390190261-0,usesMaterial,entity:material:nephrite
entity:artifact:1:ld1-1643390182193-1643390190264-0,usesMaterial,entity:material:jade
entity:artifact:1:ld1-1643390182193-1643390190264-0,usesMaterial,entity:material:nephrite
entity:artifact:1:ld1-1643390182193-1643390190266-0,usesMaterial,entity:material:jade
entity:artifact:1:ld1-1643390182193-1643390190266-0,usesMaterial,entity:material:nephrite
entity:artifact:1:ld1-1643390182193-1643390190268-0,usesMaterial,entity:material:jade
entity:artifact:1:ld1-1643390182193-1643390190268-0,usesMaterial,entity:material:nephrite
entity:artifact:1:ld1-1643390182193-1643390190270-0,usesMaterial,entity:material:jade
entity:artifact:1:ld1-1643390182193-1643390190270-0,usesMaterial,entity:material:nephrite
entity:artifact:1:ld1-1643390182193-1643390190272-0,usesMaterial,entity:material:jade
entity:artifact:1:ld1-1643390182193-1643390190272-0,usesMaterial,entity:material:nephrite
entity:artifact:1:ld1-1643390182193-1643390190274-0,usesMaterial,entity:material:jade
entity:artifact:1:ld1-1643390182193-1643390190274-0,usesMaterial,entity:material:nephrite
entity:artifact:1:ld1-1643390182193-1643390190275-0,usesMaterial,entity:material:jade
entity:artifact:1:ld1-1643390182193-1643390190275-0,usesMaterial,entity:material:nephrite
entity:artifact:1:ld1-1643390182193-1643390190277-0,usesMaterial,entity:material:jade
entity:artifact:1:ld1-1643390182193-1643390190279-0,usesMaterial,entity:material:jade
entity:artifact:1:ld1-1643390182193-1643390190279-0,usesMaterial,entity:material:stone
entity:artifact:1:ld1-1643390182193-1643390190280-0,usesMaterial,entity:material:jade
entity:artifact:1:ld1-1643390182193-1643390190280-0,usesMaterial,entity:material:nephrite
entity:artifact:1:ld1-1643390182193-1643390190282-0,usesMaterial,entity:material:jade
entity:artifact:1:ld1-1643390182193-1643390190282-0,usesMaterial,entity:material:nephrite
entity:artifact:1:ld1-1643390182193-1643390190285-0,usesMaterial,entity:material:jade
entity:artifact:1:ld1-1643390182193-1643390190285-0,usesMaterial,entity:material:nephrite
entity:artifact:1:ld1-1643390182193-1643390190286-0,usesMaterial,entity:material:jade
entity:artifact:1:ld1-1643390182193-1643390190286-0,usesMaterial,entity:material:nephrite
entity:artifact:1:ld1-1643390182193-1643390190308-0,usesMaterial,entity:material:bronze
entity:artifact:1:ld1-1643390182193-1643390190311-0,usesMaterial,entity:material:bronze
entity:artifact:1:ld1-1643390182193-1643390190315-0,usesMaterial,entity:material:stone
entity:artifact:1:ld1-1643390182193-1643390190340-0,usesMaterial,entity:material:ink
entity:artifact:1:ld1-1643390182193-1643390190340-0,usesMaterial,entity:material:paper
entity:artifact:1:ld1-1643390182193-1643390190340-0,usesMaterial,entity:material:pigment
entity:artifact:1:ld1-1643390182193-1643390190363-0,usesMaterial,entity:material:ink
entity:artifact:1:ld1-1643390182193-1643390190363-0,usesMaterial,entity:material:silk
entity:artifact:1:ld1-1643390182193-1643390190365-0,usesMaterial,entity:material:ink
entity:artifact:1:ld1-1643390182193-1643390190365-0,usesMaterial,entity:material:pigment
entity:artifact:1:ld1-1643390182193-1643390190365-0,usesMaterial,entity:material:silk
entity:artifact:1:ld1-1643390182193-1643390190366-0,usesMaterial,entity:material:ink
entity:artifact:1:ld1-1643390182193-1643390190366-0,usesMaterial,entity:material:pigment
entity:artifact:1:ld1-1643390182193-1643390190366-0,usesMaterial,entity:material:silk
entity:artifact:1:ld1-1643390182193-1643390190410-0,usesMaterial,entity:material:jade
entity:artifact:1:ld1-1643390182193-1643390190410-0,usesMaterial,entity:material:nephrite
entity:artifact:1:ld1-1643390182193-1643390190474-0,usesMaterial,entity:material:jade
entity:artifact:1:ld1-1643390182193-1643390190474-0,usesMaterial,entity:material:nephrite
entity:artifact:1:ld1-1643390182193-1643390190548-0,usesMaterial,entity:material:bronze
entity:artifact:1:ld1-1643390182193-1643390190682-0,usesMaterial,entity:material:jade
entity:artifact:1:ld1-1643390182193-1643390190682-0,usesMaterial,entity:material:nephrite
entity:artifact:1:ld1-1643390182193-1643390190683-0,usesMaterial,entity:material:jade
entity:artifact:1:ld1-1643390182193-1643390190683-0,usesMaterial,entity:material:nephrite
entity:artifact:1:ld1-1643390182193-1643390190687-0,usesMaterial,entity:material:ink
entity:artifact:1:ld1-1643390182193-1643390190687-0,usesMaterial,entity:material:silk
entity:artifact:1:ld1-1643390182193-1643390190688-0,usesMaterial,entity:material:ink
entity:artifact:1:ld1-1643390182193-1643390190688-0,usesMaterial,entity:material:pigment
entity:artifact:1:ld1-1643390182193-1643390190688-0,usesMaterial,entity:material:silk
entity:artifact:1:ld1-1643390182193-1643390190694-0,usesMaterial,entity:material:ink
entity:artifact:1:ld1-1643390182193-1643390190694-0,usesMaterial,entity:material:pigment
entity:artifact:1:ld1-1643390182193-1643390190694-0,usesMaterial,entity:material:silk
entity:artifact:1:ld1-1643390182193-1643390190695-0,usesMaterial,entity:material:ink
entity:artifact:1:ld1-1643390182193-1643390190695-0,usesMaterial,entity:material:paper
entity:artifact:1:ld1-1643390182193-1643390190695-0,usesMaterial,entity:material:pigment
entity:artifact:1:ld1-1643390182193-1643390190696-0,usesMaterial,entity:material:ink
entity:artifact:1:ld1-1643390182193-1643390190696-0,usesMaterial,entity:material:pigment
entity:artifact:1:ld1-1643390182193-1643390190696-0,usesMaterial,entity:material:silk
entity:artifact:1:ld1-1643390182193-1643390190698-0,usesMaterial,entity:material:pigment
entity:artifact:1:ld1-1643390182193-1643390190698-0,usesMaterial,entity:material:silk
entity:artifact:1:ld1-1643390182193-1643390190701-0,usesMaterial,entity:material:ink
entity:artifact:1:ld1-1643390182193-1643390190701-0,usesMaterial,entity:material:pigment
entity:artifact:1:ld1-1643390182193-1643390190701-0,usesMaterial,entity:material:silk
entity:artifact:1:ld1-1643390182193-1643390190705-0,usesMaterial,entity:material:jade
entity:artifact:1:ld1-1643390182193-1643390190705-0,usesMaterial,entity:material:nephrite
entity:artifact:1:ld1-1643390182193-1643390190708-0,usesMaterial,entity:material:jade
entity:artifact:1:ld1-1643390182193-1643390190708-0,usesMaterial,entity:material:nephrite
entity:artifact:1:ld1-1643390182193-1643390190713-0,usesMaterial,entity:material:jade
entity:artifact:1:ld1-1643390182193-1643390190713-0,usesMaterial,entity:material:nephrite
entity:artifact:1:ld1-1643390182193-1643390190714-0,usesMaterial,entity:material:jade
entity:artifact:1:ld1-1643390182193-1643390190714-0,usesMaterial,entity:material:nephrite
entity:artifact:1:ld1-1643390182193-1643390190716-0,usesMaterial,entity:material:jade
entity:artifact:1:ld1-1643390182193-1643390190716-0,usesMaterial,entity:material:nephrite
entity:artifact:1:ld1-1643390182193-1643390190717-0,usesMaterial,entity:material:jade
entity:artifact:1:ld1-1643390182193-1643390190717-0,usesMaterial,entity:material:nephrite
entity:artifact:1:ld1-1643390182193-1643390190718-0,usesMaterial,entity:material:jade
entity:artifact:1:ld1-1643390182193-1643390190718-0,usesMaterial,entity:material:nephrite
entity:artifact:1:ld1-1643390182193-1643390190720-0,usesMaterial,entity:material:jade
entity:artifact:1:ld1-1643390182193-1643390190720-0,usesMaterial,entity:material:nephrite
entity:artifact:1:ld1-1643390182193-1643390190721-0,usesMaterial,entity:material:jade
entity:artifact:1:ld1-1643390182193-1643390190721-0,usesMaterial,entity:material:nephrite
entity:artifact:1:ld1-1643390182193-1643390190723-0,usesMaterial,entity:material:jade
entity:artifact:1:ld1-1643390182193-1643390190723-0,usesMaterial,entity:material:nephrite
entity:artifact:1:ld1-1643390182193-1643390190724-0,usesMaterial,entity:material:jade
entity:artifact:1:ld1-1643390182193-1643390190724-0,usesMaterial,entity:material:nephrite
entity:artifact:1:ld1-1643390182193-1643390190726-0,usesMaterial,entity:material:jade
entity:artifact:1:ld1-1643390182193-1643390190726-0,usesMaterial,entity:material:nephrite
entity:artifact:1:ld1-1643390182193-1643390190727-0,usesMaterial,entity:material:jade
entity:artifact:1:ld1-1643390182193-1643390190727-0,usesMaterial,entity:material:nephrite
entity:artifact:1:ld1-1643390182193-1643390190731-0,usesMaterial,entity:material:jade
entity:artifact:1:ld1-1643390182193-1643390190731-0,usesMaterial,entity:material:nephrite
entity:artifact:1:ld1-1643390182193-1643390190732-0,usesMaterial,entity:material:jade
entity:artifact:1:ld1-1643390182193-1643390190732-0,usesMaterial,entity:material:nephrite
entity:artifact:1:ld1-1643390182193-1643390190734-0,usesMaterial,entity:material:jade
entity:artifact:1:ld1-1643390182193-1643390190734-0,usesMaterial,entity:material:nephrite
entity:artifact:1:ld1-1643390182193-1643390190736-0,usesMaterial,entity:material:ink
entity:artifact:1:ld1-1643390182193-1643390190736-0,usesMaterial,entity:material:pigment
entity:artifact:1:ld1-1643390182193-1643390190736-0,usesMaterial,entity:material:silk
entity:artifact:1:ld1-1643390182193-1643390190738-0,usesMaterial,entity:material:ink
entity:artifact:1:ld1-1643390182193-1643390190738-0,usesMaterial,entity:material:pigment
entity:artifact:1:ld1-1643390182193-1643390190738-0,usesMaterial,entity:material:silk
entity:artifact:1:ld1-1643390182193-1643390190740-0,usesMaterial,entity:material:ink
entity:artifact:1:ld1-1643390182193-1643390190740-0,usesMaterial,entity:material:pigment
entity:artifact:1:ld1-1643390182193-1643390190740-0,usesMaterial,entity:material:silk
entity:artifact:1:ld1-1643390182193-1643390190747-0,usesMaterial,entity:material:jade
entity:artifact:1:ld1-1643390182193-1643390190747-0,usesMaterial,entity:material:nephrite
entity:artifact:1:ld1-1643390182193-1643390190749-0,usesMaterial,entity:material:jade
entity:artifact:1:ld1-1643390182193-1643390190749-0,usesMaterial,entity:material:nephrite
entity:artifact:1:ld1-1643390182193-1643390190751-0,usesMaterial,entity:material:earthenware
entity:artifact:1:ld1-1643390182193-1643390190752-0,usesMaterial,entity:material:pigment
entity:artifact:1:ld1-1643390182193-1643390190752-0,usesMaterial,entity:material:silk
entity:artifact:1:ld1-1643390182193-1643390190754-0,usesMaterial,entity:material:horn
entity:artifact:1:ld1-1643390182193-1643390190755-0,usesMaterial,entity:material:bronze
entity:artifact:1:ld1-1643390182193-1643390190758-0,usesMaterial,entity:material:ink
entity:artifact:1:ld1-1643390182193-1643390190758-0,usesMaterial,entity:material:paper
entity:artifact:1:ld1-1643390182193-1643390190972-0,usesMaterial,entity:material:earthenware
entity:artifact:1:ld1-1643390182193-1643390190973-0,usesMaterial,entity:material:earthenware
entity:artifact:1:ld1-1643390182193-1643390190975-0,usesMaterial,entity:material:earthenware
entity:artifact:1:ld1-1643390182193-1643390190981-0,usesMaterial,entity:material:bronze
entity:artifact:1:ld1-1643390182193-1643390190981-0,usesMaterial,entity:material:gold
entity:artifact:1:ld1-1643390182193-1643390190981-0,usesMaterial,entity:material:silver
entity:artifact:1:ld1-1643390182193-1643390190984-0,usesMaterial,entity:material:metal
entity:artifact:1:ld1-1643390182193-1643390190987-0,usesMaterial,entity:material:bronze
entity:artifact:1:ld1-1643390182193-1643390190999-0,usesMaterial,entity:material:ink
entity:artifact:1:ld1-1643390182193-1643390190999-0,usesMaterial,entity:material:pigment
entity:artifact:1:ld1-1643390182193-1643390190999-0,usesMaterial,entity:material:silk
entity:artifact:1:ld1-1643390182193-1643390191009-0,usesMaterial,entity:material:bronze
entity:artifact:1:ld1-1643390182193-1643390191011-0,usesMaterial,entity:material:bronze
entity:artifact:1:ld1-1643390182193-1643390191020-0,usesMaterial,entity:material:copper
entity:artifact:1:ld1-1643390182193-1643390191020-0,usesMaterial,entity:material:earthenware
entity:artifact:1:ld1-1643390182193-1643390191020-0,usesMaterial,entity:material:metal
entity:artifact:1:ld1-1643390182193-1643390191021-0,usesMaterial,entity:material:bronze
entity:artifact:1:ld1-1643390182193-1643390191025-0,usesMaterial,entity:material:stone
entity:artifact:1:ld1-1643390182193-1643390191027-0,usesMaterial,entity:material:ink
entity:artifact:1:ld1-1643390182193-1643390191027-0,usesMaterial,entity:material:paper
entity:artifact:1:ld1-1643390182193-1643390191038-0,usesMaterial,entity:material:jade
entity:artifact:1:ld1-1643390182193-1643390191038-0,usesMaterial,entity:material:nephrite
entity:artifact:1:ld1-1643390182193-1643390191040-0,usesMaterial,entity:material:jade
entity:artifact:1:ld1-1643390182193-1643390191040-0,usesMaterial,entity:material:nephrite
entity:artifact:1:ld1-1643390182193-1643390191041-0,usesMaterial,entity:material:jade
entity:artifact:1:ld1-1643390182193-1643390191041-0,usesMaterial,entity:material:nephrite
entity:artifact:1:ld1-1643390182193-1643390191043-0,usesMaterial,entity:material:jade
entity:artifact:1:ld1-1643390182193-1643390191043-0,usesMaterial,entity:material:nephrite
entity:artifact:1:ld1-1643390182193-1643390191044-0,usesMaterial,entity:material:jade
entity:artifact:1:ld1-1643390182193-1643390191044-0,usesMaterial,entity:material:nephrite
entity:artifact:1:ld1-1643390182193-1643390191047-0,usesMaterial,entity:material:jade
entity:artifact:1:ld1-1643390182193-1643390191047-0,usesMaterial,entity:material:nephrite
entity:artifact:1:ld1-1643390182193-1643390191049-0,usesMaterial,entity:material:jade
entity:artifact:1:ld1-1643390182193-1643390191049-0,usesMaterial,entity:material:nephrite
entity:artifact:1:ld1-1643390182193-1643390191050-0,usesMaterial,entity:material:jade
entity:artifact:1:ld1-1643390182193-1643390191050-0,usesMaterial,entity:material:nephrite
entity:artifact:1:ld1-1643390182193-1643390191053-0,usesMaterial,entity:material:jade
entity:artifact:1:ld1-1643390182193-1643390191053-0,usesMaterial,entity:material:nephrite
entity:artifact:1:ld1-1643390182193-1643390191055-0,usesMaterial,entity:material:jade
entity:artifact:1:ld1-1643390182193-1643390191056-0,usesMaterial,entity:material:jade
entity:artifact:1:ld1-1643390182193-1643390191058-0,usesMaterial,entity:material:jade
entity:artifact:1:ld1-1643390182193-1643390191058-0,usesMaterial,entity:material:nephrite
entity:artifact:1:ld1-1643390182193-1643390191059-0,usesMaterial,entity:material:jade
entity:artifact:1:ld1-1643390182193-1643390191059-0,usesMaterial,entity:material:stone
entity:artifact:1:ld1-1643390182193-1643390191061-0,usesMaterial,entity:material:jade
entity:artifact:1:ld1-1643390182193-1643390191061-0,usesMaterial,entity:material:nephrite
entity:artifact:1:ld1-1643390182193-1643390191062-0,usesMaterial,entity:material:jade
entity:artifact:1:ld1-1643390182193-1643390191064-0,usesMaterial,entity:material:jade
entity:artifact:1:ld1-1643390182193-1643390191064-0,usesMaterial,entity:material:nephrite
entity:artifact:1:ld1-1643390182193-1643390191066-0,usesMaterial,entity:material:jade
entity:artifact:1:ld1-1643390182193-1643390191069-0,usesMaterial,entity:material:jade
entity:artifact:1:ld1-1643390182193-1643390191069-0,usesMaterial,entity:material:nephrite
entity:artifact:1:ld1-1643390182193-1643390191071-0,usesMaterial,entity:material:stone
entity:artifact:1:ld1-1643390182193-1643390191072-0,usesMaterial,entity:material:jade
entity:artifact:1:ld1-1643390182193-1643390191072-0,usesMaterial,entity:material:nephrite
entity:artifact:1:ld1-1643390182193-1643390191074-0,usesMaterial,entity:material:jade
entity:artifact:1:ld1-1643390182193-1643390191074-0,usesMaterial,entity:material:nephrite
entity:artifact:1:ld1-1643390182193-1643390191075-0,usesMaterial,entity:material:jade
entity:artifact:1:ld1-1643390182193-1643390191075-0,usesMaterial,entity:material:nephrite
entity:artifact:1:ld1-1643390182193-1643390191080-0,usesMaterial,entity:material:jade
entity:artifact:1:ld1-1643390182193-1643390191080-0,usesMaterial,entity:material:nephrite
entity:artifact:1:ld1-1643390182193-1643390191082-0,usesMaterial,entity:material:jade
entity:artifact:1:ld1-1643390182193-1643390191082-0,usesMaterial,entity:material:nephrite
entity:artifact:1:ld1-1643390182193-1643390191082-1,usesMaterial,entity:material:jade
entity:artifact:1:ld1-1643390182193-1643390191082-1,usesMaterial,entity:material:nephrite
entity:artifact:1:ld1-1643390182193-1643390191083-0,usesMaterial,entity:material:jade
entity:artifact:1:ld1-1643390182193-1643390191083-0,usesMaterial,entity:material:nephrite
entity:artifact:1:ld1-1643390182193-1643390191084-0,usesMaterial,entity:material:jade
entity:artifact:1:ld1-1643390182193-1643390191084-0,usesMaterial,entity:material:nephrite
entity:artifact:1:ld1-1643390182193-1643390191085-0,usesMaterial,entity:material:jade
entity:artifact:1:ld1-1643390182193-1643390191085-0,usesMaterial,entity:material:nephrite
entity:artifact:1:ld1-1643390182193-1643390191086-0,usesMaterial,entity:material:jade
entity:artifact:1:ld1-1643390182193-1643390191086-0,usesMaterial,entity:material:nephrite
entity:artifact:1:ld1-1643390182193-1643390191087-1,usesMaterial,entity:material:jade
entity:artifact:1:ld1-1643390182193-1643390191087-1,usesMaterial,entity:material:nephrite
entity:artifact:1:ld1-1643390182193-1643390191088-0,usesMaterial,entity:material:jade
entity:artifact:1:ld1-1643390182193-1643390191088-0,usesMaterial,entity:material:nephrite
entity:artifact:1:ld1-1643390182193-1643390191090-1,usesMaterial,entity:material:jade
entity:artifact:1:ld1-1643390182193-1643390191090-1,usesMaterial,entity:material:nephrite
entity:artifact:1:ld1-1643390182193-1643390191091-0,usesMaterial,entity:material:jade
entity:artifact:1:ld1-1643390182193-1643390191091-0,usesMaterial,entity:material:stone
entity:artifact:1:ld1-1643390182193-1643390191092-0,usesMaterial,entity:material:jade
entity:artifact:1:ld1-1643390182193-1643390191092-0,usesMaterial,entity:material:nephrite
entity:artifact:1:ld1-1643390182193-1643390191093-0,usesMaterial,entity:material:jade
entity:artifact:1:ld1-1643390182193-1643390191093-0,usesMaterial,entity:material:nephrite
entity:artifact:1:ld1-1643390182193-1643390191094-1,usesMaterial,entity:material:bronze
entity:artifact:1:ld1-1643390182193-1643390191095-0,usesMaterial,entity:material:bronze
entity:artifact:1:ld1-1643390182193-1643390191095-0,usesMaterial,entity:material:pigment
entity:artifact:1:ld1-1643390182193-1643390191095-0,usesMaterial,entity:material:stone
entity:artifact:1:ld1-1643390182193-1643390191096-0,usesMaterial,entity:material:bronze
entity:artifact:1:ld1-1643390182193-1643390191097-0,usesMaterial,entity:material:bronze
entity:artifact:1:ld1-1643390182193-1643390191097-1,usesMaterial,entity:material:bronze
entity:artifact:1:ld1-1643390182193-1643390191097-1,usesMaterial,entity:material:shell
entity:artifact:1:ld1-1643390182193-1643390191098-0,usesMaterial,entity:material:bronze
entity:artifact:1:ld1-1643390182193-1643390191098-0,usesMaterial,entity:material:shell
entity:artifact:1:ld1-1643390182193-1643390191098-0,usesMaterial,entity:material:stone
entity:artifact:1:ld1-1643390182193-1643390191099-0,usesMaterial,entity:material:bronze
entity:artifact:1:ld1-1643390182193-1643390191099-0,usesMaterial,entity:material:stone
entity:artifact:1:ld1-1643390182193-1643390191104-1,usesMaterial,entity:material:bronze
entity:artifact:1:ld1-1643390182193-1643390191105-0,usesMaterial,entity:material:bronze
entity:artifact:1:ld1-1643390182193-1643390191106-0,usesMaterial,entity:material:bronze
entity:artifact:1:ld1-1643390182193-1643390191106-1,usesMaterial,entity:material:silver
entity:artifact:1:ld1-1643390182193-1643390191107-0,usesMaterial,entity:material:bronze
entity:artifact:1:ld1-1643390182193-1643390191110-0,usesMaterial,entity:material:jade
entity:artifact:1:ld1-1643390182193-1643390191110-0,usesMaterial,entity:material:nephrite
entity:artifact:1:ld1-1643390182193-1643390191116-0,usesMaterial,entity:material:earthenware
entity:artifact:1:ld1-1643390182193-1643390191116-0,usesMaterial,entity:material:porcelain
entity:artifact:1:ld1-1643390182193-1643390191125-1,usesMaterial,entity:material:copper
entity:artifact:1:ld1-1643390182193-1643390191125-1,usesMaterial,entity:material:earthenware
entity:artifact:1:ld1-1643390182193-1643390191125-1,usesMaterial,entity:material:metal
entity:artifact:1:ld1-1643390182193-1643390191126-0,usesMaterial,entity:material:ink
entity:artifact:1:ld1-1643390182193-1643390191126-0,usesMaterial,entity:material:pigment
entity:artifact:1:ld1-1643390182193-1643390191126-0,usesMaterial,entity:material:silk
entity:artifact:1:ld1-1643390182193-1643390191127-1,usesMaterial,entity:material:ink
entity:artifact:1:ld1-1643390182193-1643390191127-1,usesMaterial,entity:material:pigment
entity:artifact:1:ld1-1643390182193-1643390191127-1,usesMaterial,entity:material:silk
entity:artifact:1:ld1-1643390182193-1643390191128-0,usesMaterial,entity:material:ink
entity:artifact:1:ld1-1643390182193-1643390191128-0,usesMaterial,entity:material:paper
entity:artifact:1:ld1-1643390182193-1643390191128-0,usesMaterial,entity:material:pigment
entity:artifact:1:ld1-1643390182193-1643390191129-0,usesMaterial,entity:material:ink
entity:artifact:1:ld1-1643390182193-1643390191129-0,usesMaterial,entity:material:pigment
entity:artifact:1:ld1-1643390182193-1643390191129-0,usesMaterial,entity:material:silk
entity:artifact:1:ld1-1643390182193-1643390191129-1,usesMaterial,entity:material:ink
entity:artifact:1:ld1-1643390182193-1643390191129-1,usesMaterial,entity:material:pigment
entity:artifact:1:ld1-1643390182193-1643390191129-1,usesMaterial,entity:material:silk
entity:artifact:1:ld1-1643390182193-1643390191130-0,usesMaterial,entity:material:ink
entity:artifact:1:ld1-1643390182193-1643390191130-0,usesMaterial,entity:material:paper
entity:artifact:1:ld1-1643390182193-1643390191130-0,usesMaterial,entity:material:pigment
entity:artifact:1:ld1-1643390182193-1643390191132-0,usesMaterial,entity:material:ink
entity:artifact:1:ld1-1643390182193-1643390191132-0,usesMaterial,entity:material:pigment
entity:artifact:1:ld1-1643390182193-1643390191132-0,usesMaterial,entity:material:silk
entity:artifact:1:ld1-1643390182193-1643390191132-1,usesMaterial,entity:material:ink
entity:artifact:1:ld1-1643390182193-1643390191132-1,usesMaterial,entity:material:silk
entity:artifact:1:ld1-1643390182193-1643390191133-0,usesMaterial,entity:material:ink
entity:artifact:1:ld1-1643390182193-1643390191133-0,usesMaterial,entity:material:silk
entity:artifact:1:ld1-1643390182193-1643390191134-0,usesMaterial,entity:material:ink
entity:artifact:1:ld1-1643390182193-1643390191134-0,usesMaterial,entity:material:pigment
entity:artifact:1:ld1-1643390182193-1643390191134-0,usesMaterial,entity:material:silk
entity:artifact:1:ld1-1643390182193-1643390191136-0,usesMaterial,entity:material:ink
entity:artifact:1:ld1-1643390182193-1643390191136-0,usesMaterial,entity:material:silk
entity:artifact:1:ld1-1643390182193-1643390191137-0,usesMaterial,entity:material:ink
entity:artifact:1:ld1-1643390182193-1643390191137-0,usesMaterial,entity:material:paper
entity:artifact:1:ld1-1643390182193-1643390191140-1,usesMaterial,entity:material:ink
entity:artifact:1:ld1-1643390182193-1643390191140-1,usesMaterial,entity:material:pigment
entity:artifact:1:ld1-1643390182193-1643390191140-1,usesMaterial,entity:material:silk
entity:artifact:1:ld1-1643390182193-1643390191141-0,usesMaterial,entity:material:ink
entity:artifact:1:ld1-1643390182193-1643390191141-0,usesMaterial,entity:material:silk
entity:artifact:1:ld1-1643390182193-1643390191142-0,usesMaterial,entity:material:ink
entity:artifact:1:ld1-1643390182193-1643390191142-0,usesMaterial,entity:material:pigment
entity:artifact:1:ld1-1643390182193-1643390191142-0,usesMaterial,entity:material:silk
entity:artifact:1:ld1-1643390182193-1643390191143-1,usesMaterial,entity:material:gold
entity:artifact:1:ld1-1643390182193-1643390191143-1,usesMaterial,entity:material:ink
entity:artifact:1:ld1-1643390182193-1643390191143-1,usesMaterial,entity:material:pigment
entity:artifact:1:ld1-1643390182193-1643390191143-1,usesMaterial,entity:material:silk
entity:artifact:1:ld1-1643390182193-1643390191144-0,usesMaterial,entity:material:ink
entity:artifact:1:ld1-1643390182193-1643390191144-0,usesMaterial,entity:material:paper
entity:artifact:1:ld1-1643390182193-1643390191144-0,usesMaterial,entity:material:pigment
entity:artifact:1:ld1-1643390182193-1643390191145-0,usesMaterial,entity:material:pigment
entity:artifact:1:ld1-1643390182193-1643390191145-0,usesMaterial,entity:material:silk
entity:artifact:1:ld1-1643390182193-1643390191146-0,usesMaterial,entity:material:ink
entity:artifact:1:ld1-1643390182193-1643390191146-0,usesMaterial,entity:material:silk
entity:artifact:1:ld1-1643390182193-1643390191146-1,usesMaterial,entity:material:ink
entity:artifact:1:ld1-1643390182193-1643390191146-1,usesMaterial,entity:material:silk
entity:artifact:1:ld1-1643390182193-1643390191147-0,usesMaterial,entity:material:ink
entity:artifact:1:ld1-1643390182193-1643390191147-0,usesMaterial,entity:material:pigment
entity:artifact:1:ld1-1643390182193-1643390191147-0,usesMaterial,entity:material:silk
entity:artifact:1:ld1-1643390182193-1643390191148-0,usesMaterial,entity:material:ink
entity:artifact:1:ld1-1643390182193-1643390191148-0,usesMaterial,entity:material:silk
entity:artifact:1:ld1-1643390182193-1643390191149-0,usesMaterial,entity:material:ink
entity:artifact:1:ld1-1643390182193-1643390191149-0,usesMaterial,entity:material:pigment
entity:artifact:1:ld1-1643390182193-1643390191149-0,usesMaterial,entity:material:silk
entity:artifact:1:ld1-1643390182193-1643390191149-1,usesMaterial,entity:material:ink
entity:artifact:1:ld1-1643390182193-1643390191149-1,usesMaterial,entity:material:pigment
entity:artifact:1:ld1-1643390182193-1643390191149-1,usesMaterial,entity:material:silk
entity:artifact:1:ld1-1643390182193-1643390191150-0,usesMaterial,entity:material:ink
entity:artifact:1:ld1-1643390182193-1643390191150-0,usesMaterial,entity:material:pigment
entity:artifact:1:ld1-1643390182193-1643390191150-0,usesMaterial,entity:material:silk
entity:artifact:1:ld1-1643390182193-1643390191151-0,usesMaterial,entity:material:ink
entity:artifact:1:ld1-1643390182193-1643390191151-0,usesMaterial,entity:material:pigment
entity:artifact:1:ld1-1643390182193-1643390191151-0,usesMaterial,entity:material:silk
entity:artifact:1:ld1-1643390182193-1643390191152-1,usesMaterial,entity:material:ink
entity:artifact:1:ld1-1643390182193-1643390191152-1,usesMaterial,entity:material:pigment
entity:artifact:1:ld1-1643390182193-1643390191152-1,usesMaterial,entity:material:silk
entity:artifact:1:ld1-1643390182193-1643390191153-0,usesMaterial,entity:material:ink
entity:artifact:1:ld1-1643390182193-1643390191153-0,usesMaterial,entity:material:pigment
entity:artifact:1:ld1-1643390182193-1643390191153-0,usesMaterial,entity:material:silk
entity:artifact:1:ld1-1643390182193-1643390191154-0,usesMaterial,entity:material:ink
entity:artifact:1:ld1-1643390182193-1643390191154-0,usesMaterial,entity:material:pigment
entity:artifact:1:ld1-1643390182193-1643390191154-0,usesMaterial,entity:material:silk
entity:artifact:1:ld1-1643390182193-1643390191155-1,usesMaterial,entity:material:ink
entity:artifact:1:ld1-1643390182193-1643390191155-1,usesMaterial,entity:material:pigment
entity:artifact:1:ld1-1643390182193-1643390191155-1,usesMaterial,entity:material:silk
entity:artifact:1:ld1-1643390182193-1643390191157-0,usesMaterial,entity:material:ink
entity:artifact:1:ld1-1643390182193-1643390191157-0,usesMaterial,entity:material:pigment
entity:artifact:1:ld1-1643390182193-1643390191157-0,usesMaterial,entity:material:silk
entity:artifact:1:ld1-1643390182193-1643390191158-0,usesMaterial,entity:material:ink
entity:artifact:1:ld1-1643390182193-1643390191158-0,usesMaterial,entity:material:silk
entity:artifact:1:ld1-1643390182193-1643390191158-1,usesMaterial,entity:material:ink
entity:artifact:1:ld1-1643390182193-1643390191158-1,usesMaterial,entity:material:pigment
entity:artifact:1:ld1-1643390182193-1643390191158-1,usesMaterial,entity:material:silk
entity:artifact:1:ld1-1643390182193-1643390191159-0,usesMaterial,entity:material:ink
entity:artifact:1:ld1-1643390182193-1643390191159-0,usesMaterial,entity:material:pigment
entity:artifact:1:ld1-1643390182193-1643390191159-0,usesMaterial,entity:material:silk
entity:artifact:1:ld1-1643390182193-1643390191160-0,usesMaterial,entity:material:ink
entity:artifact:1:ld1-1643390182193-1643390191160-0,usesMaterial,entity:material:pigment
entity:artifact:1:ld1-1643390182193-1643390191160-0,usesMaterial,entity:material:silk
entity:artifact:1:ld1-1643390182193-1643390191161-0,usesMaterial,entity:material:ink
entity:artifact:1:ld1-1643390182193-1643390191161-0,usesMaterial,entity:material:pigment
entity:artifact:1:ld1-1643390182193-1643390191161-0,usesMaterial,entity:material:silk
entity:artifact:1:ld1-1643390182193-1643390191161-1,usesMaterial,entity:material:ink
entity:artifact:1:ld1-1643390182193-1643390191161-1,usesMaterial,entity:material:pigment
entity:artifact:1:ld1-1643390182193-1643390191161-1,usesMaterial,entity:material:silk
entity:artifact:1:ld1-1643390182193-1643390191162-0,usesMaterial,entity:material:ink
entity:artifact:1:ld1-1643390182193-1643390191162-0,usesMaterial,entity:material:pigment
entity:artifact:1:ld1-1643390182193-1643390191162-0,usesMaterial,entity:material:silk
entity:artifact:1:ld1-1643390182193-1643390191163-0,usesMaterial,entity:material:ink
entity:artifact:1:ld1-1643390182193-1643390191163-0,usesMaterial,entity:material:pigment
entity:artifact:1:ld1-1643390182193-1643390191163-0,usesMaterial,entity:material:silk
entity:artifact:1:ld1-1643390182193-1643390191165-0,usesMaterial,entity:material:ink
entity:artifact:1:ld1-1643390182193-1643390191165-0,usesMaterial,entity:material:silk
entity:artifact:1:ld1-1643390182193-1643390191167-0,usesMaterial,entity:material:ink
entity:artifact:1:ld1-1643390182193-1643390191167-0,usesMaterial,entity:material:pigment
entity:artifact:1:ld1-1643390182193-1643390191167-0,usesMaterial,entity:material:silk
entity:artifact:1:ld1-1643390182193-1643390191168-0,usesMaterial,entity:material:ink
entity:artifact:1:ld1-1643390182193-1643390191168-0,usesMaterial,entity:material:pigment
entity:artifact:1:ld1-1643390182193-1643390191168-0,usesMaterial,entity:material:silk
entity:artifact:1:ld1-1643390182193-1643390191169-0,usesMaterial,entity:material:ink
entity:artifact:1:ld1-1643390182193-1643390191169-0,usesMaterial,entity:material:silk
entity:artifact:1:ld1-1643390182193-1643390191169-1,usesMaterial,entity:material:ink
entity:artifact:1:ld1-1643390182193-1643390191169-1,usesMaterial,entity:material:pigment
entity:artifact:1:ld1-1643390182193-1643390191169-1,usesMaterial,entity:material:silk
entity:artifact:1:ld1-1643390182193-1643390191171-0,usesMaterial,entity:material:ink
entity:artifact:1:ld1-1643390182193-1643390191171-0,usesMaterial,entity:material:silk
entity:artifact:1:ld1-1643390182193-1643390191171-1,usesMaterial,entity:material:ink
entity:artifact:1:ld1-1643390182193-1643390191171-1,usesMaterial,entity:material:silk
entity:artifact:1:ld1-1643390182193-1643390191172-0,usesMaterial,entity:material:ink
entity:artifact:1:ld1-1643390182193-1643390191172-0,usesMaterial,entity:material:silk
entity:artifact:1:ld1-1643390182193-1643390191173-0,usesMaterial,entity:material:ink
entity:artifact:1:ld1-1643390182193-1643390191173-0,usesMaterial,entity:material:paper
entity:artifact:1:ld1-1643390182193-1643390191176-0,usesMaterial,entity:material:ink
entity:artifact:1:ld1-1643390182193-1643390191176-0,usesMaterial,entity:material:paper
entity:artifact:1:ld1-1643390182193-1643390191176-1,usesMaterial,entity:material:ink
entity:artifact:1:ld1-1643390182193-1643390191176-1,usesMaterial,entity:material:paper
entity:artifact:1:ld1-1643390182193-1643390191177-0,usesMaterial,entity:material:ink
entity:artifact:1:ld1-1643390182193-1643390191177-0,usesMaterial,entity:material:pigment
entity:artifact:1:ld1-1643390182193-1643390191177-0,usesMaterial,entity:material:silk
entity:artifact:1:ld1-1643390182193-1643390191179-1,usesMaterial,entity:material:ink
entity:artifact:1:ld1-1643390182193-1643390191179-1,usesMaterial,entity:material:pigment
entity:artifact:1:ld1-1643390182193-1643390191179-1,usesMaterial,entity:material:silk
entity:artifact:1:ld1-1643390182193-1643390191181-0,usesMaterial,entity:material:ink
entity:artifact:1:ld1-1643390182193-1643390191181-0,usesMaterial,entity:material:pigment
entity:artifact:1:ld1-1643390182193-1643390191181-0,usesMaterial,entity:material:silk
entity:artifact:1:ld1-1643390182193-1643390191184-0,usesMaterial,entity:material:bronze
entity:artifact:1:ld1-1643390182193-1643390191185-0,usesMaterial,entity:material:copper
entity:artifact:1:ld1-1643390182193-1643390191185-0,usesMaterial,entity:material:earthenware
entity:artifact:1:ld1-1643390182193-1643390191185-0,usesMaterial,entity:material:metal
entity:artifact:1:ld1-1643390182193-1643390191186-0,usesMaterial,entity:material:pigment
entity:artifact:1:ld1-1643390182193-1643390191186-0,usesMaterial,entity:material:stone
entity:artifact:1:ld1-1643390182193-1643390191187-0,usesMaterial,entity:material:pigment
entity:artifact:1:ld1-1643390182193-1643390191187-0,usesMaterial,entity:material:stone
entity:artifact:1:ld1-1643390182193-1643390191197-0,usesMaterial,entity:material:stone
entity:artifact:1:ld1-1643390182193-1643390191198-0,usesMaterial,entity:material:stone
entity:artifact:1:ld1-1643390182193-1643390191198-1,usesMaterial,entity:material:earthenware
entity:artifact:1:ld1-1643390182193-1643390191199-0,usesMaterial,entity:material:earthenware
entity:artifact:1:ld1-1643390182193-1643390191200-0,usesMaterial,entity:material:earthenware
entity:artifact:1:ld1-1643390182193-1643390191200-1,usesMaterial,entity:material:earthenware
entity:artifact:1:ld1-1643390182193-1643390191201-0,usesMaterial,entity:material:earthenware
entity:artifact:1:ld1-1643390182193-1643390191201-1,usesMaterial,entity:material:earthenware
entity:artifact:1:ld1-1643390182193-1643390191202-0,usesMaterial,entity:material:earthenware
entity:artifact:1:ld1-1643390182193-1643390191203-0,usesMaterial,entity:material:earthenware
entity:artifact:1:ld1-1643390182193-1643390191203-1,usesMaterial,entity:material:earthenware
entity:artifact:1:ld1-1643390182193-1643390191204-0,usesMaterial,entity:material:stone
entity:artifact:1:ld1-1643390182193-1643390191210-0,usesMaterial,entity:material:bronze
entity:artifact:1:ld1-1643390182193-1643390191210-1,usesMaterial,entity:material:bronze
entity:artifact:1:ld1-1643390182193-1643390191211-0,usesMaterial,entity:material:bronze
entity:artifact:1:ld1-1643390182193-1643390191212-0,usesMaterial,entity:material:bronze
entity:artifact:1:ld1-1643390182193-1643390191212-1,usesMaterial,entity:material:bronze
entity:artifact:1:ld1-1643390182193-1643390191214-0,usesMaterial,entity:material:bronze
entity:artifact:1:ld1-1643390182193-1643390191214-1,usesMaterial,entity:material:bronze
entity:artifact:1:ld1-1643390182193-1643390191220-1,usesMaterial,entity:material:bronze
entity:artifact:1:ld1-1643390182193-1643390191221-0,usesMaterial,entity:material:gold
entity:artifact:1:ld1-1643390182193-1643390191221-0,usesMaterial,entity:material:ink
entity:artifact:1:ld1-1643390182193-1643390191221-0,usesMaterial,entity:material:paper
entity:artifact:1:ld1-1643390182193-1643390191221-0,usesMaterial,entity:material:pigment
entity:artifact:1:ld1-1643390182193-1643390191235-0,usesMaterial,entity:material:bronze
entity:artifact:1:ld1-1643390182193-1643390191235-0,usesMaterial,entity:material:gold
entity:artifact:1:ld1-1643390182193-1643390191235-0,usesMaterial,entity:material:lacquer
entity:artifact:1:ld1-1643390182193-1643390191235-0,usesMaterial,entity:material:silver
entity:artifact:1:ld1-1643390182193-1643390191242-0,usesMaterial,entity:material:copper
entity:artifact:1:ld1-1643390182193-1643390191242-0,usesMaterial,entity:material:earthenware
entity:artifact:1:ld1-1643390182193-1643390191242-0,usesMaterial,entity:material:iron
entity:artifact:1:ld1-1643390182193-1643390191242-0,usesMaterial,entity:material:metal
entity:artifact:1:ld1-1643390182193-1643390191244-0,usesMaterial,entity:material:bronze
entity:artifact:1:ld1-1643390182193-1643390191245-0,usesMaterial,entity:material:bronze
entity:artifact:1:ld1-1643390182193-1643390191245-0,usesMaterial,entity:material:gold
entity:artifact:1:ld1-1643390182193-1643390191245-0,usesMaterial,entity:material:stone
entity:artifact:1:ld1-1643390182193-1643390191292-1,usesMaterial,entity:material:bronze
entity:artifact:1:ld1-1643390182193-1643390191294-0,usesMaterial,entity:material:jade
entity:artifact:1:ld1-1643390182193-1643390191294-0,usesMaterial,entity:material:nephrite
entity:artifact:1:ld1-1643390182193-1643390191294-1,usesMaterial,entity:material:jade
entity:artifact:1:ld1-1643390182193-1643390191294-1,usesMaterial,entity:material:nephrite
entity:artifact:1:ld1-1643390182193-1643390191295-0,usesMaterial,entity:material:jade
entity:artifact:1:ld1-1643390182193-1643390191295-0,usesMaterial,entity:material:nephrite
entity:artifact:1:ld1-1643390182193-1643390191296-0,usesMaterial,entity:material:jade
entity:artifact:1:ld1-1643390182193-1643390191296-0,usesMaterial,entity:material:nephrite
entity:artifact:1:ld1-1643390182193-1643390191296-1,usesMaterial,entity:material:copper
entity:artifact:1:ld1-1643390182193-1643390191296-1,usesMaterial,entity:material:earthenware
entity:artifact:1:ld1-1643390182193-1643390191296-1,usesMaterial,entity:material:metal
entity:artifact:1:ld1-1643390182193-1643390191297-0,usesMaterial,entity:material:clay
entity:artifact:1:ld1-1643390182193-1643390191297-0,usesMaterial,entity:material:copper
entity:artifact:1:ld1-1643390182193-1643390191297-0,usesMaterial,entity:material:earthenware
entity:artifact:1:ld1-1643390182193-1643390191297-0,usesMaterial,entity:material:metal
entity:artifact:1:ld1-1643390182193-1643390191298-0,usesMaterial,entity:material:copper
entity:artifact:1:ld1-1643390182193-1643390191298-0,usesMaterial,entity:material:earthenware
entity:artifact:1:ld1-1643390182193-1643390191298-0,usesMaterial,entity:material:metal
entity:artifact:1:ld1-1643390182193-1643390191300-0,usesMaterial,entity:material:bronze
entity:artifact:1:ld1-1643390182193-1643390191301-0,usesMaterial,entity:material:silver
entity:artifact:1:ld1-1643390182193-1643390191304-0,usesMaterial,entity:material:jade
entity:artifact:1:ld1-1643390182193-1643390191304-0,usesMaterial,entity:material:nephrite
entity:artifact:1:ld1-1643390182193-1643390191308-0,usesMaterial,entity:material:silver
entity:artifact:1:ld1-1643390182193-1643390191308-1,usesMaterial,entity:material:silver
entity:artifact:1:ld1-1643390182193-1643390191310-0,usesMaterial,entity:material:silver
entity:artifact:1:ld1-1643390182193-1643390191329-0,usesMaterial,entity:material:ink
entity:artifact:1:ld1-1643390182193-1643390191329-0,usesMaterial,entity:material:paper
entity:artifact:1:ld1-1643390182193-1643390191329-0,usesMaterial,entity:material:pigment
entity:artifact:1:ld1-1643390182193-1643390191343-0,usesMaterial,entity:material:ink
entity:artifact:1:ld1-1643390182193-1643390191343-0,usesMaterial,entity:material:paper
entity:artifact:1:ld1-1643390182193-1643390191346-0,usesMaterial,entity:material:ink
entity:artifact:1:ld1-1643390182193-1643390191346-0,usesMaterial,entity:material:paper
entity:artifact:1:ld1-1643390182193-1643390191346-0,usesMaterial,entity:material:pigment
entity:artifact:1:ld1-1643390182193-1643390191349-0,usesMaterial,entity:material:silver
entity:artifact:1:ld1-1643390182193-1643390191350-1,usesMaterial,entity:material:bronze
entity:artifact:1:ld1-1643390182193-1643390191354-0,usesMaterial,entity:material:jade
entity:artifact:1:ld1-1643390182193-1643390191354-0,usesMaterial,entity:material:nephrite
entity:artifact:1:ld1-1643390182193-1643390191354-1,usesMaterial,entity:material:jade
entity:artifact:1:ld1-1643390182193-1643390191354-1,usesMaterial,entity:material:nephrite
entity:artifact:1:ld1-1643390182193-1643390191356-1,usesMaterial,entity:material:jade
entity:artifact:1:ld1-1643390182193-1643390191356-1,usesMaterial,entity:material:nephrite
entity:artifact:1:ld1-1643390182193-1643390191377-1,usesMaterial,entity:material:bronze
entity:artifact:1:ld1-1643390182193-1643390191378-0,usesMaterial,entity:material:bronze
entity:artifact:1:ld1-1643390182193-1643390191378-0,usesMaterial,entity:material:glass
entity:artifact:1:ld1-1643390182193-1643390191379-0,usesMaterial,entity:material:bronze
entity:artifact:1:ld1-1643390182193-1643390191379-0,usesMaterial,entity:material:gold
entity:artifact:1:ld1-1643390182193-1643390191379-0,usesMaterial,entity:material:silver
entity:artifact:1:ld1-1643390182193-1643390191379-1,usesMaterial,entity:material:bronze
entity:artifact:1:ld1-1643390182193-1643390191379-1,usesMaterial,entity:material:gold
entity:artifact:1:ld1-1643390182193-1643390191379-1,usesMaterial,entity:material:silver
entity:artifact:1:ld1-1643390182193-1643390191396-0,usesMaterial,entity:material:jade
entity:artifact:1:ld1-1643390182193-1643390191396-0,usesMaterial,entity:material:nephrite
entity:artifact:1:ld1-1643390182193-1643390191397-0,usesMaterial,entity:material:jade
entity:artifact:1:ld1-1643390182193-1643390191397-0,usesMaterial,entity:material:nephrite
entity:artifact:1:ld1-1643390182193-1643390191397-1,usesMaterial,entity:material:jade
entity:artifact:1:ld1-1643390182193-1643390191397-1,usesMaterial,entity:material:nephrite
entity:artifact:1:ld1-1643390182193-1643390191398-0,usesMaterial,entity:material:jade
entity:artifact:1:ld1-1643390182193-1643390191398-0,usesMaterial,entity:material:nephrite
entity:artifact:1:ld1-1643390182193-1643390191399-0,usesMaterial,entity:material:jade
entity:artifact:1:ld1-1643390182193-1643390191399-0,usesMaterial,entity:material:nephrite
entity:artifact:1:ld1-1643390182193-1643390191399-1,usesMaterial,entity:material:jade
entity:artifact:1:ld1-1643390182193-1643390191399-1,usesMaterial,entity:material:nephrite
entity:artifact:1:ld1-1643390182193-1643390191400-0,usesMaterial,entity:material:jade
entity:artifact:1:ld1-1643390182193-1643390191400-0,usesMaterial,entity:material:nephrite
entity:artifact:1:ld1-1643390182193-1643390191433-0,usesMaterial,entity:material:gold
entity:artifact:1:ld1-1643390182193-1643390191433-0,usesMaterial,entity:material:iron
entity:artifact:1:ld1-1643390182193-1643390191433-0,usesMaterial,entity:material:jade
entity:artifact:1:ld1-1643390182193-1643390191471-0,usesMaterial,entity:material:bronze
entity:artifact:1:ld1-1643390182193-1643390191471-0,usesMaterial,entity:material:gold
entity:artifact:1:ld1-1643390182193-1643390191471-0,usesMaterial,entity:material:silver
entity:artifact:1:ld1-1643390182193-1643390191531-0,usesMaterial,entity:material:bronze
entity:artifact:1:ld1-1643390182193-1643390191981-1,usesMaterial,entity:material:bronze
entity:artifact:1:ld1-1643390182193-1643390191999-0,usesMaterial,entity:material:bronze
entity:artifact:1:ld1-1643390182193-1643390192020-0,usesMaterial,entity:material:bronze
entity:artifact:1:ld1-1643390182193-1643390192020-0,usesMaterial,entity:material:gold
entity:artifact:1:ld1-1643390182193-1643390192021-0,usesMaterial,entity:material:bronze
entity:artifact:1:ld1-1643390182193-1643390192021-0,usesMaterial,entity:material:gold
entity:artifact:1:ld1-1643390182193-1643390192021-0,usesMaterial,entity:material:stone
entity:artifact:1:ld1-1643390182193-1643390192028-1,usesMaterial,entity:material:bronze
entity:artifact:1:ld1-1643390182193-1643390192028-1,usesMaterial,entity:material:stone
entity:artifact:1:ld1-1643390182193-1643390192029-0,usesMaterial,entity:material:bronze
entity:artifact:1:ld1-1643390182193-1643390192029-0,usesMaterial,entity:material:gold
entity:artifact:1:ld1-1643390182193-1643390192029-0,usesMaterial,entity:material:jade
entity:artifact:1:ld1-1643390182193-1643390192029-0,usesMaterial,entity:material:silver
entity:artifact:1:ld1-1643390182193-1643390192029-0,usesMaterial,entity:material:stone
entity:artifact:1:ld1-1643390182193-1643390192033-1,usesMaterial,entity:material:bronze
entity:artifact:1:ld1-1643390182193-1643390192060-0,usesMaterial,entity:material:earthenware
entity:artifact:1:ld1-1643390182193-1643390192060-0,usesMaterial,entity:material:metal
entity:artifact:1:ld1-1643390182193-1643390192061-0,usesMaterial,entity:material:earthenware
entity:artifact:1:ld1-1643390182193-1643390192061-0,usesMaterial,entity:material:metal
entity:artifact:1:ld1-1643390182193-1643390192355-0,usesMaterial,entity:material:bronze
entity:artifact:1:ld1-1643390182193-1643390192355-0,usesMaterial,entity:material:stone
entity:artifact:1:ld1-1643390182193-1643390192357-0,usesMaterial,entity:material:bronze
entity:artifact:1:ld1-1643390182193-1643390192464-1,usesMaterial,entity:material:ink
entity:artifact:1:ld1-1643390182193-1643390192464-1,usesMaterial,entity:material:pigment
entity:artifact:1:ld1-1643390182193-1643390192464-1,usesMaterial,entity:material:silk
entity:artifact:1:ld1-1643390182193-1643390192477-0,usesMaterial,entity:material:bronze
entity:artifact:1:ld1-1643390182193-1643390192478-0,usesMaterial,entity:material:bronze
entity:artifact:1:ld1-1643390182193-1643390192479-0,usesMaterial,entity:material:bronze
entity:artifact:1:ld1-1643390182193-1643390192480-0,usesMaterial,entity:material:bronze
entity:artifact:1:ld1-1643390182193-1643390192482-0,usesMaterial,entity:material:jade
entity:artifact:1:ld1-1643390182193-1643390192482-0,usesMaterial,entity:material:nephrite
entity:artifact:1:ld1-1643390182193-1643390192486-0,usesMaterial,entity:material:pigment
entity:artifact:1:ld1-1643390182193-1643390192486-0,usesMaterial,entity:material:stone
entity:artifact:1:ld1-1643390182193-1643390192488-1,usesMaterial,entity:material:jade
entity:artifact:1:ld1-1643390182193-1643390192488-1,usesMaterial,entity:material:nephrite
entity:artifact:1:ld1-1643390182193-1643390192492-0,usesMaterial,entity:material:stone
entity:artifact:1:ld1-1643390182193-1643390192493-0,usesMaterial,entity:material:stone
entity:artifact:1:ld1-1643390182193-1643390192589-0,usesMaterial,entity:material:bronze
entity:artifact:1:ld1-1643390182193-1643390192894-1,usesMaterial,entity:material:bronze
entity:artifact:1:ld1-1643390182193-1643390192895-0,usesMaterial,entity:material:bronze
entity:artifact:1:ld1-1643390182193-1643390192897-0,usesMaterial,entity:material:bronze
entity:artifact:1:ld1-1643390182193-1643390192897-1,usesMaterial,entity:material:bronze
entity:artifact:1:ld1-1643390182193-1643390192898-0,usesMaterial,entity:material:bronze
entity:artifact:1:ld1-1643390182193-1643390192899-0,usesMaterial,entity:material:bronze
entity:artifact:1:ld1-1643390182193-1643390192899-1,usesMaterial,entity:material:bronze
entity:artifact:1:ld1-1643390182193-1643390192900-0,usesMaterial,entity:material:bronze
entity:artifact:1:ld1-1643390182193-1643390192901-0,usesMaterial,entity:material:bronze
entity:artifact:1:ld1-1643390182193-1643390192902-0,usesMaterial,entity:material:bronze
entity:artifact:1:ld1-1643390182193-1643390192902-1,usesMaterial,entity:material:bronze
entity:artifact:1:ld1-1643390182193-1643390192903-0,usesMaterial,entity:material:bronze
entity:artifact:1:ld1-1643390182193-1643390192904-0,usesMaterial,entity:material:bronze
entity:artifact:1:ld1-1643390182193-1643390192905-0,usesMaterial,entity:material:bronze
entity:artifact:1:ld1-1643390182193-1643390192905-1,usesMaterial,entity:material:bronze
entity:artifact:1:ld1-1643390182193-1643390192906-0,usesMaterial,entity:material:bronze
entity:artifact:1:ld1-1643390182193-1643390192907-0,usesMaterial,entity:material:bronze
entity:artifact:1:ld1-1643390182193-1643390192907-1,usesMaterial,entity:material:bronze
entity:artifact:1:ld1-1643390182193-1643390192908-0,usesMaterial,entity:material:bronze
entity:artifact:1:ld1-1643390182193-1643390192909-0,usesMaterial,entity:material:bronze
entity:artifact:1:ld1-1643390182193-1643390192909-1,usesMaterial,entity:material:bronze
entity:artifact:1:ld1-1643390182193-1643390192910-0,usesMaterial,entity:material:bronze
entity:artifact:1:ld1-1643390182193-1643390192918-1,usesMaterial,entity:material:jade
entity:artifact:1:ld1-1643390182193-1643390192918-1,usesMaterial,entity:material:nephrite
entity:artifact:1:ld1-1643390182193-1643390193172-0,usesMaterial,entity:material:pigment
entity:artifact:1:ld1-1643390182193-1643390193172-0,usesMaterial,entity:material:porcelain
entity:artifact:1:ld1-1643390182193-1643390193173-0,usesMaterial,entity:material:pigment
entity:artifact:1:ld1-1643390182193-1643390193173-0,usesMaterial,entity:material:porcelain
entity:artifact:1:ld1-1643390182193-1643390193175-0,usesMaterial,entity:material:pigment
entity:artifact:1:ld1-1643390182193-1643390193175-0,usesMaterial,entity:material:porcelain
entity:artifact:1:ld1-1643390182193-1643390193176-0,usesMaterial,entity:material:pigment
entity:artifact:1:ld1-1643390182193-1643390193176-0,usesMaterial,entity:material:porcelain
entity:artifact:1:ld1-1643390182193-1643390193582-0,usesMaterial,entity:material:ink
entity:artifact:1:ld1-1643390182193-1643390193582-0,usesMaterial,entity:material:pigment
entity:artifact:1:ld1-1643390182193-1643390193582-0,usesMaterial,entity:material:silk
entity:artifact:1:ld1-1643390182193-1643390193586-0,usesMaterial,entity:material:ink
entity:artifact:1:ld1-1643390182193-1643390193586-0,usesMaterial,entity:material:pigment
entity:artifact:1:ld1-1643390182193-1643390193586-0,usesMaterial,entity:material:silk
entity:artifact:1:ld1-1643390182193-1643390193772-0,usesMaterial,entity:material:bronze
entity:artifact:1:ld1-1643390182193-1643390193859-0,usesMaterial,entity:material:ink
entity:artifact:1:ld1-1643390182193-1643390193859-0,usesMaterial,entity:material:pigment
entity:artifact:1:ld1-1643390182193-1643390193859-0,usesMaterial,entity:material:silk
entity:artifact:1:ld1-1643390182193-1643390194307-0,usesMaterial,entity:material:ink
entity:artifact:1:ld1-1643390182193-1643390194307-0,usesMaterial,entity:material:pigment
entity:artifact:1:ld1-1643390182193-1643390194307-0,usesMaterial,entity:material:silk
entity:artifact:1:ld1-1643390182193-1643390194308-0,usesMaterial,entity:material:ink
entity:artifact:1:ld1-1643390182193-1643390194308-0,usesMaterial,entity:material:pigment
entity:artifact:1:ld1-1643390182193-1643390194308-0,usesMaterial,entity:material:silk
entity:artifact:1:ld1-1643390182193-1643390194486-0,usesMaterial,entity:material:jade
entity:artifact:1:ld1-1643390182193-1643390194486-0,usesMaterial,entity:material:stone
entity:artifact:1:ld1-1643390182193-1643390194898-0,usesMaterial,entity:material:bronze
entity:artifact:1:ld1-1643390182193-1643390194898-1,usesMaterial,entity:material:bronze
entity:artifact:1:ld1-1643390182193-1643390195165-0,usesMaterial,entity:material:bronze
entity:artifact:1:ld1-1643390182193-1643390195165-1,usesMaterial,entity:material:bronze
entity:artifact:1:ld1-1643390182193-1643390195166-0,usesMaterial,entity:material:bronze
entity:artifact:1:ld1-1643390182193-1643390195167-0,usesMaterial,entity:material:bronze
entity:artifact:1:ld1-1643390182193-1643390195202-1,usesMaterial,entity:material:glass
entity:artifact:1:ld1-1643390182193-1643390195204-1,usesMaterial,entity:material:glass
entity:artifact:1:ld1-1643390182193-1643390196306-0,usesMaterial,entity:material:lacquer
entity:artifact:1:ld1-1643390182193-1643390196412-1,usesMaterial,entity:material:bone
entity:artifact:1:ld1-1643390182193-1643390196419-0,usesMaterial,entity:material:bone
entity:artifact:1:ld1-1643390182193-1643390196420-0,usesMaterial,entity:material:bone
entity:artifact:1:ld1-1643390182193-1643390196420-1,usesMaterial,entity:material:bone
entity:artifact:1:ld1-1643390182193-1643390196421-0,usesMaterial,entity:material:bone
entity:artifact:1:ld1-1643390182193-1643390196421-1,usesMaterial,entity:material:bone
entity:artifact:1:ld1-1643390182193-1643390196422-0,usesMaterial,entity:material:bone
entity:artifact:1:ld1-1643390182193-1643390196422-1,usesMaterial,entity:material:bone
entity:artifact:1:ld1-1643390182193-1643390196423-0,usesMaterial,entity:material:bone
entity:artifact:1:ld1-1643390182193-1643390196424-0,usesMaterial,entity:material:bone
entity:artifact:1:ld1-1643390182193-1643390196424-1,usesMaterial,entity:material:bone
entity:artifact:1:ld1-1643390182193-1643390196425-0,usesMaterial,entity:material:bone
entity:artifact:1:ld1-1643390182193-1643390196425-1,usesMaterial,entity:material:bone
entity:artifact:1:ld1-1643390182193-1643390196426-0,usesMaterial,entity:material:bone
entity:artifact:1:ld1-1643390182193-1643390196426-1,usesMaterial,entity:material:bone
entity:artifact:1:ld1-1643390182193-1643390196427-0,usesMaterial,entity:material:ivory
entity:artifact:1:ld1-1643390182193-1643390199654-0,usesMaterial,entity:material:earthenware
entity:artifact:1:ld1-1643390182193-1643390201839-1,usesMaterial,entity:material:ink
entity:artifact:1:ld1-1643390182193-1643390201839-1,usesMaterial,entity:material:pigment
entity:artifact:1:ld1-1643390182193-1643390201839-1,usesMaterial,entity:material:silk
entity:artifact:1:ld1-1643390182193-1643390201840-0,usesMaterial,entity:material:ink
entity:artifact:1:ld1-1643390182193-1643390201840-0,usesMaterial,entity:material:pigment
entity:artifact:1:ld1-1643390182193-1643390201840-0,usesMaterial,entity:material:silk
entity:artifact:1:ld1-1643390182193-1643390202065-1,usesMaterial,entity:material:jade
entity:artifact:1:ld1-1643390182193-1643390202065-1,usesMaterial,entity:material:nephrite
entity:artifact:1:ld1-1643390182193-1643390202105-0,usesMaterial,entity:material:jade
entity:artifact:1:ld1-1643390182193-1643390202105-0,usesMaterial,entity:material:nephrite
entity:artifact:1:ld1-1643390182193-1643390202126-0,usesMaterial,entity:material:textile
entity:artifact:1:ld1-1643390182193-1643390202127-1,usesMaterial,entity:material:silk
entity:artifact:1:ld1-1643390182193-1643390202184-1,usesMaterial,entity:material:wood
entity:artifact:1:ld1-1643390182193-1643390202185-1,usesMaterial,entity:material:wood
entity:artifact:1:ld1-1643390182193-1643390202202-0,usesMaterial,entity:material:wood
entity:artifact:1:ld1-1643390182193-1643390202870-0,usesMaterial,entity:material:bronze
entity:artifact:1:ld1-1643390182193-1643390202870-0,usesMaterial,entity:material:gold
entity:artifact:1:ld1-1643390182193-1643390203101-0,usesMaterial,entity:material:bronze
entity:artifact:1:ld1-1643390182193-1643390203114-0,usesMaterial,entity:material:bronze
entity:artifact:1:ld1-1643390182193-1643390203129-0,usesMaterial,entity:material:bronze
entity:artifact:1:ld1-1643390182193-1643390203302-0,usesMaterial,entity:material:jade
entity:artifact:1:ld1-1643390182193-1643390203302-0,usesMaterial,entity:material:nephrite
entity:artifact:1:ld1-1643390182193-1643390203443-0,usesMaterial,entity:material:jade
entity:artifact:1:ld1-1643390182193-1643390203443-0,usesMaterial,entity:material:nephrite
entity:artifact:1:ld1-1643398738600-1643398745136-0,usesMaterial,entity:material:ink
entity:artifact:1:ld1-1643398738600-1643398745136-0,usesMaterial,entity:material:paper
entity:artifact:1:ld1-1643398738600-1643398745137-0,usesMaterial,entity:material:ink
entity:artifact:1:ld1-1643398738600-1643398745137-0,usesMaterial,entity:material:paper
entity:artifact:1:ld1-1643398738600-1643398745138-0,usesMaterial,entity:material:ink
entity:artifact:1:ld1-1643398738600-1643398745138-0,usesMaterial,entity:material:paper
entity:artifact:1:ld1-1643398738600-1643398745213-0,usesMaterial,entity:material:ink
entity:artifact:1:ld1-1643398738600-1643398745213-0,usesMaterial,entity:material:paper
entity:artifact:1:ld1-1643398738600-1643398747015-1,usesMaterial,entity:material:ink
entity:artifact:1:ld1-1643398738600-1643398747015-1,usesMaterial,entity:material:paper
entity:artifact:1:ld1-1643398738600-1643398747015-1,usesMaterial,entity:material:textile
entity:artifact:1:ld1-1643398738600-1643398748738-1,usesMaterial,entity:material:ink
entity:artifact:1:ld1-1643398738600-1643398748738-1,usesMaterial,entity:material:paper
entity:artifact:1:ld1-1643398853934-1643398856584-1,usesMaterial,entity:material:wood
entity:artifact:1:ld1-1643398853934-1643398856657-1,usesMaterial,entity:material:ink
entity:artifact:1:ld1-1643398853934-1643398856657-1,usesMaterial,entity:material:paper
entity:artifact:1:ld1-1643398853934-1643398856788-1,usesMaterial,entity:material:glass
entity:artifact:1:ld1-1643398853934-1643398865285-0,usesMaterial,entity:material:ink
entity:artifact:1:ld1-1643398853934-1643398865285-0,usesMaterial,entity:material:paper
entity:artifact:1:ld1-1643398853934-1643398865570-0,usesMaterial,entity:material:ink
entity:artifact:1:ld1-1643398853934-1643398865570-0,usesMaterial,entity:material:paper
entity:artifact:1:ld1-1643398853934-1643398865570-0,usesMaterial,entity:material:pigment
entity:artifact:1:ld1-1643398912743-1643398954325-0,usesMaterial,entity:material:bronze
entity:artifact:1:ld1-1643398912743-1643398954326-0,usesMaterial,entity:material:bronze
entity:artifact:1:ld1-1643398986850-1643399010506-0,usesMaterial,entity:material:textile
entity:artifact:1:ld1-1643398986850-1643399010507-0,usesMaterial,entity:material:textile
entity:artifact:1:ld1-1643399134763-1643399191104-0,usesMaterial,entity:material:paper
entity:artifact:1:ld1-1643399134763-1643399191104-1,usesMaterial,entity:material:paper
entity:artifact:1:ld1-1643399207586-1643399235010-1,usesMaterial,entity:material:gold
entity:artifact:1:ld1-1643399486815-1643399489990-1,usesMaterial,entity:material:linen
entity:artifact:1:ld1-1643399486815-1643399489992-0,usesMaterial,entity:material:linen
entity:artifact:1:ld1-1643399486815-1643399489995-0,usesMaterial,entity:material:linen
entity:artifact:1:ld1-1643399486815-1643399489996-0,usesMaterial,entity:material:linen
entity:artifact:1:ld1-1643399486815-1643399489997-0,usesMaterial,entity:material:linen
entity:artifact:1:ld1-1643399486815-1643399489999-0,usesMaterial,entity:material:linen
entity:artifact:1:ld1-1643399486815-1643399490000-0,usesMaterial,entity:material:linen
entity:artifact:1:ld1-1643399486815-1643399490001-0,usesMaterial,entity:material:linen
entity:artifact:1:ld1-1643399486815-1643399490002-0,usesMaterial,entity:material:linen
entity:artifact:1:ld1-1643399486815-1643399490003-0,usesMaterial,entity:material:linen
entity:artifact:1:ld1-1643399486815-1643399490004-0,usesMaterial,entity:material:linen
entity:artifact:1:ld1-1643399486815-1643399490005-0,usesMaterial,entity:material:linen
entity:artifact:1:ld1-1643399486815-1643399490006-0,usesMaterial,entity:material:linen
entity:artifact:1:ld1-1643399486815-1643399490007-0,usesMaterial,entity:material:linen
entity:artifact:1:ld1-1643399486815-1643399490008-0,usesMaterial,entity:material:linen
entity:artifact:1:ld1-1643399486815-1643399490009-0,usesMaterial,entity:material:linen
entity:artifact:1:ld1-1643399486815-1643399490010-0,usesMaterial,entity:material:linen
entity:artifact:1:ld1-1643399486815-1643399490011-0,usesMaterial,entity:material:linen
entity:artifact:1:ld1-1643399486815-1643399490012-0,usesMaterial,entity:material:linen
entity:artifact:1:ld1-1643399486815-1643399490013-0,usesMaterial,entity:material:linen
entity:artifact:1:ld1-1643399486815-1643399490014-0,usesMaterial,entity:material:linen
entity:artifact:1:ld1-1643399486815-1643399490015-0,usesMaterial,entity:material:linen
entity:artifact:1:ld1-1643399486815-1643399490016-0,usesMaterial,entity:material:linen
entity:artifact:1:ld1-1643399486815-1643399490017-0,usesMaterial,entity:material:linen
entity:artifact:1:ld1-1643399486815-1643399490019-0,usesMaterial,entity:material:linen
entity:artifact:1:ld1-1643399486815-1643399490020-0,usesMaterial,entity:material:linen
entity:artifact:1:ld1-1643399486815-1643399490021-0,usesMaterial,entity:material:linen
entity:artifact:1:ld1-1643399486815-1643399490022-0,usesMaterial,entity:material:linen
entity:artifact:1:ld1-1643399486815-1643399490023-0,usesMaterial,entity:material:linen
entity:artifact:1:ld1-1643399486815-1643399490024-0,usesMaterial,entity:material:linen
entity:artifact:1:ld1-1643399486815-1643399490025-0,usesMaterial,entity:material:linen
entity:artifact:1:ld1-1643399486815-1643399490026-1,usesMaterial,entity:material:linen
entity:artifact:1:ld1-1643399486815-1643399490027-0,usesMaterial,entity:material:linen
entity:artifact:1:ld1-1643399486815-1643399490028-0,usesMaterial,entity:material:linen
entity:artifact:1:ld1-1643399486815-1643399490029-0,usesMaterial,entity:material:linen
entity:artifact:1:ld1-1643399486815-1643399490030-0,usesMaterial,entity:material:linen
entity:artifact:1:ld1-1643399486815-1643399490031-0,usesMaterial,entity:material:linen
entity:artifact:1:ld1-1643399486815-1643399490032-0,usesMaterial,entity:material:linen
entity:artifact:1:ld1-1643399486815-1643399490033-0,usesMaterial,entity:material:linen
entity:artifact:1:ld1-1643399486815-1643399490034-0,usesMaterial,entity:material:linen
entity:artifact:1:ld1-1643399486815-1643399490035-0,usesMaterial,entity:material:linen
entity:artifact:1:ld1-1643399486815-1643399490036-0,usesMaterial,entity:material:linen
entity:artifact:1:ld1-1643399486815-1643399490037-0,usesMaterial,entity:material:linen
entity:artifact:1:ld1-1643399486815-1643399490038-0,usesMaterial,entity:material:linen
entity:artifact:1:ld1-1643399486815-1643399490039-0,usesMaterial,entity:material:silk
entity:artifact:1:ld1-1643399486815-1643399490040-0,usesMaterial,entity:material:linen
entity:artifact:1:ld1-1643399486815-1643399490041-0,usesMaterial,entity:material:linen
entity:artifact:1:ld1-1643399486815-1643399490042-0,usesMaterial,entity:material:linen
entity:artifact:1:ld1-1643399486815-1643399490042-1,usesMaterial,entity:material:linen
entity:artifact:1:ld1-1643399549356-1643399580630-0,usesMaterial,entity:material:ceramic
entity:artifact:1:ld1-1643399549356-1643399580630-0,usesMaterial,entity:material:pigment
entity:artifact:1:ld1-1643399549356-1643399580630-0,usesMaterial,entity:material:porcelain
entity:artifact:1:ld1-1643399549356-1643399581024-0,usesMaterial,entity:material:ceramic
entity:artifact:1:ld1-1643399549356-1643399581024-0,usesMaterial,entity:material:pigment
entity:artifact:1:ld1-1643399549356-1643399581024-0,usesMaterial,entity:material:porcelain
entity:artifact:1:ld1-1643399549356-1643399581036-0,usesMaterial,entity:material:ceramic
entity:artifact:1:ld1-1643399549356-1643399581036-0,usesMaterial,entity:material:pigment
entity:artifact:1:ld1-1643399549356-1643399581036-0,usesMaterial,entity:material:porcelain
entity:artifact:1:ld1-1643399549356-1643399581037-0,usesMaterial,entity:material:ceramic
entity:artifact:1:ld1-1643399549356-1643399581037-0,usesMaterial,entity:material:earthenware
entity:artifact:1:ld1-1643399549356-1643399581037-0,usesMaterial,entity:material:pigment
entity:artifact:1:ld1-1643399549356-1643399584799-0,usesMaterial,entity:material:ceramic
entity:artifact:1:ld1-1643399549356-1643399584799-0,usesMaterial,entity:material:porcelain
entity:artifact:1:ld1-1643399549356-1643399589214-1,usesMaterial,entity:material:ceramic
entity:artifact:1:ld1-1643399549356-1643399589214-1,usesMaterial,entity:material:pigment
entity:artifact:1:ld1-1643399549356-1643399589214-1,usesMaterial,entity:material:porcelain
entity:artifact:1:ld1-1643399549356-1643399589215-0,usesMaterial,entity:material:ceramic
entity:artifact:1:ld1-1643399549356-1643399589215-0,usesMaterial,entity:material:gold
entity:artifact:1:ld1-1643399549356-1643399589215-0,usesMaterial,entity:material:pigment
entity:artifact:1:ld1-1643399549356-1643399589215-0,usesMaterial,entity:material:porcelain
entity:artifact:1:ld1-1643399549356-1643399589216-1,usesMaterial,entity:material:ceramic
entity:artifact:1:ld1-1643399549356-1643399589216-1,usesMaterial,entity:material:gold
entity:artifact:1:ld1-1643399549356-1643399589216-1,usesMaterial,entity:material:pigment
entity:artifact:1:ld1-1643399549356-1643399589216-1,usesMaterial,entity:material:porcelain
entity:artifact:1:ld1-1643399549356-1643399589217-0,usesMaterial,entity:material:ceramic
entity:artifact:1:ld1-1643399549356-1643399589217-0,usesMaterial,entity:material:gold
entity:artifact:1:ld1-1643399549356-1643399589217-0,usesMaterial,entity:material:pigment
entity:artifact:1:ld1-1643399549356-1643399589217-0,usesMaterial,entity:material:porcelain
entity:artifact:1:ld1-1643399549356-1643399589218-0,usesMaterial,entity:material:ceramic
entity:artifact:1:ld1-1643399549356-1643399589218-0,usesMaterial,entity:material:gold
entity:artifact:1:ld1-1643399549356-1643399589218-0,usesMaterial,entity:material:pigment
entity:artifact:1:ld1-1643399549356-1643399589218-0,usesMaterial,entity:material:porcelain
entity:artifact:1:ld1-1643399549356-1643399589218-1,usesMaterial,entity:material:ceramic
entity:artifact:1:ld1-1643399549356-1643399589218-1,usesMaterial,entity:material:gold
entity:artifact:1:ld1-1643399549356-1643399589218-1,usesMaterial,entity:material:pigment
entity:artifact:1:ld1-1643399549356-1643399589218-1,usesMaterial,entity:material:porcelain
entity:artifact:1:ld1-1643399549356-1643399589219-0,usesMaterial,entity:material:ceramic
entity:artifact:1:ld1-1643399549356-1643399589219-0,usesMaterial,entity:material:gold
entity:artifact:1:ld1-1643399549356-1643399589219-0,usesMaterial,entity:material:pigment
entity:artifact:1:ld1-1643399549356-1643399589219-0,usesMaterial,entity:material:porcelain
entity:artifact:1:ld1-1643399549356-1643399589219-1,usesMaterial,entity:material:ceramic
entity:artifact:1:ld1-1643399549356-1643399589219-1,usesMaterial,entity:material:gold
entity:artifact:1:ld1-1643399549356-1643399589219-1,usesMaterial,entity:material:pigment
entity:artifact:1:ld1-1643399549356-1643399589219-1,usesMaterial,entity:material:porcelain
entity:artifact:1:ld1-1643399549356-1643399589220-0,usesMaterial,entity:material:ceramic
entity:artifact:1:ld1-1643399549356-1643399589220-0,usesMaterial,entity:material:gold
entity:artifact:1:ld1-1643399549356-1643399589220-0,usesMaterial,entity:material:pigment
entity:artifact:1:ld1-1643399549356-1643399589220-0,usesMaterial,entity:material:porcelain
entity:artifact:1:ld1-1643399549356-1643399589221-0,usesMaterial,entity:material:ceramic
entity:artifact:1:ld1-1643399549356-1643399589221-0,usesMaterial,entity:material:gold
entity:artifact:1:ld1-1643399549356-1643399589221-0,usesMaterial,entity:material:pigment
entity:artifact:1:ld1-1643399549356-1643399589221-0,usesMaterial,entity:material:porcelain
entity:artifact:1:ld1-1643399549356-1643399589222-0,usesMaterial,entity:material:ceramic
entity:artifact:1:ld1-1643399549356-1643399589222-0,usesMaterial,entity:material:gold
entity:artifact:1:ld1-1643399549356-1643399589222-0,usesMaterial,entity:material:pigment
entity:artifact:1:ld1-1643399549356-1643399589222-0,usesMaterial,entity:material:porcelain
entity:artifact:1:ld1-1643399549356-1643399589222-1,usesMaterial,entity:material:ceramic
entity:artifact:1:ld1-1643399549356-1643399589222-1,usesMaterial,entity:material:gold
entity:artifact:1:ld1-1643399549356-1643399589222-1,usesMaterial,entity:material:pigment
entity:artifact:1:ld1-1643399549356-1643399589222-1,usesMaterial,entity:material:porcelain
entity:artifact:1:ld1-1643399549356-1643399589223-0,usesMaterial,entity:material:ceramic
entity:artifact:1:ld1-1643399549356-1643399589223-0,usesMaterial,entity:material:pigment
entity:artifact:1:ld1-1643399549356-1643399589223-0,usesMaterial,entity:material:porcelain
entity:artifact:1:ld1-1643399549356-1643399589225-0,usesMaterial,entity:material:ceramic
entity:artifact:1:ld1-1643399549356-1643399589225-0,usesMaterial,entity:material:pigment
entity:artifact:1:ld1-1643399549356-1643399589225-0,usesMaterial,entity:material:porcelain
entity:artifact:1:ld1-1643399549356-1643399589228-0,usesMaterial,entity:material:ceramic
entity:artifact:1:ld1-1643399549356-1643399589228-0,usesMaterial,entity:material:pigment
entity:artifact:1:ld1-1643399549356-1643399589228-0,usesMaterial,entity:material:porcelain
entity:artifact:1:ld1-1643399549356-1643399589675-0,usesMaterial,entity:material:ceramic
entity:artifact:1:ld1-1643399549356-1643399589675-0,usesMaterial,entity:material:pigment
entity:artifact:1:ld1-1643399549356-1643399589675-0,usesMaterial,entity:material:porcelain
entity:artifact:1:ld1-1643399549356-1643399589676-0,usesMaterial,entity:material:ceramic
entity:artifact:1:ld1-1643399549356-1643399589676-0,usesMaterial,entity:material:pigment
entity:artifact:1:ld1-1643399549356-1643399589676-0,usesMaterial,entity:material:porcelain
entity:artifact:1:ld1-1643399549356-1643399589678-0,usesMaterial,entity:material:ceramic
entity:artifact:1:ld1-1643399549356-1643399589678-0,usesMaterial,entity:material:pigment
entity:artifact:1:ld1-1643399549356-1643399589678-0,usesMaterial,entity:material:porcelain
entity:artifact:1:ld1-1643399549356-1643399589678-1,usesMaterial,entity:material:ceramic
entity:artifact:1:ld1-1643399549356-1643399589678-1,usesMaterial,entity:material:pigment
entity:artifact:1:ld1-1643399549356-1643399589678-1,usesMaterial,entity:material:porcelain
entity:artifact:1:ld1-1643399549356-1643399589679-0,usesMaterial,entity:material:ceramic
entity:artifact:1:ld1-1643399549356-1643399589679-0,usesMaterial,entity:material:pigment
entity:artifact:1:ld1-1643399549356-1643399589679-0,usesMaterial,entity:material:porcelain
entity:artifact:1:ld1-1643399549356-1643399589679-1,usesMaterial,entity:material:ceramic
entity:artifact:1:ld1-1643399549356-1643399589679-1,usesMaterial,entity:material:pigment
entity:artifact:1:ld1-1643399549356-1643399589679-1,usesMaterial,entity:material:porcelain
entity:artifact:1:ld1-1643399549356-1643399589680-0,usesMaterial,entity:material:ceramic
entity:artifact:1:ld1-1643399549356-1643399589680-0,usesMaterial,entity:material:pigment
entity:artifact:1:ld1-1643399549356-1643399589680-0,usesMaterial,entity:material:porcelain
entity:artifact:1:ld1-1643399549356-1643399589681-0,usesMaterial,entity:material:ceramic
entity:artifact:1:ld1-1643399549356-1643399589681-0,usesMaterial,entity:material:pigment
entity:artifact:1:ld1-1643399549356-1643399589681-0,usesMaterial,entity:material:porcelain
entity:artifact:1:ld1-1643399549356-1643399589681-1,usesMaterial,entity:material:ceramic
entity:artifact:1:ld1-1643399549356-1643399589681-1,usesMaterial,entity:material:pigment
entity:artifact:1:ld1-1643399549356-1643399589681-1,usesMaterial,entity:material:porcelain
entity:artifact:1:ld1-1643399549356-1643399589682-0,usesMaterial,entity:material:ceramic
entity:artifact:1:ld1-1643399549356-1643399589682-0,usesMaterial,entity:material:pigment
entity:artifact:1:ld1-1643399549356-1643399589682-0,usesMaterial,entity:material:porcelain
entity:artifact:1:ld1-1643399549356-1643399589683-0,usesMaterial,entity:material:ceramic
entity:artifact:1:ld1-1643399549356-1643399589683-0,usesMaterial,entity:material:pigment
entity:artifact:1:ld1-1643399549356-1643399589683-0,usesMaterial,entity:material:porcelain
entity:artifact:1:ld1-1643399549356-1643399589683-1,usesMaterial,entity:material:ceramic
entity:artifact:1:ld1-1643399549356-1643399589683-1,usesMaterial,entity:material:pigment
entity:artifact:1:ld1-1643399549356-1643399589683-1,usesMaterial,entity:material:porcelain
entity:artifact:1:ld1-1643399549356-1643399589684-0,usesMaterial,entity:material:ceramic
entity:artifact:1:ld1-1643399549356-1643399589684-0,usesMaterial,entity:material:pigment
entity:artifact:1:ld1-1643399549356-1643399589684-0,usesMaterial,entity:material:porcelain
entity:artifact:1:ld1-1643399549356-1643399589685-0,usesMaterial,entity:material:ceramic
entity:artifact:1:ld1-1643399549356-1643399589685-0,usesMaterial,entity:material:pigment
entity:artifact:1:ld1-1643399549356-1643399589685-0,usesMaterial,entity:material:porcelain
entity:artifact:1:ld1-1643399549356-1643399589685-1,usesMaterial,entity:material:ceramic
entity:artifact:1:ld1-1643399549356-1643399589685-1,usesMaterial,entity:material:pigment
entity:artifact:1:ld1-1643399549356-1643399589685-1,usesMaterial,entity:material:porcelain
entity:artifact:1:ld1-1643399549356-1643399589686-0,usesMaterial,entity:material:ceramic
entity:artifact:1:ld1-1643399549356-1643399589686-0,usesMaterial,entity:material:pigment
entity:artifact:1:ld1-1643399549356-1643399589686-0,usesMaterial,entity:material:porcelain
entity:artifact:1:ld1-1643399549356-1643399589686-1,usesMaterial,entity:material:ceramic
entity:artifact:1:ld1-1643399549356-1643399589686-1,usesMaterial,entity:material:pigment
entity:artifact:1:ld1-1643399549356-1643399589686-1,usesMaterial,entity:material:porcelain
entity:artifact:1:ld1-1643399549356-1643399589687-0,usesMaterial,entity:material:ceramic
entity:artifact:1:ld1-1643399549356-1643399589687-0,usesMaterial,entity:material:pigment
entity:artifact:1:ld1-1643399549356-1643399589687-0,usesMaterial,entity:material:porcelain
entity:artifact:1:ld1-1643399549356-1643399589688-0,usesMaterial,entity:material:ceramic
entity:artifact:1:ld1-1643399549356-1643399589688-0,usesMaterial,entity:material:pigment
entity:artifact:1:ld1-1643399549356-1643399589688-0,usesMaterial,entity:material:porcelain
entity:artifact:1:ld1-1643399549356-1643399589688-1,usesMaterial,entity:material:ceramic
entity:artifact:1:ld1-1643399549356-1643399589688-1,usesMaterial,entity:material:pigment
entity:artifact:1:ld1-1643399549356-1643399589688-1,usesMaterial,entity:material:porcelain
entity:artifact:1:ld1-1643399549356-1643399589689-0,usesMaterial,entity:material:ceramic
entity:artifact:1:ld1-1643399549356-1643399589689-0,usesMaterial,entity:material:pigment
entity:artifact:1:ld1-1643399549356-1643399589689-0,usesMaterial,entity:material:porcelain
entity:artifact:1:ld1-1643399549356-1643399589689-1,usesMaterial,entity:material:ceramic
entity:artifact:1:ld1-1643399549356-1643399589689-1,usesMaterial,entity:material:pigment
entity:artifact:1:ld1-1643399549356-1643399589689-1,usesMaterial,entity:material:porcelain
entity:artifact:1:ld1-1643399549356-1643399589690-0,usesMaterial,entity:material:ceramic
entity:artifact:1:ld1-1643399549356-1643399589690-0,usesMaterial,entity:material:pigment
entity:artifact:1:ld1-1643399549356-1643399589690-0,usesMaterial,entity:material:porcelain
entity:artifact:1:ld1-1643399549356-1643399589690-1,usesMaterial,entity:material:ceramic
entity:artifact:1:ld1-1643399549356-1643399589690-1,usesMaterial,entity:material:pigment
entity:artifact:1:ld1-1643399549356-1643399589690-1,usesMaterial,entity:material:porcelain
entity:artifact:1:ld1-1643399549356-1643399589691-0,usesMaterial,entity:material:ceramic
entity:artifact:1:ld1-1643399549356-1643399589691-0,usesMaterial,entity:material:pigment
entity:artifact:1:ld1-1643399549356-1643399589691-0,usesMaterial,entity:material:porcelain
entity:artifact:1:ld1-1643399549356-1643399589692-0,usesMaterial,entity:material:ceramic
entity:artifact:1:ld1-1643399549356-1643399589692-0,usesMaterial,entity:material:pigment
entity:artifact:1:ld1-1643399549356-1643399589692-0,usesMaterial,entity:material:porcelain
entity:artifact:1:ld1-1643399549356-1643399589692-1,usesMaterial,entity:material:ceramic
entity:artifact:1:ld1-1643399549356-1643399589692-1,usesMaterial,entity:material:pigment
entity:artifact:1:ld1-1643399549356-1643399589692-1,usesMaterial,entity:material:porcelain
entity:artifact:1:ld1-1643399549356-1643399589693-0,usesMaterial,entity:material:ceramic
entity:artifact:1:ld1-1643399549356-1643399589693-0,usesMaterial,entity:material:pigment
entity:artifact:1:ld1-1643399549356-1643399589693-0,usesMaterial,entity:material:porcelain
entity:artifact:1:ld1-1643399549356-1643399589693-1,usesMaterial,entity:material:ceramic
entity:artifact:1:ld1-1643399549356-1643399589693-1,usesMaterial,entity:material:pigment
entity:artifact:1:ld1-1643399549356-1643399589693-1,usesMaterial,entity:material:porcelain
entity:artifact:1:ld1-1643399549356-1643399589694-0,usesMaterial,entity:material:ceramic
entity:artifact:1:ld1-1643399549356-1643399589694-0,usesMaterial,entity:material:pigment
entity:artifact:1:ld1-1643399549356-1643399589694-0,usesMaterial,entity:material:porcelain
entity:artifact:1:ld1-1643399549356-1643399589694-1,usesMaterial,entity:material:ceramic
entity:artifact:1:ld1-1643399549356-1643399589694-1,usesMaterial,entity:material:pigment
entity:artifact:1:ld1-1643399549356-1643399589694-1,usesMaterial,entity:material:porcelain
entity:artifact:1:ld1-1643399549356-1643399589695-0,usesMaterial,entity:material:ceramic
entity:artifact:1:ld1-1643399549356-1643399589695-0,usesMaterial,entity:material:pigment
entity:artifact:1:ld1-1643399549356-1643399589695-0,usesMaterial,entity:material:porcelain
entity:artifact:1:ld1-1643399549356-1643399589696-0,usesMaterial,entity:material:ceramic
entity:artifact:1:ld1-1643399549356-1643399589696-0,usesMaterial,entity:material:pigment
entity:artifact:1:ld1-1643399549356-1643399589696-0,usesMaterial,entity:material:porcelain
entity:artifact:1:ld1-1643399549356-1643399589697-0,usesMaterial,entity:material:ceramic
entity:artifact:1:ld1-1643399549356-1643399589697-0,usesMaterial,entity:material:pigment
entity:artifact:1:ld1-1643399549356-1643399589697-0,usesMaterial,entity:material:porcelain
entity:artifact:1:ld1-1643399549356-1643399589697-1,usesMaterial,entity:material:ceramic
entity:artifact:1:ld1-1643399549356-1643399589697-1,usesMaterial,entity:material:pigment
entity:artifact:1:ld1-1643399549356-1643399589697-1,usesMaterial,entity:material:porcelain
entity:artifact:1:ld1-1643399549356-1643399592321-1,usesMaterial,entity:material:ceramic
entity:artifact:1:ld1-1643399549356-1643399592321-1,usesMaterial,entity:material:pigment
entity:artifact:1:ld1-1643399549356-1643399592321-1,usesMaterial,entity:material:porcelain
entity:artifact:1:ld1-1643399549356-1643399604876-0,usesMaterial,entity:material:ceramic
entity:artifact:1:ld1-1643399549356-1643399605133-0,usesMaterial,entity:material:porcelain
entity:artifact:1:ld1-1643399549356-1643399605133-1,usesMaterial,entity:material:porcelain
entity:artifact:1:ld1-1643399549356-1643399605219-0,usesMaterial,entity:material:wood
entity:artifact:1:ld1-1643399625297-1643399665684-1,usesMaterial,entity:material:paper
entity:artifact:1:ld1-1643399625297-1643399665685-0,usesMaterial,entity:material:paper
entity:artifact:1:ld1-1643399625297-1643399665685-1,usesMaterial,entity:material:paper
entity:artifact:1:ld1-1643399625297-1643399665686-0,usesMaterial,entity:material:paper
entity:artifact:1:ld1-1643399625297-1643399665686-1,usesMaterial,entity:material:paper
entity:artifact:1:ld1-1643399625297-1643399670079-1,usesMaterial,entity:material:lacquer
entity:artifact:1:ld1-1643399625297-1643399670079-1,usesMaterial,entity:material:paper
entity:artifact:1:ld1-1643399625297-1643399670079-1,usesMaterial,entity:material:shell
entity:artifact:1:ld1-1643399625297-1643399670079-1,usesMaterial,entity:material:wood
entity:artifact:1:ld1-1643399625297-1643399670080-1,usesMaterial,entity:material:copper
entity:artifact:1:ld1-1643399625297-1643399670080-1,usesMaterial,entity:material:metal
entity:artifact:1:ld1-1643399625297-1643399670080-1,usesMaterial,entity:material:textile
entity:artifact:1:ld1-1643399625297-1643399670080-1,usesMaterial,entity:material:wood
entity:artifact:1:ld1-1643399625297-1643399670666-0,usesMaterial,entity:material:paper
entity:artifact:1:ld1-1643399625297-1643399670666-0,usesMaterial,entity:material:pigment
entity:artifact:1:ld1-1643399625297-1643399677835-0,usesMaterial,entity:material:paper
entity:artifact:1:ld1-1643399887910-1643399887993-1,usesMaterial,entity:material:silk
entity:artifact:1:ld1-1643399887910-1643399887993-1,usesMaterial,entity:material:textile
entity:artifact:1:ld1-1643399887910-1643399887994-0,usesMaterial,entity:material:silk
entity:artifact:1:ld1-1643399887910-1643399887994-0,usesMaterial,entity:material:textile
entity:artifact:1:ld1-1643399887910-1643399888016-1,usesMaterial,entity:material:silk
entity:artifact:1:ld1-1643399887910-1643399888016-1,usesMaterial,entity:material:textile
entity:artifact:1:ld1-1643399887910-1643399888017-0,usesMaterial,entity:material:silk
entity:artifact:1:ld1-1643399887910-1643399888017-1,usesMaterial,entity:material:silk
entity:artifact:1:ld1-1643399887910-1643399888017-1,usesMaterial,entity:material:textile
entity:artifact:1:ld1-1643399887910-1643399888029-1,usesMaterial,entity:material:silk
entity:artifact:1:ld1-1643399887910-1643399888029-1,usesMaterial,entity:material:textile
entity:artifact:1:ld1-1643399887910-1643399888064-1,usesMaterial,entity:material:silk
entity:artifact:1:ld1-1643399887910-1643399888078-0,usesMaterial,entity:material:silk
entity:artifact:1:ld1-1643399887910-1643399888095-0,usesMaterial,entity:material:paper
entity:artifact:1:ld1-1643399887910-1643399888348-2,usesMaterial,entity:material:silk
entity:artifact:1:ld1-1643399887910-1643399888555-1,usesMaterial,entity:material:copper
entity:artifact:1:ld1-1643399887910-1643399888555-1,usesMaterial,entity:material:enamel
entity:artifact:1:ld1-1643399887910-1643399888614-2,usesMaterial,entity:material:silk
entity:artifact:1:ld1-1643399887910-1643399888614-2,usesMaterial,entity:material:textile
entity:artifact:1:ld1-1643399887910-1643399890353-1,usesMaterial,entity:material:silk
entity:artifact:1:ld1-1643399887910-1643399890353-1,usesMaterial,entity:material:textile
entity:artifact:1:ld1-1643399887910-1643399890463-1,usesMaterial,entity:material:silk
entity:artifact:1:ld1-1643399887910-1643399890528-1,usesMaterial,entity:material:silk
entity:artifact:1:ld1-1643399887910-1643399890536-1,usesMaterial,entity:material:silk
entity:artifact:1:ld1-1643399887910-1643399890538-0,usesMaterial,entity:material:silk
entity:artifact:1:ld1-1643399887910-1643399890545-0,usesMaterial,entity:material:silk
entity:artifact:1:ld1-1643399887910-1643399890545-1,usesMaterial,entity:material:gold
entity:artifact:1:ld1-1643399887910-1643399890545-1,usesMaterial,entity:material:paper
entity:artifact:1:ld1-1643399887910-1643399890545-1,usesMaterial,entity:material:silk
entity:artifact:1:ld1-1643399887910-1643399890546-0,usesMaterial,entity:material:gold
entity:artifact:1:ld1-1643399887910-1643399890546-0,usesMaterial,entity:material:paper
entity:artifact:1:ld1-1643399887910-1643399890546-0,usesMaterial,entity:material:silk
entity:artifact:1:ld1-1643399887910-1643399890547-1,usesMaterial,entity:material:gold
entity:artifact:1:ld1-1643399887910-1643399890547-1,usesMaterial,entity:material:paper
entity:artifact:1:ld1-1643399887910-1643399890547-1,usesMaterial,entity:material:silk
entity:artifact:1:ld1-1643399887910-1643399890556-0,usesMaterial,entity:material:metal
entity:artifact:1:ld1-1643399887910-1643399890556-0,usesMaterial,entity:material:silk
entity:artifact:1:ld1-1643399887910-1643399890581-1,usesMaterial,entity:material:silk
entity:artifact:1:ld1-1643399887910-1643399890582-0,usesMaterial,entity:material:silk
entity:artifact:1:ld1-1643399887910-1643399890582-1,usesMaterial,entity:material:silk
entity:artifact:1:ld1-1643399887910-1643399890583-0,usesMaterial,entity:material:metal
entity:artifact:1:ld1-1643399887910-1643399890583-0,usesMaterial,entity:material:silk
entity:artifact:1:ld1-1643399887910-1643399890584-1,usesMaterial,entity:material:silk
entity:artifact:1:ld1-1643399887910-1643399890585-1,usesMaterial,entity:material:silk
entity:artifact:1:ld1-1643399887910-1643399890614-1,usesMaterial,entity:material:silk
entity:artifact:1:ld1-1643399887910-1643399890766-1,usesMaterial,entity:material:silk
entity:artifact:1:ld1-1643399887910-1643399890766-1,usesMaterial,entity:material:textile
entity:artifact:1:ld1-1643399887910-1643399890785-0,usesMaterial,entity:material:silk
entity:artifact:1:ld1-1643399887910-1643399890785-0,usesMaterial,entity:material:textile
entity:artifact:1:ld1-1643399887910-1643399890808-1,usesMaterial,entity:material:silk
entity:artifact:1:ld1-1643399887910-1643399890808-1,usesMaterial,entity:material:textile
entity:artifact:1:ld1-1643399887910-1643399890809-0,usesMaterial,entity:material:silk
entity:artifact:1:ld1-1643399887910-1643399890809-0,usesMaterial,entity:material:textile
entity:artifact:1:ld1-1643399887910-1643399890809-1,usesMaterial,entity:material:silk
entity:artifact:1:ld1-1643399887910-1643399890809-1,usesMaterial,entity:material:textile
entity:artifact:1:ld1-1643399887910-1643399890810-0,usesMaterial,entity:material:silk
entity:artifact:1:ld1-1643399887910-1643399890810-0,usesMaterial,entity:material:textile
entity:artifact:1:ld1-1643399887910-1643399890810-1,usesMaterial,entity:material:silk
entity:artifact:1:ld1-1643399887910-1643399890810-1,usesMaterial,entity:material:textile
entity:artifact:1:ld1-1643399887910-1643399890868-1,usesMaterial,entity:material:copper
entity:artifact:1:ld1-1643399887910-1643399890868-1,usesMaterial,entity:material:enamel
entity:artifact:1:ld1-1643399887910-1643399891576-2,usesMaterial,entity:material:pigment
entity:artifact:1:ld1-1643399887910-1643399891576-2,usesMaterial,entity:material:silk
entity:artifact:1:ld1-1643399887910-1643399891577-0,usesMaterial,entity:material:pigment
entity:artifact:1:ld1-1643399887910-1643399891577-0,usesMaterial,entity:material:silk
entity:artifact:1:ld1-1643399887910-1643399891577-1,usesMaterial,entity:material:pigment
entity:artifact:1:ld1-1643399887910-1643399891577-1,usesMaterial,entity:material:silk
entity:artifact:1:ld1-1643399887910-1643399891590-0,usesMaterial,entity:material:pigment
entity:artifact:1:ld1-1643399887910-1643399891590-0,usesMaterial,entity:material:silk
entity:artifact:1:ld1-1643399887910-1643399891600-0,usesMaterial,entity:material:pigment
entity:artifact:1:ld1-1643399887910-1643399891600-0,usesMaterial,entity:material:silk
entity:artifact:1:ld1-1643399887910-1643399891605-1,usesMaterial,entity:material:pigment
entity:artifact:1:ld1-1643399887910-1643399891605-1,usesMaterial,entity:material:silk
entity:artifact:1:ld1-1643399887910-1643399891610-1,usesMaterial,entity:material:pigment
entity:artifact:1:ld1-1643399887910-1643399891610-1,usesMaterial,entity:material:silk
entity:artifact:1:ld1-1643399887910-1643399891618-1,usesMaterial,entity:material:pigment
entity:artifact:1:ld1-1643399887910-1643399891618-1,usesMaterial,entity:material:silk
entity:artifact:1:ld1-1643399887910-1643399891619-0,usesMaterial,entity:material:pigment
entity:artifact:1:ld1-1643399887910-1643399891619-0,usesMaterial,entity:material:silk
entity:artifact:1:ld1-1643399887910-1643399891619-0,usesMaterial,entity:material:textile
entity:artifact:1:ld1-1643399887910-1643399891620-0,usesMaterial,entity:material:pigment
entity:artifact:1:ld1-1643399887910-1643399891620-0,usesMaterial,entity:material:silk
entity:artifact:1:ld1-1643399887910-1643399891620-1,usesMaterial,entity:material:silk
entity:artifact:1:ld1-1643399887910-1643399891621-0,usesMaterial,entity:material:pigment
entity:artifact:1:ld1-1643399887910-1643399891621-0,usesMaterial,entity:material:silk
entity:artifact:1:ld1-1643399887910-1643399891621-1,usesMaterial,entity:material:pigment
entity:artifact:1:ld1-1643399887910-1643399891621-1,usesMaterial,entity:material:silk
entity:artifact:1:ld1-1643399887910-1643399891622-0,usesMaterial,entity:material:silk
entity:artifact:1:ld1-1643399887910-1643399891623-0,usesMaterial,entity:material:pigment
entity:artifact:1:ld1-1643399887910-1643399891623-0,usesMaterial,entity:material:silk
entity:artifact:1:ld1-1643399887910-1643399891623-1,usesMaterial,entity:material:silk
entity:artifact:1:ld1-1643399887910-1643399891624-0,usesMaterial,entity:material:pigment
entity:artifact:1:ld1-1643399887910-1643399891624-0,usesMaterial,entity:material:silk
entity:artifact:1:ld1-1643399887910-1643399892133-1,usesMaterial,entity:material:ivory
entity:artifact:1:ld1-1643399887910-1643399892221-1,usesMaterial,entity:material:silk
entity:artifact:1:ld1-1643399887910-1643399892439-1,usesMaterial,entity:material:silk
entity:artifact:1:ld1-1643399887910-1643399892439-1,usesMaterial,entity:material:silver
entity:artifact:1:ld1-1643399887910-1643399892439-1,usesMaterial,entity:material:textile
entity:artifact:1:ld1-1643399887910-1643399892475-0,usesMaterial,entity:material:paper
entity:artifact:1:ld1-1643399887910-1643399892475-1,usesMaterial,entity:material:paper
entity:artifact:1:ld1-1643399887910-1643399892476-0,usesMaterial,entity:material:paper
entity:artifact:1:ld1-1643399887910-1643399892476-1,usesMaterial,entity:material:paper
entity:artifact:1:ld1-1643399887910-1643399892477-0,usesMaterial,entity:material:paper
entity:artifact:1:ld1-1643399887910-1643399892477-1,usesMaterial,entity:material:paper
entity:artifact:1:ld1-1643399887910-1643399892477-2,usesMaterial,entity:material:paper
entity:artifact:1:ld1-1643399887910-1643399892478-1,usesMaterial,entity:material:paper
entity:artifact:1:ld1-1643399887910-1643399892479-0,usesMaterial,entity:material:paper
entity:artifact:1:ld1-1643399887910-1643399892479-1,usesMaterial,entity:material:paper
entity:artifact:1:ld1-1643399887910-1643399892480-0,usesMaterial,entity:material:paper
entity:artifact:1:ld1-1643399887910-1643399892812-1,usesMaterial,entity:material:silk
entity:artifact:1:ld1-1643399887910-1643399892812-1,usesMaterial,entity:material:textile
entity:artifact:1:ld1-1643399887910-1643399892840-1,usesMaterial,entity:material:cotton
entity:artifact:1:ld1-1643399887910-1643399892842-1,usesMaterial,entity:material:shell
entity:artifact:1:ld1-1643399887910-1643399892842-1,usesMaterial,entity:material:silk
entity:artifact:1:ld1-1643399887910-1643399892844-0,usesMaterial,entity:material:ivory
entity:artifact:1:ld1-1643399887910-1643399892844-0,usesMaterial,entity:material:paper
entity:artifact:1:ld1-1643399887910-1643399892845-0,usesMaterial,entity:material:ivory
entity:artifact:1:ld1-1643399887910-1643399892845-0,usesMaterial,entity:material:silk
entity:artifact:1:ld1-1643399887910-1643399892846-1,usesMaterial,entity:material:metal
entity:artifact:1:ld1-1643399887910-1643399892846-1,usesMaterial,entity:material:silk
entity:artifact:1:ld1-1643399887910-1643399892984-1,usesMaterial,entity:material:paper
entity:artifact:1:ld1-1643399887910-1643399892985-1,usesMaterial,entity:material:paper
entity:artifact:1:ld1-1643399887910-1643399893503-0,usesMaterial,entity:material:cotton
entity:artifact:1:ld1-1643399887910-1643399893572-1,usesMaterial,entity:material:amber
entity:artifact:1:ld1-1643399887910-1643399893572-1,usesMaterial,entity:material:bone
entity:artifact:1:ld1-1643399887910-1643399893572-1,usesMaterial,entity:material:enamel
entity:artifact:1:ld1-1643399887910-1643399893572-1,usesMaterial,entity:material:ivory
entity:artifact:1:ld1-1643399887910-1643399893572-1,usesMaterial,entity:material:jade
entity:artifact:1:ld1-1643399887910-1643399893572-1,usesMaterial,entity:material:porcelain
entity:artifact:1:ld1-1643399887910-1643399893572-1,usesMaterial,entity:material:wood
entity:artifact:1:ld1-1643399887910-1643399893576-0,usesMaterial,entity:material:ivory
entity:artifact:1:ld1-1643399887910-1643399893590-0,usesMaterial,entity:material:silk
entity:artifact:1:ld1-1643399887910-1643399893590-0,usesMaterial,entity:material:textile
entity:artifact:1:ld1-1643399887910-1643399893748-0,usesMaterial,entity:material:glass
entity:artifact:1:ld1-1643399887910-1643399893748-0,usesMaterial,entity:material:iron
entity:artifact:1:ld1-1643399887910-1643399893748-0,usesMaterial,entity:material:wood
entity:artifact:1:ld1-1643399887910-1643399895416-0,usesMaterial,entity:material:ivory
entity:artifact:1:ld1-1643399887910-1643399895493-0,usesMaterial,entity:material:paper
entity:artifact:1:ld1-1643399887910-1643399895494-0,usesMaterial,entity:material:paper
entity:artifact:1:ld1-1643399887910-1643399895494-1,usesMaterial,entity:material:paper
entity:artifact:1:ld1-1643399887910-1643399895495-0,usesMaterial,entity:material:paper
entity:artifact:1:ld1-1643399887910-1643399895495-1,usesMaterial,entity:material:paper
entity:artifact:1:ld1-1643399887910-1643399895495-2,usesMaterial,entity:material:paper
entity:artifact:1:ld1-1643399887910-1643399895532-0,usesMaterial,entity:material:paper
entity:artifact:1:ld1-1643399887910-1643399895818-0,usesMaterial,entity:material:gold
entity:artifact:1:ld1-1643399887910-1643399895818-0,usesMaterial,entity:material:paper
entity:artifact:1:ld1-1643399887910-1643399895818-0,usesMaterial,entity:material:pigment
entity:artifact:1:ld1-1643399887910-1643399895967-0,usesMaterial,entity:material:paper
entity:artifact:1:ld1-1643399887910-1643399898198-0,usesMaterial,entity:material:paper
entity:artifact:1:ld1-1643399887910-1643399898959-1,usesMaterial,entity:material:paper
entity:artifact:1:ld1-1643399887910-1643399900899-1,usesMaterial,entity:material:ink
entity:artifact:1:ld1-1643399887910-1643399900899-1,usesMaterial,entity:material:paper
entity:artifact:1:ld1-1643399887910-1643399900899-2,usesMaterial,entity:material:ink
entity:artifact:1:ld1-1643399887910-1643399900899-2,usesMaterial,entity:material:paper
entity:artifact:1:ld1-1643399887910-1643399900901-1,usesMaterial,entity:material:paper
entity:artifact:1:ld1-1643399887910-1643399900964-1,usesMaterial,entity:material:bronze
entity:artifact:1:ld1-1643399887910-1643399900964-1,usesMaterial,entity:material:enamel
entity:artifact:1:ld1-1643399887910-1643399900964-1,usesMaterial,entity:material:silk
entity:artifact:1:ld1-1643399887910-1643399900964-1,usesMaterial,entity:material:silver
entity:artifact:1:ld1-1643399887910-1643399900965-1,usesMaterial,entity:material:glass
entity:artifact:1:ld1-1643399887910-1643399900965-1,usesMaterial,entity:material:ivory
entity:artifact:1:ld1-1643399887910-1643399900965-1,usesMaterial,entity:material:leather
entity:artifact:1:ld1-1643399887910-1643399901005-1,usesMaterial,entity:material:silk
entity:artifact:1:ld1-1643399887910-1643399901005-1,usesMaterial,entity:material:textile
entity:artifact:1:ld1-1643399887910-1643399901036-1,usesMaterial,entity:material:pigment
entity:artifact:1:ld1-1643399887910-1643399901036-1,usesMaterial,entity:material:silk
entity:artifact:1:ld1-1643399887910-1643399901036-1,usesMaterial,entity:material:textile
entity:artifact:1:ld1-1643399887910-1643399901037-0,usesMaterial,entity:material:pigment
entity:artifact:1:ld1-1643399887910-1643399901037-0,usesMaterial,entity:material:silk
entity:artifact:1:ld1-1643399887910-1643399901037-1,usesMaterial,entity:material:pigment
entity:artifact:1:ld1-1643399887910-1643399901037-1,usesMaterial,entity:material:silk
entity:artifact:1:ld1-1643399887910-1643399901037-1,usesMaterial,entity:material:textile
entity:artifact:1:ld1-1643399887910-1643399901128-1,usesMaterial,entity:material:pigment
entity:artifact:1:ld1-1643399887910-1643399901128-1,usesMaterial,entity:material:silk
entity:artifact:1:ld1-1643399887910-1643399901356-1,usesMaterial,entity:material:pigment
entity:artifact:1:ld1-1643399887910-1643399901356-1,usesMaterial,entity:material:silk
entity:artifact:1:ld1-1643399887910-1643399901449-0,usesMaterial,entity:material:paper
entity:artifact:1:ld1-1643399887910-1643399901449-0,usesMaterial,entity:material:silk
entity:artifact:1:ld1-1643399887910-1643399901449-0,usesMaterial,entity:material:wood
entity:artifact:1:ld1-1643399887910-1643399901821-1,usesMaterial,entity:material:ivory
entity:artifact:1:ld1-1643399887910-1643399901821-1,usesMaterial,entity:material:silk
entity:artifact:1:ld1-1643399887910-1643399901822-0,usesMaterial,entity:material:ivory
entity:artifact:1:ld1-1643399887910-1643399901822-0,usesMaterial,entity:material:metal
entity:artifact:1:ld1-1643399887910-1643399901822-0,usesMaterial,entity:material:silk
entity:artifact:1:ld1-1643399887910-1643399901822-1,usesMaterial,entity:material:porcelain
entity:artifact:1:ld1-1643399887910-1643399901823-0,usesMaterial,entity:material:porcelain
entity:artifact:1:ld1-1643399887910-1643399901830-0,usesMaterial,entity:material:gold
entity:artifact:1:ld1-1643399887910-1643399901830-0,usesMaterial,entity:material:porcelain
entity:artifact:1:ld1-1643399887910-1643399901830-1,usesMaterial,entity:material:gold
entity:artifact:1:ld1-1643399887910-1643399901830-1,usesMaterial,entity:material:porcelain
entity:artifact:1:ld1-1643399887910-1643399901831-0,usesMaterial,entity:material:gold
entity:artifact:1:ld1-1643399887910-1643399901831-0,usesMaterial,entity:material:porcelain
entity:artifact:1:ld1-1643399887910-1643399901831-1,usesMaterial,entity:material:porcelain
entity:artifact:1:ld1-1643399887910-1643399901831-2,usesMaterial,entity:material:gold
entity:artifact:1:ld1-1643399887910-1643399901831-2,usesMaterial,entity:material:porcelain
entity:artifact:1:ld1-1643399887910-1643399901832-0,usesMaterial,entity:material:gold
entity:artifact:1:ld1-1643399887910-1643399901832-0,usesMaterial,entity:material:porcelain
entity:artifact:1:ld1-1643399887910-1643399901832-1,usesMaterial,entity:material:gold
entity:artifact:1:ld1-1643399887910-1643399901832-1,usesMaterial,entity:material:porcelain
entity:artifact:1:ld1-1643399887910-1643399901833-0,usesMaterial,entity:material:gold
entity:artifact:1:ld1-1643399887910-1643399901833-0,usesMaterial,entity:material:porcelain
entity:artifact:1:ld1-1643399887910-1643399901834-0,usesMaterial,entity:material:gold
entity:artifact:1:ld1-1643399887910-1643399901834-0,usesMaterial,entity:material:porcelain
entity:artifact:1:ld1-1643399887910-1643399901834-1,usesMaterial,entity:material:gold
entity:artifact:1:ld1-1643399887910-1643399901834-1,usesMaterial,entity:material:porcelain
entity:artifact:1:ld1-1643399887910-1643399901835-0,usesMaterial,entity:material:gold
entity:artifact:1:ld1-1643399887910-1643399901835-0,usesMaterial,entity:material:porcelain
entity:artifact:1:ld1-1643399887910-1643399901835-1,usesMaterial,entity:material:gold
entity:artifact:1:ld1-1643399887910-1643399901835-1,usesMaterial,entity:material:porcelain
entity:artifact:1:ld1-1643399887910-1643399901836-0,usesMaterial,entity:material:gold
entity:artifact:1:ld1-1643399887910-1643399901836-0,usesMaterial,entity:material:porcelain
entity:artifact:1:ld1-1643399887910-1643399901836-1,usesMaterial,entity:material:gold
entity:artifact:1:ld1-1643399887910-1643399901836-1,usesMaterial,entity:material:porcelain
entity:artifact:1:ld1-1643399887910-1643399901836-2,usesMaterial,entity:material:gold
entity:artifact:1:ld1-1643399887910-1643399901836-2,usesMaterial,entity:material:porcelain
entity:artifact:1:ld1-1643399887910-1643399901837-0,usesMaterial,entity:material:gold
entity:artifact:1:ld1-1643399887910-1643399901837-0,usesMaterial,entity:material:porcelain
entity:artifact:1:ld1-1643399887910-1643399901837-1,usesMaterial,entity:material:gold
entity:artifact:1:ld1-1643399887910-1643399901837-1,usesMaterial,entity:material:porcelain
entity:artifact:1:ld1-1643399887910-1643399901838-0,usesMaterial,entity:material:gold
entity:artifact:1:ld1-1643399887910-1643399901838-0,usesMaterial,entity:material:porcelain
entity:artifact:1:ld1-1643399887910-1643399901842-1,usesMaterial,entity:material:porcelain
entity:artifact:1:ld1-1643399887910-1643399901844-1,usesMaterial,entity:material:bronze
entity:artifact:1:ld1-1643399887910-1643399901844-1,usesMaterial,entity:material:porcelain
entity:artifact:1:ld1-1643399887910-1643399901844-2,usesMaterial,entity:material:bronze
entity:artifact:1:ld1-1643399887910-1643399901844-2,usesMaterial,entity:material:porcelain
entity:artifact:1:ld1-1643399887910-1643399901846-0,usesMaterial,entity:material:porcelain
entity:artifact:1:ld1-1643399887910-1643399901930-0,usesMaterial,entity:material:ivory
entity:artifact:1:ld1-1643399887910-1643399901930-0,usesMaterial,entity:material:silk
entity:artifact:1:ld1-1643399887910-1643399901941-0,usesMaterial,entity:material:porcelain
entity:artifact:1:ld1-1643399887910-1643399902225-1,usesMaterial,entity:material:porcelain
entity:artifact:1:ld1-1643399887910-1643399902226-2,usesMaterial,entity:material:pigment
entity:artifact:1:ld1-1643399887910-1643399902226-2,usesMaterial,entity:material:wood
entity:artifact:1:ld1-1643399887910-1643399902227-0,usesMaterial,entity:material:lacquer
entity:artifact:1:ld1-1643399887910-1643399902227-0,usesMaterial,entity:material:silk
entity:artifact:1:ld1-1643399887910-1643399902227-0,usesMaterial,entity:material:wood
entity:artifact:1:ld1-1643399887910-1643399902229-0,usesMaterial,entity:material:porcelain
entity:artifact:1:ld1-1643399887910-1643399902229-1,usesMaterial,entity:material:porcelain
entity:artifact:1:ld1-1643399887910-1643399902230-0,usesMaterial,entity:material:porcelain
entity:artifact:1:ld1-1643399887910-1643399902231-0,usesMaterial,entity:material:porcelain
entity:artifact:1:ld1-1643399887910-1643399902232-1,usesMaterial,entity:material:porcelain
entity:artifact:1:ld1-1643399887910-1643399902233-0,usesMaterial,entity:material:porcelain
entity:artifact:1:ld1-1643399887910-1643399902235-0,usesMaterial,entity:material:porcelain
entity:artifact:1:ld1-1643399887910-1643399902348-1,usesMaterial,entity:material:silk
entity:artifact:1:ld1-1643399887910-1643399902353-0,usesMaterial,entity:material:silk
entity:artifact:1:ld1-1643399887910-1643399902498-0,usesMaterial,entity:material:pigment
entity:artifact:1:ld1-1643399887910-1643399902498-0,usesMaterial,entity:material:silk
entity:artifact:1:ld1-1643399887910-1643399902498-1,usesMaterial,entity:material:pigment
entity:artifact:1:ld1-1643399887910-1643399902498-1,usesMaterial,entity:material:silk
entity:artifact:1:ld1-1643399887910-1643399902499-0,usesMaterial,entity:material:pigment
entity:artifact:1:ld1-1643399887910-1643399902499-0,usesMaterial,entity:material:silk
entity:artifact:1:ld1-1643399887910-1643399902499-1,usesMaterial,entity:material:pigment
entity:artifact:1:ld1-1643399887910-1643399902499-1,usesMaterial,entity:material:silk
entity:artifact:1:ld1-1643399887910-1643399902500-0,usesMaterial,entity:material:pigment
entity:artifact:1:ld1-1643399887910-1643399902500-0,usesMaterial,entity:material:silk
entity:artifact:1:ld1-1643399887910-1643399902500-1,usesMaterial,entity:material:pigment
entity:artifact:1:ld1-1643399887910-1643399902500-1,usesMaterial,entity:material:silk
entity:artifact:1:ld1-1643399887910-1643399902554-0,usesMaterial,entity:material:silk
entity:artifact:1:ld1-1643399887910-1643399902558-1,usesMaterial,entity:material:silk
entity:artifact:1:ld1-1643399887910-1643399902558-1,usesMaterial,entity:material:textile
entity:artifact:1:ld1-1643399887910-1643399902559-1,usesMaterial,entity:material:silk
entity:artifact:1:ld1-1643399887910-1643399902559-1,usesMaterial,entity:material:textile
entity:artifact:1:ld1-1643399887910-1643399902560-0,usesMaterial,entity:material:silk
entity:artifact:1:ld1-1643399887910-1643399902560-0,usesMaterial,entity:material:textile
entity:artifact:1:ld1-1643399887910-1643399902567-1,usesMaterial,entity:material:silk
entity:artifact:1:ld1-1643399887910-1643399902570-0,usesMaterial,entity:material:silk
entity:artifact:1:ld1-1643399887910-1643399902570-0,usesMaterial,entity:material:textile
entity:artifact:1:ld1-1643399887910-1643399902579-0,usesMaterial,entity:material:silk
entity:artifact:1:ld1-1643399887910-1643399902579-0,usesMaterial,entity:material:wood
entity:artifact:1:ld1-1643399887910-1643399902579-1,usesMaterial,entity:material:silk
entity:artifact:1:ld1-1643399887910-1643399902579-1,usesMaterial,entity:material:wood
entity:artifact:1:ld1-1643399887910-1643399902870-0,usesMaterial,entity:material:copper
entity:artifact:1:ld1-1643399887910-1643399903326-0,usesMaterial,entity:material:jade
entity:artifact:1:ld1-1643399887910-1643399903326-0,usesMaterial,entity:material:stone
entity:artifact:1:ld1-1643399887910-1643399903326-1,usesMaterial,entity:material:glass
entity:artifact:1:ld1-1643399887910-1643399903326-1,usesMaterial,entity:material:ivory
entity:artifact:1:ld1-1643399887910-1643399903607-2,usesMaterial,entity:material:paper
entity:artifact:1:ld1-1643399887910-1643399904592-0,usesMaterial,entity:material:paper
entity:artifact:1:ld1-1643399887910-1643399905135-0,usesMaterial,entity:material:ivory
entity:artifact:1:ld1-1643399887910-1643399905135-0,usesMaterial,entity:material:silk
entity:artifact:1:ld1-1643399887910-1643399905797-1,usesMaterial,entity:material:silk
entity:artifact:1:ld1-1643399887910-1643399905834-0,usesMaterial,entity:material:paper
entity:artifact:1:ld1-1643399887910-1643399905834-0,usesMaterial,entity:material:wood
entity:artifact:1:ld1-1643399887910-1643399905836-1,usesMaterial,entity:material:paper
entity:artifact:1:ld1-1643399887910-1643399905836-1,usesMaterial,entity:material:wood
entity:artifact:1:ld1-1643399887910-1643399905893-0,usesMaterial,entity:material:silk
entity:artifact:1:ld1-1643399887910-1643399905893-0,usesMaterial,entity:material:textile
entity:artifact:1:ld1-1643399887910-1643399906894-0,usesMaterial,entity:material:paper
entity:artifact:1:ld1-1643399887910-1643399906894-0,usesMaterial,entity:material:silk
entity:artifact:1:ld1-1643399887910-1643399906894-0,usesMaterial,entity:material:textile
entity:artifact:1:ld1-1643399887910-1643399906895-0,usesMaterial,entity:material:paper
entity:artifact:1:ld1-1643399887910-1643399906895-0,usesMaterial,entity:material:silk
entity:artifact:1:ld1-1643399887910-1643399906895-0,usesMaterial,entity:material:textile
entity:artifact:1:ld1-1643399887910-1643399906895-1,usesMaterial,entity:material:paper
entity:artifact:1:ld1-1643399887910-1643399906895-1,usesMaterial,entity:material:silk
entity:artifact:1:ld1-1643399887910-1643399906895-1,usesMaterial,entity:material:textile
entity:artifact:1:ld1-1643399887910-1643399906896-0,usesMaterial,entity:material:paper
entity:artifact:1:ld1-1643399887910-1643399906896-0,usesMaterial,entity:material:silk
entity:artifact:1:ld1-1643399887910-1643399906896-0,usesMaterial,entity:material:textile
entity:artifact:1:ld1-1643399887910-1643399906966-0,usesMaterial,entity:material:enamel
entity:artifact:1:ld1-1643399887910-1643399906966-0,usesMaterial,entity:material:gold
entity:artifact:1:ld1-1643399887910-1643399906966-0,usesMaterial,entity:material:porcelain
entity:artifact:1:ld1-1643399887910-1643399907072-1,usesMaterial,entity:material:ink
entity:artifact:1:ld1-1643399887910-1643399907072-1,usesMaterial,entity:material:paper
entity:artifact:1:ld1-1643399887910-1643399912627-0,usesMaterial,entity:material:glass
entity:artifact:1:ld1-1643399887910-1643399912627-0,usesMaterial,entity:material:silk
entity:artifact:1:ld1-1643399887910-1643399912627-0,usesMaterial,entity:material:textile
entity:artifact:1:ld1-1643399887910-1643399912627-1,usesMaterial,entity:material:canvas
entity:artifact:1:ld1-1643399887910-1643399912627-1,usesMaterial,entity:material:glass
entity:artifact:1:ld1-1643399887910-1643399912627-1,usesMaterial,entity:material:silk
entity:artifact:1:ld1-1643399887910-1643399912627-1,usesMaterial,entity:material:textile
entity:artifact:1:ld1-1643399887910-1643399912631-1,usesMaterial,entity:material:silk
entity:artifact:1:ld1-1643399887910-1643399912631-1,usesMaterial,entity:material:textile
entity:artifact:1:ld1-1643399887910-1643399912632-0,usesMaterial,entity:material:cotton
entity:artifact:1:ld1-1643399887910-1643399912632-0,usesMaterial,entity:material:metal
entity:artifact:1:ld1-1643399887910-1643399912632-0,usesMaterial,entity:material:silk
entity:artifact:1:ld1-1643399887910-1643399912632-0,usesMaterial,entity:material:textile
entity:artifact:1:ld1-1643399887910-1643399912632-1,usesMaterial,entity:material:glass
entity:artifact:1:ld1-1643399887910-1643399912632-1,usesMaterial,entity:material:silk
entity:artifact:1:ld1-1643399887910-1643399912632-1,usesMaterial,entity:material:textile
entity:artifact:1:ld1-1643399887910-1643399912724-1,usesMaterial,entity:material:silk
entity:artifact:1:ld1-1643399887910-1643399912724-1,usesMaterial,entity:material:textile
entity:artifact:1:ld1-1643399887910-1643399912790-0,usesMaterial,entity:material:ivory
entity:artifact:1:ld1-1643399887910-1643399912790-0,usesMaterial,entity:material:metal
entity:artifact:1:ld1-1643399887910-1643399912790-0,usesMaterial,entity:material:paper
entity:artifact:1:ld1-1643399887910-1643399912856-1,usesMaterial,entity:material:paper
entity:artifact:1:ld1-1643399887910-1643399913258-1,usesMaterial,entity:material:ivory
entity:artifact:1:ld1-1643399887910-1643399913258-1,usesMaterial,entity:material:metal
entity:artifact:1:ld1-1643399887910-1643399913258-1,usesMaterial,entity:material:silk
entity:artifact:1:ld1-1643399887910-1643399913259-0,usesMaterial,entity:material:ivory
entity:artifact:1:ld1-1643399887910-1643399913259-0,usesMaterial,entity:material:pigment
entity:artifact:1:ld1-1643399887910-1643399913259-0,usesMaterial,entity:material:silk
entity:artifact:1:ld1-1643399887910-1643399913260-0,usesMaterial,entity:material:gold
entity:artifact:1:ld1-1643399887910-1643399913260-0,usesMaterial,entity:material:pigment
entity:artifact:1:ld1-1643399887910-1643399913260-0,usesMaterial,entity:material:shell
entity:artifact:1:ld1-1643399887910-1643399913260-0,usesMaterial,entity:material:silk
entity:artifact:1:ld1-1643399887910-1643399913261-0,usesMaterial,entity:material:gold
entity:artifact:1:ld1-1643399887910-1643399913261-0,usesMaterial,entity:material:pigment
entity:artifact:1:ld1-1643399887910-1643399913396-0,usesMaterial,entity:material:silk
entity:artifact:1:ld1-1643399887910-1643399913397-1,usesMaterial,entity:material:metal
entity:artifact:1:ld1-1643399887910-1643399913397-1,usesMaterial,entity:material:silk
entity:artifact:1:ld1-1643399887910-1643399913401-0,usesMaterial,entity:material:silk
entity:artifact:1:ld1-1643399887910-1643399913405-1,usesMaterial,entity:material:silk
entity:artifact:1:ld1-1643399887910-1643399913408-0,usesMaterial,entity:material:gold
entity:artifact:1:ld1-1643399887910-1643399913408-0,usesMaterial,entity:material:paper
entity:artifact:1:ld1-1643399887910-1643399913408-0,usesMaterial,entity:material:silk
entity:artifact:1:ld1-1643399887910-1643399913409-0,usesMaterial,entity:material:silk
entity:artifact:1:ld1-1643399887910-1643399913918-1,usesMaterial,entity:material:silk
entity:artifact:1:ld1-1643399887910-1643399913918-1,usesMaterial,entity:material:textile
entity:artifact:1:ld1-1643399887910-1643399913919-0,usesMaterial,entity:material:silk
entity:artifact:1:ld1-1643399887910-1643399913919-0,usesMaterial,entity:material:textile
entity:artifact:1:ld1-1643399887910-1643399914139-1,usesMaterial,entity:material:ink
entity:artifact:1:ld1-1643399887910-1643399914139-1,usesMaterial,entity:material:paper
entity:artifact:1:ld1-1643399887910-1643399914139-1,usesMaterial,entity:material:pigment
entity:artifact:1:ld1-1643399887910-1643399914140-0,usesMaterial,entity:material:ink
entity:artifact:1:ld1-1643399887910-1643399914140-0,usesMaterial,entity:material:paper
entity:artifact:1:ld1-1643399887910-1643399914140-0,usesMaterial,entity:material:pigment
entity:artifact:1:ld1-1643399887910-1643399914150-0,usesMaterial,entity:material:silk
entity:artifact:1:ld1-1643399887910-1643399914150-0,usesMaterial,entity:material:textile
entity:artifact:1:ld1-1643399887910-1643399914167-1,usesMaterial,entity:material:silk
entity:artifact:1:ld1-1643399887910-1643399914167-1,usesMaterial,entity:material:textile
entity:artifact:1:ld1-1643399887910-1643399914168-0,usesMaterial,entity:material:silk
entity:artifact:1:ld1-1643399887910-1643399914168-0,usesMaterial,entity:material:textile
entity:artifact:1:ld1-1643399887910-1643399914168-1,usesMaterial,entity:material:silk
entity:artifact:1:ld1-1643399887910-1643399914168-1,usesMaterial,entity:material:textile
entity:artifact:1:ld1-1643399887910-1643399914169-0,usesMaterial,entity:material:silk
entity:artifact:1:ld1-1643399887910-1643399914170-0,usesMaterial,entity:material:silk
entity:artifact:1:ld1-1643399887910-1643399914170-0,usesMaterial,entity:material:textile
entity:artifact:1:ld1-1643399887910-1643399914170-1,usesMaterial,entity:material:silk
entity:artifact:1:ld1-1643399887910-1643399914170-1,usesMaterial,entity:material:textile
entity:artifact:1:ld1-1643399887910-1643399914172-0,usesMaterial,entity:material:silk
entity:artifact:1:ld1-1643399887910-1643399914172-0,usesMaterial,entity:material:textile
entity:artifact:1:ld1-1643399887910-1643399914172-1,usesMaterial,entity:material:silk
entity:artifact:1:ld1-1643399887910-1643399914172-1,usesMaterial,entity:material:textile
entity:artifact:1:ld1-1643399887910-1643399914173-0,usesMaterial,entity:material:silk
entity:artifact:1:ld1-1643399887910-1643399914173-0,usesMaterial,entity:material:textile
entity:artifact:1:ld1-1643399887910-1643399914173-1,usesMaterial,entity:material:silk
entity:artifact:1:ld1-1643399887910-1643399914173-1,usesMaterial,entity:material:textile
entity:artifact:1:ld1-1643399887910-1643399914174-0,usesMaterial,entity:material:metal
entity:artifact:1:ld1-1643399887910-1643399914174-0,usesMaterial,entity:material:silk
entity:artifact:1:ld1-1643399887910-1643399914175-0,usesMaterial,entity:material:silk
entity:artifact:1:ld1-1643399887910-1643399914175-1,usesMaterial,entity:material:silk
entity:artifact:1:ld1-1643399887910-1643399914175-1,usesMaterial,entity:material:textile
entity:artifact:1:ld1-1643399887910-1643399914176-0,usesMaterial,entity:material:silk
entity:artifact:1:ld1-1643399887910-1643399914176-0,usesMaterial,entity:material:textile
entity:artifact:1:ld1-1643399887910-1643399914176-1,usesMaterial,entity:material:silk
entity:artifact:1:ld1-1643399887910-1643399914176-1,usesMaterial,entity:material:textile
entity:artifact:1:ld1-1643399887910-1643399914221-0,usesMaterial,entity:material:silk
entity:artifact:1:ld1-1643399887910-1643399914221-0,usesMaterial,entity:material:textile
entity:artifact:1:ld1-1643399887910-1643399914321-0,usesMaterial,entity:material:pigment
entity:artifact:1:ld1-1643399887910-1643399914321-0,usesMaterial,entity:material:silk
entity:artifact:1:ld1-1643399887910-1643399914321-0,usesMaterial,entity:material:textile
entity:artifact:1:ld1-1643399887910-1643399914568-0,usesMaterial,entity:material:paper
entity:artifact:1:ld1-1643399887910-1643399914568-1,usesMaterial,entity:material:paper
entity:artifact:1:ld1-1643399887910-1643399914569-1,usesMaterial,entity:material:paper
entity:artifact:1:ld1-1643399887910-1643399914711-0,usesMaterial,entity:material:silk
entity:artifact:1:ld1-1643399887910-1643399914711-0,usesMaterial,entity:material:textile
entity:artifact:1:ld1-1643399887910-1643399915439-0,usesMaterial,entity:material:silk
entity:artifact:1:ld1-1643399887910-1643399915439-0,usesMaterial,entity:material:textile
entity:artifact:1:ld1-1643399887910-1643399915439-1,usesMaterial,entity:material:silk
entity:artifact:1:ld1-1643399887910-1643399915439-1,usesMaterial,entity:material:textile
entity:artifact:1:ld1-1643399887910-1643399915801-0,usesMaterial,entity:material:silk
entity:artifact:1:ld1-1643399887910-1643399915851-0,usesMaterial,entity:material:canvas
entity:artifact:1:ld1-1643399887910-1643399915851-0,usesMaterial,entity:material:glass
entity:artifact:1:ld1-1643399887910-1643399915851-0,usesMaterial,entity:material:silk
entity:artifact:1:ld1-1643399887910-1643399915851-0,usesMaterial,entity:material:textile
entity:artifact:1:ld1-1643399887910-1643399916079-1,usesMaterial,entity:material:silk
entity:artifact:1:ld1-1643399887910-1643399916079-1,usesMaterial,entity:material:textile
entity:artifact:1:ld1-1643399887910-1643399916080-0,usesMaterial,entity:material:silk
entity:artifact:1:ld1-1643399887910-1643399916080-0,usesMaterial,entity:material:textile
entity:artifact:1:ld1-1643399887910-1643399916126-1,usesMaterial,entity:material:silk
entity:artifact:1:ld1-1643399887910-1643399916126-1,usesMaterial,entity:material:textile
entity:artifact:1:ld1-1643399887910-1643399916186-0,usesMaterial,entity:material:silk
entity:artifact:1:ld1-1643399887910-1643399916186-0,usesMaterial,entity:material:textile
entity:artifact:1:ld1-1643399887910-1643399916186-1,usesMaterial,entity:material:silk
entity:artifact:1:ld1-1643399887910-1643399916188-2,usesMaterial,entity:material:metal
entity:artifact:1:ld1-1643399887910-1643399916188-2,usesMaterial,entity:material:silk
entity:artifact:1:ld1-1643399887910-1643399916189-0,usesMaterial,entity:material:metal
entity:artifact:1:ld1-1643399887910-1643399916189-0,usesMaterial,entity:material:silk
entity:artifact:1:ld1-1643399887910-1643399916189-1,usesMaterial,entity:material:canvas
entity:artifact:1:ld1-1643399887910-1643399916189-1,usesMaterial,entity:material:linen
entity:artifact:1:ld1-1643399887910-1643399916189-1,usesMaterial,entity:material:silk
entity:artifact:1:ld1-1643399887910-1643399916190-0,usesMaterial,entity:material:canvas
entity:artifact:1:ld1-1643399887910-1643399916190-0,usesMaterial,entity:material:linen
entity:artifact:1:ld1-1643399887910-1643399916190-0,usesMaterial,entity:material:silk
entity:artifact:1:ld1-1643399887910-1643399916217-0,usesMaterial,entity:material:cotton
entity:artifact:1:ld1-1643399887910-1643399916217-1,usesMaterial,entity:material:cotton
entity:artifact:1:ld1-1643399887910-1643399916227-2,usesMaterial,entity:material:silk
entity:artifact:1:ld1-1643399887910-1643399916228-0,usesMaterial,entity:material:silk
entity:artifact:1:ld1-1643399887910-1643399916353-2,usesMaterial,entity:material:silk
entity:artifact:1:ld1-1643399887910-1643399916833-0,usesMaterial,entity:material:pigment
entity:artifact:1:ld1-1643399887910-1643399916833-0,usesMaterial,entity:material:silk
entity:artifact:1:ld1-1643399887910-1643399916865-0,usesMaterial,entity:material:silk
entity:artifact:1:ld1-1643399887910-1643399916865-0,usesMaterial,entity:material:textile
entity:artifact:1:ld1-1643399887910-1643399916899-0,usesMaterial,entity:material:copper
entity:artifact:1:ld1-1643399887910-1643399916899-0,usesMaterial,entity:material:glass
entity:artifact:1:ld1-1643399887910-1643399916899-0,usesMaterial,entity:material:wood
entity:artifact:1:ld1-1643399887910-1643399918322-0,usesMaterial,entity:material:ink
entity:artifact:1:ld1-1643399887910-1643399918322-0,usesMaterial,entity:material:paper
entity:artifact:1:ld1-1643399887910-1643399918322-0,usesMaterial,entity:material:wood
entity:artifact:1:ld1-1643399887910-1643399919346-0,usesMaterial,entity:material:ink
entity:artifact:1:ld1-1643399887910-1643399919346-0,usesMaterial,entity:material:paper
entity:artifact:1:ld1-1643399887910-1643399919355-1,usesMaterial,entity:material:ink
entity:artifact:1:ld1-1643399887910-1643399919355-1,usesMaterial,entity:material:paper
entity:artifact:1:ld1-1643399887910-1643399919359-1,usesMaterial,entity:material:paper
entity:artifact:1:ld1-1643399887910-1643399919361-1,usesMaterial,entity:material:ink
entity:artifact:1:ld1-1643399887910-1643399919361-1,usesMaterial,entity:material:paper
entity:artifact:1:ld1-1643399887910-1643399919376-0,usesMaterial,entity:material:paper
entity:artifact:1:ld1-1643399887910-1643399919376-0,usesMaterial,entity:material:pigment
entity:artifact:1:ld1-1643399887910-1643399919378-0,usesMaterial,entity:material:paper
entity:artifact:1:ld1-1643399887910-1643399919379-1,usesMaterial,entity:material:ink
entity:artifact:1:ld1-1643399887910-1643399919379-1,usesMaterial,entity:material:paper
entity:artifact:1:ld1-1643399887910-1643399919380-0,usesMaterial,entity:material:ink
entity:artifact:1:ld1-1643399887910-1643399919380-0,usesMaterial,entity:material:paper
entity:artifact:1:ld1-1643399887910-1643399919380-1,usesMaterial,entity:material:ink
entity:artifact:1:ld1-1643399887910-1643399919380-1,usesMaterial,entity:material:paper
entity:artifact:1:ld1-1643399887910-1643399919381-0,usesMaterial,entity:material:ink
entity:artifact:1:ld1-1643399887910-1643399919381-0,usesMaterial,entity:material:paper
entity:artifact:1:ld1-1643399887910-1643399919381-1,usesMaterial,entity:material:ink
entity:artifact:1:ld1-1643399887910-1643399919381-1,usesMaterial,entity:material:paper
entity:artifact:1:ld1-1643399887910-1643399919382-1,usesMaterial,entity:material:ink
entity:artifact:1:ld1-1643399887910-1643399919382-1,usesMaterial,entity:material:paper
entity:artifact:1:ld1-1643399887910-1643399919383-0,usesMaterial,entity:material:ink
entity:artifact:1:ld1-1643399887910-1643399919383-0,usesMaterial,entity:material:paper
entity:artifact:1:ld1-1643399887910-1643399919913-0,usesMaterial,entity:material:paper
entity:artifact:1:ld1-1643399887910-1643399920351-2,usesMaterial,entity:material:silk
entity:artifact:1:ld1-1643399887910-1643399920418-1,usesMaterial,entity:material:cotton
entity:artifact:1:ld1-1643399887910-1643399920423-0,usesMaterial,entity:material:cotton
entity:artifact:1:ld1-1643399887910-1643399920423-1,usesMaterial,entity:material:silk
entity:artifact:1:ld1-1643399887910-1643399920424-0,usesMaterial,entity:material:cotton
entity:artifact:1:ld1-1643399887910-1643399920596-1,usesMaterial,entity:material:silk
entity:artifact:1:ld1-1643399887910-1643399920597-0,usesMaterial,entity:material:silk
entity:artifact:1:ld1-1643399887910-1643399920597-1,usesMaterial,entity:material:silk
entity:artifact:1:ld1-1643399887910-1643399920597-2,usesMaterial,entity:material:silk
entity:artifact:1:ld1-1643399887910-1643399920598-0,usesMaterial,entity:material:silk
entity:artifact:1:ld1-1643399887910-1643399920598-1,usesMaterial,entity:material:silk
entity:artifact:1:ld1-1643399887910-1643399920599-0,usesMaterial,entity:material:silk
entity:artifact:1:ld1-1643399887910-1643399920599-1,usesMaterial,entity:material:silk
entity:artifact:1:ld1-1643399887910-1643399920600-0,usesMaterial,entity:material:silk
entity:artifact:1:ld1-1643399887910-1643399920600-1,usesMaterial,entity:material:silk
entity:artifact:1:ld1-1643399887910-1643399920601-0,usesMaterial,entity:material:silk
entity:artifact:1:ld1-1643399887910-1643399920601-1,usesMaterial,entity:material:silk
entity:artifact:1:ld1-1643399887910-1643399920601-2,usesMaterial,entity:material:silk
entity:artifact:1:ld1-1643399887910-1643399920602-0,usesMaterial,entity:material:silk
entity:artifact:1:ld1-1643399887910-1643399920602-1,usesMaterial,entity:material:silk
entity:artifact:1:ld1-1643399887910-1643399920828-1,usesMaterial,entity:material:silk
entity:artifact:1:ld1-1643399887910-1643399921342-0,usesMaterial,entity:material:silk
entity:artifact:1:ld1-1643399887910-1643399921539-1,usesMaterial,entity:material:gold
entity:artifact:1:ld1-1643399887910-1643399921539-1,usesMaterial,entity:material:paper
entity:artifact:1:ld1-1643399887910-1643399921539-1,usesMaterial,entity:material:silk
entity:artifact:1:ld1-1643399887910-1643399921662-0,usesMaterial,entity:material:gold
entity:artifact:1:ld1-1643399887910-1643399921662-0,usesMaterial,entity:material:paper
entity:artifact:1:ld1-1643399887910-1643399921662-0,usesMaterial,entity:material:pigment
entity:artifact:1:ld1-1643399887910-1643399922086-1,usesMaterial,entity:material:silk
entity:artifact:1:ld1-1643399887910-1643399922213-0,usesMaterial,entity:material:gold
entity:artifact:1:ld1-1643399887910-1643399922213-0,usesMaterial,entity:material:paper
entity:artifact:1:ld1-1643399887910-1643399922213-0,usesMaterial,entity:material:silk
entity:artifact:1:ld1-1643399887910-1643399922213-0,usesMaterial,entity:material:textile
entity:artifact:1:ld1-1643399887910-1643399922925-0,usesMaterial,entity:material:ivory
entity:artifact:1:ld1-1643399887910-1643399922925-0,usesMaterial,entity:material:silk
entity:artifact:1:ld1-1643399887910-1643399922935-0,usesMaterial,entity:material:gold
entity:artifact:1:ld1-1643399887910-1643399922935-0,usesMaterial,entity:material:silk
entity:artifact:1:ld1-1643399887910-1643399922935-0,usesMaterial,entity:material:wood
entity:artifact:1:ld1-1643399887910-1643399922941-0,usesMaterial,entity:material:glass
entity:artifact:1:ld1-1643399887910-1643399922941-0,usesMaterial,entity:material:ivory
entity:artifact:1:ld1-1643399887910-1643399922941-0,usesMaterial,entity:material:silk
entity:artifact:1:ld1-1643399887910-1643399922941-0,usesMaterial,entity:material:stone
entity:artifact:1:ld1-1643399887910-1643399922942-0,usesMaterial,entity:material:wood
entity:artifact:1:ld1-1643399887910-1643399922944-1,usesMaterial,entity:material:bone
entity:artifact:1:ld1-1643399887910-1643399922944-1,usesMaterial,entity:material:silk
entity:artifact:1:ld1-1643399887910-1643399922945-0,usesMaterial,entity:material:bone
entity:artifact:1:ld1-1643399887910-1643399922945-0,usesMaterial,entity:material:silk
entity:artifact:1:ld1-1643399887910-1643399923680-1,usesMaterial,entity:material:enamel
entity:artifact:1:ld1-1643399887910-1643399923680-1,usesMaterial,entity:material:metal
entity:artifact:1:ld1-1643399887910-1643399923680-1,usesMaterial,entity:material:silk
entity:artifact:1:ld1-1643399887910-1643399923684-0,usesMaterial,entity:material:gold
entity:artifact:1:ld1-1643399887910-1643399923684-0,usesMaterial,entity:material:metal
entity:artifact:1:ld1-1643399887910-1643399923684-0,usesMaterial,entity:material:silk
entity:artifact:1:ld1-1643399887910-1643399923684-0,usesMaterial,entity:material:wood
entity:artifact:1:ld1-1643399887910-1643399923781-1,usesMaterial,entity:material:silk
entity:artifact:1:ld1-1643399887910-1643399923781-1,usesMaterial,entity:material:textile
entity:artifact:1:ld1-1643399887910-1643399923785-1,usesMaterial,entity:material:silk
entity:artifact:1:ld1-1643399887910-1643399923785-1,usesMaterial,entity:material:textile
entity:artifact:1:ld1-1643399887910-1643399924134-1,usesMaterial,entity:material:paper
entity:artifact:1:ld1-1643399887910-1643399924235-1,usesMaterial,entity:material:silk
entity:artifact:1:ld1-1643399887910-1643399924235-1,usesMaterial,entity:material:textile
entity:artifact:1:ld1-1643399887910-1643399924251-0,usesMaterial,entity:material:gold
entity:artifact:1:ld1-1643399887910-1643399924251-0,usesMaterial,entity:material:paper
entity:artifact:1:ld1-1643399887910-1643399924251-0,usesMaterial,entity:material:pigment
entity:artifact:1:ld1-1643399887910-1643399924253-1,usesMaterial,entity:material:gold
entity:artifact:1:ld1-1643399887910-1643399924253-1,usesMaterial,entity:material:paper
entity:artifact:1:ld1-1643399887910-1643399924255-1,usesMaterial,entity:material:gold
entity:artifact:1:ld1-1643399887910-1643399924255-1,usesMaterial,entity:material:paper
entity:artifact:1:ld1-1643399887910-1643399924255-1,usesMaterial,entity:material:pigment
entity:artifact:1:ld1-1643399887910-1643399924299-0,usesMaterial,entity:material:ink
entity:artifact:1:ld1-1643399887910-1643399924371-1,usesMaterial,entity:material:silk
entity:artifact:1:ld1-1643399887910-1643399924371-1,usesMaterial,entity:material:textile
entity:artifact:1:ld1-1643399887910-1643399924371-2,usesMaterial,entity:material:silk
entity:artifact:1:ld1-1643399887910-1643399924371-2,usesMaterial,entity:material:textile
entity:artifact:1:ld1-1643399887910-1643399924622-1,usesMaterial,entity:material:paper
entity:artifact:1:ld1-1643399887910-1643399924869-1,usesMaterial,entity:material:paper
entity:artifact:1:ld1-1643399887910-1643399924870-0,usesMaterial,entity:material:paper
entity:artifact:1:ld1-1643399887910-1643399924870-1,usesMaterial,entity:material:paper
entity:artifact:1:ld1-1643399887910-1643399925655-0,usesMaterial,entity:material:cotton
entity:artifact:1:ld1-1643399887910-1643399925655-0,usesMaterial,entity:material:gold
entity:artifact:1:ld1-1643399887910-1643399925655-0,usesMaterial,entity:material:paper
entity:artifact:1:ld1-1643399887910-1643399925655-0,usesMaterial,entity:material:silk
entity:artifact:1:ld1-1643399887910-1643399925655-1,usesMaterial,entity:material:silk
entity:artifact:1:ld1-1643399887910-1643399925655-1,usesMaterial,entity:material:textile
entity:artifact:1:ld1-1643399887910-1643399925656-0,usesMaterial,entity:material:silk
entity:artifact:1:ld1-1643399887910-1643399925656-0,usesMaterial,entity:material:textile
entity:artifact:1:ld1-1643399887910-1643399925656-1,usesMaterial,entity:material:silk
entity:artifact:1:ld1-1643399887910-1643399925656-1,usesMaterial,entity:material:textile
entity:artifact:1:ld1-1643399887910-1643399927091-2,usesMaterial,entity:material:textile
entity:artifact:1:ld1-1643399887910-1643399927092-0,usesMaterial,entity:material:textile
entity:artifact:1:ld1-1643399887910-1643399927132-0,usesMaterial,entity:material:silk
entity:artifact:1:ld1-1643399887910-1643399927132-1,usesMaterial,entity:material:silk
entity:artifact:1:ld1-1643399887910-1643399927527-1,usesMaterial,entity:material:cotton
entity:artifact:1:ld1-1643399887910-1643399927527-1,usesMaterial,entity:material:silk
entity:artifact:1:ld1-1643399887910-1643399927528-1,usesMaterial,entity:material:cotton
entity:artifact:1:ld1-1643399887910-1643399927530-0,usesMaterial,entity:material:silk
entity:artifact:1:ld1-1643399887910-1643399927530-1,usesMaterial,entity:material:textile
entity:artifact:1:ld1-1643399887910-1643399927530-2,usesMaterial,entity:material:textile
entity:artifact:1:ld1-1643399887910-1643399927531-0,usesMaterial,entity:material:textile
entity:artifact:1:ld1-1643399887910-1643399927531-1,usesMaterial,entity:material:textile
entity:artifact:1:ld1-1643399887910-1643399927531-2,usesMaterial,entity:material:textile
entity:artifact:1:ld1-1643399887910-1643399927532-0,usesMaterial,entity:material:textile
entity:artifact:1:ld1-1643399887910-1643399927532-1,usesMaterial,entity:material:textile
entity:artifact:1:ld1-1643399887910-1643399927533-0,usesMaterial,entity:material:textile
entity:artifact:1:ld1-1643399887910-1643399927533-1,usesMaterial,entity:material:textile
entity:artifact:1:ld1-1643399887910-1643399927533-2,usesMaterial,entity:material:textile
entity:artifact:1:ld1-1643399887910-1643399927534-0,usesMaterial,entity:material:textile
entity:artifact:1:ld1-1643399887910-1643399927534-1,usesMaterial,entity:material:textile
entity:artifact:1:ld1-1643399887910-1643399927535-0,usesMaterial,entity:material:textile
entity:artifact:1:ld1-1643399887910-1643399927535-1,usesMaterial,entity:material:textile
entity:artifact:1:ld1-1643399887910-1643399927535-2,usesMaterial,entity:material:textile
entity:artifact:1:ld1-1643399887910-1643399927536-0,usesMaterial,entity:material:textile
entity:artifact:1:ld1-1643399887910-1643399927536-1,usesMaterial,entity:material:textile
entity:artifact:1:ld1-1643399887910-1643399927536-2,usesMaterial,entity:material:textile
entity:artifact:1:ld1-1643399887910-1643399927537-0,usesMaterial,entity:material:textile
entity:artifact:1:ld1-1643399887910-1643399927537-1,usesMaterial,entity:material:textile
entity:artifact:1:ld1-1643399887910-1643399927538-0,usesMaterial,entity:material:silk
entity:artifact:1:ld1-1643399887910-1643399927538-0,usesMaterial,entity:material:textile
entity:artifact:1:ld1-1643399887910-1643399927538-1,usesMaterial,entity:material:silk
entity:artifact:1:ld1-1643399887910-1643399927538-1,usesMaterial,entity:material:textile
entity:artifact:1:ld1-1643399887910-1643399927538-2,usesMaterial,entity:material:textile
entity:artifact:1:ld1-1643399887910-1643399927539-0,usesMaterial,entity:material:textile
entity:artifact:1:ld1-1643399887910-1643399927539-1,usesMaterial,entity:material:textile
entity:artifact:1:ld1-1643399887910-1643399927540-0,usesMaterial,entity:material:textile
entity:artifact:1:ld1-1643399887910-1643399927540-1,usesMaterial,entity:material:textile
entity:artifact:1:ld1-1643399887910-1643399928545-1,usesMaterial,entity:material:copper
entity:artifact:1:ld1-1643399887910-1643399928545-1,usesMaterial,entity:material:glass
entity:artifact:1:ld1-1643399887910-1643399928545-1,usesMaterial,entity:material:wood
entity:artifact:1:ld1-1643399887910-1643399928734-0,usesMaterial,entity:material:silk
entity:artifact:1:ld1-1643399887910-1643399928734-0,usesMaterial,entity:material:textile
entity:artifact:1:ld1-1643399887910-1643399928736-0,usesMaterial,entity:material:silk
entity:artifact:1:ld1-1643399887910-1643399928736-0,usesMaterial,entity:material:textile
entity:artifact:1:ld1-1643399887910-1643399928741-0,usesMaterial,entity:material:textile
entity:artifact:1:ld1-1643399887910-1643399928741-1,usesMaterial,entity:material:silk
entity:artifact:1:ld1-1643399887910-1643399928741-1,usesMaterial,entity:material:textile
entity:artifact:1:ld1-1643399887910-1643399929083-0,usesMaterial,entity:material:silk
entity:artifact:1:ld1-1643399887910-1643399929083-0,usesMaterial,entity:material:textile
entity:artifact:1:ld1-1643399887910-1643399929091-1,usesMaterial,entity:material:ivory
entity:artifact:1:ld1-1643399887910-1643399929091-1,usesMaterial,entity:material:silk
entity:artifact:1:ld1-1643399887910-1643399929128-1,usesMaterial,entity:material:ink
entity:artifact:1:ld1-1643399887910-1643399929128-1,usesMaterial,entity:material:paper
entity:artifact:1:ld1-1643399887910-1643399929128-1,usesMaterial,entity:material:wood
entity:artifact:1:ld1-1643399887910-1643399929194-0,usesMaterial,entity:material:metal
entity:artifact:1:ld1-1643399887910-1643399929194-0,usesMaterial,entity:material:silk
entity:artifact:1:ld1-1643399887910-1643399929194-0,usesMaterial,entity:material:textile
entity:artifact:1:ld1-1643399887910-1643399929194-1,usesMaterial,entity:material:silk
entity:artifact:1:ld1-1643399887910-1643399929206-1,usesMaterial,entity:material:gold
entity:artifact:1:ld1-1643399887910-1643399929206-1,usesMaterial,entity:material:paper
entity:artifact:1:ld1-1643399887910-1643399929206-1,usesMaterial,entity:material:silk
entity:artifact:1:ld1-1643399887910-1643399929207-0,usesMaterial,entity:material:gold
entity:artifact:1:ld1-1643399887910-1643399929207-0,usesMaterial,entity:material:paper
entity:artifact:1:ld1-1643399887910-1643399929207-0,usesMaterial,entity:material:silk
entity:artifact:1:ld1-1643399887910-1643399929207-1,usesMaterial,entity:material:silk
entity:artifact:1:ld1-1643399887910-1643399929394-0,usesMaterial,entity:material:glass
entity:artifact:1:ld1-1643399887910-1643399929394-0,usesMaterial,entity:material:gold
entity:artifact:1:ld1-1643399887910-1643399929394-0,usesMaterial,entity:material:ivory
entity:artifact:1:ld1-1643399887910-1643399929394-0,usesMaterial,entity:material:silk
entity:artifact:1:ld1-1643399887910-1643399929394-0,usesMaterial,entity:material:textile
entity:artifact:1:ld1-1643399887910-1643399929397-1,usesMaterial,entity:material:enamel
entity:artifact:1:ld1-1643399887910-1643399929397-1,usesMaterial,entity:material:wood
entity:artifact:1:ld1-1643399887910-1643399929782-0,usesMaterial,entity:material:silk
entity:artifact:1:ld1-1643399887910-1643399930131-0,usesMaterial,entity:material:silk
entity:artifact:1:ld1-1643399887910-1643399930131-0,usesMaterial,entity:material:wood
entity:artifact:1:ld1-1643399887910-1643399930448-0,usesMaterial,entity:material:paper
entity:artifact:1:ld1-1643399887910-1643399930601-1,usesMaterial,entity:material:silk
entity:artifact:1:ld1-1643399887910-1643399930601-1,usesMaterial,entity:material:textile
entity:artifact:1:ld1-1643399887910-1643399930788-0,usesMaterial,entity:material:enamel
entity:artifact:1:ld1-1643399887910-1643399930788-0,usesMaterial,entity:material:metal
entity:artifact:1:ld1-1643399887910-1643399931031-1,usesMaterial,entity:material:ivory
entity:artifact:1:ld1-1643399887910-1643399931341-0,usesMaterial,entity:material:porcelain
entity:artifact:1:ld1-1643399887910-1643399931434-0,usesMaterial,entity:material:enamel
entity:artifact:1:ld1-1643399887910-1643399931434-0,usesMaterial,entity:material:gold
entity:artifact:1:ld1-1643399887910-1643399931434-0,usesMaterial,entity:material:porcelain
entity:artifact:1:ld1-1643399887910-1643399931450-0,usesMaterial,entity:material:bone
entity:artifact:1:ld1-1643399887910-1643399931450-0,usesMaterial,entity:material:paper
entity:artifact:1:ld1-1643399887910-1643399931527-0,usesMaterial,entity:material:bamboo
entity:artifact:1:ld1-1643399887910-1643399931527-0,usesMaterial,entity:material:silk
entity:artifact:1:ld1-1643399887910-1643399931528-0,usesMaterial,entity:material:bamboo
entity:artifact:1:ld1-1643399887910-1643399931528-0,usesMaterial,entity:material:silk
entity:artifact:1:ld1-1643399887910-1643399931528-0,usesMaterial,entity:material:textile
entity:artifact:1:ld1-1643399887910-1643399931528-1,usesMaterial,entity:material:bamboo
entity:artifact:1:ld1-1643399887910-1643399931528-1,usesMaterial,entity:material:silk
entity:artifact:1:ld1-1643399887910-1643399931528-1,usesMaterial,entity:material:textile
entity:artifact:1:ld1-1643399887910-1643399931709-0,usesMaterial,entity:material:canvas
entity:artifact:1:ld1-1643399887910-1643399931709-0,usesMaterial,entity:material:silk
entity:artifact:1:ld1-1643399887910-1643399932216-0,usesMaterial,entity:material:paper
entity:artifact:1:ld1-1643399887910-1643399932219-0,usesMaterial,entity:material:earthenware
entity:artifact:1:ld1-1643399887910-1643399932271-0,usesMaterial,entity:material:silk
entity:artifact:1:ld1-1643399887910-1643399932525-0,usesMaterial,entity:material:silk
entity:artifact:1:ld1-1643399887910-1643399932525-0,usesMaterial,entity:material:textile
entity:artifact:1:ld1-1643399887910-1643399932526-0,usesMaterial,entity:material:silk
entity:artifact:1:ld1-1643399887910-1643399932661-1,usesMaterial,entity:material:cotton
entity:artifact:1:ld1-1643399887910-1643399932867-0,usesMaterial,entity:material:paper
entity:artifact:1:ld1-1643399887910-1643399933195-1,usesMaterial,entity:material:paper
entity:artifact:1:ld1-1643399887910-1643399933882-0,usesMaterial,entity:material:silk
entity:artifact:1:ld1-1643399887910-1643399933882-0,usesMaterial,entity:material:textile
entity:artifact:1:ld1-1643399887910-1643399934430-0,usesMaterial,entity:material:silk
entity:artifact:1:ld1-1643399887910-1643399934431-0,usesMaterial,entity:material:silk
entity:artifact:1:ld1-1643399887910-1643399935114-0,usesMaterial,entity:material:paper
entity:artifact:1:ld1-1643399887910-1643399935121-0,usesMaterial,entity:material:paper
entity:artifact:1:ld1-1643399887910-1643399935127-0,usesMaterial,entity:material:paper
entity:artifact:1:ld1-1643399887910-1643399935550-0,usesMaterial,entity:material:silk
entity:artifact:1:ld1-1643399887910-1643399935550-0,usesMaterial,entity:material:textile
entity:artifact:1:ld1-1643399887910-1643399935914-0,usesMaterial,entity:material:silk
entity:artifact:1:ld1-1643399887910-1643399935994-0,usesMaterial,entity:material:silk
entity:artifact:1:ld1-1643399887910-1643399935994-0,usesMaterial,entity:material:textile
entity:artifact:1:ld1-1643399887910-1643399935997-0,usesMaterial,entity:material:silk
entity:artifact:1:ld1-1643399887910-1643399935997-0,usesMaterial,entity:material:textile
entity:artifact:1:ld1-1643399887910-1643399936071-1,usesMaterial,entity:material:silk
entity:artifact:1:ld1-1643399887910-1643399936098-1,usesMaterial,entity:material:porcelain
entity:artifact:1:ld1-1643399887910-1643399936100-0,usesMaterial,entity:material:porcelain
entity:artifact:1:ld1-1643399887910-1643399936110-1,usesMaterial,entity:material:silk
entity:artifact:1:ld1-1643399887910-1643399936143-0,usesMaterial,entity:material:bamboo
entity:artifact:1:ld1-1643399887910-1643399936145-1,usesMaterial,entity:material:silk
entity:artifact:1:ld1-1643399887910-1643399937246-0,usesMaterial,entity:material:silk
entity:artifact:1:ld1-1643399887910-1643399937271-1,usesMaterial,entity:material:silk
entity:artifact:1:ld1-1643399887910-1643399937271-1,usesMaterial,entity:material:textile
entity:artifact:1:ld1-1643399887910-1643399937978-0,usesMaterial,entity:material:cotton
entity:artifact:1:ld1-1643399887910-1643399937978-0,usesMaterial,entity:material:textile
entity:artifact:1:ld1-1643399887910-1643399937979-0,usesMaterial,entity:material:cotton
entity:artifact:1:ld1-1643399887910-1643399937979-0,usesMaterial,entity:material:textile
entity:artifact:1:ld1-1643399887910-1643399937979-1,usesMaterial,entity:material:cotton
entity:artifact:1:ld1-1643399887910-1643399937979-1,usesMaterial,entity:material:textile
entity:artifact:1:ld1-1643399887910-1643399937980-0,usesMaterial,entity:material:cotton
entity:artifact:1:ld1-1643399887910-1643399937980-0,usesMaterial,entity:material:textile
entity:artifact:1:ld1-1643399887910-1643399938062-0,usesMaterial,entity:material:porcelain
entity:artifact:1:ld1-1643399887910-1643399938261-1,usesMaterial,entity:material:silk
entity:artifact:1:ld1-1643399887910-1643399938261-1,usesMaterial,entity:material:textile
entity:artifact:1:ld1-1643399887910-1643399939178-0,usesMaterial,entity:material:porcelain
entity:artifact:1:ld1-1643399887910-1643399939823-0,usesMaterial,entity:material:silk
entity:artifact:1:ld1-1643399887910-1643399939823-0,usesMaterial,entity:material:textile
entity:artifact:1:ld1-1643399887910-1643399940613-0,usesMaterial,entity:material:gold
entity:artifact:1:ld1-1643399887910-1643399940613-0,usesMaterial,entity:material:jade
entity:artifact:1:ld1-1643399887910-1643399940613-0,usesMaterial,entity:material:lacquer
entity:artifact:1:ld1-1643399887910-1643399940614-0,usesMaterial,entity:material:silk
entity:artifact:1:ld1-1643399887910-1643399940614-0,usesMaterial,entity:material:textile
entity:artifact:1:ld1-1643399887910-1643399940614-1,usesMaterial,entity:material:silk
entity:artifact:1:ld1-1643399887910-1643399940614-1,usesMaterial,entity:material:textile
entity:artifact:1:ld1-1643399887910-1643399940615-0,usesMaterial,entity:material:silk
entity:artifact:1:ld1-1643399887910-1643399940615-0,usesMaterial,entity:material:textile
entity:artifact:1:ld1-1643399887910-1643399940615-1,usesMaterial,entity:material:silk
entity:artifact:1:ld1-1643399887910-1643399940615-1,usesMaterial,entity:material:textile
entity:artifact:1:ld1-1643399887910-1643399940616-0,usesMaterial,entity:material:silk
entity:artifact:1:ld1-1643399887910-1643399940616-0,usesMaterial,entity:material:textile
entity:artifact:1:ld1-1643399887910-1643399940616-1,usesMaterial,entity:material:silk
entity:artifact:1:ld1-1643399887910-1643399940616-1,usesMaterial,entity:material:textile
entity:artifact:1:ld1-1643399887910-1643399940617-0,usesMaterial,entity:material:silk
entity:artifact:1:ld1-1643399887910-1643399940617-0,usesMaterial,entity:material:textile
entity:artifact:1:ld1-1643399887910-1643399940731-0,usesMaterial,entity:material:silk
entity:artifact:1:ld1-1643399887910-1643399940731-0,usesMaterial,entity:material:textile
entity:artifact:1:ld1-1643399887910-1643399940733-0,usesMaterial,entity:material:silk
entity:artifact:1:ld1-1643399887910-1643399940785-0,usesMaterial,entity:material:bronze
entity:artifact:1:ld1-1643399887910-1643399940785-0,usesMaterial,entity:material:gold
entity:artifact:1:ld1-1643399887910-1643399940785-0,usesMaterial,entity:material:porcelain
entity:artifact:1:ld1-1643399887910-1643399940788-0,usesMaterial,entity:material:stone
entity:artifact:1:ld1-1643399887910-1643399940788-1,usesMaterial,entity:material:nephrite
entity:artifact:1:ld1-1643399887910-1643399940789-0,usesMaterial,entity:material:glass
entity:artifact:1:ld1-1643399887910-1643399940794-0,usesMaterial,entity:material:earthenware
entity:artifact:1:ld1-1643399887910-1643399940795-0,usesMaterial,entity:material:porcelain
entity:artifact:1:ld1-1643399887910-1643399940846-0,usesMaterial,entity:material:ivory
entity:artifact:1:ld1-1643399887910-1643399940846-0,usesMaterial,entity:material:lacquer
entity:artifact:1:ld1-1643399887910-1643399940846-0,usesMaterial,entity:material:wood
entity:artifact:1:ld1-1643399887910-1643399941129-0,usesMaterial,entity:material:bronze
entity:artifact:1:ld1-1643399887910-1643399941129-0,usesMaterial,entity:material:enamel
entity:artifact:1:ld1-1643399887910-1643399941129-0,usesMaterial,entity:material:gold
entity:artifact:1:ld1-1643399887910-1643399941727-1,usesMaterial,entity:material:copper
entity:artifact:1:ld1-1643399887910-1643399941727-1,usesMaterial,entity:material:cotton
entity:artifact:1:ld1-1643399887910-1643399941727-1,usesMaterial,entity:material:glass
entity:artifact:1:ld1-1643399887910-1643399941727-1,usesMaterial,entity:material:gold
entity:artifact:1:ld1-1643399887910-1643399941727-1,usesMaterial,entity:material:paper
entity:artifact:1:ld1-1643399887910-1643399941727-1,usesMaterial,entity:material:silk
entity:artifact:1:ld1-1643399887910-1643399941747-0,usesMaterial,entity:material:silver
entity:artifact:1:ld1-1643399887910-1643399942115-0,usesMaterial,entity:material:paper
entity:artifact:1:ld1-1643399887910-1643399942269-1,usesMaterial,entity:material:ivory
entity:artifact:1:ld1-1643399887910-1643399942269-1,usesMaterial,entity:material:silk
entity:artifact:1:ld1-1643399887910-1643399942269-1,usesMaterial,entity:material:stone
entity:artifact:1:ld1-1643399887910-1643399942278-0,usesMaterial,entity:material:gold
entity:artifact:1:ld1-1643399887910-1643399942278-0,usesMaterial,entity:material:ivory
entity:artifact:1:ld1-1643399887910-1643399942278-0,usesMaterial,entity:material:metal
entity:artifact:1:ld1-1643399887910-1643399942278-0,usesMaterial,entity:material:paper
entity:artifact:1:ld1-1643399887910-1643399942278-0,usesMaterial,entity:material:silk
entity:artifact:1:ld1-1643399887910-1643399942279-0,usesMaterial,entity:material:gold
entity:artifact:1:ld1-1643399887910-1643399942279-0,usesMaterial,entity:material:jade
entity:artifact:1:ld1-1643399887910-1643399942279-0,usesMaterial,entity:material:silk
entity:artifact:1:ld1-1643399887910-1643399942556-1,usesMaterial,entity:material:linen
entity:artifact:1:ld1-1643399887910-1643399942556-1,usesMaterial,entity:material:silk
entity:artifact:1:ld1-1643399887910-1643399942556-1,usesMaterial,entity:material:textile
entity:artifact:1:ld1-1643399887910-1643399942560-1,usesMaterial,entity:material:metal
entity:artifact:1:ld1-1643399887910-1643399942560-1,usesMaterial,entity:material:silk
entity:artifact:1:ld1-1643399887910-1643399942560-1,usesMaterial,entity:material:textile
entity:artifact:1:ld1-1643399887910-1643399942561-1,usesMaterial,entity:material:silk
entity:artifact:1:ld1-1643399887910-1643399942561-1,usesMaterial,entity:material:textile
entity:artifact:1:ld1-1643399887910-1643399942561-2,usesMaterial,entity:material:cotton
entity:artifact:1:ld1-1643399887910-1643399942561-2,usesMaterial,entity:material:silk
entity:artifact:1:ld1-1643399887910-1643399942561-2,usesMaterial,entity:material:textile
entity:artifact:1:ld1-1643399887910-1643399942562-0,usesMaterial,entity:material:cotton
entity:artifact:1:ld1-1643399887910-1643399942562-0,usesMaterial,entity:material:silk
entity:artifact:1:ld1-1643399887910-1643399942562-0,usesMaterial,entity:material:textile
entity:artifact:1:ld1-1643399887910-1643399942836-1,usesMaterial,entity:material:paper
entity:artifact:1:ld1-1643399887910-1643399942836-2,usesMaterial,entity:material:paper
entity:artifact:1:ld1-1643399887910-1643399942890-2,usesMaterial,entity:material:paper
entity:artifact:1:ld1-1643399887910-1643399944219-0,usesMaterial,entity:material:silk
entity:artifact:1:ld1-1643399887910-1643399944219-0,usesMaterial,entity:material:textile
entity:artifact:1:ld1-1643399887910-1643399944233-0,usesMaterial,entity:material:silk
entity:artifact:1:ld1-1643399887910-1643399944247-1,usesMaterial,entity:material:silk
entity:artifact:1:ld1-1643399887910-1643399944250-0,usesMaterial,entity:material:silk
entity:artifact:1:ld1-1643399887910-1643399944252-2,usesMaterial,entity:material:silk
entity:artifact:1:ld1-1643399887910-1643399944692-1,usesMaterial,entity:material:gold
entity:artifact:1:ld1-1643399887910-1643399944692-1,usesMaterial,entity:material:paper
entity:artifact:1:ld1-1643399887910-1643399944692-1,usesMaterial,entity:material:silk
entity:artifact:1:ld1-1643399887910-1643399944692-1,usesMaterial,entity:material:textile
entity:artifact:1:ld1-1643399887910-1643399945400-0,usesMaterial,entity:material:silk
entity:artifact:1:ld1-1643399887910-1643399947060-0,usesMaterial,entity:material:porcelain
entity:artifact:1:ld1-1643399887910-1643399947370-1,usesMaterial,entity:material:enamel
entity:artifact:1:ld1-1643399887910-1643399947370-1,usesMaterial,entity:material:porcelain
entity:artifact:1:ld1-1643399887910-1643399947371-0,usesMaterial,entity:material:enamel
entity:artifact:1:ld1-1643399887910-1643399947371-0,usesMaterial,entity:material:porcelain
entity:artifact:1:ld1-1643399887910-1643399947381-1,usesMaterial,entity:material:porcelain
entity:artifact:1:ld1-1643399887910-1643399947382-0,usesMaterial,entity:material:porcelain
entity:artifact:1:ld1-1643399887910-1643399947383-0,usesMaterial,entity:material:porcelain
entity:artifact:1:ld1-1643399887910-1643399947383-1,usesMaterial,entity:material:porcelain
entity:artifact:1:ld1-1643399887910-1643399947388-0,usesMaterial,entity:material:porcelain
entity:artifact:1:ld1-1643399887910-1643399948007-0,usesMaterial,entity:material:copper
entity:artifact:1:ld1-1643399887910-1643399948007-0,usesMaterial,entity:material:enamel
entity:artifact:1:ld1-1643399887910-1643399948132-0,usesMaterial,entity:material:silver
entity:artifact:1:ld1-1643399887910-1643399954421-1,usesMaterial,entity:material:glass
entity:artifact:1:ld1-1643399887910-1643399954421-1,usesMaterial,entity:material:ivory
entity:artifact:1:ld1-1643399887910-1643399954421-1,usesMaterial,entity:material:stone
entity:artifact:1:ld1-1643399887910-1643399954424-0,usesMaterial,entity:material:glass
entity:artifact:1:ld1-1643399887910-1643399954424-0,usesMaterial,entity:material:ivory
entity:artifact:1:ld1-1643399887910-1643399954425-0,usesMaterial,entity:material:enamel
entity:artifact:1:ld1-1643399887910-1643399954425-0,usesMaterial,entity:material:ivory
entity:artifact:1:ld1-1643399887910-1643399954425-0,usesMaterial,entity:material:porcelain
entity:artifact:1:ld1-1643399887910-1643399954425-0,usesMaterial,entity:material:stone
entity:artifact:1:ld1-1643399887910-1643399954426-0,usesMaterial,entity:material:amber
entity:artifact:1:ld1-1643399887910-1643399954426-0,usesMaterial,entity:material:earthenware
entity:artifact:1:ld1-1643399887910-1643399954426-0,usesMaterial,entity:material:ivory
entity:artifact:1:ld1-1643399887910-1643399954511-0,usesMaterial,entity:material:glass
entity:artifact:1:ld1-1643399887910-1643399954520-0,usesMaterial,entity:material:enamel
entity:artifact:1:ld1-1643399887910-1643399954520-0,usesMaterial,entity:material:gold
entity:artifact:1:ld1-1643399887910-1643399954520-0,usesMaterial,entity:material:porcelain
entity:artifact:1:ld1-1643399887910-1643399955055-0,usesMaterial,entity:material:gold
entity:artifact:1:ld1-1643399887910-1643399955055-0,usesMaterial,entity:material:paper
entity:artifact:1:ld1-1643399887910-1643399955055-0,usesMaterial,entity:material:silk
entity:artifact:1:ld1-1643399887910-1643399955623-2,usesMaterial,entity:material:stone
entity:artifact:1:ld1-1643399887910-1643399955624-0,usesMaterial,entity:material:stone
entity:artifact:1:ld1-1643399887910-1643399955624-0,usesMaterial,entity:material:wood
entity:artifact:1:ld1-1643399887910-1643399955624-1,usesMaterial,entity:material:stone
entity:artifact:1:ld1-1643399887910-1643399955624-1,usesMaterial,entity:material:wood
entity:artifact:1:ld1-1643399887910-1643399955625-0,usesMaterial,entity:material:stone
entity:artifact:1:ld1-1643399887910-1643399955625-0,usesMaterial,entity:material:wood
entity:artifact:1:ld1-1643399887910-1643399955625-2,usesMaterial,entity:material:stone
entity:artifact:1:ld1-1643399887910-1643399956790-0,usesMaterial,entity:material:enamel
entity:artifact:1:ld1-1643399887910-1643399956790-0,usesMaterial,entity:material:gold
entity:artifact:1:ld1-1643399887910-1643399956790-0,usesMaterial,entity:material:porcelain
entity:artifact:1:ld1-1643399887910-1643399957123-0,usesMaterial,entity:material:enamel
entity:artifact:1:ld1-1643399887910-1643399957123-0,usesMaterial,entity:material:metal
entity:artifact:1:ld1-1643399887910-1643399957123-0,usesMaterial,entity:material:stone
entity:artifact:1:ld1-1643399887910-1643399957123-1,usesMaterial,entity:material:jade
entity:artifact:1:ld1-1643399887910-1643399957232-0,usesMaterial,entity:material:paper
entity:artifact:1:ld1-1643399887910-1643399957232-1,usesMaterial,entity:material:paper
entity:artifact:1:ld1-1643399887910-1643399957652-0,usesMaterial,entity:material:gold
entity:artifact:1:ld1-1643399887910-1643399957652-0,usesMaterial,entity:material:porcelain
entity:artifact:1:ld1-1643399887910-1643399957652-0,usesMaterial,entity:material:silver
entity:artifact:1:ld1-1643399887910-1643399957653-0,usesMaterial,entity:material:porcelain
entity:artifact:1:ld1-1643399887910-1643399957653-0,usesMaterial,entity:material:silver
entity:artifact:1:ld1-1643399887910-1643399957658-0,usesMaterial,entity:material:porcelain
entity:artifact:1:ld1-1643399887910-1643399957658-0,usesMaterial,entity:material:silver
entity:artifact:1:ld1-1643399887910-1643399959049-1,usesMaterial,entity:material:ivory
entity:artifact:1:ld1-1643399887910-1643399959049-1,usesMaterial,entity:material:silver
entity:artifact:1:ld1-1643399887910-1643399959119-0,usesMaterial,entity:material:silk
entity:artifact:1:ld1-1643399887910-1643399959119-0,usesMaterial,entity:material:textile
entity:artifact:1:ld1-1643399887910-1643399959139-1,usesMaterial,entity:material:silk
entity:artifact:1:ld1-1643399887910-1643399959139-1,usesMaterial,entity:material:textile
entity:artifact:1:ld1-1643399887910-1643399959144-0,usesMaterial,entity:material:enamel
entity:artifact:1:ld1-1643399887910-1643399959144-0,usesMaterial,entity:material:porcelain
entity:artifact:1:ld1-1643399887910-1643399959430-1,usesMaterial,entity:material:metal
entity:artifact:1:ld1-1643399887910-1643399959430-1,usesMaterial,entity:material:paper
entity:artifact:1:ld1-1643399887910-1643399959430-1,usesMaterial,entity:material:silk
entity:artifact:1:ld1-1643399887910-1643399965117-1,usesMaterial,entity:material:porcelain
entity:artifact:1:ld1-1643399887910-1643399965118-0,usesMaterial,entity:material:porcelain
entity:artifact:1:ld1-1643399887910-1643399965119-1,usesMaterial,entity:material:gold
entity:artifact:1:ld1-1643399887910-1643399965119-1,usesMaterial,entity:material:porcelain
entity:artifact:1:ld1-1643399887910-1643399965120-0,usesMaterial,entity:material:gold
entity:artifact:1:ld1-1643399887910-1643399965120-0,usesMaterial,entity:material:porcelain
entity:artifact:1:ld1-1643399887910-1643399965122-1,usesMaterial,entity:material:porcelain
entity:artifact:1:ld1-1643399887910-1643399965123-1,usesMaterial,entity:material:porcelain
entity:artifact:1:ld1-1643399887910-1643399965150-0,usesMaterial,entity:material:porcelain
entity:artifact:1:ld1-1643399887910-1643399968459-1,usesMaterial,entity:material:silk
entity:artifact:1:ld1-1643399887910-1643399968459-1,usesMaterial,entity:material:textile
entity:artifact:1:ld1-1643399887910-1643399969605-1,usesMaterial,entity:material:silk
entity:artifact:1:ld1-1643399887910-1643399969606-0,usesMaterial,entity:material:silk
entity:artifact:1:ld1-1643399887910-1643399969607-1,usesMaterial,entity:material:silk
entity:artifact:1:ld1-1643399887910-1643399969618-0,usesMaterial,entity:material:silk
entity:artifact:1:ld1-1643399887910-1643399969900-0,usesMaterial,entity:material:ivory
entity:artifact:1:ld1-1643399887910-1643399969900-0,usesMaterial,entity:material:paper
entity:artifact:1:ld1-1643399887910-1643399970944-0,usesMaterial,entity:material:silk
entity:artifact:1:ld1-1643399887910-1643399970944-0,usesMaterial,entity:material:textile
entity:artifact:1:ld1-1643399887910-1643399970945-0,usesMaterial,entity:material:silk
entity:artifact:1:ld1-1643399887910-1643399972372-0,usesMaterial,entity:material:silk
entity:artifact:1:ld1-1643399887910-1643399973001-0,usesMaterial,entity:material:ink
entity:artifact:1:ld1-1643399887910-1643399973001-0,usesMaterial,entity:material:paper
entity:artifact:1:ld1-1643399887910-1643399973091-0,usesMaterial,entity:material:paper
entity:artifact:1:ld1-1643399887910-1643399973091-1,usesMaterial,entity:material:ink
entity:artifact:1:ld1-1643399887910-1643399973091-1,usesMaterial,entity:material:paper
entity:artifact:1:ld1-1643399887910-1643399973093-0,usesMaterial,entity:material:paper
entity:artifact:1:ld1-1643399887910-1643399973093-1,usesMaterial,entity:material:ink
entity:artifact:1:ld1-1643399887910-1643399973093-1,usesMaterial,entity:material:paper
entity:artifact:1:ld1-1643399887910-1643399973094-0,usesMaterial,entity:material:paper
entity:artifact:1:ld1-1643399887910-1643399973094-0,usesMaterial,entity:material:pigment
entity:artifact:1:ld1-1643399887910-1643399973105-0,usesMaterial,entity:material:ink
entity:artifact:1:ld1-1643399887910-1643399973105-0,usesMaterial,entity:material:paper
entity:artifact:1:ld1-1643399887910-1643399973109-1,usesMaterial,entity:material:paper
entity:artifact:1:ld1-1643399887910-1643399973112-1,usesMaterial,entity:material:paper
entity:artifact:1:ld1-1643399887910-1643399973112-1,usesMaterial,entity:material:pigment
entity:artifact:1:ld1-1643399887910-1643399973842-0,usesMaterial,entity:material:silk
entity:artifact:1:ld1-1643399887910-1643399974641-0,usesMaterial,entity:material:silk
entity:artifact:1:ld1-1643399887910-1643399974641-0,usesMaterial,entity:material:textile
entity:artifact:1:ld1-1643399887910-1643399975197-0,usesMaterial,entity:material:silk
entity:artifact:1:ld1-1643399887910-1643399975518-0,usesMaterial,entity:material:textile
entity:artifact:1:ld1-1643399887910-1643399976105-1,usesMaterial,entity:material:gold
entity:artifact:1:ld1-1643399887910-1643399976105-1,usesMaterial,entity:material:paper
entity:artifact:1:ld1-1643399887910-1643399976117-1,usesMaterial,entity:material:paper
entity:artifact:1:ld1-1643399887910-1643399976254-0,usesMaterial,entity:material:enamel
entity:artifact:1:ld1-1643399887910-1643399976254-0,usesMaterial,entity:material:gold
entity:artifact:1:ld1-1643399887910-1643399976254-0,usesMaterial,entity:material:porcelain
entity:artifact:1:ld1-1643399887910-1643399976254-1,usesMaterial,entity:material:bronze
entity:artifact:1:ld1-1643399887910-1643399976254-1,usesMaterial,entity:material:enamel
entity:artifact:1:ld1-1643399887910-1643399976254-1,usesMaterial,entity:material:gold
entity:artifact:1:ld1-1643399887910-1643399976254-1,usesMaterial,entity:material:porcelain
entity:artifact:1:ld1-1643399887910-1643399982872-0,usesMaterial,entity:material:paper
entity:artifact:1:ld1-1643399887910-1643399988613-0,usesMaterial,entity:material:porcelain
entity:artifact:1:ld1-1695458679732-1695458683281-0,usesMaterial,entity:material:metal
entity:artifact:1:ld1-1695458679732-1695458683281-0,usesMaterial,entity:material:porcelain
entity:artifact:1:ld1-1695458679732-1695458683282-0,usesMaterial,entity:material:metal
entity:artifact:1:ld1-1695458679732-1695458683282-0,usesMaterial,entity:material:porcelain
entity:artifact:1:ld1-1695458679732-1695458683283-0,usesMaterial,entity:material:metal
entity:artifact:1:ld1-1695458679732-1695458683283-0,usesMaterial,entity:material:porcelain
entity:artifact:1:ld1-1695458679732-1695458683284-0,usesMaterial,entity:material:metal
entity:artifact:1:ld1-1695458679732-1695458683284-0,usesMaterial,entity:material:porcelain
entity:artifact:1:ld1-1695458679732-1695458683284-1,usesMaterial,entity:material:metal
entity:artifact:1:ld1-1695458679732-1695458683284-1,usesMaterial,entity:material:porcelain
entity:artifact:1:ld1-1695458679732-1695458683285-0,usesMaterial,entity:material:metal
entity:artifact:1:ld1-1695458679732-1695458683285-0,usesMaterial,entity:material:porcelain
entity:artifact:1:ld1-1695458679732-1695458683286-0,usesMaterial,entity:material:metal
entity:artifact:1:ld1-1695458679732-1695458683286-0,usesMaterial,entity:material:porcelain
entity:artifact:1:ld1-1733913842397-1733913845809-0,usesMaterial,entity:material:cotton
entity:artifact:1:ld1-1733913842397-1733913845809-0,usesMaterial,entity:material:leather
entity:artifact:1:ld1-1733913842397-1733913845809-0,usesMaterial,entity:material:metal
entity:artifact:1:ld1-1733913842397-1733913845809-0,usesMaterial,entity:material:textile
entity:artifact:1:ld1-1733913842397-1733913845810-0,usesMaterial,entity:material:cotton
entity:artifact:1:ld1-1733913842397-1733913845810-0,usesMaterial,entity:material:metal
entity:artifact:1:ld1-1756975001566-1756975004506-1,usesMaterial,entity:material:cotton
entity:artifact:1:ld1-1756975001566-1756975004506-1,usesMaterial,entity:material:metal
entity:artifact:1:ld1-1759311857404-1759311860069-0,usesMaterial,entity:material:glass
entity:artifact:1:ld1-1759311857404-1759311860069-0,usesMaterial,entity:material:metal
entity:artifact:1:ld1-1759311857404-1759311860069-0,usesMaterial,entity:material:silk
entity:artifact:2:100098,usesMaterial,entity:material:earthenware
entity:artifact:2:100098,usesMaterial,entity:material:iron
entity:artifact:2:100180,usesMaterial,entity:material:earthenware
entity:artifact:2:100180,usesMaterial,entity:material:porcelain
entity:artifact:2:101448,usesMaterial,entity:material:bronze
entity:artifact:2:101449,usesMaterial,entity:material:amber
entity:artifact:2:101449,usesMaterial,entity:material:earthenware
entity:artifact:2:101449,usesMaterial,entity:material:metal
entity:artifact:2:101449,usesMaterial,entity:material:pigment
entity:artifact:2:101784,usesMaterial,entity:material:earthenware
entity:artifact:2:101785,usesMaterial,entity:material:earthenware
entity:artifact:2:101906,usesMaterial,entity:material:ink
entity:artifact:2:101906,usesMaterial,entity:material:paper
entity:artifact:2:101922,usesMaterial,entity:material:ink
entity:artifact:2:101922,usesMaterial,entity:material:paper
entity:artifact:2:101923,usesMaterial,entity:material:ink
entity:artifact:2:101923,usesMaterial,entity:material:paper
entity:artifact:2:101938,usesMaterial,entity:material:ink
entity:artifact:2:101938,usesMaterial,entity:material:paper
entity:artifact:2:101939,usesMaterial,entity:material:ink
entity:artifact:2:101939,usesMaterial,entity:material:paper
entity:artifact:2:101940,usesMaterial,entity:material:ink
entity:artifact:2:101940,usesMaterial,entity:material:paper
entity:artifact:2:101941,usesMaterial,entity:material:ink
entity:artifact:2:101941,usesMaterial,entity:material:paper
entity:artifact:2:101946,usesMaterial,entity:material:ink
entity:artifact:2:101946,usesMaterial,entity:material:paper
entity:artifact:2:101947,usesMaterial,entity:material:ink
entity:artifact:2:101947,usesMaterial,entity:material:paper
entity:artifact:2:101948,usesMaterial,entity:material:ink
entity:artifact:2:101948,usesMaterial,entity:material:paper
entity:artifact:2:10916,usesMaterial,entity:material:ink
entity:artifact:2:10916,usesMaterial,entity:material:paper
entity:artifact:2:10917,usesMaterial,entity:material:ink
entity:artifact:2:10917,usesMaterial,entity:material:paper
entity:artifact:2:10918,usesMaterial,entity:material:ink
entity:artifact:2:10918,usesMaterial,entity:material:paper
entity:artifact:2:10919,usesMaterial,entity:material:ink
entity:artifact:2:10919,usesMaterial,entity:material:paper
entity:artifact:2:10955,usesMaterial,entity:material:ink
entity:artifact:2:10955,usesMaterial,entity:material:paper
entity:artifact:2:10956,usesMaterial,entity:material:ink
entity:artifact:2:10956,usesMaterial,entity:material:paper
entity:artifact:2:10957,usesMaterial,entity:material:ink
entity:artifact:2:10957,usesMaterial,entity:material:paper
entity:artifact:2:117343,usesMaterial,entity:material:earthenware
entity:artifact:2:117351,usesMaterial,entity:material:earthenware
entity:artifact:2:117351,usesMaterial,entity:material:iron
entity:artifact:2:12532,usesMaterial,entity:material:ink
entity:artifact:2:12532,usesMaterial,entity:material:paper
entity:artifact:2:12533,usesMaterial,entity:material:ink
entity:artifact:2:12533,usesMaterial,entity:material:paper
entity:artifact:2:12534,usesMaterial,entity:material:ink
entity:artifact:2:12534,usesMaterial,entity:material:paper
entity:artifact:2:12653,usesMaterial,entity:material:ink
entity:artifact:2:12653,usesMaterial,entity:material:paper
entity:artifact:2:12851,usesMaterial,entity:material:ink
entity:artifact:2:12851,usesMaterial,entity:material:paper
entity:artifact:2:12867,usesMaterial,entity:material:ink
entity:artifact:2:12867,usesMaterial,entity:material:paper
entity:artifact:2:12895,usesMaterial,entity:material:ink
entity:artifact:2:12895,usesMaterial,entity:material:paper
entity:artifact:2:141460,usesMaterial,entity:material:earthenware
entity:artifact:2:141460,usesMaterial,entity:material:pigment
entity:artifact:2:141848,usesMaterial,entity:material:earthenware
entity:artifact:2:141848,usesMaterial,entity:material:pigment
entity:artifact:2:141949,usesMaterial,entity:material:earthenware
entity:artifact:2:141949,usesMaterial,entity:material:pigment
entity:artifact:2:142045,usesMaterial,entity:material:earthenware
entity:artifact:2:142045,usesMaterial,entity:material:porcelain
entity:artifact:2:142050,usesMaterial,entity:material:earthenware
entity:artifact:2:142050,usesMaterial,entity:material:pigment
entity:artifact:2:142051,usesMaterial,entity:material:earthenware
entity:artifact:2:142051,usesMaterial,entity:material:pigment
entity:artifact:2:142052,usesMaterial,entity:material:earthenware
entity:artifact:2:142052,usesMaterial,entity:material:pigment
entity:artifact:2:142053,usesMaterial,entity:material:earthenware
entity:artifact:2:142053,usesMaterial,entity:material:pigment
entity:artifact:2:142054,usesMaterial,entity:material:earthenware
entity:artifact:2:142054,usesMaterial,entity:material:pigment
entity:artifact:2:142055,usesMaterial,entity:material:earthenware
entity:artifact:2:142055,usesMaterial,entity:material:pigment
entity:artifact:2:142056,usesMaterial,entity:material:earthenware
entity:artifact:2:142066,usesMaterial,entity:material:earthenware
entity:artifact:2:142066,usesMaterial,entity:material:metal
entity:artifact:2:142067,usesMaterial,entity:material:earthenware
entity:artifact:2:142067,usesMaterial,entity:material:pigment
entity:artifact:2:1429,usesMaterial,entity:material:ink
entity:artifact:2:1429,usesMaterial,entity:material:paper
entity:artifact:2:1430,usesMaterial,entity:material:earthenware
entity:artifact:2:1430,usesMaterial,entity:material:pigment
entity:artifact:2:143056,usesMaterial,entity:material:porcelain
entity:artifact:2:143057,usesMaterial,entity:material:earthenware
entity:artifact:2:143089,usesMaterial,entity:material:earthenware
entity:artifact:2:143089,usesMaterial,entity:material:iron
entity:artifact:2:143090,usesMaterial,entity:material:earthenware
entity:artifact:2:143090,usesMaterial,entity:material:metal
entity:artifact:2:143091,usesMaterial,entity:material:earthenware
entity:artifact:2:143091,usesMaterial,entity:material:porcelain
entity:artifact:2:1432,usesMaterial,entity:material:amber
entity:artifact:2:1432,usesMaterial,entity:material:earthenware
entity:artifact:2:1432,usesMaterial,entity:material:metal
entity:artifact:2:143354,usesMaterial,entity:material:earthenware
entity:artifact:2:143354,usesMaterial,entity:material:metal
entity:artifact:2:143355,usesMaterial,entity:material:earthenware
entity:artifact:2:143355,usesMaterial,entity:material:porcelain
entity:artifact:2:145348,usesMaterial,entity:material:earthenware
entity:artifact:2:145348,usesMaterial,entity:material:gold
entity:artifact:2:145348,usesMaterial,entity:material:pigment
entity:artifact:2:145349,usesMaterial,entity:material:earthenware
entity:artifact:2:145349,usesMaterial,entity:material:gold
entity:artifact:2:145349,usesMaterial,entity:material:pigment
entity:artifact:2:145350,usesMaterial,entity:material:earthenware
entity:artifact:2:145350,usesMaterial,entity:material:pigment
entity:artifact:2:145350,usesMaterial,entity:material:silver
entity:artifact:2:145359,usesMaterial,entity:material:earthenware
entity:artifact:2:145359,usesMaterial,entity:material:porcelain
entity:artifact:2:145437,usesMaterial,entity:material:earthenware
entity:artifact:2:145437,usesMaterial,entity:material:porcelain
entity:artifact:2:146193,usesMaterial,entity:material:earthenware
entity:artifact:2:146193,usesMaterial,entity:material:porcelain
entity:artifact:2:146194,usesMaterial,entity:material:earthenware
entity:artifact:2:146194,usesMaterial,entity:material:porcelain
entity:artifact:2:146195,usesMaterial,entity:material:earthenware
entity:artifact:2:146195,usesMaterial,entity:material:porcelain
entity:artifact:2:146262,usesMaterial,entity:material:earthenware
entity:artifact:2:146262,usesMaterial,entity:material:pigment
entity:artifact:2:146263,usesMaterial,entity:material:earthenware
entity:artifact:2:146263,usesMaterial,entity:material:pigment
entity:artifact:2:146264,usesMaterial,entity:material:earthenware
entity:artifact:2:146264,usesMaterial,entity:material:pigment
entity:artifact:2:146265,usesMaterial,entity:material:earthenware
entity:artifact:2:146265,usesMaterial,entity:material:pigment
entity:artifact:2:146266,usesMaterial,entity:material:earthenware
entity:artifact:2:146266,usesMaterial,entity:material:pigment
entity:artifact:2:146267,usesMaterial,entity:material:clay
entity:artifact:2:146267,usesMaterial,entity:material:earthenware
entity:artifact:2:146267,usesMaterial,entity:material:metal
entity:artifact:2:146267,usesMaterial,entity:material:pigment
entity:artifact:2:146268,usesMaterial,entity:material:amber
entity:artifact:2:146268,usesMaterial,entity:material:earthenware
entity:artifact:2:146268,usesMaterial,entity:material:metal
entity:artifact:2:146269,usesMaterial,entity:material:earthenware
entity:artifact:2:146269,usesMaterial,entity:material:gold
entity:artifact:2:146269,usesMaterial,entity:material:pigment
entity:artifact:2:146431,usesMaterial,entity:material:earthenware
entity:artifact:2:146431,usesMaterial,entity:material:pigment
entity:artifact:2:146432,usesMaterial,entity:material:earthenware
entity:artifact:2:146432,usesMaterial,entity:material:metal
entity:artifact:2:146433,usesMaterial,entity:material:porcelain
entity:artifact:2:146434,usesMaterial,entity:material:earthenware
entity:artifact:2:146434,usesMaterial,entity:material:porcelain
entity:artifact:2:146482,usesMaterial,entity:material:earthenware
entity:artifact:2:146482,usesMaterial,entity:material:pigment
entity:artifact:2:146484,usesMaterial,entity:material:earthenware
entity:artifact:2:146484,usesMaterial,entity:material:metal
entity:artifact:2:146484,usesMaterial,entity:material:pigment
entity:artifact:2:146486,usesMaterial,entity:material:earthenware
entity:artifact:2:146486,usesMaterial,entity:material:pigment
entity:artifact:2:146487,usesMaterial,entity:material:earthenware
entity:artifact:2:146487,usesMaterial,entity:material:pigment
entity:artifact:2:146488,usesMaterial,entity:material:earthenware
entity:artifact:2:146488,usesMaterial,entity:material:pigment
entity:artifact:2:146489,usesMaterial,entity:material:amber
entity:artifact:2:146489,usesMaterial,entity:material:earthenware
entity:artifact:2:146489,usesMaterial,entity:material:metal
entity:artifact:2:146490,usesMaterial,entity:material:earthenware
entity:artifact:2:146490,usesMaterial,entity:material:pigment
entity:artifact:2:146491,usesMaterial,entity:material:earthenware
entity:artifact:2:146491,usesMaterial,entity:material:gold
entity:artifact:2:146491,usesMaterial,entity:material:pigment
entity:artifact:2:146492,usesMaterial,entity:material:earthenware
entity:artifact:2:146492,usesMaterial,entity:material:gold
entity:artifact:2:146492,usesMaterial,entity:material:pigment
entity:artifact:2:146492,usesMaterial,entity:material:silver
entity:artifact:2:146523,usesMaterial,entity:material:earthenware
entity:artifact:2:146523,usesMaterial,entity:material:pigment
entity:artifact:2:146524,usesMaterial,entity:material:earthenware
entity:artifact:2:146524,usesMaterial,entity:material:pigment
entity:artifact:2:146525,usesMaterial,entity:material:earthenware
entity:artifact:2:146525,usesMaterial,entity:material:metal
entity:artifact:2:146525,usesMaterial,entity:material:pigment
entity:artifact:2:146526,usesMaterial,entity:material:earthenware
entity:artifact:2:146526,usesMaterial,entity:material:metal
entity:artifact:2:146526,usesMaterial,entity:material:pigment
entity:artifact:2:146527,usesMaterial,entity:material:earthenware
entity:artifact:2:146527,usesMaterial,entity:material:pigment
entity:artifact:2:146528,usesMaterial,entity:material:earthenware
entity:artifact:2:146528,usesMaterial,entity:material:pigment
entity:artifact:2:146529,usesMaterial,entity:material:earthenware
entity:artifact:2:146529,usesMaterial,entity:material:pigment
entity:artifact:2:146554,usesMaterial,entity:material:earthenware
entity:artifact:2:146559,usesMaterial,entity:material:earthenware
entity:artifact:2:146559,usesMaterial,entity:material:pigment
entity:artifact:2:146561,usesMaterial,entity:material:earthenware
entity:artifact:2:146561,usesMaterial,entity:material:metal
entity:artifact:2:146561,usesMaterial,entity:material:pigment
entity:artifact:2:146562,usesMaterial,entity:material:earthenware
entity:artifact:2:146562,usesMaterial,entity:material:metal
entity:artifact:2:146562,usesMaterial,entity:material:pigment
entity:artifact:2:146563,usesMaterial,entity:material:earthenware
entity:artifact:2:146563,usesMaterial,entity:material:pigment
entity:artifact:2:146564,usesMaterial,entity:material:earthenware
entity:artifact:2:146564,usesMaterial,entity:material:metal
entity:artifact:2:146564,usesMaterial,entity:material:pigment
entity:artifact:2:146565,usesMaterial,entity:material:earthenware
entity:artifact:2:146565,usesMaterial,entity:material:pigment
entity:artifact:2:146566,usesMaterial,entity:material:earthenware
entity:artifact:2:146566,usesMaterial,entity:material:pigment
entity:artifact:2:146567,usesMaterial,entity:material:earthenware
entity:artifact:2:146567,usesMaterial,entity:material:pigment
entity:artifact:2:146568,usesMaterial,entity:material:earthenware
entity:artifact:2:146568,usesMaterial,entity:material:pigment
entity:artifact:2:146569,usesMaterial,entity:material:earthenware
entity:artifact:2:146569,usesMaterial,entity:material:pigment
entity:artifact:2:146570,usesMaterial,entity:material:earthenware
entity:artifact:2:146570,usesMaterial,entity:material:pigment
entity:artifact:2:146571,usesMaterial,entity:material:earthenware
entity:artifact:2:146571,usesMaterial,entity:material:gold
entity:artifact:2:146571,usesMaterial,entity:material:pigment
entity:artifact:2:146575,usesMaterial,entity:material:earthenware
entity:artifact:2:146575,usesMaterial,entity:material:porcelain
entity:artifact:2:146576,usesMaterial,entity:material:earthenware
entity:artifact:2:146576,usesMaterial,entity:material:metal
entity:artifact:2:146577,usesMaterial,entity:material:earthenware
entity:artifact:2:146577,usesMaterial,entity:material:metal
entity:artifact:2:146583,usesMaterial,entity:material:earthenware
entity:artifact:2:146583,usesMaterial,entity:material:pigment
entity:artifact:2:146585,usesMaterial,entity:material:earthenware
entity:artifact:2:146585,usesMaterial,entity:material:pigment
entity:artifact:2:146626,usesMaterial,entity:material:earthenware
entity:artifact:2:146626,usesMaterial,entity:material:pigment
entity:artifact:2:146627,usesMaterial,entity:material:earthenware
entity:artifact:2:146627,usesMaterial,entity:material:metal
entity:artifact:2:146627,usesMaterial,entity:material:pigment
entity:artifact:2:146628,usesMaterial,entity:material:earthenware
entity:artifact:2:146628,usesMaterial,entity:material:pigment
entity:artifact:2:146629,usesMaterial,entity:material:earthenware
entity:artifact:2:146629,usesMaterial,entity:material:pigment
entity:artifact:2:146693,usesMaterial,entity:material:earthenware
entity:artifact:2:146693,usesMaterial,entity:material:porcelain
entity:artifact:2:146694,usesMaterial,entity:material:earthenware
entity:artifact:2:146694,usesMaterial,entity:material:porcelain
entity:artifact:2:146709,usesMaterial,entity:material:earthenware
entity:artifact:2:146709,usesMaterial,entity:material:pigment
entity:artifact:2:146710,usesMaterial,entity:material:clay
entity:artifact:2:146710,usesMaterial,entity:material:earthenware
entity:artifact:2:146710,usesMaterial,entity:material:metal
entity:artifact:2:146710,usesMaterial,entity:material:pigment
entity:artifact:2:146711,usesMaterial,entity:material:earthenware
entity:artifact:2:146711,usesMaterial,entity:material:pigment
entity:artifact:2:146712,usesMaterial,entity:material:earthenware
entity:artifact:2:146712,usesMaterial,entity:material:metal
entity:artifact:2:146712,usesMaterial,entity:material:pigment
entity:artifact:2:146713,usesMaterial,entity:material:earthenware
entity:artifact:2:146713,usesMaterial,entity:material:pigment
entity:artifact:2:146748,usesMaterial,entity:material:earthenware
entity:artifact:2:146748,usesMaterial,entity:material:pigment
entity:artifact:2:146749,usesMaterial,entity:material:earthenware
entity:artifact:2:146749,usesMaterial,entity:material:metal
entity:artifact:2:146750,usesMaterial,entity:material:earthenware
entity:artifact:2:146750,usesMaterial,entity:material:gold
entity:artifact:2:146750,usesMaterial,entity:material:pigment
entity:artifact:2:146751,usesMaterial,entity:material:earthenware
entity:artifact:2:146751,usesMaterial,entity:material:pigment
entity:artifact:2:146752,usesMaterial,entity:material:earthenware
entity:artifact:2:146753,usesMaterial,entity:material:earthenware
entity:artifact:2:146753,usesMaterial,entity:material:pigment
entity:artifact:2:146754,usesMaterial,entity:material:earthenware
entity:artifact:2:146754,usesMaterial,entity:material:pigment
entity:artifact:2:146755,usesMaterial,entity:material:earthenware
entity:artifact:2:146755,usesMaterial,entity:material:pigment
entity:artifact:2:146756,usesMaterial,entity:material:earthenware
entity:artifact:2:146756,usesMaterial,entity:material:pigment
entity:artifact:2:146757,usesMaterial,entity:material:earthenware
entity:artifact:2:146757,usesMaterial,entity:material:pigment
entity:artifact:2:146758,usesMaterial,entity:material:ink
entity:artifact:2:146758,usesMaterial,entity:material:pigment
entity:artifact:2:146758,usesMaterial,entity:material:silk
entity:artifact:2:146759,usesMaterial,entity:material:earthenware
entity:artifact:2:146759,usesMaterial,entity:material:ink
entity:artifact:2:146759,usesMaterial,entity:material:metal
entity:artifact:2:146759,usesMaterial,entity:material:pigment
entity:artifact:2:146760,usesMaterial,entity:material:earthenware
entity:artifact:2:146760,usesMaterial,entity:material:metal
entity:artifact:2:146761,usesMaterial,entity:material:earthenware
entity:artifact:2:146771,usesMaterial,entity:material:earthenware
entity:artifact:2:146771,usesMaterial,entity:material:pigment
entity:artifact:2:146772,usesMaterial,entity:material:earthenware
entity:artifact:2:146772,usesMaterial,entity:material:metal
entity:artifact:2:147176,usesMaterial,entity:material:earthenware
entity:artifact:2:147176,usesMaterial,entity:material:porcelain
entity:artifact:2:147177,usesMaterial,entity:material:earthenware
entity:artifact:2:147219,usesMaterial,entity:material:earthenware
entity:artifact:2:147219,usesMaterial,entity:material:metal
entity:artifact:2:147220,usesMaterial,entity:material:earthenware
entity:artifact:2:147441,usesMaterial,entity:material:earthenware
entity:artifact:2:147442,usesMaterial,entity:material:earthenware
entity:artifact:2:148273,usesMaterial,entity:material:earthenware
entity:artifact:2:148274,usesMaterial,entity:material:earthenware
entity:artifact:2:148464,usesMaterial,entity:material:earthenware
entity:artifact:2:148465,usesMaterial,entity:material:earthenware
entity:artifact:2:148466,usesMaterial,entity:material:earthenware
entity:artifact:2:148467,usesMaterial,entity:material:earthenware
entity:artifact:2:148468,usesMaterial,entity:material:earthenware
entity:artifact:2:148468,usesMaterial,entity:material:pigment
entity:artifact:2:148469,usesMaterial,entity:material:earthenware
entity:artifact:2:148472,usesMaterial,entity:material:earthenware
entity:artifact:2:148478,usesMaterial,entity:material:earthenware
entity:artifact:2:148479,usesMaterial,entity:material:earthenware
entity:artifact:2:148480,usesMaterial,entity:material:earthenware
entity:artifact:2:148553,usesMaterial,entity:material:earthenware
entity:artifact:2:148554,usesMaterial,entity:material:earthenware
entity:artifact:2:148555,usesMaterial,entity:material:earthenware
entity:artifact:2:148556,usesMaterial,entity:material:earthenware
entity:artifact:2:148608,usesMaterial,entity:material:earthenware
entity:artifact:2:148609,usesMaterial,entity:material:earthenware
entity:artifact:2:149462,usesMaterial,entity:material:earthenware
entity:artifact:2:149463,usesMaterial,entity:material:earthenware
entity:artifact:2:149507,usesMaterial,entity:material:earthenware
entity:artifact:2:149508,usesMaterial,entity:material:earthenware
entity:artifact:2:149509,usesMaterial,entity:material:earthenware
entity:artifact:2:149541,usesMaterial,entity:material:earthenware
entity:artifact:2:149542,usesMaterial,entity:material:earthenware
entity:artifact:2:149543,usesMaterial,entity:material:earthenware
entity:artifact:2:149545,usesMaterial,entity:material:earthenware
entity:artifact:2:149547,usesMaterial,entity:material:earthenware
entity:artifact:2:149547,usesMaterial,entity:material:pigment
entity:artifact:2:149551,usesMaterial,entity:material:earthenware
entity:artifact:2:149551,usesMaterial,entity:material:stone
entity:artifact:2:149552,usesMaterial,entity:material:earthenware
entity:artifact:2:149553,usesMaterial,entity:material:earthenware
entity:artifact:2:149554,usesMaterial,entity:material:earthenware
entity:artifact:2:149554,usesMaterial,entity:material:iron
entity:artifact:2:149557,usesMaterial,entity:material:earthenware
entity:artifact:2:149558,usesMaterial,entity:material:earthenware
entity:artifact:2:160276,usesMaterial,entity:material:earthenware
entity:artifact:2:16235,usesMaterial,entity:material:ink
entity:artifact:2:16235,usesMaterial,entity:material:paper
entity:artifact:2:16377,usesMaterial,entity:material:ink
entity:artifact:2:16377,usesMaterial,entity:material:paper
entity:artifact:2:16400,usesMaterial,entity:material:ink
entity:artifact:2:16400,usesMaterial,entity:material:paper
entity:artifact:2:164893,usesMaterial,entity:material:earthenware
entity:artifact:2:164894,usesMaterial,entity:material:earthenware
entity:artifact:2:164894,usesMaterial,entity:material:metal
entity:artifact:2:16492,usesMaterial,entity:material:ink
entity:artifact:2:16492,usesMaterial,entity:material:paper
entity:artifact:2:165054,usesMaterial,entity:material:earthenware
entity:artifact:2:165055,usesMaterial,entity:material:earthenware
entity:artifact:2:165056,usesMaterial,entity:material:earthenware
entity:artifact:2:165242,usesMaterial,entity:material:porcelain
entity:artifact:2:16635,usesMaterial,entity:material:ink
entity:artifact:2:16635,usesMaterial,entity:material:paper
entity:artifact:2:16635,usesMaterial,entity:material:pigment
entity:artifact:2:16636,usesMaterial,entity:material:ink
entity:artifact:2:16636,usesMaterial,entity:material:paper
entity:artifact:2:16636,usesMaterial,entity:material:pigment
entity:artifact:2:16637,usesMaterial,entity:material:ink
entity:artifact:2:16637,usesMaterial,entity:material:paper
entity:artifact:2:16637,usesMaterial,entity:material:pigment
entity:artifact:2:16643,usesMaterial,entity:material:ink
entity:artifact:2:16643,usesMaterial,entity:material:paper
entity:artifact:2:16643,usesMaterial,entity:material:pigment
entity:artifact:2:16700,usesMaterial,entity:material:ink
entity:artifact:2:16700,usesMaterial,entity:material:paper
entity:artifact:2:16700,usesMaterial,entity:material:pigment
entity:artifact:2:167086,usesMaterial,entity:material:earthenware
entity:artifact:2:167160,usesMaterial,entity:material:porcelain
entity:artifact:2:167599,usesMaterial,entity:material:earthenware
entity:artifact:2:167603,usesMaterial,entity:material:earthenware
entity:artifact:2:167603,usesMaterial,entity:material:porcelain
entity:artifact:2:16827,usesMaterial,entity:material:ink
entity:artifact:2:16827,usesMaterial,entity:material:paper
entity:artifact:2:16827,usesMaterial,entity:material:pigment
entity:artifact:2:16829,usesMaterial,entity:material:ink
entity:artifact:2:16829,usesMaterial,entity:material:paper
entity:artifact:2:16829,usesMaterial,entity:material:pigment
entity:artifact:2:16891,usesMaterial,entity:material:ink
entity:artifact:2:16891,usesMaterial,entity:material:paper
entity:artifact:2:16891,usesMaterial,entity:material:pigment
entity:artifact:2:169025,usesMaterial,entity:material:earthenware
entity:artifact:2:16917,usesMaterial,entity:material:ink
entity:artifact:2:16917,usesMaterial,entity:material:paper
entity:artifact:2:16917,usesMaterial,entity:material:pigment
entity:artifact:2:16918,usesMaterial,entity:material:ink
entity:artifact:2:16918,usesMaterial,entity:material:paper
entity:artifact:2:16918,usesMaterial,entity:material:pigment
entity:artifact:2:16925,usesMaterial,entity:material:ink
entity:artifact:2:16925,usesMaterial,entity:material:paper
entity:artifact:2:16925,usesMaterial,entity:material:pigment
entity:artifact:2:16926,usesMaterial,entity:material:ink
entity:artifact:2:16926,usesMaterial,entity:material:paper
entity:artifact:2:16926,usesMaterial,entity:material:pigment
entity:artifact:2:16932,usesMaterial,entity:material:ink
entity:artifact:2:16932,usesMaterial,entity:material:paper
entity:artifact:2:16932,usesMaterial,entity:material:pigment
entity:artifact:2:169458,usesMaterial,entity:material:earthenware
entity:artifact:2:169493,usesMaterial,entity:material:earthenware
entity:artifact:2:169493,usesMaterial,entity:material:iron
entity:artifact:2:169494,usesMaterial,entity:material:bronze
entity:artifact:2:169509,usesMaterial,entity:material:earthenware
entity:artifact:2:16956,usesMaterial,entity:material:ink
entity:artifact:2:16956,usesMaterial,entity:material:paper
entity:artifact:2:16956,usesMaterial,entity:material:pigment
entity:artifact:2:16957,usesMaterial,entity:material:ink
entity:artifact:2:16957,usesMaterial,entity:material:paper
entity:artifact:2:16957,usesMaterial,entity:material:pigment
entity:artifact:2:170143,usesMaterial,entity:material:earthenware
entity:artifact:2:173145,usesMaterial,entity:material:earthenware
entity:artifact:2:173145,usesMaterial,entity:material:ivory
entity:artifact:2:173146,usesMaterial,entity:material:earthenware
entity:artifact:2:173147,usesMaterial,entity:material:earthenware
entity:artifact:2:173148,usesMaterial,entity:material:earthenware
entity:artifact:2:173148,usesMaterial,entity:material:metal
entity:artifact:2:173149,usesMaterial,entity:material:earthenware
entity:artifact:2:173149,usesMaterial,entity:material:metal
entity:artifact:2:173150,usesMaterial,entity:material:earthenware
entity:artifact:2:173150,usesMaterial,entity:material:metal
entity:artifact:2:173592,usesMaterial,entity:material:earthenware
entity:artifact:2:173592,usesMaterial,entity:material:metal
entity:artifact:2:173593,usesMaterial,entity:material:bronze
entity:artifact:2:173612,usesMaterial,entity:material:earthenware
entity:artifact:2:173613,usesMaterial,entity:material:earthenware
entity:artifact:2:173613,usesMaterial,entity:material:metal
entity:artifact:2:173614,usesMaterial,entity:material:earthenware
entity:artifact:2:173614,usesMaterial,entity:material:metal
entity:artifact:2:173615,usesMaterial,entity:material:earthenware
entity:artifact:2:173615,usesMaterial,entity:material:metal
entity:artifact:2:173616,usesMaterial,entity:material:earthenware
entity:artifact:2:173621,usesMaterial,entity:material:earthenware
entity:artifact:2:173622,usesMaterial,entity:material:earthenware
entity:artifact:2:173622,usesMaterial,entity:material:porcelain
entity:artifact:2:173623,usesMaterial,entity:material:earthenware
entity:artifact:2:173788,usesMaterial,entity:material:earthenware
entity:artifact:2:173788,usesMaterial,entity:material:pigment
entity:artifact:2:173791,usesMaterial,entity:material:earthenware
entity:artifact:2:173791,usesMaterial,entity:material:pigment
entity:artifact:2:173817,usesMaterial,entity:material:earthenware
entity:artifact:2:173817,usesMaterial,entity:material:pigment
entity:artifact:2:173818,usesMaterial,entity:material:earthenware
entity:artifact:2:173818,usesMaterial,entity:material:pigment
entity:artifact:2:173820,usesMaterial,entity:material:earthenware
entity:artifact:2:173820,usesMaterial,entity:material:pigment
entity:artifact:2:173849,usesMaterial,entity:material:earthenware
entity:artifact:2:173849,usesMaterial,entity:material:pigment
entity:artifact:2:173850,usesMaterial,entity:material:earthenware
entity:artifact:2:173850,usesMaterial,entity:material:pigment
entity:artifact:2:174153,usesMaterial,entity:material:earthenware
entity:artifact:2:174153,usesMaterial,entity:material:pigment
entity:artifact:2:174154,usesMaterial,entity:material:earthenware
entity:artifact:2:174154,usesMaterial,entity:material:pigment
entity:artifact:2:174173,usesMaterial,entity:material:earthenware
entity:artifact:2:174173,usesMaterial,entity:material:porcelain
entity:artifact:2:174174,usesMaterial,entity:material:earthenware
entity:artifact:2:174175,usesMaterial,entity:material:earthenware
entity:artifact:2:174176,usesMaterial,entity:material:earthenware
entity:artifact:2:174176,usesMaterial,entity:material:metal
entity:artifact:2:174177,usesMaterial,entity:material:earthenware
entity:artifact:2:174177,usesMaterial,entity:material:metal
entity:artifact:2:174249,usesMaterial,entity:material:earthenware
entity:artifact:2:174250,usesMaterial,entity:material:earthenware
entity:artifact:2:174251,usesMaterial,entity:material:earthenware
entity:artifact:2:174254,usesMaterial,entity:material:clay
entity:artifact:2:174254,usesMaterial,entity:material:earthenware
entity:artifact:2:174432,usesMaterial,entity:material:earthenware
entity:artifact:2:174433,usesMaterial,entity:material:earthenware
entity:artifact:2:174433,usesMaterial,entity:material:pigment
entity:artifact:2:174435,usesMaterial,entity:material:earthenware
entity:artifact:2:174444,usesMaterial,entity:material:porcelain
entity:artifact:2:174445,usesMaterial,entity:material:earthenware
entity:artifact:2:174446,usesMaterial,entity:material:earthenware
entity:artifact:2:174446,usesMaterial,entity:material:iron
entity:artifact:2:174782,usesMaterial,entity:material:ink
entity:artifact:2:174782,usesMaterial,entity:material:paper
entity:artifact:2:174782,usesMaterial,entity:material:pigment
entity:artifact:2:174784,usesMaterial,entity:material:earthenware
entity:artifact:2:174785,usesMaterial,entity:material:earthenware
entity:artifact:2:174786,usesMaterial,entity:material:bronze
entity:artifact:2:174787,usesMaterial,entity:material:earthenware
entity:artifact:2:174788,usesMaterial,entity:material:earthenware
entity:artifact:2:174841,usesMaterial,entity:material:earthenware
entity:artifact:2:174843,usesMaterial,entity:material:earthenware
entity:artifact:2:174848,usesMaterial,entity:material:earthenware
entity:artifact:2:174848,usesMaterial,entity:material:metal
entity:artifact:2:174849,usesMaterial,entity:material:earthenware
entity:artifact:2:174849,usesMaterial,entity:material:porcelain
entity:artifact:2:174850,usesMaterial,entity:material:silver
entity:artifact:2:174902,usesMaterial,entity:material:earthenware
entity:artifact:2:174902,usesMaterial,entity:material:porcelain
entity:artifact:2:174903,usesMaterial,entity:material:porcelain
entity:artifact:2:174966,usesMaterial,entity:material:earthenware
entity:artifact:2:174966,usesMaterial,entity:material:metal
entity:artifact:2:174967,usesMaterial,entity:material:earthenware
entity:artifact:2:174967,usesMaterial,entity:material:metal
entity:artifact:2:174968,usesMaterial,entity:material:ink
entity:artifact:2:174968,usesMaterial,entity:material:paper
entity:artifact:2:175142,usesMaterial,entity:material:ink
entity:artifact:2:175142,usesMaterial,entity:material:paper
entity:artifact:2:175143,usesMaterial,entity:material:earthenware
entity:artifact:2:175143,usesMaterial,entity:material:porcelain
entity:artifact:2:175365,usesMaterial,entity:material:iron
entity:artifact:2:175365,usesMaterial,entity:material:porcelain
entity:artifact:2:175366,usesMaterial,entity:material:earthenware
entity:artifact:2:175366,usesMaterial,entity:material:porcelain
entity:artifact:2:175367,usesMaterial,entity:material:porcelain
entity:artifact:2:175370,usesMaterial,entity:material:porcelain
entity:artifact:2:175371,usesMaterial,entity:material:porcelain
entity:artifact:2:176272,usesMaterial,entity:material:earthenware
entity:artifact:2:176272,usesMaterial,entity:material:porcelain
entity:artifact:2:176273,usesMaterial,entity:material:earthenware
entity:artifact:2:176273,usesMaterial,entity:material:ivory
entity:artifact:2:176274,usesMaterial,entity:material:earthenware
entity:artifact:2:176360,usesMaterial,entity:material:earthenware
entity:artifact:2:176362,usesMaterial,entity:material:porcelain
entity:artifact:2:176365,usesMaterial,entity:material:earthenware
entity:artifact:2:176365,usesMaterial,entity:material:pigment
entity:artifact:2:176366,usesMaterial,entity:material:earthenware
entity:artifact:2:176655,usesMaterial,entity:material:earthenware
entity:artifact:2:176655,usesMaterial,entity:material:pigment
entity:artifact:2:176659,usesMaterial,entity:material:earthenware
entity:artifact:2:176893,usesMaterial,entity:material:earthenware
entity:artifact:2:176894,usesMaterial,entity:material:earthenware
entity:artifact:2:176895,usesMaterial,entity:material:earthenware
entity:artifact:2:176896,usesMaterial,entity:material:earthenware
entity:artifact:2:176897,usesMaterial,entity:material:earthenware
entity:artifact:2:176897,usesMaterial,entity:material:porcelain
entity:artifact:2:176899,usesMaterial,entity:material:earthenware
entity:artifact:2:176954,usesMaterial,entity:material:earthenware
entity:artifact:2:176955,usesMaterial,entity:material:earthenware
entity:artifact:2:176955,usesMaterial,entity:material:porcelain
entity:artifact:2:176956,usesMaterial,entity:material:earthenware
entity:artifact:2:176957,usesMaterial,entity:material:earthenware
entity:artifact:2:176958,usesMaterial,entity:material:ink
entity:artifact:2:176958,usesMaterial,entity:material:paper
entity:artifact:2:176958,usesMaterial,entity:material:pigment
entity:artifact:2:176962,usesMaterial,entity:material:earthenware
entity:artifact:2:176962,usesMaterial,entity:material:porcelain
entity:artifact:2:176964,usesMaterial,entity:material:earthenware
entity:artifact:2:176964,usesMaterial,entity:material:porcelain
entity:artifact:2:176965,usesMaterial,entity:material:earthenware
entity:artifact:2:176966,usesMaterial,entity:material:earthenware
entity:artifact:2:176967,usesMaterial,entity:material:earthenware
entity:artifact:2:176967,usesMaterial,entity:material:pigment
entity:artifact:2:176968,usesMaterial,entity:material:earthenware
entity:artifact:2:176969,usesMaterial,entity:material:earthenware
entity:artifact:2:176970,usesMaterial,entity:material:bronze
entity:artifact:2:176971,usesMaterial,entity:material:bronze
entity:artifact:2:176994,usesMaterial,entity:material:earthenware
entity:artifact:2:176995,usesMaterial,entity:material:earthenware
entity:artifact:2:176996,usesMaterial,entity:material:earthenware
entity:artifact:2:176997,usesMaterial,entity:material:bronze
entity:artifact:2:177002,usesMaterial,entity:material:porcelain
entity:artifact:2:178067,usesMaterial,entity:material:copper
entity:artifact:2:178068,usesMaterial,entity:material:copper
entity:artifact:2:178612,usesMaterial,entity:material:nephrite
entity:artifact:2:178613,usesMaterial,entity:material:nephrite
entity:artifact:2:178614,usesMaterial,entity:material:earthenware
entity:artifact:2:178615,usesMaterial,entity:material:earthenware
entity:artifact:2:178616,usesMaterial,entity:material:earthenware
entity:artifact:2:178617,usesMaterial,entity:material:earthenware
entity:artifact:2:178618,usesMaterial,entity:material:earthenware
entity:artifact:2:178618,usesMaterial,entity:material:pigment
entity:artifact:2:179583,usesMaterial,entity:material:nephrite
entity:artifact:2:179597,usesMaterial,entity:material:nephrite
entity:artifact:2:179606,usesMaterial,entity:material:nephrite
entity:artifact:2:179607,usesMaterial,entity:material:nephrite
entity:artifact:2:180588,usesMaterial,entity:material:earthenware
entity:artifact:2:180588,usesMaterial,entity:material:porcelain
entity:artifact:2:180730,usesMaterial,entity:material:earthenware
entity:artifact:2:180735,usesMaterial,entity:material:porcelain
entity:artifact:2:181756,usesMaterial,entity:material:bronze
entity:artifact:2:182174,usesMaterial,entity:material:earthenware
entity:artifact:2:182174,usesMaterial,entity:material:pigment
entity:artifact:2:182232,usesMaterial,entity:material:metal
entity:artifact:2:182232,usesMaterial,entity:material:porcelain
entity:artifact:2:182235,usesMaterial,entity:material:porcelain
entity:artifact:2:182242,usesMaterial,entity:material:earthenware
entity:artifact:2:182242,usesMaterial,entity:material:porcelain
entity:artifact:2:182243,usesMaterial,entity:material:earthenware
entity:artifact:2:182243,usesMaterial,entity:material:porcelain
entity:artifact:2:182443,usesMaterial,entity:material:earthenware
entity:artifact:2:182443,usesMaterial,entity:material:porcelain
entity:artifact:2:182444,usesMaterial,entity:material:earthenware
entity:artifact:2:182445,usesMaterial,entity:material:earthenware
entity:artifact:2:182446,usesMaterial,entity:material:earthenware
entity:artifact:2:182449,usesMaterial,entity:material:earthenware
entity:artifact:2:182450,usesMaterial,entity:material:earthenware
entity:artifact:2:182450,usesMaterial,entity:material:iron
entity:artifact:2:182452,usesMaterial,entity:material:earthenware
entity:artifact:2:182453,usesMaterial,entity:material:earthenware
entity:artifact:2:182454,usesMaterial,entity:material:earthenware
entity:artifact:2:182456,usesMaterial,entity:material:earthenware
entity:artifact:2:182460,usesMaterial,entity:material:earthenware
entity:artifact:2:182461,usesMaterial,entity:material:earthenware
entity:artifact:2:182461,usesMaterial,entity:material:metal
entity:artifact:2:182462,usesMaterial,entity:material:earthenware
entity:artifact:2:182487,usesMaterial,entity:material:earthenware
entity:artifact:2:182488,usesMaterial,entity:material:earthenware
entity:artifact:2:182489,usesMaterial,entity:material:earthenware
entity:artifact:2:182492,usesMaterial,entity:material:earthenware
entity:artifact:2:182524,usesMaterial,entity:material:earthenware
entity:artifact:2:182526,usesMaterial,entity:material:earthenware
entity:artifact:2:182526,usesMaterial,entity:material:metal
entity:artifact:2:182527,usesMaterial,entity:material:earthenware
entity:artifact:2:182527,usesMaterial,entity:material:metal
entity:artifact:2:182528,usesMaterial,entity:material:earthenware
entity:artifact:2:182528,usesMaterial,entity:material:metal
entity:artifact:2:182529,usesMaterial,entity:material:earthenware
entity:artifact:2:182529,usesMaterial,entity:material:porcelain
entity:artifact:2:182530,usesMaterial,entity:material:earthenware
entity:artifact:2:182530,usesMaterial,entity:material:porcelain
entity:artifact:2:182595,usesMaterial,entity:material:earthenware
entity:artifact:2:182596,usesMaterial,entity:material:earthenware
entity:artifact:2:182606,usesMaterial,entity:material:earthenware
entity:artifact:2:182607,usesMaterial,entity:material:earthenware
entity:artifact:2:182655,usesMaterial,entity:material:earthenware
entity:artifact:2:182655,usesMaterial,entity:material:porcelain
entity:artifact:2:18384,usesMaterial,entity:material:earthenware
entity:artifact:2:18384,usesMaterial,entity:material:pigment
entity:artifact:2:18385,usesMaterial,entity:material:earthenware
entity:artifact:2:18385,usesMaterial,entity:material:pigment
entity:artifact:2:18386,usesMaterial,entity:material:earthenware
entity:artifact:2:18386,usesMaterial,entity:material:pigment
entity:artifact:2:18387,usesMaterial,entity:material:earthenware
entity:artifact:2:18387,usesMaterial,entity:material:pigment
entity:artifact:2:184431,usesMaterial,entity:material:bronze
entity:artifact:2:185032,usesMaterial,entity:material:earthenware
entity:artifact:2:185033,usesMaterial,entity:material:earthenware
entity:artifact:2:185034,usesMaterial,entity:material:enamel
entity:artifact:2:185034,usesMaterial,entity:material:porcelain
entity:artifact:2:185035,usesMaterial,entity:material:gold
entity:artifact:2:185035,usesMaterial,entity:material:silver
entity:artifact:2:185127,usesMaterial,entity:material:earthenware
entity:artifact:2:185128,usesMaterial,entity:material:bronze
entity:artifact:2:185129,usesMaterial,entity:material:earthenware
entity:artifact:2:185449,usesMaterial,entity:material:earthenware
entity:artifact:2:185450,usesMaterial,entity:material:porcelain
entity:artifact:2:185451,usesMaterial,entity:material:earthenware
entity:artifact:2:185451,usesMaterial,entity:material:metal
entity:artifact:2:185452,usesMaterial,entity:material:earthenware
entity:artifact:2:185452,usesMaterial,entity:material:metal
entity:artifact:2:185453,usesMaterial,entity:material:earthenware
entity:artifact:2:185759,usesMaterial,entity:material:earthenware
entity:artifact:2:185759,usesMaterial,entity:material:ivory
entity:artifact:2:185760,usesMaterial,entity:material:earthenware
entity:artifact:2:185761,usesMaterial,entity:material:earthenware
entity:artifact:2:185763,usesMaterial,entity:material:earthenware
entity:artifact:2:185764,usesMaterial,entity:material:earthenware
entity:artifact:2:186302,usesMaterial,entity:material:silk
entity:artifact:2:186658,usesMaterial,entity:material:earthenware
entity:artifact:2:186658,usesMaterial,entity:material:pigment
entity:artifact:2:186659,usesMaterial,entity:material:earthenware
entity:artifact:2:186659,usesMaterial,entity:material:porcelain
entity:artifact:2:186742,usesMaterial,entity:material:earthenware
entity:artifact:2:186742,usesMaterial,entity:material:metal
entity:artifact:2:186742,usesMaterial,entity:material:pigment
entity:artifact:2:186744,usesMaterial,entity:material:amber
entity:artifact:2:186744,usesMaterial,entity:material:earthenware
entity:artifact:2:186744,usesMaterial,entity:material:metal
entity:artifact:2:186744,usesMaterial,entity:material:pigment
entity:artifact:2:186745,usesMaterial,entity:material:earthenware
entity:artifact:2:186746,usesMaterial,entity:material:earthenware
entity:artifact:2:186746,usesMaterial,entity:material:metal
entity:artifact:2:186747,usesMaterial,entity:material:earthenware
entity:artifact:2:186747,usesMaterial,entity:material:metal
entity:artifact:2:186931,usesMaterial,entity:material:earthenware
entity:artifact:2:186931,usesMaterial,entity:material:metal
entity:artifact:2:186931,usesMaterial,entity:material:pigment
entity:artifact:2:186932,usesMaterial,entity:material:bronze
entity:artifact:2:186932,usesMaterial,entity:material:gold
entity:artifact:2:186933,usesMaterial,entity:material:bronze
entity:artifact:2:186933,usesMaterial,entity:material:gold
entity:artifact:2:186934,usesMaterial,entity:material:earthenware
entity:artifact:2:186935,usesMaterial,entity:material:earthenware
entity:artifact:2:187002,usesMaterial,entity:material:enamel
entity:artifact:2:187002,usesMaterial,entity:material:porcelain
entity:artifact:2:187003,usesMaterial,entity:material:earthenware
entity:artifact:2:187004,usesMaterial,entity:material:earthenware
entity:artifact:2:187004,usesMaterial,entity:material:metal
entity:artifact:2:187004,usesMaterial,entity:material:pigment
entity:artifact:2:187005,usesMaterial,entity:material:earthenware
entity:artifact:2:187005,usesMaterial,entity:material:iron
entity:artifact:2:187274,usesMaterial,entity:material:bronze
entity:artifact:2:187274,usesMaterial,entity:material:gold
entity:artifact:2:18758,usesMaterial,entity:material:clay
entity:artifact:2:18758,usesMaterial,entity:material:earthenware
entity:artifact:2:18758,usesMaterial,entity:material:metal
entity:artifact:2:18758,usesMaterial,entity:material:pigment
entity:artifact:2:18759,usesMaterial,entity:material:earthenware
entity:artifact:2:18759,usesMaterial,entity:material:pigment
entity:artifact:2:187802,usesMaterial,entity:material:earthenware
entity:artifact:2:187802,usesMaterial,entity:material:porcelain
entity:artifact:2:188082,usesMaterial,entity:material:earthenware
entity:artifact:2:188082,usesMaterial,entity:material:porcelain
entity:artifact:2:188083,usesMaterial,entity:material:earthenware
entity:artifact:2:188083,usesMaterial,entity:material:porcelain
entity:artifact:2:188084,usesMaterial,entity:material:earthenware
entity:artifact:2:188084,usesMaterial,entity:material:metal
entity:artifact:2:188084,usesMaterial,entity:material:pigment
entity:artifact:2:188085,usesMaterial,entity:material:porcelain
entity:artifact:2:188153,usesMaterial,entity:material:earthenware
entity:artifact:2:188154,usesMaterial,entity:material:earthenware
entity:artifact:2:188154,usesMaterial,entity:material:porcelain
entity:artifact:2:188156,usesMaterial,entity:material:bronze
entity:artifact:2:188156,usesMaterial,entity:material:gold
entity:artifact:2:188157,usesMaterial,entity:material:bronze
entity:artifact:2:188157,usesMaterial,entity:material:gold
entity:artifact:2:188169,usesMaterial,entity:material:earthenware
entity:artifact:2:188169,usesMaterial,entity:material:metal
entity:artifact:2:188169,usesMaterial,entity:material:pigment
entity:artifact:2:188475,usesMaterial,entity:material:ceramic
entity:artifact:2:18856,usesMaterial,entity:material:nephrite
entity:artifact:2:18857,usesMaterial,entity:material:earthenware
entity:artifact:2:18857,usesMaterial,entity:material:pigment
entity:artifact:2:188954,usesMaterial,entity:material:earthenware
entity:artifact:2:188954,usesMaterial,entity:material:porcelain
entity:artifact:2:189067,usesMaterial,entity:material:earthenware
entity:artifact:2:189098,usesMaterial,entity:material:ink
entity:artifact:2:189098,usesMaterial,entity:material:paper
entity:artifact:2:189099,usesMaterial,entity:material:earthenware
entity:artifact:2:189099,usesMaterial,entity:material:porcelain
entity:artifact:2:189158,usesMaterial,entity:material:earthenware
entity:artifact:2:189158,usesMaterial,entity:material:metal
entity:artifact:2:189158,usesMaterial,entity:material:pigment
entity:artifact:2:189159,usesMaterial,entity:material:earthenware
entity:artifact:2:189161,usesMaterial,entity:material:earthenware
entity:artifact:2:189162,usesMaterial,entity:material:earthenware
entity:artifact:2:189162,usesMaterial,entity:material:pigment
entity:artifact:2:189163,usesMaterial,entity:material:earthenware
entity:artifact:2:189163,usesMaterial,entity:material:pigment
entity:artifact:2:189200,usesMaterial,entity:material:earthenware
entity:artifact:2:189200,usesMaterial,entity:material:pigment
entity:artifact:2:189204,usesMaterial,entity:material:earthenware
entity:artifact:2:189204,usesMaterial,entity:material:pigment
entity:artifact:2:189205,usesMaterial,entity:material:earthenware
entity:artifact:2:189219,usesMaterial,entity:material:ink
entity:artifact:2:189219,usesMaterial,entity:material:pigment
entity:artifact:2:189219,usesMaterial,entity:material:silk
entity:artifact:2:189235,usesMaterial,entity:material:earthenware
entity:artifact:2:189235,usesMaterial,entity:material:porcelain
entity:artifact:2:189465,usesMaterial,entity:material:ink
entity:artifact:2:189465,usesMaterial,entity:material:paper
entity:artifact:2:189465,usesMaterial,entity:material:pigment
entity:artifact:2:189565,usesMaterial,entity:material:earthenware
entity:artifact:2:189739,usesMaterial,entity:material:earthenware
entity:artifact:2:189837,usesMaterial,entity:material:ink
entity:artifact:2:189837,usesMaterial,entity:material:paper
entity:artifact:2:189837,usesMaterial,entity:material:pigment
entity:artifact:2:189839,usesMaterial,entity:material:ink
entity:artifact:2:189839,usesMaterial,entity:material:silk
entity:artifact:2:189840,usesMaterial,entity:material:ink
entity:artifact:2:189840,usesMaterial,entity:material:paper
entity:artifact:2:189841,usesMaterial,entity:material:ink
entity:artifact:2:189841,usesMaterial,entity:material:paper
entity:artifact:2:189843,usesMaterial,entity:material:ink
entity:artifact:2:189843,usesMaterial,entity:material:pigment
entity:artifact:2:189843,usesMaterial,entity:material:silk
entity:artifact:2:189844,usesMaterial,entity:material:ink
entity:artifact:2:189844,usesMaterial,entity:material:pigment
entity:artifact:2:189844,usesMaterial,entity:material:silk
entity:artifact:2:18988,usesMaterial,entity:material:ink
entity:artifact:2:190122,usesMaterial,entity:material:gold
entity:artifact:2:190122,usesMaterial,entity:material:ink
entity:artifact:2:190122,usesMaterial,entity:material:paper
entity:artifact:2:190123,usesMaterial,entity:material:ink
entity:artifact:2:190123,usesMaterial,entity:material:paper
entity:artifact:2:190123,usesMaterial,entity:material:pigment
entity:artifact:2:190125,usesMaterial,entity:material:ink
entity:artifact:2:190125,usesMaterial,entity:material:paper
entity:artifact:2:190125,usesMaterial,entity:material:pigment
entity:artifact:2:190136,usesMaterial,entity:material:ink
entity:artifact:2:190136,usesMaterial,entity:material:paper
entity:artifact:2:190136,usesMaterial,entity:material:pigment
entity:artifact:2:190137,usesMaterial,entity:material:ink
entity:artifact:2:190137,usesMaterial,entity:material:paper
entity:artifact:2:190138,usesMaterial,entity:material:ink
entity:artifact:2:190138,usesMaterial,entity:material:paper
entity:artifact:2:190139,usesMaterial,entity:material:gold
entity:artifact:2:190139,usesMaterial,entity:material:ink
entity:artifact:2:190139,usesMaterial,entity:material:paper
entity:artifact:2:190139,usesMaterial,entity:material:silk
entity:artifact:2:190142,usesMaterial,entity:material:ink
entity:artifact:2:190142,usesMaterial,entity:material:pigment
entity:artifact:2:190142,usesMaterial,entity:material:silk
entity:artifact:2:190144,usesMaterial,entity:material:ink
entity:artifact:2:190144,usesMaterial,entity:material:paper
entity:artifact:2:190145,usesMaterial,entity:material:gold
entity:artifact:2:190145,usesMaterial,entity:material:ink
entity:artifact:2:190145,usesMaterial,entity:material:paper
entity:artifact:2:190145,usesMaterial,entity:material:pigment
entity:artifact:2:190147,usesMaterial,entity:material:ink
entity:artifact:2:190147,usesMaterial,entity:material:paper
entity:artifact:2:190148,usesMaterial,entity:material:gold
entity:artifact:2:190148,usesMaterial,entity:material:ink
entity:artifact:2:190148,usesMaterial,entity:material:paper
entity:artifact:2:190159,usesMaterial,entity:material:earthenware
entity:artifact:2:190159,usesMaterial,entity:material:pigment
entity:artifact:2:190160,usesMaterial,entity:material:earthenware
entity:artifact:2:190161,usesMaterial,entity:material:earthenware
entity:artifact:2:190162,usesMaterial,entity:material:earthenware
entity:artifact:2:190163,usesMaterial,entity:material:earthenware
entity:artifact:2:190164,usesMaterial,entity:material:earthenware
entity:artifact:2:190164,usesMaterial,entity:material:metal
entity:artifact:2:190164,usesMaterial,entity:material:pigment
entity:artifact:2:190165,usesMaterial,entity:material:earthenware
entity:artifact:2:190167,usesMaterial,entity:material:ink
entity:artifact:2:190167,usesMaterial,entity:material:pigment
entity:artifact:2:190167,usesMaterial,entity:material:silk
entity:artifact:2:190168,usesMaterial,entity:material:gold
entity:artifact:2:190168,usesMaterial,entity:material:ink
entity:artifact:2:190168,usesMaterial,entity:material:pigment
entity:artifact:2:190168,usesMaterial,entity:material:silk
entity:artifact:2:190169,usesMaterial,entity:material:ink
entity:artifact:2:190169,usesMaterial,entity:material:silk
entity:artifact:2:190170,usesMaterial,entity:material:ink
entity:artifact:2:190170,usesMaterial,entity:material:paper
entity:artifact:2:190170,usesMaterial,entity:material:pigment
entity:artifact:2:190184,usesMaterial,entity:material:ink
entity:artifact:2:190184,usesMaterial,entity:material:pigment
entity:artifact:2:190184,usesMaterial,entity:material:silk
entity:artifact:2:190185,usesMaterial,entity:material:gold
entity:artifact:2:190185,usesMaterial,entity:material:ink
entity:artifact:2:190185,usesMaterial,entity:material:pigment
entity:artifact:2:190185,usesMaterial,entity:material:silk
entity:artifact:2:190209,usesMaterial,entity:material:earthenware
entity:artifact:2:190217,usesMaterial,entity:material:earthenware
entity:artifact:2:190217,usesMaterial,entity:material:pigment
entity:artifact:2:190218,usesMaterial,entity:material:earthenware
entity:artifact:2:190218,usesMaterial,entity:material:pigment
entity:artifact:2:190471,usesMaterial,entity:material:bronze
entity:artifact:2:190472,usesMaterial,entity:material:earthenware
entity:artifact:2:190472,usesMaterial,entity:material:porcelain
entity:artifact:2:190809,usesMaterial,entity:material:earthenware
entity:artifact:2:190811,usesMaterial,entity:material:earthenware
entity:artifact:2:190850,usesMaterial,entity:material:earthenware
entity:artifact:2:190851,usesMaterial,entity:material:earthenware
entity:artifact:2:190853,usesMaterial,entity:material:earthenware
entity:artifact:2:190853,usesMaterial,entity:material:ivory
entity:artifact:2:190854,usesMaterial,entity:material:earthenware
entity:artifact:2:190928,usesMaterial,entity:material:earthenware
entity:artifact:2:190928,usesMaterial,entity:material:porcelain
entity:artifact:2:190929,usesMaterial,entity:material:earthenware
entity:artifact:2:190930,usesMaterial,entity:material:porcelain
entity:artifact:2:190996,usesMaterial,entity:material:earthenware
entity:artifact:2:190996,usesMaterial,entity:material:porcelain
entity:artifact:2:190997,usesMaterial,entity:material:earthenware
entity:artifact:2:190997,usesMaterial,entity:material:pigment
entity:artifact:2:190998,usesMaterial,entity:material:earthenware
entity:artifact:2:190998,usesMaterial,entity:material:pigment
entity:artifact:2:191000,usesMaterial,entity:material:earthenware
entity:artifact:2:191000,usesMaterial,entity:material:pigment
entity:artifact:2:191001,usesMaterial,entity:material:earthenware
entity:artifact:2:191003,usesMaterial,entity:material:bronze
entity:artifact:2:191004,usesMaterial,entity:material:earthenware
entity:artifact:2:191004,usesMaterial,entity:material:porcelain
entity:artifact:2:191054,usesMaterial,entity:material:earthenware
entity:artifact:2:191054,usesMaterial,entity:material:porcelain
entity:artifact:2:191055,usesMaterial,entity:material:earthenware
entity:artifact:2:191056,usesMaterial,entity:material:earthenware
entity:artifact:2:191056,usesMaterial,entity:material:pigment
entity:artifact:2:191057,usesMaterial,entity:material:earthenware
entity:artifact:2:191057,usesMaterial,entity:material:pigment
entity:artifact:2:191323,usesMaterial,entity:material:amber
entity:artifact:2:191323,usesMaterial,entity:material:earthenware
entity:artifact:2:191323,usesMaterial,entity:material:metal
entity:artifact:2:191323,usesMaterial,entity:material:pigment
entity:artifact:2:191325,usesMaterial,entity:material:earthenware
entity:artifact:2:191325,usesMaterial,entity:material:iron
entity:artifact:2:191326,usesMaterial,entity:material:earthenware
entity:artifact:2:191328,usesMaterial,entity:material:earthenware
entity:artifact:2:191328,usesMaterial,entity:material:metal
entity:artifact:2:191328,usesMaterial,entity:material:pigment
entity:artifact:2:191329,usesMaterial,entity:material:earthenware
entity:artifact:2:192051,usesMaterial,entity:material:amber
entity:artifact:2:192051,usesMaterial,entity:material:earthenware
entity:artifact:2:192051,usesMaterial,entity:material:metal
entity:artifact:2:192051,usesMaterial,entity:material:pigment
entity:artifact:2:192060,usesMaterial,entity:material:earthenware
entity:artifact:2:192061,usesMaterial,entity:material:earthenware
entity:artifact:2:192061,usesMaterial,entity:material:porcelain
entity:artifact:2:192062,usesMaterial,entity:material:earthenware
entity:artifact:2:192063,usesMaterial,entity:material:earthenware
entity:artifact:2:192138,usesMaterial,entity:material:earthenware
entity:artifact:2:192140,usesMaterial,entity:material:earthenware
entity:artifact:2:192166,usesMaterial,entity:material:earthenware
entity:artifact:2:192166,usesMaterial,entity:material:metal
entity:artifact:2:19252,usesMaterial,entity:material:nephrite
entity:artifact:2:19253,usesMaterial,entity:material:nephrite
entity:artifact:2:19254,usesMaterial,entity:material:nephrite
entity:artifact:2:19255,usesMaterial,entity:material:earthenware
entity:artifact:2:19255,usesMaterial,entity:material:pigment
entity:artifact:2:19256,usesMaterial,entity:material:earthenware
entity:artifact:2:19256,usesMaterial,entity:material:metal
entity:artifact:2:19277,usesMaterial,entity:material:earthenware
entity:artifact:2:19277,usesMaterial,entity:material:porcelain
entity:artifact:2:192947,usesMaterial,entity:material:earthenware
entity:artifact:2:192949,usesMaterial,entity:material:earthenware
entity:artifact:2:192949,usesMaterial,entity:material:porcelain
entity:artifact:2:193284,usesMaterial,entity:material:stone
entity:artifact:2:193287,usesMaterial,entity:material:earthenware
entity:artifact:2:193288,usesMaterial,entity:material:earthenware
entity:artifact:2:193288,usesMaterial,entity:material:metal
entity:artifact:2:193289,usesMaterial,entity:material:earthenware
entity:artifact:2:193290,usesMaterial,entity:material:earthenware
entity:artifact:2:193290,usesMaterial,entity:material:porcelain
entity:artifact:2:193291,usesMaterial,entity:material:earthenware
entity:artifact:2:193291,usesMaterial,entity:material:porcelain
entity:artifact:2:193292,usesMaterial,entity:material:earthenware
entity:artifact:2:194025,usesMaterial,entity:material:earthenware
entity:artifact:2:194025,usesMaterial,entity:material:metal
entity:artifact:2:195600,usesMaterial,entity:material:earthenware
entity:artifact:2:195610,usesMaterial,entity:material:earthenware
entity:artifact:2:195610,usesMaterial,entity:material:pigment
entity:artifact:2:195611,usesMaterial,entity:material:earthenware
entity:artifact:2:195611,usesMaterial,entity:material:metal
entity:artifact:2:196417,usesMaterial,entity:material:earthenware
entity:artifact:2:196420,usesMaterial,entity:material:earthenware
entity:artifact:2:19684,usesMaterial,entity:material:copper
entity:artifact:2:19685,usesMaterial,entity:material:copper
entity:artifact:2:196985,usesMaterial,entity:material:earthenware
entity:artifact:2:196994,usesMaterial,entity:material:earthenware
entity:artifact:2:196995,usesMaterial,entity:material:earthenware
entity:artifact:2:196996,usesMaterial,entity:material:earthenware
entity:artifact:2:196997,usesMaterial,entity:material:earthenware
entity:artifact:2:196998,usesMaterial,entity:material:earthenware
entity:artifact:2:197026,usesMaterial,entity:material:earthenware
entity:artifact:2:197027,usesMaterial,entity:material:earthenware
entity:artifact:2:197028,usesMaterial,entity:material:earthenware
entity:artifact:2:197028,usesMaterial,entity:material:metal
entity:artifact:2:197049,usesMaterial,entity:material:earthenware
entity:artifact:2:197050,usesMaterial,entity:material:earthenware
entity:artifact:2:197050,usesMaterial,entity:material:metal
entity:artifact:2:197050,usesMaterial,entity:material:pigment
entity:artifact:2:197051,usesMaterial,entity:material:amber
entity:artifact:2:197051,usesMaterial,entity:material:earthenware
entity:artifact:2:197051,usesMaterial,entity:material:metal
entity:artifact:2:197058,usesMaterial,entity:material:earthenware
entity:artifact:2:197060,usesMaterial,entity:material:earthenware
entity:artifact:2:197060,usesMaterial,entity:material:porcelain
entity:artifact:2:197474,usesMaterial,entity:material:earthenware
entity:artifact:2:197514,usesMaterial,entity:material:rhinoceros-horn
entity:artifact:2:197515,usesMaterial,entity:material:rhinoceros-horn
entity:artifact:2:197658,usesMaterial,entity:material:nephrite
entity:artifact:2:197660,usesMaterial,entity:material:wood
entity:artifact:2:197661,usesMaterial,entity:material:earthenware
entity:artifact:2:197665,usesMaterial,entity:material:earthenware
entity:artifact:2:197666,usesMaterial,entity:material:earthenware
entity:artifact:2:197972,usesMaterial,entity:material:earthenware
entity:artifact:2:197972,usesMaterial,entity:material:porcelain
entity:artifact:2:198016,usesMaterial,entity:material:bronze
entity:artifact:2:198019,usesMaterial,entity:material:earthenware
entity:artifact:2:198019,usesMaterial,entity:material:pigment
entity:artifact:2:198020,usesMaterial,entity:material:ink
entity:artifact:2:198020,usesMaterial,entity:material:paper
entity:artifact:2:198020,usesMaterial,entity:material:pigment
entity:artifact:2:198022,usesMaterial,entity:material:earthenware
entity:artifact:2:198023,usesMaterial,entity:material:earthenware
entity:artifact:2:198104,usesMaterial,entity:material:earthenware
entity:artifact:2:198104,usesMaterial,entity:material:pigment
entity:artifact:2:198105,usesMaterial,entity:material:lacquer
entity:artifact:2:198105,usesMaterial,entity:material:metal
entity:artifact:2:198106,usesMaterial,entity:material:earthenware
entity:artifact:2:198241,usesMaterial,entity:material:porcelain
entity:artifact:2:198244,usesMaterial,entity:material:earthenware
entity:artifact:2:198247,usesMaterial,entity:material:earthenware
entity:artifact:2:198359,usesMaterial,entity:material:bamboo
entity:artifact:2:198361,usesMaterial,entity:material:lacquer
entity:artifact:2:198361,usesMaterial,entity:material:pigment
entity:artifact:2:198461,usesMaterial,entity:material:wood
entity:artifact:2:198462,usesMaterial,entity:material:lacquer
entity:artifact:2:198462,usesMaterial,entity:material:pigment
entity:artifact:2:198532,usesMaterial,entity:material:rhinoceros-horn
entity:artifact:2:198568,usesMaterial,entity:material:porcelain
entity:artifact:2:198876,usesMaterial,entity:material:nephrite
entity:artifact:2:198876,usesMaterial,entity:material:porcelain
entity:artifact:2:198963,usesMaterial,entity:material:nephrite
entity:artifact:2:198964,usesMaterial,entity:material:stone
entity:artifact:2:198965,usesMaterial,entity:material:stone
entity:artifact:2:198966,usesMaterial,entity:material:nephrite
entity:artifact:2:198966,usesMaterial,entity:material:porcelain
entity:artifact:2:198967,usesMaterial,entity:material:stone
entity:artifact:2:198984,usesMaterial,entity:material:ink
entity:artifact:2:198984,usesMaterial,entity:material:paper
entity:artifact:2:198984,usesMaterial,entity:material:pigment
entity:artifact:2:198990,usesMaterial,entity:material:bone
entity:artifact:2:198990,usesMaterial,entity:material:pigment
entity:artifact:2:198990,usesMaterial,entity:material:stone
entity:artifact:2:198991,usesMaterial,entity:material:glass
entity:artifact:2:198992,usesMaterial,entity:material:porcelain
entity:artifact:2:199013,usesMaterial,entity:material:gold
entity:artifact:2:199013,usesMaterial,entity:material:wood
entity:artifact:2:199014,usesMaterial,entity:material:pigment
entity:artifact:2:199014,usesMaterial,entity:material:stone
entity:artifact:2:199017,usesMaterial,entity:material:nephrite
entity:artifact:2:199017,usesMaterial,entity:material:pigment
entity:artifact:2:199178,usesMaterial,entity:material:ivory
entity:artifact:2:199178,usesMaterial,entity:material:nephrite
entity:artifact:2:199178,usesMaterial,entity:material:pigment
entity:artifact:2:199179,usesMaterial,entity:material:ink
entity:artifact:2:199179,usesMaterial,entity:material:paper
entity:artifact:2:199179,usesMaterial,entity:material:pigment
entity:artifact:2:199183,usesMaterial,entity:material:nephrite
entity:artifact:2:199183,usesMaterial,entity:material:pigment
entity:artifact:2:199184,usesMaterial,entity:material:stone
entity:artifact:2:199187,usesMaterial,entity:material:nephrite
entity:artifact:2:199187,usesMaterial,entity:material:porcelain
entity:artifact:2:199188,usesMaterial,entity:material:nephrite
entity:artifact:2:199188,usesMaterial,entity:material:porcelain
entity:artifact:2:199189,usesMaterial,entity:material:nephrite
entity:artifact:2:199189,usesMaterial,entity:material:porcelain
entity:artifact:2:199379,usesMaterial,entity:material:wood
entity:artifact:2:199427,usesMaterial,entity:material:enamel
entity:artifact:2:199427,usesMaterial,entity:material:gold
entity:artifact:2:199427,usesMaterial,entity:material:porcelain
entity:artifact:2:199427,usesMaterial,entity:material:silk
entity:artifact:2:199428,usesMaterial,entity:material:enamel
entity:artifact:2:199428,usesMaterial,entity:material:porcelain
entity:artifact:2:199429,usesMaterial,entity:material:porcelain
entity:artifact:2:199432,usesMaterial,entity:material:porcelain
entity:artifact:2:199433,usesMaterial,entity:material:porcelain
entity:artifact:2:199592,usesMaterial,entity:material:nephrite
entity:artifact:2:199592,usesMaterial,entity:material:pigment
entity:artifact:2:199593,usesMaterial,entity:material:bronze
entity:artifact:2:199594,usesMaterial,entity:material:ink
entity:artifact:2:199594,usesMaterial,entity:material:paper
entity:artifact:2:199594,usesMaterial,entity:material:pigment
entity:artifact:2:199595,usesMaterial,entity:material:ink
entity:artifact:2:199595,usesMaterial,entity:material:paper
entity:artifact:2:199595,usesMaterial,entity:material:pigment
entity:artifact:2:199607,usesMaterial,entity:material:ink
entity:artifact:2:199607,usesMaterial,entity:material:paper
entity:artifact:2:199607,usesMaterial,entity:material:pigment
entity:artifact:2:199626,usesMaterial,entity:material:earthenware
entity:artifact:2:199626,usesMaterial,entity:material:porcelain
entity:artifact:2:199628,usesMaterial,entity:material:stone
entity:artifact:2:199629,usesMaterial,entity:material:nephrite
entity:artifact:2:199631,usesMaterial,entity:material:ink
entity:artifact:2:199631,usesMaterial,entity:material:paper
entity:artifact:2:199631,usesMaterial,entity:material:pigment
entity:artifact:2:199633,usesMaterial,entity:material:porcelain
entity:artifact:2:199634,usesMaterial,entity:material:porcelain
entity:artifact:2:199635,usesMaterial,entity:material:nephrite
entity:artifact:2:199635,usesMaterial,entity:material:pigment
entity:artifact:2:199635,usesMaterial,entity:material:textile
entity:artifact:2:199636,usesMaterial,entity:material:ink
entity:artifact:2:199636,usesMaterial,entity:material:paper
entity:artifact:2:199636,usesMaterial,entity:material:pigment
entity:artifact:2:199646,usesMaterial,entity:material:porcelain
entity:artifact:2:199647,usesMaterial,entity:material:porcelain
entity:artifact:2:199648,usesMaterial,entity:material:stone
entity:artifact:2:199685,usesMaterial,entity:material:ink
entity:artifact:2:199685,usesMaterial,entity:material:pigment
entity:artifact:2:199685,usesMaterial,entity:material:silk
entity:artifact:2:199690,usesMaterial,entity:material:nephrite
entity:artifact:2:199691,usesMaterial,entity:material:porcelain
entity:artifact:2:199692,usesMaterial,entity:material:porcelain
entity:artifact:2:199693,usesMaterial,entity:material:bronze
entity:artifact:2:199694,usesMaterial,entity:material:ink
entity:artifact:2:199694,usesMaterial,entity:material:paper
entity:artifact:2:199694,usesMaterial,entity:material:pigment
entity:artifact:2:199695,usesMaterial,entity:material:ink
entity:artifact:2:199695,usesMaterial,entity:material:paper
entity:artifact:2:199695,usesMaterial,entity:material:pigment
entity:artifact:2:199712,usesMaterial,entity:material:porcelain
entity:artifact:2:199713,usesMaterial,entity:material:enamel
entity:artifact:2:199713,usesMaterial,entity:material:gold
entity:artifact:2:199713,usesMaterial,entity:material:porcelain
entity:artifact:2:199714,usesMaterial,entity:material:porcelain
entity:artifact:2:199715,usesMaterial,entity:material:porcelain
entity:artifact:2:199716,usesMaterial,entity:material:earthenware
entity:artifact:2:199716,usesMaterial,entity:material:pigment
entity:artifact:2:199721,usesMaterial,entity:material:porcelain
entity:artifact:2:199722,usesMaterial,entity:material:porcelain
entity:artifact:2:199724,usesMaterial,entity:material:porcelain
entity:artifact:2:199751,usesMaterial,entity:material:wood
entity:artifact:2:199752,usesMaterial,entity:material:wood
entity:artifact:2:199753,usesMaterial,entity:material:rhinoceros-horn
entity:artifact:2:199754,usesMaterial,entity:material:wood
entity:artifact:2:199755,usesMaterial,entity:material:wood
entity:artifact:2:199756,usesMaterial,entity:material:wood
entity:artifact:2:199757,usesMaterial,entity:material:wood
entity:artifact:2:199805,usesMaterial,entity:material:earthenware
entity:artifact:2:199805,usesMaterial,entity:material:porcelain
entity:artifact:2:200087,usesMaterial,entity:material:earthenware
entity:artifact:2:200087,usesMaterial,entity:material:metal
entity:artifact:2:200100,usesMaterial,entity:material:silk
entity:artifact:2:200100,usesMaterial,entity:material:textile
entity:artifact:2:200101,usesMaterial,entity:material:earthenware
entity:artifact:2:200101,usesMaterial,entity:material:metal
entity:artifact:2:200101,usesMaterial,entity:material:pigment
entity:artifact:2:200245,usesMaterial,entity:material:earthenware
entity:artifact:2:200245,usesMaterial,entity:material:porcelain
entity:artifact:2:200245,usesMaterial,entity:material:stone
entity:artifact:2:200286,usesMaterial,entity:material:earthenware
entity:artifact:2:200497,usesMaterial,entity:material:bronze
entity:artifact:2:200542,usesMaterial,entity:material:lacquer
entity:artifact:2:200542,usesMaterial,entity:material:wood
entity:artifact:2:200547,usesMaterial,entity:material:earthenware
entity:artifact:2:200547,usesMaterial,entity:material:iron
entity:artifact:2:200583,usesMaterial,entity:material:earthenware
entity:artifact:2:200583,usesMaterial,entity:material:porcelain
entity:artifact:2:200584,usesMaterial,entity:material:bronze
entity:artifact:2:200715,usesMaterial,entity:material:porcelain
entity:artifact:2:200716,usesMaterial,entity:material:porcelain
entity:artifact:2:200718,usesMaterial,entity:material:ink
entity:artifact:2:200718,usesMaterial,entity:material:paper
entity:artifact:2:200719,usesMaterial,entity:material:porcelain
entity:artifact:2:200760,usesMaterial,entity:material:earthenware
entity:artifact:2:200761,usesMaterial,entity:material:earthenware
entity:artifact:2:200761,usesMaterial,entity:material:porcelain
entity:artifact:2:200764,usesMaterial,entity:material:earthenware
entity:artifact:2:200764,usesMaterial,entity:material:pigment
entity:artifact:2:200818,usesMaterial,entity:material:earthenware
entity:artifact:2:200818,usesMaterial,entity:material:iron
entity:artifact:2:200818,usesMaterial,entity:material:porcelain
entity:artifact:2:200821,usesMaterial,entity:material:earthenware
entity:artifact:2:200821,usesMaterial,entity:material:porcelain
entity:artifact:2:200837,usesMaterial,entity:material:bronze
entity:artifact:2:200838,usesMaterial,entity:material:bronze
entity:artifact:2:200839,usesMaterial,entity:material:copper
entity:artifact:2:200840,usesMaterial,entity:material:bronze
entity:artifact:2:200855,usesMaterial,entity:material:earthenware
entity:artifact:2:200856,usesMaterial,entity:material:cotton
entity:artifact:2:200856,usesMaterial,entity:material:ink
entity:artifact:2:200856,usesMaterial,entity:material:paper
entity:artifact:2:200856,usesMaterial,entity:material:pigment
entity:artifact:2:200868,usesMaterial,entity:material:wood
entity:artifact:2:200907,usesMaterial,entity:material:earthenware
entity:artifact:2:200907,usesMaterial,entity:material:porcelain
entity:artifact:2:200939,usesMaterial,entity:material:wood
entity:artifact:2:200940,usesMaterial,entity:material:wood
entity:artifact:2:200941,usesMaterial,entity:material:earthenware
entity:artifact:2:200941,usesMaterial,entity:material:ink
entity:artifact:2:200941,usesMaterial,entity:material:iron
entity:artifact:2:200942,usesMaterial,entity:material:earthenware
entity:artifact:2:200950,usesMaterial,entity:material:earthenware
entity:artifact:2:200950,usesMaterial,entity:material:porcelain
entity:artifact:2:200957,usesMaterial,entity:material:copper
entity:artifact:2:200958,usesMaterial,entity:material:copper
entity:artifact:2:200980,usesMaterial,entity:material:earthenware
entity:artifact:2:200980,usesMaterial,entity:material:ink
entity:artifact:2:200980,usesMaterial,entity:material:iron
entity:artifact:2:200981,usesMaterial,entity:material:bronze
entity:artifact:2:200981,usesMaterial,entity:material:gold
entity:artifact:2:201013,usesMaterial,entity:material:nephrite
entity:artifact:2:201014,usesMaterial,entity:material:earthenware
entity:artifact:2:201014,usesMaterial,entity:material:porcelain
entity:artifact:2:201038,usesMaterial,entity:material:enamel
entity:artifact:2:201038,usesMaterial,entity:material:porcelain
entity:artifact:2:201063,usesMaterial,entity:material:earthenware
entity:artifact:2:201063,usesMaterial,entity:material:porcelain
entity:artifact:2:201064,usesMaterial,entity:material:bronze
entity:artifact:2:201065,usesMaterial,entity:material:bronze
entity:artifact:2:201066,usesMaterial,entity:material:bronze
entity:artifact:2:201067,usesMaterial,entity:material:bronze
entity:artifact:2:201068,usesMaterial,entity:material:bronze
entity:artifact:2:201069,usesMaterial,entity:material:bronze
entity:artifact:2:201086,usesMaterial,entity:material:ink
entity:artifact:2:201086,usesMaterial,entity:material:paper
entity:artifact:2:201086,usesMaterial,entity:material:pigment
entity:artifact:2:201090,usesMaterial,entity:material:stone
entity:artifact:2:201091,usesMaterial,entity:material:stone
entity:artifact:2:201099,usesMaterial,entity:material:ink
entity:artifact:2:201099,usesMaterial,entity:material:paper
entity:artifact:2:201099,usesMaterial,entity:material:pigment
entity:artifact:2:201116,usesMaterial,entity:material:textile
entity:artifact:2:201141,usesMaterial,entity:material:ink
entity:artifact:2:201141,usesMaterial,entity:material:paper
entity:artifact:2:201141,usesMaterial,entity:material:pigment
entity:artifact:2:201146,usesMaterial,entity:material:gold
entity:artifact:2:201146,usesMaterial,entity:material:ink
entity:artifact:2:201146,usesMaterial,entity:material:paper
entity:artifact:2:201147,usesMaterial,entity:material:stone
entity:artifact:2:201158,usesMaterial,entity:material:ink
entity:artifact:2:201158,usesMaterial,entity:material:paper
entity:artifact:2:201173,usesMaterial,entity:material:ink
entity:artifact:2:201173,usesMaterial,entity:material:paper
entity:artifact:2:201173,usesMaterial,entity:material:pigment
entity:artifact:2:201174,usesMaterial,entity:material:ink
entity:artifact:2:201174,usesMaterial,entity:material:paper
entity:artifact:2:201174,usesMaterial,entity:material:pigment
entity:artifact:2:201175,usesMaterial,entity:material:ink
entity:artifact:2:201175,usesMaterial,entity:material:paper
entity:artifact:2:201175,usesMaterial,entity:material:pigment
entity:artifact:2:201176,usesMaterial,entity:material:ink
entity:artifact:2:201176,usesMaterial,entity:material:paper
entity:artifact:2:201176,usesMaterial,entity:material:pigment
entity:artifact:2:201210,usesMaterial,entity:material:ink
entity:artifact:2:201210,usesMaterial,entity:material:paper
entity:artifact:2:201240,usesMaterial,entity:material:bronze
entity:artifact:2:201242,usesMaterial,entity:material:ink
entity:artifact:2:201242,usesMaterial,entity:material:paper
entity:artifact:2:201242,usesMaterial,entity:material:pigment
entity:artifact:2:201243,usesMaterial,entity:material:ink
entity:artifact:2:201243,usesMaterial,entity:material:paper
entity:artifact:2:201243,usesMaterial,entity:material:pigment
entity:artifact:2:201244,usesMaterial,entity:material:ink
entity:artifact:2:201244,usesMaterial,entity:material:paper
entity:artifact:2:201247,usesMaterial,entity:material:earthenware
entity:artifact:2:201257,usesMaterial,entity:material:earthenware
entity:artifact:2:201258,usesMaterial,entity:material:earthenware
entity:artifact:2:201259,usesMaterial,entity:material:earthenware
entity:artifact:2:201260,usesMaterial,entity:material:earthenware
entity:artifact:2:201261,usesMaterial,entity:material:earthenware
entity:artifact:2:201269,usesMaterial,entity:material:ink
entity:artifact:2:201269,usesMaterial,entity:material:paper
entity:artifact:2:201270,usesMaterial,entity:material:ink
entity:artifact:2:201270,usesMaterial,entity:material:paper
entity:artifact:2:201271,usesMaterial,entity:material:ink
entity:artifact:2:201271,usesMaterial,entity:material:paper
entity:artifact:2:201272,usesMaterial,entity:material:ink
entity:artifact:2:201272,usesMaterial,entity:material:paper
entity:artifact:2:201273,usesMaterial,entity:material:ink
entity:artifact:2:201273,usesMaterial,entity:material:paper
entity:artifact:2:201274,usesMaterial,entity:material:ink
entity:artifact:2:201274,usesMaterial,entity:material:paper
entity:artifact:2:201274,usesMaterial,entity:material:pigment
entity:artifact:2:201275,usesMaterial,entity:material:ink
entity:artifact:2:201275,usesMaterial,entity:material:paper
entity:artifact:2:201275,usesMaterial,entity:material:pigment
entity:artifact:2:201276,usesMaterial,entity:material:ink
entity:artifact:2:201276,usesMaterial,entity:material:paper
entity:artifact:2:201277,usesMaterial,entity:material:ink
entity:artifact:2:201277,usesMaterial,entity:material:paper
entity:artifact:2:201282,usesMaterial,entity:material:ink
entity:artifact:2:201282,usesMaterial,entity:material:paper
entity:artifact:2:201283,usesMaterial,entity:material:ink
entity:artifact:2:201283,usesMaterial,entity:material:paper
entity:artifact:2:201285,usesMaterial,entity:material:earthenware
entity:artifact:2:201285,usesMaterial,entity:material:porcelain
entity:artifact:2:201286,usesMaterial,entity:material:earthenware
entity:artifact:2:201286,usesMaterial,entity:material:metal
entity:artifact:2:201288,usesMaterial,entity:material:ink
entity:artifact:2:201288,usesMaterial,entity:material:paper
entity:artifact:2:201303,usesMaterial,entity:material:ink
entity:artifact:2:201303,usesMaterial,entity:material:paper
entity:artifact:2:201311,usesMaterial,entity:material:earthenware
entity:artifact:2:201311,usesMaterial,entity:material:pigment
entity:artifact:2:201318,usesMaterial,entity:material:bronze
entity:artifact:2:201320,usesMaterial,entity:material:porcelain
entity:artifact:2:201327,usesMaterial,entity:material:earthenware
entity:artifact:2:201328,usesMaterial,entity:material:earthenware
entity:artifact:2:201329,usesMaterial,entity:material:earthenware
entity:artifact:2:201330,usesMaterial,entity:material:earthenware
entity:artifact:2:201331,usesMaterial,entity:material:earthenware
entity:artifact:2:201332,usesMaterial,entity:material:earthenware
entity:artifact:2:201333,usesMaterial,entity:material:earthenware
entity:artifact:2:201350,usesMaterial,entity:material:ink
entity:artifact:2:201350,usesMaterial,entity:material:paper
entity:artifact:2:201351,usesMaterial,entity:material:ink
entity:artifact:2:201351,usesMaterial,entity:material:paper
entity:artifact:2:201352,usesMaterial,entity:material:ink
entity:artifact:2:201352,usesMaterial,entity:material:paper
entity:artifact:2:201355,usesMaterial,entity:material:earthenware
entity:artifact:2:201357,usesMaterial,entity:material:ink
entity:artifact:2:201357,usesMaterial,entity:material:paper
entity:artifact:2:201358,usesMaterial,entity:material:ink
entity:artifact:2:201358,usesMaterial,entity:material:paper
entity:artifact:2:201359,usesMaterial,entity:material:ink
entity:artifact:2:201359,usesMaterial,entity:material:paper
entity:artifact:2:201360,usesMaterial,entity:material:ink
entity:artifact:2:201360,usesMaterial,entity:material:paper
entity:artifact:2:201361,usesMaterial,entity:material:ink
entity:artifact:2:201361,usesMaterial,entity:material:paper
entity:artifact:2:201362,usesMaterial,entity:material:ink
entity:artifact:2:201362,usesMaterial,entity:material:paper
entity:artifact:2:201363,usesMaterial,entity:material:ink
entity:artifact:2:201363,usesMaterial,entity:material:paper
entity:artifact:2:201370,usesMaterial,entity:material:earthenware
entity:artifact:2:201391,usesMaterial,entity:material:ink
entity:artifact:2:201391,usesMaterial,entity:material:paper
entity:artifact:2:201391,usesMaterial,entity:material:pigment
entity:artifact:2:201392,usesMaterial,entity:material:ink
entity:artifact:2:201392,usesMaterial,entity:material:paper
entity:artifact:2:201402,usesMaterial,entity:material:ink
entity:artifact:2:201402,usesMaterial,entity:material:paper
entity:artifact:2:201403,usesMaterial,entity:material:ink
entity:artifact:2:201403,usesMaterial,entity:material:paper
entity:artifact:2:201404,usesMaterial,entity:material:ink
entity:artifact:2:201404,usesMaterial,entity:material:paper
entity:artifact:2:201404,usesMaterial,entity:material:pigment
entity:artifact:2:201412,usesMaterial,entity:material:ink
entity:artifact:2:201412,usesMaterial,entity:material:paper
entity:artifact:2:201447,usesMaterial,entity:material:ink
entity:artifact:2:201447,usesMaterial,entity:material:paper
entity:artifact:2:201447,usesMaterial,entity:material:pigment
entity:artifact:2:201448,usesMaterial,entity:material:ink
entity:artifact:2:201448,usesMaterial,entity:material:paper
entity:artifact:2:201448,usesMaterial,entity:material:pigment
entity:artifact:2:201449,usesMaterial,entity:material:ink
entity:artifact:2:201449,usesMaterial,entity:material:paper
entity:artifact:2:201449,usesMaterial,entity:material:pigment
entity:artifact:2:201450,usesMaterial,entity:material:ink
entity:artifact:2:201450,usesMaterial,entity:material:paper
entity:artifact:2:201450,usesMaterial,entity:material:pigment
entity:artifact:2:201455,usesMaterial,entity:material:earthenware
entity:artifact:2:201456,usesMaterial,entity:material:earthenware
entity:artifact:2:201457,usesMaterial,entity:material:earthenware
entity:artifact:2:201458,usesMaterial,entity:material:earthenware
entity:artifact:2:201459,usesMaterial,entity:material:earthenware
entity:artifact:2:201460,usesMaterial,entity:material:earthenware
entity:artifact:2:201463,usesMaterial,entity:material:stone
entity:artifact:2:201464,usesMaterial,entity:material:earthenware
entity:artifact:2:201465,usesMaterial,entity:material:earthenware
entity:artifact:2:201466,usesMaterial,entity:material:earthenware
entity:artifact:2:201469,usesMaterial,entity:material:earthenware
entity:artifact:2:201469,usesMaterial,entity:material:iron
entity:artifact:2:201470,usesMaterial,entity:material:glass
entity:artifact:2:201470,usesMaterial,entity:material:stone
entity:artifact:2:201473,usesMaterial,entity:material:earthenware
entity:artifact:2:201473,usesMaterial,entity:material:porcelain
entity:artifact:2:201478,usesMaterial,entity:material:earthenware
entity:artifact:2:201479,usesMaterial,entity:material:earthenware
entity:artifact:2:201480,usesMaterial,entity:material:earthenware
entity:artifact:2:201481,usesMaterial,entity:material:earthenware
entity:artifact:2:201481,usesMaterial,entity:material:pigment
entity:artifact:2:201482,usesMaterial,entity:material:earthenware
entity:artifact:2:201482,usesMaterial,entity:material:pigment
entity:artifact:2:201483,usesMaterial,entity:material:earthenware
entity:artifact:2:201484,usesMaterial,entity:material:earthenware
entity:artifact:2:201486,usesMaterial,entity:material:earthenware
entity:artifact:2:201487,usesMaterial,entity:material:earthenware
entity:artifact:2:201491,usesMaterial,entity:material:textile
entity:artifact:2:201494,usesMaterial,entity:material:wood
entity:artifact:2:201495,usesMaterial,entity:material:porcelain
entity:artifact:2:201502,usesMaterial,entity:material:ink
entity:artifact:2:201502,usesMaterial,entity:material:paper
entity:artifact:2:201507,usesMaterial,entity:material:porcelain
entity:artifact:2:201508,usesMaterial,entity:material:stone
entity:artifact:2:201518,usesMaterial,entity:material:pigment
entity:artifact:2:201518,usesMaterial,entity:material:stone
entity:artifact:2:201519,usesMaterial,entity:material:ink
entity:artifact:2:201519,usesMaterial,entity:material:paper
entity:artifact:2:201528,usesMaterial,entity:material:ink
entity:artifact:2:201528,usesMaterial,entity:material:paper
entity:artifact:2:201528,usesMaterial,entity:material:pigment
entity:artifact:2:201529,usesMaterial,entity:material:stone
entity:artifact:2:201530,usesMaterial,entity:material:earthenware
entity:artifact:2:201531,usesMaterial,entity:material:earthenware
entity:artifact:2:201532,usesMaterial,entity:material:earthenware
entity:artifact:2:201533,usesMaterial,entity:material:ink
entity:artifact:2:201533,usesMaterial,entity:material:paper
entity:artifact:2:201536,usesMaterial,entity:material:earthenware
entity:artifact:2:201537,usesMaterial,entity:material:earthenware
entity:artifact:2:201539,usesMaterial,entity:material:earthenware
entity:artifact:2:201540,usesMaterial,entity:material:earthenware
entity:artifact:2:201541,usesMaterial,entity:material:earthenware
entity:artifact:2:201542,usesMaterial,entity:material:earthenware
entity:artifact:2:201543,usesMaterial,entity:material:earthenware
entity:artifact:2:201544,usesMaterial,entity:material:earthenware
entity:artifact:2:201546,usesMaterial,entity:material:earthenware
entity:artifact:2:201550,usesMaterial,entity:material:porcelain
entity:artifact:2:201551,usesMaterial,entity:material:stone
entity:artifact:2:201552,usesMaterial,entity:material:stone
entity:artifact:2:201553,usesMaterial,entity:material:ink
entity:artifact:2:201553,usesMaterial,entity:material:paper
entity:artifact:2:201553,usesMaterial,entity:material:pigment
entity:artifact:2:201554,usesMaterial,entity:material:ink
entity:artifact:2:201554,usesMaterial,entity:material:paper
entity:artifact:2:201554,usesMaterial,entity:material:pigment
entity:artifact:2:201558,usesMaterial,entity:material:earthenware
entity:artifact:2:201559,usesMaterial,entity:material:earthenware
entity:artifact:2:201560,usesMaterial,entity:material:earthenware
entity:artifact:2:201561,usesMaterial,entity:material:earthenware
entity:artifact:2:201562,usesMaterial,entity:material:earthenware
entity:artifact:2:201563,usesMaterial,entity:material:earthenware
entity:artifact:2:201564,usesMaterial,entity:material:earthenware
entity:artifact:2:201565,usesMaterial,entity:material:earthenware
entity:artifact:2:201571,usesMaterial,entity:material:ink
entity:artifact:2:201571,usesMaterial,entity:material:pigment
entity:artifact:2:201571,usesMaterial,entity:material:silk
entity:artifact:2:201591,usesMaterial,entity:material:earthenware
entity:artifact:2:201592,usesMaterial,entity:material:earthenware
entity:artifact:2:201593,usesMaterial,entity:material:earthenware
entity:artifact:2:201594,usesMaterial,entity:material:earthenware
entity:artifact:2:201595,usesMaterial,entity:material:earthenware
entity:artifact:2:201610,usesMaterial,entity:material:nephrite
entity:artifact:2:201611,usesMaterial,entity:material:ink
entity:artifact:2:201611,usesMaterial,entity:material:paper
entity:artifact:2:201613,usesMaterial,entity:material:ink
entity:artifact:2:201613,usesMaterial,entity:material:paper
entity:artifact:2:201614,usesMaterial,entity:material:ink
entity:artifact:2:201614,usesMaterial,entity:material:paper
entity:artifact:2:201615,usesMaterial,entity:material:ink
entity:artifact:2:201615,usesMaterial,entity:material:paper
entity:artifact:2:201616,usesMaterial,entity:material:ink
entity:artifact:2:201616,usesMaterial,entity:material:paper
entity:artifact:2:201636,usesMaterial,entity:material:earthenware
entity:artifact:2:201637,usesMaterial,entity:material:earthenware
entity:artifact:2:201644,usesMaterial,entity:material:earthenware
entity:artifact:2:201645,usesMaterial,entity:material:earthenware
entity:artifact:2:201646,usesMaterial,entity:material:earthenware
entity:artifact:2:201647,usesMaterial,entity:material:earthenware
entity:artifact:2:201648,usesMaterial,entity:material:earthenware
entity:artifact:2:201649,usesMaterial,entity:material:earthenware
entity:artifact:2:201650,usesMaterial,entity:material:earthenware
entity:artifact:2:201657,usesMaterial,entity:material:earthenware
entity:artifact:2:201659,usesMaterial,entity:material:earthenware
entity:artifact:2:201660,usesMaterial,entity:material:earthenware
entity:artifact:2:201661,usesMaterial,entity:material:stone
entity:artifact:2:201664,usesMaterial,entity:material:earthenware
entity:artifact:2:201665,usesMaterial,entity:material:earthenware
entity:artifact:2:201666,usesMaterial,entity:material:earthenware
entity:artifact:2:201667,usesMaterial,entity:material:stone
entity:artifact:2:201668,usesMaterial,entity:material:stone
entity:artifact:2:201669,usesMaterial,entity:material:stone
entity:artifact:2:201670,usesMaterial,entity:material:stone
entity:artifact:2:201671,usesMaterial,entity:material:earthenware
entity:artifact:2:201672,usesMaterial,entity:material:earthenware
entity:artifact:2:201673,usesMaterial,entity:material:earthenware
entity:artifact:2:201677,usesMaterial,entity:material:earthenware
entity:artifact:2:201677,usesMaterial,entity:material:iron
entity:artifact:2:201678,usesMaterial,entity:material:gold
entity:artifact:2:201678,usesMaterial,entity:material:silver
entity:artifact:2:201681,usesMaterial,entity:material:bronze
entity:artifact:2:201681,usesMaterial,entity:material:gold
entity:artifact:2:201681,usesMaterial,entity:material:pigment
entity:artifact:2:201682,usesMaterial,entity:material:silk
entity:artifact:2:201685,usesMaterial,entity:material:wood
entity:artifact:2:201686,usesMaterial,entity:material:bronze
entity:artifact:2:201688,usesMaterial,entity:material:ink
entity:artifact:2:201688,usesMaterial,entity:material:paper
entity:artifact:2:201688,usesMaterial,entity:material:pigment
entity:artifact:2:201689,usesMaterial,entity:material:ink
entity:artifact:2:201689,usesMaterial,entity:material:paper
entity:artifact:2:201689,usesMaterial,entity:material:pigment
entity:artifact:2:201690,usesMaterial,entity:material:ink
entity:artifact:2:201690,usesMaterial,entity:material:paper
entity:artifact:2:201690,usesMaterial,entity:material:pigment
entity:artifact:2:201693,usesMaterial,entity:material:porcelain
entity:artifact:2:201694,usesMaterial,entity:material:enamel
entity:artifact:2:201694,usesMaterial,entity:material:porcelain
entity:artifact:2:201695,usesMaterial,entity:material:enamel
entity:artifact:2:201695,usesMaterial,entity:material:porcelain
entity:artifact:2:201698,usesMaterial,entity:material:porcelain
entity:artifact:2:201699,usesMaterial,entity:material:porcelain
entity:artifact:2:201704,usesMaterial,entity:material:ink
entity:artifact:2:201704,usesMaterial,entity:material:paper
entity:artifact:2:201705,usesMaterial,entity:material:ink
entity:artifact:2:201705,usesMaterial,entity:material:paper
entity:artifact:2:201706,usesMaterial,entity:material:silk
entity:artifact:2:201714,usesMaterial,entity:material:earthenware
entity:artifact:2:201715,usesMaterial,entity:material:earthenware
entity:artifact:2:201716,usesMaterial,entity:material:earthenware
entity:artifact:2:201717,usesMaterial,entity:material:earthenware
entity:artifact:2:201719,usesMaterial,entity:material:earthenware
entity:artifact:2:201720,usesMaterial,entity:material:earthenware
entity:artifact:2:201721,usesMaterial,entity:material:earthenware
entity:artifact:2:201722,usesMaterial,entity:material:earthenware
entity:artifact:2:201723,usesMaterial,entity:material:earthenware
entity:artifact:2:201724,usesMaterial,entity:material:earthenware
entity:artifact:2:201725,usesMaterial,entity:material:earthenware
entity:artifact:2:201726,usesMaterial,entity:material:earthenware
entity:artifact:2:201737,usesMaterial,entity:material:porcelain
entity:artifact:2:201742,usesMaterial,entity:material:nephrite
entity:artifact:2:201743,usesMaterial,entity:material:nephrite
entity:artifact:2:201744,usesMaterial,entity:material:silk
entity:artifact:2:201751,usesMaterial,entity:material:ink
entity:artifact:2:201751,usesMaterial,entity:material:paper
entity:artifact:2:201751,usesMaterial,entity:material:pigment
entity:artifact:2:201757,usesMaterial,entity:material:earthenware
entity:artifact:2:201758,usesMaterial,entity:material:earthenware
entity:artifact:2:201759,usesMaterial,entity:material:earthenware
entity:artifact:2:201760,usesMaterial,entity:material:earthenware
entity:artifact:2:201761,usesMaterial,entity:material:earthenware
entity:artifact:2:201762,usesMaterial,entity:material:earthenware
entity:artifact:2:201763,usesMaterial,entity:material:earthenware
entity:artifact:2:201764,usesMaterial,entity:material:earthenware
entity:artifact:2:201765,usesMaterial,entity:material:earthenware
entity:artifact:2:201766,usesMaterial,entity:material:earthenware
entity:artifact:2:201767,usesMaterial,entity:material:earthenware
entity:artifact:2:201768,usesMaterial,entity:material:earthenware
entity:artifact:2:201778,usesMaterial,entity:material:earthenware
entity:artifact:2:201778,usesMaterial,entity:material:porcelain
entity:artifact:2:201779,usesMaterial,entity:material:bronze
entity:artifact:2:201779,usesMaterial,entity:material:gold
entity:artifact:2:201779,usesMaterial,entity:material:pigment
entity:artifact:2:201780,usesMaterial,entity:material:stone
entity:artifact:2:201781,usesMaterial,entity:material:nephrite
entity:artifact:2:201783,usesMaterial,entity:material:earthenware
entity:artifact:2:201783,usesMaterial,entity:material:porcelain
entity:artifact:2:201786,usesMaterial,entity:material:amber
entity:artifact:2:201786,usesMaterial,entity:material:earthenware
entity:artifact:2:201786,usesMaterial,entity:material:metal
entity:artifact:2:201786,usesMaterial,entity:material:pigment
entity:artifact:2:201792,usesMaterial,entity:material:bronze
entity:artifact:2:201793,usesMaterial,entity:material:ink
entity:artifact:2:201793,usesMaterial,entity:material:paper
entity:artifact:2:201794,usesMaterial,entity:material:earthenware
entity:artifact:2:201794,usesMaterial,entity:material:iron
entity:artifact:2:201796,usesMaterial,entity:material:glass
entity:artifact:2:201797,usesMaterial,entity:material:earthenware
entity:artifact:2:201797,usesMaterial,entity:material:iron
entity:artifact:2:201797,usesMaterial,entity:material:porcelain
entity:artifact:2:201801,usesMaterial,entity:material:nephrite
entity:artifact:2:201802,usesMaterial,entity:material:nephrite
entity:artifact:2:201803,usesMaterial,entity:material:nephrite
entity:artifact:2:201804,usesMaterial,entity:material:silver
entity:artifact:2:201805,usesMaterial,entity:material:earthenware
entity:artifact:2:201805,usesMaterial,entity:material:metal
entity:artifact:2:201806,usesMaterial,entity:material:earthenware
entity:artifact:2:201806,usesMaterial,entity:material:metal
entity:artifact:2:201807,usesMaterial,entity:material:porcelain
entity:artifact:2:201808,usesMaterial,entity:material:earthenware
entity:artifact:2:201808,usesMaterial,entity:material:ink
entity:artifact:2:201808,usesMaterial,entity:material:metal
entity:artifact:2:201813,usesMaterial,entity:material:ink
entity:artifact:2:201813,usesMaterial,entity:material:pigment
entity:artifact:2:201813,usesMaterial,entity:material:silk
entity:artifact:2:201816,usesMaterial,entity:material:lacquer
entity:artifact:2:201817,usesMaterial,entity:material:gold
entity:artifact:2:201817,usesMaterial,entity:material:lacquer
entity:artifact:2:201818,usesMaterial,entity:material:lacquer
entity:artifact:2:201819,usesMaterial,entity:material:nephrite
entity:artifact:2:201820,usesMaterial,entity:material:textile
entity:artifact:2:201827,usesMaterial,entity:material:stone
entity:artifact:2:201828,usesMaterial,entity:material:stone
entity:artifact:2:201829,usesMaterial,entity:material:stone
entity:artifact:2:201830,usesMaterial,entity:material:earthenware
entity:artifact:2:201831,usesMaterial,entity:material:earthenware
entity:artifact:2:201832,usesMaterial,entity:material:earthenware
entity:artifact:2:201833,usesMaterial,entity:material:earthenware
entity:artifact:2:201834,usesMaterial,entity:material:earthenware
entity:artifact:2:201835,usesMaterial,entity:material:earthenware
entity:artifact:2:201836,usesMaterial,entity:material:earthenware
entity:artifact:2:201837,usesMaterial,entity:material:earthenware
entity:artifact:2:201838,usesMaterial,entity:material:earthenware
entity:artifact:2:201839,usesMaterial,entity:material:earthenware
entity:artifact:2:201840,usesMaterial,entity:material:porcelain
entity:artifact:2:201841,usesMaterial,entity:material:enamel
entity:artifact:2:201841,usesMaterial,entity:material:porcelain
entity:artifact:2:201842,usesMaterial,entity:material:porcelain
entity:artifact:2:201843,usesMaterial,entity:material:porcelain
entity:artifact:2:201844,usesMaterial,entity:material:metal
entity:artifact:2:201844,usesMaterial,entity:material:porcelain
entity:artifact:2:201850,usesMaterial,entity:material:ink
entity:artifact:2:201850,usesMaterial,entity:material:paper
entity:artifact:2:201850,usesMaterial,entity:material:pigment
entity:artifact:2:201851,usesMaterial,entity:material:earthenware
entity:artifact:2:201851,usesMaterial,entity:material:metal
entity:artifact:2:201851,usesMaterial,entity:material:pigment
entity:artifact:2:201854,usesMaterial,entity:material:ink
entity:artifact:2:201854,usesMaterial,entity:material:paper
entity:artifact:2:201884,usesMaterial,entity:material:earthenware
entity:artifact:2:201885,usesMaterial,entity:material:copper
entity:artifact:2:201885,usesMaterial,entity:material:porcelain
entity:artifact:2:201904,usesMaterial,entity:material:earthenware
entity:artifact:2:201904,usesMaterial,entity:material:metal
entity:artifact:2:201904,usesMaterial,entity:material:pigment
entity:artifact:2:201905,usesMaterial,entity:material:stone
entity:artifact:2:201927,usesMaterial,entity:material:ink
entity:artifact:2:201927,usesMaterial,entity:material:pigment
entity:artifact:2:201927,usesMaterial,entity:material:silk
entity:artifact:2:201928,usesMaterial,entity:material:ink
entity:artifact:2:201928,usesMaterial,entity:material:pigment
entity:artifact:2:201928,usesMaterial,entity:material:silk
entity:artifact:2:201929,usesMaterial,entity:material:ink
entity:artifact:2:201929,usesMaterial,entity:material:pigment
entity:artifact:2:201929,usesMaterial,entity:material:silk
entity:artifact:2:201930,usesMaterial,entity:material:ink
entity:artifact:2:201930,usesMaterial,entity:material:pigment
entity:artifact:2:201930,usesMaterial,entity:material:silk
entity:artifact:2:201931,usesMaterial,entity:material:ink
entity:artifact:2:201931,usesMaterial,entity:material:pigment
entity:artifact:2:201931,usesMaterial,entity:material:silk
entity:artifact:2:201934,usesMaterial,entity:material:bronze
entity:artifact:2:201936,usesMaterial,entity:material:gold
entity:artifact:2:201936,usesMaterial,entity:material:ink
entity:artifact:2:201936,usesMaterial,entity:material:paper
entity:artifact:2:201936,usesMaterial,entity:material:pigment
entity:artifact:2:201939,usesMaterial,entity:material:earthenware
entity:artifact:2:201940,usesMaterial,entity:material:earthenware
entity:artifact:2:201941,usesMaterial,entity:material:stone
entity:artifact:2:201942,usesMaterial,entity:material:stone
entity:artifact:2:201943,usesMaterial,entity:material:stone
entity:artifact:2:201944,usesMaterial,entity:material:stone
entity:artifact:2:201945,usesMaterial,entity:material:earthenware
entity:artifact:2:201947,usesMaterial,entity:material:earthenware
entity:artifact:2:201947,usesMaterial,entity:material:porcelain
entity:artifact:2:201948,usesMaterial,entity:material:lacquer
entity:artifact:2:201949,usesMaterial,entity:material:lacquer
entity:artifact:2:201963,usesMaterial,entity:material:earthenware
entity:artifact:2:201963,usesMaterial,entity:material:pigment
entity:artifact:2:201965,usesMaterial,entity:material:earthenware
entity:artifact:2:201965,usesMaterial,entity:material:pigment
entity:artifact:2:201973,usesMaterial,entity:material:ink
entity:artifact:2:201973,usesMaterial,entity:material:paper
entity:artifact:2:201973,usesMaterial,entity:material:pigment
entity:artifact:2:201973,usesMaterial,entity:material:wood
entity:artifact:2:201974,usesMaterial,entity:material:ink
entity:artifact:2:201974,usesMaterial,entity:material:paper
entity:artifact:2:201974,usesMaterial,entity:material:pigment
entity:artifact:2:201974,usesMaterial,entity:material:wood
entity:artifact:2:201976,usesMaterial,entity:material:ink
entity:artifact:2:201976,usesMaterial,entity:material:pigment
entity:artifact:2:201976,usesMaterial,entity:material:silk
entity:artifact:2:201977,usesMaterial,entity:material:ink
entity:artifact:2:201977,usesMaterial,entity:material:paper
entity:artifact:2:201977,usesMaterial,entity:material:pigment
entity:artifact:2:201978,usesMaterial,entity:material:amber
entity:artifact:2:201978,usesMaterial,entity:material:earthenware
entity:artifact:2:201978,usesMaterial,entity:material:metal
entity:artifact:2:201978,usesMaterial,entity:material:pigment
entity:artifact:2:201979,usesMaterial,entity:material:earthenware
entity:artifact:2:201980,usesMaterial,entity:material:ink
entity:artifact:2:201980,usesMaterial,entity:material:paper
entity:artifact:2:201980,usesMaterial,entity:material:pigment
entity:artifact:2:201983,usesMaterial,entity:material:porcelain
entity:artifact:2:201993,usesMaterial,entity:material:stone
entity:artifact:2:201998,usesMaterial,entity:material:lacquer
entity:artifact:2:201998,usesMaterial,entity:material:silver
entity:artifact:2:202004,usesMaterial,entity:material:earthenware
entity:artifact:2:202005,usesMaterial,entity:material:earthenware
entity:artifact:2:202008,usesMaterial,entity:material:earthenware
entity:artifact:2:202009,usesMaterial,entity:material:earthenware
entity:artifact:2:202010,usesMaterial,entity:material:stone
entity:artifact:2:202011,usesMaterial,entity:material:stone
entity:artifact:2:202012,usesMaterial,entity:material:earthenware
entity:artifact:2:202013,usesMaterial,entity:material:earthenware
entity:artifact:2:202014,usesMaterial,entity:material:earthenware
entity:artifact:2:202015,usesMaterial,entity:material:earthenware
entity:artifact:2:202016,usesMaterial,entity:material:earthenware
entity:artifact:2:202022,usesMaterial,entity:material:ink
entity:artifact:2:202022,usesMaterial,entity:material:paper
entity:artifact:2:202022,usesMaterial,entity:material:pigment
entity:artifact:2:202023,usesMaterial,entity:material:ink
entity:artifact:2:202023,usesMaterial,entity:material:paper
entity:artifact:2:202023,usesMaterial,entity:material:pigment
entity:artifact:2:202024,usesMaterial,entity:material:bronze
entity:artifact:2:202024,usesMaterial,entity:material:gold
entity:artifact:2:202026,usesMaterial,entity:material:earthenware
entity:artifact:2:202026,usesMaterial,entity:material:pigment
entity:artifact:2:202027,usesMaterial,entity:material:porcelain
entity:artifact:2:202028,usesMaterial,entity:material:enamel
entity:artifact:2:202028,usesMaterial,entity:material:porcelain
entity:artifact:2:202029,usesMaterial,entity:material:porcelain
entity:artifact:2:202036,usesMaterial,entity:material:ink
entity:artifact:2:202036,usesMaterial,entity:material:pigment
entity:artifact:2:202036,usesMaterial,entity:material:silk
entity:artifact:2:202037,usesMaterial,entity:material:ink
entity:artifact:2:202037,usesMaterial,entity:material:pigment
entity:artifact:2:202037,usesMaterial,entity:material:silk
entity:artifact:2:202039,usesMaterial,entity:material:lacquer
entity:artifact:2:202040,usesMaterial,entity:material:lacquer
entity:artifact:2:202040,usesMaterial,entity:material:silver
entity:artifact:2:202041,usesMaterial,entity:material:lacquer
entity:artifact:2:202042,usesMaterial,entity:material:lacquer
entity:artifact:2:202043,usesMaterial,entity:material:nephrite
entity:artifact:2:202044,usesMaterial,entity:material:nephrite
entity:artifact:2:202045,usesMaterial,entity:material:nephrite
entity:artifact:2:202046,usesMaterial,entity:material:silk
entity:artifact:2:202048,usesMaterial,entity:material:earthenware
entity:artifact:2:202049,usesMaterial,entity:material:earthenware
entity:artifact:2:202049,usesMaterial,entity:material:pigment
entity:artifact:2:202052,usesMaterial,entity:material:earthenware
entity:artifact:2:202052,usesMaterial,entity:material:porcelain
entity:artifact:2:202053,usesMaterial,entity:material:porcelain
entity:artifact:2:202061,usesMaterial,entity:material:earthenware
entity:artifact:2:202062,usesMaterial,entity:material:earthenware
entity:artifact:2:202063,usesMaterial,entity:material:earthenware
entity:artifact:2:202064,usesMaterial,entity:material:earthenware
entity:artifact:2:202065,usesMaterial,entity:material:earthenware
entity:artifact:2:202071,usesMaterial,entity:material:earthenware
entity:artifact:2:202071,usesMaterial,entity:material:metal
entity:artifact:2:202072,usesMaterial,entity:material:earthenware
entity:artifact:2:202072,usesMaterial,entity:material:pigment
entity:artifact:2:202074,usesMaterial,entity:material:porcelain
entity:artifact:2:202084,usesMaterial,entity:material:earthenware
entity:artifact:2:202084,usesMaterial,entity:material:pigment
entity:artifact:2:202085,usesMaterial,entity:material:earthenware
entity:artifact:2:202085,usesMaterial,entity:material:metal
entity:artifact:2:202089,usesMaterial,entity:material:earthenware
entity:artifact:2:202089,usesMaterial,entity:material:porcelain
entity:artifact:2:202111,usesMaterial,entity:material:nephrite
entity:artifact:2:202114,usesMaterial,entity:material:ink
entity:artifact:2:202114,usesMaterial,entity:material:paper
entity:artifact:2:202114,usesMaterial,entity:material:pigment
entity:artifact:2:202115,usesMaterial,entity:material:ink
entity:artifact:2:202115,usesMaterial,entity:material:paper
entity:artifact:2:202116,usesMaterial,entity:material:ink
entity:artifact:2:202116,usesMaterial,entity:material:paper
entity:artifact:2:202116,usesMaterial,entity:material:pigment
entity:artifact:2:202116,usesMaterial,entity:material:wood
entity:artifact:2:202117,usesMaterial,entity:material:ink
entity:artifact:2:202117,usesMaterial,entity:material:paper
entity:artifact:2:202117,usesMaterial,entity:material:pigment
entity:artifact:2:202117,usesMaterial,entity:material:wood
entity:artifact:2:202119,usesMaterial,entity:material:ink
entity:artifact:2:202119,usesMaterial,entity:material:paper
entity:artifact:2:202119,usesMaterial,entity:material:pigment
entity:artifact:2:202120,usesMaterial,entity:material:ink
entity:artifact:2:202120,usesMaterial,entity:material:paper
entity:artifact:2:202120,usesMaterial,entity:material:pigment
entity:artifact:2:202121,usesMaterial,entity:material:pigment
entity:artifact:2:202121,usesMaterial,entity:material:silk
entity:artifact:2:202122,usesMaterial,entity:material:bronze
entity:artifact:2:202123,usesMaterial,entity:material:earthenware
entity:artifact:2:202123,usesMaterial,entity:material:porcelain
entity:artifact:2:202124,usesMaterial,entity:material:earthenware
entity:artifact:2:202124,usesMaterial,entity:material:porcelain
entity:artifact:2:202125,usesMaterial,entity:material:earthenware
entity:artifact:2:202125,usesMaterial,entity:material:porcelain
entity:artifact:2:202126,usesMaterial,entity:material:earthenware
entity:artifact:2:202126,usesMaterial,entity:material:porcelain
entity:artifact:2:202127,usesMaterial,entity:material:ink
entity:artifact:2:202127,usesMaterial,entity:material:paper
entity:artifact:2:202127,usesMaterial,entity:material:pigment
entity:artifact:2:202128,usesMaterial,entity:material:ink
entity:artifact:2:202128,usesMaterial,entity:material:pigment
entity:artifact:2:202128,usesMaterial,entity:material:silk
entity:artifact:2:202130,usesMaterial,entity:material:ink
entity:artifact:2:202130,usesMaterial,entity:material:paper
entity:artifact:2:202130,usesMaterial,entity:material:pigment
entity:artifact:2:202130,usesMaterial,entity:material:wood
entity:artifact:2:202131,usesMaterial,entity:material:ink
entity:artifact:2:202131,usesMaterial,entity:material:paper
entity:artifact:2:202131,usesMaterial,entity:material:pigment
entity:artifact:2:202131,usesMaterial,entity:material:wood
entity:artifact:2:202132,usesMaterial,entity:material:ink
entity:artifact:2:202132,usesMaterial,entity:material:paper
entity:artifact:2:202132,usesMaterial,entity:material:pigment
entity:artifact:2:202133,usesMaterial,entity:material:porcelain
entity:artifact:2:202136,usesMaterial,entity:material:ink
entity:artifact:2:202136,usesMaterial,entity:material:pigment
entity:artifact:2:202136,usesMaterial,entity:material:silk
entity:artifact:2:202180,usesMaterial,entity:material:earthenware
entity:artifact:2:202185,usesMaterial,entity:material:earthenware
entity:artifact:2:202200,usesMaterial,entity:material:earthenware
entity:artifact:2:202213,usesMaterial,entity:material:bronze
entity:artifact:2:202213,usesMaterial,entity:material:gold
entity:artifact:2:202239,usesMaterial,entity:material:earthenware
entity:artifact:2:202239,usesMaterial,entity:material:metal
entity:artifact:2:202239,usesMaterial,entity:material:pigment
entity:artifact:2:202240,usesMaterial,entity:material:porcelain
entity:artifact:2:202259,usesMaterial,entity:material:ink
entity:artifact:2:202259,usesMaterial,entity:material:paper
entity:artifact:2:202259,usesMaterial,entity:material:pigment
entity:artifact:2:202260,usesMaterial,entity:material:ink
entity:artifact:2:202260,usesMaterial,entity:material:silk
entity:artifact:2:202261,usesMaterial,entity:material:amber
entity:artifact:2:202261,usesMaterial,entity:material:earthenware
entity:artifact:2:202261,usesMaterial,entity:material:metal
entity:artifact:2:202261,usesMaterial,entity:material:pigment
entity:artifact:2:202266,usesMaterial,entity:material:earthenware
entity:artifact:2:202267,usesMaterial,entity:material:earthenware
entity:artifact:2:202281,usesMaterial,entity:material:ink
entity:artifact:2:202281,usesMaterial,entity:material:paper
entity:artifact:2:202281,usesMaterial,entity:material:pigment
entity:artifact:2:202282,usesMaterial,entity:material:ink
entity:artifact:2:202282,usesMaterial,entity:material:paper
entity:artifact:2:202282,usesMaterial,entity:material:pigment
entity:artifact:2:202283,usesMaterial,entity:material:ink
entity:artifact:2:202283,usesMaterial,entity:material:paper
entity:artifact:2:202283,usesMaterial,entity:material:pigment
entity:artifact:2:202284,usesMaterial,entity:material:ink
entity:artifact:2:202284,usesMaterial,entity:material:paper
entity:artifact:2:202284,usesMaterial,entity:material:pigment
entity:artifact:2:202285,usesMaterial,entity:material:ink
entity:artifact:2:202285,usesMaterial,entity:material:paper
entity:artifact:2:202285,usesMaterial,entity:material:pigment
entity:artifact:2:202286,usesMaterial,entity:material:ink
entity:artifact:2:202286,usesMaterial,entity:material:paper
entity:artifact:2:202286,usesMaterial,entity:material:pigment
entity:artifact:2:202287,usesMaterial,entity:material:ink
entity:artifact:2:202287,usesMaterial,entity:material:paper
entity:artifact:2:202287,usesMaterial,entity:material:pigment
entity:artifact:2:202288,usesMaterial,entity:material:ink
entity:artifact:2:202288,usesMaterial,entity:material:paper
entity:artifact:2:202288,usesMaterial,entity:material:pigment
entity:artifact:2:202366,usesMaterial,entity:material:silk
entity:artifact:2:202366,usesMaterial,entity:material:textile
entity:artifact:2:202370,usesMaterial,entity:material:ink
entity:artifact:2:202370,usesMaterial,entity:material:pigment
entity:artifact:2:202370,usesMaterial,entity:material:silk
entity:artifact:2:202371,usesMaterial,entity:material:ink
entity:artifact:2:202371,usesMaterial,entity:material:paper
entity:artifact:2:202371,usesMaterial,entity:material:pigment
entity:artifact:2:202373,usesMaterial,entity:material:earthenware
entity:artifact:2:202373,usesMaterial,entity:material:porcelain
entity:artifact:2:202375,usesMaterial,entity:material:earthenware
entity:artifact:2:202375,usesMaterial,entity:material:porcelain
entity:artifact:2:202376,usesMaterial,entity:material:earthenware
entity:artifact:2:202376,usesMaterial,entity:material:porcelain
entity:artifact:2:202377,usesMaterial,entity:material:earthenware
entity:artifact:2:202377,usesMaterial,entity:material:porcelain
entity:artifact:2:202378,usesMaterial,entity:material:earthenware
entity:artifact:2:202378,usesMaterial,entity:material:porcelain
entity:artifact:2:202379,usesMaterial,entity:material:ink
entity:artifact:2:202379,usesMaterial,entity:material:pigment
entity:artifact:2:202379,usesMaterial,entity:material:silk
entity:artifact:2:202380,usesMaterial,entity:material:ink
entity:artifact:2:202380,usesMaterial,entity:material:pigment
entity:artifact:2:202380,usesMaterial,entity:material:silk
entity:artifact:2:202382,usesMaterial,entity:material:nephrite
entity:artifact:2:202382,usesMaterial,entity:material:pigment
entity:artifact:2:202383,usesMaterial,entity:material:pigment
entity:artifact:2:202383,usesMaterial,entity:material:stone
entity:artifact:2:202384,usesMaterial,entity:material:nephrite
entity:artifact:2:202384,usesMaterial,entity:material:pigment
entity:artifact:2:202385,usesMaterial,entity:material:nephrite
entity:artifact:2:202388,usesMaterial,entity:material:porcelain
entity:artifact:2:202389,usesMaterial,entity:material:ink
entity:artifact:2:202389,usesMaterial,entity:material:paper
entity:artifact:2:202390,usesMaterial,entity:material:ink
entity:artifact:2:202390,usesMaterial,entity:material:paper
entity:artifact:2:202391,usesMaterial,entity:material:earthenware
entity:artifact:2:202391,usesMaterial,entity:material:porcelain
entity:artifact:2:202392,usesMaterial,entity:material:ink
entity:artifact:2:202392,usesMaterial,entity:material:pigment
entity:artifact:2:202392,usesMaterial,entity:material:silk
entity:artifact:2:202393,usesMaterial,entity:material:ink
entity:artifact:2:202393,usesMaterial,entity:material:pigment
entity:artifact:2:202393,usesMaterial,entity:material:silk
entity:artifact:2:202400,usesMaterial,entity:material:silk
entity:artifact:2:202400,usesMaterial,entity:material:textile
entity:artifact:2:202433,usesMaterial,entity:material:bronze
entity:artifact:2:202444,usesMaterial,entity:material:stone
entity:artifact:2:202447,usesMaterial,entity:material:earthenware
entity:artifact:2:202448,usesMaterial,entity:material:bronze
entity:artifact:2:202448,usesMaterial,entity:material:iron
entity:artifact:2:202448,usesMaterial,entity:material:metal
entity:artifact:2:202476,usesMaterial,entity:material:ink
entity:artifact:2:202476,usesMaterial,entity:material:paper
entity:artifact:2:202476,usesMaterial,entity:material:pigment
entity:artifact:2:202477,usesMaterial,entity:material:earthenware
entity:artifact:2:202478,usesMaterial,entity:material:earthenware
entity:artifact:2:202478,usesMaterial,entity:material:porcelain
entity:artifact:2:202479,usesMaterial,entity:material:bronze
entity:artifact:2:202479,usesMaterial,entity:material:gold
entity:artifact:2:202480,usesMaterial,entity:material:earthenware
entity:artifact:2:202480,usesMaterial,entity:material:porcelain
entity:artifact:2:202481,usesMaterial,entity:material:earthenware
entity:artifact:2:202481,usesMaterial,entity:material:porcelain
entity:artifact:2:202483,usesMaterial,entity:material:earthenware
entity:artifact:2:202483,usesMaterial,entity:material:porcelain
entity:artifact:2:202492,usesMaterial,entity:material:earthenware
entity:artifact:2:202492,usesMaterial,entity:material:porcelain
entity:artifact:2:202494,usesMaterial,entity:material:earthenware
entity:artifact:2:202494,usesMaterial,entity:material:porcelain
entity:artifact:2:202502,usesMaterial,entity:material:porcelain
entity:artifact:2:202504,usesMaterial,entity:material:ink
entity:artifact:2:202504,usesMaterial,entity:material:pigment
entity:artifact:2:202504,usesMaterial,entity:material:silk
entity:artifact:2:202505,usesMaterial,entity:material:paper
entity:artifact:2:202505,usesMaterial,entity:material:pigment
entity:artifact:2:202507,usesMaterial,entity:material:earthenware
entity:artifact:2:202507,usesMaterial,entity:material:pigment
entity:artifact:2:202508,usesMaterial,entity:material:ink
entity:artifact:2:202508,usesMaterial,entity:material:paper
entity:artifact:2:202508,usesMaterial,entity:material:pigment
entity:artifact:2:202509,usesMaterial,entity:material:ink
entity:artifact:2:202509,usesMaterial,entity:material:paper
entity:artifact:2:202509,usesMaterial,entity:material:pigment
entity:artifact:2:202511,usesMaterial,entity:material:earthenware
entity:artifact:2:202514,usesMaterial,entity:material:earthenware
entity:artifact:2:202514,usesMaterial,entity:material:ivory
entity:artifact:2:202523,usesMaterial,entity:material:enamel
entity:artifact:2:202523,usesMaterial,entity:material:gold
entity:artifact:2:202523,usesMaterial,entity:material:porcelain
entity:artifact:2:202529,usesMaterial,entity:material:earthenware
entity:artifact:2:202529,usesMaterial,entity:material:ink
entity:artifact:2:202529,usesMaterial,entity:material:metal
entity:artifact:2:202529,usesMaterial,entity:material:pigment
entity:artifact:2:202535,usesMaterial,entity:material:earthenware
entity:artifact:2:202535,usesMaterial,entity:material:metal
entity:artifact:2:202578,usesMaterial,entity:material:ink
entity:artifact:2:202578,usesMaterial,entity:material:paper
entity:artifact:2:202581,usesMaterial,entity:material:ink
entity:artifact:2:202581,usesMaterial,entity:material:paper
entity:artifact:2:202582,usesMaterial,entity:material:ink
entity:artifact:2:202582,usesMaterial,entity:material:paper
entity:artifact:2:202583,usesMaterial,entity:material:ink
entity:artifact:2:202583,usesMaterial,entity:material:paper
entity:artifact:2:202603,usesMaterial,entity:material:ink
entity:artifact:2:202603,usesMaterial,entity:material:paper
entity:artifact:2:202606,usesMaterial,entity:material:stone
entity:artifact:2:202608,usesMaterial,entity:material:ink
entity:artifact:2:202608,usesMaterial,entity:material:paper
entity:artifact:2:202614,usesMaterial,entity:material:earthenware
entity:artifact:2:202614,usesMaterial,entity:material:pigment
entity:artifact:2:202634,usesMaterial,entity:material:earthenware
entity:artifact:2:202634,usesMaterial,entity:material:metal
entity:artifact:2:202642,usesMaterial,entity:material:earthenware
entity:artifact:2:202642,usesMaterial,entity:material:pigment
entity:artifact:2:202666,usesMaterial,entity:material:porcelain
entity:artifact:2:202690,usesMaterial,entity:material:earthenware
entity:artifact:2:202690,usesMaterial,entity:material:pigment
entity:artifact:2:202691,usesMaterial,entity:material:porcelain
entity:artifact:2:202692,usesMaterial,entity:material:ink
entity:artifact:2:202692,usesMaterial,entity:material:paper
entity:artifact:2:202692,usesMaterial,entity:material:pigment
entity:artifact:2:202693,usesMaterial,entity:material:ink
entity:artifact:2:202693,usesMaterial,entity:material:paper
entity:artifact:2:202694,usesMaterial,entity:material:ink
entity:artifact:2:202694,usesMaterial,entity:material:paper
entity:artifact:2:202700,usesMaterial,entity:material:pigment
entity:artifact:2:202700,usesMaterial,entity:material:silk
entity:artifact:2:202701,usesMaterial,entity:material:ink
entity:artifact:2:202701,usesMaterial,entity:material:pigment
entity:artifact:2:202701,usesMaterial,entity:material:silk
entity:artifact:2:202703,usesMaterial,entity:material:ink
entity:artifact:2:202703,usesMaterial,entity:material:paper
entity:artifact:2:202703,usesMaterial,entity:material:pigment
entity:artifact:2:202712,usesMaterial,entity:material:earthenware
entity:artifact:2:202712,usesMaterial,entity:material:pigment
entity:artifact:2:202734,usesMaterial,entity:material:porcelain
entity:artifact:2:202745,usesMaterial,entity:material:earthenware
entity:artifact:2:202746,usesMaterial,entity:material:ceramic
entity:artifact:2:202747,usesMaterial,entity:material:ceramic
entity:artifact:2:202748,usesMaterial,entity:material:ceramic
entity:artifact:2:202749,usesMaterial,entity:material:ceramic
entity:artifact:2:202750,usesMaterial,entity:material:ceramic
entity:artifact:2:202752,usesMaterial,entity:material:ink
entity:artifact:2:202752,usesMaterial,entity:material:paper
entity:artifact:2:202754,usesMaterial,entity:material:ink
entity:artifact:2:202754,usesMaterial,entity:material:pigment
entity:artifact:2:202754,usesMaterial,entity:material:silk
entity:artifact:2:202758,usesMaterial,entity:material:ink
entity:artifact:2:202758,usesMaterial,entity:material:paper
entity:artifact:2:202758,usesMaterial,entity:material:pigment
entity:artifact:2:202759,usesMaterial,entity:material:nephrite
entity:artifact:2:202760,usesMaterial,entity:material:nephrite
entity:artifact:2:202761,usesMaterial,entity:material:pigment
entity:artifact:2:202761,usesMaterial,entity:material:stone
entity:artifact:2:202762,usesMaterial,entity:material:nephrite
entity:artifact:2:202762,usesMaterial,entity:material:pigment
entity:artifact:2:202762,usesMaterial,entity:material:porcelain
entity:artifact:2:202763,usesMaterial,entity:material:stone
entity:artifact:2:202764,usesMaterial,entity:material:nephrite
entity:artifact:2:202764,usesMaterial,entity:material:pigment
entity:artifact:2:202765,usesMaterial,entity:material:nephrite
entity:artifact:2:202765,usesMaterial,entity:material:porcelain
entity:artifact:2:202766,usesMaterial,entity:material:nephrite
entity:artifact:2:202766,usesMaterial,entity:material:pigment
entity:artifact:2:202767,usesMaterial,entity:material:nephrite
entity:artifact:2:202767,usesMaterial,entity:material:pigment
entity:artifact:2:202768,usesMaterial,entity:material:ink
entity:artifact:2:202768,usesMaterial,entity:material:paper
entity:artifact:2:202769,usesMaterial,entity:material:ink
entity:artifact:2:202769,usesMaterial,entity:material:paper
entity:artifact:2:202770,usesMaterial,entity:material:nephrite
entity:artifact:2:202770,usesMaterial,entity:material:pigment
entity:artifact:2:202771,usesMaterial,entity:material:nephrite
entity:artifact:2:202771,usesMaterial,entity:material:pigment
entity:artifact:2:202772,usesMaterial,entity:material:nephrite
entity:artifact:2:202773,usesMaterial,entity:material:stone
entity:artifact:2:202774,usesMaterial,entity:material:nephrite
entity:artifact:2:202775,usesMaterial,entity:material:nephrite
entity:artifact:2:202775,usesMaterial,entity:material:pigment
entity:artifact:2:202776,usesMaterial,entity:material:gold
entity:artifact:2:202776,usesMaterial,entity:material:silk
entity:artifact:2:202777,usesMaterial,entity:material:earthenware
entity:artifact:2:202778,usesMaterial,entity:material:earthenware
entity:artifact:2:202779,usesMaterial,entity:material:earthenware
entity:artifact:2:202779,usesMaterial,entity:material:porcelain
entity:artifact:2:202780,usesMaterial,entity:material:earthenware
entity:artifact:2:202780,usesMaterial,entity:material:porcelain
entity:artifact:2:202781,usesMaterial,entity:material:earthenware
entity:artifact:2:202781,usesMaterial,entity:material:porcelain
entity:artifact:2:202783,usesMaterial,entity:material:nephrite
entity:artifact:2:202784,usesMaterial,entity:material:nephrite
entity:artifact:2:202785,usesMaterial,entity:material:nephrite
entity:artifact:2:202786,usesMaterial,entity:material:nephrite
entity:artifact:2:202786,usesMaterial,entity:material:pigment
entity:artifact:2:202787,usesMaterial,entity:material:nephrite
entity:artifact:2:202788,usesMaterial,entity:material:nephrite
entity:artifact:2:202789,usesMaterial,entity:material:nephrite
entity:artifact:2:202790,usesMaterial,entity:material:nephrite
entity:artifact:2:202791,usesMaterial,entity:material:gold
entity:artifact:2:202791,usesMaterial,entity:material:ink
entity:artifact:2:202791,usesMaterial,entity:material:silk
entity:artifact:2:202793,usesMaterial,entity:material:ink
entity:artifact:2:202793,usesMaterial,entity:material:paper
entity:artifact:2:202794,usesMaterial,entity:material:ink
entity:artifact:2:202794,usesMaterial,entity:material:paper
entity:artifact:2:202802,usesMaterial,entity:material:earthenware
entity:artifact:2:202804,usesMaterial,entity:material:ink
entity:artifact:2:202804,usesMaterial,entity:material:paper
entity:artifact:2:202805,usesMaterial,entity:material:ink
entity:artifact:2:202805,usesMaterial,entity:material:paper
entity:artifact:2:202805,usesMaterial,entity:material:pigment
entity:artifact:2:202806,usesMaterial,entity:material:ink
entity:artifact:2:202806,usesMaterial,entity:material:pigment
entity:artifact:2:202806,usesMaterial,entity:material:silk
entity:artifact:2:202809,usesMaterial,entity:material:ink
entity:artifact:2:202809,usesMaterial,entity:material:paper
entity:artifact:2:202809,usesMaterial,entity:material:pigment
entity:artifact:2:202829,usesMaterial,entity:material:ceramic
entity:artifact:2:202830,usesMaterial,entity:material:ceramic
entity:artifact:2:202831,usesMaterial,entity:material:ink
entity:artifact:2:202831,usesMaterial,entity:material:pigment
entity:artifact:2:202831,usesMaterial,entity:material:silk
entity:artifact:2:202833,usesMaterial,entity:material:ink
entity:artifact:2:202833,usesMaterial,entity:material:paper
entity:artifact:2:202833,usesMaterial,entity:material:pigment
entity:artifact:2:202837,usesMaterial,entity:material:copper
entity:artifact:2:202837,usesMaterial,entity:material:porcelain
entity:artifact:2:202842,usesMaterial,entity:material:ink
entity:artifact:2:202842,usesMaterial,entity:material:paper
entity:artifact:2:202846,usesMaterial,entity:material:plaster
entity:artifact:2:202849,usesMaterial,entity:material:shell
entity:artifact:2:202852,usesMaterial,entity:material:ceramic
entity:artifact:2:202854,usesMaterial,entity:material:ceramic
entity:artifact:2:202885,usesMaterial,entity:material:stone
entity:artifact:2:202913,usesMaterial,entity:material:bronze
entity:artifact:2:202913,usesMaterial,entity:material:gold
entity:artifact:2:202918,usesMaterial,entity:material:pigment
entity:artifact:2:202918,usesMaterial,entity:material:stone
entity:artifact:2:202919,usesMaterial,entity:material:earthenware
entity:artifact:2:202919,usesMaterial,entity:material:porcelain
entity:artifact:2:202920,usesMaterial,entity:material:earthenware
entity:artifact:2:202920,usesMaterial,entity:material:metal
entity:artifact:2:202920,usesMaterial,entity:material:pigment
entity:artifact:2:202922,usesMaterial,entity:material:ceramic
entity:artifact:2:202923,usesMaterial,entity:material:iron
entity:artifact:2:202923,usesMaterial,entity:material:porcelain
entity:artifact:2:202927,usesMaterial,entity:material:earthenware
entity:artifact:2:202927,usesMaterial,entity:material:metal
entity:artifact:2:202927,usesMaterial,entity:material:pigment
entity:artifact:2:202931,usesMaterial,entity:material:gold
entity:artifact:2:202931,usesMaterial,entity:material:ink
entity:artifact:2:202931,usesMaterial,entity:material:silk
entity:artifact:2:202936,usesMaterial,entity:material:enamel
entity:artifact:2:202947,usesMaterial,entity:material:earthenware
entity:artifact:2:202947,usesMaterial,entity:material:pigment
entity:artifact:2:202952,usesMaterial,entity:material:earthenware
entity:artifact:2:202958,usesMaterial,entity:material:earthenware
entity:artifact:2:202958,usesMaterial,entity:material:metal
entity:artifact:2:202975,usesMaterial,entity:material:porcelain
entity:artifact:2:202976,usesMaterial,entity:material:enamel
entity:artifact:2:202976,usesMaterial,entity:material:gold
entity:artifact:2:202976,usesMaterial,entity:material:porcelain
entity:artifact:2:202977,usesMaterial,entity:material:ink
entity:artifact:2:202977,usesMaterial,entity:material:pigment
entity:artifact:2:202977,usesMaterial,entity:material:silk
entity:artifact:2:202978,usesMaterial,entity:material:ink
entity:artifact:2:202978,usesMaterial,entity:material:paper
entity:artifact:2:202978,usesMaterial,entity:material:pigment
entity:artifact:2:202990,usesMaterial,entity:material:bronze
entity:artifact:2:202990,usesMaterial,entity:material:pigment
entity:artifact:2:202991,usesMaterial,entity:material:bronze
entity:artifact:2:202991,usesMaterial,entity:material:gold
entity:artifact:2:202991,usesMaterial,entity:material:pigment
entity:artifact:2:202997,usesMaterial,entity:material:textile
entity:artifact:2:202998,usesMaterial,entity:material:textile
entity:artifact:2:202999,usesMaterial,entity:material:textile
entity:artifact:2:203000,usesMaterial,entity:material:silk
entity:artifact:2:203001,usesMaterial,entity:material:textile
entity:artifact:2:203002,usesMaterial,entity:material:textile
entity:artifact:2:203003,usesMaterial,entity:material:textile
entity:artifact:2:203004,usesMaterial,entity:material:ink
entity:artifact:2:203004,usesMaterial,entity:material:paper
entity:artifact:2:203004,usesMaterial,entity:material:pigment
entity:artifact:2:203005,usesMaterial,entity:material:porcelain
entity:artifact:2:203006,usesMaterial,entity:material:porcelain
entity:artifact:2:203012,usesMaterial,entity:material:enamel
entity:artifact:2:203012,usesMaterial,entity:material:gold
entity:artifact:2:203012,usesMaterial,entity:material:porcelain
entity:artifact:2:203030,usesMaterial,entity:material:stone
entity:artifact:2:203031,usesMaterial,entity:material:copper
entity:artifact:2:203032,usesMaterial,entity:material:porcelain
entity:artifact:2:203040,usesMaterial,entity:material:silk
entity:artifact:2:203041,usesMaterial,entity:material:gold
entity:artifact:2:203041,usesMaterial,entity:material:silk
entity:artifact:2:203042,usesMaterial,entity:material:bronze
entity:artifact:2:203046,usesMaterial,entity:material:pigment
entity:artifact:2:203046,usesMaterial,entity:material:stone
entity:artifact:2:203047,usesMaterial,entity:material:enamel
entity:artifact:2:203047,usesMaterial,entity:material:gold
entity:artifact:2:203047,usesMaterial,entity:material:porcelain
entity:artifact:2:203056,usesMaterial,entity:material:metal
entity:artifact:2:203079,usesMaterial,entity:material:enamel
entity:artifact:2:203079,usesMaterial,entity:material:gold
entity:artifact:2:203079,usesMaterial,entity:material:porcelain
entity:artifact:2:203086,usesMaterial,entity:material:ink
entity:artifact:2:203086,usesMaterial,entity:material:pigment
entity:artifact:2:203086,usesMaterial,entity:material:silk
entity:artifact:2:203087,usesMaterial,entity:material:stone
entity:artifact:2:203124,usesMaterial,entity:material:porcelain
entity:artifact:2:203125,usesMaterial,entity:material:earthenware
entity:artifact:2:203126,usesMaterial,entity:material:earthenware
entity:artifact:2:203127,usesMaterial,entity:material:earthenware
entity:artifact:2:203128,usesMaterial,entity:material:earthenware
entity:artifact:2:203150,usesMaterial,entity:material:earthenware
entity:artifact:2:203150,usesMaterial,entity:material:porcelain
entity:artifact:2:203170,usesMaterial,entity:material:earthenware
entity:artifact:2:203174,usesMaterial,entity:material:copper
entity:artifact:2:203174,usesMaterial,entity:material:porcelain
entity:artifact:2:203175,usesMaterial,entity:material:earthenware
entity:artifact:2:203187,usesMaterial,entity:material:porcelain
entity:artifact:2:203189,usesMaterial,entity:material:bronze
entity:artifact:2:203191,usesMaterial,entity:material:earthenware
entity:artifact:2:203191,usesMaterial,entity:material:porcelain
entity:artifact:2:203221,usesMaterial,entity:material:porcelain
entity:artifact:2:203223,usesMaterial,entity:material:nephrite
entity:artifact:2:203224,usesMaterial,entity:material:nephrite
entity:artifact:2:203225,usesMaterial,entity:material:nephrite
entity:artifact:2:203225,usesMaterial,entity:material:pigment
entity:artifact:2:203226,usesMaterial,entity:material:jade
entity:artifact:2:203226,usesMaterial,entity:material:pigment
entity:artifact:2:203228,usesMaterial,entity:material:earthenware
entity:artifact:2:203228,usesMaterial,entity:material:metal
entity:artifact:2:203229,usesMaterial,entity:material:earthenware
entity:artifact:2:203229,usesMaterial,entity:material:metal
entity:artifact:2:203230,usesMaterial,entity:material:nephrite
entity:artifact:2:203242,usesMaterial,entity:material:rhinoceros-horn
entity:artifact:2:203243,usesMaterial,entity:material:rhinoceros-horn
entity:artifact:2:203244,usesMaterial,entity:material:rhinoceros-horn
entity:artifact:2:203245,usesMaterial,entity:material:stone
entity:artifact:2:203246,usesMaterial,entity:material:gold
entity:artifact:2:203246,usesMaterial,entity:material:pigment
entity:artifact:2:203246,usesMaterial,entity:material:silk
entity:artifact:2:203247,usesMaterial,entity:material:nephrite
entity:artifact:2:203248,usesMaterial,entity:material:nephrite
entity:artifact:2:203249,usesMaterial,entity:material:nephrite
entity:artifact:2:203250,usesMaterial,entity:material:nephrite
entity:artifact:2:203251,usesMaterial,entity:material:nephrite
entity:artifact:2:203252,usesMaterial,entity:material:jade
entity:artifact:2:203253,usesMaterial,entity:material:bone
entity:artifact:2:203253,usesMaterial,entity:material:nephrite
entity:artifact:2:203253,usesMaterial,entity:material:pigment
entity:artifact:2:203254,usesMaterial,entity:material:earthenware
entity:artifact:2:203254,usesMaterial,entity:material:metal
entity:artifact:2:203254,usesMaterial,entity:material:pigment
entity:artifact:2:203256,usesMaterial,entity:material:ink
entity:artifact:2:203256,usesMaterial,entity:material:pigment
entity:artifact:2:203256,usesMaterial,entity:material:silk
entity:artifact:2:203257,usesMaterial,entity:material:gold
entity:artifact:2:203257,usesMaterial,entity:material:ink
entity:artifact:2:203257,usesMaterial,entity:material:paper
entity:artifact:2:203257,usesMaterial,entity:material:pigment
entity:artifact:2:203258,usesMaterial,entity:material:ink
entity:artifact:2:203258,usesMaterial,entity:material:paper
entity:artifact:2:203258,usesMaterial,entity:material:pigment
entity:artifact:2:203259,usesMaterial,entity:material:amber
entity:artifact:2:203259,usesMaterial,entity:material:earthenware
entity:artifact:2:203259,usesMaterial,entity:material:metal
entity:artifact:2:203259,usesMaterial,entity:material:pigment
entity:artifact:2:203260,usesMaterial,entity:material:earthenware
entity:artifact:2:203260,usesMaterial,entity:material:metal
entity:artifact:2:203260,usesMaterial,entity:material:pigment
entity:artifact:2:203261,usesMaterial,entity:material:earthenware
entity:artifact:2:203261,usesMaterial,entity:material:metal
entity:artifact:2:203261,usesMaterial,entity:material:pigment
entity:artifact:2:203262,usesMaterial,entity:material:ink
entity:artifact:2:203262,usesMaterial,entity:material:pigment
entity:artifact:2:203262,usesMaterial,entity:material:silk
entity:artifact:2:203266,usesMaterial,entity:material:nephrite
entity:artifact:2:203272,usesMaterial,entity:material:bronze
entity:artifact:2:203277,usesMaterial,entity:material:metal
entity:artifact:2:203279,usesMaterial,entity:material:bronze
entity:artifact:2:203280,usesMaterial,entity:material:ink
entity:artifact:2:203280,usesMaterial,entity:material:paper
entity:artifact:2:203281,usesMaterial,entity:material:bronze
entity:artifact:2:203282,usesMaterial,entity:material:earthenware
entity:artifact:2:203282,usesMaterial,entity:material:porcelain
entity:artifact:2:203285,usesMaterial,entity:material:nephrite
entity:artifact:2:203286,usesMaterial,entity:material:nephrite
entity:artifact:2:203287,usesMaterial,entity:material:nephrite
entity:artifact:2:203288,usesMaterial,entity:material:nephrite
entity:artifact:2:203288,usesMaterial,entity:material:pigment
entity:artifact:2:203289,usesMaterial,entity:material:nephrite
entity:artifact:2:203289,usesMaterial,entity:material:pigment
entity:artifact:2:203289,usesMaterial,entity:material:porcelain
entity:artifact:2:203291,usesMaterial,entity:material:earthenware
entity:artifact:2:203291,usesMaterial,entity:material:metal
entity:artifact:2:203292,usesMaterial,entity:material:earthenware
entity:artifact:2:203292,usesMaterial,entity:material:metal
entity:artifact:2:203293,usesMaterial,entity:material:earthenware
entity:artifact:2:203293,usesMaterial,entity:material:metal
entity:artifact:2:203294,usesMaterial,entity:material:nephrite
entity:artifact:2:203294,usesMaterial,entity:material:pigment
entity:artifact:2:203295,usesMaterial,entity:material:stone
entity:artifact:2:203301,usesMaterial,entity:material:ivory
entity:artifact:2:203301,usesMaterial,entity:material:pigment
entity:artifact:2:203307,usesMaterial,entity:material:earthenware
entity:artifact:2:203307,usesMaterial,entity:material:pigment
entity:artifact:2:203308,usesMaterial,entity:material:bronze
entity:artifact:2:203311,usesMaterial,entity:material:bronze
entity:artifact:2:203323,usesMaterial,entity:material:bronze
entity:artifact:2:203329,usesMaterial,entity:material:ceramic
entity:artifact:2:203330,usesMaterial,entity:material:bronze
entity:artifact:2:203350,usesMaterial,entity:material:bronze
entity:artifact:2:203352,usesMaterial,entity:material:ivory
entity:artifact:2:203352,usesMaterial,entity:material:pigment
entity:artifact:2:203353,usesMaterial,entity:material:stone
entity:artifact:2:203359,usesMaterial,entity:material:bronze
entity:artifact:2:203361,usesMaterial,entity:material:bronze
entity:artifact:2:203362,usesMaterial,entity:material:nephrite
entity:artifact:2:203363,usesMaterial,entity:material:nephrite
entity:artifact:2:203364,usesMaterial,entity:material:nephrite
entity:artifact:2:203365,usesMaterial,entity:material:ivory
entity:artifact:2:203365,usesMaterial,entity:material:nephrite
entity:artifact:2:203365,usesMaterial,entity:material:pigment
entity:artifact:2:203366,usesMaterial,entity:material:ivory
entity:artifact:2:203366,usesMaterial,entity:material:nephrite
entity:artifact:2:203366,usesMaterial,entity:material:pigment
entity:artifact:2:203367,usesMaterial,entity:material:nephrite
entity:artifact:2:203368,usesMaterial,entity:material:nephrite
entity:artifact:2:203369,usesMaterial,entity:material:nephrite
entity:artifact:2:203369,usesMaterial,entity:material:porcelain
entity:artifact:2:203370,usesMaterial,entity:material:nephrite
entity:artifact:2:203371,usesMaterial,entity:material:nephrite
entity:artifact:2:203371,usesMaterial,entity:material:pigment
entity:artifact:2:203372,usesMaterial,entity:material:earthenware
entity:artifact:2:203372,usesMaterial,entity:material:metal
entity:artifact:2:203373,usesMaterial,entity:material:bronze
entity:artifact:2:203374,usesMaterial,entity:material:earthenware
entity:artifact:2:203374,usesMaterial,entity:material:metal
entity:artifact:2:203383,usesMaterial,entity:material:ink
entity:artifact:2:203383,usesMaterial,entity:material:paper
entity:artifact:2:203383,usesMaterial,entity:material:pigment
entity:artifact:2:203397,usesMaterial,entity:material:porcelain
entity:artifact:2:203402,usesMaterial,entity:material:bronze
entity:artifact:2:203402,usesMaterial,entity:material:pigment
entity:artifact:2:203404,usesMaterial,entity:material:bronze
entity:artifact:2:203405,usesMaterial,entity:material:bronze
entity:artifact:2:203406,usesMaterial,entity:material:bronze
entity:artifact:2:203419,usesMaterial,entity:material:earthenware
entity:artifact:2:203438,usesMaterial,entity:material:textile
entity:artifact:2:203439,usesMaterial,entity:material:textile
entity:artifact:2:203440,usesMaterial,entity:material:silk
entity:artifact:2:203467,usesMaterial,entity:material:silk
entity:artifact:2:203476,usesMaterial,entity:material:earthenware
entity:artifact:2:203476,usesMaterial,entity:material:iron
entity:artifact:2:203476,usesMaterial,entity:material:porcelain
entity:artifact:2:203478,usesMaterial,entity:material:earthenware
entity:artifact:2:203480,usesMaterial,entity:material:textile
entity:artifact:2:203482,usesMaterial,entity:material:bronze
entity:artifact:2:203483,usesMaterial,entity:material:enamel
entity:artifact:2:203483,usesMaterial,entity:material:porcelain
entity:artifact:2:203484,usesMaterial,entity:material:porcelain
entity:artifact:2:203485,usesMaterial,entity:material:rhinoceros-horn
entity:artifact:2:203486,usesMaterial,entity:material:bronze
entity:artifact:2:203486,usesMaterial,entity:material:gold
entity:artifact:2:203487,usesMaterial,entity:material:rhinoceros-horn
entity:artifact:2:203488,usesMaterial,entity:material:rhinoceros-horn
entity:artifact:2:203489,usesMaterial,entity:material:rhinoceros-horn
entity:artifact:2:203490,usesMaterial,entity:material:rhinoceros-horn
entity:artifact:2:203491,usesMaterial,entity:material:rhinoceros-horn
entity:artifact:2:203492,usesMaterial,entity:material:rhinoceros-horn
entity:artifact:2:203493,usesMaterial,entity:material:rhinoceros-horn
entity:artifact:2:203495,usesMaterial,entity:material:ceramic
entity:artifact:2:203495,usesMaterial,entity:material:earthenware
entity:artifact:2:203496,usesMaterial,entity:material:ceramic
entity:artifact:2:203498,usesMaterial,entity:material:nephrite
entity:artifact:2:203498,usesMaterial,entity:material:wood
entity:artifact:2:203499,usesMaterial,entity:material:bronze
entity:artifact:2:203499,usesMaterial,entity:material:gold
entity:artifact:2:203499,usesMaterial,entity:material:nephrite
entity:artifact:2:203499,usesMaterial,entity:material:silver
entity:artifact:2:203500,usesMaterial,entity:material:bronze
entity:artifact:2:203500,usesMaterial,entity:material:gold
entity:artifact:2:203500,usesMaterial,entity:material:silver
entity:artifact:2:203522,usesMaterial,entity:material:earthenware
entity:artifact:2:203522,usesMaterial,entity:material:metal
entity:artifact:2:203523,usesMaterial,entity:material:stone
entity:artifact:2:203524,usesMaterial,entity:material:pigment
entity:artifact:2:203524,usesMaterial,entity:material:stone
entity:artifact:2:203525,usesMaterial,entity:material:bronze
entity:artifact:2:203525,usesMaterial,entity:material:wax
entity:artifact:2:203526,usesMaterial,entity:material:bronze
entity:artifact:2:203526,usesMaterial,entity:material:wax
entity:artifact:2:203527,usesMaterial,entity:material:bronze
entity:artifact:2:203527,usesMaterial,entity:material:gold
entity:artifact:2:203528,usesMaterial,entity:material:bronze
entity:artifact:2:203528,usesMaterial,entity:material:gold
entity:artifact:2:203529,usesMaterial,entity:material:earthenware
entity:artifact:2:203531,usesMaterial,entity:material:bronze
entity:artifact:2:203535,usesMaterial,entity:material:earthenware
entity:artifact:2:203535,usesMaterial,entity:material:metal
entity:artifact:2:203535,usesMaterial,entity:material:pigment
entity:artifact:2:203536,usesMaterial,entity:material:enamel
entity:artifact:2:203536,usesMaterial,entity:material:porcelain
entity:artifact:2:203537,usesMaterial,entity:material:porcelain
entity:artifact:2:203538,usesMaterial,entity:material:porcelain
entity:artifact:2:203539,usesMaterial,entity:material:porcelain
entity:artifact:2:203540,usesMaterial,entity:material:porcelain
entity:artifact:2:203541,usesMaterial,entity:material:porcelain
entity:artifact:2:203542,usesMaterial,entity:material:porcelain
entity:artifact:2:203543,usesMaterial,entity:material:enamel
entity:artifact:2:203543,usesMaterial,entity:material:gold
entity:artifact:2:203543,usesMaterial,entity:material:porcelain
entity:artifact:2:203544,usesMaterial,entity:material:porcelain
entity:artifact:2:203545,usesMaterial,entity:material:enamel
entity:artifact:2:203545,usesMaterial,entity:material:gold
entity:artifact:2:203545,usesMaterial,entity:material:porcelain
entity:artifact:2:203546,usesMaterial,entity:material:enamel
entity:artifact:2:203546,usesMaterial,entity:material:porcelain
entity:artifact:2:203547,usesMaterial,entity:material:enamel
entity:artifact:2:203547,usesMaterial,entity:material:porcelain
entity:artifact:2:203548,usesMaterial,entity:material:iron
entity:artifact:2:203548,usesMaterial,entity:material:porcelain
entity:artifact:2:203549,usesMaterial,entity:material:porcelain
entity:artifact:2:203560,usesMaterial,entity:material:ivory
entity:artifact:2:203560,usesMaterial,entity:material:porcelain
entity:artifact:2:203561,usesMaterial,entity:material:bronze
entity:artifact:2:203562,usesMaterial,entity:material:metal
entity:artifact:2:203564,usesMaterial,entity:material:rhinoceros-horn
entity:artifact:2:203565,usesMaterial,entity:material:bronze
entity:artifact:2:203566,usesMaterial,entity:material:horn
entity:artifact:2:203567,usesMaterial,entity:material:horn
entity:artifact:2:203568,usesMaterial,entity:material:horn
entity:artifact:2:203581,usesMaterial,entity:material:jade
entity:artifact:2:203581,usesMaterial,entity:material:jadeite
entity:artifact:2:203581,usesMaterial,entity:material:stone
entity:artifact:2:203582,usesMaterial,entity:material:jade
entity:artifact:2:203582,usesMaterial,entity:material:nephrite
entity:artifact:2:203583,usesMaterial,entity:material:porcelain
entity:artifact:2:203584,usesMaterial,entity:material:rhinoceros-horn
entity:artifact:2:203585,usesMaterial,entity:material:rhinoceros-horn
entity:artifact:2:203586,usesMaterial,entity:material:rhinoceros-horn
entity:artifact:2:203587,usesMaterial,entity:material:horn
entity:artifact:2:203588,usesMaterial,entity:material:rhinoceros-horn
entity:artifact:2:203589,usesMaterial,entity:material:rhinoceros-horn
entity:artifact:2:203591,usesMaterial,entity:material:rhinoceros-horn
entity:artifact:2:203593,usesMaterial,entity:material:earthenware
entity:artifact:2:203593,usesMaterial,entity:material:metal
entity:artifact:2:203595,usesMaterial,entity:material:bronze
entity:artifact:2:203598,usesMaterial,entity:material:lacquer
entity:artifact:2:203599,usesMaterial,entity:material:amber
entity:artifact:2:203599,usesMaterial,entity:material:earthenware
entity:artifact:2:203599,usesMaterial,entity:material:metal
entity:artifact:2:203599,usesMaterial,entity:material:pigment
entity:artifact:2:203600,usesMaterial,entity:material:jade
entity:artifact:2:203600,usesMaterial,entity:material:nephrite
entity:artifact:2:203601,usesMaterial,entity:material:earthenware
entity:artifact:2:203601,usesMaterial,entity:material:pigment
entity:artifact:2:203602,usesMaterial,entity:material:rhinoceros-horn
entity:artifact:2:203603,usesMaterial,entity:material:rhinoceros-horn
entity:artifact:2:203604,usesMaterial,entity:material:rhinoceros-horn
entity:artifact:2:203605,usesMaterial,entity:material:rhinoceros-horn
entity:artifact:2:203607,usesMaterial,entity:material:ink
entity:artifact:2:203607,usesMaterial,entity:material:paper
entity:artifact:2:203607,usesMaterial,entity:material:pigment
entity:artifact:2:203608,usesMaterial,entity:material:nephrite
entity:artifact:2:203609,usesMaterial,entity:material:nephrite
entity:artifact:2:203610,usesMaterial,entity:material:rhinoceros-horn
entity:artifact:2:203611,usesMaterial,entity:material:rhinoceros-horn
entity:artifact:2:203612,usesMaterial,entity:material:rhinoceros-horn
entity:artifact:2:203613,usesMaterial,entity:material:ink
entity:artifact:2:203613,usesMaterial,entity:material:pigment
entity:artifact:2:203613,usesMaterial,entity:material:silk
entity:artifact:2:203615,usesMaterial,entity:material:bronze
entity:artifact:2:203615,usesMaterial,entity:material:gold
entity:artifact:2:203616,usesMaterial,entity:material:earthenware
entity:artifact:2:203616,usesMaterial,entity:material:metal
entity:artifact:2:203616,usesMaterial,entity:material:pigment
entity:artifact:2:203619,usesMaterial,entity:material:earthenware
entity:artifact:2:203619,usesMaterial,entity:material:pigment
entity:artifact:2:203620,usesMaterial,entity:material:earthenware
entity:artifact:2:203620,usesMaterial,entity:material:pigment
entity:artifact:2:203622,usesMaterial,entity:material:ceramic
entity:artifact:2:203623,usesMaterial,entity:material:earthenware
entity:artifact:2:203623,usesMaterial,entity:material:porcelain
entity:artifact:2:203629,usesMaterial,entity:material:gold
entity:artifact:2:203629,usesMaterial,entity:material:porcelain
entity:artifact:2:203630,usesMaterial,entity:material:ink
entity:artifact:2:203630,usesMaterial,entity:material:paper
entity:artifact:2:203630,usesMaterial,entity:material:pigment
entity:artifact:2:203631,usesMaterial,entity:material:ink
entity:artifact:2:203631,usesMaterial,entity:material:paper
entity:artifact:2:203631,usesMaterial,entity:material:pigment
entity:artifact:2:203632,usesMaterial,entity:material:earthenware
entity:artifact:2:203632,usesMaterial,entity:material:metal
entity:artifact:2:203632,usesMaterial,entity:material:pigment
entity:artifact:2:203633,usesMaterial,entity:material:stone
entity:artifact:2:203634,usesMaterial,entity:material:ink
entity:artifact:2:203634,usesMaterial,entity:material:pigment
entity:artifact:2:203634,usesMaterial,entity:material:silk
entity:artifact:2:203638,usesMaterial,entity:material:nephrite
entity:artifact:2:203654,usesMaterial,entity:material:horn
entity:artifact:2:203655,usesMaterial,entity:material:horn
entity:artifact:2:203656,usesMaterial,entity:material:horn
entity:artifact:2:203657,usesMaterial,entity:material:rhinoceros-horn
entity:artifact:2:203658,usesMaterial,entity:material:horn
entity:artifact:2:203659,usesMaterial,entity:material:rhinoceros-horn
entity:artifact:2:203660,usesMaterial,entity:material:rhinoceros-horn
entity:artifact:2:203661,usesMaterial,entity:material:rhinoceros-horn
entity:artifact:2:203662,usesMaterial,entity:material:rhinoceros-horn
entity:artifact:2:203663,usesMaterial,entity:material:horn
entity:artifact:2:203664,usesMaterial,entity:material:horn
entity:artifact:2:203665,usesMaterial,entity:material:rhinoceros-horn
entity:artifact:2:203667,usesMaterial,entity:material:porcelain
entity:artifact:2:203669,usesMaterial,entity:material:ink
entity:artifact:2:203669,usesMaterial,entity:material:paper
entity:artifact:2:203669,usesMaterial,entity:material:pigment
entity:artifact:2:203670,usesMaterial,entity:material:earthenware
entity:artifact:2:203670,usesMaterial,entity:material:metal
entity:artifact:2:203671,usesMaterial,entity:material:earthenware
entity:artifact:2:203671,usesMaterial,entity:material:porcelain
entity:artifact:2:203672,usesMaterial,entity:material:rhinoceros-horn
entity:artifact:2:203673,usesMaterial,entity:material:bronze
entity:artifact:2:203674,usesMaterial,entity:material:nephrite
entity:artifact:2:203674,usesMaterial,entity:material:stone
entity:artifact:2:203675,usesMaterial,entity:material:nephrite
entity:artifact:2:203676,usesMaterial,entity:material:stone
entity:artifact:2:203677,usesMaterial,entity:material:stone
entity:artifact:2:203678,usesMaterial,entity:material:bone
entity:artifact:2:203678,usesMaterial,entity:material:nephrite
entity:artifact:2:203678,usesMaterial,entity:material:pigment
entity:artifact:2:203679,usesMaterial,entity:material:stone
entity:artifact:2:203680,usesMaterial,entity:material:nephrite
entity:artifact:2:203681,usesMaterial,entity:material:nephrite
entity:artifact:2:203683,usesMaterial,entity:material:nephrite
entity:artifact:2:203684,usesMaterial,entity:material:bronze
entity:artifact:2:203685,usesMaterial,entity:material:rhinoceros-horn
entity:artifact:2:203686,usesMaterial,entity:material:rhinoceros-horn
entity:artifact:2:203687,usesMaterial,entity:material:rhinoceros-horn
entity:artifact:2:203688,usesMaterial,entity:material:rhinoceros-horn
entity:artifact:2:203689,usesMaterial,entity:material:rhinoceros-horn
entity:artifact:2:203689,usesMaterial,entity:material:stone
entity:artifact:2:203690,usesMaterial,entity:material:rhinoceros-horn
entity:artifact:2:203691,usesMaterial,entity:material:rhinoceros-horn
entity:artifact:2:203692,usesMaterial,entity:material:bronze
entity:artifact:2:203693,usesMaterial,entity:material:bronze
entity:artifact:2:203693,usesMaterial,entity:material:gold
entity:artifact:2:203693,usesMaterial,entity:material:lacquer
entity:artifact:2:203693,usesMaterial,entity:material:pigment
entity:artifact:2:203694,usesMaterial,entity:material:ink
entity:artifact:2:203694,usesMaterial,entity:material:pigment
entity:artifact:2:203694,usesMaterial,entity:material:silk
entity:artifact:2:203695,usesMaterial,entity:material:nephrite
entity:artifact:2:203695,usesMaterial,entity:material:pigment
entity:artifact:2:203696,usesMaterial,entity:material:nephrite
entity:artifact:2:203696,usesMaterial,entity:material:pigment
entity:artifact:2:203698,usesMaterial,entity:material:ink
entity:artifact:2:203698,usesMaterial,entity:material:paper
entity:artifact:2:203698,usesMaterial,entity:material:pigment
entity:artifact:2:203699,usesMaterial,entity:material:ink
entity:artifact:2:203699,usesMaterial,entity:material:paper
entity:artifact:2:203699,usesMaterial,entity:material:pigment
entity:artifact:2:203700,usesMaterial,entity:material:ink
entity:artifact:2:203700,usesMaterial,entity:material:paper
entity:artifact:2:203700,usesMaterial,entity:material:pigment
entity:artifact:2:203701,usesMaterial,entity:material:metal
entity:artifact:2:203703,usesMaterial,entity:material:earthenware
entity:artifact:2:203703,usesMaterial,entity:material:pigment
entity:artifact:2:203704,usesMaterial,entity:material:earthenware
entity:artifact:2:203704,usesMaterial,entity:material:metal
entity:artifact:2:203704,usesMaterial,entity:material:pigment
entity:artifact:2:203705,usesMaterial,entity:material:earthenware
entity:artifact:2:203705,usesMaterial,entity:material:metal
entity:artifact:2:203705,usesMaterial,entity:material:pigment
entity:artifact:2:203707,usesMaterial,entity:material:ink
entity:artifact:2:203707,usesMaterial,entity:material:pigment
entity:artifact:2:203707,usesMaterial,entity:material:silk
entity:artifact:2:203714,usesMaterial,entity:material:nephrite
entity:artifact:2:203714,usesMaterial,entity:material:pigment
entity:artifact:2:203716,usesMaterial,entity:material:nephrite
entity:artifact:2:203717,usesMaterial,entity:material:nephrite
entity:artifact:2:203718,usesMaterial,entity:material:earthenware
entity:artifact:2:203718,usesMaterial,entity:material:metal
entity:artifact:2:203718,usesMaterial,entity:material:pigment
entity:artifact:2:203719,usesMaterial,entity:material:lacquer
entity:artifact:2:203721,usesMaterial,entity:material:ceramic
entity:artifact:2:203722,usesMaterial,entity:material:ceramic
entity:artifact:2:203723,usesMaterial,entity:material:ceramic
entity:artifact:2:203728,usesMaterial,entity:material:earthenware
entity:artifact:2:203728,usesMaterial,entity:material:iron
entity:artifact:2:203729,usesMaterial,entity:material:earthenware
entity:artifact:2:203730,usesMaterial,entity:material:ink
entity:artifact:2:203730,usesMaterial,entity:material:paper
entity:artifact:2:203734,usesMaterial,entity:material:stone
entity:artifact:2:203748,usesMaterial,entity:material:earthenware
entity:artifact:2:203748,usesMaterial,entity:material:pigment
entity:artifact:2:203749,usesMaterial,entity:material:earthenware
entity:artifact:2:203749,usesMaterial,entity:material:pigment
entity:artifact:2:203750,usesMaterial,entity:material:earthenware
entity:artifact:2:203750,usesMaterial,entity:material:metal
entity:artifact:2:203750,usesMaterial,entity:material:pigment
entity:artifact:2:203753,usesMaterial,entity:material:ceramic
entity:artifact:2:203754,usesMaterial,entity:material:ceramic
entity:artifact:2:203757,usesMaterial,entity:material:ceramic
entity:artifact:2:203758,usesMaterial,entity:material:ceramic
entity:artifact:2:203759,usesMaterial,entity:material:ceramic
entity:artifact:2:203760,usesMaterial,entity:material:ceramic
entity:artifact:2:203761,usesMaterial,entity:material:ink
entity:artifact:2:203761,usesMaterial,entity:material:paper
entity:artifact:2:203765,usesMaterial,entity:material:ceramic
entity:artifact:2:203780,usesMaterial,entity:material:earthenware
entity:artifact:2:203781,usesMaterial,entity:material:earthenware
entity:artifact:2:203782,usesMaterial,entity:material:earthenware
entity:artifact:2:203783,usesMaterial,entity:material:bronze
entity:artifact:2:203783,usesMaterial,entity:material:gold
entity:artifact:2:203784,usesMaterial,entity:material:bronze
entity:artifact:2:203784,usesMaterial,entity:material:metal
entity:artifact:2:203784,usesMaterial,entity:material:silver
entity:artifact:2:203785,usesMaterial,entity:material:ivory
entity:artifact:2:203785,usesMaterial,entity:material:pigment
entity:artifact:2:203788,usesMaterial,entity:material:bronze
entity:artifact:2:203789,usesMaterial,entity:material:bronze
entity:artifact:2:203790,usesMaterial,entity:material:ink
entity:artifact:2:203790,usesMaterial,entity:material:pigment
entity:artifact:2:203790,usesMaterial,entity:material:silk
entity:artifact:2:203792,usesMaterial,entity:material:earthenware
entity:artifact:2:203792,usesMaterial,entity:material:iron
entity:artifact:2:203799,usesMaterial,entity:material:earthenware
entity:artifact:2:203799,usesMaterial,entity:material:metal
entity:artifact:2:203799,usesMaterial,entity:material:pigment
entity:artifact:2:203800,usesMaterial,entity:material:enamel
entity:artifact:2:203800,usesMaterial,entity:material:porcelain
entity:artifact:2:203801,usesMaterial,entity:material:copper
entity:artifact:2:203801,usesMaterial,entity:material:porcelain
entity:artifact:2:203802,usesMaterial,entity:material:enamel
entity:artifact:2:203802,usesMaterial,entity:material:gold
entity:artifact:2:203802,usesMaterial,entity:material:porcelain
entity:artifact:2:203803,usesMaterial,entity:material:earthenware
entity:artifact:2:203803,usesMaterial,entity:material:metal
entity:artifact:2:203804,usesMaterial,entity:material:enamel
entity:artifact:2:203804,usesMaterial,entity:material:porcelain
entity:artifact:2:203804,usesMaterial,entity:material:stone
entity:artifact:2:203805,usesMaterial,entity:material:porcelain
entity:artifact:2:203806,usesMaterial,entity:material:enamel
entity:artifact:2:203806,usesMaterial,entity:material:porcelain
entity:artifact:2:203807,usesMaterial,entity:material:enamel
entity:artifact:2:203807,usesMaterial,entity:material:iron
entity:artifact:2:203807,usesMaterial,entity:material:porcelain
entity:artifact:2:203808,usesMaterial,entity:material:enamel
entity:artifact:2:203808,usesMaterial,entity:material:porcelain
entity:artifact:2:203814,usesMaterial,entity:material:enamel
entity:artifact:2:203814,usesMaterial,entity:material:porcelain
entity:artifact:2:203815,usesMaterial,entity:material:enamel
entity:artifact:2:203815,usesMaterial,entity:material:porcelain
entity:artifact:2:203816,usesMaterial,entity:material:enamel
entity:artifact:2:203816,usesMaterial,entity:material:porcelain
entity:artifact:2:203817,usesMaterial,entity:material:enamel
entity:artifact:2:203817,usesMaterial,entity:material:porcelain
entity:artifact:2:203818,usesMaterial,entity:material:copper
entity:artifact:2:203818,usesMaterial,entity:material:porcelain
entity:artifact:2:203819,usesMaterial,entity:material:copper
entity:artifact:2:203819,usesMaterial,entity:material:porcelain
entity:artifact:2:203820,usesMaterial,entity:material:copper
entity:artifact:2:203820,usesMaterial,entity:material:porcelain
entity:artifact:2:203821,usesMaterial,entity:material:porcelain
entity:artifact:2:203822,usesMaterial,entity:material:copper
entity:artifact:2:203822,usesMaterial,entity:material:pigment
entity:artifact:2:203822,usesMaterial,entity:material:porcelain
entity:artifact:2:203823,usesMaterial,entity:material:earthenware
entity:artifact:2:203824,usesMaterial,entity:material:earthenware
entity:artifact:2:203824,usesMaterial,entity:material:iron
entity:artifact:2:203825,usesMaterial,entity:material:enamel
entity:artifact:2:203825,usesMaterial,entity:material:porcelain
entity:artifact:2:203829,usesMaterial,entity:material:ink
entity:artifact:2:203829,usesMaterial,entity:material:pigment
entity:artifact:2:203829,usesMaterial,entity:material:silk
entity:artifact:2:203829,usesMaterial,entity:material:textile
entity:artifact:2:203831,usesMaterial,entity:material:earthenware
entity:artifact:2:203832,usesMaterial,entity:material:enamel
entity:artifact:2:203832,usesMaterial,entity:material:porcelain
entity:artifact:2:203833,usesMaterial,entity:material:copper
entity:artifact:2:203833,usesMaterial,entity:material:porcelain
entity:artifact:2:203834,usesMaterial,entity:material:porcelain
entity:artifact:2:203835,usesMaterial,entity:material:enamel
entity:artifact:2:203835,usesMaterial,entity:material:gold
entity:artifact:2:203835,usesMaterial,entity:material:porcelain
entity:artifact:2:203836,usesMaterial,entity:material:enamel
entity:artifact:2:203836,usesMaterial,entity:material:porcelain
entity:artifact:2:203837,usesMaterial,entity:material:enamel
entity:artifact:2:203837,usesMaterial,entity:material:porcelain
entity:artifact:2:203838,usesMaterial,entity:material:earthenware
entity:artifact:2:203838,usesMaterial,entity:material:enamel
entity:artifact:2:203839,usesMaterial,entity:material:porcelain
entity:artifact:2:203840,usesMaterial,entity:material:earthenware
entity:artifact:2:203842,usesMaterial,entity:material:porcelain
entity:artifact:2:203843,usesMaterial,entity:material:porcelain
entity:artifact:2:203843,usesMaterial,entity:material:stone
entity:artifact:2:203844,usesMaterial,entity:material:porcelain
entity:artifact:2:203845,usesMaterial,entity:material:porcelain
entity:artifact:2:203846,usesMaterial,entity:material:porcelain
entity:artifact:2:203847,usesMaterial,entity:material:porcelain
entity:artifact:2:203861,usesMaterial,entity:material:wood
entity:artifact:2:203863,usesMaterial,entity:material:silver
entity:artifact:2:203864,usesMaterial,entity:material:earthenware
entity:artifact:2:203864,usesMaterial,entity:material:porcelain
entity:artifact:2:203865,usesMaterial,entity:material:lacquer
entity:artifact:2:203865,usesMaterial,entity:material:wood
entity:artifact:2:203866,usesMaterial,entity:material:bronze
entity:artifact:2:203867,usesMaterial,entity:material:bronze
entity:artifact:2:203868,usesMaterial,entity:material:earthenware
entity:artifact:2:203868,usesMaterial,entity:material:porcelain
entity:artifact:2:203870,usesMaterial,entity:material:bronze
entity:artifact:2:203872,usesMaterial,entity:material:porcelain
entity:artifact:2:203873,usesMaterial,entity:material:bronze
entity:artifact:2:203875,usesMaterial,entity:material:copper
entity:artifact:2:203875,usesMaterial,entity:material:enamel
entity:artifact:2:203875,usesMaterial,entity:material:porcelain
entity:artifact:2:203876,usesMaterial,entity:material:enamel
entity:artifact:2:203876,usesMaterial,entity:material:porcelain
entity:artifact:2:203877,usesMaterial,entity:material:enamel
entity:artifact:2:203877,usesMaterial,entity:material:porcelain
entity:artifact:2:203878,usesMaterial,entity:material:enamel
entity:artifact:2:203878,usesMaterial,entity:material:porcelain
entity:artifact:2:203879,usesMaterial,entity:material:enamel
entity:artifact:2:203879,usesMaterial,entity:material:porcelain
entity:artifact:2:203880,usesMaterial,entity:material:enamel
entity:artifact:2:203880,usesMaterial,entity:material:porcelain
entity:artifact:2:203881,usesMaterial,entity:material:enamel
entity:artifact:2:203881,usesMaterial,entity:material:porcelain
entity:artifact:2:203882,usesMaterial,entity:material:enamel
entity:artifact:2:203882,usesMaterial,entity:material:porcelain
entity:artifact:2:203884,usesMaterial,entity:material:porcelain
entity:artifact:2:203885,usesMaterial,entity:material:porcelain
entity:artifact:2:203886,usesMaterial,entity:material:porcelain
entity:artifact:2:203887,usesMaterial,entity:material:porcelain
entity:artifact:2:203888,usesMaterial,entity:material:porcelain
entity:artifact:2:203889,usesMaterial,entity:material:porcelain
entity:artifact:2:203890,usesMaterial,entity:material:porcelain
entity:artifact:2:203892,usesMaterial,entity:material:bronze
entity:artifact:2:203893,usesMaterial,entity:material:metal
entity:artifact:2:203894,usesMaterial,entity:material:bronze
entity:artifact:2:203895,usesMaterial,entity:material:rhinoceros-horn
entity:artifact:2:203896,usesMaterial,entity:material:rhinoceros-horn
entity:artifact:2:203898,usesMaterial,entity:material:lacquer
entity:artifact:2:203899,usesMaterial,entity:material:horn
entity:artifact:2:203900,usesMaterial,entity:material:horn
entity:artifact:2:203901,usesMaterial,entity:material:horn
entity:artifact:2:203904,usesMaterial,entity:material:rhinoceros-horn
entity:artifact:2:203905,usesMaterial,entity:material:metal
entity:artifact:2:203905,usesMaterial,entity:material:rhinoceros-horn
entity:artifact:2:203906,usesMaterial,entity:material:rhinoceros-horn
entity:artifact:2:203907,usesMaterial,entity:material:horn
entity:artifact:2:203908,usesMaterial,entity:material:rhinoceros-horn
entity:artifact:2:203909,usesMaterial,entity:material:rhinoceros-horn
entity:artifact:2:203910,usesMaterial,entity:material:rhinoceros-horn
entity:artifact:2:203911,usesMaterial,entity:material:earthenware
entity:artifact:2:203911,usesMaterial,entity:material:porcelain
entity:artifact:2:203912,usesMaterial,entity:material:earthenware
entity:artifact:2:203912,usesMaterial,entity:material:porcelain
entity:artifact:2:203913,usesMaterial,entity:material:earthenware
entity:artifact:2:203913,usesMaterial,entity:material:porcelain
entity:artifact:2:203914,usesMaterial,entity:material:earthenware
entity:artifact:2:203914,usesMaterial,entity:material:porcelain
entity:artifact:2:203914,usesMaterial,entity:material:stone
entity:artifact:2:203915,usesMaterial,entity:material:earthenware
entity:artifact:2:203915,usesMaterial,entity:material:ivory
entity:artifact:2:203916,usesMaterial,entity:material:iron
entity:artifact:2:203916,usesMaterial,entity:material:metal
entity:artifact:2:203916,usesMaterial,entity:material:porcelain
entity:artifact:2:203917,usesMaterial,entity:material:enamel
entity:artifact:2:203917,usesMaterial,entity:material:gold
entity:artifact:2:203917,usesMaterial,entity:material:porcelain
entity:artifact:2:203918,usesMaterial,entity:material:porcelain
entity:artifact:2:203919,usesMaterial,entity:material:porcelain
entity:artifact:2:203920,usesMaterial,entity:material:porcelain
entity:artifact:2:203921,usesMaterial,entity:material:porcelain
entity:artifact:2:203922,usesMaterial,entity:material:porcelain
entity:artifact:2:203926,usesMaterial,entity:material:ivory
entity:artifact:2:203926,usesMaterial,entity:material:porcelain
entity:artifact:2:203927,usesMaterial,entity:material:porcelain
entity:artifact:2:203928,usesMaterial,entity:material:porcelain
entity:artifact:2:203929,usesMaterial,entity:material:porcelain
entity:artifact:2:203942,usesMaterial,entity:material:bone
entity:artifact:2:203942,usesMaterial,entity:material:jade
entity:artifact:2:203942,usesMaterial,entity:material:nephrite
entity:artifact:2:203942,usesMaterial,entity:material:stone
entity:artifact:2:203943,usesMaterial,entity:material:rhinoceros-horn
entity:artifact:2:203944,usesMaterial,entity:material:bronze
entity:artifact:2:203945,usesMaterial,entity:material:bronze
entity:artifact:2:203945,usesMaterial,entity:material:copper
entity:artifact:2:203945,usesMaterial,entity:material:stone
entity:artifact:2:203946,usesMaterial,entity:material:bronze
entity:artifact:2:203947,usesMaterial,entity:material:bronze
entity:artifact:2:203950,usesMaterial,entity:material:earthenware
entity:artifact:2:203951,usesMaterial,entity:material:stone
entity:artifact:2:203953,usesMaterial,entity:material:porcelain
entity:artifact:2:203956,usesMaterial,entity:material:porcelain
entity:artifact:2:203969,usesMaterial,entity:material:earthenware
entity:artifact:2:203969,usesMaterial,entity:material:porcelain
entity:artifact:2:203971,usesMaterial,entity:material:porcelain
entity:artifact:2:203973,usesMaterial,entity:material:rhinoceros-horn
entity:artifact:2:203974,usesMaterial,entity:material:horn
entity:artifact:2:203975,usesMaterial,entity:material:horn
entity:artifact:2:203977,usesMaterial,entity:material:horn
entity:artifact:2:203978,usesMaterial,entity:material:horn
entity:artifact:2:203979,usesMaterial,entity:material:bronze
entity:artifact:2:203980,usesMaterial,entity:material:bronze
entity:artifact:2:203981,usesMaterial,entity:material:bronze
entity:artifact:2:203981,usesMaterial,entity:material:silver
entity:artifact:2:203982,usesMaterial,entity:material:bronze
entity:artifact:2:203983,usesMaterial,entity:material:bronze
entity:artifact:2:203984,usesMaterial,entity:material:bronze
entity:artifact:2:203984,usesMaterial,entity:material:porcelain
entity:artifact:2:203985,usesMaterial,entity:material:bronze
entity:artifact:2:203986,usesMaterial,entity:material:bronze
entity:artifact:2:203987,usesMaterial,entity:material:bronze
entity:artifact:2:203988,usesMaterial,entity:material:bronze
entity:artifact:2:203989,usesMaterial,entity:material:bronze
entity:artifact:2:203990,usesMaterial,entity:material:bronze
entity:artifact:2:203990,usesMaterial,entity:material:gold
entity:artifact:2:203991,usesMaterial,entity:material:bronze
entity:artifact:2:203992,usesMaterial,entity:material:bronze
entity:artifact:2:203993,usesMaterial,entity:material:stone
entity:artifact:2:203994,usesMaterial,entity:material:bronze
entity:artifact:2:203995,usesMaterial,entity:material:bronze
entity:artifact:2:203996,usesMaterial,entity:material:stone
entity:artifact:2:203997,usesMaterial,entity:material:stone
entity:artifact:2:203998,usesMaterial,entity:material:stone
entity:artifact:2:203999,usesMaterial,entity:material:stone
entity:artifact:2:204002,usesMaterial,entity:material:earthenware
entity:artifact:2:204003,usesMaterial,entity:material:stone
entity:artifact:2:204004,usesMaterial,entity:material:bronze
entity:artifact:2:204004,usesMaterial,entity:material:gold
entity:artifact:2:204005,usesMaterial,entity:material:bronze
entity:artifact:2:204005,usesMaterial,entity:material:gold
entity:artifact:2:204006,usesMaterial,entity:material:bronze
entity:artifact:2:204006,usesMaterial,entity:material:gold
entity:artifact:2:204007,usesMaterial,entity:material:bronze
entity:artifact:2:204007,usesMaterial,entity:material:gold
entity:artifact:2:204008,usesMaterial,entity:material:bronze
entity:artifact:2:204008,usesMaterial,entity:material:gold
entity:artifact:2:204009,usesMaterial,entity:material:bronze
entity:artifact:2:204009,usesMaterial,entity:material:silver
entity:artifact:2:204013,usesMaterial,entity:material:bone
entity:artifact:2:204015,usesMaterial,entity:material:earthenware
entity:artifact:2:204015,usesMaterial,entity:material:metal
entity:artifact:2:204016,usesMaterial,entity:material:bronze
entity:artifact:2:204016,usesMaterial,entity:material:gold
entity:artifact:2:204016,usesMaterial,entity:material:stone
entity:artifact:2:204025,usesMaterial,entity:material:stone
entity:artifact:2:204032,usesMaterial,entity:material:earthenware
entity:artifact:2:204033,usesMaterial,entity:material:pigment
entity:artifact:2:204034,usesMaterial,entity:material:earthenware
entity:artifact:2:204034,usesMaterial,entity:material:pigment
entity:artifact:2:204035,usesMaterial,entity:material:stone
entity:artifact:2:204036,usesMaterial,entity:material:bronze
entity:artifact:2:204037,usesMaterial,entity:material:earthenware
entity:artifact:2:204037,usesMaterial,entity:material:pigment
entity:artifact:2:204038,usesMaterial,entity:material:earthenware
entity:artifact:2:204038,usesMaterial,entity:material:metal
entity:artifact:2:204040,usesMaterial,entity:material:nephrite
entity:artifact:2:204041,usesMaterial,entity:material:bronze
entity:artifact:2:204041,usesMaterial,entity:material:gold
entity:artifact:2:204042,usesMaterial,entity:material:pigment
entity:artifact:2:204042,usesMaterial,entity:material:stone
entity:artifact:2:204043,usesMaterial,entity:material:stone
entity:artifact:2:204044,usesMaterial,entity:material:stone
entity:artifact:2:204045,usesMaterial,entity:material:stone
entity:artifact:2:204046,usesMaterial,entity:material:stone
entity:artifact:2:204047,usesMaterial,entity:material:stone
entity:artifact:2:204049,usesMaterial,entity:material:pigment
entity:artifact:2:204049,usesMaterial,entity:material:stone
entity:artifact:2:204050,usesMaterial,entity:material:stone
entity:artifact:2:204051,usesMaterial,entity:material:stone
entity:artifact:2:204052,usesMaterial,entity:material:stone
entity:artifact:2:204066,usesMaterial,entity:material:bronze
entity:artifact:2:204067,usesMaterial,entity:material:bronze
entity:artifact:2:204068,usesMaterial,entity:material:bronze
entity:artifact:2:204069,usesMaterial,entity:material:stone
entity:artifact:2:204070,usesMaterial,entity:material:bronze
entity:artifact:2:204070,usesMaterial,entity:material:gold
entity:artifact:2:204071,usesMaterial,entity:material:bronze
entity:artifact:2:204071,usesMaterial,entity:material:gold
entity:artifact:2:204073,usesMaterial,entity:material:bronze
entity:artifact:2:204073,usesMaterial,entity:material:glass
entity:artifact:2:204073,usesMaterial,entity:material:gold
entity:artifact:2:204073,usesMaterial,entity:material:stone
entity:artifact:2:204074,usesMaterial,entity:material:bronze
entity:artifact:2:204074,usesMaterial,entity:material:gold
entity:artifact:2:204075,usesMaterial,entity:material:bronze
entity:artifact:2:204075,usesMaterial,entity:material:gold
entity:artifact:2:204076,usesMaterial,entity:material:bronze
entity:artifact:2:204076,usesMaterial,entity:material:gold
entity:artifact:2:204077,usesMaterial,entity:material:bronze
entity:artifact:2:204077,usesMaterial,entity:material:gold
entity:artifact:2:204078,usesMaterial,entity:material:bronze
entity:artifact:2:204078,usesMaterial,entity:material:gold
entity:artifact:2:204079,usesMaterial,entity:material:earthenware
entity:artifact:2:204079,usesMaterial,entity:material:porcelain
entity:artifact:2:204080,usesMaterial,entity:material:enamel
entity:artifact:2:204080,usesMaterial,entity:material:porcelain
entity:artifact:2:204081,usesMaterial,entity:material:bronze
entity:artifact:2:204081,usesMaterial,entity:material:gold
entity:artifact:2:204082,usesMaterial,entity:material:gold
entity:artifact:2:204082,usesMaterial,entity:material:silver
entity:artifact:2:204083,usesMaterial,entity:material:gold
entity:artifact:2:204083,usesMaterial,entity:material:silver
entity:artifact:2:204084,usesMaterial,entity:material:gold
entity:artifact:2:204084,usesMaterial,entity:material:silver
entity:artifact:2:204086,usesMaterial,entity:material:bronze
entity:artifact:2:204087,usesMaterial,entity:material:bronze
entity:artifact:2:204088,usesMaterial,entity:material:bronze
entity:artifact:2:204089,usesMaterial,entity:material:bronze
entity:artifact:2:204089,usesMaterial,entity:material:gold
entity:artifact:2:204089,usesMaterial,entity:material:silver
entity:artifact:2:204090,usesMaterial,entity:material:bronze
entity:artifact:2:204090,usesMaterial,entity:material:glass
entity:artifact:2:204090,usesMaterial,entity:material:jade
entity:artifact:2:204090,usesMaterial,entity:material:nephrite
entity:artifact:2:204091,usesMaterial,entity:material:bronze
entity:artifact:2:204092,usesMaterial,entity:material:bronze
entity:artifact:2:204093,usesMaterial,entity:material:bronze
entity:artifact:2:204094,usesMaterial,entity:material:bronze
entity:artifact:2:204102,usesMaterial,entity:material:bronze
entity:artifact:2:204103,usesMaterial,entity:material:bronze
entity:artifact:2:204104,usesMaterial,entity:material:ink
entity:artifact:2:204104,usesMaterial,entity:material:paper
entity:artifact:2:204107,usesMaterial,entity:material:bronze
entity:artifact:2:204113,usesMaterial,entity:material:metal
entity:artifact:2:204114,usesMaterial,entity:material:metal
entity:artifact:2:204115,usesMaterial,entity:material:bronze
entity:artifact:2:204115,usesMaterial,entity:material:gold
entity:artifact:2:204115,usesMaterial,entity:material:lacquer
entity:artifact:2:204116,usesMaterial,entity:material:bronze
entity:artifact:2:204117,usesMaterial,entity:material:bronze
entity:artifact:2:204118,usesMaterial,entity:material:bronze
entity:artifact:2:204119,usesMaterial,entity:material:iron
entity:artifact:2:204120,usesMaterial,entity:material:gold
entity:artifact:2:204120,usesMaterial,entity:material:stone
entity:artifact:2:204121,usesMaterial,entity:material:pigment
entity:artifact:2:204121,usesMaterial,entity:material:stone
entity:artifact:2:204122,usesMaterial,entity:material:stone
entity:artifact:2:204124,usesMaterial,entity:material:stone
entity:artifact:2:204125,usesMaterial,entity:material:stone
entity:artifact:2:204126,usesMaterial,entity:material:earthenware
entity:artifact:2:204126,usesMaterial,entity:material:pigment
entity:artifact:2:204127,usesMaterial,entity:material:porcelain
entity:artifact:2:204130,usesMaterial,entity:material:bronze
entity:artifact:2:204130,usesMaterial,entity:material:gold
entity:artifact:2:204130,usesMaterial,entity:material:stone
entity:artifact:2:204131,usesMaterial,entity:material:bronze
entity:artifact:2:204132,usesMaterial,entity:material:stone
entity:artifact:2:204133,usesMaterial,entity:material:stone
entity:artifact:2:204134,usesMaterial,entity:material:bronze
entity:artifact:2:204138,usesMaterial,entity:material:stone
entity:artifact:2:204139,usesMaterial,entity:material:stone
entity:artifact:2:204140,usesMaterial,entity:material:stone
entity:artifact:2:204141,usesMaterial,entity:material:stone
entity:artifact:2:204147,usesMaterial,entity:material:enamel
entity:artifact:2:204147,usesMaterial,entity:material:porcelain
entity:artifact:2:204149,usesMaterial,entity:material:porcelain
entity:artifact:2:204150,usesMaterial,entity:material:ivory
entity:artifact:2:204150,usesMaterial,entity:material:pigment
entity:artifact:2:204151,usesMaterial,entity:material:wood
entity:artifact:2:204152,usesMaterial,entity:material:stone
entity:artifact:2:204153,usesMaterial,entity:material:stone
entity:artifact:2:204154,usesMaterial,entity:material:earthenware
entity:artifact:2:204154,usesMaterial,entity:material:iron
entity:artifact:2:204154,usesMaterial,entity:material:porcelain
entity:artifact:2:204155,usesMaterial,entity:material:earthenware
entity:artifact:2:204155,usesMaterial,entity:material:metal
entity:artifact:2:204156,usesMaterial,entity:material:copper
entity:artifact:2:204156,usesMaterial,entity:material:porcelain
entity:artifact:2:204156,usesMaterial,entity:material:wood
entity:artifact:2:204162,usesMaterial,entity:material:bronze
entity:artifact:2:204163,usesMaterial,entity:material:bronze
entity:artifact:2:204164,usesMaterial,entity:material:bronze
entity:artifact:2:204164,usesMaterial,entity:material:metal
entity:artifact:2:204167,usesMaterial,entity:material:bronze
entity:artifact:2:204168,usesMaterial,entity:material:bronze
entity:artifact:2:204169,usesMaterial,entity:material:bronze
entity:artifact:2:204175,usesMaterial,entity:material:earthenware
entity:artifact:2:204176,usesMaterial,entity:material:earthenware
entity:artifact:2:204176,usesMaterial,entity:material:pigment
entity:artifact:2:204177,usesMaterial,entity:material:pigment
entity:artifact:2:204178,usesMaterial,entity:material:earthenware
entity:artifact:2:204178,usesMaterial,entity:material:pigment
entity:artifact:2:204181,usesMaterial,entity:material:ceramic
entity:artifact:2:204182,usesMaterial,entity:material:ceramic
entity:artifact:2:204183,usesMaterial,entity:material:ceramic
entity:artifact:2:204184,usesMaterial,entity:material:ceramic
entity:artifact:2:204185,usesMaterial,entity:material:ceramic
entity:artifact:2:204186,usesMaterial,entity:material:earthenware
entity:artifact:2:204186,usesMaterial,entity:material:iron
entity:artifact:2:204196,usesMaterial,entity:material:textile
entity:artifact:2:204197,usesMaterial,entity:material:textile
entity:artifact:2:204198,usesMaterial,entity:material:bronze
entity:artifact:2:204199,usesMaterial,entity:material:bronze
entity:artifact:2:204200,usesMaterial,entity:material:bronze
entity:artifact:2:204203,usesMaterial,entity:material:ceramic
entity:artifact:2:204207,usesMaterial,entity:material:earthenware
entity:artifact:2:204207,usesMaterial,entity:material:pigment
entity:artifact:2:204208,usesMaterial,entity:material:earthenware
entity:artifact:2:204208,usesMaterial,entity:material:pigment
entity:artifact:2:204209,usesMaterial,entity:material:ceramic
entity:artifact:2:204210,usesMaterial,entity:material:ceramic
entity:artifact:2:204211,usesMaterial,entity:material:bronze
entity:artifact:2:204212,usesMaterial,entity:material:bronze
entity:artifact:2:204213,usesMaterial,entity:material:bronze
entity:artifact:2:204214,usesMaterial,entity:material:bronze
entity:artifact:2:204217,usesMaterial,entity:material:textile
entity:artifact:2:204219,usesMaterial,entity:material:textile
entity:artifact:2:204220,usesMaterial,entity:material:textile
entity:artifact:2:204228,usesMaterial,entity:material:earthenware
entity:artifact:2:204228,usesMaterial,entity:material:porcelain
entity:artifact:2:204232,usesMaterial,entity:material:bronze
entity:artifact:2:204233,usesMaterial,entity:material:bronze
entity:artifact:2:204233,usesMaterial,entity:material:gold
entity:artifact:2:204234,usesMaterial,entity:material:bronze
entity:artifact:2:204235,usesMaterial,entity:material:stone
entity:artifact:2:204236,usesMaterial,entity:material:stone
entity:artifact:2:204237,usesMaterial,entity:material:stone
entity:artifact:2:204238,usesMaterial,entity:material:nephrite
entity:artifact:2:204239,usesMaterial,entity:material:nephrite
entity:artifact:2:204240,usesMaterial,entity:material:nephrite
entity:artifact:2:204242,usesMaterial,entity:material:bronze
entity:artifact:2:204243,usesMaterial,entity:material:bronze
entity:artifact:2:204244,usesMaterial,entity:material:bronze
entity:artifact:2:204244,usesMaterial,entity:material:gold
entity:artifact:2:204245,usesMaterial,entity:material:bronze
entity:artifact:2:204245,usesMaterial,entity:material:gold
entity:artifact:2:204246,usesMaterial,entity:material:bronze
entity:artifact:2:204246,usesMaterial,entity:material:gold
entity:artifact:2:204247,usesMaterial,entity:material:gold
entity:artifact:2:204247,usesMaterial,entity:material:silver
entity:artifact:2:204248,usesMaterial,entity:material:stone
entity:artifact:2:204249,usesMaterial,entity:material:stone
entity:artifact:2:204250,usesMaterial,entity:material:stone
entity:artifact:2:204251,usesMaterial,entity:material:stone
entity:artifact:2:204252,usesMaterial,entity:material:bronze
entity:artifact:2:204253,usesMaterial,entity:material:bronze
entity:artifact:2:204254,usesMaterial,entity:material:bronze
entity:artifact:2:204255,usesMaterial,entity:material:bronze
entity:artifact:2:204255,usesMaterial,entity:material:gold
entity:artifact:2:204255,usesMaterial,entity:material:silver
entity:artifact:2:204255,usesMaterial,entity:material:stone
entity:artifact:2:204258,usesMaterial,entity:material:bronze
entity:artifact:2:204258,usesMaterial,entity:material:wood
entity:artifact:2:204259,usesMaterial,entity:material:bronze
entity:artifact:2:204260,usesMaterial,entity:material:bronze
entity:artifact:2:204261,usesMaterial,entity:material:stone
entity:artifact:2:204262,usesMaterial,entity:material:stone
entity:artifact:2:204265,usesMaterial,entity:material:bronze
entity:artifact:2:204265,usesMaterial,entity:material:gold
entity:artifact:2:204266,usesMaterial,entity:material:bone
entity:artifact:2:204266,usesMaterial,entity:material:nephrite
entity:artifact:2:204266,usesMaterial,entity:material:pigment
entity:artifact:2:204267,usesMaterial,entity:material:nephrite
entity:artifact:2:204267,usesMaterial,entity:material:pigment
entity:artifact:2:204268,usesMaterial,entity:material:nephrite
entity:artifact:2:204268,usesMaterial,entity:material:pigment
entity:artifact:2:204269,usesMaterial,entity:material:bronze
entity:artifact:2:204270,usesMaterial,entity:material:bronze
entity:artifact:2:204271,usesMaterial,entity:material:bronze
entity:artifact:2:204271,usesMaterial,entity:material:gold
entity:artifact:2:204271,usesMaterial,entity:material:shell
entity:artifact:2:204272,usesMaterial,entity:material:bronze
entity:artifact:2:204273,usesMaterial,entity:material:bronze
entity:artifact:2:204274,usesMaterial,entity:material:bronze
entity:artifact:2:204275,usesMaterial,entity:material:bronze
entity:artifact:2:204276,usesMaterial,entity:material:bronze
entity:artifact:2:204276,usesMaterial,entity:material:silver
entity:artifact:2:204276,usesMaterial,entity:material:stone
entity:artifact:2:204277,usesMaterial,entity:material:bronze
entity:artifact:2:204277,usesMaterial,entity:material:pigment
entity:artifact:2:204278,usesMaterial,entity:material:bronze
entity:artifact:2:204278,usesMaterial,entity:material:gold
entity:artifact:2:204279,usesMaterial,entity:material:bronze
entity:artifact:2:204279,usesMaterial,entity:material:stone
entity:artifact:2:204280,usesMaterial,entity:material:bronze
entity:artifact:2:204281,usesMaterial,entity:material:bronze
entity:artifact:2:204282,usesMaterial,entity:material:glass
entity:artifact:2:204282,usesMaterial,entity:material:gold
entity:artifact:2:204282,usesMaterial,entity:material:nephrite
entity:artifact:2:204283,usesMaterial,entity:material:bronze
entity:artifact:2:204283,usesMaterial,entity:material:gold
entity:artifact:2:204283,usesMaterial,entity:material:silver
entity:artifact:2:204284,usesMaterial,entity:material:ink
entity:artifact:2:204284,usesMaterial,entity:material:paper
entity:artifact:2:204285,usesMaterial,entity:material:stone
entity:artifact:2:204286,usesMaterial,entity:material:stone
entity:artifact:2:204287,usesMaterial,entity:material:nephrite
entity:artifact:2:204288,usesMaterial,entity:material:nephrite
entity:artifact:2:204288,usesMaterial,entity:material:pigment
entity:artifact:2:204289,usesMaterial,entity:material:bronze
entity:artifact:2:204289,usesMaterial,entity:material:gold
entity:artifact:2:204290,usesMaterial,entity:material:bronze
entity:artifact:2:204290,usesMaterial,entity:material:gold
entity:artifact:2:204292,usesMaterial,entity:material:stone
entity:artifact:2:204293,usesMaterial,entity:material:nephrite
entity:artifact:2:204294,usesMaterial,entity:material:nephrite
entity:artifact:2:204295,usesMaterial,entity:material:nephrite
entity:artifact:2:204296,usesMaterial,entity:material:bronze
entity:artifact:2:204296,usesMaterial,entity:material:glass
entity:artifact:2:204296,usesMaterial,entity:material:gold
entity:artifact:2:204296,usesMaterial,entity:material:silver
entity:artifact:2:204297,usesMaterial,entity:material:bronze
entity:artifact:2:204297,usesMaterial,entity:material:glass
entity:artifact:2:204297,usesMaterial,entity:material:gold
entity:artifact:2:204297,usesMaterial,entity:material:silver
entity:artifact:2:204298,usesMaterial,entity:material:bronze
entity:artifact:2:204298,usesMaterial,entity:material:silver
entity:artifact:2:204299,usesMaterial,entity:material:bronze
entity:artifact:2:204299,usesMaterial,entity:material:silver
entity:artifact:2:204300,usesMaterial,entity:material:bronze
entity:artifact:2:204300,usesMaterial,entity:material:gold
entity:artifact:2:204301,usesMaterial,entity:material:bronze
entity:artifact:2:204301,usesMaterial,entity:material:gold
entity:artifact:2:204302,usesMaterial,entity:material:bronze
entity:artifact:2:204302,usesMaterial,entity:material:gold
entity:artifact:2:204303,usesMaterial,entity:material:bronze
entity:artifact:2:204304,usesMaterial,entity:material:bronze
entity:artifact:2:204305,usesMaterial,entity:material:bronze
entity:artifact:2:204306,usesMaterial,entity:material:bronze
entity:artifact:2:204307,usesMaterial,entity:material:bronze
entity:artifact:2:204308,usesMaterial,entity:material:bronze
entity:artifact:2:204309,usesMaterial,entity:material:bronze
entity:artifact:2:204310,usesMaterial,entity:material:bronze
entity:artifact:2:204310,usesMaterial,entity:material:stone
entity:artifact:2:204311,usesMaterial,entity:material:bronze
entity:artifact:2:204312,usesMaterial,entity:material:bronze
entity:artifact:2:204313,usesMaterial,entity:material:bronze
entity:artifact:2:204314,usesMaterial,entity:material:bronze
entity:artifact:2:204315,usesMaterial,entity:material:bronze
entity:artifact:2:204316,usesMaterial,entity:material:bronze
entity:artifact:2:204316,usesMaterial,entity:material:glass
entity:artifact:2:204317,usesMaterial,entity:material:bronze
entity:artifact:2:204319,usesMaterial,entity:material:pigment
entity:artifact:2:204319,usesMaterial,entity:material:stone
entity:artifact:2:204320,usesMaterial,entity:material:pigment
entity:artifact:2:204320,usesMaterial,entity:material:stone
entity:artifact:2:204322,usesMaterial,entity:material:bronze
entity:artifact:2:204324,usesMaterial,entity:material:earthenware
entity:artifact:2:204324,usesMaterial,entity:material:pigment
entity:artifact:2:204325,usesMaterial,entity:material:earthenware
entity:artifact:2:204325,usesMaterial,entity:material:pigment
entity:artifact:2:204326,usesMaterial,entity:material:earthenware
entity:artifact:2:204326,usesMaterial,entity:material:pigment
entity:artifact:2:204327,usesMaterial,entity:material:amber
entity:artifact:2:204327,usesMaterial,entity:material:earthenware
entity:artifact:2:204327,usesMaterial,entity:material:metal
entity:artifact:2:204328,usesMaterial,entity:material:amber
entity:artifact:2:204328,usesMaterial,entity:material:earthenware
entity:artifact:2:204328,usesMaterial,entity:material:metal
entity:artifact:2:204343,usesMaterial,entity:material:bronze
entity:artifact:2:204344,usesMaterial,entity:material:bronze
entity:artifact:2:204345,usesMaterial,entity:material:bronze
entity:artifact:2:204346,usesMaterial,entity:material:bronze
entity:artifact:2:204347,usesMaterial,entity:material:bronze
entity:artifact:2:204347,usesMaterial,entity:material:copper
entity:artifact:2:204347,usesMaterial,entity:material:stone
entity:artifact:2:204348,usesMaterial,entity:material:bronze
entity:artifact:2:204349,usesMaterial,entity:material:bronze
entity:artifact:2:204350,usesMaterial,entity:material:bronze
entity:artifact:2:204351,usesMaterial,entity:material:bronze
entity:artifact:2:204352,usesMaterial,entity:material:stone
entity:artifact:2:204353,usesMaterial,entity:material:pigment
entity:artifact:2:204353,usesMaterial,entity:material:stone
entity:artifact:2:204354,usesMaterial,entity:material:pigment
entity:artifact:2:204354,usesMaterial,entity:material:stone
entity:artifact:2:204355,usesMaterial,entity:material:pigment
entity:artifact:2:204355,usesMaterial,entity:material:stone
entity:artifact:2:204356,usesMaterial,entity:material:bronze
entity:artifact:2:204357,usesMaterial,entity:material:bronze
entity:artifact:2:204358,usesMaterial,entity:material:bronze
entity:artifact:2:204359,usesMaterial,entity:material:bronze
entity:artifact:2:204359,usesMaterial,entity:material:gold
entity:artifact:2:204360,usesMaterial,entity:material:bronze
entity:artifact:2:204361,usesMaterial,entity:material:bronze
entity:artifact:2:204362,usesMaterial,entity:material:bronze
entity:artifact:2:204362,usesMaterial,entity:material:copper
entity:artifact:2:204362,usesMaterial,entity:material:gold
entity:artifact:2:204362,usesMaterial,entity:material:silver
entity:artifact:2:204362,usesMaterial,entity:material:stone
entity:artifact:2:204363,usesMaterial,entity:material:stone
entity:artifact:2:204364,usesMaterial,entity:material:pigment
entity:artifact:2:204364,usesMaterial,entity:material:stone
entity:artifact:2:204365,usesMaterial,entity:material:pigment
entity:artifact:2:204365,usesMaterial,entity:material:stone
entity:artifact:2:204366,usesMaterial,entity:material:bronze
entity:artifact:2:204366,usesMaterial,entity:material:copper
entity:artifact:2:204367,usesMaterial,entity:material:bronze
entity:artifact:2:204367,usesMaterial,entity:material:gold
entity:artifact:2:204368,usesMaterial,entity:material:bronze
entity:artifact:2:204374,usesMaterial,entity:material:earthenware
entity:artifact:2:204375,usesMaterial,entity:material:porcelain
entity:artifact:2:204376,usesMaterial,entity:material:earthenware
entity:artifact:2:204376,usesMaterial,entity:material:lacquer
entity:artifact:2:204376,usesMaterial,entity:material:metal
entity:artifact:2:204376,usesMaterial,entity:material:pigment
entity:artifact:2:204377,usesMaterial,entity:material:ceramic
entity:artifact:2:204377,usesMaterial,entity:material:horn
entity:artifact:2:204377,usesMaterial,entity:material:metal
entity:artifact:2:204378,usesMaterial,entity:material:lacquer
entity:artifact:2:204379,usesMaterial,entity:material:glass
entity:artifact:2:204379,usesMaterial,entity:material:metal
entity:artifact:2:204379,usesMaterial,entity:material:pigment
entity:artifact:2:204381,usesMaterial,entity:material:bone
entity:artifact:2:204383,usesMaterial,entity:material:metal
entity:artifact:2:204384,usesMaterial,entity:material:earthenware
entity:artifact:2:204384,usesMaterial,entity:material:pigment
entity:artifact:2:204386,usesMaterial,entity:material:bronze
entity:artifact:2:204386,usesMaterial,entity:material:stone
entity:artifact:2:204387,usesMaterial,entity:material:bronze
entity:artifact:2:204387,usesMaterial,entity:material:gold
entity:artifact:2:204388,usesMaterial,entity:material:bronze
entity:artifact:2:204389,usesMaterial,entity:material:glass
entity:artifact:2:204389,usesMaterial,entity:material:gold
entity:artifact:2:204389,usesMaterial,entity:material:nephrite
entity:artifact:2:204389,usesMaterial,entity:material:silver
entity:artifact:2:204390,usesMaterial,entity:material:bronze
entity:artifact:2:204392,usesMaterial,entity:material:nephrite
entity:artifact:2:204393,usesMaterial,entity:material:bronze
entity:artifact:2:204394,usesMaterial,entity:material:bronze
entity:artifact:2:204395,usesMaterial,entity:material:bronze
entity:artifact:2:204395,usesMaterial,entity:material:gold
entity:artifact:2:204396,usesMaterial,entity:material:gold
entity:artifact:2:204396,usesMaterial,entity:material:silver
entity:artifact:2:204398,usesMaterial,entity:material:gold
entity:artifact:2:204398,usesMaterial,entity:material:silver
entity:artifact:2:204398,usesMaterial,entity:material:stone
entity:artifact:2:204399,usesMaterial,entity:material:bronze
entity:artifact:2:204399,usesMaterial,entity:material:gold
entity:artifact:2:204400,usesMaterial,entity:material:bronze
entity:artifact:2:204400,usesMaterial,entity:material:gold
entity:artifact:2:204401,usesMaterial,entity:material:bronze
entity:artifact:2:204401,usesMaterial,entity:material:gold
entity:artifact:2:204402,usesMaterial,entity:material:ivory
entity:artifact:2:204402,usesMaterial,entity:material:porcelain
entity:artifact:2:204403,usesMaterial,entity:material:porcelain
entity:artifact:2:204407,usesMaterial,entity:material:earthenware
entity:artifact:2:204408,usesMaterial,entity:material:porcelain
entity:artifact:2:204409,usesMaterial,entity:material:earthenware
entity:artifact:2:204410,usesMaterial,entity:material:bamboo
entity:artifact:2:204412,usesMaterial,entity:material:bronze
entity:artifact:2:204412,usesMaterial,entity:material:enamel
entity:artifact:2:204413,usesMaterial,entity:material:amber
entity:artifact:2:204413,usesMaterial,entity:material:earthenware
entity:artifact:2:204413,usesMaterial,entity:material:iron
entity:artifact:2:204413,usesMaterial,entity:material:metal
entity:artifact:2:204414,usesMaterial,entity:material:bronze
entity:artifact:2:204415,usesMaterial,entity:material:bronze
entity:artifact:2:204415,usesMaterial,entity:material:gold
entity:artifact:2:204415,usesMaterial,entity:material:silver
entity:artifact:2:204416,usesMaterial,entity:material:iron
entity:artifact:2:204416,usesMaterial,entity:material:nephrite
entity:artifact:2:204417,usesMaterial,entity:material:bronze
entity:artifact:2:204417,usesMaterial,entity:material:gold
entity:artifact:2:204418,usesMaterial,entity:material:bronze
entity:artifact:2:204418,usesMaterial,entity:material:gold
entity:artifact:2:204421,usesMaterial,entity:material:bronze
entity:artifact:2:204421,usesMaterial,entity:material:gold
entity:artifact:2:204422,usesMaterial,entity:material:stone
entity:artifact:2:204423,usesMaterial,entity:material:pigment
entity:artifact:2:204423,usesMaterial,entity:material:stone
entity:artifact:2:204424,usesMaterial,entity:material:stone
entity:artifact:2:204425,usesMaterial,entity:material:stone
entity:artifact:2:204426,usesMaterial,entity:material:pigment
entity:artifact:2:204426,usesMaterial,entity:material:stone
entity:artifact:2:204427,usesMaterial,entity:material:pigment
entity:artifact:2:204427,usesMaterial,entity:material:stone
entity:artifact:2:204429,usesMaterial,entity:material:stone
entity:artifact:2:204430,usesMaterial,entity:material:stone
entity:artifact:2:204431,usesMaterial,entity:material:stone
entity:artifact:2:204432,usesMaterial,entity:material:stone
entity:artifact:2:204434,usesMaterial,entity:material:bronze
entity:artifact:2:204434,usesMaterial,entity:material:gold
entity:artifact:2:204435,usesMaterial,entity:material:bronze
entity:artifact:2:204435,usesMaterial,entity:material:gold
entity:artifact:2:204436,usesMaterial,entity:material:bronze
entity:artifact:2:204436,usesMaterial,entity:material:gold
entity:artifact:2:204440,usesMaterial,entity:material:stone
entity:artifact:2:204441,usesMaterial,entity:material:stone
entity:artifact:2:204442,usesMaterial,entity:material:bronze
entity:artifact:2:204443,usesMaterial,entity:material:bronze
entity:artifact:2:204444,usesMaterial,entity:material:bronze
entity:artifact:2:204445,usesMaterial,entity:material:bronze
entity:artifact:2:204445,usesMaterial,entity:material:stone
entity:artifact:2:204447,usesMaterial,entity:material:bronze
entity:artifact:2:204448,usesMaterial,entity:material:bronze
entity:artifact:2:204449,usesMaterial,entity:material:bronze
entity:artifact:2:204450,usesMaterial,entity:material:bronze
entity:artifact:2:204450,usesMaterial,entity:material:glass
entity:artifact:2:204450,usesMaterial,entity:material:gold
entity:artifact:2:204451,usesMaterial,entity:material:bronze
entity:artifact:2:204451,usesMaterial,entity:material:glass
entity:artifact:2:204451,usesMaterial,entity:material:gold
entity:artifact:2:204452,usesMaterial,entity:material:bronze
entity:artifact:2:204452,usesMaterial,entity:material:gold
entity:artifact:2:204455,usesMaterial,entity:material:bronze
entity:artifact:2:204455,usesMaterial,entity:material:gold
entity:artifact:2:204455,usesMaterial,entity:material:shell
entity:artifact:2:204455,usesMaterial,entity:material:stone
entity:artifact:2:204457,usesMaterial,entity:material:bronze
entity:artifact:2:204458,usesMaterial,entity:material:pigment
entity:artifact:2:204458,usesMaterial,entity:material:stone
entity:artifact:2:204459,usesMaterial,entity:material:gold
entity:artifact:2:204459,usesMaterial,entity:material:silver
entity:artifact:2:204459,usesMaterial,entity:material:stone
entity:artifact:2:204460,usesMaterial,entity:material:gold
entity:artifact:2:204460,usesMaterial,entity:material:silver
entity:artifact:2:204461,usesMaterial,entity:material:bronze
entity:artifact:2:204461,usesMaterial,entity:material:gold
entity:artifact:2:204461,usesMaterial,entity:material:shell
entity:artifact:2:204462,usesMaterial,entity:material:bronze
entity:artifact:2:204462,usesMaterial,entity:material:gold
entity:artifact:2:204462,usesMaterial,entity:material:shell
entity:artifact:2:204463,usesMaterial,entity:material:bronze
entity:artifact:2:204464,usesMaterial,entity:material:bronze
entity:artifact:2:204464,usesMaterial,entity:material:gold
entity:artifact:2:204465,usesMaterial,entity:material:bronze
entity:artifact:2:204465,usesMaterial,entity:material:silver
entity:artifact:2:204466,usesMaterial,entity:material:bronze
entity:artifact:2:204467,usesMaterial,entity:material:amber
entity:artifact:2:204467,usesMaterial,entity:material:shell
entity:artifact:2:204468,usesMaterial,entity:material:stone
entity:artifact:2:204469,usesMaterial,entity:material:nephrite
entity:artifact:2:204469,usesMaterial,entity:material:stone
entity:artifact:2:204470,usesMaterial,entity:material:nephrite
entity:artifact:2:204471,usesMaterial,entity:material:stone
entity:artifact:2:204473,usesMaterial,entity:material:bronze
entity:artifact:2:204473,usesMaterial,entity:material:gold
entity:artifact:2:204474,usesMaterial,entity:material:bronze
entity:artifact:2:204475,usesMaterial,entity:material:bronze
entity:artifact:2:204476,usesMaterial,entity:material:bronze
entity:artifact:2:204477,usesMaterial,entity:material:nephrite
entity:artifact:2:204478,usesMaterial,entity:material:bronze
entity:artifact:2:204479,usesMaterial,entity:material:bronze
entity:artifact:2:204480,usesMaterial,entity:material:bone
entity:artifact:2:204480,usesMaterial,entity:material:jade
entity:artifact:2:204480,usesMaterial,entity:material:pigment
entity:artifact:2:204481,usesMaterial,entity:material:nephrite
entity:artifact:2:204482,usesMaterial,entity:material:nephrite
entity:artifact:2:204482,usesMaterial,entity:material:pigment
entity:artifact:2:204483,usesMaterial,entity:material:bone
entity:artifact:2:204483,usesMaterial,entity:material:nephrite
entity:artifact:2:204483,usesMaterial,entity:material:pigment
entity:artifact:2:204484,usesMaterial,entity:material:bone
entity:artifact:2:204484,usesMaterial,entity:material:nephrite
entity:artifact:2:204484,usesMaterial,entity:material:pigment
entity:artifact:2:204485,usesMaterial,entity:material:bone
entity:artifact:2:204485,usesMaterial,entity:material:nephrite
entity:artifact:2:204485,usesMaterial,entity:material:pigment
entity:artifact:2:204486,usesMaterial,entity:material:stone
entity:artifact:2:204487,usesMaterial,entity:material:nephrite
entity:artifact:2:204488,usesMaterial,entity:material:nephrite
entity:artifact:2:204488,usesMaterial,entity:material:pigment
entity:artifact:2:204489,usesMaterial,entity:material:nephrite
entity:artifact:2:204490,usesMaterial,entity:material:nephrite
entity:artifact:2:204491,usesMaterial,entity:material:ivory
entity:artifact:2:204491,usesMaterial,entity:material:nephrite
entity:artifact:2:204491,usesMaterial,entity:material:pigment
entity:artifact:2:204492,usesMaterial,entity:material:porcelain
entity:artifact:2:204493,usesMaterial,entity:material:porcelain
entity:artifact:2:204495,usesMaterial,entity:material:stone
entity:artifact:2:204496,usesMaterial,entity:material:enamel
entity:artifact:2:204496,usesMaterial,entity:material:porcelain
entity:artifact:2:204497,usesMaterial,entity:material:porcelain
entity:artifact:2:204498,usesMaterial,entity:material:stone
entity:artifact:2:204499,usesMaterial,entity:material:ivory
entity:artifact:2:204499,usesMaterial,entity:material:pigment
entity:artifact:2:204501,usesMaterial,entity:material:nephrite
entity:artifact:2:204502,usesMaterial,entity:material:jade
entity:artifact:2:204502,usesMaterial,entity:material:nephrite
entity:artifact:2:204503,usesMaterial,entity:material:jade
entity:artifact:2:204503,usesMaterial,entity:material:nephrite
entity:artifact:2:204504,usesMaterial,entity:material:gold
entity:artifact:2:204506,usesMaterial,entity:material:bronze
entity:artifact:2:204506,usesMaterial,entity:material:stone
entity:artifact:2:204507,usesMaterial,entity:material:bronze
entity:artifact:2:204508,usesMaterial,entity:material:porcelain
entity:artifact:2:204509,usesMaterial,entity:material:enamel
entity:artifact:2:204509,usesMaterial,entity:material:porcelain
entity:artifact:2:204510,usesMaterial,entity:material:porcelain
entity:artifact:2:204511,usesMaterial,entity:material:porcelain
entity:artifact:2:204512,usesMaterial,entity:material:nephrite
entity:artifact:2:204513,usesMaterial,entity:material:nephrite
entity:artifact:2:204514,usesMaterial,entity:material:enamel
entity:artifact:2:204514,usesMaterial,entity:material:gold
entity:artifact:2:204514,usesMaterial,entity:material:porcelain
entity:artifact:2:204515,usesMaterial,entity:material:porcelain
entity:artifact:2:204517,usesMaterial,entity:material:porcelain
entity:artifact:2:204521,usesMaterial,entity:material:stone
entity:artifact:2:204522,usesMaterial,entity:material:stone
entity:artifact:2:204523,usesMaterial,entity:material:stone
entity:artifact:2:204524,usesMaterial,entity:material:nephrite
entity:artifact:2:204525,usesMaterial,entity:material:nephrite
entity:artifact:2:204526,usesMaterial,entity:material:nephrite
entity:artifact:2:204527,usesMaterial,entity:material:stone
entity:artifact:2:204528,usesMaterial,entity:material:nephrite
entity:artifact:2:204529,usesMaterial,entity:material:nephrite
entity:artifact:2:204530,usesMaterial,entity:material:stone
entity:artifact:2:204531,usesMaterial,entity:material:nephrite
entity:artifact:2:204531,usesMaterial,entity:material:pigment
entity:artifact:2:204532,usesMaterial,entity:material:nephrite
entity:artifact:2:204532,usesMaterial,entity:material:pigment
entity:artifact:2:204533,usesMaterial,entity:material:nephrite
entity:artifact:2:204533,usesMaterial,entity:material:porcelain
entity:artifact:2:204534,usesMaterial,entity:material:nephrite
entity:artifact:2:204535,usesMaterial,entity:material:nephrite
entity:artifact:2:204536,usesMaterial,entity:material:nephrite
entity:artifact:2:204537,usesMaterial,entity:material:stone
entity:artifact:2:204538,usesMaterial,entity:material:jade
entity:artifact:2:204538,usesMaterial,entity:material:pigment
entity:artifact:2:204539,usesMaterial,entity:material:pigment
entity:artifact:2:204539,usesMaterial,entity:material:stone
entity:artifact:2:204540,usesMaterial,entity:material:nephrite
entity:artifact:2:204540,usesMaterial,entity:material:pigment
entity:artifact:2:204541,usesMaterial,entity:material:ivory
entity:artifact:2:204541,usesMaterial,entity:material:nephrite
entity:artifact:2:204541,usesMaterial,entity:material:pigment
entity:artifact:2:204542,usesMaterial,entity:material:pigment
entity:artifact:2:204542,usesMaterial,entity:material:stone
entity:artifact:2:204543,usesMaterial,entity:material:nephrite
entity:artifact:2:204544,usesMaterial,entity:material:nephrite
entity:artifact:2:204545,usesMaterial,entity:material:nephrite
entity:artifact:2:204546,usesMaterial,entity:material:stone
entity:artifact:2:204547,usesMaterial,entity:material:nephrite
entity:artifact:2:204547,usesMaterial,entity:material:porcelain
entity:artifact:2:204548,usesMaterial,entity:material:nephrite
entity:artifact:2:204548,usesMaterial,entity:material:pigment
entity:artifact:2:204549,usesMaterial,entity:material:nephrite
entity:artifact:2:204549,usesMaterial,entity:material:pigment
entity:artifact:2:204550,usesMaterial,entity:material:bronze
entity:artifact:2:204550,usesMaterial,entity:material:jade
entity:artifact:2:204550,usesMaterial,entity:material:silver
entity:artifact:2:204552,usesMaterial,entity:material:nephrite
entity:artifact:2:204553,usesMaterial,entity:material:nephrite
entity:artifact:2:204553,usesMaterial,entity:material:porcelain
entity:artifact:2:204554,usesMaterial,entity:material:nephrite
entity:artifact:2:204555,usesMaterial,entity:material:nephrite
entity:artifact:2:204557,usesMaterial,entity:material:bone
entity:artifact:2:204557,usesMaterial,entity:material:bronze
entity:artifact:2:204557,usesMaterial,entity:material:nephrite
entity:artifact:2:204557,usesMaterial,entity:material:pigment
entity:artifact:2:204558,usesMaterial,entity:material:bronze
entity:artifact:2:204558,usesMaterial,entity:material:nephrite
entity:artifact:2:204559,usesMaterial,entity:material:bronze
entity:artifact:2:204559,usesMaterial,entity:material:nephrite
entity:artifact:2:204559,usesMaterial,entity:material:pigment
entity:artifact:2:204559,usesMaterial,entity:material:stone
entity:artifact:2:204560,usesMaterial,entity:material:bronze
entity:artifact:2:204560,usesMaterial,entity:material:nephrite
entity:artifact:2:204561,usesMaterial,entity:material:bronze
entity:artifact:2:204561,usesMaterial,entity:material:nephrite
entity:artifact:2:204561,usesMaterial,entity:material:stone
entity:artifact:2:204562,usesMaterial,entity:material:bronze
entity:artifact:2:204562,usesMaterial,entity:material:gold
entity:artifact:2:204562,usesMaterial,entity:material:nephrite
entity:artifact:2:204562,usesMaterial,entity:material:stone
entity:artifact:2:204563,usesMaterial,entity:material:bone
entity:artifact:2:204563,usesMaterial,entity:material:bronze
entity:artifact:2:204563,usesMaterial,entity:material:nephrite
entity:artifact:2:204563,usesMaterial,entity:material:pigment
entity:artifact:2:204563,usesMaterial,entity:material:stone
entity:artifact:2:204564,usesMaterial,entity:material:bone
entity:artifact:2:204564,usesMaterial,entity:material:bronze
entity:artifact:2:204564,usesMaterial,entity:material:gold
entity:artifact:2:204564,usesMaterial,entity:material:nephrite
entity:artifact:2:204564,usesMaterial,entity:material:pigment
entity:artifact:2:204565,usesMaterial,entity:material:bronze
entity:artifact:2:204566,usesMaterial,entity:material:bronze
entity:artifact:2:204567,usesMaterial,entity:material:bronze
entity:artifact:2:204568,usesMaterial,entity:material:stone
entity:artifact:2:204569,usesMaterial,entity:material:nephrite
entity:artifact:2:204570,usesMaterial,entity:material:stone
entity:artifact:2:204571,usesMaterial,entity:material:nephrite
entity:artifact:2:204572,usesMaterial,entity:material:nephrite
entity:artifact:2:204573,usesMaterial,entity:material:nephrite
entity:artifact:2:204574,usesMaterial,entity:material:ivory
entity:artifact:2:204574,usesMaterial,entity:material:nephrite
entity:artifact:2:204574,usesMaterial,entity:material:pigment
entity:artifact:2:204575,usesMaterial,entity:material:nephrite
entity:artifact:2:204576,usesMaterial,entity:material:nephrite
entity:artifact:2:204577,usesMaterial,entity:material:nephrite
entity:artifact:2:204578,usesMaterial,entity:material:stone
entity:artifact:2:204579,usesMaterial,entity:material:stone
entity:artifact:2:204580,usesMaterial,entity:material:nephrite
entity:artifact:2:204581,usesMaterial,entity:material:pigment
entity:artifact:2:204581,usesMaterial,entity:material:stone
entity:artifact:2:204582,usesMaterial,entity:material:gold
entity:artifact:2:204582,usesMaterial,entity:material:nephrite
entity:artifact:2:204583,usesMaterial,entity:material:nephrite
entity:artifact:2:204584,usesMaterial,entity:material:nephrite
entity:artifact:2:204585,usesMaterial,entity:material:nephrite
entity:artifact:2:204586,usesMaterial,entity:material:bone
entity:artifact:2:204586,usesMaterial,entity:material:pigment
entity:artifact:2:204586,usesMaterial,entity:material:stone
entity:artifact:2:204587,usesMaterial,entity:material:bronze
entity:artifact:2:204587,usesMaterial,entity:material:nephrite
entity:artifact:2:204587,usesMaterial,entity:material:stone
entity:artifact:2:204588,usesMaterial,entity:material:bronze
entity:artifact:2:204588,usesMaterial,entity:material:nephrite
entity:artifact:2:204588,usesMaterial,entity:material:stone
entity:artifact:2:204589,usesMaterial,entity:material:bronze
entity:artifact:2:204589,usesMaterial,entity:material:nephrite
entity:artifact:2:204589,usesMaterial,entity:material:stone
entity:artifact:2:204590,usesMaterial,entity:material:bronze
entity:artifact:2:204590,usesMaterial,entity:material:nephrite
entity:artifact:2:204590,usesMaterial,entity:material:porcelain
entity:artifact:2:204591,usesMaterial,entity:material:bronze
entity:artifact:2:204591,usesMaterial,entity:material:nephrite
entity:artifact:2:204592,usesMaterial,entity:material:bronze
entity:artifact:2:204592,usesMaterial,entity:material:nephrite
entity:artifact:2:204592,usesMaterial,entity:material:stone
entity:artifact:2:204593,usesMaterial,entity:material:bronze
entity:artifact:2:204593,usesMaterial,entity:material:nephrite
entity:artifact:2:204593,usesMaterial,entity:material:stone
entity:artifact:2:204594,usesMaterial,entity:material:bone
entity:artifact:2:204594,usesMaterial,entity:material:bronze
entity:artifact:2:204594,usesMaterial,entity:material:nephrite
entity:artifact:2:204594,usesMaterial,entity:material:pigment
entity:artifact:2:204595,usesMaterial,entity:material:bronze
entity:artifact:2:204595,usesMaterial,entity:material:nephrite
entity:artifact:2:204595,usesMaterial,entity:material:stone
entity:artifact:2:204596,usesMaterial,entity:material:bronze
entity:artifact:2:204596,usesMaterial,entity:material:gold
entity:artifact:2:204596,usesMaterial,entity:material:wood
entity:artifact:2:204597,usesMaterial,entity:material:bronze
entity:artifact:2:204597,usesMaterial,entity:material:stone
entity:artifact:2:204598,usesMaterial,entity:material:bronze
entity:artifact:2:204598,usesMaterial,entity:material:stone
entity:artifact:2:204599,usesMaterial,entity:material:nephrite
entity:artifact:2:204600,usesMaterial,entity:material:nephrite
entity:artifact:2:204602,usesMaterial,entity:material:glass
entity:artifact:2:204603,usesMaterial,entity:material:nephrite
entity:artifact:2:204604,usesMaterial,entity:material:nephrite
entity:artifact:2:204605,usesMaterial,entity:material:stone
entity:artifact:2:204606,usesMaterial,entity:material:stone
entity:artifact:2:204607,usesMaterial,entity:material:jade
entity:artifact:2:204608,usesMaterial,entity:material:nephrite
entity:artifact:2:204609,usesMaterial,entity:material:nephrite
entity:artifact:2:204609,usesMaterial,entity:material:porcelain
entity:artifact:2:204610,usesMaterial,entity:material:nephrite
entity:artifact:2:204611,usesMaterial,entity:material:pigment
entity:artifact:2:204611,usesMaterial,entity:material:stone
entity:artifact:2:204612,usesMaterial,entity:material:nephrite
entity:artifact:2:204613,usesMaterial,entity:material:bronze
entity:artifact:2:204613,usesMaterial,entity:material:nephrite
entity:artifact:2:204613,usesMaterial,entity:material:stone
entity:artifact:2:204614,usesMaterial,entity:material:bronze
entity:artifact:2:204614,usesMaterial,entity:material:nephrite
entity:artifact:2:204615,usesMaterial,entity:material:bronze
entity:artifact:2:204615,usesMaterial,entity:material:nephrite
entity:artifact:2:204616,usesMaterial,entity:material:bronze
entity:artifact:2:204616,usesMaterial,entity:material:nephrite
entity:artifact:2:204616,usesMaterial,entity:material:stone
entity:artifact:2:204617,usesMaterial,entity:material:bronze
entity:artifact:2:204617,usesMaterial,entity:material:gold
entity:artifact:2:204617,usesMaterial,entity:material:nephrite
entity:artifact:2:204618,usesMaterial,entity:material:bronze
entity:artifact:2:204618,usesMaterial,entity:material:stone
entity:artifact:2:204619,usesMaterial,entity:material:bronze
entity:artifact:2:204619,usesMaterial,entity:material:stone
entity:artifact:2:204620,usesMaterial,entity:material:bronze
entity:artifact:2:204620,usesMaterial,entity:material:stone
entity:artifact:2:204621,usesMaterial,entity:material:bronze
entity:artifact:2:204621,usesMaterial,entity:material:stone
entity:artifact:2:204622,usesMaterial,entity:material:bronze
entity:artifact:2:204623,usesMaterial,entity:material:bronze
entity:artifact:2:204624,usesMaterial,entity:material:bronze
entity:artifact:2:204625,usesMaterial,entity:material:stone
entity:artifact:2:204626,usesMaterial,entity:material:bronze
entity:artifact:2:204626,usesMaterial,entity:material:gold
entity:artifact:2:204627,usesMaterial,entity:material:bronze
entity:artifact:2:204627,usesMaterial,entity:material:gold
entity:artifact:2:204627,usesMaterial,entity:material:silver
entity:artifact:2:204628,usesMaterial,entity:material:stone
entity:artifact:2:204630,usesMaterial,entity:material:nephrite
entity:artifact:2:204631,usesMaterial,entity:material:nephrite
entity:artifact:2:204631,usesMaterial,entity:material:pigment
entity:artifact:2:204632,usesMaterial,entity:material:nephrite
entity:artifact:2:204633,usesMaterial,entity:material:bronze
entity:artifact:2:204633,usesMaterial,entity:material:silver
entity:artifact:2:204634,usesMaterial,entity:material:bronze
entity:artifact:2:204634,usesMaterial,entity:material:silver
entity:artifact:2:204635,usesMaterial,entity:material:bronze
entity:artifact:2:204635,usesMaterial,entity:material:gold
entity:artifact:2:204636,usesMaterial,entity:material:bronze
entity:artifact:2:204636,usesMaterial,entity:material:gold
entity:artifact:2:204636,usesMaterial,entity:material:silver
entity:artifact:2:204637,usesMaterial,entity:material:bronze
entity:artifact:2:204637,usesMaterial,entity:material:gold
entity:artifact:2:204638,usesMaterial,entity:material:bronze
entity:artifact:2:204638,usesMaterial,entity:material:gold
entity:artifact:2:204639,usesMaterial,entity:material:bronze
entity:artifact:2:204639,usesMaterial,entity:material:stone
entity:artifact:2:204640,usesMaterial,entity:material:bronze
entity:artifact:2:204641,usesMaterial,entity:material:bronze
entity:artifact:2:204642,usesMaterial,entity:material:bronze
entity:artifact:2:204643,usesMaterial,entity:material:nephrite
entity:artifact:2:204644,usesMaterial,entity:material:stone
entity:artifact:2:204645,usesMaterial,entity:material:nephrite
entity:artifact:2:204646,usesMaterial,entity:material:bronze
entity:artifact:2:204647,usesMaterial,entity:material:bronze
entity:artifact:2:204647,usesMaterial,entity:material:gold
entity:artifact:2:204648,usesMaterial,entity:material:bronze
entity:artifact:2:204648,usesMaterial,entity:material:gold
entity:artifact:2:204648,usesMaterial,entity:material:silver
entity:artifact:2:204649,usesMaterial,entity:material:bronze
entity:artifact:2:204649,usesMaterial,entity:material:gold
entity:artifact:2:204649,usesMaterial,entity:material:silver
entity:artifact:2:204650,usesMaterial,entity:material:bronze
entity:artifact:2:204650,usesMaterial,entity:material:gold
entity:artifact:2:204651,usesMaterial,entity:material:bronze
entity:artifact:2:204651,usesMaterial,entity:material:stone
entity:artifact:2:204652,usesMaterial,entity:material:bronze
entity:artifact:2:204652,usesMaterial,entity:material:gold
entity:artifact:2:204653,usesMaterial,entity:material:nephrite
entity:artifact:2:204654,usesMaterial,entity:material:bronze
entity:artifact:2:204654,usesMaterial,entity:material:stone
entity:artifact:2:204654,usesMaterial,entity:material:textile
entity:artifact:2:204655,usesMaterial,entity:material:bronze
entity:artifact:2:204655,usesMaterial,entity:material:stone
entity:artifact:2:204656,usesMaterial,entity:material:bronze
entity:artifact:2:204656,usesMaterial,entity:material:gold
entity:artifact:2:204657,usesMaterial,entity:material:bronze
entity:artifact:2:204657,usesMaterial,entity:material:gold
entity:artifact:2:204657,usesMaterial,entity:material:nephrite
entity:artifact:2:204657,usesMaterial,entity:material:stone
entity:artifact:2:204658,usesMaterial,entity:material:glass
entity:artifact:2:204658,usesMaterial,entity:material:gold
entity:artifact:2:204659,usesMaterial,entity:material:bronze
entity:artifact:2:204659,usesMaterial,entity:material:gold
entity:artifact:2:204659,usesMaterial,entity:material:stone
entity:artifact:2:204660,usesMaterial,entity:material:bronze
entity:artifact:2:204660,usesMaterial,entity:material:gold
entity:artifact:2:204660,usesMaterial,entity:material:stone
entity:artifact:2:204661,usesMaterial,entity:material:glass
entity:artifact:2:204661,usesMaterial,entity:material:gold
entity:artifact:2:204661,usesMaterial,entity:material:nephrite
entity:artifact:2:204662,usesMaterial,entity:material:bronze
entity:artifact:2:204662,usesMaterial,entity:material:glass
entity:artifact:2:204662,usesMaterial,entity:material:gold
entity:artifact:2:204662,usesMaterial,entity:material:jade
entity:artifact:2:204662,usesMaterial,entity:material:silver
entity:artifact:2:204662,usesMaterial,entity:material:stone
entity:artifact:2:204663,usesMaterial,entity:material:nephrite
entity:artifact:2:204664,usesMaterial,entity:material:nephrite
entity:artifact:2:204665,usesMaterial,entity:material:nephrite
entity:artifact:2:204666,usesMaterial,entity:material:stone
entity:artifact:2:204668,usesMaterial,entity:material:copper
entity:artifact:2:204668,usesMaterial,entity:material:nephrite
entity:artifact:2:204668,usesMaterial,entity:material:stone
entity:artifact:2:204669,usesMaterial,entity:material:bronze
entity:artifact:2:204670,usesMaterial,entity:material:bronze
entity:artifact:2:204671,usesMaterial,entity:material:bronze
entity:artifact:2:204673,usesMaterial,entity:material:bronze
entity:artifact:2:204673,usesMaterial,entity:material:gold
entity:artifact:2:204673,usesMaterial,entity:material:silver
entity:artifact:2:204674,usesMaterial,entity:material:bronze
entity:artifact:2:204674,usesMaterial,entity:material:gold
entity:artifact:2:204674,usesMaterial,entity:material:silver
entity:artifact:2:204675,usesMaterial,entity:material:bronze
entity:artifact:2:204675,usesMaterial,entity:material:stone
entity:artifact:2:204676,usesMaterial,entity:material:iron
entity:artifact:2:204677,usesMaterial,entity:material:bronze
entity:artifact:2:204677,usesMaterial,entity:material:gold
entity:artifact:2:204677,usesMaterial,entity:material:shell
entity:artifact:2:204678,usesMaterial,entity:material:glass
entity:artifact:2:204678,usesMaterial,entity:material:gold
entity:artifact:2:204679,usesMaterial,entity:material:bronze
entity:artifact:2:204680,usesMaterial,entity:material:bronze
entity:artifact:2:204681,usesMaterial,entity:material:nephrite
entity:artifact:2:204681,usesMaterial,entity:material:pigment
entity:artifact:2:204682,usesMaterial,entity:material:nephrite
entity:artifact:2:204682,usesMaterial,entity:material:pigment
entity:artifact:2:204683,usesMaterial,entity:material:nephrite
entity:artifact:2:204683,usesMaterial,entity:material:pigment
entity:artifact:2:204684,usesMaterial,entity:material:nephrite
entity:artifact:2:204684,usesMaterial,entity:material:pigment
entity:artifact:2:204685,usesMaterial,entity:material:nephrite
entity:artifact:2:204686,usesMaterial,entity:material:nephrite
entity:artifact:2:204687,usesMaterial,entity:material:nephrite
entity:artifact:2:204688,usesMaterial,entity:material:enamel
entity:artifact:2:204688,usesMaterial,entity:material:porcelain
entity:artifact:2:204689,usesMaterial,entity:material:porcelain
entity:artifact:2:204690,usesMaterial,entity:material:enamel
entity:artifact:2:204690,usesMaterial,entity:material:gold
entity:artifact:2:204690,usesMaterial,entity:material:porcelain
entity:artifact:2:204691,usesMaterial,entity:material:porcelain
entity:artifact:2:204692,usesMaterial,entity:material:enamel
entity:artifact:2:204692,usesMaterial,entity:material:porcelain
entity:artifact:2:204693,usesMaterial,entity:material:porcelain
entity:artifact:2:204694,usesMaterial,entity:material:enamel
entity:artifact:2:204694,usesMaterial,entity:material:gold
entity:artifact:2:204694,usesMaterial,entity:material:porcelain
entity:artifact:2:204695,usesMaterial,entity:material:nephrite
entity:artifact:2:204696,usesMaterial,entity:material:enamel
entity:artifact:2:204696,usesMaterial,entity:material:porcelain
entity:artifact:2:204697,usesMaterial,entity:material:enamel
entity:artifact:2:204697,usesMaterial,entity:material:porcelain
entity:artifact:2:204702,usesMaterial,entity:material:stone
entity:artifact:2:204703,usesMaterial,entity:material:nephrite
entity:artifact:2:204703,usesMaterial,entity:material:pigment
entity:artifact:2:204704,usesMaterial,entity:material:nephrite
entity:artifact:2:204705,usesMaterial,entity:material:nephrite
entity:artifact:2:204706,usesMaterial,entity:material:nephrite
entity:artifact:2:204707,usesMaterial,entity:material:nephrite
entity:artifact:2:204707,usesMaterial,entity:material:porcelain
entity:artifact:2:204708,usesMaterial,entity:material:nephrite
entity:artifact:2:204708,usesMaterial,entity:material:porcelain
entity:artifact:2:204709,usesMaterial,entity:material:nephrite
entity:artifact:2:204710,usesMaterial,entity:material:nephrite
entity:artifact:2:204711,usesMaterial,entity:material:stone
entity:artifact:2:204712,usesMaterial,entity:material:nephrite
entity:artifact:2:204712,usesMaterial,entity:material:porcelain
entity:artifact:2:204714,usesMaterial,entity:material:enamel
entity:artifact:2:204714,usesMaterial,entity:material:porcelain
entity:artifact:2:204715,usesMaterial,entity:material:porcelain
entity:artifact:2:204716,usesMaterial,entity:material:enamel
entity:artifact:2:204716,usesMaterial,entity:material:porcelain
entity:artifact:2:204717,usesMaterial,entity:material:enamel
entity:artifact:2:204717,usesMaterial,entity:material:porcelain
entity:artifact:2:204718,usesMaterial,entity:material:porcelain
entity:artifact:2:204719,usesMaterial,entity:material:porcelain
entity:artifact:2:204720,usesMaterial,entity:material:enamel
entity:artifact:2:204720,usesMaterial,entity:material:porcelain
entity:artifact:2:204721,usesMaterial,entity:material:nephrite
entity:artifact:2:204722,usesMaterial,entity:material:porcelain
entity:artifact:2:204723,usesMaterial,entity:material:porcelain
entity:artifact:2:204724,usesMaterial,entity:material:gold
entity:artifact:2:204724,usesMaterial,entity:material:pigment
entity:artifact:2:204724,usesMaterial,entity:material:porcelain
entity:artifact:2:204725,usesMaterial,entity:material:porcelain
entity:artifact:2:204726,usesMaterial,entity:material:nephrite
entity:artifact:2:204727,usesMaterial,entity:material:nephrite
entity:artifact:2:204728,usesMaterial,entity:material:nephrite
entity:artifact:2:204729,usesMaterial,entity:material:nephrite
entity:artifact:2:204730,usesMaterial,entity:material:nephrite
entity:artifact:2:204731,usesMaterial,entity:material:nephrite
entity:artifact:2:204732,usesMaterial,entity:material:nephrite
entity:artifact:2:204733,usesMaterial,entity:material:bone
entity:artifact:2:204733,usesMaterial,entity:material:pigment
entity:artifact:2:204733,usesMaterial,entity:material:stone
entity:artifact:2:204734,usesMaterial,entity:material:nephrite
entity:artifact:2:204735,usesMaterial,entity:material:iron
entity:artifact:2:204735,usesMaterial,entity:material:nephrite
entity:artifact:2:204736,usesMaterial,entity:material:nephrite
entity:artifact:2:204736,usesMaterial,entity:material:pigment
entity:artifact:2:204737,usesMaterial,entity:material:stone
entity:artifact:2:204738,usesMaterial,entity:material:nephrite
entity:artifact:2:204738,usesMaterial,entity:material:pigment
entity:artifact:2:204739,usesMaterial,entity:material:nephrite
entity:artifact:2:204739,usesMaterial,entity:material:porcelain
entity:artifact:2:204740,usesMaterial,entity:material:nephrite
entity:artifact:2:204741,usesMaterial,entity:material:nephrite
entity:artifact:2:204742,usesMaterial,entity:material:bone
entity:artifact:2:204742,usesMaterial,entity:material:nephrite
entity:artifact:2:204742,usesMaterial,entity:material:pigment
entity:artifact:2:204743,usesMaterial,entity:material:nephrite
entity:artifact:2:204744,usesMaterial,entity:material:nephrite
entity:artifact:2:204745,usesMaterial,entity:material:nephrite
entity:artifact:2:204746,usesMaterial,entity:material:nephrite
entity:artifact:2:204747,usesMaterial,entity:material:nephrite
entity:artifact:2:204748,usesMaterial,entity:material:nephrite
entity:artifact:2:204749,usesMaterial,entity:material:nephrite
entity:artifact:2:204750,usesMaterial,entity:material:bone
entity:artifact:2:204750,usesMaterial,entity:material:pigment
entity:artifact:2:204750,usesMaterial,entity:material:stone
entity:artifact:2:204751,usesMaterial,entity:material:nephrite
entity:artifact:2:204752,usesMaterial,entity:material:bone
entity:artifact:2:204752,usesMaterial,entity:material:pigment
entity:artifact:2:204752,usesMaterial,entity:material:stone
entity:artifact:2:204753,usesMaterial,entity:material:bone
entity:artifact:2:204753,usesMaterial,entity:material:pigment
entity:artifact:2:204753,usesMaterial,entity:material:stone
entity:artifact:2:204754,usesMaterial,entity:material:bone
entity:artifact:2:204754,usesMaterial,entity:material:pigment
entity:artifact:2:204754,usesMaterial,entity:material:stone
entity:artifact:2:204755,usesMaterial,entity:material:bone
entity:artifact:2:204755,usesMaterial,entity:material:pigment
entity:artifact:2:204755,usesMaterial,entity:material:stone
entity:artifact:2:204756,usesMaterial,entity:material:nephrite
entity:artifact:2:204757,usesMaterial,entity:material:nephrite
entity:artifact:2:204758,usesMaterial,entity:material:nephrite
entity:artifact:2:204759,usesMaterial,entity:material:nephrite
entity:artifact:2:204760,usesMaterial,entity:material:stone
entity:artifact:2:204761,usesMaterial,entity:material:glass
entity:artifact:2:204762,usesMaterial,entity:material:nephrite
entity:artifact:2:204763,usesMaterial,entity:material:nephrite
entity:artifact:2:204764,usesMaterial,entity:material:nephrite
entity:artifact:2:204765,usesMaterial,entity:material:nephrite
entity:artifact:2:204766,usesMaterial,entity:material:nephrite
entity:artifact:2:204767,usesMaterial,entity:material:nephrite
entity:artifact:2:204768,usesMaterial,entity:material:nephrite
entity:artifact:2:204769,usesMaterial,entity:material:nephrite
entity:artifact:2:204769,usesMaterial,entity:material:pigment
entity:artifact:2:204770,usesMaterial,entity:material:nephrite
entity:artifact:2:204770,usesMaterial,entity:material:pigment
entity:artifact:2:204771,usesMaterial,entity:material:nephrite
entity:artifact:2:204772,usesMaterial,entity:material:nephrite
entity:artifact:2:204773,usesMaterial,entity:material:nephrite
entity:artifact:2:204773,usesMaterial,entity:material:pigment
entity:artifact:2:204774,usesMaterial,entity:material:nephrite
entity:artifact:2:204775,usesMaterial,entity:material:iron
entity:artifact:2:204775,usesMaterial,entity:material:nephrite
entity:artifact:2:204776,usesMaterial,entity:material:stone
entity:artifact:2:204777,usesMaterial,entity:material:nephrite
entity:artifact:2:204777,usesMaterial,entity:material:pigment
entity:artifact:2:204778,usesMaterial,entity:material:nephrite
entity:artifact:2:204779,usesMaterial,entity:material:nephrite
entity:artifact:2:204780,usesMaterial,entity:material:nephrite
entity:artifact:2:204780,usesMaterial,entity:material:pigment
entity:artifact:2:204781,usesMaterial,entity:material:nephrite
entity:artifact:2:204782,usesMaterial,entity:material:nephrite
entity:artifact:2:204783,usesMaterial,entity:material:nephrite
entity:artifact:2:204784,usesMaterial,entity:material:bone
entity:artifact:2:204784,usesMaterial,entity:material:nephrite
entity:artifact:2:204784,usesMaterial,entity:material:pigment
entity:artifact:2:204785,usesMaterial,entity:material:nephrite
entity:artifact:2:204786,usesMaterial,entity:material:nephrite
entity:artifact:2:204787,usesMaterial,entity:material:nephrite
entity:artifact:2:204788,usesMaterial,entity:material:bone
entity:artifact:2:204788,usesMaterial,entity:material:nephrite
entity:artifact:2:204788,usesMaterial,entity:material:pigment
entity:artifact:2:204789,usesMaterial,entity:material:nephrite
entity:artifact:2:204790,usesMaterial,entity:material:nephrite
entity:artifact:2:204791,usesMaterial,entity:material:nephrite
entity:artifact:2:204791,usesMaterial,entity:material:stone
entity:artifact:2:204792,usesMaterial,entity:material:nephrite
entity:artifact:2:204792,usesMaterial,entity:material:pigment
entity:artifact:2:204793,usesMaterial,entity:material:nephrite
entity:artifact:2:204794,usesMaterial,entity:material:bone
entity:artifact:2:204794,usesMaterial,entity:material:nephrite
entity:artifact:2:204794,usesMaterial,entity:material:pigment
entity:artifact:2:204795,usesMaterial,entity:material:nephrite
entity:artifact:2:204796,usesMaterial,entity:material:nephrite
entity:artifact:2:204797,usesMaterial,entity:material:nephrite
entity:artifact:2:204798,usesMaterial,entity:material:nephrite
entity:artifact:2:204799,usesMaterial,entity:material:nephrite
entity:artifact:2:204800,usesMaterial,entity:material:porcelain
entity:artifact:2:204800,usesMaterial,entity:material:stone
entity:artifact:2:204801,usesMaterial,entity:material:nephrite
entity:artifact:2:204802,usesMaterial,entity:material:nephrite
entity:artifact:2:204803,usesMaterial,entity:material:nephrite
entity:artifact:2:204804,usesMaterial,entity:material:nephrite
entity:artifact:2:204805,usesMaterial,entity:material:nephrite
entity:artifact:2:204806,usesMaterial,entity:material:bone
entity:artifact:2:204806,usesMaterial,entity:material:nephrite
entity:artifact:2:204806,usesMaterial,entity:material:pigment
entity:artifact:2:204807,usesMaterial,entity:material:nephrite
entity:artifact:2:204808,usesMaterial,entity:material:stone
entity:artifact:2:204809,usesMaterial,entity:material:nephrite
entity:artifact:2:204810,usesMaterial,entity:material:nephrite
entity:artifact:2:204810,usesMaterial,entity:material:pigment
entity:artifact:2:204811,usesMaterial,entity:material:nephrite
entity:artifact:2:204812,usesMaterial,entity:material:nephrite
entity:artifact:2:204813,usesMaterial,entity:material:nephrite
entity:artifact:2:204814,usesMaterial,entity:material:bone
entity:artifact:2:204814,usesMaterial,entity:material:nephrite
entity:artifact:2:204814,usesMaterial,entity:material:pigment
entity:artifact:2:204815,usesMaterial,entity:material:nephrite
entity:artifact:2:204816,usesMaterial,entity:material:nephrite
entity:artifact:2:204817,usesMaterial,entity:material:bone
entity:artifact:2:204817,usesMaterial,entity:material:nephrite
entity:artifact:2:204817,usesMaterial,entity:material:pigment
entity:artifact:2:204818,usesMaterial,entity:material:nephrite
entity:artifact:2:204818,usesMaterial,entity:material:pigment
entity:artifact:2:204819,usesMaterial,entity:material:glass
entity:artifact:2:204820,usesMaterial,entity:material:amber
entity:artifact:2:204820,usesMaterial,entity:material:pigment
entity:artifact:2:204820,usesMaterial,entity:material:stone
entity:artifact:2:204821,usesMaterial,entity:material:stone
entity:artifact:2:204822,usesMaterial,entity:material:nephrite
entity:artifact:2:204823,usesMaterial,entity:material:porcelain
entity:artifact:2:204823,usesMaterial,entity:material:stone
entity:artifact:2:204824,usesMaterial,entity:material:nephrite
entity:artifact:2:204825,usesMaterial,entity:material:stone
entity:artifact:2:204826,usesMaterial,entity:material:ivory
entity:artifact:2:204826,usesMaterial,entity:material:nephrite
entity:artifact:2:204826,usesMaterial,entity:material:pigment
entity:artifact:2:204827,usesMaterial,entity:material:nephrite
entity:artifact:2:204828,usesMaterial,entity:material:bone
entity:artifact:2:204828,usesMaterial,entity:material:nephrite
entity:artifact:2:204828,usesMaterial,entity:material:pigment
entity:artifact:2:204829,usesMaterial,entity:material:nephrite
entity:artifact:2:204830,usesMaterial,entity:material:nephrite
entity:artifact:2:204830,usesMaterial,entity:material:pigment
entity:artifact:2:204830,usesMaterial,entity:material:porcelain
entity:artifact:2:204831,usesMaterial,entity:material:jade
entity:artifact:2:204831,usesMaterial,entity:material:pigment
entity:artifact:2:204832,usesMaterial,entity:material:nephrite
entity:artifact:2:204832,usesMaterial,entity:material:pigment
entity:artifact:2:204833,usesMaterial,entity:material:nephrite
entity:artifact:2:204834,usesMaterial,entity:material:nephrite
entity:artifact:2:204835,usesMaterial,entity:material:pigment
entity:artifact:2:204835,usesMaterial,entity:material:stone
entity:artifact:2:204836,usesMaterial,entity:material:nephrite
entity:artifact:2:204836,usesMaterial,entity:material:pigment
entity:artifact:2:204837,usesMaterial,entity:material:nephrite
entity:artifact:2:204838,usesMaterial,entity:material:stone
entity:artifact:2:204839,usesMaterial,entity:material:nephrite
entity:artifact:2:204840,usesMaterial,entity:material:nephrite
entity:artifact:2:204841,usesMaterial,entity:material:nephrite
entity:artifact:2:204842,usesMaterial,entity:material:nephrite
entity:artifact:2:204843,usesMaterial,entity:material:stone
entity:artifact:2:204844,usesMaterial,entity:material:bone
entity:artifact:2:204844,usesMaterial,entity:material:nephrite
entity:artifact:2:204844,usesMaterial,entity:material:pigment
entity:artifact:2:204845,usesMaterial,entity:material:stone
entity:artifact:2:204846,usesMaterial,entity:material:stone
entity:artifact:2:204848,usesMaterial,entity:material:nephrite
entity:artifact:2:204849,usesMaterial,entity:material:nephrite
entity:artifact:2:204850,usesMaterial,entity:material:nephrite
entity:artifact:2:204851,usesMaterial,entity:material:pigment
entity:artifact:2:204852,usesMaterial,entity:material:nephrite
entity:artifact:2:204853,usesMaterial,entity:material:nephrite
entity:artifact:2:204854,usesMaterial,entity:material:nephrite
entity:artifact:2:204854,usesMaterial,entity:material:pigment
entity:artifact:2:204854,usesMaterial,entity:material:shell
entity:artifact:2:204855,usesMaterial,entity:material:stone
entity:artifact:2:204856,usesMaterial,entity:material:nephrite
entity:artifact:2:204857,usesMaterial,entity:material:nephrite
entity:artifact:2:204857,usesMaterial,entity:material:pigment
entity:artifact:2:204858,usesMaterial,entity:material:nephrite
entity:artifact:2:204858,usesMaterial,entity:material:pigment
entity:artifact:2:204858,usesMaterial,entity:material:porcelain
entity:artifact:2:204859,usesMaterial,entity:material:nephrite
entity:artifact:2:204859,usesMaterial,entity:material:pigment
entity:artifact:2:204860,usesMaterial,entity:material:bone
entity:artifact:2:204860,usesMaterial,entity:material:nephrite
entity:artifact:2:204860,usesMaterial,entity:material:pigment
entity:artifact:2:204860,usesMaterial,entity:material:porcelain
entity:artifact:2:204861,usesMaterial,entity:material:nephrite
entity:artifact:2:204861,usesMaterial,entity:material:pigment
entity:artifact:2:204862,usesMaterial,entity:material:nephrite
entity:artifact:2:204863,usesMaterial,entity:material:nephrite
entity:artifact:2:204864,usesMaterial,entity:material:glass
entity:artifact:2:204865,usesMaterial,entity:material:nephrite
entity:artifact:2:204865,usesMaterial,entity:material:pigment
entity:artifact:2:204865,usesMaterial,entity:material:porcelain
entity:artifact:2:204866,usesMaterial,entity:material:nephrite
entity:artifact:2:204867,usesMaterial,entity:material:nephrite
entity:artifact:2:204868,usesMaterial,entity:material:nephrite
entity:artifact:2:204869,usesMaterial,entity:material:nephrite
entity:artifact:2:204870,usesMaterial,entity:material:nephrite
entity:artifact:2:204872,usesMaterial,entity:material:nephrite
entity:artifact:2:204873,usesMaterial,entity:material:nephrite
entity:artifact:2:204874,usesMaterial,entity:material:nephrite
entity:artifact:2:204875,usesMaterial,entity:material:nephrite
entity:artifact:2:204876,usesMaterial,entity:material:nephrite
entity:artifact:2:204879,usesMaterial,entity:material:stone
entity:artifact:2:204880,usesMaterial,entity:material:nephrite
entity:artifact:2:204881,usesMaterial,entity:material:nephrite
entity:artifact:2:204882,usesMaterial,entity:material:nephrite
entity:artifact:2:204883,usesMaterial,entity:material:nephrite
entity:artifact:2:204884,usesMaterial,entity:material:gold
entity:artifact:2:204884,usesMaterial,entity:material:nephrite
entity:artifact:2:204885,usesMaterial,entity:material:nephrite
entity:artifact:2:204886,usesMaterial,entity:material:nephrite
entity:artifact:2:204887,usesMaterial,entity:material:nephrite
entity:artifact:2:204888,usesMaterial,entity:material:nephrite
entity:artifact:2:204889,usesMaterial,entity:material:nephrite
entity:artifact:2:204889,usesMaterial,entity:material:porcelain
entity:artifact:2:204890,usesMaterial,entity:material:bone
entity:artifact:2:204890,usesMaterial,entity:material:nephrite
entity:artifact:2:204890,usesMaterial,entity:material:pigment
entity:artifact:2:204891,usesMaterial,entity:material:stone
entity:artifact:2:204893,usesMaterial,entity:material:ivory
entity:artifact:2:204893,usesMaterial,entity:material:nephrite
entity:artifact:2:204893,usesMaterial,entity:material:pigment
entity:artifact:2:204894,usesMaterial,entity:material:nephrite
entity:artifact:2:204894,usesMaterial,entity:material:porcelain
entity:artifact:2:204895,usesMaterial,entity:material:nephrite
entity:artifact:2:204895,usesMaterial,entity:material:pigment
entity:artifact:2:204896,usesMaterial,entity:material:nephrite
entity:artifact:2:204897,usesMaterial,entity:material:ivory
entity:artifact:2:204897,usesMaterial,entity:material:pigment
entity:artifact:2:204897,usesMaterial,entity:material:stone
entity:artifact:2:204898,usesMaterial,entity:material:nephrite
entity:artifact:2:204899,usesMaterial,entity:material:nephrite
entity:artifact:2:204900,usesMaterial,entity:material:nephrite
entity:artifact:2:204901,usesMaterial,entity:material:nephrite
entity:artifact:2:204902,usesMaterial,entity:material:nephrite
entity:artifact:2:204903,usesMaterial,entity:material:nephrite
entity:artifact:2:204904,usesMaterial,entity:material:nephrite
entity:artifact:2:204905,usesMaterial,entity:material:nephrite
entity:artifact:2:204906,usesMaterial,entity:material:nephrite
entity:artifact:2:204907,usesMaterial,entity:material:nephrite
entity:artifact:2:204907,usesMaterial,entity:material:pigment
entity:artifact:2:204908,usesMaterial,entity:material:nephrite
entity:artifact:2:204909,usesMaterial,entity:material:bone
entity:artifact:2:204909,usesMaterial,entity:material:nephrite
entity:artifact:2:204909,usesMaterial,entity:material:pigment
entity:artifact:2:204910,usesMaterial,entity:material:nephrite
entity:artifact:2:204911,usesMaterial,entity:material:nephrite
entity:artifact:2:204912,usesMaterial,entity:material:jade
entity:artifact:2:204913,usesMaterial,entity:material:nephrite
entity:artifact:2:204914,usesMaterial,entity:material:nephrite
entity:artifact:2:204915,usesMaterial,entity:material:nephrite
entity:artifact:2:204916,usesMaterial,entity:material:nephrite
entity:artifact:2:204917,usesMaterial,entity:material:nephrite
entity:artifact:2:204919,usesMaterial,entity:material:nephrite
entity:artifact:2:204919,usesMaterial,entity:material:pigment
entity:artifact:2:204920,usesMaterial,entity:material:nephrite
entity:artifact:2:204921,usesMaterial,entity:material:nephrite
entity:artifact:2:204922,usesMaterial,entity:material:stone
entity:artifact:2:204923,usesMaterial,entity:material:nephrite
entity:artifact:2:204924,usesMaterial,entity:material:nephrite
entity:artifact:2:204925,usesMaterial,entity:material:ivory
entity:artifact:2:204925,usesMaterial,entity:material:nephrite
entity:artifact:2:204925,usesMaterial,entity:material:pigment
entity:artifact:2:204926,usesMaterial,entity:material:pigment
entity:artifact:2:204926,usesMaterial,entity:material:stone
entity:artifact:2:204927,usesMaterial,entity:material:stone
entity:artifact:2:204928,usesMaterial,entity:material:stone
entity:artifact:2:204929,usesMaterial,entity:material:nephrite
entity:artifact:2:204930,usesMaterial,entity:material:nephrite
entity:artifact:2:204931,usesMaterial,entity:material:nephrite
entity:artifact:2:204931,usesMaterial,entity:material:pigment
entity:artifact:2:204932,usesMaterial,entity:material:enamel
entity:artifact:2:204932,usesMaterial,entity:material:porcelain
entity:artifact:2:204933,usesMaterial,entity:material:nephrite
entity:artifact:2:204934,usesMaterial,entity:material:nephrite
entity:artifact:2:204935,usesMaterial,entity:material:nephrite
entity:artifact:2:204936,usesMaterial,entity:material:nephrite
entity:artifact:2:204936,usesMaterial,entity:material:pigment
entity:artifact:2:204937,usesMaterial,entity:material:nephrite
entity:artifact:2:204938,usesMaterial,entity:material:stone
entity:artifact:2:204939,usesMaterial,entity:material:nephrite
entity:artifact:2:204940,usesMaterial,entity:material:nephrite
entity:artifact:2:204941,usesMaterial,entity:material:nephrite
entity:artifact:2:204942,usesMaterial,entity:material:stone
entity:artifact:2:204943,usesMaterial,entity:material:nephrite
entity:artifact:2:204944,usesMaterial,entity:material:nephrite
entity:artifact:2:204945,usesMaterial,entity:material:nephrite
entity:artifact:2:204946,usesMaterial,entity:material:nephrite
entity:artifact:2:204947,usesMaterial,entity:material:bone
entity:artifact:2:204947,usesMaterial,entity:material:nephrite
entity:artifact:2:204947,usesMaterial,entity:material:pigment
entity:artifact:2:204948,usesMaterial,entity:material:nephrite
entity:artifact:2:204949,usesMaterial,entity:material:nephrite
entity:artifact:2:204950,usesMaterial,entity:material:gold
entity:artifact:2:204950,usesMaterial,entity:material:stone
entity:artifact:2:204951,usesMaterial,entity:material:nephrite
entity:artifact:2:204952,usesMaterial,entity:material:pigment
entity:artifact:2:204952,usesMaterial,entity:material:porcelain
entity:artifact:2:204952,usesMaterial,entity:material:stone
entity:artifact:2:204953,usesMaterial,entity:material:nephrite
entity:artifact:2:204955,usesMaterial,entity:material:pigment
entity:artifact:2:204955,usesMaterial,entity:material:stone
entity:artifact:2:204956,usesMaterial,entity:material:jade
entity:artifact:2:204957,usesMaterial,entity:material:nephrite
entity:artifact:2:204958,usesMaterial,entity:material:stone
entity:artifact:2:204959,usesMaterial,entity:material:nephrite
entity:artifact:2:204960,usesMaterial,entity:material:nephrite
entity:artifact:2:204961,usesMaterial,entity:material:nephrite
entity:artifact:2:204962,usesMaterial,entity:material:stone
entity:artifact:2:204963,usesMaterial,entity:material:stone
entity:artifact:2:204964,usesMaterial,entity:material:nephrite
entity:artifact:2:204965,usesMaterial,entity:material:nephrite
entity:artifact:2:204966,usesMaterial,entity:material:nephrite
entity:artifact:2:204967,usesMaterial,entity:material:nephrite
entity:artifact:2:204968,usesMaterial,entity:material:nephrite
entity:artifact:2:204968,usesMaterial,entity:material:pigment
entity:artifact:2:204969,usesMaterial,entity:material:nephrite
entity:artifact:2:204969,usesMaterial,entity:material:pigment
entity:artifact:2:204969,usesMaterial,entity:material:porcelain
entity:artifact:2:204970,usesMaterial,entity:material:nephrite
entity:artifact:2:204971,usesMaterial,entity:material:nephrite
entity:artifact:2:204972,usesMaterial,entity:material:nephrite
entity:artifact:2:204973,usesMaterial,entity:material:nephrite
entity:artifact:2:204973,usesMaterial,entity:material:pigment
entity:artifact:2:204974,usesMaterial,entity:material:stone
entity:artifact:2:204975,usesMaterial,entity:material:jade
entity:artifact:2:204975,usesMaterial,entity:material:pigment
entity:artifact:2:204976,usesMaterial,entity:material:nephrite
entity:artifact:2:204977,usesMaterial,entity:material:ivory
entity:artifact:2:204977,usesMaterial,entity:material:nephrite
entity:artifact:2:204977,usesMaterial,entity:material:pigment
entity:artifact:2:204978,usesMaterial,entity:material:nephrite
entity:artifact:2:204979,usesMaterial,entity:material:ivory
entity:artifact:2:204979,usesMaterial,entity:material:jade
entity:artifact:2:204979,usesMaterial,entity:material:pigment
entity:artifact:2:204980,usesMaterial,entity:material:porcelain
entity:artifact:2:204980,usesMaterial,entity:material:stone
entity:artifact:2:204981,usesMaterial,entity:material:nephrite
entity:artifact:2:204982,usesMaterial,entity:material:nephrite
entity:artifact:2:204982,usesMaterial,entity:material:pigment
entity:artifact:2:204983,usesMaterial,entity:material:nephrite
entity:artifact:2:204983,usesMaterial,entity:material:pigment
entity:artifact:2:204984,usesMaterial,entity:material:nephrite
entity:artifact:2:204984,usesMaterial,entity:material:pigment
entity:artifact:2:204985,usesMaterial,entity:material:nephrite
entity:artifact:2:204985,usesMaterial,entity:material:porcelain
entity:artifact:2:204986,usesMaterial,entity:material:nephrite
entity:artifact:2:204986,usesMaterial,entity:material:pigment
entity:artifact:2:204987,usesMaterial,entity:material:nephrite
entity:artifact:2:204988,usesMaterial,entity:material:nephrite
entity:artifact:2:204989,usesMaterial,entity:material:nephrite
entity:artifact:2:204989,usesMaterial,entity:material:pigment
entity:artifact:2:204990,usesMaterial,entity:material:nephrite
entity:artifact:2:204991,usesMaterial,entity:material:stone
entity:artifact:2:204992,usesMaterial,entity:material:nephrite
entity:artifact:2:204993,usesMaterial,entity:material:nephrite
entity:artifact:2:204994,usesMaterial,entity:material:nephrite
entity:artifact:2:204995,usesMaterial,entity:material:nephrite
entity:artifact:2:204996,usesMaterial,entity:material:nephrite
entity:artifact:2:204997,usesMaterial,entity:material:stone
entity:artifact:2:204998,usesMaterial,entity:material:stone
entity:artifact:2:204999,usesMaterial,entity:material:stone
entity:artifact:2:205000,usesMaterial,entity:material:bone
entity:artifact:2:205000,usesMaterial,entity:material:pigment
entity:artifact:2:205000,usesMaterial,entity:material:stone
entity:artifact:2:205001,usesMaterial,entity:material:bone
entity:artifact:2:205001,usesMaterial,entity:material:pigment
entity:artifact:2:205001,usesMaterial,entity:material:stone
entity:artifact:2:205002,usesMaterial,entity:material:bone
entity:artifact:2:205002,usesMaterial,entity:material:pigment
entity:artifact:2:205002,usesMaterial,entity:material:stone
entity:artifact:2:205003,usesMaterial,entity:material:bone
entity:artifact:2:205003,usesMaterial,entity:material:pigment
entity:artifact:2:205003,usesMaterial,entity:material:stone
entity:artifact:2:205004,usesMaterial,entity:material:nephrite
entity:artifact:2:205004,usesMaterial,entity:material:pigment
entity:artifact:2:205005,usesMaterial,entity:material:nephrite
entity:artifact:2:205006,usesMaterial,entity:material:nephrite
entity:artifact:2:205007,usesMaterial,entity:material:nephrite
entity:artifact:2:205008,usesMaterial,entity:material:nephrite
entity:artifact:2:205009,usesMaterial,entity:material:nephrite
entity:artifact:2:205010,usesMaterial,entity:material:nephrite
entity:artifact:2:205011,usesMaterial,entity:material:nephrite
entity:artifact:2:205012,usesMaterial,entity:material:nephrite
entity:artifact:2:205013,usesMaterial,entity:material:bone
entity:artifact:2:205013,usesMaterial,entity:material:nephrite
entity:artifact:2:205013,usesMaterial,entity:material:pigment
entity:artifact:2:205014,usesMaterial,entity:material:nephrite
entity:artifact:2:205015,usesMaterial,entity:material:nephrite
entity:artifact:2:205015,usesMaterial,entity:material:pigment
entity:artifact:2:205016,usesMaterial,entity:material:nephrite
entity:artifact:2:205016,usesMaterial,entity:material:stone
entity:artifact:2:205017,usesMaterial,entity:material:nephrite
entity:artifact:2:205017,usesMaterial,entity:material:pigment
entity:artifact:2:205018,usesMaterial,entity:material:nephrite
entity:artifact:2:205018,usesMaterial,entity:material:pigment
entity:artifact:2:205019,usesMaterial,entity:material:nephrite
entity:artifact:2:205019,usesMaterial,entity:material:pigment
entity:artifact:2:205020,usesMaterial,entity:material:nephrite
entity:artifact:2:205020,usesMaterial,entity:material:pigment
entity:artifact:2:205021,usesMaterial,entity:material:nephrite
entity:artifact:2:205022,usesMaterial,entity:material:nephrite
entity:artifact:2:205023,usesMaterial,entity:material:stone
entity:artifact:2:205024,usesMaterial,entity:material:nephrite
entity:artifact:2:205025,usesMaterial,entity:material:nephrite
entity:artifact:2:205026,usesMaterial,entity:material:nephrite
entity:artifact:2:205027,usesMaterial,entity:material:nephrite
entity:artifact:2:205027,usesMaterial,entity:material:pigment
entity:artifact:2:205028,usesMaterial,entity:material:nephrite
entity:artifact:2:205029,usesMaterial,entity:material:nephrite
entity:artifact:2:205030,usesMaterial,entity:material:nephrite
entity:artifact:2:205031,usesMaterial,entity:material:nephrite
entity:artifact:2:205032,usesMaterial,entity:material:nephrite
entity:artifact:2:205033,usesMaterial,entity:material:nephrite
entity:artifact:2:205033,usesMaterial,entity:material:pigment
entity:artifact:2:205034,usesMaterial,entity:material:nephrite
entity:artifact:2:205035,usesMaterial,entity:material:nephrite
entity:artifact:2:205036,usesMaterial,entity:material:nephrite
entity:artifact:2:205037,usesMaterial,entity:material:nephrite
entity:artifact:2:205038,usesMaterial,entity:material:jade
entity:artifact:2:205039,usesMaterial,entity:material:bone
entity:artifact:2:205039,usesMaterial,entity:material:pigment
entity:artifact:2:205039,usesMaterial,entity:material:stone
entity:artifact:2:205040,usesMaterial,entity:material:bone
entity:artifact:2:205040,usesMaterial,entity:material:pigment
entity:artifact:2:205040,usesMaterial,entity:material:stone
entity:artifact:2:205041,usesMaterial,entity:material:bone
entity:artifact:2:205041,usesMaterial,entity:material:pigment
entity:artifact:2:205041,usesMaterial,entity:material:stone
entity:artifact:2:205042,usesMaterial,entity:material:nephrite
entity:artifact:2:205044,usesMaterial,entity:material:nephrite
entity:artifact:2:205045,usesMaterial,entity:material:nephrite
entity:artifact:2:205046,usesMaterial,entity:material:nephrite
entity:artifact:2:205047,usesMaterial,entity:material:nephrite
entity:artifact:2:205048,usesMaterial,entity:material:nephrite
entity:artifact:2:205049,usesMaterial,entity:material:nephrite
entity:artifact:2:205050,usesMaterial,entity:material:nephrite
entity:artifact:2:205050,usesMaterial,entity:material:pigment
entity:artifact:2:205051,usesMaterial,entity:material:nephrite
entity:artifact:2:205052,usesMaterial,entity:material:nephrite
entity:artifact:2:205053,usesMaterial,entity:material:nephrite
entity:artifact:2:205053,usesMaterial,entity:material:stone
entity:artifact:2:205054,usesMaterial,entity:material:nephrite
entity:artifact:2:205055,usesMaterial,entity:material:nephrite
entity:artifact:2:205057,usesMaterial,entity:material:nephrite
entity:artifact:2:205058,usesMaterial,entity:material:nephrite
entity:artifact:2:205058,usesMaterial,entity:material:pigment
entity:artifact:2:205059,usesMaterial,entity:material:nephrite
entity:artifact:2:205060,usesMaterial,entity:material:nephrite
entity:artifact:2:205061,usesMaterial,entity:material:nephrite
entity:artifact:2:205062,usesMaterial,entity:material:nephrite
entity:artifact:2:205063,usesMaterial,entity:material:nephrite
entity:artifact:2:205064,usesMaterial,entity:material:nephrite
entity:artifact:2:205064,usesMaterial,entity:material:pigment
entity:artifact:2:205065,usesMaterial,entity:material:nephrite
entity:artifact:2:205066,usesMaterial,entity:material:nephrite
entity:artifact:2:205067,usesMaterial,entity:material:nephrite
entity:artifact:2:205068,usesMaterial,entity:material:nephrite
entity:artifact:2:205068,usesMaterial,entity:material:pigment
entity:artifact:2:205069,usesMaterial,entity:material:stone
entity:artifact:2:205070,usesMaterial,entity:material:stone
entity:artifact:2:205071,usesMaterial,entity:material:nephrite
entity:artifact:2:205073,usesMaterial,entity:material:earthenware
entity:artifact:2:205073,usesMaterial,entity:material:iron
entity:artifact:2:205074,usesMaterial,entity:material:ink
entity:artifact:2:205074,usesMaterial,entity:material:paper
entity:artifact:2:205074,usesMaterial,entity:material:pigment
entity:artifact:2:205075,usesMaterial,entity:material:ink
entity:artifact:2:205075,usesMaterial,entity:material:paper
entity:artifact:2:205075,usesMaterial,entity:material:pigment
entity:artifact:2:205076,usesMaterial,entity:material:porcelain
entity:artifact:2:205077,usesMaterial,entity:material:stone
entity:artifact:2:205078,usesMaterial,entity:material:earthenware
entity:artifact:2:205082,usesMaterial,entity:material:stone
entity:artifact:2:205085,usesMaterial,entity:material:earthenware
entity:artifact:2:205085,usesMaterial,entity:material:iron
entity:artifact:2:205086,usesMaterial,entity:material:nephrite
entity:artifact:2:205087,usesMaterial,entity:material:ivory
entity:artifact:2:205088,usesMaterial,entity:material:nephrite
entity:artifact:2:205090,usesMaterial,entity:material:ink
entity:artifact:2:205090,usesMaterial,entity:material:paper
entity:artifact:2:205090,usesMaterial,entity:material:pigment
entity:artifact:2:205091,usesMaterial,entity:material:ink
entity:artifact:2:205091,usesMaterial,entity:material:paper
entity:artifact:2:205091,usesMaterial,entity:material:pigment
entity:artifact:2:205094,usesMaterial,entity:material:nephrite
entity:artifact:2:205095,usesMaterial,entity:material:earthenware
entity:artifact:2:205095,usesMaterial,entity:material:iron
entity:artifact:2:205096,usesMaterial,entity:material:nephrite
entity:artifact:2:205098,usesMaterial,entity:material:nephrite
entity:artifact:2:205099,usesMaterial,entity:material:nephrite
entity:artifact:2:205100,usesMaterial,entity:material:nephrite
entity:artifact:2:205102,usesMaterial,entity:material:jadeite
entity:artifact:2:205105,usesMaterial,entity:material:earthenware
entity:artifact:2:205105,usesMaterial,entity:material:porcelain
entity:artifact:2:205107,usesMaterial,entity:material:ceramic
entity:artifact:2:205108,usesMaterial,entity:material:ceramic
entity:artifact:2:205109,usesMaterial,entity:material:ceramic
entity:artifact:2:205110,usesMaterial,entity:material:ceramic
entity:artifact:2:205111,usesMaterial,entity:material:ceramic
entity:artifact:2:205112,usesMaterial,entity:material:ceramic
entity:artifact:2:205113,usesMaterial,entity:material:earthenware
entity:artifact:2:205113,usesMaterial,entity:material:porcelain
entity:artifact:2:205114,usesMaterial,entity:material:earthenware
entity:artifact:2:205114,usesMaterial,entity:material:porcelain
entity:artifact:2:205115,usesMaterial,entity:material:copper
entity:artifact:2:205115,usesMaterial,entity:material:gold
entity:artifact:2:205115,usesMaterial,entity:material:nephrite
entity:artifact:2:205115,usesMaterial,entity:material:pigment
entity:artifact:2:205120,usesMaterial,entity:material:earthenware
entity:artifact:2:205121,usesMaterial,entity:material:earthenware
entity:artifact:2:205122,usesMaterial,entity:material:ceramic
entity:artifact:2:205123,usesMaterial,entity:material:ceramic
entity:artifact:2:205124,usesMaterial,entity:material:ceramic
entity:artifact:2:205125,usesMaterial,entity:material:ceramic
entity:artifact:2:205126,usesMaterial,entity:material:ceramic
entity:artifact:2:205127,usesMaterial,entity:material:earthenware
entity:artifact:2:205127,usesMaterial,entity:material:porcelain
entity:artifact:2:205128,usesMaterial,entity:material:ceramic
entity:artifact:2:205129,usesMaterial,entity:material:ceramic
entity:artifact:2:205133,usesMaterial,entity:material:earthenware
entity:artifact:2:205133,usesMaterial,entity:material:iron
entity:artifact:2:205134,usesMaterial,entity:material:nephrite
entity:artifact:2:205135,usesMaterial,entity:material:nephrite
entity:artifact:2:205136,usesMaterial,entity:material:nephrite
entity:artifact:2:205137,usesMaterial,entity:material:nephrite
entity:artifact:2:205138,usesMaterial,entity:material:stone
entity:artifact:2:205139,usesMaterial,entity:material:nephrite
entity:artifact:2:205140,usesMaterial,entity:material:nephrite
entity:artifact:2:205141,usesMaterial,entity:material:nephrite
entity:artifact:2:205141,usesMaterial,entity:material:pigment
entity:artifact:2:205142,usesMaterial,entity:material:stone
entity:artifact:2:205143,usesMaterial,entity:material:nephrite
entity:artifact:2:205144,usesMaterial,entity:material:gold
entity:artifact:2:205144,usesMaterial,entity:material:nephrite
entity:artifact:2:205145,usesMaterial,entity:material:ceramic
entity:artifact:2:205146,usesMaterial,entity:material:ceramic
entity:artifact:2:205147,usesMaterial,entity:material:earthenware
entity:artifact:2:205147,usesMaterial,entity:material:porcelain
entity:artifact:2:205148,usesMaterial,entity:material:ceramic
entity:artifact:2:205149,usesMaterial,entity:material:ceramic
entity:artifact:2:205150,usesMaterial,entity:material:ceramic
entity:artifact:2:205155,usesMaterial,entity:material:nephrite
entity:artifact:2:205155,usesMaterial,entity:material:pigment
entity:artifact:2:205156,usesMaterial,entity:material:earthenware
entity:artifact:2:205156,usesMaterial,entity:material:metal
entity:artifact:2:205156,usesMaterial,entity:material:pigment
entity:artifact:2:205157,usesMaterial,entity:material:earthenware
entity:artifact:2:205157,usesMaterial,entity:material:ivory
entity:artifact:2:205158,usesMaterial,entity:material:earthenware
entity:artifact:2:205158,usesMaterial,entity:material:iron
entity:artifact:2:205159,usesMaterial,entity:material:nephrite
entity:artifact:2:205160,usesMaterial,entity:material:porcelain
entity:artifact:2:205161,usesMaterial,entity:material:enamel
entity:artifact:2:205161,usesMaterial,entity:material:porcelain
entity:artifact:2:205162,usesMaterial,entity:material:nephrite
entity:artifact:2:205163,usesMaterial,entity:material:nephrite
entity:artifact:2:205163,usesMaterial,entity:material:pigment
entity:artifact:2:205164,usesMaterial,entity:material:nephrite
entity:artifact:2:205165,usesMaterial,entity:material:ivory
entity:artifact:2:205165,usesMaterial,entity:material:nephrite
entity:artifact:2:205165,usesMaterial,entity:material:pigment
entity:artifact:2:205166,usesMaterial,entity:material:nephrite
entity:artifact:2:205167,usesMaterial,entity:material:nephrite
entity:artifact:2:205168,usesMaterial,entity:material:nephrite
entity:artifact:2:205169,usesMaterial,entity:material:nephrite
entity:artifact:2:205170,usesMaterial,entity:material:nephrite
entity:artifact:2:205170,usesMaterial,entity:material:pigment
entity:artifact:2:205171,usesMaterial,entity:material:nephrite
entity:artifact:2:205171,usesMaterial,entity:material:pigment
entity:artifact:2:205172,usesMaterial,entity:material:nephrite
entity:artifact:2:205173,usesMaterial,entity:material:ceramic
entity:artifact:2:205182,usesMaterial,entity:material:earthenware
entity:artifact:2:205182,usesMaterial,entity:material:metal
entity:artifact:2:205182,usesMaterial,entity:material:pigment
entity:artifact:2:205183,usesMaterial,entity:material:earthenware
entity:artifact:2:205183,usesMaterial,entity:material:metal
entity:artifact:2:205184,usesMaterial,entity:material:earthenware
entity:artifact:2:205184,usesMaterial,entity:material:metal
entity:artifact:2:205184,usesMaterial,entity:material:porcelain
entity:artifact:2:205185,usesMaterial,entity:material:earthenware
entity:artifact:2:205185,usesMaterial,entity:material:ink
entity:artifact:2:205185,usesMaterial,entity:material:metal
entity:artifact:2:205185,usesMaterial,entity:material:porcelain
entity:artifact:2:205186,usesMaterial,entity:material:earthenware
entity:artifact:2:205186,usesMaterial,entity:material:iron
entity:artifact:2:205187,usesMaterial,entity:material:earthenware
entity:artifact:2:205187,usesMaterial,entity:material:iron
entity:artifact:2:205189,usesMaterial,entity:material:earthenware
entity:artifact:2:205189,usesMaterial,entity:material:iron
entity:artifact:2:205190,usesMaterial,entity:material:nephrite
entity:artifact:2:205191,usesMaterial,entity:material:nephrite
entity:artifact:2:205192,usesMaterial,entity:material:nephrite
entity:artifact:2:205193,usesMaterial,entity:material:stone
entity:artifact:2:205193,usesMaterial,entity:material:wood
entity:artifact:2:205194,usesMaterial,entity:material:nephrite
entity:artifact:2:205194,usesMaterial,entity:material:pigment
entity:artifact:2:205195,usesMaterial,entity:material:nephrite
entity:artifact:2:205195,usesMaterial,entity:material:pigment
entity:artifact:2:205196,usesMaterial,entity:material:nephrite
entity:artifact:2:205197,usesMaterial,entity:material:bone
entity:artifact:2:205197,usesMaterial,entity:material:nephrite
entity:artifact:2:205197,usesMaterial,entity:material:pigment
entity:artifact:2:205198,usesMaterial,entity:material:nephrite
entity:artifact:2:205199,usesMaterial,entity:material:nephrite
entity:artifact:2:205200,usesMaterial,entity:material:stone
entity:artifact:2:205201,usesMaterial,entity:material:nephrite
entity:artifact:2:205202,usesMaterial,entity:material:jadeite
entity:artifact:2:205203,usesMaterial,entity:material:amber
entity:artifact:2:205203,usesMaterial,entity:material:earthenware
entity:artifact:2:205203,usesMaterial,entity:material:metal
entity:artifact:2:205203,usesMaterial,entity:material:pigment
entity:artifact:2:205204,usesMaterial,entity:material:amber
entity:artifact:2:205204,usesMaterial,entity:material:earthenware
entity:artifact:2:205204,usesMaterial,entity:material:metal
entity:artifact:2:205204,usesMaterial,entity:material:pigment
entity:artifact:2:205205,usesMaterial,entity:material:earthenware
entity:artifact:2:205205,usesMaterial,entity:material:metal
entity:artifact:2:205205,usesMaterial,entity:material:pigment
entity:artifact:2:205211,usesMaterial,entity:material:ceramic
entity:artifact:2:205212,usesMaterial,entity:material:ceramic
entity:artifact:2:205213,usesMaterial,entity:material:ceramic
entity:artifact:2:205214,usesMaterial,entity:material:ceramic
entity:artifact:2:205215,usesMaterial,entity:material:ceramic
entity:artifact:2:205217,usesMaterial,entity:material:ceramic
entity:artifact:2:205218,usesMaterial,entity:material:ceramic
entity:artifact:2:205219,usesMaterial,entity:material:ceramic
entity:artifact:2:205221,usesMaterial,entity:material:stone
entity:artifact:2:205222,usesMaterial,entity:material:nephrite
entity:artifact:2:205223,usesMaterial,entity:material:nephrite
entity:artifact:2:205224,usesMaterial,entity:material:nephrite
entity:artifact:2:205224,usesMaterial,entity:material:pigment
entity:artifact:2:205226,usesMaterial,entity:material:nephrite
entity:artifact:2:205227,usesMaterial,entity:material:stone
entity:artifact:2:205228,usesMaterial,entity:material:nephrite
entity:artifact:2:205229,usesMaterial,entity:material:ivory
entity:artifact:2:205229,usesMaterial,entity:material:nephrite
entity:artifact:2:205229,usesMaterial,entity:material:pigment
entity:artifact:2:205230,usesMaterial,entity:material:stone
entity:artifact:2:205231,usesMaterial,entity:material:gold
entity:artifact:2:205231,usesMaterial,entity:material:nephrite
entity:artifact:2:205232,usesMaterial,entity:material:ceramic
entity:artifact:2:205233,usesMaterial,entity:material:ceramic
entity:artifact:2:205234,usesMaterial,entity:material:ceramic
entity:artifact:2:205235,usesMaterial,entity:material:earthenware
entity:artifact:2:205238,usesMaterial,entity:material:earthenware
entity:artifact:2:205238,usesMaterial,entity:material:metal
entity:artifact:2:205238,usesMaterial,entity:material:pigment
entity:artifact:2:205239,usesMaterial,entity:material:earthenware
entity:artifact:2:205239,usesMaterial,entity:material:metal
entity:artifact:2:205241,usesMaterial,entity:material:earthenware
entity:artifact:2:205241,usesMaterial,entity:material:ivory
entity:artifact:2:205242,usesMaterial,entity:material:earthenware
entity:artifact:2:205242,usesMaterial,entity:material:ivory
entity:artifact:2:205245,usesMaterial,entity:material:nephrite
entity:artifact:2:205246,usesMaterial,entity:material:gold
entity:artifact:2:205246,usesMaterial,entity:material:porcelain
entity:artifact:2:205247,usesMaterial,entity:material:porcelain
entity:artifact:2:205248,usesMaterial,entity:material:porcelain
entity:artifact:2:205249,usesMaterial,entity:material:stone
entity:artifact:2:205250,usesMaterial,entity:material:nephrite
entity:artifact:2:205251,usesMaterial,entity:material:nephrite
entity:artifact:2:205252,usesMaterial,entity:material:nephrite
entity:artifact:2:205253,usesMaterial,entity:material:nephrite
entity:artifact:2:205254,usesMaterial,entity:material:nephrite
entity:artifact:2:205256,usesMaterial,entity:material:nephrite
entity:artifact:2:205257,usesMaterial,entity:material:nephrite
entity:artifact:2:205258,usesMaterial,entity:material:nephrite
entity:artifact:2:205259,usesMaterial,entity:material:bone
entity:artifact:2:205259,usesMaterial,entity:material:nephrite
entity:artifact:2:205259,usesMaterial,entity:material:pigment
entity:artifact:2:205260,usesMaterial,entity:material:nephrite
entity:artifact:2:205261,usesMaterial,entity:material:stone
entity:artifact:2:205262,usesMaterial,entity:material:nephrite
entity:artifact:2:205263,usesMaterial,entity:material:nephrite
entity:artifact:2:205264,usesMaterial,entity:material:stone
entity:artifact:2:205265,usesMaterial,entity:material:stone
entity:artifact:2:205266,usesMaterial,entity:material:stone
entity:artifact:2:205267,usesMaterial,entity:material:nephrite
entity:artifact:2:205268,usesMaterial,entity:material:nephrite
entity:artifact:2:205269,usesMaterial,entity:material:ivory
entity:artifact:2:205269,usesMaterial,entity:material:nephrite
entity:artifact:2:205269,usesMaterial,entity:material:pigment
entity:artifact:2:205270,usesMaterial,entity:material:ivory
entity:artifact:2:205270,usesMaterial,entity:material:nephrite
entity:artifact:2:205270,usesMaterial,entity:material:pigment
entity:artifact:2:205271,usesMaterial,entity:material:nephrite
entity:artifact:2:205272,usesMaterial,entity:material:stone
entity:artifact:2:205273,usesMaterial,entity:material:nephrite
entity:artifact:2:205274,usesMaterial,entity:material:earthenware
entity:artifact:2:205274,usesMaterial,entity:material:nephrite
entity:artifact:2:205274,usesMaterial,entity:material:pigment
entity:artifact:2:205275,usesMaterial,entity:material:nephrite
entity:artifact:2:205276,usesMaterial,entity:material:pigment
entity:artifact:2:205276,usesMaterial,entity:material:stone
entity:artifact:2:205277,usesMaterial,entity:material:stone
entity:artifact:2:205278,usesMaterial,entity:material:stone
entity:artifact:2:205279,usesMaterial,entity:material:stone
entity:artifact:2:205280,usesMaterial,entity:material:jade
entity:artifact:2:205281,usesMaterial,entity:material:nephrite
entity:artifact:2:205282,usesMaterial,entity:material:jade
entity:artifact:2:205283,usesMaterial,entity:material:nephrite
entity:artifact:2:205284,usesMaterial,entity:material:nephrite
entity:artifact:2:205285,usesMaterial,entity:material:nephrite
entity:artifact:2:205285,usesMaterial,entity:material:pigment
entity:artifact:2:205286,usesMaterial,entity:material:nephrite
entity:artifact:2:205287,usesMaterial,entity:material:ivory
entity:artifact:2:205287,usesMaterial,entity:material:nephrite
entity:artifact:2:205287,usesMaterial,entity:material:pigment
entity:artifact:2:205288,usesMaterial,entity:material:stone
entity:artifact:2:205289,usesMaterial,entity:material:nephrite
entity:artifact:2:205290,usesMaterial,entity:material:porcelain
entity:artifact:2:205291,usesMaterial,entity:material:bone
entity:artifact:2:205291,usesMaterial,entity:material:nephrite
entity:artifact:2:205292,usesMaterial,entity:material:ivory
entity:artifact:2:205292,usesMaterial,entity:material:nephrite
entity:artifact:2:205293,usesMaterial,entity:material:nephrite
entity:artifact:2:205294,usesMaterial,entity:material:nephrite
entity:artifact:2:205295,usesMaterial,entity:material:bone
entity:artifact:2:205295,usesMaterial,entity:material:jade
entity:artifact:2:205295,usesMaterial,entity:material:pigment
entity:artifact:2:205296,usesMaterial,entity:material:ivory
entity:artifact:2:205296,usesMaterial,entity:material:nephrite
entity:artifact:2:205296,usesMaterial,entity:material:pigment
entity:artifact:2:205297,usesMaterial,entity:material:nephrite
entity:artifact:2:205297,usesMaterial,entity:material:pigment
entity:artifact:2:205298,usesMaterial,entity:material:nephrite
entity:artifact:2:205299,usesMaterial,entity:material:stone
entity:artifact:2:205300,usesMaterial,entity:material:stone
entity:artifact:2:205301,usesMaterial,entity:material:nephrite
entity:artifact:2:205302,usesMaterial,entity:material:stone
entity:artifact:2:205303,usesMaterial,entity:material:nephrite
entity:artifact:2:205305,usesMaterial,entity:material:stone
entity:artifact:2:205306,usesMaterial,entity:material:plaster
entity:artifact:2:205307,usesMaterial,entity:material:stone
entity:artifact:2:205309,usesMaterial,entity:material:stone
entity:artifact:2:205310,usesMaterial,entity:material:stone
entity:artifact:2:205311,usesMaterial,entity:material:stone
entity:artifact:2:205312,usesMaterial,entity:material:stone
entity:artifact:2:205313,usesMaterial,entity:material:stone
entity:artifact:2:205322,usesMaterial,entity:material:stone
entity:artifact:2:205323,usesMaterial,entity:material:stone
entity:artifact:2:205324,usesMaterial,entity:material:stone
entity:artifact:2:205325,usesMaterial,entity:material:stone
entity:artifact:2:205329,usesMaterial,entity:material:earthenware
entity:artifact:2:205329,usesMaterial,entity:material:metal
entity:artifact:2:205329,usesMaterial,entity:material:porcelain
entity:artifact:2:205330,usesMaterial,entity:material:earthenware
entity:artifact:2:205330,usesMaterial,entity:material:porcelain
entity:artifact:2:205331,usesMaterial,entity:material:earthenware
entity:artifact:2:205331,usesMaterial,entity:material:porcelain
entity:artifact:2:205332,usesMaterial,entity:material:copper
entity:artifact:2:205332,usesMaterial,entity:material:earthenware
entity:artifact:2:205332,usesMaterial,entity:material:porcelain
entity:artifact:2:205333,usesMaterial,entity:material:copper
entity:artifact:2:205333,usesMaterial,entity:material:earthenware
entity:artifact:2:205333,usesMaterial,entity:material:porcelain
entity:artifact:2:205334,usesMaterial,entity:material:earthenware
entity:artifact:2:205334,usesMaterial,entity:material:porcelain
entity:artifact:2:205336,usesMaterial,entity:material:nephrite
entity:artifact:2:205338,usesMaterial,entity:material:earthenware
entity:artifact:2:205338,usesMaterial,entity:material:iron
entity:artifact:2:205339,usesMaterial,entity:material:earthenware
entity:artifact:2:205339,usesMaterial,entity:material:iron
entity:artifact:2:205340,usesMaterial,entity:material:earthenware
entity:artifact:2:205340,usesMaterial,entity:material:iron
entity:artifact:2:205341,usesMaterial,entity:material:earthenware
entity:artifact:2:205341,usesMaterial,entity:material:porcelain
entity:artifact:2:205342,usesMaterial,entity:material:earthenware
entity:artifact:2:205342,usesMaterial,entity:material:porcelain
entity:artifact:2:205343,usesMaterial,entity:material:earthenware
entity:artifact:2:205343,usesMaterial,entity:material:porcelain
entity:artifact:2:205344,usesMaterial,entity:material:earthenware
entity:artifact:2:205344,usesMaterial,entity:material:porcelain
entity:artifact:2:205345,usesMaterial,entity:material:earthenware
entity:artifact:2:205345,usesMaterial,entity:material:porcelain
entity:artifact:2:205346,usesMaterial,entity:material:earthenware
entity:artifact:2:205346,usesMaterial,entity:material:porcelain
entity:artifact:2:205347,usesMaterial,entity:material:earthenware
entity:artifact:2:205347,usesMaterial,entity:material:porcelain
entity:artifact:2:205348,usesMaterial,entity:material:earthenware
entity:artifact:2:205348,usesMaterial,entity:material:porcelain
entity:artifact:2:205349,usesMaterial,entity:material:nephrite
entity:artifact:2:205349,usesMaterial,entity:material:wood
entity:artifact:2:205350,usesMaterial,entity:material:earthenware
entity:artifact:2:205350,usesMaterial,entity:material:metal
entity:artifact:2:205350,usesMaterial,entity:material:porcelain
entity:artifact:2:205352,usesMaterial,entity:material:earthenware
entity:artifact:2:205352,usesMaterial,entity:material:porcelain
entity:artifact:2:205353,usesMaterial,entity:material:earthenware
entity:artifact:2:205353,usesMaterial,entity:material:porcelain
entity:artifact:2:205354,usesMaterial,entity:material:earthenware
entity:artifact:2:205354,usesMaterial,entity:material:porcelain
entity:artifact:2:205355,usesMaterial,entity:material:earthenware
entity:artifact:2:205355,usesMaterial,entity:material:metal
entity:artifact:2:205355,usesMaterial,entity:material:porcelain
entity:artifact:2:205355,usesMaterial,entity:material:stone
entity:artifact:2:205357,usesMaterial,entity:material:copper
entity:artifact:2:205357,usesMaterial,entity:material:earthenware
entity:artifact:2:205357,usesMaterial,entity:material:porcelain
entity:artifact:2:205358,usesMaterial,entity:material:copper
entity:artifact:2:205358,usesMaterial,entity:material:earthenware
entity:artifact:2:205358,usesMaterial,entity:material:porcelain
entity:artifact:2:205359,usesMaterial,entity:material:copper
entity:artifact:2:205359,usesMaterial,entity:material:earthenware
entity:artifact:2:205359,usesMaterial,entity:material:porcelain
entity:artifact:2:205360,usesMaterial,entity:material:copper
entity:artifact:2:205360,usesMaterial,entity:material:earthenware
entity:artifact:2:205360,usesMaterial,entity:material:porcelain
entity:artifact:2:205361,usesMaterial,entity:material:copper
entity:artifact:2:205361,usesMaterial,entity:material:earthenware
entity:artifact:2:205361,usesMaterial,entity:material:porcelain
entity:artifact:2:205362,usesMaterial,entity:material:nephrite
entity:artifact:2:205363,usesMaterial,entity:material:nephrite
entity:artifact:2:205366,usesMaterial,entity:material:nephrite
entity:artifact:2:205367,usesMaterial,entity:material:nephrite
entity:artifact:2:205368,usesMaterial,entity:material:nephrite
entity:artifact:2:205369,usesMaterial,entity:material:nephrite
entity:artifact:2:205370,usesMaterial,entity:material:jade
entity:artifact:2:205370,usesMaterial,entity:material:nephrite
entity:artifact:2:205371,usesMaterial,entity:material:nephrite
entity:artifact:2:205372,usesMaterial,entity:material:nephrite
entity:artifact:2:205373,usesMaterial,entity:material:jade
entity:artifact:2:205373,usesMaterial,entity:material:nephrite
entity:artifact:2:205376,usesMaterial,entity:material:ink
entity:artifact:2:205376,usesMaterial,entity:material:paper
entity:artifact:2:205376,usesMaterial,entity:material:pigment
entity:artifact:2:205377,usesMaterial,entity:material:enamel
entity:artifact:2:205377,usesMaterial,entity:material:gold
entity:artifact:2:205377,usesMaterial,entity:material:porcelain
entity:artifact:2:205378,usesMaterial,entity:material:earthenware
entity:artifact:2:205378,usesMaterial,entity:material:porcelain
entity:artifact:2:205379,usesMaterial,entity:material:nephrite
entity:artifact:2:205381,usesMaterial,entity:material:jade
entity:artifact:2:205381,usesMaterial,entity:material:nephrite
entity:artifact:2:205382,usesMaterial,entity:material:jade
entity:artifact:2:205382,usesMaterial,entity:material:nephrite
entity:artifact:2:205383,usesMaterial,entity:material:copper
entity:artifact:2:205383,usesMaterial,entity:material:enamel
entity:artifact:2:205384,usesMaterial,entity:material:jadeite
entity:artifact:2:205384,usesMaterial,entity:material:stone
entity:artifact:2:205385,usesMaterial,entity:material:nephrite
entity:artifact:2:205386,usesMaterial,entity:material:stone
entity:artifact:2:205387,usesMaterial,entity:material:nephrite
entity:artifact:2:205388,usesMaterial,entity:material:earthenware
entity:artifact:2:205388,usesMaterial,entity:material:iron
entity:artifact:2:205389,usesMaterial,entity:material:nephrite
entity:artifact:2:205390,usesMaterial,entity:material:copper
entity:artifact:2:205390,usesMaterial,entity:material:stone
entity:artifact:2:205391,usesMaterial,entity:material:gold
entity:artifact:2:205391,usesMaterial,entity:material:nephrite
entity:artifact:2:205391,usesMaterial,entity:material:pigment
entity:artifact:2:205391,usesMaterial,entity:material:silk
entity:artifact:2:205392,usesMaterial,entity:material:nephrite
entity:artifact:2:205394,usesMaterial,entity:material:ink
entity:artifact:2:205394,usesMaterial,entity:material:paper
entity:artifact:2:205395,usesMaterial,entity:material:earthenware
entity:artifact:2:205395,usesMaterial,entity:material:porcelain
entity:artifact:2:205396,usesMaterial,entity:material:nephrite
entity:artifact:2:205399,usesMaterial,entity:material:stone
entity:artifact:2:205400,usesMaterial,entity:material:earthenware
entity:artifact:2:205401,usesMaterial,entity:material:earthenware
entity:artifact:2:205403,usesMaterial,entity:material:earthenware
entity:artifact:2:205403,usesMaterial,entity:material:iron
entity:artifact:2:205404,usesMaterial,entity:material:earthenware
entity:artifact:2:205404,usesMaterial,entity:material:iron
entity:artifact:2:205405,usesMaterial,entity:material:nephrite
entity:artifact:2:205407,usesMaterial,entity:material:jade
entity:artifact:2:205407,usesMaterial,entity:material:nephrite
entity:artifact:2:205407,usesMaterial,entity:material:stone
entity:artifact:2:205408,usesMaterial,entity:material:nephrite
entity:artifact:2:205408,usesMaterial,entity:material:stone
entity:artifact:2:205410,usesMaterial,entity:material:copper
entity:artifact:2:205410,usesMaterial,entity:material:earthenware
entity:artifact:2:205410,usesMaterial,entity:material:porcelain
entity:artifact:2:205411,usesMaterial,entity:material:earthenware
entity:artifact:2:205412,usesMaterial,entity:material:copper
entity:artifact:2:205412,usesMaterial,entity:material:enamel
entity:artifact:2:205413,usesMaterial,entity:material:nephrite
entity:artifact:2:205413,usesMaterial,entity:material:stone
entity:artifact:2:205414,usesMaterial,entity:material:ivory
entity:artifact:2:205415,usesMaterial,entity:material:stone
entity:artifact:2:205417,usesMaterial,entity:material:stone
entity:artifact:2:205418,usesMaterial,entity:material:nephrite
entity:artifact:2:205419,usesMaterial,entity:material:earthenware
entity:artifact:2:205419,usesMaterial,entity:material:iron
entity:artifact:2:205420,usesMaterial,entity:material:earthenware
entity:artifact:2:205420,usesMaterial,entity:material:iron
entity:artifact:2:205421,usesMaterial,entity:material:earthenware
entity:artifact:2:205421,usesMaterial,entity:material:iron
entity:artifact:2:205422,usesMaterial,entity:material:nephrite
entity:artifact:2:205423,usesMaterial,entity:material:jade
entity:artifact:2:205423,usesMaterial,entity:material:nephrite
entity:artifact:2:205424,usesMaterial,entity:material:nephrite
entity:artifact:2:205430,usesMaterial,entity:material:jade
entity:artifact:2:205430,usesMaterial,entity:material:nephrite
entity:artifact:2:205431,usesMaterial,entity:material:jadeite
entity:artifact:2:205435,usesMaterial,entity:material:nephrite
entity:artifact:2:205435,usesMaterial,entity:material:textile
entity:artifact:2:205437,usesMaterial,entity:material:nephrite
entity:artifact:2:205438,usesMaterial,entity:material:nephrite
entity:artifact:2:205439,usesMaterial,entity:material:earthenware
entity:artifact:2:205439,usesMaterial,entity:material:metal
entity:artifact:2:205440,usesMaterial,entity:material:earthenware
entity:artifact:2:205440,usesMaterial,entity:material:metal
entity:artifact:2:205441,usesMaterial,entity:material:porcelain
entity:artifact:2:205442,usesMaterial,entity:material:nephrite
entity:artifact:2:205443,usesMaterial,entity:material:nephrite
entity:artifact:2:205444,usesMaterial,entity:material:nephrite
entity:artifact:2:205445,usesMaterial,entity:material:jadeite
entity:artifact:2:205445,usesMaterial,entity:material:stone
entity:artifact:2:205447,usesMaterial,entity:material:nephrite
entity:artifact:2:205448,usesMaterial,entity:material:earthenware
entity:artifact:2:205448,usesMaterial,entity:material:iron
entity:artifact:2:205450,usesMaterial,entity:material:nephrite
entity:artifact:2:205450,usesMaterial,entity:material:stone
entity:artifact:2:205457,usesMaterial,entity:material:enamel
entity:artifact:2:205457,usesMaterial,entity:material:porcelain
entity:artifact:2:205458,usesMaterial,entity:material:porcelain
entity:artifact:2:205459,usesMaterial,entity:material:enamel
entity:artifact:2:205459,usesMaterial,entity:material:porcelain
entity:artifact:2:205460,usesMaterial,entity:material:bronze
entity:artifact:2:205460,usesMaterial,entity:material:nephrite
entity:artifact:2:205460,usesMaterial,entity:material:wood
entity:artifact:2:205461,usesMaterial,entity:material:nephrite
entity:artifact:2:205464,usesMaterial,entity:material:nephrite
entity:artifact:2:205465,usesMaterial,entity:material:jadeite
entity:artifact:2:205465,usesMaterial,entity:material:stone
entity:artifact:2:205467,usesMaterial,entity:material:nephrite
entity:artifact:2:205468,usesMaterial,entity:material:nephrite
entity:artifact:2:205469,usesMaterial,entity:material:earthenware
entity:artifact:2:205469,usesMaterial,entity:material:metal
entity:artifact:2:205469,usesMaterial,entity:material:pigment
entity:artifact:2:205472,usesMaterial,entity:material:ceramic
entity:artifact:2:205472,usesMaterial,entity:material:earthenware
entity:artifact:2:205473,usesMaterial,entity:material:ceramic
entity:artifact:2:205474,usesMaterial,entity:material:ceramic
entity:artifact:2:205475,usesMaterial,entity:material:copper
entity:artifact:2:205475,usesMaterial,entity:material:earthenware
entity:artifact:2:205475,usesMaterial,entity:material:porcelain
entity:artifact:2:205476,usesMaterial,entity:material:glass
entity:artifact:2:205484,usesMaterial,entity:material:enamel
entity:artifact:2:205484,usesMaterial,entity:material:porcelain
entity:artifact:2:205485,usesMaterial,entity:material:porcelain
entity:artifact:2:205486,usesMaterial,entity:material:ivory
entity:artifact:2:205488,usesMaterial,entity:material:nephrite
entity:artifact:2:205489,usesMaterial,entity:material:jadeite
entity:artifact:2:205489,usesMaterial,entity:material:stone
entity:artifact:2:205490,usesMaterial,entity:material:nephrite
entity:artifact:2:205492,usesMaterial,entity:material:porcelain
entity:artifact:2:205496,usesMaterial,entity:material:enamel
entity:artifact:2:205496,usesMaterial,entity:material:gold
entity:artifact:2:205496,usesMaterial,entity:material:porcelain
entity:artifact:2:205497,usesMaterial,entity:material:porcelain
entity:artifact:2:205498,usesMaterial,entity:material:porcelain
entity:artifact:2:205499,usesMaterial,entity:material:enamel
entity:artifact:2:205499,usesMaterial,entity:material:porcelain
entity:artifact:2:205500,usesMaterial,entity:material:porcelain
entity:artifact:2:205501,usesMaterial,entity:material:porcelain
entity:artifact:2:205502,usesMaterial,entity:material:porcelain
entity:artifact:2:205503,usesMaterial,entity:material:porcelain
entity:artifact:2:205504,usesMaterial,entity:material:porcelain
entity:artifact:2:205505,usesMaterial,entity:material:enamel
entity:artifact:2:205505,usesMaterial,entity:material:porcelain
entity:artifact:2:205506,usesMaterial,entity:material:nephrite
entity:artifact:2:205508,usesMaterial,entity:material:earthenware
entity:artifact:2:205513,usesMaterial,entity:material:gold
entity:artifact:2:205513,usesMaterial,entity:material:porcelain
entity:artifact:2:205515,usesMaterial,entity:material:porcelain
entity:artifact:2:205516,usesMaterial,entity:material:enamel
entity:artifact:2:205516,usesMaterial,entity:material:porcelain
entity:artifact:2:205517,usesMaterial,entity:material:enamel
entity:artifact:2:205517,usesMaterial,entity:material:porcelain
entity:artifact:2:205518,usesMaterial,entity:material:nephrite
entity:artifact:2:205520,usesMaterial,entity:material:jadeite
entity:artifact:2:205520,usesMaterial,entity:material:stone
entity:artifact:2:205521,usesMaterial,entity:material:nephrite
entity:artifact:2:205522,usesMaterial,entity:material:jadeite
entity:artifact:2:205522,usesMaterial,entity:material:stone
entity:artifact:2:205523,usesMaterial,entity:material:copper
entity:artifact:2:205523,usesMaterial,entity:material:earthenware
entity:artifact:2:205523,usesMaterial,entity:material:porcelain
entity:artifact:2:205524,usesMaterial,entity:material:earthenware
entity:artifact:2:205524,usesMaterial,entity:material:iron
entity:artifact:2:205526,usesMaterial,entity:material:earthenware
entity:artifact:2:205526,usesMaterial,entity:material:iron
entity:artifact:2:205528,usesMaterial,entity:material:earthenware
entity:artifact:2:205529,usesMaterial,entity:material:copper
entity:artifact:2:205529,usesMaterial,entity:material:enamel
entity:artifact:2:205531,usesMaterial,entity:material:stone
entity:artifact:2:205535,usesMaterial,entity:material:ink
entity:artifact:2:205535,usesMaterial,entity:material:paper
entity:artifact:2:205535,usesMaterial,entity:material:pigment
entity:artifact:2:205536,usesMaterial,entity:material:ink
entity:artifact:2:205536,usesMaterial,entity:material:paper
entity:artifact:2:205536,usesMaterial,entity:material:pigment
entity:artifact:2:205537,usesMaterial,entity:material:nephrite
entity:artifact:2:205538,usesMaterial,entity:material:nephrite
entity:artifact:2:205541,usesMaterial,entity:material:earthenware
entity:artifact:2:205544,usesMaterial,entity:material:nephrite
entity:artifact:2:205545,usesMaterial,entity:material:nephrite
entity:artifact:2:205546,usesMaterial,entity:material:stone
entity:artifact:2:205547,usesMaterial,entity:material:earthenware
entity:artifact:2:205547,usesMaterial,entity:material:iron
entity:artifact:2:205548,usesMaterial,entity:material:stone
entity:artifact:2:205549,usesMaterial,entity:material:stone
entity:artifact:2:205550,usesMaterial,entity:material:stone
entity:artifact:2:205551,usesMaterial,entity:material:stone
entity:artifact:2:205552,usesMaterial,entity:material:amber
entity:artifact:2:205552,usesMaterial,entity:material:glass
entity:artifact:2:205552,usesMaterial,entity:material:gold
entity:artifact:2:205552,usesMaterial,entity:material:metal
entity:artifact:2:205553,usesMaterial,entity:material:stone
entity:artifact:2:205554,usesMaterial,entity:material:stone
entity:artifact:2:205558,usesMaterial,entity:material:stone
entity:artifact:2:205559,usesMaterial,entity:material:stone
entity:artifact:2:205560,usesMaterial,entity:material:nephrite
entity:artifact:2:205561,usesMaterial,entity:material:stone
entity:artifact:2:205562,usesMaterial,entity:material:stone
entity:artifact:2:205563,usesMaterial,entity:material:stone
entity:artifact:2:205564,usesMaterial,entity:material:nephrite
entity:artifact:2:205565,usesMaterial,entity:material:stone
entity:artifact:2:205566,usesMaterial,entity:material:stone
entity:artifact:2:205567,usesMaterial,entity:material:stone
entity:artifact:2:205568,usesMaterial,entity:material:stone
entity:artifact:2:205569,usesMaterial,entity:material:stone
entity:artifact:2:205571,usesMaterial,entity:material:horn
entity:artifact:2:205572,usesMaterial,entity:material:gold
entity:artifact:2:205572,usesMaterial,entity:material:nephrite
entity:artifact:2:205573,usesMaterial,entity:material:stone
entity:artifact:2:205574,usesMaterial,entity:material:stone
entity:artifact:2:205575,usesMaterial,entity:material:stone
entity:artifact:2:205576,usesMaterial,entity:material:stone
entity:artifact:2:205577,usesMaterial,entity:material:enamel
entity:artifact:2:205577,usesMaterial,entity:material:porcelain
entity:artifact:2:205579,usesMaterial,entity:material:stone
entity:artifact:2:205581,usesMaterial,entity:material:stone
entity:artifact:2:205582,usesMaterial,entity:material:stone
entity:artifact:2:205583,usesMaterial,entity:material:stone
entity:artifact:2:205584,usesMaterial,entity:material:stone
entity:artifact:2:205585,usesMaterial,entity:material:stone
entity:artifact:2:205586,usesMaterial,entity:material:stone
entity:artifact:2:205587,usesMaterial,entity:material:stone
entity:artifact:2:205589,usesMaterial,entity:material:stone
entity:artifact:2:205590,usesMaterial,entity:material:stone
entity:artifact:2:205591,usesMaterial,entity:material:stone
entity:artifact:2:205592,usesMaterial,entity:material:stone
entity:artifact:2:205594,usesMaterial,entity:material:stone
entity:artifact:2:205595,usesMaterial,entity:material:stone
entity:artifact:2:205596,usesMaterial,entity:material:porcelain
entity:artifact:2:205597,usesMaterial,entity:material:porcelain
entity:artifact:2:205598,usesMaterial,entity:material:porcelain
entity:artifact:2:205599,usesMaterial,entity:material:bronze
entity:artifact:2:205599,usesMaterial,entity:material:gold
entity:artifact:2:205599,usesMaterial,entity:material:porcelain
entity:artifact:2:205603,usesMaterial,entity:material:stone
entity:artifact:2:205604,usesMaterial,entity:material:stone
entity:artifact:2:205605,usesMaterial,entity:material:stone
entity:artifact:2:205606,usesMaterial,entity:material:stone
entity:artifact:2:205607,usesMaterial,entity:material:stone
entity:artifact:2:205609,usesMaterial,entity:material:stone
entity:artifact:2:205610,usesMaterial,entity:material:stone
entity:artifact:2:205611,usesMaterial,entity:material:stone
entity:artifact:2:205612,usesMaterial,entity:material:ink
entity:artifact:2:205612,usesMaterial,entity:material:paper
entity:artifact:2:205612,usesMaterial,entity:material:pigment
entity:artifact:2:205613,usesMaterial,entity:material:ink
entity:artifact:2:205613,usesMaterial,entity:material:paper
entity:artifact:2:205613,usesMaterial,entity:material:pigment
entity:artifact:2:205614,usesMaterial,entity:material:ink
entity:artifact:2:205614,usesMaterial,entity:material:paper
entity:artifact:2:205614,usesMaterial,entity:material:pigment
entity:artifact:2:205615,usesMaterial,entity:material:ink
entity:artifact:2:205615,usesMaterial,entity:material:paper
entity:artifact:2:205615,usesMaterial,entity:material:pigment
entity:artifact:2:205616,usesMaterial,entity:material:ink
entity:artifact:2:205616,usesMaterial,entity:material:paper
entity:artifact:2:205616,usesMaterial,entity:material:pigment
entity:artifact:2:205617,usesMaterial,entity:material:ink
entity:artifact:2:205617,usesMaterial,entity:material:paper
entity:artifact:2:205617,usesMaterial,entity:material:pigment
entity:artifact:2:205618,usesMaterial,entity:material:ink
entity:artifact:2:205618,usesMaterial,entity:material:paper
entity:artifact:2:205618,usesMaterial,entity:material:pigment
entity:artifact:2:205619,usesMaterial,entity:material:ink
entity:artifact:2:205619,usesMaterial,entity:material:paper
entity:artifact:2:205619,usesMaterial,entity:material:pigment
entity:artifact:2:205620,usesMaterial,entity:material:ink
entity:artifact:2:205620,usesMaterial,entity:material:paper
entity:artifact:2:205620,usesMaterial,entity:material:pigment
entity:artifact:2:205621,usesMaterial,entity:material:ink
entity:artifact:2:205621,usesMaterial,entity:material:paper
entity:artifact:2:205621,usesMaterial,entity:material:pigment
entity:artifact:2:205622,usesMaterial,entity:material:earthenware
entity:artifact:2:205622,usesMaterial,entity:material:porcelain
entity:artifact:2:205625,usesMaterial,entity:material:nephrite
entity:artifact:2:205626,usesMaterial,entity:material:stone
entity:artifact:2:205627,usesMaterial,entity:material:stone
entity:artifact:2:205628,usesMaterial,entity:material:stone
entity:artifact:2:205629,usesMaterial,entity:material:nephrite
entity:artifact:2:205630,usesMaterial,entity:material:stone
entity:artifact:2:205631,usesMaterial,entity:material:stone
entity:artifact:2:205632,usesMaterial,entity:material:stone
entity:artifact:2:205633,usesMaterial,entity:material:stone
entity:artifact:2:205634,usesMaterial,entity:material:stone
entity:artifact:2:205635,usesMaterial,entity:material:amber
entity:artifact:2:205635,usesMaterial,entity:material:glass
entity:artifact:2:205635,usesMaterial,entity:material:gold
entity:artifact:2:205635,usesMaterial,entity:material:metal
entity:artifact:2:205641,usesMaterial,entity:material:ink
entity:artifact:2:205641,usesMaterial,entity:material:paper
entity:artifact:2:205642,usesMaterial,entity:material:ink
entity:artifact:2:205642,usesMaterial,entity:material:paper
entity:artifact:2:205642,usesMaterial,entity:material:pigment
entity:artifact:2:205643,usesMaterial,entity:material:ink
entity:artifact:2:205643,usesMaterial,entity:material:paper
entity:artifact:2:205643,usesMaterial,entity:material:pigment
entity:artifact:2:205644,usesMaterial,entity:material:ink
entity:artifact:2:205644,usesMaterial,entity:material:paper
entity:artifact:2:205645,usesMaterial,entity:material:ink
entity:artifact:2:205645,usesMaterial,entity:material:paper
entity:artifact:2:205646,usesMaterial,entity:material:ink
entity:artifact:2:205646,usesMaterial,entity:material:paper
entity:artifact:2:205646,usesMaterial,entity:material:pigment
entity:artifact:2:205647,usesMaterial,entity:material:ink
entity:artifact:2:205647,usesMaterial,entity:material:paper
entity:artifact:2:205647,usesMaterial,entity:material:pigment
entity:artifact:2:205648,usesMaterial,entity:material:earthenware
entity:artifact:2:205649,usesMaterial,entity:material:earthenware
entity:artifact:2:205649,usesMaterial,entity:material:porcelain
entity:artifact:2:205650,usesMaterial,entity:material:earthenware
entity:artifact:2:205650,usesMaterial,entity:material:porcelain
entity:artifact:2:205651,usesMaterial,entity:material:earthenware
entity:artifact:2:205651,usesMaterial,entity:material:porcelain
entity:artifact:2:205652,usesMaterial,entity:material:ink
entity:artifact:2:205652,usesMaterial,entity:material:paper
entity:artifact:2:205652,usesMaterial,entity:material:pigment
entity:artifact:2:205653,usesMaterial,entity:material:ink
entity:artifact:2:205653,usesMaterial,entity:material:paper
entity:artifact:2:205653,usesMaterial,entity:material:pigment
entity:artifact:2:205654,usesMaterial,entity:material:ink
entity:artifact:2:205654,usesMaterial,entity:material:paper
entity:artifact:2:205654,usesMaterial,entity:material:pigment
entity:artifact:2:205655,usesMaterial,entity:material:ink
entity:artifact:2:205655,usesMaterial,entity:material:paper
entity:artifact:2:205655,usesMaterial,entity:material:pigment
entity:artifact:2:205656,usesMaterial,entity:material:ink
entity:artifact:2:205656,usesMaterial,entity:material:paper
entity:artifact:2:205656,usesMaterial,entity:material:pigment
entity:artifact:2:205657,usesMaterial,entity:material:nephrite
entity:artifact:2:205658,usesMaterial,entity:material:earthenware
entity:artifact:2:205658,usesMaterial,entity:material:porcelain
entity:artifact:2:205659,usesMaterial,entity:material:earthenware
entity:artifact:2:205659,usesMaterial,entity:material:porcelain
entity:artifact:2:205660,usesMaterial,entity:material:earthenware
entity:artifact:2:205660,usesMaterial,entity:material:porcelain
entity:artifact:2:205661,usesMaterial,entity:material:earthenware
entity:artifact:2:205661,usesMaterial,entity:material:porcelain
entity:artifact:2:205662,usesMaterial,entity:material:earthenware
entity:artifact:2:205662,usesMaterial,entity:material:porcelain
entity:artifact:2:205663,usesMaterial,entity:material:ink
entity:artifact:2:205663,usesMaterial,entity:material:paper
entity:artifact:2:205663,usesMaterial,entity:material:pigment
entity:artifact:2:205664,usesMaterial,entity:material:ink
entity:artifact:2:205664,usesMaterial,entity:material:paper
entity:artifact:2:205664,usesMaterial,entity:material:pigment
entity:artifact:2:205665,usesMaterial,entity:material:ink
entity:artifact:2:205665,usesMaterial,entity:material:paper
entity:artifact:2:205665,usesMaterial,entity:material:pigment
entity:artifact:2:205666,usesMaterial,entity:material:ink
entity:artifact:2:205666,usesMaterial,entity:material:paper
entity:artifact:2:205666,usesMaterial,entity:material:pigment
entity:artifact:2:205667,usesMaterial,entity:material:nephrite
entity:artifact:2:205668,usesMaterial,entity:material:earthenware
entity:artifact:2:205668,usesMaterial,entity:material:porcelain
entity:artifact:2:205669,usesMaterial,entity:material:earthenware
entity:artifact:2:205669,usesMaterial,entity:material:porcelain
entity:artifact:2:205670,usesMaterial,entity:material:earthenware
entity:artifact:2:205670,usesMaterial,entity:material:porcelain
entity:artifact:2:205671,usesMaterial,entity:material:earthenware
entity:artifact:2:205671,usesMaterial,entity:material:porcelain
entity:artifact:2:205672,usesMaterial,entity:material:earthenware
entity:artifact:2:205672,usesMaterial,entity:material:porcelain
entity:artifact:2:205673,usesMaterial,entity:material:earthenware
entity:artifact:2:205673,usesMaterial,entity:material:porcelain
entity:artifact:2:205686,usesMaterial,entity:material:earthenware
entity:artifact:2:205686,usesMaterial,entity:material:porcelain
entity:artifact:2:205687,usesMaterial,entity:material:earthenware
entity:artifact:2:205687,usesMaterial,entity:material:porcelain
entity:artifact:2:205688,usesMaterial,entity:material:earthenware
entity:artifact:2:205688,usesMaterial,entity:material:porcelain
entity:artifact:2:205689,usesMaterial,entity:material:earthenware
entity:artifact:2:205689,usesMaterial,entity:material:porcelain
entity:artifact:2:205690,usesMaterial,entity:material:earthenware
entity:artifact:2:205690,usesMaterial,entity:material:porcelain
entity:artifact:2:205691,usesMaterial,entity:material:earthenware
entity:artifact:2:205691,usesMaterial,entity:material:porcelain
entity:artifact:2:205692,usesMaterial,entity:material:earthenware
entity:artifact:2:205692,usesMaterial,entity:material:porcelain
entity:artifact:2:205693,usesMaterial,entity:material:earthenware
entity:artifact:2:205693,usesMaterial,entity:material:porcelain
entity:artifact:2:205694,usesMaterial,entity:material:earthenware
entity:artifact:2:205694,usesMaterial,entity:material:porcelain
entity:artifact:2:205695,usesMaterial,entity:material:earthenware
entity:artifact:2:205695,usesMaterial,entity:material:porcelain
entity:artifact:2:205696,usesMaterial,entity:material:earthenware
entity:artifact:2:205696,usesMaterial,entity:material:porcelain
entity:artifact:2:205710,usesMaterial,entity:material:earthenware
entity:artifact:2:205710,usesMaterial,entity:material:porcelain
entity:artifact:2:205711,usesMaterial,entity:material:earthenware
entity:artifact:2:205711,usesMaterial,entity:material:porcelain
entity:artifact:2:205712,usesMaterial,entity:material:earthenware
entity:artifact:2:205712,usesMaterial,entity:material:porcelain
entity:artifact:2:205713,usesMaterial,entity:material:earthenware
entity:artifact:2:205713,usesMaterial,entity:material:porcelain
entity:artifact:2:205714,usesMaterial,entity:material:earthenware
entity:artifact:2:205714,usesMaterial,entity:material:porcelain
entity:artifact:2:205715,usesMaterial,entity:material:earthenware
entity:artifact:2:205715,usesMaterial,entity:material:porcelain
entity:artifact:2:205716,usesMaterial,entity:material:earthenware
entity:artifact:2:205716,usesMaterial,entity:material:porcelain
entity:artifact:2:205717,usesMaterial,entity:material:earthenware
entity:artifact:2:205717,usesMaterial,entity:material:porcelain
entity:artifact:2:205718,usesMaterial,entity:material:earthenware
entity:artifact:2:205718,usesMaterial,entity:material:porcelain
entity:artifact:2:205719,usesMaterial,entity:material:earthenware
entity:artifact:2:205719,usesMaterial,entity:material:porcelain
entity:artifact:2:205720,usesMaterial,entity:material:earthenware
entity:artifact:2:205720,usesMaterial,entity:material:porcelain
entity:artifact:2:205733,usesMaterial,entity:material:stone
entity:artifact:2:205734,usesMaterial,entity:material:stone
entity:artifact:2:205735,usesMaterial,entity:material:stone
entity:artifact:2:205736,usesMaterial,entity:material:stone
entity:artifact:2:205741,usesMaterial,entity:material:stone
entity:artifact:2:205742,usesMaterial,entity:material:stone
entity:artifact:2:205743,usesMaterial,entity:material:stone
entity:artifact:2:205752,usesMaterial,entity:material:stone
entity:artifact:2:205753,usesMaterial,entity:material:stone
entity:artifact:2:205754,usesMaterial,entity:material:stone
entity:artifact:2:205755,usesMaterial,entity:material:stone
entity:artifact:2:205767,usesMaterial,entity:material:copper
entity:artifact:2:205767,usesMaterial,entity:material:earthenware
entity:artifact:2:205767,usesMaterial,entity:material:porcelain
entity:artifact:2:205768,usesMaterial,entity:material:earthenware
entity:artifact:2:205768,usesMaterial,entity:material:porcelain
entity:artifact:2:205769,usesMaterial,entity:material:earthenware
entity:artifact:2:205769,usesMaterial,entity:material:porcelain
entity:artifact:2:205770,usesMaterial,entity:material:earthenware
entity:artifact:2:205770,usesMaterial,entity:material:porcelain
entity:artifact:2:205771,usesMaterial,entity:material:earthenware
entity:artifact:2:205771,usesMaterial,entity:material:porcelain
entity:artifact:2:205772,usesMaterial,entity:material:earthenware
entity:artifact:2:205772,usesMaterial,entity:material:porcelain
entity:artifact:2:205773,usesMaterial,entity:material:earthenware
entity:artifact:2:205773,usesMaterial,entity:material:metal
entity:artifact:2:205773,usesMaterial,entity:material:porcelain
entity:artifact:2:205774,usesMaterial,entity:material:copper
entity:artifact:2:205774,usesMaterial,entity:material:earthenware
entity:artifact:2:205774,usesMaterial,entity:material:porcelain
entity:artifact:2:205775,usesMaterial,entity:material:copper
entity:artifact:2:205775,usesMaterial,entity:material:earthenware
entity:artifact:2:205775,usesMaterial,entity:material:porcelain
entity:artifact:2:205776,usesMaterial,entity:material:earthenware
entity:artifact:2:205776,usesMaterial,entity:material:porcelain
entity:artifact:2:205777,usesMaterial,entity:material:nephrite
entity:artifact:2:205778,usesMaterial,entity:material:nephrite
entity:artifact:2:205780,usesMaterial,entity:material:stone
entity:artifact:2:205781,usesMaterial,entity:material:stone
entity:artifact:2:205782,usesMaterial,entity:material:stone
entity:artifact:2:205783,usesMaterial,entity:material:stone
entity:artifact:2:205784,usesMaterial,entity:material:stone
entity:artifact:2:205785,usesMaterial,entity:material:nephrite
entity:artifact:2:205786,usesMaterial,entity:material:ink
entity:artifact:2:205786,usesMaterial,entity:material:paper
entity:artifact:2:205786,usesMaterial,entity:material:pigment
entity:artifact:2:205787,usesMaterial,entity:material:ink
entity:artifact:2:205787,usesMaterial,entity:material:paper
entity:artifact:2:205787,usesMaterial,entity:material:pigment
entity:artifact:2:205788,usesMaterial,entity:material:ink
entity:artifact:2:205788,usesMaterial,entity:material:paper
entity:artifact:2:205789,usesMaterial,entity:material:ink
entity:artifact:2:205789,usesMaterial,entity:material:paper
entity:artifact:2:205789,usesMaterial,entity:material:pigment
entity:artifact:2:205792,usesMaterial,entity:material:earthenware
entity:artifact:2:205793,usesMaterial,entity:material:earthenware
entity:artifact:2:205794,usesMaterial,entity:material:earthenware
entity:artifact:2:205796,usesMaterial,entity:material:ink
entity:artifact:2:205796,usesMaterial,entity:material:paper
entity:artifact:2:205796,usesMaterial,entity:material:pigment
entity:artifact:2:205797,usesMaterial,entity:material:ink
entity:artifact:2:205797,usesMaterial,entity:material:paper
entity:artifact:2:205797,usesMaterial,entity:material:pigment
entity:artifact:2:205798,usesMaterial,entity:material:ink
entity:artifact:2:205798,usesMaterial,entity:material:paper
entity:artifact:2:205798,usesMaterial,entity:material:pigment
entity:artifact:2:205799,usesMaterial,entity:material:ink
entity:artifact:2:205799,usesMaterial,entity:material:paper
entity:artifact:2:205799,usesMaterial,entity:material:pigment
entity:artifact:2:205800,usesMaterial,entity:material:ink
entity:artifact:2:205800,usesMaterial,entity:material:paper
entity:artifact:2:205800,usesMaterial,entity:material:pigment
entity:artifact:2:205801,usesMaterial,entity:material:ink
entity:artifact:2:205801,usesMaterial,entity:material:paper
entity:artifact:2:205801,usesMaterial,entity:material:pigment
entity:artifact:2:205802,usesMaterial,entity:material:ink
entity:artifact:2:205802,usesMaterial,entity:material:paper
entity:artifact:2:205802,usesMaterial,entity:material:pigment
entity:artifact:2:205803,usesMaterial,entity:material:ink
entity:artifact:2:205803,usesMaterial,entity:material:paper
entity:artifact:2:205803,usesMaterial,entity:material:pigment
entity:artifact:2:205804,usesMaterial,entity:material:ink
entity:artifact:2:205804,usesMaterial,entity:material:paper
entity:artifact:2:205804,usesMaterial,entity:material:pigment
entity:artifact:2:205805,usesMaterial,entity:material:ink
entity:artifact:2:205805,usesMaterial,entity:material:paper
entity:artifact:2:205805,usesMaterial,entity:material:pigment
entity:artifact:2:205806,usesMaterial,entity:material:ink
entity:artifact:2:205806,usesMaterial,entity:material:paper
entity:artifact:2:205806,usesMaterial,entity:material:pigment
entity:artifact:2:205808,usesMaterial,entity:material:ink
entity:artifact:2:205808,usesMaterial,entity:material:paper
entity:artifact:2:205809,usesMaterial,entity:material:ink
entity:artifact:2:205809,usesMaterial,entity:material:paper
entity:artifact:2:205810,usesMaterial,entity:material:ink
entity:artifact:2:205810,usesMaterial,entity:material:paper
entity:artifact:2:205810,usesMaterial,entity:material:pigment
entity:artifact:2:205811,usesMaterial,entity:material:ink
entity:artifact:2:205811,usesMaterial,entity:material:paper
entity:artifact:2:205811,usesMaterial,entity:material:pigment
entity:artifact:2:205812,usesMaterial,entity:material:ink
entity:artifact:2:205812,usesMaterial,entity:material:paper
entity:artifact:2:205812,usesMaterial,entity:material:pigment
entity:artifact:2:205813,usesMaterial,entity:material:ink
entity:artifact:2:205813,usesMaterial,entity:material:paper
entity:artifact:2:205813,usesMaterial,entity:material:pigment
entity:artifact:2:205814,usesMaterial,entity:material:ink
entity:artifact:2:205814,usesMaterial,entity:material:paper
entity:artifact:2:205814,usesMaterial,entity:material:pigment
entity:artifact:2:205815,usesMaterial,entity:material:ink
entity:artifact:2:205815,usesMaterial,entity:material:paper
entity:artifact:2:205816,usesMaterial,entity:material:ink
entity:artifact:2:205816,usesMaterial,entity:material:paper
entity:artifact:2:205817,usesMaterial,entity:material:ink
entity:artifact:2:205817,usesMaterial,entity:material:paper
entity:artifact:2:205818,usesMaterial,entity:material:ink
entity:artifact:2:205818,usesMaterial,entity:material:paper
entity:artifact:2:205819,usesMaterial,entity:material:ink
entity:artifact:2:205819,usesMaterial,entity:material:paper
entity:artifact:2:205819,usesMaterial,entity:material:pigment
entity:artifact:2:205820,usesMaterial,entity:material:ink
entity:artifact:2:205820,usesMaterial,entity:material:paper
entity:artifact:2:205820,usesMaterial,entity:material:pigment
entity:artifact:2:205821,usesMaterial,entity:material:ink
entity:artifact:2:205821,usesMaterial,entity:material:paper
entity:artifact:2:205821,usesMaterial,entity:material:pigment
entity:artifact:2:205822,usesMaterial,entity:material:ink
entity:artifact:2:205822,usesMaterial,entity:material:paper
entity:artifact:2:205822,usesMaterial,entity:material:pigment
entity:artifact:2:205823,usesMaterial,entity:material:ink
entity:artifact:2:205823,usesMaterial,entity:material:paper
entity:artifact:2:205823,usesMaterial,entity:material:pigment
entity:artifact:2:205824,usesMaterial,entity:material:ink
entity:artifact:2:205824,usesMaterial,entity:material:paper
entity:artifact:2:205824,usesMaterial,entity:material:pigment
entity:artifact:2:205825,usesMaterial,entity:material:ink
entity:artifact:2:205825,usesMaterial,entity:material:paper
entity:artifact:2:205825,usesMaterial,entity:material:pigment
entity:artifact:2:205826,usesMaterial,entity:material:earthenware
entity:artifact:2:205830,usesMaterial,entity:material:ink
entity:artifact:2:205830,usesMaterial,entity:material:paper
entity:artifact:2:205830,usesMaterial,entity:material:pigment
entity:artifact:2:205831,usesMaterial,entity:material:ink
entity:artifact:2:205831,usesMaterial,entity:material:paper
entity:artifact:2:205831,usesMaterial,entity:material:pigment
entity:artifact:2:205832,usesMaterial,entity:material:ink
entity:artifact:2:205832,usesMaterial,entity:material:paper
entity:artifact:2:205832,usesMaterial,entity:material:pigment
entity:artifact:2:205833,usesMaterial,entity:material:ink
entity:artifact:2:205833,usesMaterial,entity:material:paper
entity:artifact:2:205833,usesMaterial,entity:material:pigment
entity:artifact:2:205835,usesMaterial,entity:material:metal
entity:artifact:2:205835,usesMaterial,entity:material:porcelain
entity:artifact:2:205836,usesMaterial,entity:material:earthenware
entity:artifact:2:205836,usesMaterial,entity:material:pigment
entity:artifact:2:205842,usesMaterial,entity:material:ink
entity:artifact:2:205842,usesMaterial,entity:material:paper
entity:artifact:2:205842,usesMaterial,entity:material:pigment
entity:artifact:2:205843,usesMaterial,entity:material:ink
entity:artifact:2:205843,usesMaterial,entity:material:paper
entity:artifact:2:205843,usesMaterial,entity:material:pigment
entity:artifact:2:205844,usesMaterial,entity:material:ink
entity:artifact:2:205844,usesMaterial,entity:material:paper
entity:artifact:2:205844,usesMaterial,entity:material:pigment
entity:artifact:2:205845,usesMaterial,entity:material:ink
entity:artifact:2:205845,usesMaterial,entity:material:paper
entity:artifact:2:205845,usesMaterial,entity:material:pigment
entity:artifact:2:205846,usesMaterial,entity:material:ink
entity:artifact:2:205846,usesMaterial,entity:material:paper
entity:artifact:2:205846,usesMaterial,entity:material:pigment
entity:artifact:2:205847,usesMaterial,entity:material:ink
entity:artifact:2:205847,usesMaterial,entity:material:paper
entity:artifact:2:205847,usesMaterial,entity:material:pigment
entity:artifact:2:205848,usesMaterial,entity:material:ink
entity:artifact:2:205848,usesMaterial,entity:material:paper
entity:artifact:2:205848,usesMaterial,entity:material:pigment
entity:artifact:2:205849,usesMaterial,entity:material:ink
entity:artifact:2:205849,usesMaterial,entity:material:paper
entity:artifact:2:205849,usesMaterial,entity:material:pigment
entity:artifact:2:205850,usesMaterial,entity:material:ink
entity:artifact:2:205850,usesMaterial,entity:material:paper
entity:artifact:2:205850,usesMaterial,entity:material:pigment
entity:artifact:2:205851,usesMaterial,entity:material:porcelain
entity:artifact:2:205852,usesMaterial,entity:material:porcelain
entity:artifact:2:205860,usesMaterial,entity:material:enamel
entity:artifact:2:205860,usesMaterial,entity:material:porcelain
entity:artifact:2:205861,usesMaterial,entity:material:porcelain
entity:artifact:2:205863,usesMaterial,entity:material:enamel
entity:artifact:2:205863,usesMaterial,entity:material:porcelain
entity:artifact:2:205866,usesMaterial,entity:material:ink
entity:artifact:2:205866,usesMaterial,entity:material:paper
entity:artifact:2:205866,usesMaterial,entity:material:pigment
entity:artifact:2:205867,usesMaterial,entity:material:ink
entity:artifact:2:205867,usesMaterial,entity:material:paper
entity:artifact:2:205867,usesMaterial,entity:material:pigment
entity:artifact:2:205868,usesMaterial,entity:material:ink
entity:artifact:2:205868,usesMaterial,entity:material:paper
entity:artifact:2:205868,usesMaterial,entity:material:pigment
entity:artifact:2:205871,usesMaterial,entity:material:earthenware
entity:artifact:2:205871,usesMaterial,entity:material:pigment
entity:artifact:2:205876,usesMaterial,entity:material:enamel
entity:artifact:2:205876,usesMaterial,entity:material:porcelain
entity:artifact:2:205876,usesMaterial,entity:material:stone
entity:artifact:2:205878,usesMaterial,entity:material:ink
entity:artifact:2:205878,usesMaterial,entity:material:paper
entity:artifact:2:205878,usesMaterial,entity:material:pigment
entity:artifact:2:205879,usesMaterial,entity:material:ink
entity:artifact:2:205879,usesMaterial,entity:material:paper
entity:artifact:2:205879,usesMaterial,entity:material:pigment
entity:artifact:2:205880,usesMaterial,entity:material:ink
entity:artifact:2:205880,usesMaterial,entity:material:paper
entity:artifact:2:205880,usesMaterial,entity:material:pigment
entity:artifact:2:205881,usesMaterial,entity:material:porcelain
entity:artifact:2:205882,usesMaterial,entity:material:porcelain
entity:artifact:2:205883,usesMaterial,entity:material:enamel
entity:artifact:2:205883,usesMaterial,entity:material:porcelain
entity:artifact:2:205884,usesMaterial,entity:material:porcelain
entity:artifact:2:205885,usesMaterial,entity:material:porcelain
entity:artifact:2:205886,usesMaterial,entity:material:porcelain
entity:artifact:2:205887,usesMaterial,entity:material:porcelain
entity:artifact:2:205888,usesMaterial,entity:material:porcelain
entity:artifact:2:205889,usesMaterial,entity:material:porcelain
entity:artifact:2:205890,usesMaterial,entity:material:porcelain
entity:artifact:2:205891,usesMaterial,entity:material:enamel
entity:artifact:2:205891,usesMaterial,entity:material:porcelain
entity:artifact:2:205892,usesMaterial,entity:material:stone
entity:artifact:2:205893,usesMaterial,entity:material:stone
entity:artifact:2:205894,usesMaterial,entity:material:stone
entity:artifact:2:205895,usesMaterial,entity:material:stone
entity:artifact:2:205896,usesMaterial,entity:material:enamel
entity:artifact:2:205896,usesMaterial,entity:material:porcelain
entity:artifact:2:205897,usesMaterial,entity:material:porcelain
entity:artifact:2:205898,usesMaterial,entity:material:porcelain
entity:artifact:2:205899,usesMaterial,entity:material:ink
entity:artifact:2:205899,usesMaterial,entity:material:paper
entity:artifact:2:205906,usesMaterial,entity:material:enamel
entity:artifact:2:205906,usesMaterial,entity:material:gold
entity:artifact:2:205906,usesMaterial,entity:material:porcelain
entity:artifact:2:205907,usesMaterial,entity:material:ink
entity:artifact:2:205907,usesMaterial,entity:material:paper
entity:artifact:2:205907,usesMaterial,entity:material:pigment
entity:artifact:2:205908,usesMaterial,entity:material:ink
entity:artifact:2:205908,usesMaterial,entity:material:paper
entity:artifact:2:205908,usesMaterial,entity:material:pigment
entity:artifact:2:205909,usesMaterial,entity:material:ink
entity:artifact:2:205909,usesMaterial,entity:material:paper
entity:artifact:2:205909,usesMaterial,entity:material:pigment
entity:artifact:2:205910,usesMaterial,entity:material:ink
entity:artifact:2:205910,usesMaterial,entity:material:paper
entity:artifact:2:205910,usesMaterial,entity:material:pigment
entity:artifact:2:205911,usesMaterial,entity:material:ink
entity:artifact:2:205911,usesMaterial,entity:material:paper
entity:artifact:2:205911,usesMaterial,entity:material:pigment
entity:artifact:2:205912,usesMaterial,entity:material:ink
entity:artifact:2:205912,usesMaterial,entity:material:paper
entity:artifact:2:205912,usesMaterial,entity:material:pigment
entity:artifact:2:205913,usesMaterial,entity:material:ink
entity:artifact:2:205913,usesMaterial,entity:material:paper
entity:artifact:2:205913,usesMaterial,entity:material:pigment
entity:artifact:2:205914,usesMaterial,entity:material:ink
entity:artifact:2:205914,usesMaterial,entity:material:paper
entity:artifact:2:205915,usesMaterial,entity:material:ink
entity:artifact:2:205915,usesMaterial,entity:material:paper
entity:artifact:2:205916,usesMaterial,entity:material:ink
entity:artifact:2:205916,usesMaterial,entity:material:paper
entity:artifact:2:205916,usesMaterial,entity:material:pigment
entity:artifact:2:205917,usesMaterial,entity:material:ink
entity:artifact:2:205917,usesMaterial,entity:material:paper
entity:artifact:2:205917,usesMaterial,entity:material:pigment
entity:artifact:2:205918,usesMaterial,entity:material:ink
entity:artifact:2:205918,usesMaterial,entity:material:paper
entity:artifact:2:205918,usesMaterial,entity:material:pigment
entity:artifact:2:205919,usesMaterial,entity:material:ink
entity:artifact:2:205919,usesMaterial,entity:material:paper
entity:artifact:2:205919,usesMaterial,entity:material:pigment
entity:artifact:2:205920,usesMaterial,entity:material:ink
entity:artifact:2:205920,usesMaterial,entity:material:paper
entity:artifact:2:205921,usesMaterial,entity:material:ink
entity:artifact:2:205921,usesMaterial,entity:material:paper
entity:artifact:2:205922,usesMaterial,entity:material:porcelain
entity:artifact:2:205923,usesMaterial,entity:material:ink
entity:artifact:2:205923,usesMaterial,entity:material:paper
entity:artifact:2:205923,usesMaterial,entity:material:pigment
entity:artifact:2:205924,usesMaterial,entity:material:ink
entity:artifact:2:205924,usesMaterial,entity:material:paper
entity:artifact:2:205924,usesMaterial,entity:material:pigment
entity:artifact:2:205925,usesMaterial,entity:material:ink
entity:artifact:2:205925,usesMaterial,entity:material:paper
entity:artifact:2:205925,usesMaterial,entity:material:pigment
entity:artifact:2:205926,usesMaterial,entity:material:ink
entity:artifact:2:205926,usesMaterial,entity:material:paper
entity:artifact:2:205926,usesMaterial,entity:material:pigment
entity:artifact:2:205927,usesMaterial,entity:material:ink
entity:artifact:2:205927,usesMaterial,entity:material:paper
entity:artifact:2:205927,usesMaterial,entity:material:pigment
entity:artifact:2:205928,usesMaterial,entity:material:ink
entity:artifact:2:205928,usesMaterial,entity:material:paper
entity:artifact:2:205928,usesMaterial,entity:material:pigment
entity:artifact:2:205929,usesMaterial,entity:material:enamel
entity:artifact:2:205929,usesMaterial,entity:material:porcelain
entity:artifact:2:205930,usesMaterial,entity:material:enamel
entity:artifact:2:205930,usesMaterial,entity:material:porcelain
entity:artifact:2:205931,usesMaterial,entity:material:ink
entity:artifact:2:205931,usesMaterial,entity:material:paper
entity:artifact:2:205931,usesMaterial,entity:material:pigment
entity:artifact:2:205932,usesMaterial,entity:material:ink
entity:artifact:2:205932,usesMaterial,entity:material:paper
entity:artifact:2:205933,usesMaterial,entity:material:porcelain
entity:artifact:2:205934,usesMaterial,entity:material:ink
entity:artifact:2:205934,usesMaterial,entity:material:paper
entity:artifact:2:205934,usesMaterial,entity:material:pigment
entity:artifact:2:205935,usesMaterial,entity:material:ink
entity:artifact:2:205935,usesMaterial,entity:material:paper
entity:artifact:2:205935,usesMaterial,entity:material:pigment
entity:artifact:2:205936,usesMaterial,entity:material:ink
entity:artifact:2:205936,usesMaterial,entity:material:paper
entity:artifact:2:205936,usesMaterial,entity:material:pigment
entity:artifact:2:205937,usesMaterial,entity:material:ink
entity:artifact:2:205937,usesMaterial,entity:material:paper
entity:artifact:2:205937,usesMaterial,entity:material:pigment
entity:artifact:2:205938,usesMaterial,entity:material:ink
entity:artifact:2:205938,usesMaterial,entity:material:paper
entity:artifact:2:205939,usesMaterial,entity:material:ink
entity:artifact:2:205939,usesMaterial,entity:material:paper
entity:artifact:2:205940,usesMaterial,entity:material:ink
entity:artifact:2:205940,usesMaterial,entity:material:paper
entity:artifact:2:205940,usesMaterial,entity:material:pigment
entity:artifact:2:205941,usesMaterial,entity:material:ink
entity:artifact:2:205941,usesMaterial,entity:material:paper
entity:artifact:2:205941,usesMaterial,entity:material:pigment
entity:artifact:2:205942,usesMaterial,entity:material:ink
entity:artifact:2:205942,usesMaterial,entity:material:paper
entity:artifact:2:205942,usesMaterial,entity:material:pigment
entity:artifact:2:205943,usesMaterial,entity:material:ink
entity:artifact:2:205943,usesMaterial,entity:material:paper
entity:artifact:2:205943,usesMaterial,entity:material:pigment
entity:artifact:2:205944,usesMaterial,entity:material:ink
entity:artifact:2:205944,usesMaterial,entity:material:paper
entity:artifact:2:205944,usesMaterial,entity:material:pigment
entity:artifact:2:205945,usesMaterial,entity:material:ink
entity:artifact:2:205945,usesMaterial,entity:material:paper
entity:artifact:2:205945,usesMaterial,entity:material:pigment
entity:artifact:2:205946,usesMaterial,entity:material:ink
entity:artifact:2:205946,usesMaterial,entity:material:paper
entity:artifact:2:205946,usesMaterial,entity:material:pigment
entity:artifact:2:205947,usesMaterial,entity:material:ink
entity:artifact:2:205947,usesMaterial,entity:material:paper
entity:artifact:2:205947,usesMaterial,entity:material:pigment
entity:artifact:2:205948,usesMaterial,entity:material:ink
entity:artifact:2:205948,usesMaterial,entity:material:paper
entity:artifact:2:205948,usesMaterial,entity:material:pigment
entity:artifact:2:205949,usesMaterial,entity:material:ink
entity:artifact:2:205949,usesMaterial,entity:material:paper
entity:artifact:2:205949,usesMaterial,entity:material:pigment
entity:artifact:2:205951,usesMaterial,entity:material:porcelain
entity:artifact:2:205952,usesMaterial,entity:material:enamel
entity:artifact:2:205952,usesMaterial,entity:material:porcelain
entity:artifact:2:205953,usesMaterial,entity:material:enamel
entity:artifact:2:205953,usesMaterial,entity:material:porcelain
entity:artifact:2:205955,usesMaterial,entity:material:ink
entity:artifact:2:205955,usesMaterial,entity:material:paper
entity:artifact:2:205955,usesMaterial,entity:material:pigment
entity:artifact:2:205956,usesMaterial,entity:material:stone
entity:artifact:2:205957,usesMaterial,entity:material:stone
entity:artifact:2:205958,usesMaterial,entity:material:enamel
entity:artifact:2:205958,usesMaterial,entity:material:porcelain
entity:artifact:2:205959,usesMaterial,entity:material:porcelain
entity:artifact:2:205961,usesMaterial,entity:material:porcelain
entity:artifact:2:205962,usesMaterial,entity:material:enamel
entity:artifact:2:205962,usesMaterial,entity:material:porcelain
entity:artifact:2:205963,usesMaterial,entity:material:enamel
entity:artifact:2:205963,usesMaterial,entity:material:porcelain
entity:artifact:2:205964,usesMaterial,entity:material:enamel
entity:artifact:2:205964,usesMaterial,entity:material:porcelain
entity:artifact:2:205965,usesMaterial,entity:material:porcelain
entity:artifact:2:205966,usesMaterial,entity:material:enamel
entity:artifact:2:205966,usesMaterial,entity:material:porcelain
entity:artifact:2:205967,usesMaterial,entity:material:enamel
entity:artifact:2:205967,usesMaterial,entity:material:porcelain
entity:artifact:2:205968,usesMaterial,entity:material:enamel
entity:artifact:2:205968,usesMaterial,entity:material:porcelain
entity:artifact:2:205969,usesMaterial,entity:material:porcelain
entity:artifact:2:205970,usesMaterial,entity:material:enamel
entity:artifact:2:205970,usesMaterial,entity:material:porcelain
entity:artifact:2:205971,usesMaterial,entity:material:iron
entity:artifact:2:205971,usesMaterial,entity:material:porcelain
entity:artifact:2:205972,usesMaterial,entity:material:stone
entity:artifact:2:205973,usesMaterial,entity:material:stone
entity:artifact:2:205974,usesMaterial,entity:material:stone
entity:artifact:2:205975,usesMaterial,entity:material:stone
entity:artifact:2:205976,usesMaterial,entity:material:stone
entity:artifact:2:205977,usesMaterial,entity:material:nephrite
entity:artifact:2:205978,usesMaterial,entity:material:stone
entity:artifact:2:205979,usesMaterial,entity:material:stone
entity:artifact:2:205980,usesMaterial,entity:material:stone
entity:artifact:2:205982,usesMaterial,entity:material:porcelain
entity:artifact:2:205983,usesMaterial,entity:material:enamel
entity:artifact:2:205983,usesMaterial,entity:material:porcelain
entity:artifact:2:205984,usesMaterial,entity:material:earthenware
entity:artifact:2:205984,usesMaterial,entity:material:iron
entity:artifact:2:205985,usesMaterial,entity:material:enamel
entity:artifact:2:205985,usesMaterial,entity:material:porcelain
entity:artifact:2:205986,usesMaterial,entity:material:enamel
entity:artifact:2:205986,usesMaterial,entity:material:porcelain
entity:artifact:2:205987,usesMaterial,entity:material:gold
entity:artifact:2:205987,usesMaterial,entity:material:porcelain
entity:artifact:2:205988,usesMaterial,entity:material:earthenware
entity:artifact:2:205988,usesMaterial,entity:material:pigment
entity:artifact:2:205989,usesMaterial,entity:material:stone
entity:artifact:2:205990,usesMaterial,entity:material:stone
entity:artifact:2:205991,usesMaterial,entity:material:stone
entity:artifact:2:205992,usesMaterial,entity:material:porcelain
entity:artifact:2:205993,usesMaterial,entity:material:earthenware
entity:artifact:2:205993,usesMaterial,entity:material:pigment
entity:artifact:2:205995,usesMaterial,entity:material:porcelain
entity:artifact:2:205996,usesMaterial,entity:material:bronze
entity:artifact:2:205997,usesMaterial,entity:material:earthenware
entity:artifact:2:205997,usesMaterial,entity:material:pigment
entity:artifact:2:205998,usesMaterial,entity:material:stone
entity:artifact:2:205999,usesMaterial,entity:material:stone
entity:artifact:2:206000,usesMaterial,entity:material:stone
entity:artifact:2:206001,usesMaterial,entity:material:stone
entity:artifact:2:206002,usesMaterial,entity:material:stone
entity:artifact:2:206003,usesMaterial,entity:material:stone
entity:artifact:2:206004,usesMaterial,entity:material:stone
entity:artifact:2:206005,usesMaterial,entity:material:stone
entity:artifact:2:206006,usesMaterial,entity:material:stone
entity:artifact:2:206007,usesMaterial,entity:material:stone
entity:artifact:2:206009,usesMaterial,entity:material:stone
entity:artifact:2:206010,usesMaterial,entity:material:stone
entity:artifact:2:206011,usesMaterial,entity:material:nephrite
entity:artifact:2:206012,usesMaterial,entity:material:gold
entity:artifact:2:206013,usesMaterial,entity:material:stone
entity:artifact:2:206014,usesMaterial,entity:material:stone
entity:artifact:2:206015,usesMaterial,entity:material:stone
entity:artifact:2:206016,usesMaterial,entity:material:ink
entity:artifact:2:206016,usesMaterial,entity:material:pigment
entity:artifact:2:206016,usesMaterial,entity:material:silk
entity:artifact:2:206017,usesMaterial,entity:material:ink
entity:artifact:2:206017,usesMaterial,entity:material:paper
entity:artifact:2:206017,usesMaterial,entity:material:pigment
entity:artifact:2:206018,usesMaterial,entity:material:ink
entity:artifact:2:206018,usesMaterial,entity:material:paper
entity:artifact:2:206018,usesMaterial,entity:material:pigment
entity:artifact:2:206019,usesMaterial,entity:material:ink
entity:artifact:2:206019,usesMaterial,entity:material:paper
entity:artifact:2:206019,usesMaterial,entity:material:pigment
entity:artifact:2:206020,usesMaterial,entity:material:ink
entity:artifact:2:206020,usesMaterial,entity:material:paper
entity:artifact:2:206020,usesMaterial,entity:material:pigment
entity:artifact:2:206021,usesMaterial,entity:material:ink
entity:artifact:2:206021,usesMaterial,entity:material:paper
entity:artifact:2:206021,usesMaterial,entity:material:pigment
entity:artifact:2:206022,usesMaterial,entity:material:ink
entity:artifact:2:206022,usesMaterial,entity:material:paper
entity:artifact:2:206022,usesMaterial,entity:material:pigment
entity:artifact:2:206023,usesMaterial,entity:material:ink
entity:artifact:2:206023,usesMaterial,entity:material:paper
entity:artifact:2:206023,usesMaterial,entity:material:pigment
entity:artifact:2:206024,usesMaterial,entity:material:ink
entity:artifact:2:206024,usesMaterial,entity:material:paper
entity:artifact:2:206024,usesMaterial,entity:material:pigment
entity:artifact:2:206025,usesMaterial,entity:material:ink
entity:artifact:2:206025,usesMaterial,entity:material:paper
entity:artifact:2:206025,usesMaterial,entity:material:pigment
entity:artifact:2:206026,usesMaterial,entity:material:ink
entity:artifact:2:206026,usesMaterial,entity:material:paper
entity:artifact:2:206026,usesMaterial,entity:material:pigment
entity:artifact:2:206027,usesMaterial,entity:material:ink
entity:artifact:2:206027,usesMaterial,entity:material:paper
entity:artifact:2:206027,usesMaterial,entity:material:pigment
entity:artifact:2:206028,usesMaterial,entity:material:ink
entity:artifact:2:206028,usesMaterial,entity:material:paper
entity:artifact:2:206028,usesMaterial,entity:material:pigment
entity:artifact:2:206029,usesMaterial,entity:material:ink
entity:artifact:2:206029,usesMaterial,entity:material:paper
entity:artifact:2:206029,usesMaterial,entity:material:pigment
entity:artifact:2:206030,usesMaterial,entity:material:ink
entity:artifact:2:206030,usesMaterial,entity:material:paper
entity:artifact:2:206030,usesMaterial,entity:material:pigment
entity:artifact:2:206031,usesMaterial,entity:material:ink
entity:artifact:2:206031,usesMaterial,entity:material:paper
entity:artifact:2:206031,usesMaterial,entity:material:pigment
entity:artifact:2:206032,usesMaterial,entity:material:ink
entity:artifact:2:206032,usesMaterial,entity:material:paper
entity:artifact:2:206032,usesMaterial,entity:material:pigment
entity:artifact:2:206056,usesMaterial,entity:material:textile
entity:artifact:2:206057,usesMaterial,entity:material:bronze
entity:artifact:2:206059,usesMaterial,entity:material:ink
entity:artifact:2:206059,usesMaterial,entity:material:paper
entity:artifact:2:206059,usesMaterial,entity:material:pigment
entity:artifact:2:206060,usesMaterial,entity:material:ink
entity:artifact:2:206060,usesMaterial,entity:material:paper
entity:artifact:2:206060,usesMaterial,entity:material:pigment
entity:artifact:2:206061,usesMaterial,entity:material:ink
entity:artifact:2:206061,usesMaterial,entity:material:paper
entity:artifact:2:206061,usesMaterial,entity:material:pigment
entity:artifact:2:206067,usesMaterial,entity:material:ink
entity:artifact:2:206067,usesMaterial,entity:material:paper
entity:artifact:2:206067,usesMaterial,entity:material:pigment
entity:artifact:2:206077,usesMaterial,entity:material:earthenware
entity:artifact:2:206078,usesMaterial,entity:material:earthenware
entity:artifact:2:206079,usesMaterial,entity:material:ink
entity:artifact:2:206079,usesMaterial,entity:material:pigment
entity:artifact:2:206079,usesMaterial,entity:material:silk
entity:artifact:2:206080,usesMaterial,entity:material:ink
entity:artifact:2:206080,usesMaterial,entity:material:paper
entity:artifact:2:206080,usesMaterial,entity:material:pigment
entity:artifact:2:206081,usesMaterial,entity:material:ink
entity:artifact:2:206081,usesMaterial,entity:material:paper
entity:artifact:2:206081,usesMaterial,entity:material:pigment
entity:artifact:2:206082,usesMaterial,entity:material:ink
entity:artifact:2:206082,usesMaterial,entity:material:paper
entity:artifact:2:206082,usesMaterial,entity:material:pigment
entity:artifact:2:206083,usesMaterial,entity:material:ink
entity:artifact:2:206083,usesMaterial,entity:material:paper
entity:artifact:2:206083,usesMaterial,entity:material:pigment
entity:artifact:2:206084,usesMaterial,entity:material:earthenware
entity:artifact:2:206084,usesMaterial,entity:material:pigment
entity:artifact:2:206086,usesMaterial,entity:material:ink
entity:artifact:2:206086,usesMaterial,entity:material:paper
entity:artifact:2:206086,usesMaterial,entity:material:pigment
entity:artifact:2:206087,usesMaterial,entity:material:ink
entity:artifact:2:206087,usesMaterial,entity:material:paper
entity:artifact:2:206087,usesMaterial,entity:material:pigment
entity:artifact:2:206088,usesMaterial,entity:material:ink
entity:artifact:2:206088,usesMaterial,entity:material:paper
entity:artifact:2:206088,usesMaterial,entity:material:pigment
entity:artifact:2:206089,usesMaterial,entity:material:ink
entity:artifact:2:206089,usesMaterial,entity:material:paper
entity:artifact:2:206089,usesMaterial,entity:material:pigment
entity:artifact:2:206090,usesMaterial,entity:material:ink
entity:artifact:2:206090,usesMaterial,entity:material:paper
entity:artifact:2:206090,usesMaterial,entity:material:pigment
entity:artifact:2:206091,usesMaterial,entity:material:ink
entity:artifact:2:206091,usesMaterial,entity:material:paper
entity:artifact:2:206091,usesMaterial,entity:material:pigment
entity:artifact:2:206092,usesMaterial,entity:material:ink
entity:artifact:2:206092,usesMaterial,entity:material:paper
entity:artifact:2:206092,usesMaterial,entity:material:pigment
entity:artifact:2:206093,usesMaterial,entity:material:ink
entity:artifact:2:206093,usesMaterial,entity:material:paper
entity:artifact:2:206093,usesMaterial,entity:material:pigment
entity:artifact:2:206094,usesMaterial,entity:material:ink
entity:artifact:2:206094,usesMaterial,entity:material:paper
entity:artifact:2:206094,usesMaterial,entity:material:pigment
entity:artifact:2:206095,usesMaterial,entity:material:ink
entity:artifact:2:206095,usesMaterial,entity:material:paper
entity:artifact:2:206095,usesMaterial,entity:material:pigment
entity:artifact:2:206096,usesMaterial,entity:material:ink
entity:artifact:2:206096,usesMaterial,entity:material:paper
entity:artifact:2:206096,usesMaterial,entity:material:pigment
entity:artifact:2:206097,usesMaterial,entity:material:ink
entity:artifact:2:206097,usesMaterial,entity:material:paper
entity:artifact:2:206098,usesMaterial,entity:material:ink
entity:artifact:2:206098,usesMaterial,entity:material:pigment
entity:artifact:2:206098,usesMaterial,entity:material:silk
entity:artifact:2:206109,usesMaterial,entity:material:earthenware
entity:artifact:2:206111,usesMaterial,entity:material:ink
entity:artifact:2:206111,usesMaterial,entity:material:paper
entity:artifact:2:206111,usesMaterial,entity:material:pigment
entity:artifact:2:206112,usesMaterial,entity:material:ink
entity:artifact:2:206112,usesMaterial,entity:material:paper
entity:artifact:2:206112,usesMaterial,entity:material:pigment
entity:artifact:2:206113,usesMaterial,entity:material:ink
entity:artifact:2:206113,usesMaterial,entity:material:paper
entity:artifact:2:206113,usesMaterial,entity:material:pigment
entity:artifact:2:206114,usesMaterial,entity:material:ink
entity:artifact:2:206114,usesMaterial,entity:material:paper
entity:artifact:2:206114,usesMaterial,entity:material:pigment
entity:artifact:2:206115,usesMaterial,entity:material:gold
entity:artifact:2:206115,usesMaterial,entity:material:ink
entity:artifact:2:206115,usesMaterial,entity:material:paper
entity:artifact:2:206115,usesMaterial,entity:material:pigment
entity:artifact:2:206116,usesMaterial,entity:material:ink
entity:artifact:2:206116,usesMaterial,entity:material:paper
entity:artifact:2:206116,usesMaterial,entity:material:pigment
entity:artifact:2:206117,usesMaterial,entity:material:ink
entity:artifact:2:206117,usesMaterial,entity:material:paper
entity:artifact:2:206117,usesMaterial,entity:material:pigment
entity:artifact:2:206118,usesMaterial,entity:material:ink
entity:artifact:2:206118,usesMaterial,entity:material:paper
entity:artifact:2:206118,usesMaterial,entity:material:pigment
entity:artifact:2:206119,usesMaterial,entity:material:ink
entity:artifact:2:206119,usesMaterial,entity:material:paper
entity:artifact:2:206119,usesMaterial,entity:material:pigment
entity:artifact:2:206120,usesMaterial,entity:material:ink
entity:artifact:2:206120,usesMaterial,entity:material:paper
entity:artifact:2:206120,usesMaterial,entity:material:pigment
entity:artifact:2:206121,usesMaterial,entity:material:ink
entity:artifact:2:206121,usesMaterial,entity:material:paper
entity:artifact:2:206121,usesMaterial,entity:material:pigment
entity:artifact:2:206122,usesMaterial,entity:material:ink
entity:artifact:2:206122,usesMaterial,entity:material:paper
entity:artifact:2:206122,usesMaterial,entity:material:pigment
entity:artifact:2:206123,usesMaterial,entity:material:earthenware
entity:artifact:2:206123,usesMaterial,entity:material:ink
entity:artifact:2:206123,usesMaterial,entity:material:iron
entity:artifact:2:206124,usesMaterial,entity:material:ink
entity:artifact:2:206124,usesMaterial,entity:material:paper
entity:artifact:2:206124,usesMaterial,entity:material:pigment
entity:artifact:2:206125,usesMaterial,entity:material:stone
entity:artifact:2:206126,usesMaterial,entity:material:gold
entity:artifact:2:206126,usesMaterial,entity:material:pigment
entity:artifact:2:206126,usesMaterial,entity:material:stone
entity:artifact:2:206127,usesMaterial,entity:material:ink
entity:artifact:2:206127,usesMaterial,entity:material:paper
entity:artifact:2:206127,usesMaterial,entity:material:pigment
entity:artifact:2:206128,usesMaterial,entity:material:ink
entity:artifact:2:206128,usesMaterial,entity:material:paper
entity:artifact:2:206128,usesMaterial,entity:material:pigment
entity:artifact:2:206129,usesMaterial,entity:material:ink
entity:artifact:2:206129,usesMaterial,entity:material:paper
entity:artifact:2:206129,usesMaterial,entity:material:pigment
entity:artifact:2:206130,usesMaterial,entity:material:ink
entity:artifact:2:206130,usesMaterial,entity:material:paper
entity:artifact:2:206131,usesMaterial,entity:material:ink
entity:artifact:2:206131,usesMaterial,entity:material:paper
entity:artifact:2:206132,usesMaterial,entity:material:ink
entity:artifact:2:206132,usesMaterial,entity:material:paper
entity:artifact:2:206133,usesMaterial,entity:material:ink
entity:artifact:2:206133,usesMaterial,entity:material:paper
entity:artifact:2:206134,usesMaterial,entity:material:ink
entity:artifact:2:206134,usesMaterial,entity:material:paper
entity:artifact:2:206135,usesMaterial,entity:material:ink
entity:artifact:2:206135,usesMaterial,entity:material:paper
entity:artifact:2:206136,usesMaterial,entity:material:ink
entity:artifact:2:206136,usesMaterial,entity:material:paper
entity:artifact:2:206137,usesMaterial,entity:material:ink
entity:artifact:2:206137,usesMaterial,entity:material:paper
entity:artifact:2:206137,usesMaterial,entity:material:pigment
entity:artifact:2:206138,usesMaterial,entity:material:ink
entity:artifact:2:206138,usesMaterial,entity:material:paper
entity:artifact:2:206138,usesMaterial,entity:material:pigment
entity:artifact:2:206139,usesMaterial,entity:material:ink
entity:artifact:2:206139,usesMaterial,entity:material:paper
entity:artifact:2:206139,usesMaterial,entity:material:pigment
entity:artifact:2:206140,usesMaterial,entity:material:ink
entity:artifact:2:206140,usesMaterial,entity:material:paper
entity:artifact:2:206140,usesMaterial,entity:material:pigment
entity:artifact:2:206141,usesMaterial,entity:material:ink
entity:artifact:2:206141,usesMaterial,entity:material:paper
entity:artifact:2:206141,usesMaterial,entity:material:pigment
entity:artifact:2:206142,usesMaterial,entity:material:ink
entity:artifact:2:206142,usesMaterial,entity:material:paper
entity:artifact:2:206142,usesMaterial,entity:material:pigment
entity:artifact:2:206143,usesMaterial,entity:material:ink
entity:artifact:2:206143,usesMaterial,entity:material:paper
entity:artifact:2:206143,usesMaterial,entity:material:pigment
entity:artifact:2:206144,usesMaterial,entity:material:ink
entity:artifact:2:206144,usesMaterial,entity:material:paper
entity:artifact:2:206144,usesMaterial,entity:material:pigment
entity:artifact:2:206145,usesMaterial,entity:material:ink
entity:artifact:2:206145,usesMaterial,entity:material:paper
entity:artifact:2:206145,usesMaterial,entity:material:pigment
entity:artifact:2:206146,usesMaterial,entity:material:ink
entity:artifact:2:206146,usesMaterial,entity:material:paper
entity:artifact:2:206146,usesMaterial,entity:material:pigment
entity:artifact:2:206147,usesMaterial,entity:material:ink
entity:artifact:2:206147,usesMaterial,entity:material:paper
entity:artifact:2:206147,usesMaterial,entity:material:pigment
entity:artifact:2:206148,usesMaterial,entity:material:ink
entity:artifact:2:206148,usesMaterial,entity:material:paper
entity:artifact:2:206148,usesMaterial,entity:material:pigment
entity:artifact:2:206149,usesMaterial,entity:material:ink
entity:artifact:2:206149,usesMaterial,entity:material:paper
entity:artifact:2:206149,usesMaterial,entity:material:pigment
entity:artifact:2:206150,usesMaterial,entity:material:ink
entity:artifact:2:206150,usesMaterial,entity:material:paper
entity:artifact:2:206150,usesMaterial,entity:material:pigment
entity:artifact:2:206151,usesMaterial,entity:material:ink
entity:artifact:2:206151,usesMaterial,entity:material:paper
entity:artifact:2:206151,usesMaterial,entity:material:pigment
entity:artifact:2:206152,usesMaterial,entity:material:ink
entity:artifact:2:206152,usesMaterial,entity:material:paper
entity:artifact:2:206152,usesMaterial,entity:material:pigment
entity:artifact:2:206153,usesMaterial,entity:material:ink
entity:artifact:2:206153,usesMaterial,entity:material:paper
entity:artifact:2:206153,usesMaterial,entity:material:pigment
entity:artifact:2:206154,usesMaterial,entity:material:ink
entity:artifact:2:206154,usesMaterial,entity:material:paper
entity:artifact:2:206154,usesMaterial,entity:material:pigment
entity:artifact:2:206155,usesMaterial,entity:material:ink
entity:artifact:2:206155,usesMaterial,entity:material:paper
entity:artifact:2:206155,usesMaterial,entity:material:pigment
entity:artifact:2:206156,usesMaterial,entity:material:ink
entity:artifact:2:206156,usesMaterial,entity:material:paper
entity:artifact:2:206156,usesMaterial,entity:material:pigment
entity:artifact:2:206157,usesMaterial,entity:material:ink
entity:artifact:2:206157,usesMaterial,entity:material:paper
entity:artifact:2:206157,usesMaterial,entity:material:pigment
entity:artifact:2:206158,usesMaterial,entity:material:ink
entity:artifact:2:206158,usesMaterial,entity:material:paper
entity:artifact:2:206158,usesMaterial,entity:material:pigment
entity:artifact:2:206159,usesMaterial,entity:material:ink
entity:artifact:2:206159,usesMaterial,entity:material:paper
entity:artifact:2:206159,usesMaterial,entity:material:pigment
entity:artifact:2:206162,usesMaterial,entity:material:gold
entity:artifact:2:206162,usesMaterial,entity:material:ink
entity:artifact:2:206162,usesMaterial,entity:material:paper
entity:artifact:2:206162,usesMaterial,entity:material:pigment
entity:artifact:2:206163,usesMaterial,entity:material:ink
entity:artifact:2:206163,usesMaterial,entity:material:paper
entity:artifact:2:206164,usesMaterial,entity:material:ink
entity:artifact:2:206164,usesMaterial,entity:material:paper
entity:artifact:2:206164,usesMaterial,entity:material:pigment
entity:artifact:2:206165,usesMaterial,entity:material:ink
entity:artifact:2:206165,usesMaterial,entity:material:paper
entity:artifact:2:206165,usesMaterial,entity:material:pigment
entity:artifact:2:206166,usesMaterial,entity:material:ink
entity:artifact:2:206166,usesMaterial,entity:material:paper
entity:artifact:2:206166,usesMaterial,entity:material:pigment
entity:artifact:2:206167,usesMaterial,entity:material:ink
entity:artifact:2:206167,usesMaterial,entity:material:paper
entity:artifact:2:206167,usesMaterial,entity:material:pigment
entity:artifact:2:206168,usesMaterial,entity:material:ink
entity:artifact:2:206168,usesMaterial,entity:material:paper
entity:artifact:2:206168,usesMaterial,entity:material:pigment
entity:artifact:2:206169,usesMaterial,entity:material:ink
entity:artifact:2:206169,usesMaterial,entity:material:paper
entity:artifact:2:206169,usesMaterial,entity:material:pigment
entity:artifact:2:206170,usesMaterial,entity:material:ink
entity:artifact:2:206170,usesMaterial,entity:material:paper
entity:artifact:2:206170,usesMaterial,entity:material:pigment
entity:artifact:2:206172,usesMaterial,entity:material:ink
entity:artifact:2:206172,usesMaterial,entity:material:paper
entity:artifact:2:206187,usesMaterial,entity:material:earthenware
entity:artifact:2:206188,usesMaterial,entity:material:earthenware
entity:artifact:2:206189,usesMaterial,entity:material:earthenware
entity:artifact:2:206190,usesMaterial,entity:material:earthenware
entity:artifact:2:206195,usesMaterial,entity:material:ink
entity:artifact:2:206195,usesMaterial,entity:material:paper
entity:artifact:2:206195,usesMaterial,entity:material:pigment
entity:artifact:2:206196,usesMaterial,entity:material:ink
entity:artifact:2:206196,usesMaterial,entity:material:paper
entity:artifact:2:206196,usesMaterial,entity:material:pigment
entity:artifact:2:206197,usesMaterial,entity:material:ink
entity:artifact:2:206197,usesMaterial,entity:material:paper
entity:artifact:2:206197,usesMaterial,entity:material:pigment
entity:artifact:2:206198,usesMaterial,entity:material:ink
entity:artifact:2:206198,usesMaterial,entity:material:paper
entity:artifact:2:206198,usesMaterial,entity:material:pigment
entity:artifact:2:206199,usesMaterial,entity:material:ink
entity:artifact:2:206199,usesMaterial,entity:material:paper
entity:artifact:2:206199,usesMaterial,entity:material:pigment
entity:artifact:2:206200,usesMaterial,entity:material:ink
entity:artifact:2:206200,usesMaterial,entity:material:paper
entity:artifact:2:206200,usesMaterial,entity:material:pigment
entity:artifact:2:206201,usesMaterial,entity:material:ink
entity:artifact:2:206201,usesMaterial,entity:material:paper
entity:artifact:2:206201,usesMaterial,entity:material:pigment
entity:artifact:2:206202,usesMaterial,entity:material:earthenware
entity:artifact:2:206202,usesMaterial,entity:material:pigment
entity:artifact:2:206204,usesMaterial,entity:material:pigment
entity:artifact:2:206210,usesMaterial,entity:material:ink
entity:artifact:2:206210,usesMaterial,entity:material:paper
entity:artifact:2:206210,usesMaterial,entity:material:pigment
entity:artifact:2:206211,usesMaterial,entity:material:ink
entity:artifact:2:206211,usesMaterial,entity:material:paper
entity:artifact:2:206211,usesMaterial,entity:material:pigment
entity:artifact:2:206212,usesMaterial,entity:material:ink
entity:artifact:2:206212,usesMaterial,entity:material:paper
entity:artifact:2:206213,usesMaterial,entity:material:ink
entity:artifact:2:206213,usesMaterial,entity:material:paper
entity:artifact:2:206214,usesMaterial,entity:material:ink
entity:artifact:2:206214,usesMaterial,entity:material:paper
entity:artifact:2:206218,usesMaterial,entity:material:ink
entity:artifact:2:206218,usesMaterial,entity:material:paper
entity:artifact:2:206218,usesMaterial,entity:material:pigment
entity:artifact:2:206219,usesMaterial,entity:material:ink
entity:artifact:2:206219,usesMaterial,entity:material:paper
entity:artifact:2:206219,usesMaterial,entity:material:pigment
entity:artifact:2:206220,usesMaterial,entity:material:ink
entity:artifact:2:206220,usesMaterial,entity:material:paper
entity:artifact:2:206220,usesMaterial,entity:material:pigment
entity:artifact:2:206227,usesMaterial,entity:material:stone
entity:artifact:2:206228,usesMaterial,entity:material:stone
entity:artifact:2:206229,usesMaterial,entity:material:stone
entity:artifact:2:206232,usesMaterial,entity:material:ink
entity:artifact:2:206232,usesMaterial,entity:material:paper
entity:artifact:2:206233,usesMaterial,entity:material:ink
entity:artifact:2:206233,usesMaterial,entity:material:paper
entity:artifact:2:206233,usesMaterial,entity:material:pigment
entity:artifact:2:206234,usesMaterial,entity:material:ink
entity:artifact:2:206234,usesMaterial,entity:material:paper
entity:artifact:2:206234,usesMaterial,entity:material:pigment
entity:artifact:2:206235,usesMaterial,entity:material:ink
entity:artifact:2:206235,usesMaterial,entity:material:paper
entity:artifact:2:206235,usesMaterial,entity:material:pigment
entity:artifact:2:206236,usesMaterial,entity:material:bronze
entity:artifact:2:206237,usesMaterial,entity:material:ink
entity:artifact:2:206237,usesMaterial,entity:material:paper
entity:artifact:2:206237,usesMaterial,entity:material:pigment
entity:artifact:2:206238,usesMaterial,entity:material:ink
entity:artifact:2:206238,usesMaterial,entity:material:paper
entity:artifact:2:206238,usesMaterial,entity:material:pigment
entity:artifact:2:206239,usesMaterial,entity:material:ink
entity:artifact:2:206239,usesMaterial,entity:material:paper
entity:artifact:2:206239,usesMaterial,entity:material:pigment
entity:artifact:2:206245,usesMaterial,entity:material:ink
entity:artifact:2:206245,usesMaterial,entity:material:paper
entity:artifact:2:206246,usesMaterial,entity:material:ink
entity:artifact:2:206246,usesMaterial,entity:material:paper
entity:artifact:2:206246,usesMaterial,entity:material:pigment
entity:artifact:2:206247,usesMaterial,entity:material:ink
entity:artifact:2:206247,usesMaterial,entity:material:paper
entity:artifact:2:206247,usesMaterial,entity:material:pigment
entity:artifact:2:206248,usesMaterial,entity:material:ink
entity:artifact:2:206248,usesMaterial,entity:material:paper
entity:artifact:2:206249,usesMaterial,entity:material:ink
entity:artifact:2:206249,usesMaterial,entity:material:paper
entity:artifact:2:206250,usesMaterial,entity:material:ink
entity:artifact:2:206250,usesMaterial,entity:material:paper
entity:artifact:2:206250,usesMaterial,entity:material:pigment
entity:artifact:2:206251,usesMaterial,entity:material:ink
entity:artifact:2:206251,usesMaterial,entity:material:paper
entity:artifact:2:206251,usesMaterial,entity:material:pigment
entity:artifact:2:206251,usesMaterial,entity:material:silver
entity:artifact:2:206252,usesMaterial,entity:material:ink
entity:artifact:2:206252,usesMaterial,entity:material:paper
entity:artifact:2:206252,usesMaterial,entity:material:pigment
entity:artifact:2:206253,usesMaterial,entity:material:gold
entity:artifact:2:206253,usesMaterial,entity:material:ink
entity:artifact:2:206253,usesMaterial,entity:material:paper
entity:artifact:2:206253,usesMaterial,entity:material:pigment
entity:artifact:2:206254,usesMaterial,entity:material:ink
entity:artifact:2:206254,usesMaterial,entity:material:paper
entity:artifact:2:206254,usesMaterial,entity:material:pigment
entity:artifact:2:206255,usesMaterial,entity:material:gold
entity:artifact:2:206255,usesMaterial,entity:material:ink
entity:artifact:2:206255,usesMaterial,entity:material:paper
entity:artifact:2:206255,usesMaterial,entity:material:pigment
entity:artifact:2:206256,usesMaterial,entity:material:gold
entity:artifact:2:206256,usesMaterial,entity:material:ink
entity:artifact:2:206256,usesMaterial,entity:material:paper
entity:artifact:2:206256,usesMaterial,entity:material:pigment
entity:artifact:2:206257,usesMaterial,entity:material:gold
entity:artifact:2:206257,usesMaterial,entity:material:ink
entity:artifact:2:206257,usesMaterial,entity:material:paper
entity:artifact:2:206257,usesMaterial,entity:material:pigment
entity:artifact:2:206258,usesMaterial,entity:material:gold
entity:artifact:2:206258,usesMaterial,entity:material:ink
entity:artifact:2:206258,usesMaterial,entity:material:paper
entity:artifact:2:206258,usesMaterial,entity:material:pigment
entity:artifact:2:206259,usesMaterial,entity:material:gold
entity:artifact:2:206259,usesMaterial,entity:material:ink
entity:artifact:2:206259,usesMaterial,entity:material:paper
entity:artifact:2:206259,usesMaterial,entity:material:pigment
entity:artifact:2:206260,usesMaterial,entity:material:ink
entity:artifact:2:206260,usesMaterial,entity:material:paper
entity:artifact:2:206260,usesMaterial,entity:material:pigment
entity:artifact:2:206261,usesMaterial,entity:material:gold
entity:artifact:2:206261,usesMaterial,entity:material:ink
entity:artifact:2:206261,usesMaterial,entity:material:paper
entity:artifact:2:206261,usesMaterial,entity:material:pigment
entity:artifact:2:206262,usesMaterial,entity:material:gold
entity:artifact:2:206262,usesMaterial,entity:material:ink
entity:artifact:2:206262,usesMaterial,entity:material:paper
entity:artifact:2:206262,usesMaterial,entity:material:pigment
entity:artifact:2:206265,usesMaterial,entity:material:ink
entity:artifact:2:206265,usesMaterial,entity:material:paper
entity:artifact:2:206266,usesMaterial,entity:material:ink
entity:artifact:2:206266,usesMaterial,entity:material:paper
entity:artifact:2:206266,usesMaterial,entity:material:pigment
entity:artifact:2:206267,usesMaterial,entity:material:ink
entity:artifact:2:206267,usesMaterial,entity:material:paper
entity:artifact:2:206267,usesMaterial,entity:material:pigment
entity:artifact:2:206268,usesMaterial,entity:material:ink
entity:artifact:2:206268,usesMaterial,entity:material:paper
entity:artifact:2:206268,usesMaterial,entity:material:pigment
entity:artifact:2:206269,usesMaterial,entity:material:ink
entity:artifact:2:206269,usesMaterial,entity:material:paper
entity:artifact:2:206269,usesMaterial,entity:material:pigment
entity:artifact:2:206270,usesMaterial,entity:material:ink
entity:artifact:2:206270,usesMaterial,entity:material:paper
entity:artifact:2:206270,usesMaterial,entity:material:pigment
entity:artifact:2:206271,usesMaterial,entity:material:ink
entity:artifact:2:206271,usesMaterial,entity:material:paper
entity:artifact:2:206271,usesMaterial,entity:material:pigment
entity:artifact:2:206272,usesMaterial,entity:material:ink
entity:artifact:2:206272,usesMaterial,entity:material:paper
entity:artifact:2:206272,usesMaterial,entity:material:pigment
entity:artifact:2:206273,usesMaterial,entity:material:ink
entity:artifact:2:206273,usesMaterial,entity:material:paper
entity:artifact:2:206273,usesMaterial,entity:material:pigment
entity:artifact:2:206274,usesMaterial,entity:material:ink
entity:artifact:2:206274,usesMaterial,entity:material:paper
entity:artifact:2:206274,usesMaterial,entity:material:pigment
entity:artifact:2:206275,usesMaterial,entity:material:ink
entity:artifact:2:206275,usesMaterial,entity:material:paper
entity:artifact:2:206287,usesMaterial,entity:material:ink
entity:artifact:2:206287,usesMaterial,entity:material:paper
entity:artifact:2:206287,usesMaterial,entity:material:pigment
entity:artifact:2:206288,usesMaterial,entity:material:ink
entity:artifact:2:206288,usesMaterial,entity:material:paper
entity:artifact:2:206288,usesMaterial,entity:material:pigment
entity:artifact:2:206289,usesMaterial,entity:material:ink
entity:artifact:2:206289,usesMaterial,entity:material:paper
entity:artifact:2:206289,usesMaterial,entity:material:pigment
entity:artifact:2:206290,usesMaterial,entity:material:ink
entity:artifact:2:206290,usesMaterial,entity:material:paper
entity:artifact:2:206292,usesMaterial,entity:material:glass
entity:artifact:2:206293,usesMaterial,entity:material:glass
entity:artifact:2:206301,usesMaterial,entity:material:gold
entity:artifact:2:206301,usesMaterial,entity:material:ink
entity:artifact:2:206301,usesMaterial,entity:material:paper
entity:artifact:2:206301,usesMaterial,entity:material:pigment
entity:artifact:2:206302,usesMaterial,entity:material:gold
entity:artifact:2:206302,usesMaterial,entity:material:ink
entity:artifact:2:206302,usesMaterial,entity:material:paper
entity:artifact:2:206302,usesMaterial,entity:material:pigment
entity:artifact:2:206303,usesMaterial,entity:material:ink
entity:artifact:2:206303,usesMaterial,entity:material:paper
entity:artifact:2:206303,usesMaterial,entity:material:pigment
entity:artifact:2:206304,usesMaterial,entity:material:ink
entity:artifact:2:206304,usesMaterial,entity:material:pigment
entity:artifact:2:206304,usesMaterial,entity:material:silk
entity:artifact:2:206305,usesMaterial,entity:material:ink
entity:artifact:2:206305,usesMaterial,entity:material:paper
entity:artifact:2:206306,usesMaterial,entity:material:ink
entity:artifact:2:206306,usesMaterial,entity:material:paper
entity:artifact:2:206306,usesMaterial,entity:material:pigment
entity:artifact:2:206307,usesMaterial,entity:material:ink
entity:artifact:2:206307,usesMaterial,entity:material:paper
entity:artifact:2:206308,usesMaterial,entity:material:ink
entity:artifact:2:206308,usesMaterial,entity:material:oil
entity:artifact:2:206308,usesMaterial,entity:material:paper
entity:artifact:2:206308,usesMaterial,entity:material:pigment
entity:artifact:2:206309,usesMaterial,entity:material:ink
entity:artifact:2:206309,usesMaterial,entity:material:paper
entity:artifact:2:206309,usesMaterial,entity:material:pigment
entity:artifact:2:206310,usesMaterial,entity:material:ink
entity:artifact:2:206310,usesMaterial,entity:material:paper
entity:artifact:2:206310,usesMaterial,entity:material:pigment
entity:artifact:2:206311,usesMaterial,entity:material:ink
entity:artifact:2:206311,usesMaterial,entity:material:paper
entity:artifact:2:206311,usesMaterial,entity:material:pigment
entity:artifact:2:206312,usesMaterial,entity:material:ink
entity:artifact:2:206312,usesMaterial,entity:material:paper
entity:artifact:2:206312,usesMaterial,entity:material:pigment
entity:artifact:2:206313,usesMaterial,entity:material:ink
entity:artifact:2:206313,usesMaterial,entity:material:oil
entity:artifact:2:206313,usesMaterial,entity:material:paper
entity:artifact:2:206314,usesMaterial,entity:material:ink
entity:artifact:2:206314,usesMaterial,entity:material:paper
entity:artifact:2:206315,usesMaterial,entity:material:ink
entity:artifact:2:206315,usesMaterial,entity:material:paper
entity:artifact:2:206322,usesMaterial,entity:material:pigment
entity:artifact:2:206322,usesMaterial,entity:material:stone
entity:artifact:2:206323,usesMaterial,entity:material:ink
entity:artifact:2:206323,usesMaterial,entity:material:paper
entity:artifact:2:206324,usesMaterial,entity:material:ink
entity:artifact:2:206324,usesMaterial,entity:material:paper
entity:artifact:2:206324,usesMaterial,entity:material:pigment
entity:artifact:2:206325,usesMaterial,entity:material:ink
entity:artifact:2:206325,usesMaterial,entity:material:paper
entity:artifact:2:206325,usesMaterial,entity:material:pigment
entity:artifact:2:206327,usesMaterial,entity:material:ink
entity:artifact:2:206327,usesMaterial,entity:material:paper
entity:artifact:2:206327,usesMaterial,entity:material:pigment
entity:artifact:2:206328,usesMaterial,entity:material:ink
entity:artifact:2:206328,usesMaterial,entity:material:paper
entity:artifact:2:206328,usesMaterial,entity:material:pigment
entity:artifact:2:206340,usesMaterial,entity:material:ink
entity:artifact:2:206340,usesMaterial,entity:material:paper
entity:artifact:2:206341,usesMaterial,entity:material:ink
entity:artifact:2:206341,usesMaterial,entity:material:paper
entity:artifact:2:206342,usesMaterial,entity:material:ink
entity:artifact:2:206342,usesMaterial,entity:material:paper
entity:artifact:2:206343,usesMaterial,entity:material:ink
entity:artifact:2:206343,usesMaterial,entity:material:paper
entity:artifact:2:206344,usesMaterial,entity:material:ink
entity:artifact:2:206344,usesMaterial,entity:material:paper
entity:artifact:2:206345,usesMaterial,entity:material:ink
entity:artifact:2:206345,usesMaterial,entity:material:paper
entity:artifact:2:206346,usesMaterial,entity:material:ink
entity:artifact:2:206346,usesMaterial,entity:material:paper
entity:artifact:2:206347,usesMaterial,entity:material:ink
entity:artifact:2:206347,usesMaterial,entity:material:paper
entity:artifact:2:206348,usesMaterial,entity:material:ink
entity:artifact:2:206348,usesMaterial,entity:material:paper
entity:artifact:2:206348,usesMaterial,entity:material:pigment
entity:artifact:2:206349,usesMaterial,entity:material:ink
entity:artifact:2:206349,usesMaterial,entity:material:paper
entity:artifact:2:206349,usesMaterial,entity:material:pigment
entity:artifact:2:206350,usesMaterial,entity:material:ink
entity:artifact:2:206350,usesMaterial,entity:material:paper
entity:artifact:2:206350,usesMaterial,entity:material:pigment
entity:artifact:2:206351,usesMaterial,entity:material:ink
entity:artifact:2:206351,usesMaterial,entity:material:paper
entity:artifact:2:206363,usesMaterial,entity:material:ink
entity:artifact:2:206363,usesMaterial,entity:material:paper
entity:artifact:2:206363,usesMaterial,entity:material:pigment
entity:artifact:2:206364,usesMaterial,entity:material:ink
entity:artifact:2:206364,usesMaterial,entity:material:paper
entity:artifact:2:206364,usesMaterial,entity:material:pigment
entity:artifact:2:206365,usesMaterial,entity:material:ink
entity:artifact:2:206365,usesMaterial,entity:material:paper
entity:artifact:2:206365,usesMaterial,entity:material:pigment
entity:artifact:2:206366,usesMaterial,entity:material:ink
entity:artifact:2:206366,usesMaterial,entity:material:paper
entity:artifact:2:206366,usesMaterial,entity:material:pigment
entity:artifact:2:206373,usesMaterial,entity:material:gold
entity:artifact:2:206373,usesMaterial,entity:material:ink
entity:artifact:2:206373,usesMaterial,entity:material:jade
entity:artifact:2:206373,usesMaterial,entity:material:paper
entity:artifact:2:206373,usesMaterial,entity:material:pigment
entity:artifact:2:206374,usesMaterial,entity:material:ink
entity:artifact:2:206374,usesMaterial,entity:material:paper
entity:artifact:2:206374,usesMaterial,entity:material:pigment
entity:artifact:2:206376,usesMaterial,entity:material:ink
entity:artifact:2:206376,usesMaterial,entity:material:paper
entity:artifact:2:206376,usesMaterial,entity:material:pigment
entity:artifact:2:206377,usesMaterial,entity:material:ink
entity:artifact:2:206377,usesMaterial,entity:material:paper
entity:artifact:2:206377,usesMaterial,entity:material:pigment
entity:artifact:2:206378,usesMaterial,entity:material:ink
entity:artifact:2:206378,usesMaterial,entity:material:paper
entity:artifact:2:206378,usesMaterial,entity:material:pigment
entity:artifact:2:206379,usesMaterial,entity:material:ink
entity:artifact:2:206379,usesMaterial,entity:material:paper
entity:artifact:2:206379,usesMaterial,entity:material:pigment
entity:artifact:2:206380,usesMaterial,entity:material:ink
entity:artifact:2:206380,usesMaterial,entity:material:paper
entity:artifact:2:206380,usesMaterial,entity:material:pigment
entity:artifact:2:206381,usesMaterial,entity:material:ink
entity:artifact:2:206381,usesMaterial,entity:material:paper
entity:artifact:2:206381,usesMaterial,entity:material:pigment
entity:artifact:2:206382,usesMaterial,entity:material:ink
entity:artifact:2:206382,usesMaterial,entity:material:paper
entity:artifact:2:206382,usesMaterial,entity:material:pigment
entity:artifact:2:206383,usesMaterial,entity:material:ink
entity:artifact:2:206383,usesMaterial,entity:material:paper
entity:artifact:2:206383,usesMaterial,entity:material:pigment
entity:artifact:2:206384,usesMaterial,entity:material:ink
entity:artifact:2:206384,usesMaterial,entity:material:paper
entity:artifact:2:206384,usesMaterial,entity:material:pigment
entity:artifact:2:206385,usesMaterial,entity:material:ink
entity:artifact:2:206385,usesMaterial,entity:material:paper
entity:artifact:2:206385,usesMaterial,entity:material:pigment
entity:artifact:2:206386,usesMaterial,entity:material:gold
entity:artifact:2:206386,usesMaterial,entity:material:ink
entity:artifact:2:206386,usesMaterial,entity:material:paper
entity:artifact:2:206386,usesMaterial,entity:material:pigment
entity:artifact:2:206387,usesMaterial,entity:material:ink
entity:artifact:2:206387,usesMaterial,entity:material:paper
entity:artifact:2:206387,usesMaterial,entity:material:pigment
entity:artifact:2:206388,usesMaterial,entity:material:ink
entity:artifact:2:206388,usesMaterial,entity:material:paper
entity:artifact:2:206389,usesMaterial,entity:material:ink
entity:artifact:2:206389,usesMaterial,entity:material:paper
entity:artifact:2:206389,usesMaterial,entity:material:pigment
entity:artifact:2:206399,usesMaterial,entity:material:ink
entity:artifact:2:206399,usesMaterial,entity:material:paper
entity:artifact:2:206399,usesMaterial,entity:material:pigment
entity:artifact:2:206400,usesMaterial,entity:material:ink
entity:artifact:2:206400,usesMaterial,entity:material:paper
entity:artifact:2:206400,usesMaterial,entity:material:pigment
entity:artifact:2:206411,usesMaterial,entity:material:ink
entity:artifact:2:206411,usesMaterial,entity:material:paper
entity:artifact:2:206411,usesMaterial,entity:material:pigment
entity:artifact:2:206412,usesMaterial,entity:material:ink
entity:artifact:2:206412,usesMaterial,entity:material:paper
entity:artifact:2:206412,usesMaterial,entity:material:pigment
entity:artifact:2:206413,usesMaterial,entity:material:ink
entity:artifact:2:206413,usesMaterial,entity:material:paper
entity:artifact:2:206414,usesMaterial,entity:material:ink
entity:artifact:2:206414,usesMaterial,entity:material:paper
entity:artifact:2:206415,usesMaterial,entity:material:ink
entity:artifact:2:206415,usesMaterial,entity:material:paper
entity:artifact:2:206416,usesMaterial,entity:material:ink
entity:artifact:2:206416,usesMaterial,entity:material:paper
entity:artifact:2:206417,usesMaterial,entity:material:ink
entity:artifact:2:206417,usesMaterial,entity:material:paper
entity:artifact:2:206417,usesMaterial,entity:material:pigment
entity:artifact:2:206418,usesMaterial,entity:material:ink
entity:artifact:2:206418,usesMaterial,entity:material:paper
entity:artifact:2:206419,usesMaterial,entity:material:ink
entity:artifact:2:206419,usesMaterial,entity:material:paper
entity:artifact:2:206420,usesMaterial,entity:material:ink
entity:artifact:2:206420,usesMaterial,entity:material:paper
entity:artifact:2:206420,usesMaterial,entity:material:pigment
entity:artifact:2:206421,usesMaterial,entity:material:ink
entity:artifact:2:206421,usesMaterial,entity:material:paper
entity:artifact:2:206421,usesMaterial,entity:material:pigment
entity:artifact:2:206422,usesMaterial,entity:material:ink
entity:artifact:2:206422,usesMaterial,entity:material:paper
entity:artifact:2:206422,usesMaterial,entity:material:pigment
entity:artifact:2:206427,usesMaterial,entity:material:ink
entity:artifact:2:206427,usesMaterial,entity:material:paper
entity:artifact:2:206427,usesMaterial,entity:material:pigment
entity:artifact:2:206435,usesMaterial,entity:material:ink
entity:artifact:2:206435,usesMaterial,entity:material:paper
entity:artifact:2:206435,usesMaterial,entity:material:pigment
entity:artifact:2:206436,usesMaterial,entity:material:ink
entity:artifact:2:206436,usesMaterial,entity:material:paper
entity:artifact:2:206436,usesMaterial,entity:material:pigment
entity:artifact:2:206437,usesMaterial,entity:material:ink
entity:artifact:2:206437,usesMaterial,entity:material:paper
entity:artifact:2:206437,usesMaterial,entity:material:pigment
entity:artifact:2:206438,usesMaterial,entity:material:ink
entity:artifact:2:206438,usesMaterial,entity:material:paper
entity:artifact:2:206438,usesMaterial,entity:material:pigment
entity:artifact:2:206439,usesMaterial,entity:material:ink
entity:artifact:2:206439,usesMaterial,entity:material:paper
entity:artifact:2:206439,usesMaterial,entity:material:pigment
entity:artifact:2:206440,usesMaterial,entity:material:ink
entity:artifact:2:206440,usesMaterial,entity:material:paper
entity:artifact:2:206440,usesMaterial,entity:material:pigment
entity:artifact:2:206441,usesMaterial,entity:material:ink
entity:artifact:2:206441,usesMaterial,entity:material:paper
entity:artifact:2:206441,usesMaterial,entity:material:pigment
entity:artifact:2:206442,usesMaterial,entity:material:ink
entity:artifact:2:206442,usesMaterial,entity:material:paper
entity:artifact:2:206442,usesMaterial,entity:material:pigment
entity:artifact:2:206443,usesMaterial,entity:material:ink
entity:artifact:2:206443,usesMaterial,entity:material:paper
entity:artifact:2:206443,usesMaterial,entity:material:pigment
entity:artifact:2:206444,usesMaterial,entity:material:ink
entity:artifact:2:206444,usesMaterial,entity:material:paper
entity:artifact:2:206444,usesMaterial,entity:material:pigment
entity:artifact:2:206445,usesMaterial,entity:material:ink
entity:artifact:2:206445,usesMaterial,entity:material:paper
entity:artifact:2:206445,usesMaterial,entity:material:pigment
entity:artifact:2:206446,usesMaterial,entity:material:ink
entity:artifact:2:206446,usesMaterial,entity:material:paper
entity:artifact:2:206446,usesMaterial,entity:material:pigment
entity:artifact:2:206447,usesMaterial,entity:material:ink
entity:artifact:2:206447,usesMaterial,entity:material:paper
entity:artifact:2:206447,usesMaterial,entity:material:pigment
entity:artifact:2:206448,usesMaterial,entity:material:ink
entity:artifact:2:206448,usesMaterial,entity:material:paper
entity:artifact:2:206448,usesMaterial,entity:material:pigment
entity:artifact:2:206449,usesMaterial,entity:material:ink
entity:artifact:2:206449,usesMaterial,entity:material:paper
entity:artifact:2:206449,usesMaterial,entity:material:pigment
entity:artifact:2:206450,usesMaterial,entity:material:ink
entity:artifact:2:206450,usesMaterial,entity:material:paper
entity:artifact:2:206450,usesMaterial,entity:material:pigment
entity:artifact:2:206451,usesMaterial,entity:material:ink
entity:artifact:2:206452,usesMaterial,entity:material:ink
entity:artifact:2:206453,usesMaterial,entity:material:ink
entity:artifact:2:206472,usesMaterial,entity:material:earthenware
entity:artifact:2:206472,usesMaterial,entity:material:pigment
entity:artifact:2:206489,usesMaterial,entity:material:ink
entity:artifact:2:206490,usesMaterial,entity:material:ink
entity:artifact:2:206490,usesMaterial,entity:material:paper
entity:artifact:2:206491,usesMaterial,entity:material:ink
entity:artifact:2:206491,usesMaterial,entity:material:pigment
entity:artifact:2:206491,usesMaterial,entity:material:silk
entity:artifact:2:206493,usesMaterial,entity:material:ink
entity:artifact:2:206493,usesMaterial,entity:material:pigment
entity:artifact:2:206493,usesMaterial,entity:material:silk
entity:artifact:2:206494,usesMaterial,entity:material:ink
entity:artifact:2:206494,usesMaterial,entity:material:silk
entity:artifact:2:206495,usesMaterial,entity:material:earthenware
entity:artifact:2:206497,usesMaterial,entity:material:ink
entity:artifact:2:206497,usesMaterial,entity:material:silk
entity:artifact:2:206498,usesMaterial,entity:material:bronze
entity:artifact:2:206500,usesMaterial,entity:material:ink
entity:artifact:2:206500,usesMaterial,entity:material:pigment
entity:artifact:2:206500,usesMaterial,entity:material:silk
entity:artifact:2:206501,usesMaterial,entity:material:ink
entity:artifact:2:206501,usesMaterial,entity:material:paper
entity:artifact:2:206501,usesMaterial,entity:material:pigment
entity:artifact:2:206505,usesMaterial,entity:material:bronze
entity:artifact:2:206506,usesMaterial,entity:material:ink
entity:artifact:2:206506,usesMaterial,entity:material:pigment
entity:artifact:2:206506,usesMaterial,entity:material:silk
entity:artifact:2:206507,usesMaterial,entity:material:earthenware
entity:artifact:2:206508,usesMaterial,entity:material:earthenware
entity:artifact:2:206510,usesMaterial,entity:material:ink
entity:artifact:2:206510,usesMaterial,entity:material:pigment
entity:artifact:2:206510,usesMaterial,entity:material:silk
entity:artifact:2:206511,usesMaterial,entity:material:gold
entity:artifact:2:206511,usesMaterial,entity:material:ink
entity:artifact:2:206511,usesMaterial,entity:material:paper
entity:artifact:2:206511,usesMaterial,entity:material:pigment
entity:artifact:2:206512,usesMaterial,entity:material:gold
entity:artifact:2:206512,usesMaterial,entity:material:ink
entity:artifact:2:206512,usesMaterial,entity:material:paper
entity:artifact:2:206512,usesMaterial,entity:material:pigment
entity:artifact:2:206513,usesMaterial,entity:material:gold
entity:artifact:2:206513,usesMaterial,entity:material:ink
entity:artifact:2:206513,usesMaterial,entity:material:paper
entity:artifact:2:206513,usesMaterial,entity:material:pigment
entity:artifact:2:206514,usesMaterial,entity:material:ink
entity:artifact:2:206514,usesMaterial,entity:material:paper
entity:artifact:2:206514,usesMaterial,entity:material:pigment
entity:artifact:2:206518,usesMaterial,entity:material:bronze
entity:artifact:2:206520,usesMaterial,entity:material:ink
entity:artifact:2:206520,usesMaterial,entity:material:pigment
entity:artifact:2:206520,usesMaterial,entity:material:silk
entity:artifact:2:206521,usesMaterial,entity:material:ink
entity:artifact:2:206521,usesMaterial,entity:material:paper
entity:artifact:2:206521,usesMaterial,entity:material:pigment
entity:artifact:2:206522,usesMaterial,entity:material:ink
entity:artifact:2:206522,usesMaterial,entity:material:pigment
entity:artifact:2:206522,usesMaterial,entity:material:silk
entity:artifact:2:206523,usesMaterial,entity:material:ink
entity:artifact:2:206523,usesMaterial,entity:material:pigment
entity:artifact:2:206523,usesMaterial,entity:material:silk
entity:artifact:2:206524,usesMaterial,entity:material:gold
entity:artifact:2:206524,usesMaterial,entity:material:ink
entity:artifact:2:206524,usesMaterial,entity:material:paper
entity:artifact:2:206524,usesMaterial,entity:material:pigment
entity:artifact:2:206525,usesMaterial,entity:material:gold
entity:artifact:2:206525,usesMaterial,entity:material:ink
entity:artifact:2:206525,usesMaterial,entity:material:paper
entity:artifact:2:206525,usesMaterial,entity:material:pigment
entity:artifact:2:206526,usesMaterial,entity:material:gold
entity:artifact:2:206526,usesMaterial,entity:material:ink
entity:artifact:2:206526,usesMaterial,entity:material:paper
entity:artifact:2:206526,usesMaterial,entity:material:pigment
entity:artifact:2:206527,usesMaterial,entity:material:gold
entity:artifact:2:206527,usesMaterial,entity:material:ink
entity:artifact:2:206527,usesMaterial,entity:material:paper
entity:artifact:2:206527,usesMaterial,entity:material:pigment
entity:artifact:2:206528,usesMaterial,entity:material:ink
entity:artifact:2:206529,usesMaterial,entity:material:ink
entity:artifact:2:206544,usesMaterial,entity:material:gold
entity:artifact:2:206544,usesMaterial,entity:material:iron
entity:artifact:2:206544,usesMaterial,entity:material:pigment
entity:artifact:2:206545,usesMaterial,entity:material:ink
entity:artifact:2:206545,usesMaterial,entity:material:paper
entity:artifact:2:206546,usesMaterial,entity:material:ink
entity:artifact:2:206546,usesMaterial,entity:material:paper
entity:artifact:2:206546,usesMaterial,entity:material:pigment
entity:artifact:2:206547,usesMaterial,entity:material:ink
entity:artifact:2:206547,usesMaterial,entity:material:paper
entity:artifact:2:206547,usesMaterial,entity:material:pigment
entity:artifact:2:206548,usesMaterial,entity:material:ink
entity:artifact:2:206548,usesMaterial,entity:material:paper
entity:artifact:2:206548,usesMaterial,entity:material:pigment
entity:artifact:2:206549,usesMaterial,entity:material:ink
entity:artifact:2:206549,usesMaterial,entity:material:paper
entity:artifact:2:206549,usesMaterial,entity:material:pigment
entity:artifact:2:206550,usesMaterial,entity:material:gold
entity:artifact:2:206550,usesMaterial,entity:material:ink
entity:artifact:2:206550,usesMaterial,entity:material:paper
entity:artifact:2:206550,usesMaterial,entity:material:pigment
entity:artifact:2:206551,usesMaterial,entity:material:gold
entity:artifact:2:206551,usesMaterial,entity:material:ink
entity:artifact:2:206551,usesMaterial,entity:material:paper
entity:artifact:2:206551,usesMaterial,entity:material:pigment
entity:artifact:2:206552,usesMaterial,entity:material:gold
entity:artifact:2:206552,usesMaterial,entity:material:ink
entity:artifact:2:206552,usesMaterial,entity:material:paper
entity:artifact:2:206552,usesMaterial,entity:material:pigment
entity:artifact:2:206553,usesMaterial,entity:material:gold
entity:artifact:2:206553,usesMaterial,entity:material:ink
entity:artifact:2:206553,usesMaterial,entity:material:paper
entity:artifact:2:206553,usesMaterial,entity:material:pigment
entity:artifact:2:206554,usesMaterial,entity:material:gold
entity:artifact:2:206554,usesMaterial,entity:material:ink
entity:artifact:2:206554,usesMaterial,entity:material:paper
entity:artifact:2:206554,usesMaterial,entity:material:pigment
entity:artifact:2:206555,usesMaterial,entity:material:gold
entity:artifact:2:206555,usesMaterial,entity:material:ink
entity:artifact:2:206555,usesMaterial,entity:material:paper
entity:artifact:2:206555,usesMaterial,entity:material:pigment
entity:artifact:2:206556,usesMaterial,entity:material:gold
entity:artifact:2:206556,usesMaterial,entity:material:ink
entity:artifact:2:206556,usesMaterial,entity:material:paper
entity:artifact:2:206556,usesMaterial,entity:material:pigment
entity:artifact:2:206557,usesMaterial,entity:material:ink
entity:artifact:2:206557,usesMaterial,entity:material:paper
entity:artifact:2:206557,usesMaterial,entity:material:pigment
entity:artifact:2:206558,usesMaterial,entity:material:ink
entity:artifact:2:206558,usesMaterial,entity:material:paper
entity:artifact:2:206559,usesMaterial,entity:material:ink
entity:artifact:2:206559,usesMaterial,entity:material:paper
entity:artifact:2:206560,usesMaterial,entity:material:ink
entity:artifact:2:206560,usesMaterial,entity:material:paper
entity:artifact:2:206561,usesMaterial,entity:material:ink
entity:artifact:2:206561,usesMaterial,entity:material:paper
entity:artifact:2:206575,usesMaterial,entity:material:ink
entity:artifact:2:206575,usesMaterial,entity:material:pigment
entity:artifact:2:206575,usesMaterial,entity:material:silk
entity:artifact:2:206576,usesMaterial,entity:material:ink
entity:artifact:2:206576,usesMaterial,entity:material:paper
entity:artifact:2:206580,usesMaterial,entity:material:ink
entity:artifact:2:206580,usesMaterial,entity:material:pigment
entity:artifact:2:206580,usesMaterial,entity:material:silk
entity:artifact:2:206582,usesMaterial,entity:material:ink
entity:artifact:2:206582,usesMaterial,entity:material:pigment
entity:artifact:2:206582,usesMaterial,entity:material:silk
entity:artifact:2:206583,usesMaterial,entity:material:ink
entity:artifact:2:206583,usesMaterial,entity:material:paper
entity:artifact:2:206583,usesMaterial,entity:material:pigment
entity:artifact:2:206584,usesMaterial,entity:material:gold
entity:artifact:2:206584,usesMaterial,entity:material:ink
entity:artifact:2:206584,usesMaterial,entity:material:paper
entity:artifact:2:206584,usesMaterial,entity:material:pigment
entity:artifact:2:206585,usesMaterial,entity:material:gold
entity:artifact:2:206585,usesMaterial,entity:material:ink
entity:artifact:2:206585,usesMaterial,entity:material:paper
entity:artifact:2:206585,usesMaterial,entity:material:pigment
entity:artifact:2:206586,usesMaterial,entity:material:ink
entity:artifact:2:206587,usesMaterial,entity:material:ink
entity:artifact:2:206588,usesMaterial,entity:material:ink
entity:artifact:2:206604,usesMaterial,entity:material:gold
entity:artifact:2:206604,usesMaterial,entity:material:ink
entity:artifact:2:206604,usesMaterial,entity:material:paper
entity:artifact:2:206604,usesMaterial,entity:material:pigment
entity:artifact:2:206605,usesMaterial,entity:material:gold
entity:artifact:2:206605,usesMaterial,entity:material:ink
entity:artifact:2:206605,usesMaterial,entity:material:paper
entity:artifact:2:206605,usesMaterial,entity:material:pigment
entity:artifact:2:206607,usesMaterial,entity:material:ink
entity:artifact:2:206607,usesMaterial,entity:material:paper
entity:artifact:2:206607,usesMaterial,entity:material:pigment
entity:artifact:2:206608,usesMaterial,entity:material:ink
entity:artifact:2:206608,usesMaterial,entity:material:paper
entity:artifact:2:206608,usesMaterial,entity:material:pigment
entity:artifact:2:206609,usesMaterial,entity:material:gold
entity:artifact:2:206609,usesMaterial,entity:material:ink
entity:artifact:2:206609,usesMaterial,entity:material:paper
entity:artifact:2:206609,usesMaterial,entity:material:pigment
entity:artifact:2:206610,usesMaterial,entity:material:gold
entity:artifact:2:206610,usesMaterial,entity:material:ink
entity:artifact:2:206610,usesMaterial,entity:material:paper
entity:artifact:2:206610,usesMaterial,entity:material:pigment
entity:artifact:2:206611,usesMaterial,entity:material:ink
entity:artifact:2:206611,usesMaterial,entity:material:jade
entity:artifact:2:206611,usesMaterial,entity:material:paper
entity:artifact:2:206611,usesMaterial,entity:material:pigment
entity:artifact:2:206611,usesMaterial,entity:material:silver
entity:artifact:2:206612,usesMaterial,entity:material:gold
entity:artifact:2:206612,usesMaterial,entity:material:ink
entity:artifact:2:206612,usesMaterial,entity:material:paper
entity:artifact:2:206612,usesMaterial,entity:material:pigment
entity:artifact:2:206613,usesMaterial,entity:material:gold
entity:artifact:2:206613,usesMaterial,entity:material:ink
entity:artifact:2:206613,usesMaterial,entity:material:paper
entity:artifact:2:206613,usesMaterial,entity:material:pigment
entity:artifact:2:206614,usesMaterial,entity:material:gold
entity:artifact:2:206614,usesMaterial,entity:material:ink
entity:artifact:2:206614,usesMaterial,entity:material:paper
entity:artifact:2:206614,usesMaterial,entity:material:pigment
entity:artifact:2:206615,usesMaterial,entity:material:ink
entity:artifact:2:206615,usesMaterial,entity:material:paper
entity:artifact:2:206615,usesMaterial,entity:material:pigment
entity:artifact:2:206620,usesMaterial,entity:material:ink
entity:artifact:2:206620,usesMaterial,entity:material:paper
entity:artifact:2:206620,usesMaterial,entity:material:pigment
entity:artifact:2:206623,usesMaterial,entity:material:ink
entity:artifact:2:206623,usesMaterial,entity:material:paper
entity:artifact:2:206624,usesMaterial,entity:material:ink
entity:artifact:2:206624,usesMaterial,entity:material:paper
entity:artifact:2:206625,usesMaterial,entity:material:ink
entity:artifact:2:206625,usesMaterial,entity:material:paper
entity:artifact:2:206626,usesMaterial,entity:material:ink
entity:artifact:2:206626,usesMaterial,entity:material:paper
entity:artifact:2:206627,usesMaterial,entity:material:ink
entity:artifact:2:206627,usesMaterial,entity:material:paper
entity:artifact:2:206628,usesMaterial,entity:material:ink
entity:artifact:2:206628,usesMaterial,entity:material:paper
entity:artifact:2:206629,usesMaterial,entity:material:ink
entity:artifact:2:206629,usesMaterial,entity:material:paper
entity:artifact:2:206635,usesMaterial,entity:material:wood
entity:artifact:2:20955,usesMaterial,entity:material:earthenware
entity:artifact:2:20955,usesMaterial,entity:material:pigment
entity:artifact:2:20956,usesMaterial,entity:material:gold
entity:artifact:2:20956,usesMaterial,entity:material:paper
entity:artifact:2:20956,usesMaterial,entity:material:silk
entity:artifact:2:20970,usesMaterial,entity:material:earthenware
entity:artifact:2:20970,usesMaterial,entity:material:porcelain
entity:artifact:2:20972,usesMaterial,entity:material:porcelain
entity:artifact:2:20978,usesMaterial,entity:material:earthenware
entity:artifact:2:20978,usesMaterial,entity:material:pigment
entity:artifact:2:209837,usesMaterial,entity:material:bronze
entity:artifact:2:21115,usesMaterial,entity:material:earthenware
entity:artifact:2:21115,usesMaterial,entity:material:metal
entity:artifact:2:21116,usesMaterial,entity:material:ink
entity:artifact:2:21116,usesMaterial,entity:material:paper
entity:artifact:2:21116,usesMaterial,entity:material:pigment
entity:artifact:2:21117,usesMaterial,entity:material:earthenware
entity:artifact:2:31296,usesMaterial,entity:material:earthenware
entity:artifact:2:31296,usesMaterial,entity:material:porcelain
entity:artifact:2:4586,usesMaterial,entity:material:ink
entity:artifact:2:4586,usesMaterial,entity:material:paper
entity:artifact:2:4587,usesMaterial,entity:material:earthenware
entity:artifact:2:4587,usesMaterial,entity:material:metal
entity:artifact:2:4587,usesMaterial,entity:material:pigment
entity:artifact:2:4588,usesMaterial,entity:material:earthenware
entity:artifact:2:4588,usesMaterial,entity:material:pigment
entity:artifact:2:4615,usesMaterial,entity:material:ink
entity:artifact:2:4615,usesMaterial,entity:material:paper
entity:artifact:2:4640,usesMaterial,entity:material:ink
entity:artifact:2:4640,usesMaterial,entity:material:paper
entity:artifact:2:4641,usesMaterial,entity:material:earthenware
entity:artifact:2:4641,usesMaterial,entity:material:pigment
entity:artifact:2:4642,usesMaterial,entity:material:earthenware
entity:artifact:2:4642,usesMaterial,entity:material:pigment
entity:artifact:2:4644,usesMaterial,entity:material:earthenware
entity:artifact:2:4644,usesMaterial,entity:material:pigment
entity:artifact:2:4645,usesMaterial,entity:material:earthenware
entity:artifact:2:4645,usesMaterial,entity:material:gold
entity:artifact:2:4645,usesMaterial,entity:material:pigment
entity:artifact:2:4646,usesMaterial,entity:material:earthenware
entity:artifact:2:4646,usesMaterial,entity:material:gold
entity:artifact:2:4646,usesMaterial,entity:material:pigment
entity:artifact:2:47472,usesMaterial,entity:material:gold
entity:artifact:2:47501,usesMaterial,entity:material:ink
entity:artifact:2:47501,usesMaterial,entity:material:pigment
entity:artifact:2:47501,usesMaterial,entity:material:silk
entity:artifact:2:47502,usesMaterial,entity:material:ink
entity:artifact:2:47502,usesMaterial,entity:material:pigment
entity:artifact:2:47502,usesMaterial,entity:material:silk
entity:artifact:2:47503,usesMaterial,entity:material:ink
entity:artifact:2:47503,usesMaterial,entity:material:pigment
entity:artifact:2:47503,usesMaterial,entity:material:silk
entity:artifact:2:47504,usesMaterial,entity:material:ink
entity:artifact:2:47504,usesMaterial,entity:material:pigment
entity:artifact:2:47504,usesMaterial,entity:material:silk
entity:artifact:2:47768,usesMaterial,entity:material:ink
entity:artifact:2:47768,usesMaterial,entity:material:pigment
entity:artifact:2:47768,usesMaterial,entity:material:silk
entity:artifact:2:47769,usesMaterial,entity:material:ink
entity:artifact:2:47769,usesMaterial,entity:material:pigment
entity:artifact:2:47769,usesMaterial,entity:material:silk
entity:artifact:2:47770,usesMaterial,entity:material:ink
entity:artifact:2:47770,usesMaterial,entity:material:pigment
entity:artifact:2:47770,usesMaterial,entity:material:silk
entity:artifact:2:47803,usesMaterial,entity:material:ink
entity:artifact:2:47803,usesMaterial,entity:material:paper
entity:artifact:2:47804,usesMaterial,entity:material:ink
entity:artifact:2:47804,usesMaterial,entity:material:paper
entity:artifact:2:47805,usesMaterial,entity:material:ink
entity:artifact:2:47805,usesMaterial,entity:material:paper
entity:artifact:2:47806,usesMaterial,entity:material:ink
entity:artifact:2:47806,usesMaterial,entity:material:paper
entity:artifact:2:47807,usesMaterial,entity:material:ink
entity:artifact:2:47807,usesMaterial,entity:material:paper
entity:artifact:2:47808,usesMaterial,entity:material:ink
entity:artifact:2:47808,usesMaterial,entity:material:paper
entity:artifact:2:47809,usesMaterial,entity:material:ink
entity:artifact:2:47809,usesMaterial,entity:material:paper
entity:artifact:2:47965,usesMaterial,entity:material:ink
entity:artifact:2:47965,usesMaterial,entity:material:paper
entity:artifact:2:47966,usesMaterial,entity:material:ink
entity:artifact:2:47966,usesMaterial,entity:material:paper
entity:artifact:2:47967,usesMaterial,entity:material:ink
entity:artifact:2:47967,usesMaterial,entity:material:paper
entity:artifact:2:47968,usesMaterial,entity:material:ink
entity:artifact:2:47968,usesMaterial,entity:material:paper
entity:artifact:2:47969,usesMaterial,entity:material:ink
entity:artifact:2:47969,usesMaterial,entity:material:pigment
entity:artifact:2:47969,usesMaterial,entity:material:silk
entity:artifact:2:48082,usesMaterial,entity:material:gold
entity:artifact:2:48082,usesMaterial,entity:material:ink
entity:artifact:2:48082,usesMaterial,entity:material:paper
entity:artifact:2:48082,usesMaterial,entity:material:pigment
entity:artifact:2:48083,usesMaterial,entity:material:ink
entity:artifact:2:48083,usesMaterial,entity:material:paper
entity:artifact:2:48083,usesMaterial,entity:material:pigment
entity:artifact:2:48084,usesMaterial,entity:material:ink
entity:artifact:2:48084,usesMaterial,entity:material:paper
entity:artifact:2:48084,usesMaterial,entity:material:pigment
entity:artifact:2:48085,usesMaterial,entity:material:ink
entity:artifact:2:48085,usesMaterial,entity:material:paper
entity:artifact:2:48085,usesMaterial,entity:material:pigment
entity:artifact:2:48086,usesMaterial,entity:material:ink
entity:artifact:2:48086,usesMaterial,entity:material:paper
entity:artifact:2:48087,usesMaterial,entity:material:ink
entity:artifact:2:48087,usesMaterial,entity:material:paper
entity:artifact:2:48125,usesMaterial,entity:material:gold
entity:artifact:2:48125,usesMaterial,entity:material:ink
entity:artifact:2:48125,usesMaterial,entity:material:paper
entity:artifact:2:48125,usesMaterial,entity:material:pigment
entity:artifact:2:48126,usesMaterial,entity:material:gold
entity:artifact:2:48126,usesMaterial,entity:material:ink
entity:artifact:2:48126,usesMaterial,entity:material:paper
entity:artifact:2:48126,usesMaterial,entity:material:pigment
entity:artifact:2:48127,usesMaterial,entity:material:gold
entity:artifact:2:48127,usesMaterial,entity:material:ink
entity:artifact:2:48127,usesMaterial,entity:material:paper
entity:artifact:2:48127,usesMaterial,entity:material:pigment
entity:artifact:2:48128,usesMaterial,entity:material:gold
entity:artifact:2:48128,usesMaterial,entity:material:ink
entity:artifact:2:48128,usesMaterial,entity:material:paper
entity:artifact:2:48128,usesMaterial,entity:material:pigment
entity:artifact:2:48129,usesMaterial,entity:material:ink
entity:artifact:2:48129,usesMaterial,entity:material:paper
entity:artifact:2:48129,usesMaterial,entity:material:pigment
entity:artifact:2:48130,usesMaterial,entity:material:ink
entity:artifact:2:48130,usesMaterial,entity:material:paper
entity:artifact:2:48130,usesMaterial,entity:material:pigment
entity:artifact:2:48131,usesMaterial,entity:material:ink
entity:artifact:2:48131,usesMaterial,entity:material:paper
entity:artifact:2:48131,usesMaterial,entity:material:pigment
entity:artifact:2:48132,usesMaterial,entity:material:ink
entity:artifact:2:48132,usesMaterial,entity:material:paper
entity:artifact:2:48145,usesMaterial,entity:material:gold
entity:artifact:2:48145,usesMaterial,entity:material:ink
entity:artifact:2:48145,usesMaterial,entity:material:paper
entity:artifact:2:48145,usesMaterial,entity:material:pigment
entity:artifact:2:48146,usesMaterial,entity:material:gold
entity:artifact:2:48146,usesMaterial,entity:material:ink
entity:artifact:2:48146,usesMaterial,entity:material:paper
entity:artifact:2:48146,usesMaterial,entity:material:pigment
entity:artifact:2:48147,usesMaterial,entity:material:ink
entity:artifact:2:48147,usesMaterial,entity:material:paper
entity:artifact:2:48147,usesMaterial,entity:material:pigment
entity:artifact:2:48148,usesMaterial,entity:material:ink
entity:artifact:2:48148,usesMaterial,entity:material:paper
entity:artifact:2:48148,usesMaterial,entity:material:pigment
entity:artifact:2:48149,usesMaterial,entity:material:ink
entity:artifact:2:48149,usesMaterial,entity:material:paper
entity:artifact:2:48149,usesMaterial,entity:material:pigment
entity:artifact:2:48150,usesMaterial,entity:material:ink
entity:artifact:2:48150,usesMaterial,entity:material:paper
entity:artifact:2:48182,usesMaterial,entity:material:gold
entity:artifact:2:48182,usesMaterial,entity:material:ink
entity:artifact:2:48182,usesMaterial,entity:material:paper
entity:artifact:2:48182,usesMaterial,entity:material:pigment
entity:artifact:2:48183,usesMaterial,entity:material:ink
entity:artifact:2:48183,usesMaterial,entity:material:paper
entity:artifact:2:48183,usesMaterial,entity:material:pigment
entity:artifact:2:48237,usesMaterial,entity:material:ink
entity:artifact:2:48237,usesMaterial,entity:material:paper
entity:artifact:2:48238,usesMaterial,entity:material:ink
entity:artifact:2:48238,usesMaterial,entity:material:paper
entity:artifact:2:48239,usesMaterial,entity:material:ink
entity:artifact:2:48239,usesMaterial,entity:material:paper
entity:artifact:2:48240,usesMaterial,entity:material:ink
entity:artifact:2:48240,usesMaterial,entity:material:paper
entity:artifact:2:48241,usesMaterial,entity:material:ink
entity:artifact:2:48241,usesMaterial,entity:material:pigment
entity:artifact:2:48241,usesMaterial,entity:material:silk
entity:artifact:2:48242,usesMaterial,entity:material:ink
entity:artifact:2:48242,usesMaterial,entity:material:pigment
entity:artifact:2:48242,usesMaterial,entity:material:silk
entity:artifact:2:48243,usesMaterial,entity:material:ink
entity:artifact:2:48243,usesMaterial,entity:material:pigment
entity:artifact:2:48243,usesMaterial,entity:material:silk
entity:artifact:2:48284,usesMaterial,entity:material:ink
entity:artifact:2:48284,usesMaterial,entity:material:paper
entity:artifact:2:48285,usesMaterial,entity:material:ink
entity:artifact:2:48285,usesMaterial,entity:material:paper
entity:artifact:2:48286,usesMaterial,entity:material:ink
entity:artifact:2:48286,usesMaterial,entity:material:paper
entity:artifact:2:48287,usesMaterial,entity:material:ink
entity:artifact:2:48287,usesMaterial,entity:material:paper
entity:artifact:2:48288,usesMaterial,entity:material:ink
entity:artifact:2:48288,usesMaterial,entity:material:paper
entity:artifact:2:48289,usesMaterial,entity:material:ink
entity:artifact:2:48289,usesMaterial,entity:material:pigment
entity:artifact:2:48289,usesMaterial,entity:material:silk
entity:artifact:2:48331,usesMaterial,entity:material:ink
entity:artifact:2:48331,usesMaterial,entity:material:pigment
entity:artifact:2:48331,usesMaterial,entity:material:silk
entity:artifact:2:48332,usesMaterial,entity:material:ink
entity:artifact:2:48332,usesMaterial,entity:material:pigment
entity:artifact:2:48332,usesMaterial,entity:material:silk
entity:artifact:2:48370,usesMaterial,entity:material:ink
entity:artifact:2:48370,usesMaterial,entity:material:pigment
entity:artifact:2:48370,usesMaterial,entity:material:silk
entity:artifact:2:48371,usesMaterial,entity:material:ink
entity:artifact:2:48371,usesMaterial,entity:material:pigment
entity:artifact:2:48371,usesMaterial,entity:material:silk
entity:artifact:2:48372,usesMaterial,entity:material:ink
entity:artifact:2:48372,usesMaterial,entity:material:paper
entity:artifact:2:48372,usesMaterial,entity:material:pigment
entity:artifact:2:48395,usesMaterial,entity:material:gold
entity:artifact:2:48395,usesMaterial,entity:material:ink
entity:artifact:2:48395,usesMaterial,entity:material:paper
entity:artifact:2:48562,usesMaterial,entity:material:silk
entity:artifact:2:48563,usesMaterial,entity:material:silk
entity:artifact:2:48564,usesMaterial,entity:material:silk
entity:artifact:2:48565,usesMaterial,entity:material:silk
entity:artifact:2:48601,usesMaterial,entity:material:ink
entity:artifact:2:48601,usesMaterial,entity:material:paper
entity:artifact:2:48601,usesMaterial,entity:material:pigment
entity:artifact:2:48602,usesMaterial,entity:material:ink
entity:artifact:2:48602,usesMaterial,entity:material:paper
entity:artifact:2:48602,usesMaterial,entity:material:pigment
entity:artifact:2:48603,usesMaterial,entity:material:ink
entity:artifact:2:48603,usesMaterial,entity:material:paper
entity:artifact:2:48603,usesMaterial,entity:material:pigment
entity:artifact:2:48604,usesMaterial,entity:material:gold
entity:artifact:2:48604,usesMaterial,entity:material:ink
entity:artifact:2:48604,usesMaterial,entity:material:pigment
entity:artifact:2:48604,usesMaterial,entity:material:silk
entity:artifact:2:48605,usesMaterial,entity:material:ink
entity:artifact:2:48605,usesMaterial,entity:material:paper
entity:artifact:2:48606,usesMaterial,entity:material:ink
entity:artifact:2:48606,usesMaterial,entity:material:paper
entity:artifact:2:48606,usesMaterial,entity:material:pigment
entity:artifact:2:48607,usesMaterial,entity:material:ink
entity:artifact:2:48607,usesMaterial,entity:material:paper
entity:artifact:2:48607,usesMaterial,entity:material:pigment
entity:artifact:2:48613,usesMaterial,entity:material:ink
entity:artifact:2:48613,usesMaterial,entity:material:paper
entity:artifact:2:48613,usesMaterial,entity:material:pigment
entity:artifact:2:48614,usesMaterial,entity:material:ink
entity:artifact:2:48614,usesMaterial,entity:material:paper
entity:artifact:2:48614,usesMaterial,entity:material:pigment
entity:artifact:2:48644,usesMaterial,entity:material:ink
entity:artifact:2:48644,usesMaterial,entity:material:paper
entity:artifact:2:48644,usesMaterial,entity:material:pigment
entity:artifact:2:48645,usesMaterial,entity:material:ink
entity:artifact:2:48645,usesMaterial,entity:material:paper
entity:artifact:2:48645,usesMaterial,entity:material:pigment
entity:artifact:2:48646,usesMaterial,entity:material:ink
entity:artifact:2:48646,usesMaterial,entity:material:paper
entity:artifact:2:48646,usesMaterial,entity:material:pigment
entity:artifact:2:48647,usesMaterial,entity:material:ink
entity:artifact:2:48647,usesMaterial,entity:material:paper
entity:artifact:2:48647,usesMaterial,entity:material:pigment
entity:artifact:2:48648,usesMaterial,entity:material:ink
entity:artifact:2:48648,usesMaterial,entity:material:paper
entity:artifact:2:48648,usesMaterial,entity:material:pigment
entity:artifact:2:48649,usesMaterial,entity:material:ink
entity:artifact:2:48649,usesMaterial,entity:material:paper
entity:artifact:2:48649,usesMaterial,entity:material:pigment
entity:artifact:2:48650,usesMaterial,entity:material:ink
entity:artifact:2:48650,usesMaterial,entity:material:paper
entity:artifact:2:48651,usesMaterial,entity:material:ink
entity:artifact:2:48651,usesMaterial,entity:material:paper
entity:artifact:2:48652,usesMaterial,entity:material:ink
entity:artifact:2:48652,usesMaterial,entity:material:paper
entity:artifact:2:48661,usesMaterial,entity:material:silk
entity:artifact:2:48662,usesMaterial,entity:material:silk
entity:artifact:2:48663,usesMaterial,entity:material:silk
entity:artifact:2:48664,usesMaterial,entity:material:silk
entity:artifact:2:48665,usesMaterial,entity:material:ink
entity:artifact:2:48665,usesMaterial,entity:material:paper
entity:artifact:2:48666,usesMaterial,entity:material:ink
entity:artifact:2:48666,usesMaterial,entity:material:paper
entity:artifact:2:48670,usesMaterial,entity:material:ink
entity:artifact:2:48670,usesMaterial,entity:material:paper
entity:artifact:2:48670,usesMaterial,entity:material:pigment
entity:artifact:2:48671,usesMaterial,entity:material:ink
entity:artifact:2:48671,usesMaterial,entity:material:paper
entity:artifact:2:48671,usesMaterial,entity:material:pigment
entity:artifact:2:48672,usesMaterial,entity:material:ink
entity:artifact:2:48672,usesMaterial,entity:material:paper
entity:artifact:2:48673,usesMaterial,entity:material:ink
entity:artifact:2:48673,usesMaterial,entity:material:paper
entity:artifact:2:48783,usesMaterial,entity:material:ink
entity:artifact:2:48783,usesMaterial,entity:material:paper
entity:artifact:2:48783,usesMaterial,entity:material:pigment
entity:artifact:2:48784,usesMaterial,entity:material:ink
entity:artifact:2:48784,usesMaterial,entity:material:paper
entity:artifact:2:48784,usesMaterial,entity:material:pigment
entity:artifact:2:48785,usesMaterial,entity:material:ink
entity:artifact:2:48785,usesMaterial,entity:material:paper
entity:artifact:2:48785,usesMaterial,entity:material:pigment
entity:artifact:2:48786,usesMaterial,entity:material:gold
entity:artifact:2:48786,usesMaterial,entity:material:ink
entity:artifact:2:48786,usesMaterial,entity:material:pigment
entity:artifact:2:48786,usesMaterial,entity:material:silk
entity:artifact:2:48787,usesMaterial,entity:material:ink
entity:artifact:2:48787,usesMaterial,entity:material:pigment
entity:artifact:2:48787,usesMaterial,entity:material:silk
entity:artifact:2:48788,usesMaterial,entity:material:ink
entity:artifact:2:48788,usesMaterial,entity:material:pigment
entity:artifact:2:48788,usesMaterial,entity:material:silk
entity:artifact:2:48789,usesMaterial,entity:material:gold
entity:artifact:2:48789,usesMaterial,entity:material:ink
entity:artifact:2:48789,usesMaterial,entity:material:pigment
entity:artifact:2:48789,usesMaterial,entity:material:silk
entity:artifact:2:48790,usesMaterial,entity:material:ink
entity:artifact:2:48790,usesMaterial,entity:material:paper
entity:artifact:2:48791,usesMaterial,entity:material:ink
entity:artifact:2:48791,usesMaterial,entity:material:paper
entity:artifact:2:48792,usesMaterial,entity:material:ink
entity:artifact:2:48792,usesMaterial,entity:material:paper
entity:artifact:2:48793,usesMaterial,entity:material:ink
entity:artifact:2:48793,usesMaterial,entity:material:paper
entity:artifact:2:48793,usesMaterial,entity:material:pigment
entity:artifact:2:48794,usesMaterial,entity:material:ink
entity:artifact:2:48794,usesMaterial,entity:material:paper
entity:artifact:2:48794,usesMaterial,entity:material:pigment
entity:artifact:2:48795,usesMaterial,entity:material:ink
entity:artifact:2:48795,usesMaterial,entity:material:paper
entity:artifact:2:48795,usesMaterial,entity:material:pigment
entity:artifact:2:48796,usesMaterial,entity:material:ink
entity:artifact:2:48796,usesMaterial,entity:material:paper
entity:artifact:2:48796,usesMaterial,entity:material:pigment
entity:artifact:2:48797,usesMaterial,entity:material:ink
entity:artifact:2:48797,usesMaterial,entity:material:paper
entity:artifact:2:48797,usesMaterial,entity:material:pigment
entity:artifact:2:48828,usesMaterial,entity:material:ink
entity:artifact:2:48828,usesMaterial,entity:material:paper
entity:artifact:2:48828,usesMaterial,entity:material:pigment
entity:artifact:2:48829,usesMaterial,entity:material:ink
entity:artifact:2:48829,usesMaterial,entity:material:paper
entity:artifact:2:48829,usesMaterial,entity:material:pigment
entity:artifact:2:48830,usesMaterial,entity:material:ink
entity:artifact:2:48830,usesMaterial,entity:material:paper
entity:artifact:2:48830,usesMaterial,entity:material:pigment
entity:artifact:2:48831,usesMaterial,entity:material:ink
entity:artifact:2:48831,usesMaterial,entity:material:paper
entity:artifact:2:48831,usesMaterial,entity:material:pigment
entity:artifact:2:48832,usesMaterial,entity:material:gold
entity:artifact:2:48832,usesMaterial,entity:material:ink
entity:artifact:2:48832,usesMaterial,entity:material:pigment
entity:artifact:2:48832,usesMaterial,entity:material:silk
entity:artifact:2:48833,usesMaterial,entity:material:gold
entity:artifact:2:48833,usesMaterial,entity:material:ink
entity:artifact:2:48833,usesMaterial,entity:material:pigment
entity:artifact:2:48833,usesMaterial,entity:material:silk
entity:artifact:2:48834,usesMaterial,entity:material:ink
entity:artifact:2:48834,usesMaterial,entity:material:paper
entity:artifact:2:48834,usesMaterial,entity:material:pigment
entity:artifact:2:48835,usesMaterial,entity:material:ink
entity:artifact:2:48835,usesMaterial,entity:material:pigment
entity:artifact:2:48835,usesMaterial,entity:material:silk
entity:artifact:2:48836,usesMaterial,entity:material:ink
entity:artifact:2:48836,usesMaterial,entity:material:paper
entity:artifact:2:48836,usesMaterial,entity:material:pigment
entity:artifact:2:48837,usesMaterial,entity:material:ink
entity:artifact:2:48837,usesMaterial,entity:material:pigment
entity:artifact:2:48837,usesMaterial,entity:material:silk
entity:artifact:2:48838,usesMaterial,entity:material:ink
entity:artifact:2:48838,usesMaterial,entity:material:paper
entity:artifact:2:48839,usesMaterial,entity:material:ink
entity:artifact:2:48839,usesMaterial,entity:material:paper
entity:artifact:2:48840,usesMaterial,entity:material:ink
entity:artifact:2:48840,usesMaterial,entity:material:paper
entity:artifact:2:48841,usesMaterial,entity:material:ink
entity:artifact:2:48841,usesMaterial,entity:material:paper
entity:artifact:2:48842,usesMaterial,entity:material:ink
entity:artifact:2:48842,usesMaterial,entity:material:paper
entity:artifact:2:48842,usesMaterial,entity:material:pigment
entity:artifact:2:48843,usesMaterial,entity:material:ink
entity:artifact:2:48843,usesMaterial,entity:material:paper
entity:artifact:2:48843,usesMaterial,entity:material:pigment
entity:artifact:2:48844,usesMaterial,entity:material:ink
entity:artifact:2:48844,usesMaterial,entity:material:paper
entity:artifact:2:48844,usesMaterial,entity:material:pigment
entity:artifact:2:48847,usesMaterial,entity:material:ink
entity:artifact:2:48847,usesMaterial,entity:material:paper
entity:artifact:2:48847,usesMaterial,entity:material:pigment
entity:artifact:2:48848,usesMaterial,entity:material:ink
entity:artifact:2:48848,usesMaterial,entity:material:paper
entity:artifact:2:48848,usesMaterial,entity:material:pigment
entity:artifact:2:48849,usesMaterial,entity:material:ink
entity:artifact:2:48849,usesMaterial,entity:material:paper
entity:artifact:2:48849,usesMaterial,entity:material:pigment
entity:artifact:2:48887,usesMaterial,entity:material:ink
entity:artifact:2:48887,usesMaterial,entity:material:paper
entity:artifact:2:48887,usesMaterial,entity:material:pigment
entity:artifact:2:48888,usesMaterial,entity:material:ink
entity:artifact:2:48888,usesMaterial,entity:material:paper
entity:artifact:2:48888,usesMaterial,entity:material:pigment
entity:artifact:2:48930,usesMaterial,entity:material:ink
entity:artifact:2:48930,usesMaterial,entity:material:paper
entity:artifact:2:48931,usesMaterial,entity:material:ink
entity:artifact:2:48931,usesMaterial,entity:material:paper
entity:artifact:2:48932,usesMaterial,entity:material:ink
entity:artifact:2:48932,usesMaterial,entity:material:paper
entity:artifact:2:48933,usesMaterial,entity:material:ink
entity:artifact:2:48933,usesMaterial,entity:material:paper
entity:artifact:2:48934,usesMaterial,entity:material:ink
entity:artifact:2:48934,usesMaterial,entity:material:paper
entity:artifact:2:48934,usesMaterial,entity:material:pigment
entity:artifact:2:48935,usesMaterial,entity:material:ink
entity:artifact:2:48935,usesMaterial,entity:material:paper
entity:artifact:2:48935,usesMaterial,entity:material:pigment
entity:artifact:2:48939,usesMaterial,entity:material:ink
entity:artifact:2:48939,usesMaterial,entity:material:paper
entity:artifact:2:48939,usesMaterial,entity:material:pigment
entity:artifact:2:48940,usesMaterial,entity:material:ink
entity:artifact:2:48940,usesMaterial,entity:material:paper
entity:artifact:2:48940,usesMaterial,entity:material:pigment
entity:artifact:2:48941,usesMaterial,entity:material:ink
entity:artifact:2:48941,usesMaterial,entity:material:paper
entity:artifact:2:48941,usesMaterial,entity:material:pigment
entity:artifact:2:49026,usesMaterial,entity:material:ink
entity:artifact:2:49026,usesMaterial,entity:material:paper
entity:artifact:2:49026,usesMaterial,entity:material:pigment
entity:artifact:2:49038,usesMaterial,entity:material:ink
entity:artifact:2:49038,usesMaterial,entity:material:paper
entity:artifact:2:49038,usesMaterial,entity:material:pigment
entity:artifact:2:49048,usesMaterial,entity:material:ink
entity:artifact:2:49048,usesMaterial,entity:material:paper
entity:artifact:2:49048,usesMaterial,entity:material:pigment
entity:artifact:2:49049,usesMaterial,entity:material:ink
entity:artifact:2:49049,usesMaterial,entity:material:paper
entity:artifact:2:49049,usesMaterial,entity:material:pigment
entity:artifact:2:49050,usesMaterial,entity:material:ink
entity:artifact:2:49050,usesMaterial,entity:material:paper
entity:artifact:2:49050,usesMaterial,entity:material:pigment
entity:artifact:2:49051,usesMaterial,entity:material:ink
entity:artifact:2:49051,usesMaterial,entity:material:paper
entity:artifact:2:49051,usesMaterial,entity:material:pigment
entity:artifact:2:49052,usesMaterial,entity:material:ink
entity:artifact:2:49052,usesMaterial,entity:material:paper
entity:artifact:2:49052,usesMaterial,entity:material:pigment
entity:artifact:2:49053,usesMaterial,entity:material:ink
entity:artifact:2:49053,usesMaterial,entity:material:paper
entity:artifact:2:49053,usesMaterial,entity:material:pigment
entity:artifact:2:49054,usesMaterial,entity:material:ink
entity:artifact:2:49054,usesMaterial,entity:material:paper
entity:artifact:2:49054,usesMaterial,entity:material:pigment
entity:artifact:2:49055,usesMaterial,entity:material:ink
entity:artifact:2:49055,usesMaterial,entity:material:paper
entity:artifact:2:49055,usesMaterial,entity:material:pigment
entity:artifact:2:49056,usesMaterial,entity:material:ink
entity:artifact:2:49056,usesMaterial,entity:material:paper
entity:artifact:2:49056,usesMaterial,entity:material:pigment
entity:artifact:2:49057,usesMaterial,entity:material:ink
entity:artifact:2:49057,usesMaterial,entity:material:paper
entity:artifact:2:49057,usesMaterial,entity:material:pigment
entity:artifact:2:49101,usesMaterial,entity:material:ink
entity:artifact:2:49101,usesMaterial,entity:material:paper
entity:artifact:2:49101,usesMaterial,entity:material:pigment
entity:artifact:2:49113,usesMaterial,entity:material:ink
entity:artifact:2:49113,usesMaterial,entity:material:paper
entity:artifact:2:49113,usesMaterial,entity:material:pigment
entity:artifact:2:49114,usesMaterial,entity:material:ink
entity:artifact:2:49114,usesMaterial,entity:material:paper
entity:artifact:2:49114,usesMaterial,entity:material:pigment
entity:artifact:2:49115,usesMaterial,entity:material:ink
entity:artifact:2:49115,usesMaterial,entity:material:paper
entity:artifact:2:49115,usesMaterial,entity:material:pigment
entity:artifact:2:49116,usesMaterial,entity:material:ink
entity:artifact:2:49116,usesMaterial,entity:material:paper
entity:artifact:2:49116,usesMaterial,entity:material:pigment
entity:artifact:2:49117,usesMaterial,entity:material:ink
entity:artifact:2:49117,usesMaterial,entity:material:paper
entity:artifact:2:49117,usesMaterial,entity:material:pigment
entity:artifact:2:49118,usesMaterial,entity:material:ink
entity:artifact:2:49118,usesMaterial,entity:material:paper
entity:artifact:2:49118,usesMaterial,entity:material:pigment
entity:artifact:2:49119,usesMaterial,entity:material:ink
entity:artifact:2:49119,usesMaterial,entity:material:paper
entity:artifact:2:49119,usesMaterial,entity:material:pigment
entity:artifact:2:49120,usesMaterial,entity:material:ink
entity:artifact:2:49120,usesMaterial,entity:material:paper
entity:artifact:2:49120,usesMaterial,entity:material:pigment
entity:artifact:2:49121,usesMaterial,entity:material:ink
entity:artifact:2:49121,usesMaterial,entity:material:paper
entity:artifact:2:49121,usesMaterial,entity:material:pigment
entity:artifact:2:49122,usesMaterial,entity:material:ink
entity:artifact:2:49122,usesMaterial,entity:material:paper
entity:artifact:2:49122,usesMaterial,entity:material:pigment
entity:artifact:2:49123,usesMaterial,entity:material:ink
entity:artifact:2:49123,usesMaterial,entity:material:paper
entity:artifact:2:49123,usesMaterial,entity:material:pigment
entity:artifact:2:49124,usesMaterial,entity:material:ink
entity:artifact:2:49124,usesMaterial,entity:material:paper
entity:artifact:2:49124,usesMaterial,entity:material:pigment
entity:artifact:2:49125,usesMaterial,entity:material:ink
entity:artifact:2:49125,usesMaterial,entity:material:paper
entity:artifact:2:49125,usesMaterial,entity:material:pigment
entity:artifact:2:49126,usesMaterial,entity:material:ink
entity:artifact:2:49126,usesMaterial,entity:material:paper
entity:artifact:2:49126,usesMaterial,entity:material:pigment
entity:artifact:2:49149,usesMaterial,entity:material:ink
entity:artifact:2:49149,usesMaterial,entity:material:paper
entity:artifact:2:49149,usesMaterial,entity:material:pigment
entity:artifact:2:49150,usesMaterial,entity:material:ink
entity:artifact:2:49150,usesMaterial,entity:material:paper
entity:artifact:2:49150,usesMaterial,entity:material:pigment
entity:artifact:2:49151,usesMaterial,entity:material:ink
entity:artifact:2:49151,usesMaterial,entity:material:paper
entity:artifact:2:49151,usesMaterial,entity:material:pigment
entity:artifact:2:49152,usesMaterial,entity:material:ink
entity:artifact:2:49152,usesMaterial,entity:material:paper
entity:artifact:2:49152,usesMaterial,entity:material:pigment
entity:artifact:2:49153,usesMaterial,entity:material:ink
entity:artifact:2:49153,usesMaterial,entity:material:paper
entity:artifact:2:49153,usesMaterial,entity:material:pigment
entity:artifact:2:49154,usesMaterial,entity:material:ink
entity:artifact:2:49154,usesMaterial,entity:material:paper
entity:artifact:2:49154,usesMaterial,entity:material:pigment
entity:artifact:2:49155,usesMaterial,entity:material:ink
entity:artifact:2:49155,usesMaterial,entity:material:paper
entity:artifact:2:49155,usesMaterial,entity:material:pigment
entity:artifact:2:49156,usesMaterial,entity:material:ink
entity:artifact:2:49156,usesMaterial,entity:material:paper
entity:artifact:2:49156,usesMaterial,entity:material:pigment
entity:artifact:2:49169,usesMaterial,entity:material:ink
entity:artifact:2:49169,usesMaterial,entity:material:paper
entity:artifact:2:49169,usesMaterial,entity:material:pigment
entity:artifact:2:49170,usesMaterial,entity:material:ink
entity:artifact:2:49170,usesMaterial,entity:material:paper
entity:artifact:2:49170,usesMaterial,entity:material:pigment
entity:artifact:2:49180,usesMaterial,entity:material:gold
entity:artifact:2:49180,usesMaterial,entity:material:paper
entity:artifact:2:49180,usesMaterial,entity:material:pigment
entity:artifact:2:49180,usesMaterial,entity:material:wood
entity:artifact:2:49184,usesMaterial,entity:material:ink
entity:artifact:2:49184,usesMaterial,entity:material:paper
entity:artifact:2:49184,usesMaterial,entity:material:pigment
entity:artifact:2:49190,usesMaterial,entity:material:ink
entity:artifact:2:49190,usesMaterial,entity:material:paper
entity:artifact:2:49190,usesMaterial,entity:material:pigment
entity:artifact:2:49191,usesMaterial,entity:material:ink
entity:artifact:2:49191,usesMaterial,entity:material:paper
entity:artifact:2:49191,usesMaterial,entity:material:pigment
entity:artifact:2:49192,usesMaterial,entity:material:ink
entity:artifact:2:49192,usesMaterial,entity:material:paper
entity:artifact:2:49192,usesMaterial,entity:material:pigment
entity:artifact:2:49193,usesMaterial,entity:material:ink
entity:artifact:2:49193,usesMaterial,entity:material:paper
entity:artifact:2:49193,usesMaterial,entity:material:pigment
entity:artifact:2:49194,usesMaterial,entity:material:ink
entity:artifact:2:49194,usesMaterial,entity:material:paper
entity:artifact:2:49194,usesMaterial,entity:material:pigment
entity:artifact:2:49213,usesMaterial,entity:material:ink
entity:artifact:2:49213,usesMaterial,entity:material:paper
entity:artifact:2:49213,usesMaterial,entity:material:pigment
entity:artifact:2:49214,usesMaterial,entity:material:ink
entity:artifact:2:49214,usesMaterial,entity:material:paper
entity:artifact:2:49214,usesMaterial,entity:material:pigment
entity:artifact:2:49215,usesMaterial,entity:material:ink
entity:artifact:2:49215,usesMaterial,entity:material:paper
entity:artifact:2:49215,usesMaterial,entity:material:pigment
entity:artifact:2:49216,usesMaterial,entity:material:ink
entity:artifact:2:49216,usesMaterial,entity:material:paper
entity:artifact:2:49216,usesMaterial,entity:material:pigment
entity:artifact:2:49217,usesMaterial,entity:material:ink
entity:artifact:2:49217,usesMaterial,entity:material:paper
entity:artifact:2:49217,usesMaterial,entity:material:pigment
entity:artifact:2:49218,usesMaterial,entity:material:ink
entity:artifact:2:49218,usesMaterial,entity:material:paper
entity:artifact:2:49218,usesMaterial,entity:material:pigment
entity:artifact:2:49219,usesMaterial,entity:material:ink
entity:artifact:2:49219,usesMaterial,entity:material:paper
entity:artifact:2:49219,usesMaterial,entity:material:pigment
entity:artifact:2:49220,usesMaterial,entity:material:ink
entity:artifact:2:49220,usesMaterial,entity:material:paper
entity:artifact:2:49220,usesMaterial,entity:material:pigment
entity:artifact:2:49221,usesMaterial,entity:material:ink
entity:artifact:2:49221,usesMaterial,entity:material:paper
entity:artifact:2:49221,usesMaterial,entity:material:pigment
entity:artifact:2:49222,usesMaterial,entity:material:ink
entity:artifact:2:49222,usesMaterial,entity:material:paper
entity:artifact:2:49222,usesMaterial,entity:material:pigment
entity:artifact:2:49223,usesMaterial,entity:material:ink
entity:artifact:2:49223,usesMaterial,entity:material:paper
entity:artifact:2:49223,usesMaterial,entity:material:pigment
entity:artifact:2:49224,usesMaterial,entity:material:ink
entity:artifact:2:49224,usesMaterial,entity:material:paper
entity:artifact:2:49224,usesMaterial,entity:material:pigment
entity:artifact:2:49225,usesMaterial,entity:material:ink
entity:artifact:2:49225,usesMaterial,entity:material:paper
entity:artifact:2:49225,usesMaterial,entity:material:pigment
entity:artifact:2:49265,usesMaterial,entity:material:ink
entity:artifact:2:49265,usesMaterial,entity:material:paper
entity:artifact:2:49265,usesMaterial,entity:material:pigment
entity:artifact:2:49266,usesMaterial,entity:material:ink
entity:artifact:2:49266,usesMaterial,entity:material:paper
entity:artifact:2:49266,usesMaterial,entity:material:pigment
entity:artifact:2:49267,usesMaterial,entity:material:ink
entity:artifact:2:49267,usesMaterial,entity:material:paper
entity:artifact:2:49267,usesMaterial,entity:material:pigment
entity:artifact:2:49268,usesMaterial,entity:material:ink
entity:artifact:2:49268,usesMaterial,entity:material:paper
entity:artifact:2:49268,usesMaterial,entity:material:pigment
entity:artifact:2:49269,usesMaterial,entity:material:gold
entity:artifact:2:49269,usesMaterial,entity:material:ink
entity:artifact:2:49269,usesMaterial,entity:material:paper
entity:artifact:2:49269,usesMaterial,entity:material:pigment
entity:artifact:2:49269,usesMaterial,entity:material:wood
entity:artifact:2:49278,usesMaterial,entity:material:ink
entity:artifact:2:49278,usesMaterial,entity:material:paper
entity:artifact:2:49278,usesMaterial,entity:material:pigment
entity:artifact:2:49279,usesMaterial,entity:material:ink
entity:artifact:2:49279,usesMaterial,entity:material:paper
entity:artifact:2:49279,usesMaterial,entity:material:pigment
entity:artifact:2:49502,usesMaterial,entity:material:ink
entity:artifact:2:49502,usesMaterial,entity:material:paper
entity:artifact:2:49502,usesMaterial,entity:material:pigment
entity:artifact:2:49511,usesMaterial,entity:material:ink
entity:artifact:2:49511,usesMaterial,entity:material:paper
entity:artifact:2:49511,usesMaterial,entity:material:pigment
entity:artifact:2:49523,usesMaterial,entity:material:metal
entity:artifact:2:49524,usesMaterial,entity:material:metal
entity:artifact:2:49525,usesMaterial,entity:material:metal
entity:artifact:2:49526,usesMaterial,entity:material:metal
entity:artifact:2:49574,usesMaterial,entity:material:metal
entity:artifact:2:49575,usesMaterial,entity:material:metal
entity:artifact:2:49576,usesMaterial,entity:material:metal
entity:artifact:2:49577,usesMaterial,entity:material:metal
entity:artifact:2:49578,usesMaterial,entity:material:metal
entity:artifact:2:49579,usesMaterial,entity:material:metal
entity:artifact:2:49580,usesMaterial,entity:material:metal
entity:artifact:2:49581,usesMaterial,entity:material:metal
entity:artifact:2:49582,usesMaterial,entity:material:metal
entity:artifact:2:49583,usesMaterial,entity:material:metal
entity:artifact:2:49627,usesMaterial,entity:material:metal
entity:artifact:2:49628,usesMaterial,entity:material:metal
entity:artifact:2:49629,usesMaterial,entity:material:metal
entity:artifact:2:49630,usesMaterial,entity:material:metal
entity:artifact:2:49631,usesMaterial,entity:material:metal
entity:artifact:2:49632,usesMaterial,entity:material:metal
entity:artifact:2:49633,usesMaterial,entity:material:metal
entity:artifact:2:49634,usesMaterial,entity:material:metal
entity:artifact:2:49635,usesMaterial,entity:material:metal
entity:artifact:2:49636,usesMaterial,entity:material:metal
entity:artifact:2:49663,usesMaterial,entity:material:metal
entity:artifact:2:49664,usesMaterial,entity:material:metal
entity:artifact:2:49666,usesMaterial,entity:material:metal
entity:artifact:2:49667,usesMaterial,entity:material:metal
entity:artifact:2:49735,usesMaterial,entity:material:copper
entity:artifact:2:49736,usesMaterial,entity:material:copper
entity:artifact:2:49737,usesMaterial,entity:material:copper
entity:artifact:2:49738,usesMaterial,entity:material:copper
entity:artifact:2:49739,usesMaterial,entity:material:metal
entity:artifact:2:49740,usesMaterial,entity:material:metal
entity:artifact:2:49741,usesMaterial,entity:material:metal
entity:artifact:2:49742,usesMaterial,entity:material:metal
entity:artifact:2:49743,usesMaterial,entity:material:metal
entity:artifact:2:49744,usesMaterial,entity:material:metal
entity:artifact:2:49745,usesMaterial,entity:material:metal
entity:artifact:2:49746,usesMaterial,entity:material:metal
entity:artifact:2:49815,usesMaterial,entity:material:metal
entity:artifact:2:49816,usesMaterial,entity:material:metal
entity:artifact:2:49817,usesMaterial,entity:material:metal
entity:artifact:2:49818,usesMaterial,entity:material:metal
entity:artifact:2:49819,usesMaterial,entity:material:metal
entity:artifact:2:49820,usesMaterial,entity:material:metal
entity:artifact:2:49821,usesMaterial,entity:material:metal
entity:artifact:2:49822,usesMaterial,entity:material:metal
entity:artifact:2:49852,usesMaterial,entity:material:metal
entity:artifact:2:49854,usesMaterial,entity:material:metal
entity:artifact:2:49855,usesMaterial,entity:material:metal
entity:artifact:2:49856,usesMaterial,entity:material:metal
entity:artifact:2:49857,usesMaterial,entity:material:metal
entity:artifact:2:49858,usesMaterial,entity:material:metal
entity:artifact:2:49859,usesMaterial,entity:material:metal
entity:artifact:2:49860,usesMaterial,entity:material:metal
entity:artifact:2:49861,usesMaterial,entity:material:metal
entity:artifact:2:50060,usesMaterial,entity:material:copper
entity:artifact:2:50061,usesMaterial,entity:material:copper
entity:artifact:2:50062,usesMaterial,entity:material:copper
entity:artifact:2:50063,usesMaterial,entity:material:copper
entity:artifact:2:50064,usesMaterial,entity:material:metal
entity:artifact:2:50065,usesMaterial,entity:material:metal
entity:artifact:2:50066,usesMaterial,entity:material:metal
entity:artifact:2:50067,usesMaterial,entity:material:metal
entity:artifact:2:50068,usesMaterial,entity:material:metal
entity:artifact:2:50069,usesMaterial,entity:material:metal
entity:artifact:2:50070,usesMaterial,entity:material:metal
entity:artifact:2:50071,usesMaterial,entity:material:metal
entity:artifact:2:50072,usesMaterial,entity:material:metal
entity:artifact:2:50110,usesMaterial,entity:material:metal
entity:artifact:2:50111,usesMaterial,entity:material:metal
entity:artifact:2:50112,usesMaterial,entity:material:metal
entity:artifact:2:50114,usesMaterial,entity:material:metal
entity:artifact:2:50115,usesMaterial,entity:material:metal
entity:artifact:2:50116,usesMaterial,entity:material:metal
entity:artifact:2:5144,usesMaterial,entity:material:ink
entity:artifact:2:5144,usesMaterial,entity:material:paper
entity:artifact:2:5145,usesMaterial,entity:material:ink
entity:artifact:2:5145,usesMaterial,entity:material:paper
entity:artifact:2:5146,usesMaterial,entity:material:textile
entity:artifact:2:5189,usesMaterial,entity:material:ink
entity:artifact:2:5189,usesMaterial,entity:material:paper
entity:artifact:2:5204,usesMaterial,entity:material:ink
entity:artifact:2:5204,usesMaterial,entity:material:paper
entity:artifact:2:5205,usesMaterial,entity:material:ink
entity:artifact:2:5205,usesMaterial,entity:material:paper
entity:artifact:2:5215,usesMaterial,entity:material:ink
entity:artifact:2:5215,usesMaterial,entity:material:paper
entity:artifact:2:5216,usesMaterial,entity:material:ink
entity:artifact:2:5216,usesMaterial,entity:material:paper
entity:artifact:2:5217,usesMaterial,entity:material:ink
entity:artifact:2:5217,usesMaterial,entity:material:paper
entity:artifact:2:5218,usesMaterial,entity:material:ink
entity:artifact:2:5218,usesMaterial,entity:material:paper
entity:artifact:2:5219,usesMaterial,entity:material:ink
entity:artifact:2:5219,usesMaterial,entity:material:paper
entity:artifact:2:5220,usesMaterial,entity:material:ink
entity:artifact:2:5220,usesMaterial,entity:material:paper
entity:artifact:2:5221,usesMaterial,entity:material:ink
entity:artifact:2:5221,usesMaterial,entity:material:paper
entity:artifact:2:5222,usesMaterial,entity:material:ink
entity:artifact:2:5222,usesMaterial,entity:material:paper
entity:artifact:2:52757,usesMaterial,entity:material:earthenware
entity:artifact:2:52757,usesMaterial,entity:material:porcelain
entity:artifact:2:5277,usesMaterial,entity:material:earthenware
entity:artifact:2:5277,usesMaterial,entity:material:glass
entity:artifact:2:5368,usesMaterial,entity:material:ink
entity:artifact:2:5368,usesMaterial,entity:material:paper
entity:artifact:2:5369,usesMaterial,entity:material:ink
entity:artifact:2:5369,usesMaterial,entity:material:paper
entity:artifact:2:54111,usesMaterial,entity:material:ink
entity:artifact:2:54111,usesMaterial,entity:material:paper
entity:artifact:2:54270,usesMaterial,entity:material:earthenware
entity:artifact:2:54270,usesMaterial,entity:material:pigment
entity:artifact:2:54285,usesMaterial,entity:material:copper
entity:artifact:2:54285,usesMaterial,entity:material:porcelain
entity:artifact:2:54286,usesMaterial,entity:material:earthenware
entity:artifact:2:54286,usesMaterial,entity:material:porcelain
entity:artifact:2:54287,usesMaterial,entity:material:earthenware
entity:artifact:2:54287,usesMaterial,entity:material:porcelain
entity:artifact:2:54289,usesMaterial,entity:material:earthenware
entity:artifact:2:54289,usesMaterial,entity:material:iron
entity:artifact:2:54307,usesMaterial,entity:material:silver
entity:artifact:2:54308,usesMaterial,entity:material:silver
entity:artifact:2:54340,usesMaterial,entity:material:porcelain
entity:artifact:2:54341,usesMaterial,entity:material:earthenware
entity:artifact:2:54342,usesMaterial,entity:material:earthenware
entity:artifact:2:54342,usesMaterial,entity:material:porcelain
entity:artifact:2:54343,usesMaterial,entity:material:earthenware
entity:artifact:2:54343,usesMaterial,entity:material:ivory
entity:artifact:2:54354,usesMaterial,entity:material:silver
entity:artifact:2:54355,usesMaterial,entity:material:silver
entity:artifact:2:54372,usesMaterial,entity:material:silver
entity:artifact:2:54373,usesMaterial,entity:material:silver
entity:artifact:2:54389,usesMaterial,entity:material:silver
entity:artifact:2:54390,usesMaterial,entity:material:silver
entity:artifact:2:54391,usesMaterial,entity:material:silver
entity:artifact:2:54407,usesMaterial,entity:material:silver
entity:artifact:2:54408,usesMaterial,entity:material:silver
entity:artifact:2:54409,usesMaterial,entity:material:silver
entity:artifact:2:54410,usesMaterial,entity:material:silver
entity:artifact:2:54411,usesMaterial,entity:material:silver
entity:artifact:2:54471,usesMaterial,entity:material:earthenware
entity:artifact:2:54471,usesMaterial,entity:material:porcelain
entity:artifact:2:54481,usesMaterial,entity:material:earthenware
entity:artifact:2:54481,usesMaterial,entity:material:iron
entity:artifact:2:54482,usesMaterial,entity:material:earthenware
entity:artifact:2:54482,usesMaterial,entity:material:metal
entity:artifact:2:54492,usesMaterial,entity:material:silver
entity:artifact:2:54493,usesMaterial,entity:material:silver
entity:artifact:2:54494,usesMaterial,entity:material:silver
entity:artifact:2:54495,usesMaterial,entity:material:silver
entity:artifact:2:54496,usesMaterial,entity:material:silver
entity:artifact:2:54527,usesMaterial,entity:material:silver
entity:artifact:2:54528,usesMaterial,entity:material:silver
entity:artifact:2:54529,usesMaterial,entity:material:silver
entity:artifact:2:54530,usesMaterial,entity:material:silver
entity:artifact:2:54550,usesMaterial,entity:material:earthenware
entity:artifact:2:54550,usesMaterial,entity:material:metal
entity:artifact:2:54593,usesMaterial,entity:material:silver
entity:artifact:2:54594,usesMaterial,entity:material:silver
entity:artifact:2:54595,usesMaterial,entity:material:silver
entity:artifact:2:54596,usesMaterial,entity:material:silver
entity:artifact:2:54597,usesMaterial,entity:material:silver
entity:artifact:2:54631,usesMaterial,entity:material:amber
entity:artifact:2:54631,usesMaterial,entity:material:earthenware
entity:artifact:2:54631,usesMaterial,entity:material:metal
entity:artifact:2:54632,usesMaterial,entity:material:earthenware
entity:artifact:2:54632,usesMaterial,entity:material:metal
entity:artifact:2:54632,usesMaterial,entity:material:pigment
entity:artifact:2:54633,usesMaterial,entity:material:bronze
entity:artifact:2:54633,usesMaterial,entity:material:copper
entity:artifact:2:54633,usesMaterial,entity:material:gold
entity:artifact:2:54634,usesMaterial,entity:material:porcelain
entity:artifact:2:54635,usesMaterial,entity:material:earthenware
entity:artifact:2:54635,usesMaterial,entity:material:metal
entity:artifact:2:54636,usesMaterial,entity:material:earthenware
entity:artifact:2:54636,usesMaterial,entity:material:metal
entity:artifact:2:54662,usesMaterial,entity:material:silver
entity:artifact:2:54663,usesMaterial,entity:material:silver
entity:artifact:2:54664,usesMaterial,entity:material:silver
entity:artifact:2:54665,usesMaterial,entity:material:silver
entity:artifact:2:54666,usesMaterial,entity:material:silver
entity:artifact:2:54667,usesMaterial,entity:material:silver
entity:artifact:2:54669,usesMaterial,entity:material:silver
entity:artifact:2:54670,usesMaterial,entity:material:silver
entity:artifact:2:54671,usesMaterial,entity:material:silver
entity:artifact:2:54672,usesMaterial,entity:material:silver
entity:artifact:2:54687,usesMaterial,entity:material:silver
entity:artifact:2:54688,usesMaterial,entity:material:silver
entity:artifact:2:54689,usesMaterial,entity:material:silver
entity:artifact:2:54729,usesMaterial,entity:material:silver
entity:artifact:2:54730,usesMaterial,entity:material:silver
entity:artifact:2:54731,usesMaterial,entity:material:silver
entity:artifact:2:54732,usesMaterial,entity:material:silver
entity:artifact:2:54733,usesMaterial,entity:material:silver
entity:artifact:2:54734,usesMaterial,entity:material:silver
entity:artifact:2:54735,usesMaterial,entity:material:silver
entity:artifact:2:54736,usesMaterial,entity:material:silver
entity:artifact:2:54737,usesMaterial,entity:material:silver
entity:artifact:2:54807,usesMaterial,entity:material:silver
entity:artifact:2:54861,usesMaterial,entity:material:earthenware
entity:artifact:2:54893,usesMaterial,entity:material:silver
entity:artifact:2:54894,usesMaterial,entity:material:silver
entity:artifact:2:54895,usesMaterial,entity:material:silver
entity:artifact:2:54915,usesMaterial,entity:material:earthenware
entity:artifact:2:54915,usesMaterial,entity:material:metal
entity:artifact:2:54917,usesMaterial,entity:material:earthenware
entity:artifact:2:54917,usesMaterial,entity:material:porcelain
entity:artifact:2:54920,usesMaterial,entity:material:earthenware
entity:artifact:2:54936,usesMaterial,entity:material:silver
entity:artifact:2:54937,usesMaterial,entity:material:silver
entity:artifact:2:54938,usesMaterial,entity:material:silver
entity:artifact:2:54939,usesMaterial,entity:material:porcelain
entity:artifact:2:5499,usesMaterial,entity:material:ink
entity:artifact:2:5499,usesMaterial,entity:material:paper
entity:artifact:2:5500,usesMaterial,entity:material:ink
entity:artifact:2:5500,usesMaterial,entity:material:paper
entity:artifact:2:5501,usesMaterial,entity:material:ink
entity:artifact:2:5501,usesMaterial,entity:material:paper
entity:artifact:2:5502,usesMaterial,entity:material:ink
entity:artifact:2:5502,usesMaterial,entity:material:paper
entity:artifact:2:55040,usesMaterial,entity:material:silver
entity:artifact:2:55041,usesMaterial,entity:material:silver
entity:artifact:2:55042,usesMaterial,entity:material:silver
entity:artifact:2:55043,usesMaterial,entity:material:silver
entity:artifact:2:55044,usesMaterial,entity:material:silver
entity:artifact:2:55045,usesMaterial,entity:material:silver
entity:artifact:2:55059,usesMaterial,entity:material:silver
entity:artifact:2:55060,usesMaterial,entity:material:silver
entity:artifact:2:55061,usesMaterial,entity:material:silver
entity:artifact:2:55063,usesMaterial,entity:material:silver
entity:artifact:2:55088,usesMaterial,entity:material:silver
entity:artifact:2:55117,usesMaterial,entity:material:silver
entity:artifact:2:55118,usesMaterial,entity:material:silver
entity:artifact:2:55119,usesMaterial,entity:material:silver
entity:artifact:2:55120,usesMaterial,entity:material:silver
entity:artifact:2:55121,usesMaterial,entity:material:silver
entity:artifact:2:55122,usesMaterial,entity:material:silver
entity:artifact:2:55123,usesMaterial,entity:material:silver
entity:artifact:2:55124,usesMaterial,entity:material:silver
entity:artifact:2:55154,usesMaterial,entity:material:silver
entity:artifact:2:55155,usesMaterial,entity:material:silver
entity:artifact:2:55156,usesMaterial,entity:material:silver
entity:artifact:2:55157,usesMaterial,entity:material:silver
entity:artifact:2:55158,usesMaterial,entity:material:silver
entity:artifact:2:55171,usesMaterial,entity:material:silver
entity:artifact:2:55172,usesMaterial,entity:material:silver
entity:artifact:2:55173,usesMaterial,entity:material:silver
entity:artifact:2:55174,usesMaterial,entity:material:silver
entity:artifact:2:55175,usesMaterial,entity:material:silver
entity:artifact:2:55176,usesMaterial,entity:material:silver
entity:artifact:2:55195,usesMaterial,entity:material:copper
entity:artifact:2:55195,usesMaterial,entity:material:wood
entity:artifact:2:55219,usesMaterial,entity:material:ink
entity:artifact:2:55219,usesMaterial,entity:material:pigment
entity:artifact:2:55219,usesMaterial,entity:material:silk
entity:artifact:2:5524,usesMaterial,entity:material:ink
entity:artifact:2:5524,usesMaterial,entity:material:paper
entity:artifact:2:5525,usesMaterial,entity:material:ink
entity:artifact:2:5525,usesMaterial,entity:material:paper
entity:artifact:2:55395,usesMaterial,entity:material:silver
entity:artifact:2:55674,usesMaterial,entity:material:ink
entity:artifact:2:55674,usesMaterial,entity:material:pigment
entity:artifact:2:55674,usesMaterial,entity:material:silk
entity:artifact:2:5661,usesMaterial,entity:material:gold
entity:artifact:2:5661,usesMaterial,entity:material:paper
entity:artifact:2:5661,usesMaterial,entity:material:silk
entity:artifact:2:56693,usesMaterial,entity:material:bronze
entity:artifact:2:56694,usesMaterial,entity:material:bronze
entity:artifact:2:5673,usesMaterial,entity:material:ink
entity:artifact:2:5673,usesMaterial,entity:material:paper
entity:artifact:2:57191,usesMaterial,entity:material:bronze
entity:artifact:2:57192,usesMaterial,entity:material:bronze
entity:artifact:2:57193,usesMaterial,entity:material:bronze
entity:artifact:2:57205,usesMaterial,entity:material:bronze
entity:artifact:2:57206,usesMaterial,entity:material:bronze
entity:artifact:2:57207,usesMaterial,entity:material:bronze
entity:artifact:2:57216,usesMaterial,entity:material:bronze
entity:artifact:2:57217,usesMaterial,entity:material:bronze
entity:artifact:2:5859,usesMaterial,entity:material:earthenware
entity:artifact:2:5859,usesMaterial,entity:material:ivory
entity:artifact:2:5859,usesMaterial,entity:material:metal
entity:artifact:2:5859,usesMaterial,entity:material:pigment
entity:artifact:2:58969,usesMaterial,entity:material:earthenware
entity:artifact:2:58969,usesMaterial,entity:material:porcelain
entity:artifact:2:59008,usesMaterial,entity:material:bronze
entity:artifact:2:59008,usesMaterial,entity:material:gold
entity:artifact:2:6314,usesMaterial,entity:material:bronze
entity:artifact:2:6314,usesMaterial,entity:material:gold
entity:artifact:2:6315,usesMaterial,entity:material:bronze
entity:artifact:2:6315,usesMaterial,entity:material:gold
entity:artifact:2:6758,usesMaterial,entity:material:copper
entity:artifact:2:6758,usesMaterial,entity:material:earthenware
entity:artifact:2:6758,usesMaterial,entity:material:porcelain
entity:artifact:2:6759,usesMaterial,entity:material:earthenware
entity:artifact:2:6759,usesMaterial,entity:material:iron
entity:artifact:2:6760,usesMaterial,entity:material:porcelain
entity:artifact:2:6762,usesMaterial,entity:material:nephrite
entity:artifact:2:6786,usesMaterial,entity:material:earthenware
entity:artifact:2:6786,usesMaterial,entity:material:porcelain
entity:artifact:2:6791,usesMaterial,entity:material:earthenware
entity:artifact:2:6791,usesMaterial,entity:material:metal
entity:artifact:2:6791,usesMaterial,entity:material:pigment
entity:artifact:2:6797,usesMaterial,entity:material:earthenware
entity:artifact:2:6797,usesMaterial,entity:material:porcelain
entity:artifact:2:70044,usesMaterial,entity:material:textile
entity:artifact:2:70462,usesMaterial,entity:material:ink
entity:artifact:2:70462,usesMaterial,entity:material:paper
entity:artifact:2:70467,usesMaterial,entity:material:earthenware
entity:artifact:2:70470,usesMaterial,entity:material:ink
entity:artifact:2:70470,usesMaterial,entity:material:paper
entity:artifact:2:70470,usesMaterial,entity:material:pigment
entity:artifact:2:70471,usesMaterial,entity:material:earthenware
entity:artifact:2:70471,usesMaterial,entity:material:porcelain
entity:artifact:2:70622,usesMaterial,entity:material:earthenware
entity:artifact:2:70622,usesMaterial,entity:material:pigment
entity:artifact:2:70637,usesMaterial,entity:material:silk
entity:artifact:2:70637,usesMaterial,entity:material:textile
entity:artifact:2:70724,usesMaterial,entity:material:earthenware
entity:artifact:2:70724,usesMaterial,entity:material:porcelain
entity:artifact:2:70759,usesMaterial,entity:material:ink
entity:artifact:2:70759,usesMaterial,entity:material:paper
entity:artifact:2:70759,usesMaterial,entity:material:pigment
entity:artifact:2:71735,usesMaterial,entity:material:earthenware
entity:artifact:2:72326,usesMaterial,entity:material:bronze
entity:artifact:2:73665,usesMaterial,entity:material:ink
entity:artifact:2:73665,usesMaterial,entity:material:paper
entity:artifact:2:73665,usesMaterial,entity:material:pigment
entity:artifact:2:73713,usesMaterial,entity:material:earthenware
entity:artifact:2:73719,usesMaterial,entity:material:earthenware
entity:artifact:2:73719,usesMaterial,entity:material:porcelain
entity:artifact:2:73720,usesMaterial,entity:material:earthenware
entity:artifact:2:73720,usesMaterial,entity:material:porcelain
entity:artifact:2:73730,usesMaterial,entity:material:earthenware
entity:artifact:2:73730,usesMaterial,entity:material:porcelain
entity:artifact:2:73737,usesMaterial,entity:material:stone
entity:artifact:2:77785,usesMaterial,entity:material:lacquer
entity:artifact:2:77785,usesMaterial,entity:material:wood
entity:artifact:2:77864,usesMaterial,entity:material:ink
entity:artifact:2:77864,usesMaterial,entity:material:paper
entity:artifact:2:77864,usesMaterial,entity:material:pigment
entity:artifact:2:77878,usesMaterial,entity:material:earthenware
entity:artifact:2:78047,usesMaterial,entity:material:ink
entity:artifact:2:78047,usesMaterial,entity:material:paper
entity:artifact:2:78048,usesMaterial,entity:material:ink
entity:artifact:2:78048,usesMaterial,entity:material:paper
entity:artifact:2:78261,usesMaterial,entity:material:earthenware
entity:artifact:2:78261,usesMaterial,entity:material:metal
entity:artifact:2:8001,usesMaterial,entity:material:earthenware
entity:artifact:2:8001,usesMaterial,entity:material:porcelain
entity:artifact:2:92161,usesMaterial,entity:material:silver
entity:artifact:2:92230,usesMaterial,entity:material:stone
entity:artifact:2:92261,usesMaterial,entity:material:ink
entity:artifact:2:92261,usesMaterial,entity:material:paper
entity:artifact:2:92262,usesMaterial,entity:material:ink
entity:artifact:2:92262,usesMaterial,entity:material:paper
entity:artifact:2:92263,usesMaterial,entity:material:ink
entity:artifact:2:92263,usesMaterial,entity:material:paper
entity:artifact:2:92264,usesMaterial,entity:material:ink
entity:artifact:2:92264,usesMaterial,entity:material:paper
entity:artifact:2:92265,usesMaterial,entity:material:ink
entity:artifact:2:92265,usesMaterial,entity:material:paper
entity:artifact:2:92266,usesMaterial,entity:material:ink
entity:artifact:2:92266,usesMaterial,entity:material:paper
entity:artifact:2:92267,usesMaterial,entity:material:ink
entity:artifact:2:92267,usesMaterial,entity:material:paper
entity:artifact:2:92268,usesMaterial,entity:material:ink
entity:artifact:2:92268,usesMaterial,entity:material:paper
entity:artifact:2:92269,usesMaterial,entity:material:ink
entity:artifact:2:92269,usesMaterial,entity:material:paper
entity:artifact:2:92270,usesMaterial,entity:material:textile
entity:artifact:2:92314,usesMaterial,entity:material:ink
entity:artifact:2:92314,usesMaterial,entity:material:paper
entity:artifact:2:92315,usesMaterial,entity:material:ink
entity:artifact:2:92315,usesMaterial,entity:material:paper
entity:artifact:2:92316,usesMaterial,entity:material:ink
entity:artifact:2:92316,usesMaterial,entity:material:paper
entity:artifact:2:92317,usesMaterial,entity:material:ink
entity:artifact:2:92317,usesMaterial,entity:material:paper
entity:artifact:2:92318,usesMaterial,entity:material:ink
entity:artifact:2:92318,usesMaterial,entity:material:paper
entity:artifact:2:92319,usesMaterial,entity:material:ink
entity:artifact:2:92319,usesMaterial,entity:material:paper
entity:artifact:2:92400,usesMaterial,entity:material:ink
entity:artifact:2:92400,usesMaterial,entity:material:paper
entity:artifact:2:92401,usesMaterial,entity:material:ink
entity:artifact:2:92401,usesMaterial,entity:material:paper
entity:artifact:2:92402,usesMaterial,entity:material:ink
entity:artifact:2:92402,usesMaterial,entity:material:paper
entity:artifact:2:92403,usesMaterial,entity:material:ink
entity:artifact:2:92403,usesMaterial,entity:material:paper
entity:artifact:2:92404,usesMaterial,entity:material:ink
entity:artifact:2:92404,usesMaterial,entity:material:paper
entity:artifact:2:92405,usesMaterial,entity:material:ink
entity:artifact:2:92405,usesMaterial,entity:material:paper
entity:artifact:2:92406,usesMaterial,entity:material:ink
entity:artifact:2:92406,usesMaterial,entity:material:paper
entity:artifact:2:92420,usesMaterial,entity:material:ink
entity:artifact:2:92420,usesMaterial,entity:material:paper
entity:artifact:2:92421,usesMaterial,entity:material:ink
entity:artifact:2:92421,usesMaterial,entity:material:paper
entity:artifact:2:92422,usesMaterial,entity:material:ink
entity:artifact:2:92422,usesMaterial,entity:material:paper
entity:artifact:2:92423,usesMaterial,entity:material:ink
entity:artifact:2:92423,usesMaterial,entity:material:paper
entity:artifact:2:92424,usesMaterial,entity:material:ink
entity:artifact:2:92424,usesMaterial,entity:material:paper
entity:artifact:2:92425,usesMaterial,entity:material:ink
entity:artifact:2:92425,usesMaterial,entity:material:paper
entity:artifact:2:92426,usesMaterial,entity:material:ink
entity:artifact:2:92426,usesMaterial,entity:material:paper
entity:artifact:2:92427,usesMaterial,entity:material:ink
entity:artifact:2:92427,usesMaterial,entity:material:paper
entity:artifact:2:92428,usesMaterial,entity:material:ink
entity:artifact:2:92428,usesMaterial,entity:material:paper
entity:artifact:2:92501,usesMaterial,entity:material:ink
entity:artifact:2:92501,usesMaterial,entity:material:paper
entity:artifact:2:92502,usesMaterial,entity:material:ink
entity:artifact:2:92502,usesMaterial,entity:material:paper
entity:artifact:2:92503,usesMaterial,entity:material:ink
entity:artifact:2:92503,usesMaterial,entity:material:paper
entity:artifact:2:92504,usesMaterial,entity:material:ink
entity:artifact:2:92504,usesMaterial,entity:material:paper
entity:artifact:2:92505,usesMaterial,entity:material:ink
entity:artifact:2:92505,usesMaterial,entity:material:paper
entity:artifact:2:92506,usesMaterial,entity:material:ink
entity:artifact:2:92506,usesMaterial,entity:material:paper
entity:artifact:2:92536,usesMaterial,entity:material:clay
entity:artifact:2:92537,usesMaterial,entity:material:ink
entity:artifact:2:92537,usesMaterial,entity:material:paper
entity:artifact:2:92538,usesMaterial,entity:material:ink
entity:artifact:2:92538,usesMaterial,entity:material:paper
entity:artifact:2:92539,usesMaterial,entity:material:ink
entity:artifact:2:92539,usesMaterial,entity:material:paper
entity:artifact:2:92540,usesMaterial,entity:material:ink
entity:artifact:2:92540,usesMaterial,entity:material:paper
entity:artifact:2:92541,usesMaterial,entity:material:ink
entity:artifact:2:92541,usesMaterial,entity:material:paper
entity:artifact:2:92542,usesMaterial,entity:material:ink
entity:artifact:2:92542,usesMaterial,entity:material:paper
entity:artifact:2:92543,usesMaterial,entity:material:ink
entity:artifact:2:92543,usesMaterial,entity:material:paper
entity:artifact:2:92544,usesMaterial,entity:material:ink
entity:artifact:2:92544,usesMaterial,entity:material:paper
entity:artifact:2:92545,usesMaterial,entity:material:ink
entity:artifact:2:92545,usesMaterial,entity:material:paper
entity:artifact:2:92546,usesMaterial,entity:material:ink
entity:artifact:2:92546,usesMaterial,entity:material:paper
entity:artifact:2:92547,usesMaterial,entity:material:ink
entity:artifact:2:92547,usesMaterial,entity:material:paper
entity:artifact:2:92548,usesMaterial,entity:material:ink
entity:artifact:2:92548,usesMaterial,entity:material:paper
entity:artifact:2:92549,usesMaterial,entity:material:ink
entity:artifact:2:92549,usesMaterial,entity:material:paper
entity:artifact:2:92550,usesMaterial,entity:material:ink
entity:artifact:2:92550,usesMaterial,entity:material:paper
entity:artifact:2:92551,usesMaterial,entity:material:ink
entity:artifact:2:92551,usesMaterial,entity:material:paper
entity:artifact:2:92552,usesMaterial,entity:material:ink
entity:artifact:2:92552,usesMaterial,entity:material:paper
entity:artifact:2:92553,usesMaterial,entity:material:ink
entity:artifact:2:92553,usesMaterial,entity:material:paper
entity:artifact:2:92571,usesMaterial,entity:material:ink
entity:artifact:2:92571,usesMaterial,entity:material:paper
entity:artifact:2:92572,usesMaterial,entity:material:ink
entity:artifact:2:92572,usesMaterial,entity:material:paper
entity:artifact:2:92573,usesMaterial,entity:material:ink
entity:artifact:2:92573,usesMaterial,entity:material:paper
entity:artifact:2:92574,usesMaterial,entity:material:ink
entity:artifact:2:92574,usesMaterial,entity:material:paper
entity:artifact:2:92575,usesMaterial,entity:material:ink
entity:artifact:2:92575,usesMaterial,entity:material:paper
entity:artifact:2:92576,usesMaterial,entity:material:ink
entity:artifact:2:92576,usesMaterial,entity:material:paper
entity:artifact:2:92577,usesMaterial,entity:material:ink
entity:artifact:2:92577,usesMaterial,entity:material:paper
entity:artifact:2:92578,usesMaterial,entity:material:ink
entity:artifact:2:92578,usesMaterial,entity:material:paper
entity:artifact:2:92579,usesMaterial,entity:material:ink
entity:artifact:2:92579,usesMaterial,entity:material:paper
entity:artifact:2:92580,usesMaterial,entity:material:ink
entity:artifact:2:92580,usesMaterial,entity:material:paper
entity:artifact:2:92581,usesMaterial,entity:material:ink
entity:artifact:2:92581,usesMaterial,entity:material:paper
entity:artifact:2:92592,usesMaterial,entity:material:ink
entity:artifact:2:92592,usesMaterial,entity:material:paper
entity:artifact:2:92593,usesMaterial,entity:material:ink
entity:artifact:2:92593,usesMaterial,entity:material:paper
entity:artifact:2:92594,usesMaterial,entity:material:ink
entity:artifact:2:92594,usesMaterial,entity:material:paper
entity:artifact:2:92595,usesMaterial,entity:material:ink
entity:artifact:2:92595,usesMaterial,entity:material:paper
entity:artifact:2:92596,usesMaterial,entity:material:ink
entity:artifact:2:92596,usesMaterial,entity:material:paper
entity:artifact:2:92597,usesMaterial,entity:material:ink
entity:artifact:2:92597,usesMaterial,entity:material:paper
entity:artifact:2:92598,usesMaterial,entity:material:ink
entity:artifact:2:92598,usesMaterial,entity:material:paper
entity:artifact:2:92599,usesMaterial,entity:material:ink
entity:artifact:2:92599,usesMaterial,entity:material:paper
entity:artifact:2:92600,usesMaterial,entity:material:textile
entity:artifact:2:92611,usesMaterial,entity:material:earthenware
entity:artifact:2:92612,usesMaterial,entity:material:earthenware
entity:artifact:2:92622,usesMaterial,entity:material:earthenware
entity:artifact:2:92689,usesMaterial,entity:material:ink
entity:artifact:2:92689,usesMaterial,entity:material:paper
entity:artifact:2:92690,usesMaterial,entity:material:ink
entity:artifact:2:92690,usesMaterial,entity:material:paper
entity:artifact:2:92691,usesMaterial,entity:material:ink
entity:artifact:2:92691,usesMaterial,entity:material:paper
entity:artifact:2:92692,usesMaterial,entity:material:ink
entity:artifact:2:92692,usesMaterial,entity:material:paper
entity:artifact:2:92693,usesMaterial,entity:material:ink
entity:artifact:2:92693,usesMaterial,entity:material:paper
entity:artifact:2:92694,usesMaterial,entity:material:ink
entity:artifact:2:92694,usesMaterial,entity:material:paper
entity:artifact:2:92695,usesMaterial,entity:material:ink
entity:artifact:2:92695,usesMaterial,entity:material:paper
entity:artifact:2:92696,usesMaterial,entity:material:ink
entity:artifact:2:92696,usesMaterial,entity:material:paper
entity:artifact:2:92717,usesMaterial,entity:material:ink
entity:artifact:2:92717,usesMaterial,entity:material:paper
entity:artifact:2:92735,usesMaterial,entity:material:ink
entity:artifact:2:92735,usesMaterial,entity:material:paper
entity:artifact:2:92736,usesMaterial,entity:material:ink
entity:artifact:2:92736,usesMaterial,entity:material:paper
entity:artifact:2:92737,usesMaterial,entity:material:ink
entity:artifact:2:92737,usesMaterial,entity:material:paper
entity:artifact:2:92738,usesMaterial,entity:material:ink
entity:artifact:2:92738,usesMaterial,entity:material:paper
entity:artifact:2:92739,usesMaterial,entity:material:ink
entity:artifact:2:92739,usesMaterial,entity:material:paper
entity:artifact:2:92740,usesMaterial,entity:material:ink
entity:artifact:2:92740,usesMaterial,entity:material:paper
entity:artifact:2:92741,usesMaterial,entity:material:ink
entity:artifact:2:92741,usesMaterial,entity:material:paper
entity:artifact:2:92742,usesMaterial,entity:material:ink
entity:artifact:2:92742,usesMaterial,entity:material:paper
entity:artifact:2:92743,usesMaterial,entity:material:ink
entity:artifact:2:92743,usesMaterial,entity:material:paper
entity:artifact:2:92744,usesMaterial,entity:material:ink
entity:artifact:2:92744,usesMaterial,entity:material:paper
entity:artifact:2:92745,usesMaterial,entity:material:ink
entity:artifact:2:92745,usesMaterial,entity:material:paper
entity:artifact:2:92746,usesMaterial,entity:material:ink
entity:artifact:2:92746,usesMaterial,entity:material:paper
entity:artifact:2:92747,usesMaterial,entity:material:ink
entity:artifact:2:92747,usesMaterial,entity:material:paper
entity:artifact:2:92748,usesMaterial,entity:material:ink
entity:artifact:2:92748,usesMaterial,entity:material:paper
entity:artifact:2:92749,usesMaterial,entity:material:ink
entity:artifact:2:92749,usesMaterial,entity:material:paper
entity:artifact:2:92750,usesMaterial,entity:material:ink
entity:artifact:2:92750,usesMaterial,entity:material:paper
entity:artifact:2:92751,usesMaterial,entity:material:ink
entity:artifact:2:92751,usesMaterial,entity:material:paper
entity:artifact:2:92752,usesMaterial,entity:material:ink
entity:artifact:2:92752,usesMaterial,entity:material:paper
entity:artifact:2:92753,usesMaterial,entity:material:ink
entity:artifact:2:92753,usesMaterial,entity:material:paper
entity:artifact:2:92754,usesMaterial,entity:material:ink
entity:artifact:2:92754,usesMaterial,entity:material:paper
entity:artifact:2:92755,usesMaterial,entity:material:ink
entity:artifact:2:92755,usesMaterial,entity:material:paper
entity:artifact:2:92781,usesMaterial,entity:material:ink
entity:artifact:2:92781,usesMaterial,entity:material:paper
entity:artifact:2:92782,usesMaterial,entity:material:ink
entity:artifact:2:92782,usesMaterial,entity:material:paper
entity:artifact:2:92783,usesMaterial,entity:material:ink
entity:artifact:2:92783,usesMaterial,entity:material:paper
entity:artifact:2:92784,usesMaterial,entity:material:ink
entity:artifact:2:92784,usesMaterial,entity:material:paper
entity:artifact:2:92785,usesMaterial,entity:material:ink
entity:artifact:2:92785,usesMaterial,entity:material:paper
entity:artifact:2:92971,usesMaterial,entity:material:earthenware
entity:artifact:2:92972,usesMaterial,entity:material:earthenware
entity:artifact:2:92973,usesMaterial,entity:material:earthenware
entity:artifact:2:93183,usesMaterial,entity:material:ink
entity:artifact:2:93183,usesMaterial,entity:material:paper
entity:artifact:2:93322,usesMaterial,entity:material:ink
entity:artifact:2:93322,usesMaterial,entity:material:paper
entity:artifact:2:93620,usesMaterial,entity:material:earthenware
entity:artifact:2:93621,usesMaterial,entity:material:earthenware
entity:artifact:2:93622,usesMaterial,entity:material:earthenware
entity:artifact:2:93653,usesMaterial,entity:material:earthenware
entity:artifact:2:93654,usesMaterial,entity:material:earthenware
entity:artifact:2:93654,usesMaterial,entity:material:porcelain
entity:artifact:2:93665,usesMaterial,entity:material:earthenware
entity:artifact:2:93703,usesMaterial,entity:material:earthenware
entity:artifact:2:93703,usesMaterial,entity:material:porcelain
entity:artifact:2:94013,usesMaterial,entity:material:ink
entity:artifact:2:94013,usesMaterial,entity:material:paper
entity:artifact:2:94014,usesMaterial,entity:material:ink
entity:artifact:2:94014,usesMaterial,entity:material:paper
entity:artifact:2:94015,usesMaterial,entity:material:ink
entity:artifact:2:94015,usesMaterial,entity:material:paper
entity:artifact:2:94016,usesMaterial,entity:material:ink
entity:artifact:2:94016,usesMaterial,entity:material:paper
entity:artifact:2:94036,usesMaterial,entity:material:ink
entity:artifact:2:94036,usesMaterial,entity:material:paper
entity:artifact:2:94037,usesMaterial,entity:material:ink
entity:artifact:2:94037,usesMaterial,entity:material:paper
entity:artifact:2:94038,usesMaterial,entity:material:ink
entity:artifact:2:94038,usesMaterial,entity:material:paper
entity:artifact:2:94039,usesMaterial,entity:material:ink
entity:artifact:2:94039,usesMaterial,entity:material:paper
entity:artifact:2:94040,usesMaterial,entity:material:ink
entity:artifact:2:94040,usesMaterial,entity:material:paper
entity:artifact:2:94041,usesMaterial,entity:material:ink
entity:artifact:2:94041,usesMaterial,entity:material:paper
entity:artifact:2:94061,usesMaterial,entity:material:gold
entity:artifact:2:94061,usesMaterial,entity:material:ink
entity:artifact:2:94061,usesMaterial,entity:material:paper
entity:artifact:2:94061,usesMaterial,entity:material:pigment
entity:artifact:2:94061,usesMaterial,entity:material:wood
entity:artifact:2:94062,usesMaterial,entity:material:ink
entity:artifact:2:94062,usesMaterial,entity:material:paper
entity:artifact:2:94063,usesMaterial,entity:material:ink
entity:artifact:2:94063,usesMaterial,entity:material:paper
entity:artifact:2:94068,usesMaterial,entity:material:earthenware
entity:artifact:2:94110,usesMaterial,entity:material:ink
entity:artifact:2:94110,usesMaterial,entity:material:paper
entity:artifact:2:94111,usesMaterial,entity:material:ink
entity:artifact:2:94111,usesMaterial,entity:material:paper
entity:artifact:2:94213,usesMaterial,entity:material:gold
entity:artifact:2:94213,usesMaterial,entity:material:paper
entity:artifact:2:94213,usesMaterial,entity:material:pigment
entity:artifact:2:94213,usesMaterial,entity:material:wood
entity:artifact:2:94272,usesMaterial,entity:material:earthenware
entity:artifact:2:94273,usesMaterial,entity:material:earthenware
entity:artifact:2:94333,usesMaterial,entity:material:ink
entity:artifact:2:94333,usesMaterial,entity:material:paper
entity:artifact:2:94334,usesMaterial,entity:material:ink
entity:artifact:2:94334,usesMaterial,entity:material:paper
entity:artifact:2:94335,usesMaterial,entity:material:ink
entity:artifact:2:94335,usesMaterial,entity:material:paper
entity:artifact:2:94336,usesMaterial,entity:material:ink
entity:artifact:2:94336,usesMaterial,entity:material:paper
entity:artifact:2:94337,usesMaterial,entity:material:ink
entity:artifact:2:94337,usesMaterial,entity:material:paper
entity:artifact:2:94338,usesMaterial,entity:material:ink
entity:artifact:2:94338,usesMaterial,entity:material:paper
entity:artifact:2:94339,usesMaterial,entity:material:ink
entity:artifact:2:94339,usesMaterial,entity:material:paper
entity:artifact:2:94340,usesMaterial,entity:material:ink
entity:artifact:2:94340,usesMaterial,entity:material:paper
entity:artifact:2:94343,usesMaterial,entity:material:ink
entity:artifact:2:94343,usesMaterial,entity:material:paper
entity:artifact:2:94357,usesMaterial,entity:material:earthenware
entity:artifact:2:94518,usesMaterial,entity:material:ink
entity:artifact:2:94518,usesMaterial,entity:material:paper
entity:artifact:2:94519,usesMaterial,entity:material:ink
entity:artifact:2:94519,usesMaterial,entity:material:paper
entity:artifact:2:94520,usesMaterial,entity:material:ink
entity:artifact:2:94520,usesMaterial,entity:material:paper
entity:artifact:2:94521,usesMaterial,entity:material:ink
entity:artifact:2:94521,usesMaterial,entity:material:paper
entity:artifact:2:94522,usesMaterial,entity:material:ink
entity:artifact:2:94522,usesMaterial,entity:material:paper
entity:artifact:2:94538,usesMaterial,entity:material:bronze
entity:artifact:2:94643,usesMaterial,entity:material:ink
entity:artifact:2:94643,usesMaterial,entity:material:paper
entity:artifact:2:94669,usesMaterial,entity:material:ink
entity:artifact:2:94669,usesMaterial,entity:material:paper
entity:artifact:2:94670,usesMaterial,entity:material:ink
entity:artifact:2:94670,usesMaterial,entity:material:paper
entity:artifact:2:94671,usesMaterial,entity:material:ink
entity:artifact:2:94671,usesMaterial,entity:material:paper
entity:artifact:2:94680,usesMaterial,entity:material:ink
entity:artifact:2:94680,usesMaterial,entity:material:paper
entity:artifact:2:94695,usesMaterial,entity:material:ink
entity:artifact:2:94695,usesMaterial,entity:material:paper
entity:artifact:2:94696,usesMaterial,entity:material:ink
entity:artifact:2:94696,usesMaterial,entity:material:paper
entity:artifact:2:96180,usesMaterial,entity:material:ink
entity:artifact:2:96180,usesMaterial,entity:material:paper
entity:artifact:2:96180,usesMaterial,entity:material:pigment
entity:artifact:2:96415,usesMaterial,entity:material:ink
entity:artifact:2:96415,usesMaterial,entity:material:paper
entity:artifact:2:96416,usesMaterial,entity:material:ink
entity:artifact:2:96416,usesMaterial,entity:material:paper
entity:artifact:2:96417,usesMaterial,entity:material:ink
entity:artifact:2:96417,usesMaterial,entity:material:paper
entity:artifact:2:96511,usesMaterial,entity:material:ink
entity:artifact:2:96511,usesMaterial,entity:material:paper
entity:artifact:2:96512,usesMaterial,entity:material:ink
entity:artifact:2:96512,usesMaterial,entity:material:paper
entity:artifact:2:96513,usesMaterial,entity:material:ink
entity:artifact:2:96513,usesMaterial,entity:material:paper
entity:artifact:2:96514,usesMaterial,entity:material:ink
entity:artifact:2:96514,usesMaterial,entity:material:paper
entity:artifact:2:96515,usesMaterial,entity:material:ink
entity:artifact:2:96515,usesMaterial,entity:material:paper
entity:artifact:2:96601,usesMaterial,entity:material:ink
entity:artifact:2:96601,usesMaterial,entity:material:paper
entity:artifact:2:96602,usesMaterial,entity:material:ink
entity:artifact:2:96602,usesMaterial,entity:material:paper
entity:artifact:2:96603,usesMaterial,entity:material:ink
entity:artifact:2:96603,usesMaterial,entity:material:paper
entity:artifact:2:96604,usesMaterial,entity:material:ink
entity:artifact:2:96604,usesMaterial,entity:material:paper
entity:artifact:2:96605,usesMaterial,entity:material:ink
entity:artifact:2:96605,usesMaterial,entity:material:paper
entity:artifact:2:96606,usesMaterial,entity:material:ink
entity:artifact:2:96606,usesMaterial,entity:material:paper
entity:artifact:2:96665,usesMaterial,entity:material:ink
entity:artifact:2:96665,usesMaterial,entity:material:paper
entity:artifact:2:96666,usesMaterial,entity:material:ink
entity:artifact:2:96666,usesMaterial,entity:material:paper
entity:artifact:2:96666,usesMaterial,entity:material:pigment
entity:artifact:2:96667,usesMaterial,entity:material:ink
entity:artifact:2:96667,usesMaterial,entity:material:paper
entity:artifact:2:96752,usesMaterial,entity:material:ink
entity:artifact:2:96752,usesMaterial,entity:material:paper
entity:artifact:2:96779,usesMaterial,entity:material:ink
entity:artifact:2:96779,usesMaterial,entity:material:paper
entity:artifact:2:96780,usesMaterial,entity:material:ink
entity:artifact:2:96780,usesMaterial,entity:material:paper
entity:artifact:2:96781,usesMaterial,entity:material:ink
entity:artifact:2:96781,usesMaterial,entity:material:paper
entity:artifact:2:96782,usesMaterial,entity:material:ink
entity:artifact:2:96782,usesMaterial,entity:material:paper
entity:artifact:2:96783,usesMaterial,entity:material:ink
entity:artifact:2:96783,usesMaterial,entity:material:paper
entity:artifact:2:96784,usesMaterial,entity:material:ink
entity:artifact:2:96784,usesMaterial,entity:material:paper
entity:artifact:2:96796,usesMaterial,entity:material:ink
entity:artifact:2:96796,usesMaterial,entity:material:paper
entity:artifact:2:96797,usesMaterial,entity:material:ink
entity:artifact:2:96797,usesMaterial,entity:material:paper
entity:artifact:2:96798,usesMaterial,entity:material:ink
entity:artifact:2:96798,usesMaterial,entity:material:paper
entity:artifact:2:96799,usesMaterial,entity:material:ink
entity:artifact:2:96799,usesMaterial,entity:material:paper
entity:artifact:2:96800,usesMaterial,entity:material:ink
entity:artifact:2:96800,usesMaterial,entity:material:paper
entity:artifact:2:96801,usesMaterial,entity:material:ink
entity:artifact:2:96801,usesMaterial,entity:material:paper
entity:artifact:2:96802,usesMaterial,entity:material:ink
entity:artifact:2:96802,usesMaterial,entity:material:paper
entity:artifact:2:96803,usesMaterial,entity:material:ink
entity:artifact:2:96803,usesMaterial,entity:material:paper
entity:artifact:2:96809,usesMaterial,entity:material:ink
entity:artifact:2:96809,usesMaterial,entity:material:paper
entity:artifact:2:96812,usesMaterial,entity:material:ink
entity:artifact:2:96812,usesMaterial,entity:material:paper
entity:artifact:2:96813,usesMaterial,entity:material:ink
entity:artifact:2:96813,usesMaterial,entity:material:paper
entity:artifact:2:96814,usesMaterial,entity:material:ink
entity:artifact:2:96814,usesMaterial,entity:material:paper
entity:artifact:2:96815,usesMaterial,entity:material:ink
entity:artifact:2:96815,usesMaterial,entity:material:paper
entity:artifact:2:96816,usesMaterial,entity:material:ink
entity:artifact:2:96816,usesMaterial,entity:material:paper
entity:artifact:2:96817,usesMaterial,entity:material:ink
entity:artifact:2:96817,usesMaterial,entity:material:paper
entity:artifact:2:96818,usesMaterial,entity:material:ink
entity:artifact:2:96818,usesMaterial,entity:material:paper
entity:artifact:2:96819,usesMaterial,entity:material:ink
entity:artifact:2:96819,usesMaterial,entity:material:paper
entity:artifact:2:96820,usesMaterial,entity:material:ink
entity:artifact:2:96820,usesMaterial,entity:material:paper
entity:artifact:2:96821,usesMaterial,entity:material:ink
entity:artifact:2:96821,usesMaterial,entity:material:paper
entity:artifact:2:96822,usesMaterial,entity:material:ink
entity:artifact:2:96822,usesMaterial,entity:material:paper
entity:artifact:2:96823,usesMaterial,entity:material:ink
entity:artifact:2:96823,usesMaterial,entity:material:paper
entity:artifact:2:96832,usesMaterial,entity:material:earthenware
entity:artifact:2:96832,usesMaterial,entity:material:pigment
entity:artifact:2:96842,usesMaterial,entity:material:ink
entity:artifact:2:96842,usesMaterial,entity:material:paper
entity:artifact:2:96873,usesMaterial,entity:material:ink
entity:artifact:2:96873,usesMaterial,entity:material:paper
entity:artifact:2:96874,usesMaterial,entity:material:ink
entity:artifact:2:96874,usesMaterial,entity:material:paper
entity:artifact:2:96875,usesMaterial,entity:material:ink
entity:artifact:2:96875,usesMaterial,entity:material:paper
entity:artifact:2:96876,usesMaterial,entity:material:ink
entity:artifact:2:96876,usesMaterial,entity:material:paper
entity:artifact:2:96877,usesMaterial,entity:material:ink
entity:artifact:2:96877,usesMaterial,entity:material:paper
entity:artifact:2:96878,usesMaterial,entity:material:ink
entity:artifact:2:96878,usesMaterial,entity:material:paper
entity:artifact:2:96879,usesMaterial,entity:material:ink
entity:artifact:2:96879,usesMaterial,entity:material:paper
entity:artifact:2:96914,usesMaterial,entity:material:ink
entity:artifact:2:96914,usesMaterial,entity:material:paper
entity:artifact:2:96915,usesMaterial,entity:material:ink
entity:artifact:2:96915,usesMaterial,entity:material:paper
entity:artifact:2:96916,usesMaterial,entity:material:ink
entity:artifact:2:96916,usesMaterial,entity:material:paper
entity:artifact:2:96917,usesMaterial,entity:material:ink
entity:artifact:2:96917,usesMaterial,entity:material:paper
entity:artifact:2:96918,usesMaterial,entity:material:ink
entity:artifact:2:96918,usesMaterial,entity:material:paper
entity:artifact:2:96919,usesMaterial,entity:material:ink
entity:artifact:2:96919,usesMaterial,entity:material:paper
entity:artifact:2:96937,usesMaterial,entity:material:ink
entity:artifact:2:96937,usesMaterial,entity:material:paper
entity:artifact:2:96938,usesMaterial,entity:material:ink
entity:artifact:2:96938,usesMaterial,entity:material:paper
entity:artifact:2:96939,usesMaterial,entity:material:ink
entity:artifact:2:96939,usesMaterial,entity:material:paper
entity:artifact:2:96940,usesMaterial,entity:material:ink
entity:artifact:2:96940,usesMaterial,entity:material:paper
entity:artifact:2:96941,usesMaterial,entity:material:ink
entity:artifact:2:96941,usesMaterial,entity:material:paper
entity:artifact:2:96942,usesMaterial,entity:material:ink
entity:artifact:2:96942,usesMaterial,entity:material:paper
entity:artifact:2:96943,usesMaterial,entity:material:ink
entity:artifact:2:96943,usesMaterial,entity:material:paper
entity:artifact:2:96944,usesMaterial,entity:material:ink
entity:artifact:2:96944,usesMaterial,entity:material:paper
entity:artifact:2:96944,usesMaterial,entity:material:pigment
entity:artifact:2:96945,usesMaterial,entity:material:ink
entity:artifact:2:96945,usesMaterial,entity:material:paper
entity:artifact:2:96945,usesMaterial,entity:material:pigment
entity:artifact:2:96966,usesMaterial,entity:material:ink
entity:artifact:2:96966,usesMaterial,entity:material:paper
entity:artifact:2:96967,usesMaterial,entity:material:ink
entity:artifact:2:96967,usesMaterial,entity:material:paper
entity:artifact:2:96968,usesMaterial,entity:material:ink
entity:artifact:2:96968,usesMaterial,entity:material:paper
entity:artifact:2:96979,usesMaterial,entity:material:ink
entity:artifact:2:96979,usesMaterial,entity:material:paper
entity:artifact:2:96987,usesMaterial,entity:material:ink
entity:artifact:2:96987,usesMaterial,entity:material:paper
entity:artifact:2:96987,usesMaterial,entity:material:pigment
entity:artifact:2:96988,usesMaterial,entity:material:ink
entity:artifact:2:96988,usesMaterial,entity:material:paper
entity:artifact:2:97017,usesMaterial,entity:material:ink
entity:artifact:2:97017,usesMaterial,entity:material:paper
entity:artifact:2:97103,usesMaterial,entity:material:ink
entity:artifact:2:97103,usesMaterial,entity:material:paper
entity:artifact:2:97104,usesMaterial,entity:material:ink
entity:artifact:2:97104,usesMaterial,entity:material:paper
entity:artifact:2:97105,usesMaterial,entity:material:ink
entity:artifact:2:97105,usesMaterial,entity:material:paper
entity:artifact:2:97106,usesMaterial,entity:material:ink
entity:artifact:2:97106,usesMaterial,entity:material:paper
entity:artifact:2:97107,usesMaterial,entity:material:ink
entity:artifact:2:97107,usesMaterial,entity:material:paper
entity:artifact:2:97108,usesMaterial,entity:material:ink
entity:artifact:2:97108,usesMaterial,entity:material:paper
entity:artifact:2:97164,usesMaterial,entity:material:ink
entity:artifact:2:97164,usesMaterial,entity:material:paper
entity:artifact:2:97165,usesMaterial,entity:material:ink
entity:artifact:2:97165,usesMaterial,entity:material:paper
entity:artifact:2:97209,usesMaterial,entity:material:ink
entity:artifact:2:97209,usesMaterial,entity:material:paper
entity:artifact:2:97210,usesMaterial,entity:material:ink
entity:artifact:2:97210,usesMaterial,entity:material:paper
entity:artifact:2:97276,usesMaterial,entity:material:earthenware
entity:artifact:2:97276,usesMaterial,entity:material:metal
entity:artifact:2:97296,usesMaterial,entity:material:earthenware
entity:artifact:2:97296,usesMaterial,entity:material:pigment
entity:artifact:2:97375,usesMaterial,entity:material:ink
entity:artifact:2:97375,usesMaterial,entity:material:paper
entity:artifact:2:97376,usesMaterial,entity:material:ink
entity:artifact:2:97376,usesMaterial,entity:material:paper
entity:artifact:2:97377,usesMaterial,entity:material:ink
entity:artifact:2:97377,usesMaterial,entity:material:paper
entity:artifact:2:97379,usesMaterial,entity:material:earthenware
entity:artifact:2:97379,usesMaterial,entity:material:metal
entity:artifact:2:97380,usesMaterial,entity:material:earthenware
entity:artifact:2:97380,usesMaterial,entity:material:metal
entity:artifact:2:99543,usesMaterial,entity:material:earthenware
entity:artifact:2:99777,usesMaterial,entity:material:earthenware
entity:artifact:2:99777,usesMaterial,entity:material:iron
entity:artifact:2:99779,usesMaterial,entity:material:earthenware
entity:artifact:2:99837,usesMaterial,entity:material:earthenware
entity:artifact:2:99839,usesMaterial,entity:material:earthenware
entity:artifact:2:99839,usesMaterial,entity:material:pigment
entity:artifact:2:99841,usesMaterial,entity:material:earthenware
entity:artifact:2:99841,usesMaterial,entity:material:porcelain
entity:artifact:2:99854,usesMaterial,entity:material:earthenware
entity:artifact:2:99854,usesMaterial,entity:material:pigment
entity:artifact:2:99888,usesMaterial,entity:material:earthenware
entity:artifact:2:99889,usesMaterial,entity:material:earthenware
entity:artifact:2:99895,usesMaterial,entity:material:earthenware
entity:artifact:2:99895,usesMaterial,entity:material:pigment
entity:artifact:3:00.486,usesMaterial,entity:material:silk
entity:artifact:3:00.486,usesMaterial,entity:material:textile
entity:artifact:3:00.488,usesMaterial,entity:material:silk
entity:artifact:3:00.488,usesMaterial,entity:material:textile
entity:artifact:3:00.581,usesMaterial,entity:material:cotton
entity:artifact:3:00.581,usesMaterial,entity:material:leather
entity:artifact:3:00.581,usesMaterial,entity:material:silk
entity:artifact:3:00.581,usesMaterial,entity:material:textile
entity:artifact:3:00.613,usesMaterial,entity:material:silk
entity:artifact:3:01.5661,usesMaterial,entity:material:silk
entity:artifact:3:01.5662,usesMaterial,entity:material:silk
entity:artifact:3:01.5719,usesMaterial,entity:material:porcelain
entity:artifact:3:01.5721,usesMaterial,entity:material:porcelain
entity:artifact:3:01.5722,usesMaterial,entity:material:porcelain
entity:artifact:3:01.5726,usesMaterial,entity:material:porcelain
entity:artifact:3:01.5731,usesMaterial,entity:material:porcelain
entity:artifact:3:01.5732,usesMaterial,entity:material:porcelain
entity:artifact:3:01.5745,usesMaterial,entity:material:pigment
entity:artifact:3:01.5745,usesMaterial,entity:material:porcelain
entity:artifact:3:01.5748,usesMaterial,entity:material:porcelain
entity:artifact:3:01.5771,usesMaterial,entity:material:porcelain
entity:artifact:3:01.5772,usesMaterial,entity:material:porcelain
entity:artifact:3:01.5804,usesMaterial,entity:material:porcelain
entity:artifact:3:01.5812,usesMaterial,entity:material:porcelain
entity:artifact:3:01.6264,usesMaterial,entity:material:silk
entity:artifact:3:01.6264,usesMaterial,entity:material:textile
entity:artifact:3:01.6402,usesMaterial,entity:material:glass
entity:artifact:3:01.6720a-d,usesMaterial,entity:material:lacquer
entity:artifact:3:02.344,usesMaterial,entity:material:silk
entity:artifact:3:02.345,usesMaterial,entity:material:silk
entity:artifact:3:02.346,usesMaterial,entity:material:silk
entity:artifact:3:02.347,usesMaterial,entity:material:silk
entity:artifact:3:02.348,usesMaterial,entity:material:silk
entity:artifact:3:02.349,usesMaterial,entity:material:silk
entity:artifact:3:02.350,usesMaterial,entity:material:silk
entity:artifact:3:02.353,usesMaterial,entity:material:silk
entity:artifact:3:02.354,usesMaterial,entity:material:silk
entity:artifact:3:02.358,usesMaterial,entity:material:silk
entity:artifact:3:02.393,usesMaterial,entity:material:gold
entity:artifact:3:02.393,usesMaterial,entity:material:silk
entity:artifact:3:02.394,usesMaterial,entity:material:gold
entity:artifact:3:02.394,usesMaterial,entity:material:silk
entity:artifact:3:02.394,usesMaterial,entity:material:textile
entity:artifact:3:02.396,usesMaterial,entity:material:silk
entity:artifact:3:02.397,usesMaterial,entity:material:silk
entity:artifact:3:02.397,usesMaterial,entity:material:textile
entity:artifact:3:02.398,usesMaterial,entity:material:gold
entity:artifact:3:02.398,usesMaterial,entity:material:silk
entity:artifact:3:02.398,usesMaterial,entity:material:textile
entity:artifact:3:02.399,usesMaterial,entity:material:gold
entity:artifact:3:02.399,usesMaterial,entity:material:silk
entity:artifact:3:02.399,usesMaterial,entity:material:textile
entity:artifact:3:02.401,usesMaterial,entity:material:gold
entity:artifact:3:02.401,usesMaterial,entity:material:silk
entity:artifact:3:02.401,usesMaterial,entity:material:textile
entity:artifact:3:02.402,usesMaterial,entity:material:gold
entity:artifact:3:02.402,usesMaterial,entity:material:linen
entity:artifact:3:02.402,usesMaterial,entity:material:silk
entity:artifact:3:02.402,usesMaterial,entity:material:textile
entity:artifact:3:02.48,usesMaterial,entity:material:gold
entity:artifact:3:02.48,usesMaterial,entity:material:paper
entity:artifact:3:02.48,usesMaterial,entity:material:silk
entity:artifact:3:02.485,usesMaterial,entity:material:gold
entity:artifact:3:02.485,usesMaterial,entity:material:silk
entity:artifact:3:02.485,usesMaterial,entity:material:textile
entity:artifact:3:02.49,usesMaterial,entity:material:gold
entity:artifact:3:02.49,usesMaterial,entity:material:paper
entity:artifact:3:02.49,usesMaterial,entity:material:silk
entity:artifact:3:02.50,usesMaterial,entity:material:gold
entity:artifact:3:02.50,usesMaterial,entity:material:metal
entity:artifact:3:02.50,usesMaterial,entity:material:paper
entity:artifact:3:02.50,usesMaterial,entity:material:silk
entity:artifact:3:02.51,usesMaterial,entity:material:gold
entity:artifact:3:02.51,usesMaterial,entity:material:metal
entity:artifact:3:02.51,usesMaterial,entity:material:paper
entity:artifact:3:02.51,usesMaterial,entity:material:silk
entity:artifact:3:02.52,usesMaterial,entity:material:gold
entity:artifact:3:02.52,usesMaterial,entity:material:metal
entity:artifact:3:02.52,usesMaterial,entity:material:paper
entity:artifact:3:02.52,usesMaterial,entity:material:silk
entity:artifact:3:02.53,usesMaterial,entity:material:gold
entity:artifact:3:02.53,usesMaterial,entity:material:paper
entity:artifact:3:02.53,usesMaterial,entity:material:silk
entity:artifact:3:02.54,usesMaterial,entity:material:silk
entity:artifact:3:02.54,usesMaterial,entity:material:textile
entity:artifact:3:02.55,usesMaterial,entity:material:silk
entity:artifact:3:02.55,usesMaterial,entity:material:textile
entity:artifact:3:02.56,usesMaterial,entity:material:silk
entity:artifact:3:02.56,usesMaterial,entity:material:textile
entity:artifact:3:02.57,usesMaterial,entity:material:metal
entity:artifact:3:02.57,usesMaterial,entity:material:silk
entity:artifact:3:02.57,usesMaterial,entity:material:textile
entity:artifact:3:02.58,usesMaterial,entity:material:silk
entity:artifact:3:02.58,usesMaterial,entity:material:textile
entity:artifact:3:02.59,usesMaterial,entity:material:gold
entity:artifact:3:02.59,usesMaterial,entity:material:silk
entity:artifact:3:02.59,usesMaterial,entity:material:textile
entity:artifact:3:02.60,usesMaterial,entity:material:silk
entity:artifact:3:02.60,usesMaterial,entity:material:textile
entity:artifact:3:02.62,usesMaterial,entity:material:silk
entity:artifact:3:02.62,usesMaterial,entity:material:textile
entity:artifact:3:02.63,usesMaterial,entity:material:silk
entity:artifact:3:02.63,usesMaterial,entity:material:textile
entity:artifact:3:02.64,usesMaterial,entity:material:gold
entity:artifact:3:02.64,usesMaterial,entity:material:silk
entity:artifact:3:02.64,usesMaterial,entity:material:textile
entity:artifact:3:02.65,usesMaterial,entity:material:gold
entity:artifact:3:02.65,usesMaterial,entity:material:silk
entity:artifact:3:02.65,usesMaterial,entity:material:textile
entity:artifact:3:02.66,usesMaterial,entity:material:gold
entity:artifact:3:02.66,usesMaterial,entity:material:silk
entity:artifact:3:02.66,usesMaterial,entity:material:textile
entity:artifact:3:02.67,usesMaterial,entity:material:gold
entity:artifact:3:02.67,usesMaterial,entity:material:silk
entity:artifact:3:02.67,usesMaterial,entity:material:textile
entity:artifact:3:02.68,usesMaterial,entity:material:gold
entity:artifact:3:02.68,usesMaterial,entity:material:silk
entity:artifact:3:02.68,usesMaterial,entity:material:textile
entity:artifact:3:03.100,usesMaterial,entity:material:porcelain
entity:artifact:3:03.102,usesMaterial,entity:material:porcelain
entity:artifact:3:03.104,usesMaterial,entity:material:porcelain
entity:artifact:3:03.1046,usesMaterial,entity:material:gold
entity:artifact:3:03.1046,usesMaterial,entity:material:silk
entity:artifact:3:03.108,usesMaterial,entity:material:porcelain
entity:artifact:3:03.1157a-b,usesMaterial,entity:material:bronze
entity:artifact:3:03.119,usesMaterial,entity:material:porcelain
entity:artifact:3:03.122,usesMaterial,entity:material:porcelain
entity:artifact:3:03.146,usesMaterial,entity:material:porcelain
entity:artifact:3:03.719,usesMaterial,entity:material:silk
entity:artifact:3:03.94,usesMaterial,entity:material:porcelain
entity:artifact:3:03.99,usesMaterial,entity:material:porcelain
entity:artifact:3:04.148,usesMaterial,entity:material:ceramic
entity:artifact:3:04.1693a,usesMaterial,entity:material:gold
entity:artifact:3:04.1693a,usesMaterial,entity:material:paper
entity:artifact:3:04.1693a,usesMaterial,entity:material:silk
entity:artifact:3:04.235,usesMaterial,entity:material:cotton
entity:artifact:3:04.235,usesMaterial,entity:material:silk
entity:artifact:3:04.236,usesMaterial,entity:material:earthenware
entity:artifact:3:04.276,usesMaterial,entity:material:lacquer
entity:artifact:3:04.276,usesMaterial,entity:material:silk
entity:artifact:3:04.276,usesMaterial,entity:material:wood
entity:artifact:3:04.277,usesMaterial,entity:material:lacquer
entity:artifact:3:04.277,usesMaterial,entity:material:silk
entity:artifact:3:04.277,usesMaterial,entity:material:wood
entity:artifact:3:05.199,usesMaterial,entity:material:ink
entity:artifact:3:05.199,usesMaterial,entity:material:pigment
entity:artifact:3:05.199,usesMaterial,entity:material:silk
entity:artifact:3:05.210,usesMaterial,entity:material:ink
entity:artifact:3:05.210,usesMaterial,entity:material:pigment
entity:artifact:3:05.210,usesMaterial,entity:material:silk
entity:artifact:3:06.163a,usesMaterial,entity:material:earthenware
entity:artifact:3:06.170,usesMaterial,entity:material:bronze
entity:artifact:3:06.172,usesMaterial,entity:material:bronze
entity:artifact:3:06.173,usesMaterial,entity:material:metal
entity:artifact:3:06.179a-b,usesMaterial,entity:material:bronze
entity:artifact:3:06.1899,usesMaterial,entity:material:ink
entity:artifact:3:06.1899,usesMaterial,entity:material:pigment
entity:artifact:3:06.1899,usesMaterial,entity:material:silk
entity:artifact:3:06.1902,usesMaterial,entity:material:gold
entity:artifact:3:06.1902,usesMaterial,entity:material:ink
entity:artifact:3:06.1902,usesMaterial,entity:material:pigment
entity:artifact:3:06.1902,usesMaterial,entity:material:silk
entity:artifact:3:06.2410,usesMaterial,entity:material:silk
entity:artifact:3:06.2410,usesMaterial,entity:material:textile
entity:artifact:3:06.2443a-b,usesMaterial,entity:material:enamel
entity:artifact:3:06.2445a-c,usesMaterial,entity:material:jade
entity:artifact:3:07.11,usesMaterial,entity:material:porcelain
entity:artifact:3:07.159,usesMaterial,entity:material:bronze
entity:artifact:3:07.172,usesMaterial,entity:material:bronze
entity:artifact:3:07.203,usesMaterial,entity:material:bronze
entity:artifact:3:07.222,usesMaterial,entity:material:bronze
entity:artifact:3:07.245,usesMaterial,entity:material:bronze
entity:artifact:3:07.251,usesMaterial,entity:material:earthenware
entity:artifact:3:07.253,usesMaterial,entity:material:earthenware
entity:artifact:3:07.31,usesMaterial,entity:material:porcelain
entity:artifact:3:07.50,usesMaterial,entity:material:porcelain
entity:artifact:3:07.513,usesMaterial,entity:material:bronze
entity:artifact:3:07.66,usesMaterial,entity:material:porcelain
entity:artifact:3:07.718,usesMaterial,entity:material:stone
entity:artifact:3:07.732,usesMaterial,entity:material:stone
entity:artifact:3:07.734,usesMaterial,entity:material:stone
entity:artifact:3:07.735,usesMaterial,entity:material:stone
entity:artifact:3:07.738,usesMaterial,entity:material:stone
entity:artifact:3:07.740,usesMaterial,entity:material:stone
entity:artifact:3:07.741,usesMaterial,entity:material:stone
entity:artifact:3:07.743,usesMaterial,entity:material:stone
entity:artifact:3:07.750,usesMaterial,entity:material:stone
entity:artifact:3:07.76,usesMaterial,entity:material:porcelain
entity:artifact:3:07.832,usesMaterial,entity:material:silk
entity:artifact:3:07.850,usesMaterial,entity:material:gold
entity:artifact:3:07.850,usesMaterial,entity:material:paper
entity:artifact:3:07.850,usesMaterial,entity:material:silk
entity:artifact:3:07.879a,usesMaterial,entity:material:bronze
entity:artifact:3:08.105,usesMaterial,entity:material:ink
entity:artifact:3:08.105,usesMaterial,entity:material:pigment
entity:artifact:3:08.105,usesMaterial,entity:material:silk
entity:artifact:3:08.120,usesMaterial,entity:material:ink
entity:artifact:3:08.120,usesMaterial,entity:material:pigment
entity:artifact:3:08.120,usesMaterial,entity:material:silk
entity:artifact:3:08.121,usesMaterial,entity:material:ink
entity:artifact:3:08.121,usesMaterial,entity:material:pigment
entity:artifact:3:08.121,usesMaterial,entity:material:silk
entity:artifact:3:08.273,usesMaterial,entity:material:gold
entity:artifact:3:08.273,usesMaterial,entity:material:paper
entity:artifact:3:08.273,usesMaterial,entity:material:silk
entity:artifact:3:08.422,usesMaterial,entity:material:bronze
entity:artifact:3:08.425,usesMaterial,entity:material:bronze
entity:artifact:3:08.426,usesMaterial,entity:material:bronze
entity:artifact:3:08.68,usesMaterial,entity:material:ceramic
entity:artifact:3:11.4005,usesMaterial,entity:material:ink
entity:artifact:3:11.4005,usesMaterial,entity:material:silk
entity:artifact:3:11.4009,usesMaterial,entity:material:ink
entity:artifact:3:11.4009,usesMaterial,entity:material:pigment
entity:artifact:3:11.4009,usesMaterial,entity:material:silk
entity:artifact:3:11.6148,usesMaterial,entity:material:ink
entity:artifact:3:11.6148,usesMaterial,entity:material:pigment
entity:artifact:3:11.6148,usesMaterial,entity:material:silk
entity:artifact:3:11.6152,usesMaterial,entity:material:ink
entity:artifact:3:11.6152,usesMaterial,entity:material:silk
entity:artifact:3:11.6157,usesMaterial,entity:material:gold
entity:artifact:3:11.6157,usesMaterial,entity:material:ink
entity:artifact:3:11.6157,usesMaterial,entity:material:pigment
entity:artifact:3:11.6157,usesMaterial,entity:material:silk
entity:artifact:3:14.54,usesMaterial,entity:material:ink
entity:artifact:3:14.54,usesMaterial,entity:material:pigment
entity:artifact:3:14.54,usesMaterial,entity:material:silk
entity:artifact:3:14.76,usesMaterial,entity:material:ink
entity:artifact:3:14.76,usesMaterial,entity:material:pigment
entity:artifact:3:14.76,usesMaterial,entity:material:silk
entity:artifact:3:14.80,usesMaterial,entity:material:gold
entity:artifact:3:14.80,usesMaterial,entity:material:pigment
entity:artifact:3:14.80,usesMaterial,entity:material:silk
entity:artifact:3:15.888,usesMaterial,entity:material:ink
entity:artifact:3:15.888,usesMaterial,entity:material:pigment
entity:artifact:3:15.888,usesMaterial,entity:material:silk
entity:artifact:3:15.891,usesMaterial,entity:material:ink
entity:artifact:3:15.891,usesMaterial,entity:material:pigment
entity:artifact:3:15.891,usesMaterial,entity:material:silk
entity:artifact:3:15.896,usesMaterial,entity:material:ink
entity:artifact:3:15.896,usesMaterial,entity:material:pigment
entity:artifact:3:15.896,usesMaterial,entity:material:silk
entity:artifact:3:15.897,usesMaterial,entity:material:ink
entity:artifact:3:15.897,usesMaterial,entity:material:pigment
entity:artifact:3:15.897,usesMaterial,entity:material:silk
entity:artifact:3:17.191,usesMaterial,entity:material:ink
entity:artifact:3:17.191,usesMaterial,entity:material:pigment
entity:artifact:3:17.191,usesMaterial,entity:material:silk
entity:artifact:3:17.197,usesMaterial,entity:material:ink
entity:artifact:3:17.197,usesMaterial,entity:material:silk
entity:artifact:3:17.698,usesMaterial,entity:material:ink
entity:artifact:3:17.698,usesMaterial,entity:material:pigment
entity:artifact:3:17.698,usesMaterial,entity:material:silk
entity:artifact:3:17.746,usesMaterial,entity:material:gold
entity:artifact:3:17.746,usesMaterial,entity:material:ink
entity:artifact:3:17.746,usesMaterial,entity:material:pigment
entity:artifact:3:17.746,usesMaterial,entity:material:silk
entity:artifact:3:1973.173,usesMaterial,entity:material:ink
entity:artifact:3:1973.173,usesMaterial,entity:material:pigment
entity:artifact:3:1973.173,usesMaterial,entity:material:silk
entity:artifact:3:1974.305,usesMaterial,entity:material:ink
entity:artifact:3:1974.305,usesMaterial,entity:material:paper
entity:artifact:3:1974.528,usesMaterial,entity:material:ink
entity:artifact:3:1974.528,usesMaterial,entity:material:pigment
entity:artifact:3:1974.528,usesMaterial,entity:material:silk
entity:artifact:3:1975.314,usesMaterial,entity:material:ink
entity:artifact:3:1975.314,usesMaterial,entity:material:paper
entity:artifact:3:1975.314,usesMaterial,entity:material:pigment
entity:artifact:3:1979.203,usesMaterial,entity:material:ink
entity:artifact:3:1979.203,usesMaterial,entity:material:pigment
entity:artifact:3:1979.203,usesMaterial,entity:material:silk
entity:artifact:3:29.1155,usesMaterial,entity:material:ink
entity:artifact:3:29.1155,usesMaterial,entity:material:pigment
entity:artifact:3:29.1155,usesMaterial,entity:material:silk
entity:artifact:3:34.539,usesMaterial,entity:material:cotton
entity:artifact:3:34.539,usesMaterial,entity:material:textile
entity:artifact:3:56.257,usesMaterial,entity:material:ink
entity:artifact:3:56.257,usesMaterial,entity:material:paper
entity:artifact:3:56.257,usesMaterial,entity:material:pigment
entity:artifact:3:56.496,usesMaterial,entity:material:ink
entity:artifact:3:56.496,usesMaterial,entity:material:silk
entity:artifact:3:85.21,usesMaterial,entity:material:silk
entity:artifact:3:85.21,usesMaterial,entity:material:textile
entity:artifact:3:85.22,usesMaterial,entity:material:silk
entity:artifact:3:85.22,usesMaterial,entity:material:textile
entity:artifact:3:85.23,usesMaterial,entity:material:silk
entity:artifact:3:85.23,usesMaterial,entity:material:textile
entity:artifact:3:85.24,usesMaterial,entity:material:gold
entity:artifact:3:85.24,usesMaterial,entity:material:silk
entity:artifact:3:85.24,usesMaterial,entity:material:textile
entity:artifact:3:86.68,usesMaterial,entity:material:silk
entity:artifact:3:86.68,usesMaterial,entity:material:textile
entity:artifact:3:86.69,usesMaterial,entity:material:silk
entity:artifact:3:86.69,usesMaterial,entity:material:textile
entity:artifact:3:86.70,usesMaterial,entity:material:silk
entity:artifact:3:86.70,usesMaterial,entity:material:textile
entity:artifact:3:87.38,usesMaterial,entity:material:cotton
entity:artifact:3:87.38,usesMaterial,entity:material:silk
entity:artifact:3:87.38,usesMaterial,entity:material:textile
entity:artifact:3:92.2635,usesMaterial,entity:material:earthenware
entity:artifact:3:92.2635,usesMaterial,entity:material:porcelain
entity:artifact:3:92.2699,usesMaterial,entity:material:earthenware
entity:artifact:3:92.2707a-b,usesMaterial,entity:material:lacquer
entity:artifact:3:92.2718a-b,usesMaterial,entity:material:ivory
entity:artifact:3:92.2718a-b,usesMaterial,entity:material:shell
entity:artifact:3:92.2718a-b,usesMaterial,entity:material:silk
entity:artifact:3:92.2719,usesMaterial,entity:material:silk
entity:artifact:3:92.2721,usesMaterial,entity:material:silk
entity:artifact:3:92.2722,usesMaterial,entity:material:silk
entity:artifact:3:92.2722,usesMaterial,entity:material:textile
entity:artifact:3:92.2723,usesMaterial,entity:material:silk
entity:artifact:3:92.2723,usesMaterial,entity:material:textile
entity:artifact:3:92.2724,usesMaterial,entity:material:silk
entity:artifact:3:92.2724,usesMaterial,entity:material:textile
entity:artifact:3:92.2725,usesMaterial,entity:material:ink
entity:artifact:3:92.2725,usesMaterial,entity:material:paper
entity:artifact:3:92.2725,usesMaterial,entity:material:pigment
entity:artifact:3:92.2726,usesMaterial,entity:material:ink
entity:artifact:3:92.2726,usesMaterial,entity:material:paper
entity:artifact:3:92.2726,usesMaterial,entity:material:pigment
entity:artifact:3:92.2727,usesMaterial,entity:material:ink
entity:artifact:3:92.2727,usesMaterial,entity:material:paper
entity:artifact:3:92.2727,usesMaterial,entity:material:pigment
entity:artifact:3:92.2728,usesMaterial,entity:material:ink
entity:artifact:3:92.2728,usesMaterial,entity:material:pigment
entity:artifact:3:92.2729,usesMaterial,entity:material:ink
entity:artifact:3:92.2729,usesMaterial,entity:material:pigment
entity:artifact:3:92.2730,usesMaterial,entity:material:ink
entity:artifact:3:92.2730,usesMaterial,entity:material:pigment
entity:artifact:3:92.2731,usesMaterial,entity:material:ink
entity:artifact:3:92.2731,usesMaterial,entity:material:pigment
entity:artifact:3:92.3099,usesMaterial,entity:material:earthenware
entity:artifact:3:92.3100,usesMaterial,entity:material:earthenware
entity:artifact:3:93.1014,usesMaterial,entity:material:silk
entity:artifact:3:93.1028,usesMaterial,entity:material:silk
entity:artifact:3:93.1029,usesMaterial,entity:material:silk
entity:artifact:3:93.1029,usesMaterial,entity:material:textile
entity:artifact:3:93.1043,usesMaterial,entity:material:gold
entity:artifact:3:93.1043,usesMaterial,entity:material:paper
entity:artifact:3:93.1043,usesMaterial,entity:material:silk
entity:artifact:3:93.1044,usesMaterial,entity:material:gold
entity:artifact:3:93.1044,usesMaterial,entity:material:paper
entity:artifact:3:93.1044,usesMaterial,entity:material:silk
entity:artifact:3:93.1046,usesMaterial,entity:material:silk
entity:artifact:3:93.1086,usesMaterial,entity:material:silk
entity:artifact:3:93.1087,usesMaterial,entity:material:gold
entity:artifact:3:93.1087,usesMaterial,entity:material:silk
entity:artifact:3:93.1122,usesMaterial,entity:material:silk
entity:artifact:3:93.1122,usesMaterial,entity:material:textile
entity:artifact:3:93.1123,usesMaterial,entity:material:silk
entity:artifact:3:93.1123,usesMaterial,entity:material:textile
entity:artifact:3:93.1124,usesMaterial,entity:material:silk
entity:artifact:3:93.1124,usesMaterial,entity:material:textile
entity:artifact:3:93.1125,usesMaterial,entity:material:silk
entity:artifact:3:93.1125,usesMaterial,entity:material:textile
entity:artifact:3:93.1454,usesMaterial,entity:material:gold
entity:artifact:3:93.1454,usesMaterial,entity:material:silk
entity:artifact:3:93.1454,usesMaterial,entity:material:textile
entity:artifact:3:93.1459,usesMaterial,entity:material:earthenware
entity:artifact:3:93.1477,usesMaterial,entity:material:bronze
entity:artifact:3:93.1477,usesMaterial,entity:material:jade
entity:artifact:3:93.155a,usesMaterial,entity:material:lacquer
entity:artifact:3:95.1104,usesMaterial,entity:material:pigment
entity:artifact:3:95.1104,usesMaterial,entity:material:silk
entity:artifact:3:95.1235,usesMaterial,entity:material:silk
entity:artifact:3:95.1235,usesMaterial,entity:material:textile
entity:artifact:3:95.1320,usesMaterial,entity:material:gold
entity:artifact:3:95.1321,usesMaterial,entity:material:gold
entity:artifact:3:95.1328,usesMaterial,entity:material:gold
entity:artifact:3:95.1328,usesMaterial,entity:material:pigment
entity:artifact:3:95.1328,usesMaterial,entity:material:silk
entity:artifact:3:95.211,usesMaterial,entity:material:gold
entity:artifact:3:95.211,usesMaterial,entity:material:ink
entity:artifact:3:95.211,usesMaterial,entity:material:silk
entity:artifact:3:95.438,usesMaterial,entity:material:copper
entity:artifact:3:95.438,usesMaterial,entity:material:porcelain
entity:artifact:3:95.507,usesMaterial,entity:material:porcelain
entity:artifact:3:95.512,usesMaterial,entity:material:porcelain
entity:artifact:3:95.521,usesMaterial,entity:material:porcelain
entity:artifact:3:95.538,usesMaterial,entity:material:porcelain
entity:artifact:3:95.542,usesMaterial,entity:material:porcelain
entity:artifact:3:95.547,usesMaterial,entity:material:porcelain
entity:artifact:3:95.548,usesMaterial,entity:material:porcelain
entity:artifact:3:95.553,usesMaterial,entity:material:porcelain
entity:artifact:3:95.559,usesMaterial,entity:material:porcelain
entity:artifact:3:95.563a-b,usesMaterial,entity:material:porcelain
entity:artifact:3:95.575,usesMaterial,entity:material:porcelain
entity:artifact:3:95.577a,usesMaterial,entity:material:porcelain
entity:artifact:3:95.622,usesMaterial,entity:material:porcelain
entity:artifact:3:95.636,usesMaterial,entity:material:porcelain
entity:artifact:3:95.697,usesMaterial,entity:material:porcelain
entity:artifact:3:95.723,usesMaterial,entity:material:copper
entity:artifact:3:95.723,usesMaterial,entity:material:porcelain
entity:artifact:3:95.725,usesMaterial,entity:material:porcelain
entity:artifact:3:95.742,usesMaterial,entity:material:porcelain
entity:artifact:3:95.759,usesMaterial,entity:material:ceramic
entity:artifact:3:95.797,usesMaterial,entity:material:glass
entity:artifact:3:95.817,usesMaterial,entity:material:jade
entity:artifact:3:95.858,usesMaterial,entity:material:ivory
entity:artifact:3:96.651,usesMaterial,entity:material:metal
entity:artifact:3:96.651,usesMaterial,entity:material:silk
entity:artifact:3:96.652,usesMaterial,entity:material:gold
entity:artifact:3:96.652,usesMaterial,entity:material:paper
entity:artifact:3:96.652,usesMaterial,entity:material:silk
entity:artifact:3:96.652,usesMaterial,entity:material:textile
entity:artifact:3:96.653,usesMaterial,entity:material:gold
entity:artifact:3:96.653,usesMaterial,entity:material:silk
entity:artifact:3:96.653,usesMaterial,entity:material:textile
entity:artifact:3:96.654a-b,usesMaterial,entity:material:gold
entity:artifact:3:96.654a-b,usesMaterial,entity:material:lacquer
entity:artifact:3:97.169,usesMaterial,entity:material:silk
entity:artifact:3:97.451,usesMaterial,entity:material:gold
entity:artifact:3:97.451,usesMaterial,entity:material:paper
entity:artifact:3:97.451,usesMaterial,entity:material:silk
entity:artifact:3:97.66,usesMaterial,entity:material:textile
entity:artifact:3:98.12,usesMaterial,entity:material:earthenware
entity:artifact:3:98.208,usesMaterial,entity:material:silk
entity:artifact:3:98.209,usesMaterial,entity:material:silk
entity:artifact:3:98.210,usesMaterial,entity:material:silk
entity:artifact:3:98.948,usesMaterial,entity:material:jade
entity:artifact:3:98.955a-c,usesMaterial,entity:material:lacquer
entity:artifact:3:99.318,usesMaterial,entity:material:bronze
